ISO-10303-21;
HEADER;
/* Generated by software containing ST-Developer
 * from STEP Tools, Inc. (www.steptools.com) 
 */

FILE_DESCRIPTION(
/* description */ (''),
/* implementation_level */ '2;1');

FILE_NAME(
/* name */ 'Aufbau.stp',
/* time_stamp */ '2026-07-17T09:28:06+02:00',
/* author */ ('PascalHelfenstein'),
/* organization */ (''),
/* preprocessor_version */ 'ST-DEVELOPER v20.1',
/* originating_system */ 'Autodesk Inventor 2027',
/* authorisation */ '');

FILE_SCHEMA (('AUTOMOTIVE_DESIGN { 1 0 10303 214 3 1 1 }'));
ENDSEC;

DATA;
#10=MECHANICAL_DESIGN_GEOMETRIC_PRESENTATION_REPRESENTATION('',(#13),#3866);
#11=SHAPE_REPRESENTATION_RELATIONSHIP('SRR','None',#3873,#12);
#12=ADVANCED_BREP_SHAPE_REPRESENTATION('',(#14),#3865);
#13=STYLED_ITEM('',(#3882),#14);
#14=MANIFOLD_SOLID_BREP('Volumenk\X\F6rper2',#2228);
#15=TOROIDAL_SURFACE('',#2351,5.,1.);
#16=TOROIDAL_SURFACE('',#2357,5.,1.);
#17=TOROIDAL_SURFACE('',#2360,3.,1.);
#18=TOROIDAL_SURFACE('',#2365,5.,1.);
#19=TOROIDAL_SURFACE('',#2370,5.,1.);
#20=TOROIDAL_SURFACE('',#2373,3.,1.);
#21=TOROIDAL_SURFACE('',#2378,5.,1.);
#22=TOROIDAL_SURFACE('',#2383,5.,1.);
#23=TOROIDAL_SURFACE('',#2386,3.,1.);
#24=TOROIDAL_SURFACE('',#2390,5.,1.);
#25=TOROIDAL_SURFACE('',#2395,5.,1.);
#26=TOROIDAL_SURFACE('',#2398,3.,1.);
#27=CYLINDRICAL_SURFACE('',#2293,2.);
#28=CYLINDRICAL_SURFACE('',#2298,2.);
#29=CYLINDRICAL_SURFACE('',#2341,2.);
#30=CYLINDRICAL_SURFACE('',#2345,2.);
#31=CYLINDRICAL_SURFACE('',#2349,2.);
#32=CYLINDRICAL_SURFACE('',#2355,1.);
#33=CYLINDRICAL_SURFACE('',#2368,1.);
#34=CYLINDRICAL_SURFACE('',#2381,1.);
#35=CYLINDRICAL_SURFACE('',#2393,1.);
#36=CYLINDRICAL_SURFACE('',#2402,4.);
#37=CYLINDRICAL_SURFACE('',#2403,4.);
#38=CYLINDRICAL_SURFACE('',#2404,4.);
#39=CYLINDRICAL_SURFACE('',#2406,4.);
#40=CYLINDRICAL_SURFACE('',#2407,4.);
#41=CYLINDRICAL_SURFACE('',#2408,4.);
#42=CYLINDRICAL_SURFACE('',#2409,4.);
#43=CYLINDRICAL_SURFACE('',#2411,4.);
#44=CYLINDRICAL_SURFACE('',#2412,4.);
#45=CYLINDRICAL_SURFACE('',#2414,4.);
#46=CYLINDRICAL_SURFACE('',#2415,4.);
#47=CYLINDRICAL_SURFACE('',#2416,4.);
#48=CYLINDRICAL_SURFACE('',#2421,1.75);
#49=CYLINDRICAL_SURFACE('',#2426,1.75);
#50=CYLINDRICAL_SURFACE('',#2431,1.75);
#51=CYLINDRICAL_SURFACE('',#2436,1.75);
#52=CYLINDRICAL_SURFACE('',#2437,3.5);
#53=CYLINDRICAL_SURFACE('',#2440,3.5);
#54=CYLINDRICAL_SURFACE('',#2443,3.5);
#55=CYLINDRICAL_SURFACE('',#2447,1.);
#56=CYLINDRICAL_SURFACE('',#2451,1.);
#57=CYLINDRICAL_SURFACE('',#2453,1.);
#58=CYLINDRICAL_SURFACE('',#2455,1.);
#59=CYLINDRICAL_SURFACE('',#2458,1.);
#60=CYLINDRICAL_SURFACE('',#2462,1.00000000000001);
#61=CYLINDRICAL_SURFACE('',#2464,1.00000000000001);
#62=CYLINDRICAL_SURFACE('',#2466,0.999999999999996);
#63=CYLINDRICAL_SURFACE('',#2468,0.999999999999996);
#64=CYLINDRICAL_SURFACE('',#2472,1.);
#65=CYLINDRICAL_SURFACE('',#2474,1.);
#66=CYLINDRICAL_SURFACE('',#2477,1.00000000000001);
#67=CYLINDRICAL_SURFACE('',#2479,1.00000000000001);
#68=CYLINDRICAL_SURFACE('',#2481,1.00000000000001);
#69=CYLINDRICAL_SURFACE('',#2483,1.00000000000001);
#70=CYLINDRICAL_SURFACE('',#2487,0.999999999999992);
#71=CYLINDRICAL_SURFACE('',#2489,0.999999999999992);
#72=CYLINDRICAL_SURFACE('',#2491,0.999999999999988);
#73=CYLINDRICAL_SURFACE('',#2493,0.999999999999992);
#74=CYLINDRICAL_SURFACE('',#2505,3.);
#75=CYLINDRICAL_SURFACE('',#2506,3.);
#76=CYLINDRICAL_SURFACE('',#2507,3.);
#77=CYLINDRICAL_SURFACE('',#2508,3.);
#78=FACE_BOUND('',#273,.T.);
#79=FACE_BOUND('',#274,.T.);
#80=FACE_BOUND('',#275,.T.);
#81=FACE_BOUND('',#276,.T.);
#82=FACE_BOUND('',#277,.T.);
#83=FACE_BOUND('',#278,.T.);
#84=FACE_BOUND('',#279,.T.);
#85=FACE_BOUND('',#280,.T.);
#86=FACE_BOUND('',#281,.T.);
#87=FACE_BOUND('',#287,.T.);
#88=FACE_BOUND('',#288,.T.);
#89=FACE_BOUND('',#289,.T.);
#90=FACE_BOUND('',#290,.T.);
#91=FACE_BOUND('',#291,.T.);
#92=FACE_BOUND('',#292,.T.);
#93=FACE_BOUND('',#293,.T.);
#94=FACE_BOUND('',#294,.T.);
#95=FACE_BOUND('',#295,.T.);
#96=FACE_BOUND('',#296,.T.);
#97=FACE_BOUND('',#297,.T.);
#98=FACE_BOUND('',#345,.T.);
#99=FACE_BOUND('',#348,.T.);
#100=FACE_BOUND('',#351,.T.);
#101=PLANE('',#2255);
#102=PLANE('',#2303);
#103=PLANE('',#2401);
#104=PLANE('',#2405);
#105=PLANE('',#2410);
#106=PLANE('',#2413);
#107=PLANE('',#2439);
#108=PLANE('',#2442);
#109=PLANE('',#2445);
#110=PLANE('',#2446);
#111=PLANE('',#2448);
#112=PLANE('',#2449);
#113=PLANE('',#2450);
#114=PLANE('',#2452);
#115=PLANE('',#2454);
#116=PLANE('',#2456);
#117=PLANE('',#2457);
#118=PLANE('',#2459);
#119=PLANE('',#2460);
#120=PLANE('',#2461);
#121=PLANE('',#2463);
#122=PLANE('',#2465);
#123=PLANE('',#2467);
#124=PLANE('',#2469);
#125=PLANE('',#2470);
#126=PLANE('',#2471);
#127=PLANE('',#2473);
#128=PLANE('',#2475);
#129=PLANE('',#2476);
#130=PLANE('',#2478);
#131=PLANE('',#2480);
#132=PLANE('',#2482);
#133=PLANE('',#2484);
#134=PLANE('',#2485);
#135=PLANE('',#2486);
#136=PLANE('',#2488);
#137=PLANE('',#2490);
#138=PLANE('',#2492);
#139=PLANE('',#2494);
#140=PLANE('',#2495);
#141=PLANE('',#2496);
#142=PLANE('',#2497);
#143=PLANE('',#2498);
#144=PLANE('',#2499);
#145=PLANE('',#2500);
#146=PLANE('',#2501);
#147=PLANE('',#2502);
#148=PLANE('',#2503);
#149=PLANE('',#2504);
#150=FACE_OUTER_BOUND('',#271,.T.);
#151=FACE_OUTER_BOUND('',#272,.T.);
#152=FACE_OUTER_BOUND('',#282,.T.);
#153=FACE_OUTER_BOUND('',#283,.T.);
#154=FACE_OUTER_BOUND('',#284,.T.);
#155=FACE_OUTER_BOUND('',#285,.T.);
#156=FACE_OUTER_BOUND('',#286,.T.);
#157=FACE_OUTER_BOUND('',#298,.T.);
#158=FACE_OUTER_BOUND('',#299,.T.);
#159=FACE_OUTER_BOUND('',#300,.T.);
#160=FACE_OUTER_BOUND('',#301,.T.);
#161=FACE_OUTER_BOUND('',#302,.T.);
#162=FACE_OUTER_BOUND('',#303,.T.);
#163=FACE_OUTER_BOUND('',#304,.T.);
#164=FACE_OUTER_BOUND('',#305,.T.);
#165=FACE_OUTER_BOUND('',#306,.T.);
#166=FACE_OUTER_BOUND('',#307,.T.);
#167=FACE_OUTER_BOUND('',#308,.T.);
#168=FACE_OUTER_BOUND('',#309,.T.);
#169=FACE_OUTER_BOUND('',#310,.T.);
#170=FACE_OUTER_BOUND('',#311,.T.);
#171=FACE_OUTER_BOUND('',#312,.T.);
#172=FACE_OUTER_BOUND('',#313,.T.);
#173=FACE_OUTER_BOUND('',#314,.T.);
#174=FACE_OUTER_BOUND('',#315,.T.);
#175=FACE_OUTER_BOUND('',#316,.T.);
#176=FACE_OUTER_BOUND('',#317,.T.);
#177=FACE_OUTER_BOUND('',#318,.T.);
#178=FACE_OUTER_BOUND('',#319,.T.);
#179=FACE_OUTER_BOUND('',#320,.T.);
#180=FACE_OUTER_BOUND('',#321,.T.);
#181=FACE_OUTER_BOUND('',#322,.T.);
#182=FACE_OUTER_BOUND('',#323,.T.);
#183=FACE_OUTER_BOUND('',#324,.T.);
#184=FACE_OUTER_BOUND('',#325,.T.);
#185=FACE_OUTER_BOUND('',#326,.T.);
#186=FACE_OUTER_BOUND('',#327,.T.);
#187=FACE_OUTER_BOUND('',#328,.T.);
#188=FACE_OUTER_BOUND('',#329,.T.);
#189=FACE_OUTER_BOUND('',#330,.T.);
#190=FACE_OUTER_BOUND('',#331,.T.);
#191=FACE_OUTER_BOUND('',#332,.T.);
#192=FACE_OUTER_BOUND('',#333,.T.);
#193=FACE_OUTER_BOUND('',#334,.T.);
#194=FACE_OUTER_BOUND('',#335,.T.);
#195=FACE_OUTER_BOUND('',#336,.T.);
#196=FACE_OUTER_BOUND('',#337,.T.);
#197=FACE_OUTER_BOUND('',#338,.T.);
#198=FACE_OUTER_BOUND('',#339,.T.);
#199=FACE_OUTER_BOUND('',#340,.T.);
#200=FACE_OUTER_BOUND('',#341,.T.);
#201=FACE_OUTER_BOUND('',#342,.T.);
#202=FACE_OUTER_BOUND('',#343,.T.);
#203=FACE_OUTER_BOUND('',#344,.T.);
#204=FACE_OUTER_BOUND('',#346,.T.);
#205=FACE_OUTER_BOUND('',#347,.T.);
#206=FACE_OUTER_BOUND('',#349,.T.);
#207=FACE_OUTER_BOUND('',#350,.T.);
#208=FACE_OUTER_BOUND('',#352,.T.);
#209=FACE_OUTER_BOUND('',#353,.T.);
#210=FACE_OUTER_BOUND('',#354,.T.);
#211=FACE_OUTER_BOUND('',#355,.T.);
#212=FACE_OUTER_BOUND('',#356,.T.);
#213=FACE_OUTER_BOUND('',#357,.T.);
#214=FACE_OUTER_BOUND('',#358,.T.);
#215=FACE_OUTER_BOUND('',#359,.T.);
#216=FACE_OUTER_BOUND('',#360,.T.);
#217=FACE_OUTER_BOUND('',#361,.T.);
#218=FACE_OUTER_BOUND('',#362,.T.);
#219=FACE_OUTER_BOUND('',#363,.T.);
#220=FACE_OUTER_BOUND('',#364,.T.);
#221=FACE_OUTER_BOUND('',#365,.T.);
#222=FACE_OUTER_BOUND('',#366,.T.);
#223=FACE_OUTER_BOUND('',#367,.T.);
#224=FACE_OUTER_BOUND('',#368,.T.);
#225=FACE_OUTER_BOUND('',#369,.T.);
#226=FACE_OUTER_BOUND('',#370,.T.);
#227=FACE_OUTER_BOUND('',#371,.T.);
#228=FACE_OUTER_BOUND('',#372,.T.);
#229=FACE_OUTER_BOUND('',#373,.T.);
#230=FACE_OUTER_BOUND('',#374,.T.);
#231=FACE_OUTER_BOUND('',#375,.T.);
#232=FACE_OUTER_BOUND('',#376,.T.);
#233=FACE_OUTER_BOUND('',#377,.T.);
#234=FACE_OUTER_BOUND('',#378,.T.);
#235=FACE_OUTER_BOUND('',#379,.T.);
#236=FACE_OUTER_BOUND('',#380,.T.);
#237=FACE_OUTER_BOUND('',#381,.T.);
#238=FACE_OUTER_BOUND('',#382,.T.);
#239=FACE_OUTER_BOUND('',#383,.T.);
#240=FACE_OUTER_BOUND('',#384,.T.);
#241=FACE_OUTER_BOUND('',#385,.T.);
#242=FACE_OUTER_BOUND('',#386,.T.);
#243=FACE_OUTER_BOUND('',#387,.T.);
#244=FACE_OUTER_BOUND('',#388,.T.);
#245=FACE_OUTER_BOUND('',#389,.T.);
#246=FACE_OUTER_BOUND('',#390,.T.);
#247=FACE_OUTER_BOUND('',#391,.T.);
#248=FACE_OUTER_BOUND('',#392,.T.);
#249=FACE_OUTER_BOUND('',#393,.T.);
#250=FACE_OUTER_BOUND('',#394,.T.);
#251=FACE_OUTER_BOUND('',#395,.T.);
#252=FACE_OUTER_BOUND('',#396,.T.);
#253=FACE_OUTER_BOUND('',#397,.T.);
#254=FACE_OUTER_BOUND('',#398,.T.);
#255=FACE_OUTER_BOUND('',#399,.T.);
#256=FACE_OUTER_BOUND('',#400,.T.);
#257=FACE_OUTER_BOUND('',#401,.T.);
#258=FACE_OUTER_BOUND('',#402,.T.);
#259=FACE_OUTER_BOUND('',#403,.T.);
#260=FACE_OUTER_BOUND('',#404,.T.);
#261=FACE_OUTER_BOUND('',#405,.T.);
#262=FACE_OUTER_BOUND('',#406,.T.);
#263=FACE_OUTER_BOUND('',#407,.T.);
#264=FACE_OUTER_BOUND('',#408,.T.);
#265=FACE_OUTER_BOUND('',#409,.T.);
#266=FACE_OUTER_BOUND('',#410,.T.);
#267=FACE_OUTER_BOUND('',#411,.T.);
#268=FACE_OUTER_BOUND('',#412,.T.);
#269=FACE_OUTER_BOUND('',#413,.T.);
#270=FACE_OUTER_BOUND('',#414,.T.);
#271=EDGE_LOOP('',(#1452,#1453,#1454,#1455,#1456));
#272=EDGE_LOOP('',(#1457,#1458,#1459,#1460,#1461,#1462,#1463,#1464,#1465,
#1466,#1467,#1468,#1469,#1470,#1471,#1472,#1473,#1474));
#273=EDGE_LOOP('',(#1475));
#274=EDGE_LOOP('',(#1476));
#275=EDGE_LOOP('',(#1477));
#276=EDGE_LOOP('',(#1478));
#277=EDGE_LOOP('',(#1479,#1480,#1481,#1482,#1483,#1484,#1485,#1486,#1487,
#1488,#1489,#1490,#1491,#1492,#1493,#1494,#1495,#1496,#1497,#1498,#1499,
#1500,#1501,#1502,#1503,#1504,#1505,#1506,#1507));
#278=EDGE_LOOP('',(#1508,#1509,#1510,#1511,#1512,#1513,#1514,#1515,#1516,
#1517,#1518,#1519,#1520,#1521,#1522,#1523,#1524,#1525,#1526,#1527));
#279=EDGE_LOOP('',(#1528,#1529,#1530,#1531));
#280=EDGE_LOOP('',(#1532,#1533,#1534,#1535));
#281=EDGE_LOOP('',(#1536));
#282=EDGE_LOOP('',(#1537,#1538,#1539,#1540,#1541));
#283=EDGE_LOOP('',(#1542,#1543,#1544,#1545,#1546));
#284=EDGE_LOOP('',(#1547,#1548,#1549,#1550,#1551));
#285=EDGE_LOOP('',(#1552,#1553,#1554,#1555));
#286=EDGE_LOOP('',(#1556,#1557,#1558,#1559,#1560,#1561,#1562,#1563,#1564,
#1565,#1566,#1567,#1568,#1569,#1570,#1571));
#287=EDGE_LOOP('',(#1572));
#288=EDGE_LOOP('',(#1573));
#289=EDGE_LOOP('',(#1574));
#290=EDGE_LOOP('',(#1575));
#291=EDGE_LOOP('',(#1576));
#292=EDGE_LOOP('',(#1577));
#293=EDGE_LOOP('',(#1578,#1579,#1580,#1581,#1582,#1583,#1584,#1585,#1586,
#1587,#1588,#1589,#1590,#1591,#1592,#1593,#1594,#1595,#1596,#1597));
#294=EDGE_LOOP('',(#1598));
#295=EDGE_LOOP('',(#1599,#1600,#1601,#1602,#1603,#1604,#1605,#1606,#1607,
#1608,#1609,#1610,#1611,#1612,#1613,#1614,#1615,#1616,#1617,#1618,#1619,
#1620,#1621,#1622,#1623,#1624,#1625,#1626,#1627));
#296=EDGE_LOOP('',(#1628));
#297=EDGE_LOOP('',(#1629));
#298=EDGE_LOOP('',(#1630,#1631,#1632,#1633));
#299=EDGE_LOOP('',(#1634,#1635,#1636,#1637));
#300=EDGE_LOOP('',(#1638,#1639,#1640,#1641));
#301=EDGE_LOOP('',(#1642,#1643,#1644,#1645));
#302=EDGE_LOOP('',(#1646,#1647,#1648,#1649));
#303=EDGE_LOOP('',(#1650,#1651,#1652,#1653));
#304=EDGE_LOOP('',(#1654,#1655,#1656,#1657));
#305=EDGE_LOOP('',(#1658,#1659,#1660,#1661));
#306=EDGE_LOOP('',(#1662,#1663,#1664,#1665,#1666));
#307=EDGE_LOOP('',(#1667,#1668,#1669,#1670));
#308=EDGE_LOOP('',(#1671,#1672,#1673,#1674));
#309=EDGE_LOOP('',(#1675,#1676,#1677,#1678));
#310=EDGE_LOOP('',(#1679,#1680,#1681,#1682,#1683));
#311=EDGE_LOOP('',(#1684,#1685,#1686,#1687));
#312=EDGE_LOOP('',(#1688,#1689,#1690,#1691));
#313=EDGE_LOOP('',(#1692,#1693,#1694,#1695));
#314=EDGE_LOOP('',(#1696,#1697,#1698,#1699));
#315=EDGE_LOOP('',(#1700,#1701,#1702,#1703));
#316=EDGE_LOOP('',(#1704,#1705,#1706,#1707));
#317=EDGE_LOOP('',(#1708,#1709,#1710,#1711));
#318=EDGE_LOOP('',(#1712,#1713,#1714,#1715));
#319=EDGE_LOOP('',(#1716,#1717,#1718,#1719));
#320=EDGE_LOOP('',(#1720,#1721,#1722,#1723));
#321=EDGE_LOOP('',(#1724,#1725,#1726,#1727));
#322=EDGE_LOOP('',(#1728,#1729,#1730,#1731));
#323=EDGE_LOOP('',(#1732,#1733,#1734,#1735));
#324=EDGE_LOOP('',(#1736,#1737,#1738,#1739));
#325=EDGE_LOOP('',(#1740,#1741,#1742,#1743));
#326=EDGE_LOOP('',(#1744,#1745,#1746,#1747));
#327=EDGE_LOOP('',(#1748,#1749,#1750,#1751));
#328=EDGE_LOOP('',(#1752,#1753,#1754,#1755));
#329=EDGE_LOOP('',(#1756,#1757,#1758,#1759));
#330=EDGE_LOOP('',(#1760,#1761,#1762,#1763));
#331=EDGE_LOOP('',(#1764,#1765,#1766,#1767));
#332=EDGE_LOOP('',(#1768,#1769,#1770,#1771));
#333=EDGE_LOOP('',(#1772,#1773,#1774,#1775));
#334=EDGE_LOOP('',(#1776,#1777,#1778,#1779));
#335=EDGE_LOOP('',(#1780,#1781,#1782,#1783,#1784));
#336=EDGE_LOOP('',(#1785,#1786,#1787,#1788));
#337=EDGE_LOOP('',(#1789,#1790,#1791,#1792,#1793));
#338=EDGE_LOOP('',(#1794,#1795,#1796,#1797));
#339=EDGE_LOOP('',(#1798,#1799,#1800,#1801,#1802));
#340=EDGE_LOOP('',(#1803,#1804,#1805,#1806));
#341=EDGE_LOOP('',(#1807,#1808,#1809,#1810,#1811));
#342=EDGE_LOOP('',(#1812,#1813,#1814,#1815));
#343=EDGE_LOOP('',(#1816,#1817,#1818,#1819));
#344=EDGE_LOOP('',(#1820));
#345=EDGE_LOOP('',(#1821));
#346=EDGE_LOOP('',(#1822,#1823,#1824,#1825));
#347=EDGE_LOOP('',(#1826));
#348=EDGE_LOOP('',(#1827));
#349=EDGE_LOOP('',(#1828,#1829,#1830,#1831));
#350=EDGE_LOOP('',(#1832));
#351=EDGE_LOOP('',(#1833));
#352=EDGE_LOOP('',(#1834,#1835,#1836,#1837));
#353=EDGE_LOOP('',(#1838,#1839,#1840,#1841));
#354=EDGE_LOOP('',(#1842,#1843,#1844,#1845));
#355=EDGE_LOOP('',(#1846,#1847,#1848,#1849));
#356=EDGE_LOOP('',(#1850,#1851,#1852,#1853));
#357=EDGE_LOOP('',(#1854,#1855,#1856,#1857));
#358=EDGE_LOOP('',(#1858,#1859,#1860,#1861));
#359=EDGE_LOOP('',(#1862,#1863,#1864,#1865));
#360=EDGE_LOOP('',(#1866,#1867,#1868,#1869));
#361=EDGE_LOOP('',(#1870,#1871,#1872,#1873));
#362=EDGE_LOOP('',(#1874,#1875,#1876,#1877));
#363=EDGE_LOOP('',(#1878,#1879,#1880,#1881));
#364=EDGE_LOOP('',(#1882,#1883,#1884,#1885));
#365=EDGE_LOOP('',(#1886,#1887,#1888,#1889));
#366=EDGE_LOOP('',(#1890,#1891,#1892,#1893));
#367=EDGE_LOOP('',(#1894,#1895,#1896,#1897));
#368=EDGE_LOOP('',(#1898,#1899,#1900,#1901));
#369=EDGE_LOOP('',(#1902,#1903,#1904,#1905));
#370=EDGE_LOOP('',(#1906,#1907,#1908,#1909));
#371=EDGE_LOOP('',(#1910,#1911,#1912,#1913));
#372=EDGE_LOOP('',(#1914,#1915,#1916,#1917));
#373=EDGE_LOOP('',(#1918,#1919,#1920,#1921));
#374=EDGE_LOOP('',(#1922,#1923,#1924,#1925));
#375=EDGE_LOOP('',(#1926,#1927,#1928,#1929));
#376=EDGE_LOOP('',(#1930,#1931,#1932,#1933));
#377=EDGE_LOOP('',(#1934,#1935,#1936,#1937));
#378=EDGE_LOOP('',(#1938,#1939,#1940,#1941));
#379=EDGE_LOOP('',(#1942,#1943,#1944,#1945));
#380=EDGE_LOOP('',(#1946,#1947,#1948,#1949));
#381=EDGE_LOOP('',(#1950,#1951,#1952,#1953));
#382=EDGE_LOOP('',(#1954,#1955,#1956,#1957));
#383=EDGE_LOOP('',(#1958,#1959,#1960,#1961));
#384=EDGE_LOOP('',(#1962,#1963,#1964,#1965));
#385=EDGE_LOOP('',(#1966,#1967,#1968,#1969));
#386=EDGE_LOOP('',(#1970,#1971,#1972,#1973));
#387=EDGE_LOOP('',(#1974,#1975,#1976,#1977));
#388=EDGE_LOOP('',(#1978,#1979,#1980,#1981));
#389=EDGE_LOOP('',(#1982,#1983,#1984,#1985));
#390=EDGE_LOOP('',(#1986,#1987,#1988,#1989));
#391=EDGE_LOOP('',(#1990,#1991,#1992,#1993));
#392=EDGE_LOOP('',(#1994,#1995,#1996,#1997));
#393=EDGE_LOOP('',(#1998,#1999,#2000,#2001));
#394=EDGE_LOOP('',(#2002,#2003,#2004,#2005));
#395=EDGE_LOOP('',(#2006,#2007,#2008,#2009));
#396=EDGE_LOOP('',(#2010,#2011,#2012,#2013));
#397=EDGE_LOOP('',(#2014,#2015,#2016,#2017));
#398=EDGE_LOOP('',(#2018,#2019,#2020,#2021));
#399=EDGE_LOOP('',(#2022,#2023,#2024,#2025));
#400=EDGE_LOOP('',(#2026,#2027,#2028,#2029));
#401=EDGE_LOOP('',(#2030,#2031,#2032,#2033));
#402=EDGE_LOOP('',(#2034,#2035,#2036,#2037));
#403=EDGE_LOOP('',(#2038,#2039,#2040,#2041));
#404=EDGE_LOOP('',(#2042,#2043,#2044,#2045));
#405=EDGE_LOOP('',(#2046,#2047,#2048,#2049));
#406=EDGE_LOOP('',(#2050,#2051,#2052,#2053));
#407=EDGE_LOOP('',(#2054,#2055,#2056,#2057));
#408=EDGE_LOOP('',(#2058,#2059,#2060,#2061));
#409=EDGE_LOOP('',(#2062,#2063,#2064,#2065));
#410=EDGE_LOOP('',(#2066,#2067,#2068,#2069));
#411=EDGE_LOOP('',(#2070,#2071,#2072,#2073,#2074,#2075,#2076));
#412=EDGE_LOOP('',(#2077,#2078,#2079,#2080,#2081,#2082,#2083));
#413=EDGE_LOOP('',(#2084,#2085,#2086,#2087,#2088,#2089,#2090));
#414=EDGE_LOOP('',(#2091,#2092,#2093,#2094,#2095,#2096,#2097));
#415=LINE('',#3218,#601);
#416=LINE('',#3231,#602);
#417=LINE('',#3239,#603);
#418=LINE('',#3249,#604);
#419=LINE('',#3258,#605);
#420=LINE('',#3269,#606);
#421=LINE('',#3271,#607);
#422=LINE('',#3275,#608);
#423=LINE('',#3277,#609);
#424=LINE('',#3281,#610);
#425=LINE('',#3285,#611);
#426=LINE('',#3289,#612);
#427=LINE('',#3291,#613);
#428=LINE('',#3293,#614);
#429=LINE('',#3297,#615);
#430=LINE('',#3301,#616);
#431=LINE('',#3305,#617);
#432=LINE('',#3307,#618);
#433=LINE('',#3309,#619);
#434=LINE('',#3313,#620);
#435=LINE('',#3317,#621);
#436=LINE('',#3321,#622);
#437=LINE('',#3324,#623);
#438=LINE('',#3327,#624);
#439=LINE('',#3329,#625);
#440=LINE('',#3333,#626);
#441=LINE('',#3337,#627);
#442=LINE('',#3341,#628);
#443=LINE('',#3345,#629);
#444=LINE('',#3347,#630);
#445=LINE('',#3349,#631);
#446=LINE('',#3353,#632);
#447=LINE('',#3357,#633);
#448=LINE('',#3361,#634);
#449=LINE('',#3364,#635);
#450=LINE('',#3367,#636);
#451=LINE('',#3369,#637);
#452=LINE('',#3371,#638);
#453=LINE('',#3372,#639);
#454=LINE('',#3375,#640);
#455=LINE('',#3377,#641);
#456=LINE('',#3379,#642);
#457=LINE('',#3380,#643);
#458=LINE('',#3383,#644);
#459=LINE('',#3387,#645);
#460=LINE('',#3393,#646);
#461=LINE('',#3399,#647);
#462=LINE('',#3404,#648);
#463=LINE('',#3412,#649);
#464=LINE('',#3420,#650);
#465=LINE('',#3428,#651);
#466=LINE('',#3446,#652);
#467=LINE('',#3448,#653);
#468=LINE('',#3452,#654);
#469=LINE('',#3456,#655);
#470=LINE('',#3460,#656);
#471=LINE('',#3464,#657);
#472=LINE('',#3466,#658);
#473=LINE('',#3468,#659);
#474=LINE('',#3472,#660);
#475=LINE('',#3476,#661);
#476=LINE('',#3480,#662);
#477=LINE('',#3483,#663);
#478=LINE('',#3486,#664);
#479=LINE('',#3488,#665);
#480=LINE('',#3492,#666);
#481=LINE('',#3496,#667);
#482=LINE('',#3500,#668);
#483=LINE('',#3504,#669);
#484=LINE('',#3506,#670);
#485=LINE('',#3508,#671);
#486=LINE('',#3512,#672);
#487=LINE('',#3516,#673);
#488=LINE('',#3520,#674);
#489=LINE('',#3522,#675);
#490=LINE('',#3524,#676);
#491=LINE('',#3528,#677);
#492=LINE('',#3532,#678);
#493=LINE('',#3536,#679);
#494=LINE('',#3538,#680);
#495=LINE('',#3541,#681);
#496=LINE('',#3547,#682);
#497=LINE('',#3550,#683);
#498=LINE('',#3555,#684);
#499=LINE('',#3558,#685);
#500=LINE('',#3563,#686);
#501=LINE('',#3573,#687);
#502=LINE('',#3592,#688);
#503=LINE('',#3611,#689);
#504=LINE('',#3628,#690);
#505=LINE('',#3637,#691);
#506=LINE('',#3638,#692);
#507=LINE('',#3640,#693);
#508=LINE('',#3642,#694);
#509=LINE('',#3644,#695);
#510=LINE('',#3646,#696);
#511=LINE('',#3648,#697);
#512=LINE('',#3650,#698);
#513=LINE('',#3652,#699);
#514=LINE('',#3654,#700);
#515=LINE('',#3655,#701);
#516=LINE('',#3657,#702);
#517=LINE('',#3659,#703);
#518=LINE('',#3660,#704);
#519=LINE('',#3664,#705);
#520=LINE('',#3666,#706);
#521=LINE('',#3672,#707);
#522=LINE('',#3677,#708);
#523=LINE('',#3682,#709);
#524=LINE('',#3687,#710);
#525=LINE('',#3692,#711);
#526=LINE('',#3697,#712);
#527=LINE('',#3702,#713);
#528=LINE('',#3707,#714);
#529=LINE('',#3711,#715);
#530=LINE('',#3716,#716);
#531=LINE('',#3721,#717);
#532=LINE('',#3724,#718);
#533=LINE('',#3725,#719);
#534=LINE('',#3727,#720);
#535=LINE('',#3729,#721);
#536=LINE('',#3731,#722);
#537=LINE('',#3733,#723);
#538=LINE('',#3735,#724);
#539=LINE('',#3737,#725);
#540=LINE('',#3739,#726);
#541=LINE('',#3741,#727);
#542=LINE('',#3743,#728);
#543=LINE('',#3745,#729);
#544=LINE('',#3747,#730);
#545=LINE('',#3749,#731);
#546=LINE('',#3751,#732);
#547=LINE('',#3753,#733);
#548=LINE('',#3755,#734);
#549=LINE('',#3757,#735);
#550=LINE('',#3759,#736);
#551=LINE('',#3761,#737);
#552=LINE('',#3763,#738);
#553=LINE('',#3765,#739);
#554=LINE('',#3767,#740);
#555=LINE('',#3769,#741);
#556=LINE('',#3771,#742);
#557=LINE('',#3773,#743);
#558=LINE('',#3775,#744);
#559=LINE('',#3777,#745);
#560=LINE('',#3779,#746);
#561=LINE('',#3782,#747);
#562=LINE('',#3783,#748);
#563=LINE('',#3785,#749);
#564=LINE('',#3787,#750);
#565=LINE('',#3789,#751);
#566=LINE('',#3791,#752);
#567=LINE('',#3793,#753);
#568=LINE('',#3795,#754);
#569=LINE('',#3797,#755);
#570=LINE('',#3799,#756);
#571=LINE('',#3801,#757);
#572=LINE('',#3803,#758);
#573=LINE('',#3805,#759);
#574=LINE('',#3807,#760);
#575=LINE('',#3809,#761);
#576=LINE('',#3811,#762);
#577=LINE('',#3813,#763);
#578=LINE('',#3815,#764);
#579=LINE('',#3817,#765);
#580=LINE('',#3819,#766);
#581=LINE('',#3823,#767);
#582=LINE('',#3825,#768);
#583=LINE('',#3826,#769);
#584=LINE('',#3829,#770);
#585=LINE('',#3830,#771);
#586=LINE('',#3833,#772);
#587=LINE('',#3834,#773);
#588=LINE('',#3836,#774);
#589=LINE('',#3840,#775);
#590=LINE('',#3842,#776);
#591=LINE('',#3843,#777);
#592=LINE('',#3846,#778);
#593=LINE('',#3847,#779);
#594=LINE('',#3850,#780);
#595=LINE('',#3851,#781);
#596=LINE('',#3853,#782);
#597=LINE('',#3856,#783);
#598=LINE('',#3858,#784);
#599=LINE('',#3860,#785);
#600=LINE('',#3862,#786);
#601=VECTOR('',#2515,2.5);
#602=VECTOR('',#2528,10.);
#603=VECTOR('',#2535,10.);
#604=VECTOR('',#2544,10.);
#605=VECTOR('',#2553,10.);
#606=VECTOR('',#2562,10.);
#607=VECTOR('',#2563,10.);
#608=VECTOR('',#2566,10.);
#609=VECTOR('',#2567,10.);
#610=VECTOR('',#2570,10.);
#611=VECTOR('',#2573,10.);
#612=VECTOR('',#2576,10.);
#613=VECTOR('',#2577,10.);
#614=VECTOR('',#2578,10.);
#615=VECTOR('',#2581,10.);
#616=VECTOR('',#2584,10.);
#617=VECTOR('',#2587,10.);
#618=VECTOR('',#2588,10.);
#619=VECTOR('',#2589,10.);
#620=VECTOR('',#2592,10.);
#621=VECTOR('',#2595,10.);
#622=VECTOR('',#2598,10.);
#623=VECTOR('',#2601,10.);
#624=VECTOR('',#2602,10.);
#625=VECTOR('',#2603,10.);
#626=VECTOR('',#2606,10.);
#627=VECTOR('',#2609,10.);
#628=VECTOR('',#2612,10.);
#629=VECTOR('',#2615,10.);
#630=VECTOR('',#2616,10.);
#631=VECTOR('',#2617,10.);
#632=VECTOR('',#2620,10.);
#633=VECTOR('',#2623,10.);
#634=VECTOR('',#2626,10.);
#635=VECTOR('',#2629,10.);
#636=VECTOR('',#2630,10.);
#637=VECTOR('',#2631,10.);
#638=VECTOR('',#2632,10.);
#639=VECTOR('',#2633,10.);
#640=VECTOR('',#2634,10.);
#641=VECTOR('',#2635,10.);
#642=VECTOR('',#2636,10.);
#643=VECTOR('',#2637,10.);
#644=VECTOR('',#2640,2.);
#645=VECTOR('',#2645,2.5);
#646=VECTOR('',#2652,2.);
#647=VECTOR('',#2659,2.5);
#648=VECTOR('',#2664,10.);
#649=VECTOR('',#2671,10.);
#650=VECTOR('',#2678,10.);
#651=VECTOR('',#2685,10.);
#652=VECTOR('',#2702,10.);
#653=VECTOR('',#2703,10.);
#654=VECTOR('',#2706,10.);
#655=VECTOR('',#2709,10.);
#656=VECTOR('',#2712,10.);
#657=VECTOR('',#2715,10.);
#658=VECTOR('',#2716,10.);
#659=VECTOR('',#2717,10.);
#660=VECTOR('',#2720,10.);
#661=VECTOR('',#2723,10.);
#662=VECTOR('',#2726,10.);
#663=VECTOR('',#2729,10.);
#664=VECTOR('',#2730,10.);
#665=VECTOR('',#2731,10.);
#666=VECTOR('',#2734,10.);
#667=VECTOR('',#2737,10.);
#668=VECTOR('',#2740,10.);
#669=VECTOR('',#2743,10.);
#670=VECTOR('',#2744,10.);
#671=VECTOR('',#2745,10.);
#672=VECTOR('',#2748,10.);
#673=VECTOR('',#2751,10.);
#674=VECTOR('',#2754,10.);
#675=VECTOR('',#2755,10.);
#676=VECTOR('',#2756,10.);
#677=VECTOR('',#2759,10.);
#678=VECTOR('',#2762,10.);
#679=VECTOR('',#2765,10.);
#680=VECTOR('',#2766,10.);
#681=VECTOR('',#2769,10.);
#682=VECTOR('',#2776,2.);
#683=VECTOR('',#2779,2.5);
#684=VECTOR('',#2786,2.);
#685=VECTOR('',#2789,2.5);
#686=VECTOR('',#2796,2.);
#687=VECTOR('',#2809,10.);
#688=VECTOR('',#2836,10.);
#689=VECTOR('',#2863,10.);
#690=VECTOR('',#2888,10.);
#691=VECTOR('',#2903,10.);
#692=VECTOR('',#2904,10.);
#693=VECTOR('',#2907,10.);
#694=VECTOR('',#2910,10.);
#695=VECTOR('',#2913,10.);
#696=VECTOR('',#2916,10.);
#697=VECTOR('',#2919,10.);
#698=VECTOR('',#2922,10.);
#699=VECTOR('',#2925,10.);
#700=VECTOR('',#2928,10.);
#701=VECTOR('',#2929,10.);
#702=VECTOR('',#2932,10.);
#703=VECTOR('',#2935,10.);
#704=VECTOR('',#2936,10.);
#705=VECTOR('',#2943,10.);
#706=VECTOR('',#2946,10.);
#707=VECTOR('',#2953,2.375);
#708=VECTOR('',#2960,1.75);
#709=VECTOR('',#2965,2.375);
#710=VECTOR('',#2972,1.75);
#711=VECTOR('',#2977,2.375);
#712=VECTOR('',#2984,1.75);
#713=VECTOR('',#2989,2.375);
#714=VECTOR('',#2996,1.75);
#715=VECTOR('',#3001,3.5);
#716=VECTOR('',#3008,3.5);
#717=VECTOR('',#3015,3.5);
#718=VECTOR('',#3020,10.);
#719=VECTOR('',#3021,10.);
#720=VECTOR('',#3024,10.);
#721=VECTOR('',#3027,10.);
#722=VECTOR('',#3030,10.);
#723=VECTOR('',#3033,10.);
#724=VECTOR('',#3036,10.);
#725=VECTOR('',#3039,10.);
#726=VECTOR('',#3042,10.);
#727=VECTOR('',#3045,10.);
#728=VECTOR('',#3048,10.);
#729=VECTOR('',#3051,10.);
#730=VECTOR('',#3054,10.);
#731=VECTOR('',#3057,10.);
#732=VECTOR('',#3060,10.);
#733=VECTOR('',#3063,10.);
#734=VECTOR('',#3066,10.);
#735=VECTOR('',#3069,10.);
#736=VECTOR('',#3072,10.);
#737=VECTOR('',#3075,10.);
#738=VECTOR('',#3078,10.);
#739=VECTOR('',#3081,10.);
#740=VECTOR('',#3084,10.);
#741=VECTOR('',#3087,10.);
#742=VECTOR('',#3090,10.);
#743=VECTOR('',#3093,10.);
#744=VECTOR('',#3096,10.);
#745=VECTOR('',#3099,10.);
#746=VECTOR('',#3102,10.);
#747=VECTOR('',#3107,10.);
#748=VECTOR('',#3108,10.);
#749=VECTOR('',#3111,10.);
#750=VECTOR('',#3114,10.);
#751=VECTOR('',#3117,10.);
#752=VECTOR('',#3120,10.);
#753=VECTOR('',#3123,10.);
#754=VECTOR('',#3126,10.);
#755=VECTOR('',#3129,10.);
#756=VECTOR('',#3132,10.);
#757=VECTOR('',#3135,10.);
#758=VECTOR('',#3138,10.);
#759=VECTOR('',#3141,10.);
#760=VECTOR('',#3144,10.);
#761=VECTOR('',#3147,10.);
#762=VECTOR('',#3150,10.);
#763=VECTOR('',#3153,10.);
#764=VECTOR('',#3156,10.);
#765=VECTOR('',#3159,10.);
#766=VECTOR('',#3162,10.);
#767=VECTOR('',#3167,10.);
#768=VECTOR('',#3168,10.);
#769=VECTOR('',#3169,10.);
#770=VECTOR('',#3172,10.);
#771=VECTOR('',#3173,10.);
#772=VECTOR('',#3176,10.);
#773=VECTOR('',#3177,10.);
#774=VECTOR('',#3180,10.);
#775=VECTOR('',#3185,10.);
#776=VECTOR('',#3186,10.);
#777=VECTOR('',#3187,10.);
#778=VECTOR('',#3190,10.);
#779=VECTOR('',#3191,10.);
#780=VECTOR('',#3194,10.);
#781=VECTOR('',#3195,10.);
#782=VECTOR('',#3198,10.);
#783=VECTOR('',#3203,3.);
#784=VECTOR('',#3206,3.);
#785=VECTOR('',#3209,3.);
#786=VECTOR('',#3212,3.);
#787=CIRCLE('',#2252,3.);
#788=CIRCLE('',#2253,2.);
#789=CIRCLE('',#2254,2.);
#790=CIRCLE('',#2256,5.);
#791=CIRCLE('',#2257,3.);
#792=CIRCLE('',#2258,5.);
#793=CIRCLE('',#2259,5.);
#794=CIRCLE('',#2260,3.);
#795=CIRCLE('',#2261,5.);
#796=CIRCLE('',#2262,5.);
#797=CIRCLE('',#2263,3.);
#798=CIRCLE('',#2264,3.);
#799=CIRCLE('',#2265,5.);
#800=CIRCLE('',#2266,5.);
#801=CIRCLE('',#2267,3.);
#802=CIRCLE('',#2268,3.);
#803=CIRCLE('',#2269,5.);
#804=CIRCLE('',#2270,3.);
#805=CIRCLE('',#2271,3.5);
#806=CIRCLE('',#2272,3.5);
#807=CIRCLE('',#2273,3.5);
#808=CIRCLE('',#2274,1.);
#809=CIRCLE('',#2275,1.);
#810=CIRCLE('',#2276,1.);
#811=CIRCLE('',#2277,1.);
#812=CIRCLE('',#2278,1.);
#813=CIRCLE('',#2279,1.);
#814=CIRCLE('',#2280,1.);
#815=CIRCLE('',#2281,0.999999999999996);
#816=CIRCLE('',#2282,0.999999999999996);
#817=CIRCLE('',#2283,1.00000000000001);
#818=CIRCLE('',#2284,1.00000000000001);
#819=CIRCLE('',#2285,1.00000000000001);
#820=CIRCLE('',#2286,1.00000000000001);
#821=CIRCLE('',#2287,1.00000000000001);
#822=CIRCLE('',#2288,1.00000000000001);
#823=CIRCLE('',#2289,0.999999999999992);
#824=CIRCLE('',#2290,0.999999999999988);
#825=CIRCLE('',#2291,0.999999999999992);
#826=CIRCLE('',#2292,0.999999999999992);
#827=CIRCLE('',#2294,2.);
#828=CIRCLE('',#2296,2.);
#829=CIRCLE('',#2297,2.);
#830=CIRCLE('',#2299,2.);
#831=CIRCLE('',#2301,3.);
#832=CIRCLE('',#2302,2.);
#833=CIRCLE('',#2304,4.);
#834=CIRCLE('',#2305,4.);
#835=CIRCLE('',#2306,4.);
#836=CIRCLE('',#2307,4.);
#837=CIRCLE('',#2308,4.);
#838=CIRCLE('',#2309,4.);
#839=CIRCLE('',#2310,4.);
#840=CIRCLE('',#2311,4.);
#841=CIRCLE('',#2312,4.);
#842=CIRCLE('',#2313,4.);
#843=CIRCLE('',#2314,4.);
#844=CIRCLE('',#2315,4.);
#845=CIRCLE('',#2316,3.);
#846=CIRCLE('',#2317,1.75);
#847=CIRCLE('',#2318,1.75);
#848=CIRCLE('',#2319,1.75);
#849=CIRCLE('',#2320,1.75);
#850=CIRCLE('',#2321,0.999999999999992);
#851=CIRCLE('',#2322,0.999999999999992);
#852=CIRCLE('',#2323,0.999999999999988);
#853=CIRCLE('',#2324,0.999999999999992);
#854=CIRCLE('',#2325,1.00000000000001);
#855=CIRCLE('',#2326,1.00000000000001);
#856=CIRCLE('',#2327,1.00000000000001);
#857=CIRCLE('',#2328,1.00000000000001);
#858=CIRCLE('',#2329,1.00000000000001);
#859=CIRCLE('',#2330,1.00000000000001);
#860=CIRCLE('',#2331,0.999999999999996);
#861=CIRCLE('',#2332,0.999999999999996);
#862=CIRCLE('',#2333,1.);
#863=CIRCLE('',#2334,1.);
#864=CIRCLE('',#2335,1.);
#865=CIRCLE('',#2336,1.);
#866=CIRCLE('',#2337,1.);
#867=CIRCLE('',#2338,1.);
#868=CIRCLE('',#2339,1.);
#869=CIRCLE('',#2340,3.);
#870=CIRCLE('',#2342,2.);
#871=CIRCLE('',#2344,2.);
#872=CIRCLE('',#2346,2.);
#873=CIRCLE('',#2348,2.);
#874=CIRCLE('',#2350,2.);
#875=CIRCLE('',#2352,1.);
#876=CIRCLE('',#2353,1.);
#877=CIRCLE('',#2354,4.);
#878=CIRCLE('',#2356,1.);
#879=CIRCLE('',#2358,1.);
#880=CIRCLE('',#2359,4.);
#881=CIRCLE('',#2361,1.);
#882=CIRCLE('',#2362,4.);
#883=CIRCLE('',#2363,3.);
#884=CIRCLE('',#2364,3.);
#885=CIRCLE('',#2366,1.);
#886=CIRCLE('',#2367,4.);
#887=CIRCLE('',#2369,1.);
#888=CIRCLE('',#2371,1.);
#889=CIRCLE('',#2372,4.);
#890=CIRCLE('',#2374,1.);
#891=CIRCLE('',#2375,4.);
#892=CIRCLE('',#2376,3.);
#893=CIRCLE('',#2377,3.);
#894=CIRCLE('',#2379,1.);
#895=CIRCLE('',#2380,4.);
#896=CIRCLE('',#2382,1.);
#897=CIRCLE('',#2384,1.);
#898=CIRCLE('',#2385,4.);
#899=CIRCLE('',#2387,1.);
#900=CIRCLE('',#2388,4.);
#901=CIRCLE('',#2389,3.);
#902=CIRCLE('',#2391,1.);
#903=CIRCLE('',#2392,4.);
#904=CIRCLE('',#2394,1.);
#905=CIRCLE('',#2396,1.);
#906=CIRCLE('',#2397,4.);
#907=CIRCLE('',#2399,4.);
#908=CIRCLE('',#2400,3.);
#909=CIRCLE('',#2418,1.75);
#910=CIRCLE('',#2419,3.);
#911=CIRCLE('',#2420,3.);
#912=CIRCLE('',#2423,1.75);
#913=CIRCLE('',#2424,3.);
#914=CIRCLE('',#2425,3.);
#915=CIRCLE('',#2428,1.75);
#916=CIRCLE('',#2429,3.);
#917=CIRCLE('',#2430,3.);
#918=CIRCLE('',#2433,1.75);
#919=CIRCLE('',#2434,3.);
#920=CIRCLE('',#2435,3.);
#921=CIRCLE('',#2438,3.5);
#922=CIRCLE('',#2441,3.5);
#923=CIRCLE('',#2444,3.5);
#924=VERTEX_POINT('',#3215);
#925=VERTEX_POINT('',#3217);
#926=VERTEX_POINT('',#3219);
#927=VERTEX_POINT('',#3223);
#928=VERTEX_POINT('',#3224);
#929=VERTEX_POINT('',#3226);
#930=VERTEX_POINT('',#3228);
#931=VERTEX_POINT('',#3230);
#932=VERTEX_POINT('',#3232);
#933=VERTEX_POINT('',#3234);
#934=VERTEX_POINT('',#3236);
#935=VERTEX_POINT('',#3238);
#936=VERTEX_POINT('',#3240);
#937=VERTEX_POINT('',#3242);
#938=VERTEX_POINT('',#3244);
#939=VERTEX_POINT('',#3246);
#940=VERTEX_POINT('',#3248);
#941=VERTEX_POINT('',#3250);
#942=VERTEX_POINT('',#3252);
#943=VERTEX_POINT('',#3254);
#944=VERTEX_POINT('',#3256);
#945=VERTEX_POINT('',#3259);
#946=VERTEX_POINT('',#3261);
#947=VERTEX_POINT('',#3263);
#948=VERTEX_POINT('',#3265);
#949=VERTEX_POINT('',#3267);
#950=VERTEX_POINT('',#3268);
#951=VERTEX_POINT('',#3270);
#952=VERTEX_POINT('',#3272);
#953=VERTEX_POINT('',#3274);
#954=VERTEX_POINT('',#3276);
#955=VERTEX_POINT('',#3278);
#956=VERTEX_POINT('',#3280);
#957=VERTEX_POINT('',#3282);
#958=VERTEX_POINT('',#3284);
#959=VERTEX_POINT('',#3286);
#960=VERTEX_POINT('',#3288);
#961=VERTEX_POINT('',#3290);
#962=VERTEX_POINT('',#3292);
#963=VERTEX_POINT('',#3294);
#964=VERTEX_POINT('',#3296);
#965=VERTEX_POINT('',#3298);
#966=VERTEX_POINT('',#3300);
#967=VERTEX_POINT('',#3302);
#968=VERTEX_POINT('',#3304);
#969=VERTEX_POINT('',#3306);
#970=VERTEX_POINT('',#3308);
#971=VERTEX_POINT('',#3310);
#972=VERTEX_POINT('',#3312);
#973=VERTEX_POINT('',#3314);
#974=VERTEX_POINT('',#3316);
#975=VERTEX_POINT('',#3318);
#976=VERTEX_POINT('',#3320);
#977=VERTEX_POINT('',#3322);
#978=VERTEX_POINT('',#3325);
#979=VERTEX_POINT('',#3326);
#980=VERTEX_POINT('',#3328);
#981=VERTEX_POINT('',#3330);
#982=VERTEX_POINT('',#3332);
#983=VERTEX_POINT('',#3334);
#984=VERTEX_POINT('',#3336);
#985=VERTEX_POINT('',#3338);
#986=VERTEX_POINT('',#3340);
#987=VERTEX_POINT('',#3342);
#988=VERTEX_POINT('',#3344);
#989=VERTEX_POINT('',#3346);
#990=VERTEX_POINT('',#3348);
#991=VERTEX_POINT('',#3350);
#992=VERTEX_POINT('',#3352);
#993=VERTEX_POINT('',#3354);
#994=VERTEX_POINT('',#3356);
#995=VERTEX_POINT('',#3358);
#996=VERTEX_POINT('',#3360);
#997=VERTEX_POINT('',#3362);
#998=VERTEX_POINT('',#3365);
#999=VERTEX_POINT('',#3366);
#1000=VERTEX_POINT('',#3368);
#1001=VERTEX_POINT('',#3370);
#1002=VERTEX_POINT('',#3373);
#1003=VERTEX_POINT('',#3374);
#1004=VERTEX_POINT('',#3376);
#1005=VERTEX_POINT('',#3378);
#1006=VERTEX_POINT('',#3382);
#1007=VERTEX_POINT('',#3386);
#1008=VERTEX_POINT('',#3388);
#1009=VERTEX_POINT('',#3392);
#1010=VERTEX_POINT('',#3396);
#1011=VERTEX_POINT('',#3398);
#1012=VERTEX_POINT('',#3402);
#1013=VERTEX_POINT('',#3403);
#1014=VERTEX_POINT('',#3405);
#1015=VERTEX_POINT('',#3407);
#1016=VERTEX_POINT('',#3409);
#1017=VERTEX_POINT('',#3411);
#1018=VERTEX_POINT('',#3413);
#1019=VERTEX_POINT('',#3415);
#1020=VERTEX_POINT('',#3417);
#1021=VERTEX_POINT('',#3419);
#1022=VERTEX_POINT('',#3421);
#1023=VERTEX_POINT('',#3423);
#1024=VERTEX_POINT('',#3425);
#1025=VERTEX_POINT('',#3427);
#1026=VERTEX_POINT('',#3429);
#1027=VERTEX_POINT('',#3431);
#1028=VERTEX_POINT('',#3434);
#1029=VERTEX_POINT('',#3436);
#1030=VERTEX_POINT('',#3438);
#1031=VERTEX_POINT('',#3440);
#1032=VERTEX_POINT('',#3442);
#1033=VERTEX_POINT('',#3444);
#1034=VERTEX_POINT('',#3445);
#1035=VERTEX_POINT('',#3447);
#1036=VERTEX_POINT('',#3449);
#1037=VERTEX_POINT('',#3451);
#1038=VERTEX_POINT('',#3453);
#1039=VERTEX_POINT('',#3455);
#1040=VERTEX_POINT('',#3457);
#1041=VERTEX_POINT('',#3459);
#1042=VERTEX_POINT('',#3461);
#1043=VERTEX_POINT('',#3463);
#1044=VERTEX_POINT('',#3465);
#1045=VERTEX_POINT('',#3467);
#1046=VERTEX_POINT('',#3469);
#1047=VERTEX_POINT('',#3471);
#1048=VERTEX_POINT('',#3473);
#1049=VERTEX_POINT('',#3475);
#1050=VERTEX_POINT('',#3477);
#1051=VERTEX_POINT('',#3479);
#1052=VERTEX_POINT('',#3481);
#1053=VERTEX_POINT('',#3484);
#1054=VERTEX_POINT('',#3485);
#1055=VERTEX_POINT('',#3487);
#1056=VERTEX_POINT('',#3489);
#1057=VERTEX_POINT('',#3491);
#1058=VERTEX_POINT('',#3493);
#1059=VERTEX_POINT('',#3495);
#1060=VERTEX_POINT('',#3497);
#1061=VERTEX_POINT('',#3499);
#1062=VERTEX_POINT('',#3501);
#1063=VERTEX_POINT('',#3503);
#1064=VERTEX_POINT('',#3505);
#1065=VERTEX_POINT('',#3507);
#1066=VERTEX_POINT('',#3509);
#1067=VERTEX_POINT('',#3511);
#1068=VERTEX_POINT('',#3513);
#1069=VERTEX_POINT('',#3515);
#1070=VERTEX_POINT('',#3517);
#1071=VERTEX_POINT('',#3519);
#1072=VERTEX_POINT('',#3521);
#1073=VERTEX_POINT('',#3523);
#1074=VERTEX_POINT('',#3525);
#1075=VERTEX_POINT('',#3527);
#1076=VERTEX_POINT('',#3529);
#1077=VERTEX_POINT('',#3531);
#1078=VERTEX_POINT('',#3533);
#1079=VERTEX_POINT('',#3535);
#1080=VERTEX_POINT('',#3537);
#1081=VERTEX_POINT('',#3539);
#1082=VERTEX_POINT('',#3542);
#1083=VERTEX_POINT('',#3545);
#1084=VERTEX_POINT('',#3549);
#1085=VERTEX_POINT('',#3553);
#1086=VERTEX_POINT('',#3557);
#1087=VERTEX_POINT('',#3561);
#1088=VERTEX_POINT('',#3565);
#1089=VERTEX_POINT('',#3567);
#1090=VERTEX_POINT('',#3571);
#1091=VERTEX_POINT('',#3575);
#1092=VERTEX_POINT('',#3579);
#1093=VERTEX_POINT('',#3582);
#1094=VERTEX_POINT('',#3586);
#1095=VERTEX_POINT('',#3590);
#1096=VERTEX_POINT('',#3594);
#1097=VERTEX_POINT('',#3598);
#1098=VERTEX_POINT('',#3601);
#1099=VERTEX_POINT('',#3605);
#1100=VERTEX_POINT('',#3609);
#1101=VERTEX_POINT('',#3613);
#1102=VERTEX_POINT('',#3617);
#1103=VERTEX_POINT('',#3622);
#1104=VERTEX_POINT('',#3626);
#1105=VERTEX_POINT('',#3630);
#1106=VERTEX_POINT('',#3669);
#1107=VERTEX_POINT('',#3671);
#1108=VERTEX_POINT('',#3673);
#1109=VERTEX_POINT('',#3679);
#1110=VERTEX_POINT('',#3681);
#1111=VERTEX_POINT('',#3683);
#1112=VERTEX_POINT('',#3689);
#1113=VERTEX_POINT('',#3691);
#1114=VERTEX_POINT('',#3693);
#1115=VERTEX_POINT('',#3699);
#1116=VERTEX_POINT('',#3701);
#1117=VERTEX_POINT('',#3703);
#1118=VERTEX_POINT('',#3709);
#1119=VERTEX_POINT('',#3714);
#1120=VERTEX_POINT('',#3719);
#1121=VERTEX_POINT('',#3822);
#1122=VERTEX_POINT('',#3824);
#1123=VERTEX_POINT('',#3828);
#1124=VERTEX_POINT('',#3832);
#1125=VERTEX_POINT('',#3839);
#1126=VERTEX_POINT('',#3841);
#1127=VERTEX_POINT('',#3845);
#1128=VERTEX_POINT('',#3849);
#1129=EDGE_CURVE('',#924,#924,#787,.T.);
#1130=EDGE_CURVE('',#924,#925,#415,.T.);
#1131=EDGE_CURVE('',#925,#926,#788,.T.);
#1132=EDGE_CURVE('',#926,#925,#789,.T.);
#1133=EDGE_CURVE('',#927,#928,#790,.T.);
#1134=EDGE_CURVE('',#927,#929,#791,.T.);
#1135=EDGE_CURVE('',#930,#929,#792,.T.);
#1136=EDGE_CURVE('',#931,#930,#416,.T.);
#1137=EDGE_CURVE('',#932,#931,#793,.T.);
#1138=EDGE_CURVE('',#932,#933,#794,.T.);
#1139=EDGE_CURVE('',#934,#933,#795,.T.);
#1140=EDGE_CURVE('',#935,#934,#417,.T.);
#1141=EDGE_CURVE('',#936,#935,#796,.T.);
#1142=EDGE_CURVE('',#936,#937,#797,.T.);
#1143=EDGE_CURVE('',#937,#938,#798,.T.);
#1144=EDGE_CURVE('',#939,#938,#799,.T.);
#1145=EDGE_CURVE('',#940,#939,#418,.T.);
#1146=EDGE_CURVE('',#941,#940,#800,.T.);
#1147=EDGE_CURVE('',#941,#942,#801,.T.);
#1148=EDGE_CURVE('',#942,#943,#802,.T.);
#1149=EDGE_CURVE('',#944,#943,#803,.T.);
#1150=EDGE_CURVE('',#928,#944,#419,.T.);
#1151=EDGE_CURVE('',#945,#945,#804,.T.);
#1152=EDGE_CURVE('',#946,#946,#805,.T.);
#1153=EDGE_CURVE('',#947,#947,#806,.T.);
#1154=EDGE_CURVE('',#948,#948,#807,.T.);
#1155=EDGE_CURVE('',#949,#950,#420,.T.);
#1156=EDGE_CURVE('',#950,#951,#421,.T.);
#1157=EDGE_CURVE('',#951,#952,#808,.T.);
#1158=EDGE_CURVE('',#952,#953,#422,.T.);
#1159=EDGE_CURVE('',#953,#954,#423,.T.);
#1160=EDGE_CURVE('',#954,#955,#809,.T.);
#1161=EDGE_CURVE('',#955,#956,#424,.T.);
#1162=EDGE_CURVE('',#956,#957,#810,.T.);
#1163=EDGE_CURVE('',#957,#958,#425,.T.);
#1164=EDGE_CURVE('',#958,#959,#811,.T.);
#1165=EDGE_CURVE('',#959,#960,#426,.T.);
#1166=EDGE_CURVE('',#960,#961,#427,.T.);
#1167=EDGE_CURVE('',#961,#962,#428,.T.);
#1168=EDGE_CURVE('',#962,#963,#812,.T.);
#1169=EDGE_CURVE('',#963,#964,#429,.T.);
#1170=EDGE_CURVE('',#964,#965,#813,.T.);
#1171=EDGE_CURVE('',#965,#966,#430,.T.);
#1172=EDGE_CURVE('',#966,#967,#814,.T.);
#1173=EDGE_CURVE('',#967,#968,#431,.T.);
#1174=EDGE_CURVE('',#968,#969,#432,.T.);
#1175=EDGE_CURVE('',#969,#970,#433,.T.);
#1176=EDGE_CURVE('',#970,#971,#815,.T.);
#1177=EDGE_CURVE('',#971,#972,#434,.T.);
#1178=EDGE_CURVE('',#972,#973,#816,.T.);
#1179=EDGE_CURVE('',#973,#974,#435,.T.);
#1180=EDGE_CURVE('',#974,#975,#817,.T.);
#1181=EDGE_CURVE('',#975,#976,#436,.T.);
#1182=EDGE_CURVE('',#976,#977,#818,.T.);
#1183=EDGE_CURVE('',#977,#949,#437,.T.);
#1184=EDGE_CURVE('',#978,#979,#438,.T.);
#1185=EDGE_CURVE('',#979,#980,#439,.T.);
#1186=EDGE_CURVE('',#980,#981,#819,.T.);
#1187=EDGE_CURVE('',#981,#982,#440,.T.);
#1188=EDGE_CURVE('',#982,#983,#820,.T.);
#1189=EDGE_CURVE('',#983,#984,#441,.T.);
#1190=EDGE_CURVE('',#984,#985,#821,.T.);
#1191=EDGE_CURVE('',#985,#986,#442,.T.);
#1192=EDGE_CURVE('',#986,#987,#822,.T.);
#1193=EDGE_CURVE('',#987,#988,#443,.T.);
#1194=EDGE_CURVE('',#988,#989,#444,.T.);
#1195=EDGE_CURVE('',#989,#990,#445,.T.);
#1196=EDGE_CURVE('',#990,#991,#823,.T.);
#1197=EDGE_CURVE('',#991,#992,#446,.T.);
#1198=EDGE_CURVE('',#992,#993,#824,.T.);
#1199=EDGE_CURVE('',#993,#994,#447,.T.);
#1200=EDGE_CURVE('',#994,#995,#825,.T.);
#1201=EDGE_CURVE('',#995,#996,#448,.T.);
#1202=EDGE_CURVE('',#996,#997,#826,.T.);
#1203=EDGE_CURVE('',#997,#978,#449,.T.);
#1204=EDGE_CURVE('',#998,#999,#450,.T.);
#1205=EDGE_CURVE('',#999,#1000,#451,.T.);
#1206=EDGE_CURVE('',#1000,#1001,#452,.T.);
#1207=EDGE_CURVE('',#1001,#998,#453,.T.);
#1208=EDGE_CURVE('',#1002,#1003,#454,.T.);
#1209=EDGE_CURVE('',#1003,#1004,#455,.T.);
#1210=EDGE_CURVE('',#1004,#1005,#456,.T.);
#1211=EDGE_CURVE('',#1005,#1002,#457,.T.);
#1212=EDGE_CURVE('',#926,#1006,#458,.T.);
#1213=EDGE_CURVE('',#1006,#1006,#827,.T.);
#1214=EDGE_CURVE('',#945,#1007,#459,.T.);
#1215=EDGE_CURVE('',#1007,#1008,#828,.T.);
#1216=EDGE_CURVE('',#1008,#1007,#829,.T.);
#1217=EDGE_CURVE('',#1008,#1009,#460,.T.);
#1218=EDGE_CURVE('',#1009,#1009,#830,.T.);
#1219=EDGE_CURVE('',#1010,#1010,#831,.T.);
#1220=EDGE_CURVE('',#1010,#1011,#461,.T.);
#1221=EDGE_CURVE('',#1011,#1011,#832,.T.);
#1222=EDGE_CURVE('',#1012,#1013,#462,.T.);
#1223=EDGE_CURVE('',#1014,#1013,#833,.T.);
#1224=EDGE_CURVE('',#1014,#1015,#834,.T.);
#1225=EDGE_CURVE('',#1016,#1015,#835,.T.);
#1226=EDGE_CURVE('',#1016,#1017,#463,.T.);
#1227=EDGE_CURVE('',#1018,#1017,#836,.T.);
#1228=EDGE_CURVE('',#1018,#1019,#837,.T.);
#1229=EDGE_CURVE('',#1020,#1019,#838,.T.);
#1230=EDGE_CURVE('',#1020,#1021,#464,.T.);
#1231=EDGE_CURVE('',#1022,#1021,#839,.T.);
#1232=EDGE_CURVE('',#1022,#1023,#840,.T.);
#1233=EDGE_CURVE('',#1024,#1023,#841,.T.);
#1234=EDGE_CURVE('',#1024,#1025,#465,.T.);
#1235=EDGE_CURVE('',#1026,#1025,#842,.T.);
#1236=EDGE_CURVE('',#1026,#1027,#843,.T.);
#1237=EDGE_CURVE('',#1012,#1027,#844,.T.);
#1238=EDGE_CURVE('',#1028,#1028,#845,.T.);
#1239=EDGE_CURVE('',#1029,#1029,#846,.T.);
#1240=EDGE_CURVE('',#1030,#1030,#847,.T.);
#1241=EDGE_CURVE('',#1031,#1031,#848,.T.);
#1242=EDGE_CURVE('',#1032,#1032,#849,.T.);
#1243=EDGE_CURVE('',#1033,#1034,#466,.T.);
#1244=EDGE_CURVE('',#1034,#1035,#467,.T.);
#1245=EDGE_CURVE('',#1035,#1036,#850,.T.);
#1246=EDGE_CURVE('',#1036,#1037,#468,.T.);
#1247=EDGE_CURVE('',#1037,#1038,#851,.T.);
#1248=EDGE_CURVE('',#1038,#1039,#469,.T.);
#1249=EDGE_CURVE('',#1039,#1040,#852,.T.);
#1250=EDGE_CURVE('',#1040,#1041,#470,.T.);
#1251=EDGE_CURVE('',#1041,#1042,#853,.T.);
#1252=EDGE_CURVE('',#1042,#1043,#471,.T.);
#1253=EDGE_CURVE('',#1043,#1044,#472,.T.);
#1254=EDGE_CURVE('',#1044,#1045,#473,.T.);
#1255=EDGE_CURVE('',#1045,#1046,#854,.T.);
#1256=EDGE_CURVE('',#1046,#1047,#474,.T.);
#1257=EDGE_CURVE('',#1047,#1048,#855,.T.);
#1258=EDGE_CURVE('',#1048,#1049,#475,.T.);
#1259=EDGE_CURVE('',#1049,#1050,#856,.T.);
#1260=EDGE_CURVE('',#1050,#1051,#476,.T.);
#1261=EDGE_CURVE('',#1051,#1052,#857,.T.);
#1262=EDGE_CURVE('',#1052,#1033,#477,.T.);
#1263=EDGE_CURVE('',#1053,#1054,#478,.T.);
#1264=EDGE_CURVE('',#1054,#1055,#479,.T.);
#1265=EDGE_CURVE('',#1055,#1056,#858,.T.);
#1266=EDGE_CURVE('',#1056,#1057,#480,.T.);
#1267=EDGE_CURVE('',#1057,#1058,#859,.T.);
#1268=EDGE_CURVE('',#1058,#1059,#481,.T.);
#1269=EDGE_CURVE('',#1059,#1060,#860,.T.);
#1270=EDGE_CURVE('',#1060,#1061,#482,.T.);
#1271=EDGE_CURVE('',#1061,#1062,#861,.T.);
#1272=EDGE_CURVE('',#1062,#1063,#483,.T.);
#1273=EDGE_CURVE('',#1063,#1064,#484,.T.);
#1274=EDGE_CURVE('',#1064,#1065,#485,.T.);
#1275=EDGE_CURVE('',#1065,#1066,#862,.T.);
#1276=EDGE_CURVE('',#1066,#1067,#486,.T.);
#1277=EDGE_CURVE('',#1067,#1068,#863,.T.);
#1278=EDGE_CURVE('',#1068,#1069,#487,.T.);
#1279=EDGE_CURVE('',#1069,#1070,#864,.T.);
#1280=EDGE_CURVE('',#1070,#1071,#488,.T.);
#1281=EDGE_CURVE('',#1071,#1072,#489,.T.);
#1282=EDGE_CURVE('',#1072,#1073,#490,.T.);
#1283=EDGE_CURVE('',#1073,#1074,#865,.T.);
#1284=EDGE_CURVE('',#1074,#1075,#491,.T.);
#1285=EDGE_CURVE('',#1075,#1076,#866,.T.);
#1286=EDGE_CURVE('',#1076,#1077,#492,.T.);
#1287=EDGE_CURVE('',#1077,#1078,#867,.T.);
#1288=EDGE_CURVE('',#1078,#1079,#493,.T.);
#1289=EDGE_CURVE('',#1079,#1080,#494,.T.);
#1290=EDGE_CURVE('',#1080,#1081,#868,.T.);
#1291=EDGE_CURVE('',#1081,#1053,#495,.T.);
#1292=EDGE_CURVE('',#1082,#1082,#869,.T.);
#1293=EDGE_CURVE('',#1083,#1083,#870,.T.);
#1294=EDGE_CURVE('',#1083,#1011,#496,.T.);
#1295=EDGE_CURVE('',#1028,#1084,#497,.T.);
#1296=EDGE_CURVE('',#1084,#1084,#871,.T.);
#1297=EDGE_CURVE('',#1085,#1085,#872,.T.);
#1298=EDGE_CURVE('',#1085,#1084,#498,.T.);
#1299=EDGE_CURVE('',#1082,#1086,#499,.T.);
#1300=EDGE_CURVE('',#1086,#1086,#873,.T.);
#1301=EDGE_CURVE('',#1087,#1087,#874,.T.);
#1302=EDGE_CURVE('',#1087,#1086,#500,.T.);
#1303=EDGE_CURVE('',#1088,#936,#875,.T.);
#1304=EDGE_CURVE('',#935,#1089,#876,.T.);
#1305=EDGE_CURVE('',#1089,#1088,#877,.T.);
#1306=EDGE_CURVE('',#934,#1090,#878,.T.);
#1307=EDGE_CURVE('',#1090,#1089,#501,.T.);
#1308=EDGE_CURVE('',#933,#1091,#879,.T.);
#1309=EDGE_CURVE('',#1091,#1090,#880,.T.);
#1310=EDGE_CURVE('',#932,#1092,#881,.T.);
#1311=EDGE_CURVE('',#1092,#1091,#882,.T.);
#1312=EDGE_CURVE('',#933,#1093,#883,.T.);
#1313=EDGE_CURVE('',#1093,#932,#884,.T.);
#1314=EDGE_CURVE('',#931,#1094,#885,.T.);
#1315=EDGE_CURVE('',#1094,#1092,#886,.T.);
#1316=EDGE_CURVE('',#930,#1095,#887,.T.);
#1317=EDGE_CURVE('',#1095,#1094,#502,.T.);
#1318=EDGE_CURVE('',#929,#1096,#888,.T.);
#1319=EDGE_CURVE('',#1096,#1095,#889,.T.);
#1320=EDGE_CURVE('',#927,#1097,#890,.T.);
#1321=EDGE_CURVE('',#1097,#1096,#891,.T.);
#1322=EDGE_CURVE('',#929,#1098,#892,.T.);
#1323=EDGE_CURVE('',#1098,#927,#893,.T.);
#1324=EDGE_CURVE('',#928,#1099,#894,.T.);
#1325=EDGE_CURVE('',#1099,#1097,#895,.T.);
#1326=EDGE_CURVE('',#944,#1100,#896,.T.);
#1327=EDGE_CURVE('',#1100,#1099,#503,.T.);
#1328=EDGE_CURVE('',#943,#1101,#897,.T.);
#1329=EDGE_CURVE('',#1101,#1100,#898,.T.);
#1330=EDGE_CURVE('',#941,#1102,#899,.T.);
#1331=EDGE_CURVE('',#1102,#1101,#900,.T.);
#1332=EDGE_CURVE('',#943,#941,#901,.T.);
#1333=EDGE_CURVE('',#940,#1103,#902,.T.);
#1334=EDGE_CURVE('',#1103,#1102,#903,.T.);
#1335=EDGE_CURVE('',#939,#1104,#904,.T.);
#1336=EDGE_CURVE('',#1104,#1103,#504,.T.);
#1337=EDGE_CURVE('',#938,#1105,#905,.T.);
#1338=EDGE_CURVE('',#1105,#1104,#906,.T.);
#1339=EDGE_CURVE('',#1088,#1105,#907,.T.);
#1340=EDGE_CURVE('',#938,#936,#908,.T.);
#1341=EDGE_CURVE('',#1021,#1100,#505,.T.);
#1342=EDGE_CURVE('',#1099,#1020,#506,.T.);
#1343=EDGE_CURVE('',#1101,#1022,#507,.T.);
#1344=EDGE_CURVE('',#1023,#1102,#508,.T.);
#1345=EDGE_CURVE('',#1103,#1024,#509,.T.);
#1346=EDGE_CURVE('',#1025,#1104,#510,.T.);
#1347=EDGE_CURVE('',#1105,#1026,#511,.T.);
#1348=EDGE_CURVE('',#1027,#1088,#512,.T.);
#1349=EDGE_CURVE('',#1089,#1012,#513,.T.);
#1350=EDGE_CURVE('',#1094,#1016,#514,.T.);
#1351=EDGE_CURVE('',#1015,#1092,#515,.T.);
#1352=EDGE_CURVE('',#1017,#1095,#516,.T.);
#1353=EDGE_CURVE('',#1091,#1014,#517,.T.);
#1354=EDGE_CURVE('',#1013,#1090,#518,.T.);
#1355=EDGE_CURVE('',#1019,#1097,#519,.T.);
#1356=EDGE_CURVE('',#1096,#1018,#520,.T.);
#1357=EDGE_CURVE('',#1106,#1106,#909,.T.);
#1358=EDGE_CURVE('',#1106,#1107,#521,.T.);
#1359=EDGE_CURVE('',#1108,#1107,#910,.T.);
#1360=EDGE_CURVE('',#1107,#1108,#911,.T.);
#1361=EDGE_CURVE('',#1029,#1106,#522,.T.);
#1362=EDGE_CURVE('',#1109,#1109,#912,.T.);
#1363=EDGE_CURVE('',#1109,#1110,#523,.T.);
#1364=EDGE_CURVE('',#1111,#1110,#913,.T.);
#1365=EDGE_CURVE('',#1110,#1111,#914,.T.);
#1366=EDGE_CURVE('',#1030,#1109,#524,.T.);
#1367=EDGE_CURVE('',#1112,#1112,#915,.T.);
#1368=EDGE_CURVE('',#1112,#1113,#525,.T.);
#1369=EDGE_CURVE('',#1114,#1113,#916,.T.);
#1370=EDGE_CURVE('',#1113,#1114,#917,.T.);
#1371=EDGE_CURVE('',#1031,#1112,#526,.T.);
#1372=EDGE_CURVE('',#1115,#1115,#918,.T.);
#1373=EDGE_CURVE('',#1115,#1116,#527,.T.);
#1374=EDGE_CURVE('',#1117,#1116,#919,.T.);
#1375=EDGE_CURVE('',#1116,#1117,#920,.T.);
#1376=EDGE_CURVE('',#1032,#1115,#528,.T.);
#1377=EDGE_CURVE('',#1118,#1118,#921,.T.);
#1378=EDGE_CURVE('',#1118,#946,#529,.T.);
#1379=EDGE_CURVE('',#1119,#1119,#922,.T.);
#1380=EDGE_CURVE('',#1119,#947,#530,.T.);
#1381=EDGE_CURVE('',#1120,#1120,#923,.T.);
#1382=EDGE_CURVE('',#1120,#948,#531,.T.);
#1383=EDGE_CURVE('',#964,#1068,#532,.T.);
#1384=EDGE_CURVE('',#963,#1069,#533,.T.);
#1385=EDGE_CURVE('',#962,#1070,#534,.T.);
#1386=EDGE_CURVE('',#961,#1071,#535,.T.);
#1387=EDGE_CURVE('',#960,#1072,#536,.T.);
#1388=EDGE_CURVE('',#959,#1073,#537,.T.);
#1389=EDGE_CURVE('',#958,#1074,#538,.T.);
#1390=EDGE_CURVE('',#957,#1075,#539,.T.);
#1391=EDGE_CURVE('',#956,#1076,#540,.T.);
#1392=EDGE_CURVE('',#955,#1077,#541,.T.);
#1393=EDGE_CURVE('',#954,#1078,#542,.T.);
#1394=EDGE_CURVE('',#953,#1079,#543,.T.);
#1395=EDGE_CURVE('',#952,#1080,#544,.T.);
#1396=EDGE_CURVE('',#951,#1081,#545,.T.);
#1397=EDGE_CURVE('',#950,#1053,#546,.T.);
#1398=EDGE_CURVE('',#949,#1054,#547,.T.);
#1399=EDGE_CURVE('',#977,#1055,#548,.T.);
#1400=EDGE_CURVE('',#976,#1056,#549,.T.);
#1401=EDGE_CURVE('',#975,#1057,#550,.T.);
#1402=EDGE_CURVE('',#974,#1058,#551,.T.);
#1403=EDGE_CURVE('',#973,#1059,#552,.T.);
#1404=EDGE_CURVE('',#972,#1060,#553,.T.);
#1405=EDGE_CURVE('',#971,#1061,#554,.T.);
#1406=EDGE_CURVE('',#970,#1062,#555,.T.);
#1407=EDGE_CURVE('',#969,#1063,#556,.T.);
#1408=EDGE_CURVE('',#968,#1064,#557,.T.);
#1409=EDGE_CURVE('',#967,#1065,#558,.T.);
#1410=EDGE_CURVE('',#966,#1066,#559,.T.);
#1411=EDGE_CURVE('',#965,#1067,#560,.T.);
#1412=EDGE_CURVE('',#989,#1043,#561,.T.);
#1413=EDGE_CURVE('',#988,#1044,#562,.T.);
#1414=EDGE_CURVE('',#987,#1045,#563,.T.);
#1415=EDGE_CURVE('',#986,#1046,#564,.T.);
#1416=EDGE_CURVE('',#985,#1047,#565,.T.);
#1417=EDGE_CURVE('',#984,#1048,#566,.T.);
#1418=EDGE_CURVE('',#983,#1049,#567,.T.);
#1419=EDGE_CURVE('',#982,#1050,#568,.T.);
#1420=EDGE_CURVE('',#981,#1051,#569,.T.);
#1421=EDGE_CURVE('',#980,#1052,#570,.T.);
#1422=EDGE_CURVE('',#979,#1033,#571,.T.);
#1423=EDGE_CURVE('',#978,#1034,#572,.T.);
#1424=EDGE_CURVE('',#997,#1035,#573,.T.);
#1425=EDGE_CURVE('',#996,#1036,#574,.T.);
#1426=EDGE_CURVE('',#995,#1037,#575,.T.);
#1427=EDGE_CURVE('',#994,#1038,#576,.T.);
#1428=EDGE_CURVE('',#993,#1039,#577,.T.);
#1429=EDGE_CURVE('',#992,#1040,#578,.T.);
#1430=EDGE_CURVE('',#991,#1041,#579,.T.);
#1431=EDGE_CURVE('',#990,#1042,#580,.T.);
#1432=EDGE_CURVE('',#998,#1121,#581,.T.);
#1433=EDGE_CURVE('',#1122,#1121,#582,.T.);
#1434=EDGE_CURVE('',#999,#1122,#583,.T.);
#1435=EDGE_CURVE('',#1123,#1122,#584,.T.);
#1436=EDGE_CURVE('',#1000,#1123,#585,.T.);
#1437=EDGE_CURVE('',#1124,#1123,#586,.T.);
#1438=EDGE_CURVE('',#1001,#1124,#587,.T.);
#1439=EDGE_CURVE('',#1121,#1124,#588,.T.);
#1440=EDGE_CURVE('',#1002,#1125,#589,.T.);
#1441=EDGE_CURVE('',#1126,#1125,#590,.T.);
#1442=EDGE_CURVE('',#1003,#1126,#591,.T.);
#1443=EDGE_CURVE('',#1127,#1126,#592,.T.);
#1444=EDGE_CURVE('',#1004,#1127,#593,.T.);
#1445=EDGE_CURVE('',#1128,#1127,#594,.T.);
#1446=EDGE_CURVE('',#1005,#1128,#595,.T.);
#1447=EDGE_CURVE('',#1125,#1128,#596,.T.);
#1448=EDGE_CURVE('',#937,#1114,#597,.T.);
#1449=EDGE_CURVE('',#1093,#1111,#598,.T.);
#1450=EDGE_CURVE('',#942,#1117,#599,.T.);
#1451=EDGE_CURVE('',#1098,#1108,#600,.T.);
#1452=ORIENTED_EDGE('',*,*,#1129,.T.);
#1453=ORIENTED_EDGE('',*,*,#1130,.T.);
#1454=ORIENTED_EDGE('',*,*,#1131,.T.);
#1455=ORIENTED_EDGE('',*,*,#1132,.T.);
#1456=ORIENTED_EDGE('',*,*,#1130,.F.);
#1457=ORIENTED_EDGE('',*,*,#1133,.F.);
#1458=ORIENTED_EDGE('',*,*,#1134,.T.);
#1459=ORIENTED_EDGE('',*,*,#1135,.F.);
#1460=ORIENTED_EDGE('',*,*,#1136,.F.);
#1461=ORIENTED_EDGE('',*,*,#1137,.F.);
#1462=ORIENTED_EDGE('',*,*,#1138,.T.);
#1463=ORIENTED_EDGE('',*,*,#1139,.F.);
#1464=ORIENTED_EDGE('',*,*,#1140,.F.);
#1465=ORIENTED_EDGE('',*,*,#1141,.F.);
#1466=ORIENTED_EDGE('',*,*,#1142,.T.);
#1467=ORIENTED_EDGE('',*,*,#1143,.T.);
#1468=ORIENTED_EDGE('',*,*,#1144,.F.);
#1469=ORIENTED_EDGE('',*,*,#1145,.F.);
#1470=ORIENTED_EDGE('',*,*,#1146,.F.);
#1471=ORIENTED_EDGE('',*,*,#1147,.T.);
#1472=ORIENTED_EDGE('',*,*,#1148,.T.);
#1473=ORIENTED_EDGE('',*,*,#1149,.F.);
#1474=ORIENTED_EDGE('',*,*,#1150,.F.);
#1475=ORIENTED_EDGE('',*,*,#1151,.F.);
#1476=ORIENTED_EDGE('',*,*,#1152,.T.);
#1477=ORIENTED_EDGE('',*,*,#1153,.T.);
#1478=ORIENTED_EDGE('',*,*,#1154,.T.);
#1479=ORIENTED_EDGE('',*,*,#1155,.T.);
#1480=ORIENTED_EDGE('',*,*,#1156,.T.);
#1481=ORIENTED_EDGE('',*,*,#1157,.T.);
#1482=ORIENTED_EDGE('',*,*,#1158,.T.);
#1483=ORIENTED_EDGE('',*,*,#1159,.T.);
#1484=ORIENTED_EDGE('',*,*,#1160,.T.);
#1485=ORIENTED_EDGE('',*,*,#1161,.T.);
#1486=ORIENTED_EDGE('',*,*,#1162,.T.);
#1487=ORIENTED_EDGE('',*,*,#1163,.T.);
#1488=ORIENTED_EDGE('',*,*,#1164,.T.);
#1489=ORIENTED_EDGE('',*,*,#1165,.T.);
#1490=ORIENTED_EDGE('',*,*,#1166,.T.);
#1491=ORIENTED_EDGE('',*,*,#1167,.T.);
#1492=ORIENTED_EDGE('',*,*,#1168,.T.);
#1493=ORIENTED_EDGE('',*,*,#1169,.T.);
#1494=ORIENTED_EDGE('',*,*,#1170,.T.);
#1495=ORIENTED_EDGE('',*,*,#1171,.T.);
#1496=ORIENTED_EDGE('',*,*,#1172,.T.);
#1497=ORIENTED_EDGE('',*,*,#1173,.T.);
#1498=ORIENTED_EDGE('',*,*,#1174,.T.);
#1499=ORIENTED_EDGE('',*,*,#1175,.T.);
#1500=ORIENTED_EDGE('',*,*,#1176,.T.);
#1501=ORIENTED_EDGE('',*,*,#1177,.T.);
#1502=ORIENTED_EDGE('',*,*,#1178,.T.);
#1503=ORIENTED_EDGE('',*,*,#1179,.T.);
#1504=ORIENTED_EDGE('',*,*,#1180,.T.);
#1505=ORIENTED_EDGE('',*,*,#1181,.T.);
#1506=ORIENTED_EDGE('',*,*,#1182,.T.);
#1507=ORIENTED_EDGE('',*,*,#1183,.T.);
#1508=ORIENTED_EDGE('',*,*,#1184,.T.);
#1509=ORIENTED_EDGE('',*,*,#1185,.T.);
#1510=ORIENTED_EDGE('',*,*,#1186,.T.);
#1511=ORIENTED_EDGE('',*,*,#1187,.T.);
#1512=ORIENTED_EDGE('',*,*,#1188,.T.);
#1513=ORIENTED_EDGE('',*,*,#1189,.T.);
#1514=ORIENTED_EDGE('',*,*,#1190,.T.);
#1515=ORIENTED_EDGE('',*,*,#1191,.T.);
#1516=ORIENTED_EDGE('',*,*,#1192,.T.);
#1517=ORIENTED_EDGE('',*,*,#1193,.T.);
#1518=ORIENTED_EDGE('',*,*,#1194,.T.);
#1519=ORIENTED_EDGE('',*,*,#1195,.T.);
#1520=ORIENTED_EDGE('',*,*,#1196,.T.);
#1521=ORIENTED_EDGE('',*,*,#1197,.T.);
#1522=ORIENTED_EDGE('',*,*,#1198,.T.);
#1523=ORIENTED_EDGE('',*,*,#1199,.T.);
#1524=ORIENTED_EDGE('',*,*,#1200,.T.);
#1525=ORIENTED_EDGE('',*,*,#1201,.T.);
#1526=ORIENTED_EDGE('',*,*,#1202,.T.);
#1527=ORIENTED_EDGE('',*,*,#1203,.T.);
#1528=ORIENTED_EDGE('',*,*,#1204,.T.);
#1529=ORIENTED_EDGE('',*,*,#1205,.T.);
#1530=ORIENTED_EDGE('',*,*,#1206,.T.);
#1531=ORIENTED_EDGE('',*,*,#1207,.T.);
#1532=ORIENTED_EDGE('',*,*,#1208,.T.);
#1533=ORIENTED_EDGE('',*,*,#1209,.T.);
#1534=ORIENTED_EDGE('',*,*,#1210,.T.);
#1535=ORIENTED_EDGE('',*,*,#1211,.T.);
#1536=ORIENTED_EDGE('',*,*,#1129,.F.);
#1537=ORIENTED_EDGE('',*,*,#1131,.F.);
#1538=ORIENTED_EDGE('',*,*,#1132,.F.);
#1539=ORIENTED_EDGE('',*,*,#1212,.T.);
#1540=ORIENTED_EDGE('',*,*,#1213,.F.);
#1541=ORIENTED_EDGE('',*,*,#1212,.F.);
#1542=ORIENTED_EDGE('',*,*,#1151,.T.);
#1543=ORIENTED_EDGE('',*,*,#1214,.T.);
#1544=ORIENTED_EDGE('',*,*,#1215,.T.);
#1545=ORIENTED_EDGE('',*,*,#1216,.T.);
#1546=ORIENTED_EDGE('',*,*,#1214,.F.);
#1547=ORIENTED_EDGE('',*,*,#1215,.F.);
#1548=ORIENTED_EDGE('',*,*,#1216,.F.);
#1549=ORIENTED_EDGE('',*,*,#1217,.T.);
#1550=ORIENTED_EDGE('',*,*,#1218,.F.);
#1551=ORIENTED_EDGE('',*,*,#1217,.F.);
#1552=ORIENTED_EDGE('',*,*,#1219,.T.);
#1553=ORIENTED_EDGE('',*,*,#1220,.T.);
#1554=ORIENTED_EDGE('',*,*,#1221,.T.);
#1555=ORIENTED_EDGE('',*,*,#1220,.F.);
#1556=ORIENTED_EDGE('',*,*,#1222,.T.);
#1557=ORIENTED_EDGE('',*,*,#1223,.F.);
#1558=ORIENTED_EDGE('',*,*,#1224,.T.);
#1559=ORIENTED_EDGE('',*,*,#1225,.F.);
#1560=ORIENTED_EDGE('',*,*,#1226,.T.);
#1561=ORIENTED_EDGE('',*,*,#1227,.F.);
#1562=ORIENTED_EDGE('',*,*,#1228,.T.);
#1563=ORIENTED_EDGE('',*,*,#1229,.F.);
#1564=ORIENTED_EDGE('',*,*,#1230,.T.);
#1565=ORIENTED_EDGE('',*,*,#1231,.F.);
#1566=ORIENTED_EDGE('',*,*,#1232,.T.);
#1567=ORIENTED_EDGE('',*,*,#1233,.F.);
#1568=ORIENTED_EDGE('',*,*,#1234,.T.);
#1569=ORIENTED_EDGE('',*,*,#1235,.F.);
#1570=ORIENTED_EDGE('',*,*,#1236,.T.);
#1571=ORIENTED_EDGE('',*,*,#1237,.F.);
#1572=ORIENTED_EDGE('',*,*,#1238,.F.);
#1573=ORIENTED_EDGE('',*,*,#1239,.T.);
#1574=ORIENTED_EDGE('',*,*,#1240,.T.);
#1575=ORIENTED_EDGE('',*,*,#1241,.T.);
#1576=ORIENTED_EDGE('',*,*,#1242,.T.);
#1577=ORIENTED_EDGE('',*,*,#1213,.T.);
#1578=ORIENTED_EDGE('',*,*,#1243,.T.);
#1579=ORIENTED_EDGE('',*,*,#1244,.T.);
#1580=ORIENTED_EDGE('',*,*,#1245,.T.);
#1581=ORIENTED_EDGE('',*,*,#1246,.T.);
#1582=ORIENTED_EDGE('',*,*,#1247,.T.);
#1583=ORIENTED_EDGE('',*,*,#1248,.T.);
#1584=ORIENTED_EDGE('',*,*,#1249,.T.);
#1585=ORIENTED_EDGE('',*,*,#1250,.T.);
#1586=ORIENTED_EDGE('',*,*,#1251,.T.);
#1587=ORIENTED_EDGE('',*,*,#1252,.T.);
#1588=ORIENTED_EDGE('',*,*,#1253,.T.);
#1589=ORIENTED_EDGE('',*,*,#1254,.T.);
#1590=ORIENTED_EDGE('',*,*,#1255,.T.);
#1591=ORIENTED_EDGE('',*,*,#1256,.T.);
#1592=ORIENTED_EDGE('',*,*,#1257,.T.);
#1593=ORIENTED_EDGE('',*,*,#1258,.T.);
#1594=ORIENTED_EDGE('',*,*,#1259,.T.);
#1595=ORIENTED_EDGE('',*,*,#1260,.T.);
#1596=ORIENTED_EDGE('',*,*,#1261,.T.);
#1597=ORIENTED_EDGE('',*,*,#1262,.T.);
#1598=ORIENTED_EDGE('',*,*,#1218,.T.);
#1599=ORIENTED_EDGE('',*,*,#1263,.T.);
#1600=ORIENTED_EDGE('',*,*,#1264,.T.);
#1601=ORIENTED_EDGE('',*,*,#1265,.T.);
#1602=ORIENTED_EDGE('',*,*,#1266,.T.);
#1603=ORIENTED_EDGE('',*,*,#1267,.T.);
#1604=ORIENTED_EDGE('',*,*,#1268,.T.);
#1605=ORIENTED_EDGE('',*,*,#1269,.T.);
#1606=ORIENTED_EDGE('',*,*,#1270,.T.);
#1607=ORIENTED_EDGE('',*,*,#1271,.T.);
#1608=ORIENTED_EDGE('',*,*,#1272,.T.);
#1609=ORIENTED_EDGE('',*,*,#1273,.T.);
#1610=ORIENTED_EDGE('',*,*,#1274,.T.);
#1611=ORIENTED_EDGE('',*,*,#1275,.T.);
#1612=ORIENTED_EDGE('',*,*,#1276,.T.);
#1613=ORIENTED_EDGE('',*,*,#1277,.T.);
#1614=ORIENTED_EDGE('',*,*,#1278,.T.);
#1615=ORIENTED_EDGE('',*,*,#1279,.T.);
#1616=ORIENTED_EDGE('',*,*,#1280,.T.);
#1617=ORIENTED_EDGE('',*,*,#1281,.T.);
#1618=ORIENTED_EDGE('',*,*,#1282,.T.);
#1619=ORIENTED_EDGE('',*,*,#1283,.T.);
#1620=ORIENTED_EDGE('',*,*,#1284,.T.);
#1621=ORIENTED_EDGE('',*,*,#1285,.T.);
#1622=ORIENTED_EDGE('',*,*,#1286,.T.);
#1623=ORIENTED_EDGE('',*,*,#1287,.T.);
#1624=ORIENTED_EDGE('',*,*,#1288,.T.);
#1625=ORIENTED_EDGE('',*,*,#1289,.T.);
#1626=ORIENTED_EDGE('',*,*,#1290,.T.);
#1627=ORIENTED_EDGE('',*,*,#1291,.T.);
#1628=ORIENTED_EDGE('',*,*,#1292,.F.);
#1629=ORIENTED_EDGE('',*,*,#1219,.F.);
#1630=ORIENTED_EDGE('',*,*,#1293,.F.);
#1631=ORIENTED_EDGE('',*,*,#1294,.T.);
#1632=ORIENTED_EDGE('',*,*,#1221,.F.);
#1633=ORIENTED_EDGE('',*,*,#1294,.F.);
#1634=ORIENTED_EDGE('',*,*,#1238,.T.);
#1635=ORIENTED_EDGE('',*,*,#1295,.T.);
#1636=ORIENTED_EDGE('',*,*,#1296,.T.);
#1637=ORIENTED_EDGE('',*,*,#1295,.F.);
#1638=ORIENTED_EDGE('',*,*,#1297,.F.);
#1639=ORIENTED_EDGE('',*,*,#1298,.T.);
#1640=ORIENTED_EDGE('',*,*,#1296,.F.);
#1641=ORIENTED_EDGE('',*,*,#1298,.F.);
#1642=ORIENTED_EDGE('',*,*,#1292,.T.);
#1643=ORIENTED_EDGE('',*,*,#1299,.T.);
#1644=ORIENTED_EDGE('',*,*,#1300,.T.);
#1645=ORIENTED_EDGE('',*,*,#1299,.F.);
#1646=ORIENTED_EDGE('',*,*,#1301,.F.);
#1647=ORIENTED_EDGE('',*,*,#1302,.T.);
#1648=ORIENTED_EDGE('',*,*,#1300,.F.);
#1649=ORIENTED_EDGE('',*,*,#1302,.F.);
#1650=ORIENTED_EDGE('',*,*,#1303,.T.);
#1651=ORIENTED_EDGE('',*,*,#1141,.T.);
#1652=ORIENTED_EDGE('',*,*,#1304,.T.);
#1653=ORIENTED_EDGE('',*,*,#1305,.T.);
#1654=ORIENTED_EDGE('',*,*,#1306,.T.);
#1655=ORIENTED_EDGE('',*,*,#1307,.T.);
#1656=ORIENTED_EDGE('',*,*,#1304,.F.);
#1657=ORIENTED_EDGE('',*,*,#1140,.T.);
#1658=ORIENTED_EDGE('',*,*,#1308,.T.);
#1659=ORIENTED_EDGE('',*,*,#1309,.T.);
#1660=ORIENTED_EDGE('',*,*,#1306,.F.);
#1661=ORIENTED_EDGE('',*,*,#1139,.T.);
#1662=ORIENTED_EDGE('',*,*,#1310,.T.);
#1663=ORIENTED_EDGE('',*,*,#1311,.T.);
#1664=ORIENTED_EDGE('',*,*,#1308,.F.);
#1665=ORIENTED_EDGE('',*,*,#1312,.T.);
#1666=ORIENTED_EDGE('',*,*,#1313,.T.);
#1667=ORIENTED_EDGE('',*,*,#1314,.T.);
#1668=ORIENTED_EDGE('',*,*,#1315,.T.);
#1669=ORIENTED_EDGE('',*,*,#1310,.F.);
#1670=ORIENTED_EDGE('',*,*,#1137,.T.);
#1671=ORIENTED_EDGE('',*,*,#1316,.T.);
#1672=ORIENTED_EDGE('',*,*,#1317,.T.);
#1673=ORIENTED_EDGE('',*,*,#1314,.F.);
#1674=ORIENTED_EDGE('',*,*,#1136,.T.);
#1675=ORIENTED_EDGE('',*,*,#1318,.T.);
#1676=ORIENTED_EDGE('',*,*,#1319,.T.);
#1677=ORIENTED_EDGE('',*,*,#1316,.F.);
#1678=ORIENTED_EDGE('',*,*,#1135,.T.);
#1679=ORIENTED_EDGE('',*,*,#1320,.T.);
#1680=ORIENTED_EDGE('',*,*,#1321,.T.);
#1681=ORIENTED_EDGE('',*,*,#1318,.F.);
#1682=ORIENTED_EDGE('',*,*,#1322,.T.);
#1683=ORIENTED_EDGE('',*,*,#1323,.T.);
#1684=ORIENTED_EDGE('',*,*,#1324,.T.);
#1685=ORIENTED_EDGE('',*,*,#1325,.T.);
#1686=ORIENTED_EDGE('',*,*,#1320,.F.);
#1687=ORIENTED_EDGE('',*,*,#1133,.T.);
#1688=ORIENTED_EDGE('',*,*,#1326,.T.);
#1689=ORIENTED_EDGE('',*,*,#1327,.T.);
#1690=ORIENTED_EDGE('',*,*,#1324,.F.);
#1691=ORIENTED_EDGE('',*,*,#1150,.T.);
#1692=ORIENTED_EDGE('',*,*,#1328,.T.);
#1693=ORIENTED_EDGE('',*,*,#1329,.T.);
#1694=ORIENTED_EDGE('',*,*,#1326,.F.);
#1695=ORIENTED_EDGE('',*,*,#1149,.T.);
#1696=ORIENTED_EDGE('',*,*,#1330,.T.);
#1697=ORIENTED_EDGE('',*,*,#1331,.T.);
#1698=ORIENTED_EDGE('',*,*,#1328,.F.);
#1699=ORIENTED_EDGE('',*,*,#1332,.T.);
#1700=ORIENTED_EDGE('',*,*,#1333,.T.);
#1701=ORIENTED_EDGE('',*,*,#1334,.T.);
#1702=ORIENTED_EDGE('',*,*,#1330,.F.);
#1703=ORIENTED_EDGE('',*,*,#1146,.T.);
#1704=ORIENTED_EDGE('',*,*,#1335,.T.);
#1705=ORIENTED_EDGE('',*,*,#1336,.T.);
#1706=ORIENTED_EDGE('',*,*,#1333,.F.);
#1707=ORIENTED_EDGE('',*,*,#1145,.T.);
#1708=ORIENTED_EDGE('',*,*,#1337,.T.);
#1709=ORIENTED_EDGE('',*,*,#1338,.T.);
#1710=ORIENTED_EDGE('',*,*,#1335,.F.);
#1711=ORIENTED_EDGE('',*,*,#1144,.T.);
#1712=ORIENTED_EDGE('',*,*,#1303,.F.);
#1713=ORIENTED_EDGE('',*,*,#1339,.T.);
#1714=ORIENTED_EDGE('',*,*,#1337,.F.);
#1715=ORIENTED_EDGE('',*,*,#1340,.T.);
#1716=ORIENTED_EDGE('',*,*,#1327,.F.);
#1717=ORIENTED_EDGE('',*,*,#1341,.F.);
#1718=ORIENTED_EDGE('',*,*,#1230,.F.);
#1719=ORIENTED_EDGE('',*,*,#1342,.F.);
#1720=ORIENTED_EDGE('',*,*,#1329,.F.);
#1721=ORIENTED_EDGE('',*,*,#1343,.T.);
#1722=ORIENTED_EDGE('',*,*,#1231,.T.);
#1723=ORIENTED_EDGE('',*,*,#1341,.T.);
#1724=ORIENTED_EDGE('',*,*,#1331,.F.);
#1725=ORIENTED_EDGE('',*,*,#1344,.F.);
#1726=ORIENTED_EDGE('',*,*,#1232,.F.);
#1727=ORIENTED_EDGE('',*,*,#1343,.F.);
#1728=ORIENTED_EDGE('',*,*,#1334,.F.);
#1729=ORIENTED_EDGE('',*,*,#1345,.T.);
#1730=ORIENTED_EDGE('',*,*,#1233,.T.);
#1731=ORIENTED_EDGE('',*,*,#1344,.T.);
#1732=ORIENTED_EDGE('',*,*,#1336,.F.);
#1733=ORIENTED_EDGE('',*,*,#1346,.F.);
#1734=ORIENTED_EDGE('',*,*,#1234,.F.);
#1735=ORIENTED_EDGE('',*,*,#1345,.F.);
#1736=ORIENTED_EDGE('',*,*,#1338,.F.);
#1737=ORIENTED_EDGE('',*,*,#1347,.T.);
#1738=ORIENTED_EDGE('',*,*,#1235,.T.);
#1739=ORIENTED_EDGE('',*,*,#1346,.T.);
#1740=ORIENTED_EDGE('',*,*,#1339,.F.);
#1741=ORIENTED_EDGE('',*,*,#1348,.F.);
#1742=ORIENTED_EDGE('',*,*,#1236,.F.);
#1743=ORIENTED_EDGE('',*,*,#1347,.F.);
#1744=ORIENTED_EDGE('',*,*,#1305,.F.);
#1745=ORIENTED_EDGE('',*,*,#1349,.T.);
#1746=ORIENTED_EDGE('',*,*,#1237,.T.);
#1747=ORIENTED_EDGE('',*,*,#1348,.T.);
#1748=ORIENTED_EDGE('',*,*,#1315,.F.);
#1749=ORIENTED_EDGE('',*,*,#1350,.T.);
#1750=ORIENTED_EDGE('',*,*,#1225,.T.);
#1751=ORIENTED_EDGE('',*,*,#1351,.T.);
#1752=ORIENTED_EDGE('',*,*,#1317,.F.);
#1753=ORIENTED_EDGE('',*,*,#1352,.F.);
#1754=ORIENTED_EDGE('',*,*,#1226,.F.);
#1755=ORIENTED_EDGE('',*,*,#1350,.F.);
#1756=ORIENTED_EDGE('',*,*,#1309,.F.);
#1757=ORIENTED_EDGE('',*,*,#1353,.T.);
#1758=ORIENTED_EDGE('',*,*,#1223,.T.);
#1759=ORIENTED_EDGE('',*,*,#1354,.T.);
#1760=ORIENTED_EDGE('',*,*,#1311,.F.);
#1761=ORIENTED_EDGE('',*,*,#1351,.F.);
#1762=ORIENTED_EDGE('',*,*,#1224,.F.);
#1763=ORIENTED_EDGE('',*,*,#1353,.F.);
#1764=ORIENTED_EDGE('',*,*,#1307,.F.);
#1765=ORIENTED_EDGE('',*,*,#1354,.F.);
#1766=ORIENTED_EDGE('',*,*,#1222,.F.);
#1767=ORIENTED_EDGE('',*,*,#1349,.F.);
#1768=ORIENTED_EDGE('',*,*,#1325,.F.);
#1769=ORIENTED_EDGE('',*,*,#1342,.T.);
#1770=ORIENTED_EDGE('',*,*,#1229,.T.);
#1771=ORIENTED_EDGE('',*,*,#1355,.T.);
#1772=ORIENTED_EDGE('',*,*,#1319,.F.);
#1773=ORIENTED_EDGE('',*,*,#1356,.T.);
#1774=ORIENTED_EDGE('',*,*,#1227,.T.);
#1775=ORIENTED_EDGE('',*,*,#1352,.T.);
#1776=ORIENTED_EDGE('',*,*,#1321,.F.);
#1777=ORIENTED_EDGE('',*,*,#1355,.F.);
#1778=ORIENTED_EDGE('',*,*,#1228,.F.);
#1779=ORIENTED_EDGE('',*,*,#1356,.F.);
#1780=ORIENTED_EDGE('',*,*,#1357,.T.);
#1781=ORIENTED_EDGE('',*,*,#1358,.T.);
#1782=ORIENTED_EDGE('',*,*,#1359,.F.);
#1783=ORIENTED_EDGE('',*,*,#1360,.F.);
#1784=ORIENTED_EDGE('',*,*,#1358,.F.);
#1785=ORIENTED_EDGE('',*,*,#1239,.F.);
#1786=ORIENTED_EDGE('',*,*,#1361,.T.);
#1787=ORIENTED_EDGE('',*,*,#1357,.F.);
#1788=ORIENTED_EDGE('',*,*,#1361,.F.);
#1789=ORIENTED_EDGE('',*,*,#1362,.T.);
#1790=ORIENTED_EDGE('',*,*,#1363,.T.);
#1791=ORIENTED_EDGE('',*,*,#1364,.F.);
#1792=ORIENTED_EDGE('',*,*,#1365,.F.);
#1793=ORIENTED_EDGE('',*,*,#1363,.F.);
#1794=ORIENTED_EDGE('',*,*,#1240,.F.);
#1795=ORIENTED_EDGE('',*,*,#1366,.T.);
#1796=ORIENTED_EDGE('',*,*,#1362,.F.);
#1797=ORIENTED_EDGE('',*,*,#1366,.F.);
#1798=ORIENTED_EDGE('',*,*,#1367,.T.);
#1799=ORIENTED_EDGE('',*,*,#1368,.T.);
#1800=ORIENTED_EDGE('',*,*,#1369,.F.);
#1801=ORIENTED_EDGE('',*,*,#1370,.F.);
#1802=ORIENTED_EDGE('',*,*,#1368,.F.);
#1803=ORIENTED_EDGE('',*,*,#1241,.F.);
#1804=ORIENTED_EDGE('',*,*,#1371,.T.);
#1805=ORIENTED_EDGE('',*,*,#1367,.F.);
#1806=ORIENTED_EDGE('',*,*,#1371,.F.);
#1807=ORIENTED_EDGE('',*,*,#1372,.T.);
#1808=ORIENTED_EDGE('',*,*,#1373,.T.);
#1809=ORIENTED_EDGE('',*,*,#1374,.F.);
#1810=ORIENTED_EDGE('',*,*,#1375,.F.);
#1811=ORIENTED_EDGE('',*,*,#1373,.F.);
#1812=ORIENTED_EDGE('',*,*,#1242,.F.);
#1813=ORIENTED_EDGE('',*,*,#1376,.T.);
#1814=ORIENTED_EDGE('',*,*,#1372,.F.);
#1815=ORIENTED_EDGE('',*,*,#1376,.F.);
#1816=ORIENTED_EDGE('',*,*,#1377,.F.);
#1817=ORIENTED_EDGE('',*,*,#1378,.T.);
#1818=ORIENTED_EDGE('',*,*,#1152,.F.);
#1819=ORIENTED_EDGE('',*,*,#1378,.F.);
#1820=ORIENTED_EDGE('',*,*,#1377,.T.);
#1821=ORIENTED_EDGE('',*,*,#1301,.T.);
#1822=ORIENTED_EDGE('',*,*,#1379,.F.);
#1823=ORIENTED_EDGE('',*,*,#1380,.T.);
#1824=ORIENTED_EDGE('',*,*,#1153,.F.);
#1825=ORIENTED_EDGE('',*,*,#1380,.F.);
#1826=ORIENTED_EDGE('',*,*,#1379,.T.);
#1827=ORIENTED_EDGE('',*,*,#1293,.T.);
#1828=ORIENTED_EDGE('',*,*,#1381,.F.);
#1829=ORIENTED_EDGE('',*,*,#1382,.T.);
#1830=ORIENTED_EDGE('',*,*,#1154,.F.);
#1831=ORIENTED_EDGE('',*,*,#1382,.F.);
#1832=ORIENTED_EDGE('',*,*,#1381,.T.);
#1833=ORIENTED_EDGE('',*,*,#1297,.T.);
#1834=ORIENTED_EDGE('',*,*,#1278,.F.);
#1835=ORIENTED_EDGE('',*,*,#1383,.F.);
#1836=ORIENTED_EDGE('',*,*,#1169,.F.);
#1837=ORIENTED_EDGE('',*,*,#1384,.T.);
#1838=ORIENTED_EDGE('',*,*,#1279,.F.);
#1839=ORIENTED_EDGE('',*,*,#1384,.F.);
#1840=ORIENTED_EDGE('',*,*,#1168,.F.);
#1841=ORIENTED_EDGE('',*,*,#1385,.T.);
#1842=ORIENTED_EDGE('',*,*,#1280,.F.);
#1843=ORIENTED_EDGE('',*,*,#1385,.F.);
#1844=ORIENTED_EDGE('',*,*,#1167,.F.);
#1845=ORIENTED_EDGE('',*,*,#1386,.T.);
#1846=ORIENTED_EDGE('',*,*,#1281,.F.);
#1847=ORIENTED_EDGE('',*,*,#1386,.F.);
#1848=ORIENTED_EDGE('',*,*,#1166,.F.);
#1849=ORIENTED_EDGE('',*,*,#1387,.T.);
#1850=ORIENTED_EDGE('',*,*,#1282,.F.);
#1851=ORIENTED_EDGE('',*,*,#1387,.F.);
#1852=ORIENTED_EDGE('',*,*,#1165,.F.);
#1853=ORIENTED_EDGE('',*,*,#1388,.T.);
#1854=ORIENTED_EDGE('',*,*,#1283,.F.);
#1855=ORIENTED_EDGE('',*,*,#1388,.F.);
#1856=ORIENTED_EDGE('',*,*,#1164,.F.);
#1857=ORIENTED_EDGE('',*,*,#1389,.T.);
#1858=ORIENTED_EDGE('',*,*,#1284,.F.);
#1859=ORIENTED_EDGE('',*,*,#1389,.F.);
#1860=ORIENTED_EDGE('',*,*,#1163,.F.);
#1861=ORIENTED_EDGE('',*,*,#1390,.T.);
#1862=ORIENTED_EDGE('',*,*,#1285,.F.);
#1863=ORIENTED_EDGE('',*,*,#1390,.F.);
#1864=ORIENTED_EDGE('',*,*,#1162,.F.);
#1865=ORIENTED_EDGE('',*,*,#1391,.T.);
#1866=ORIENTED_EDGE('',*,*,#1286,.F.);
#1867=ORIENTED_EDGE('',*,*,#1391,.F.);
#1868=ORIENTED_EDGE('',*,*,#1161,.F.);
#1869=ORIENTED_EDGE('',*,*,#1392,.T.);
#1870=ORIENTED_EDGE('',*,*,#1287,.F.);
#1871=ORIENTED_EDGE('',*,*,#1392,.F.);
#1872=ORIENTED_EDGE('',*,*,#1160,.F.);
#1873=ORIENTED_EDGE('',*,*,#1393,.T.);
#1874=ORIENTED_EDGE('',*,*,#1288,.F.);
#1875=ORIENTED_EDGE('',*,*,#1393,.F.);
#1876=ORIENTED_EDGE('',*,*,#1159,.F.);
#1877=ORIENTED_EDGE('',*,*,#1394,.T.);
#1878=ORIENTED_EDGE('',*,*,#1289,.F.);
#1879=ORIENTED_EDGE('',*,*,#1394,.F.);
#1880=ORIENTED_EDGE('',*,*,#1158,.F.);
#1881=ORIENTED_EDGE('',*,*,#1395,.T.);
#1882=ORIENTED_EDGE('',*,*,#1290,.F.);
#1883=ORIENTED_EDGE('',*,*,#1395,.F.);
#1884=ORIENTED_EDGE('',*,*,#1157,.F.);
#1885=ORIENTED_EDGE('',*,*,#1396,.T.);
#1886=ORIENTED_EDGE('',*,*,#1291,.F.);
#1887=ORIENTED_EDGE('',*,*,#1396,.F.);
#1888=ORIENTED_EDGE('',*,*,#1156,.F.);
#1889=ORIENTED_EDGE('',*,*,#1397,.T.);
#1890=ORIENTED_EDGE('',*,*,#1263,.F.);
#1891=ORIENTED_EDGE('',*,*,#1397,.F.);
#1892=ORIENTED_EDGE('',*,*,#1155,.F.);
#1893=ORIENTED_EDGE('',*,*,#1398,.T.);
#1894=ORIENTED_EDGE('',*,*,#1264,.F.);
#1895=ORIENTED_EDGE('',*,*,#1398,.F.);
#1896=ORIENTED_EDGE('',*,*,#1183,.F.);
#1897=ORIENTED_EDGE('',*,*,#1399,.T.);
#1898=ORIENTED_EDGE('',*,*,#1265,.F.);
#1899=ORIENTED_EDGE('',*,*,#1399,.F.);
#1900=ORIENTED_EDGE('',*,*,#1182,.F.);
#1901=ORIENTED_EDGE('',*,*,#1400,.T.);
#1902=ORIENTED_EDGE('',*,*,#1266,.F.);
#1903=ORIENTED_EDGE('',*,*,#1400,.F.);
#1904=ORIENTED_EDGE('',*,*,#1181,.F.);
#1905=ORIENTED_EDGE('',*,*,#1401,.T.);
#1906=ORIENTED_EDGE('',*,*,#1267,.F.);
#1907=ORIENTED_EDGE('',*,*,#1401,.F.);
#1908=ORIENTED_EDGE('',*,*,#1180,.F.);
#1909=ORIENTED_EDGE('',*,*,#1402,.T.);
#1910=ORIENTED_EDGE('',*,*,#1268,.F.);
#1911=ORIENTED_EDGE('',*,*,#1402,.F.);
#1912=ORIENTED_EDGE('',*,*,#1179,.F.);
#1913=ORIENTED_EDGE('',*,*,#1403,.T.);
#1914=ORIENTED_EDGE('',*,*,#1269,.F.);
#1915=ORIENTED_EDGE('',*,*,#1403,.F.);
#1916=ORIENTED_EDGE('',*,*,#1178,.F.);
#1917=ORIENTED_EDGE('',*,*,#1404,.T.);
#1918=ORIENTED_EDGE('',*,*,#1270,.F.);
#1919=ORIENTED_EDGE('',*,*,#1404,.F.);
#1920=ORIENTED_EDGE('',*,*,#1177,.F.);
#1921=ORIENTED_EDGE('',*,*,#1405,.T.);
#1922=ORIENTED_EDGE('',*,*,#1271,.F.);
#1923=ORIENTED_EDGE('',*,*,#1405,.F.);
#1924=ORIENTED_EDGE('',*,*,#1176,.F.);
#1925=ORIENTED_EDGE('',*,*,#1406,.T.);
#1926=ORIENTED_EDGE('',*,*,#1272,.F.);
#1927=ORIENTED_EDGE('',*,*,#1406,.F.);
#1928=ORIENTED_EDGE('',*,*,#1175,.F.);
#1929=ORIENTED_EDGE('',*,*,#1407,.T.);
#1930=ORIENTED_EDGE('',*,*,#1273,.F.);
#1931=ORIENTED_EDGE('',*,*,#1407,.F.);
#1932=ORIENTED_EDGE('',*,*,#1174,.F.);
#1933=ORIENTED_EDGE('',*,*,#1408,.T.);
#1934=ORIENTED_EDGE('',*,*,#1274,.F.);
#1935=ORIENTED_EDGE('',*,*,#1408,.F.);
#1936=ORIENTED_EDGE('',*,*,#1173,.F.);
#1937=ORIENTED_EDGE('',*,*,#1409,.T.);
#1938=ORIENTED_EDGE('',*,*,#1275,.F.);
#1939=ORIENTED_EDGE('',*,*,#1409,.F.);
#1940=ORIENTED_EDGE('',*,*,#1172,.F.);
#1941=ORIENTED_EDGE('',*,*,#1410,.T.);
#1942=ORIENTED_EDGE('',*,*,#1276,.F.);
#1943=ORIENTED_EDGE('',*,*,#1410,.F.);
#1944=ORIENTED_EDGE('',*,*,#1171,.F.);
#1945=ORIENTED_EDGE('',*,*,#1411,.T.);
#1946=ORIENTED_EDGE('',*,*,#1277,.F.);
#1947=ORIENTED_EDGE('',*,*,#1411,.F.);
#1948=ORIENTED_EDGE('',*,*,#1170,.F.);
#1949=ORIENTED_EDGE('',*,*,#1383,.T.);
#1950=ORIENTED_EDGE('',*,*,#1253,.F.);
#1951=ORIENTED_EDGE('',*,*,#1412,.F.);
#1952=ORIENTED_EDGE('',*,*,#1194,.F.);
#1953=ORIENTED_EDGE('',*,*,#1413,.T.);
#1954=ORIENTED_EDGE('',*,*,#1254,.F.);
#1955=ORIENTED_EDGE('',*,*,#1413,.F.);
#1956=ORIENTED_EDGE('',*,*,#1193,.F.);
#1957=ORIENTED_EDGE('',*,*,#1414,.T.);
#1958=ORIENTED_EDGE('',*,*,#1255,.F.);
#1959=ORIENTED_EDGE('',*,*,#1414,.F.);
#1960=ORIENTED_EDGE('',*,*,#1192,.F.);
#1961=ORIENTED_EDGE('',*,*,#1415,.T.);
#1962=ORIENTED_EDGE('',*,*,#1256,.F.);
#1963=ORIENTED_EDGE('',*,*,#1415,.F.);
#1964=ORIENTED_EDGE('',*,*,#1191,.F.);
#1965=ORIENTED_EDGE('',*,*,#1416,.T.);
#1966=ORIENTED_EDGE('',*,*,#1257,.F.);
#1967=ORIENTED_EDGE('',*,*,#1416,.F.);
#1968=ORIENTED_EDGE('',*,*,#1190,.F.);
#1969=ORIENTED_EDGE('',*,*,#1417,.T.);
#1970=ORIENTED_EDGE('',*,*,#1258,.F.);
#1971=ORIENTED_EDGE('',*,*,#1417,.F.);
#1972=ORIENTED_EDGE('',*,*,#1189,.F.);
#1973=ORIENTED_EDGE('',*,*,#1418,.T.);
#1974=ORIENTED_EDGE('',*,*,#1259,.F.);
#1975=ORIENTED_EDGE('',*,*,#1418,.F.);
#1976=ORIENTED_EDGE('',*,*,#1188,.F.);
#1977=ORIENTED_EDGE('',*,*,#1419,.T.);
#1978=ORIENTED_EDGE('',*,*,#1260,.F.);
#1979=ORIENTED_EDGE('',*,*,#1419,.F.);
#1980=ORIENTED_EDGE('',*,*,#1187,.F.);
#1981=ORIENTED_EDGE('',*,*,#1420,.T.);
#1982=ORIENTED_EDGE('',*,*,#1261,.F.);
#1983=ORIENTED_EDGE('',*,*,#1420,.F.);
#1984=ORIENTED_EDGE('',*,*,#1186,.F.);
#1985=ORIENTED_EDGE('',*,*,#1421,.T.);
#1986=ORIENTED_EDGE('',*,*,#1262,.F.);
#1987=ORIENTED_EDGE('',*,*,#1421,.F.);
#1988=ORIENTED_EDGE('',*,*,#1185,.F.);
#1989=ORIENTED_EDGE('',*,*,#1422,.T.);
#1990=ORIENTED_EDGE('',*,*,#1243,.F.);
#1991=ORIENTED_EDGE('',*,*,#1422,.F.);
#1992=ORIENTED_EDGE('',*,*,#1184,.F.);
#1993=ORIENTED_EDGE('',*,*,#1423,.T.);
#1994=ORIENTED_EDGE('',*,*,#1244,.F.);
#1995=ORIENTED_EDGE('',*,*,#1423,.F.);
#1996=ORIENTED_EDGE('',*,*,#1203,.F.);
#1997=ORIENTED_EDGE('',*,*,#1424,.T.);
#1998=ORIENTED_EDGE('',*,*,#1245,.F.);
#1999=ORIENTED_EDGE('',*,*,#1424,.F.);
#2000=ORIENTED_EDGE('',*,*,#1202,.F.);
#2001=ORIENTED_EDGE('',*,*,#1425,.T.);
#2002=ORIENTED_EDGE('',*,*,#1246,.F.);
#2003=ORIENTED_EDGE('',*,*,#1425,.F.);
#2004=ORIENTED_EDGE('',*,*,#1201,.F.);
#2005=ORIENTED_EDGE('',*,*,#1426,.T.);
#2006=ORIENTED_EDGE('',*,*,#1247,.F.);
#2007=ORIENTED_EDGE('',*,*,#1426,.F.);
#2008=ORIENTED_EDGE('',*,*,#1200,.F.);
#2009=ORIENTED_EDGE('',*,*,#1427,.T.);
#2010=ORIENTED_EDGE('',*,*,#1248,.F.);
#2011=ORIENTED_EDGE('',*,*,#1427,.F.);
#2012=ORIENTED_EDGE('',*,*,#1199,.F.);
#2013=ORIENTED_EDGE('',*,*,#1428,.T.);
#2014=ORIENTED_EDGE('',*,*,#1249,.F.);
#2015=ORIENTED_EDGE('',*,*,#1428,.F.);
#2016=ORIENTED_EDGE('',*,*,#1198,.F.);
#2017=ORIENTED_EDGE('',*,*,#1429,.T.);
#2018=ORIENTED_EDGE('',*,*,#1250,.F.);
#2019=ORIENTED_EDGE('',*,*,#1429,.F.);
#2020=ORIENTED_EDGE('',*,*,#1197,.F.);
#2021=ORIENTED_EDGE('',*,*,#1430,.T.);
#2022=ORIENTED_EDGE('',*,*,#1251,.F.);
#2023=ORIENTED_EDGE('',*,*,#1430,.F.);
#2024=ORIENTED_EDGE('',*,*,#1196,.F.);
#2025=ORIENTED_EDGE('',*,*,#1431,.T.);
#2026=ORIENTED_EDGE('',*,*,#1252,.F.);
#2027=ORIENTED_EDGE('',*,*,#1431,.F.);
#2028=ORIENTED_EDGE('',*,*,#1195,.F.);
#2029=ORIENTED_EDGE('',*,*,#1412,.T.);
#2030=ORIENTED_EDGE('',*,*,#1204,.F.);
#2031=ORIENTED_EDGE('',*,*,#1432,.T.);
#2032=ORIENTED_EDGE('',*,*,#1433,.F.);
#2033=ORIENTED_EDGE('',*,*,#1434,.F.);
#2034=ORIENTED_EDGE('',*,*,#1205,.F.);
#2035=ORIENTED_EDGE('',*,*,#1434,.T.);
#2036=ORIENTED_EDGE('',*,*,#1435,.F.);
#2037=ORIENTED_EDGE('',*,*,#1436,.F.);
#2038=ORIENTED_EDGE('',*,*,#1206,.F.);
#2039=ORIENTED_EDGE('',*,*,#1436,.T.);
#2040=ORIENTED_EDGE('',*,*,#1437,.F.);
#2041=ORIENTED_EDGE('',*,*,#1438,.F.);
#2042=ORIENTED_EDGE('',*,*,#1207,.F.);
#2043=ORIENTED_EDGE('',*,*,#1438,.T.);
#2044=ORIENTED_EDGE('',*,*,#1439,.F.);
#2045=ORIENTED_EDGE('',*,*,#1432,.F.);
#2046=ORIENTED_EDGE('',*,*,#1439,.T.);
#2047=ORIENTED_EDGE('',*,*,#1437,.T.);
#2048=ORIENTED_EDGE('',*,*,#1435,.T.);
#2049=ORIENTED_EDGE('',*,*,#1433,.T.);
#2050=ORIENTED_EDGE('',*,*,#1208,.F.);
#2051=ORIENTED_EDGE('',*,*,#1440,.T.);
#2052=ORIENTED_EDGE('',*,*,#1441,.F.);
#2053=ORIENTED_EDGE('',*,*,#1442,.F.);
#2054=ORIENTED_EDGE('',*,*,#1209,.F.);
#2055=ORIENTED_EDGE('',*,*,#1442,.T.);
#2056=ORIENTED_EDGE('',*,*,#1443,.F.);
#2057=ORIENTED_EDGE('',*,*,#1444,.F.);
#2058=ORIENTED_EDGE('',*,*,#1210,.F.);
#2059=ORIENTED_EDGE('',*,*,#1444,.T.);
#2060=ORIENTED_EDGE('',*,*,#1445,.F.);
#2061=ORIENTED_EDGE('',*,*,#1446,.F.);
#2062=ORIENTED_EDGE('',*,*,#1211,.F.);
#2063=ORIENTED_EDGE('',*,*,#1446,.T.);
#2064=ORIENTED_EDGE('',*,*,#1447,.F.);
#2065=ORIENTED_EDGE('',*,*,#1440,.F.);
#2066=ORIENTED_EDGE('',*,*,#1447,.T.);
#2067=ORIENTED_EDGE('',*,*,#1445,.T.);
#2068=ORIENTED_EDGE('',*,*,#1443,.T.);
#2069=ORIENTED_EDGE('',*,*,#1441,.T.);
#2070=ORIENTED_EDGE('',*,*,#1340,.F.);
#2071=ORIENTED_EDGE('',*,*,#1143,.F.);
#2072=ORIENTED_EDGE('',*,*,#1448,.T.);
#2073=ORIENTED_EDGE('',*,*,#1369,.T.);
#2074=ORIENTED_EDGE('',*,*,#1370,.T.);
#2075=ORIENTED_EDGE('',*,*,#1448,.F.);
#2076=ORIENTED_EDGE('',*,*,#1142,.F.);
#2077=ORIENTED_EDGE('',*,*,#1138,.F.);
#2078=ORIENTED_EDGE('',*,*,#1313,.F.);
#2079=ORIENTED_EDGE('',*,*,#1449,.T.);
#2080=ORIENTED_EDGE('',*,*,#1364,.T.);
#2081=ORIENTED_EDGE('',*,*,#1365,.T.);
#2082=ORIENTED_EDGE('',*,*,#1449,.F.);
#2083=ORIENTED_EDGE('',*,*,#1312,.F.);
#2084=ORIENTED_EDGE('',*,*,#1332,.F.);
#2085=ORIENTED_EDGE('',*,*,#1148,.F.);
#2086=ORIENTED_EDGE('',*,*,#1450,.T.);
#2087=ORIENTED_EDGE('',*,*,#1374,.T.);
#2088=ORIENTED_EDGE('',*,*,#1375,.T.);
#2089=ORIENTED_EDGE('',*,*,#1450,.F.);
#2090=ORIENTED_EDGE('',*,*,#1147,.F.);
#2091=ORIENTED_EDGE('',*,*,#1134,.F.);
#2092=ORIENTED_EDGE('',*,*,#1323,.F.);
#2093=ORIENTED_EDGE('',*,*,#1451,.T.);
#2094=ORIENTED_EDGE('',*,*,#1359,.T.);
#2095=ORIENTED_EDGE('',*,*,#1360,.T.);
#2096=ORIENTED_EDGE('',*,*,#1451,.F.);
#2097=ORIENTED_EDGE('',*,*,#1322,.F.);
#2098=CONICAL_SURFACE('',#2251,2.5,0.785398163397449);
#2099=CONICAL_SURFACE('',#2295,2.5,0.785398163397449);
#2100=CONICAL_SURFACE('',#2300,2.5,0.785398163397449);
#2101=CONICAL_SURFACE('',#2343,2.5,0.785398163397448);
#2102=CONICAL_SURFACE('',#2347,2.5,0.785398163397449);
#2103=CONICAL_SURFACE('',#2417,2.375,0.785398163397448);
#2104=CONICAL_SURFACE('',#2422,2.375,0.785398163397448);
#2105=CONICAL_SURFACE('',#2427,2.375,0.785398163397448);
#2106=CONICAL_SURFACE('',#2432,2.375,0.785398163397448);
#2107=ADVANCED_FACE('',(#150),#2098,.F.);
#2108=ADVANCED_FACE('',(#151,#78,#79,#80,#81,#82,#83,#84,#85,#86),#101,
 .T.);
#2109=ADVANCED_FACE('',(#152),#27,.F.);
#2110=ADVANCED_FACE('',(#153),#2099,.F.);
#2111=ADVANCED_FACE('',(#154),#28,.F.);
#2112=ADVANCED_FACE('',(#155),#2100,.F.);
#2113=ADVANCED_FACE('',(#156,#87,#88,#89,#90,#91,#92,#93,#94,#95,#96,#97),
#102,.F.);
#2114=ADVANCED_FACE('',(#157),#29,.F.);
#2115=ADVANCED_FACE('',(#158),#2101,.F.);
#2116=ADVANCED_FACE('',(#159),#30,.F.);
#2117=ADVANCED_FACE('',(#160),#2102,.F.);
#2118=ADVANCED_FACE('',(#161),#31,.F.);
#2119=ADVANCED_FACE('',(#162),#15,.T.);
#2120=ADVANCED_FACE('',(#163),#32,.T.);
#2121=ADVANCED_FACE('',(#164),#16,.T.);
#2122=ADVANCED_FACE('',(#165),#17,.T.);
#2123=ADVANCED_FACE('',(#166),#18,.T.);
#2124=ADVANCED_FACE('',(#167),#33,.T.);
#2125=ADVANCED_FACE('',(#168),#19,.T.);
#2126=ADVANCED_FACE('',(#169),#20,.T.);
#2127=ADVANCED_FACE('',(#170),#21,.T.);
#2128=ADVANCED_FACE('',(#171),#34,.T.);
#2129=ADVANCED_FACE('',(#172),#22,.T.);
#2130=ADVANCED_FACE('',(#173),#23,.T.);
#2131=ADVANCED_FACE('',(#174),#24,.T.);
#2132=ADVANCED_FACE('',(#175),#35,.T.);
#2133=ADVANCED_FACE('',(#176),#25,.T.);
#2134=ADVANCED_FACE('',(#177),#26,.T.);
#2135=ADVANCED_FACE('',(#178),#103,.T.);
#2136=ADVANCED_FACE('',(#179),#36,.F.);
#2137=ADVANCED_FACE('',(#180),#37,.T.);
#2138=ADVANCED_FACE('',(#181),#38,.F.);
#2139=ADVANCED_FACE('',(#182),#104,.T.);
#2140=ADVANCED_FACE('',(#183),#39,.F.);
#2141=ADVANCED_FACE('',(#184),#40,.T.);
#2142=ADVANCED_FACE('',(#185),#41,.F.);
#2143=ADVANCED_FACE('',(#186),#42,.F.);
#2144=ADVANCED_FACE('',(#187),#105,.T.);
#2145=ADVANCED_FACE('',(#188),#43,.F.);
#2146=ADVANCED_FACE('',(#189),#44,.T.);
#2147=ADVANCED_FACE('',(#190),#106,.T.);
#2148=ADVANCED_FACE('',(#191),#45,.F.);
#2149=ADVANCED_FACE('',(#192),#46,.F.);
#2150=ADVANCED_FACE('',(#193),#47,.T.);
#2151=ADVANCED_FACE('',(#194),#2103,.F.);
#2152=ADVANCED_FACE('',(#195),#48,.F.);
#2153=ADVANCED_FACE('',(#196),#2104,.F.);
#2154=ADVANCED_FACE('',(#197),#49,.F.);
#2155=ADVANCED_FACE('',(#198),#2105,.F.);
#2156=ADVANCED_FACE('',(#199),#50,.F.);
#2157=ADVANCED_FACE('',(#200),#2106,.F.);
#2158=ADVANCED_FACE('',(#201),#51,.F.);
#2159=ADVANCED_FACE('',(#202),#52,.T.);
#2160=ADVANCED_FACE('',(#203,#98),#107,.T.);
#2161=ADVANCED_FACE('',(#204),#53,.T.);
#2162=ADVANCED_FACE('',(#205,#99),#108,.T.);
#2163=ADVANCED_FACE('',(#206),#54,.T.);
#2164=ADVANCED_FACE('',(#207,#100),#109,.T.);
#2165=ADVANCED_FACE('',(#208),#110,.F.);
#2166=ADVANCED_FACE('',(#209),#55,.F.);
#2167=ADVANCED_FACE('',(#210),#111,.F.);
#2168=ADVANCED_FACE('',(#211),#112,.F.);
#2169=ADVANCED_FACE('',(#212),#113,.F.);
#2170=ADVANCED_FACE('',(#213),#56,.F.);
#2171=ADVANCED_FACE('',(#214),#114,.F.);
#2172=ADVANCED_FACE('',(#215),#57,.F.);
#2173=ADVANCED_FACE('',(#216),#115,.F.);
#2174=ADVANCED_FACE('',(#217),#58,.F.);
#2175=ADVANCED_FACE('',(#218),#116,.F.);
#2176=ADVANCED_FACE('',(#219),#117,.F.);
#2177=ADVANCED_FACE('',(#220),#59,.F.);
#2178=ADVANCED_FACE('',(#221),#118,.F.);
#2179=ADVANCED_FACE('',(#222),#119,.F.);
#2180=ADVANCED_FACE('',(#223),#120,.F.);
#2181=ADVANCED_FACE('',(#224),#60,.F.);
#2182=ADVANCED_FACE('',(#225),#121,.F.);
#2183=ADVANCED_FACE('',(#226),#61,.F.);
#2184=ADVANCED_FACE('',(#227),#122,.F.);
#2185=ADVANCED_FACE('',(#228),#62,.F.);
#2186=ADVANCED_FACE('',(#229),#123,.F.);
#2187=ADVANCED_FACE('',(#230),#63,.F.);
#2188=ADVANCED_FACE('',(#231),#124,.F.);
#2189=ADVANCED_FACE('',(#232),#125,.F.);
#2190=ADVANCED_FACE('',(#233),#126,.F.);
#2191=ADVANCED_FACE('',(#234),#64,.F.);
#2192=ADVANCED_FACE('',(#235),#127,.F.);
#2193=ADVANCED_FACE('',(#236),#65,.F.);
#2194=ADVANCED_FACE('',(#237),#128,.F.);
#2195=ADVANCED_FACE('',(#238),#129,.F.);
#2196=ADVANCED_FACE('',(#239),#66,.F.);
#2197=ADVANCED_FACE('',(#240),#130,.F.);
#2198=ADVANCED_FACE('',(#241),#67,.F.);
#2199=ADVANCED_FACE('',(#242),#131,.F.);
#2200=ADVANCED_FACE('',(#243),#68,.F.);
#2201=ADVANCED_FACE('',(#244),#132,.F.);
#2202=ADVANCED_FACE('',(#245),#69,.F.);
#2203=ADVANCED_FACE('',(#246),#133,.F.);
#2204=ADVANCED_FACE('',(#247),#134,.F.);
#2205=ADVANCED_FACE('',(#248),#135,.F.);
#2206=ADVANCED_FACE('',(#249),#70,.F.);
#2207=ADVANCED_FACE('',(#250),#136,.F.);
#2208=ADVANCED_FACE('',(#251),#71,.F.);
#2209=ADVANCED_FACE('',(#252),#137,.F.);
#2210=ADVANCED_FACE('',(#253),#72,.F.);
#2211=ADVANCED_FACE('',(#254),#138,.F.);
#2212=ADVANCED_FACE('',(#255),#73,.F.);
#2213=ADVANCED_FACE('',(#256),#139,.F.);
#2214=ADVANCED_FACE('',(#257),#140,.T.);
#2215=ADVANCED_FACE('',(#258),#141,.T.);
#2216=ADVANCED_FACE('',(#259),#142,.T.);
#2217=ADVANCED_FACE('',(#260),#143,.T.);
#2218=ADVANCED_FACE('',(#261),#144,.T.);
#2219=ADVANCED_FACE('',(#262),#145,.T.);
#2220=ADVANCED_FACE('',(#263),#146,.T.);
#2221=ADVANCED_FACE('',(#264),#147,.T.);
#2222=ADVANCED_FACE('',(#265),#148,.T.);
#2223=ADVANCED_FACE('',(#266),#149,.T.);
#2224=ADVANCED_FACE('',(#267),#74,.F.);
#2225=ADVANCED_FACE('',(#268),#75,.F.);
#2226=ADVANCED_FACE('',(#269),#76,.F.);
#2227=ADVANCED_FACE('',(#270),#77,.F.);
#2228=CLOSED_SHELL('',(#2107,#2108,#2109,#2110,#2111,#2112,#2113,#2114,
#2115,#2116,#2117,#2118,#2119,#2120,#2121,#2122,#2123,#2124,#2125,#2126,
#2127,#2128,#2129,#2130,#2131,#2132,#2133,#2134,#2135,#2136,#2137,#2138,
#2139,#2140,#2141,#2142,#2143,#2144,#2145,#2146,#2147,#2148,#2149,#2150,
#2151,#2152,#2153,#2154,#2155,#2156,#2157,#2158,#2159,#2160,#2161,#2162,
#2163,#2164,#2165,#2166,#2167,#2168,#2169,#2170,#2171,#2172,#2173,#2174,
#2175,#2176,#2177,#2178,#2179,#2180,#2181,#2182,#2183,#2184,#2185,#2186,
#2187,#2188,#2189,#2190,#2191,#2192,#2193,#2194,#2195,#2196,#2197,#2198,
#2199,#2200,#2201,#2202,#2203,#2204,#2205,#2206,#2207,#2208,#2209,#2210,
#2211,#2212,#2213,#2214,#2215,#2216,#2217,#2218,#2219,#2220,#2221,#2222,
#2223,#2224,#2225,#2226,#2227));
#2229=DERIVED_UNIT_ELEMENT(#2232,1.);
#2230=DERIVED_UNIT_ELEMENT(#3868,-3.);
#2231=DIMENSIONAL_EXPONENTS(0.,1.,0.,0.,0.,0.,0.);
#2232=(
CONVERSION_BASED_UNIT('gram',#2234)
MASS_UNIT()
NAMED_UNIT(#2231)
);
#2233=(
MASS_UNIT()
NAMED_UNIT(*)
SI_UNIT(.KILO.,.GRAM.)
);
#2234=MASS_MEASURE_WITH_UNIT(MASS_MEASURE(0.001),#2233);
#2235=DERIVED_UNIT((#2229,#2230));
#2236=MEASURE_REPRESENTATION_ITEM('density measure',
POSITIVE_RATIO_MEASURE(0.93),#2235);
#2237=PROPERTY_DEFINITION_REPRESENTATION(#2242,#2239);
#2238=PROPERTY_DEFINITION_REPRESENTATION(#2243,#2240);
#2239=REPRESENTATION('material name',(#2241),#3865);
#2240=REPRESENTATION('density',(#2236),#3865);
#2241=DESCRIPTIVE_REPRESENTATION_ITEM('Gummi','Gummi');
#2242=PROPERTY_DEFINITION('material property','material name',#3875);
#2243=PROPERTY_DEFINITION('material property','density of part',#3875);
#2244=DATE_TIME_ROLE('creation_date');
#2245=APPLIED_DATE_AND_TIME_ASSIGNMENT(#2246,#2244,(#3875));
#2246=DATE_AND_TIME(#2247,#2248);
#2247=CALENDAR_DATE(2025,26,1);
#2248=LOCAL_TIME(0,0,0.,#2249);
#2249=COORDINATED_UNIVERSAL_TIME_OFFSET(0,0,.BEHIND.);
#2250=AXIS2_PLACEMENT_3D('',#3213,#2509,#2510);
#2251=AXIS2_PLACEMENT_3D('',#3214,#2511,#2512);
#2252=AXIS2_PLACEMENT_3D('',#3216,#2513,#2514);
#2253=AXIS2_PLACEMENT_3D('',#3220,#2516,#2517);
#2254=AXIS2_PLACEMENT_3D('',#3221,#2518,#2519);
#2255=AXIS2_PLACEMENT_3D('',#3222,#2520,#2521);
#2256=AXIS2_PLACEMENT_3D('',#3225,#2522,#2523);
#2257=AXIS2_PLACEMENT_3D('',#3227,#2524,#2525);
#2258=AXIS2_PLACEMENT_3D('',#3229,#2526,#2527);
#2259=AXIS2_PLACEMENT_3D('',#3233,#2529,#2530);
#2260=AXIS2_PLACEMENT_3D('',#3235,#2531,#2532);
#2261=AXIS2_PLACEMENT_3D('',#3237,#2533,#2534);
#2262=AXIS2_PLACEMENT_3D('',#3241,#2536,#2537);
#2263=AXIS2_PLACEMENT_3D('',#3243,#2538,#2539);
#2264=AXIS2_PLACEMENT_3D('',#3245,#2540,#2541);
#2265=AXIS2_PLACEMENT_3D('',#3247,#2542,#2543);
#2266=AXIS2_PLACEMENT_3D('',#3251,#2545,#2546);
#2267=AXIS2_PLACEMENT_3D('',#3253,#2547,#2548);
#2268=AXIS2_PLACEMENT_3D('',#3255,#2549,#2550);
#2269=AXIS2_PLACEMENT_3D('',#3257,#2551,#2552);
#2270=AXIS2_PLACEMENT_3D('',#3260,#2554,#2555);
#2271=AXIS2_PLACEMENT_3D('',#3262,#2556,#2557);
#2272=AXIS2_PLACEMENT_3D('',#3264,#2558,#2559);
#2273=AXIS2_PLACEMENT_3D('',#3266,#2560,#2561);
#2274=AXIS2_PLACEMENT_3D('',#3273,#2564,#2565);
#2275=AXIS2_PLACEMENT_3D('',#3279,#2568,#2569);
#2276=AXIS2_PLACEMENT_3D('',#3283,#2571,#2572);
#2277=AXIS2_PLACEMENT_3D('',#3287,#2574,#2575);
#2278=AXIS2_PLACEMENT_3D('',#3295,#2579,#2580);
#2279=AXIS2_PLACEMENT_3D('',#3299,#2582,#2583);
#2280=AXIS2_PLACEMENT_3D('',#3303,#2585,#2586);
#2281=AXIS2_PLACEMENT_3D('',#3311,#2590,#2591);
#2282=AXIS2_PLACEMENT_3D('',#3315,#2593,#2594);
#2283=AXIS2_PLACEMENT_3D('',#3319,#2596,#2597);
#2284=AXIS2_PLACEMENT_3D('',#3323,#2599,#2600);
#2285=AXIS2_PLACEMENT_3D('',#3331,#2604,#2605);
#2286=AXIS2_PLACEMENT_3D('',#3335,#2607,#2608);
#2287=AXIS2_PLACEMENT_3D('',#3339,#2610,#2611);
#2288=AXIS2_PLACEMENT_3D('',#3343,#2613,#2614);
#2289=AXIS2_PLACEMENT_3D('',#3351,#2618,#2619);
#2290=AXIS2_PLACEMENT_3D('',#3355,#2621,#2622);
#2291=AXIS2_PLACEMENT_3D('',#3359,#2624,#2625);
#2292=AXIS2_PLACEMENT_3D('',#3363,#2627,#2628);
#2293=AXIS2_PLACEMENT_3D('',#3381,#2638,#2639);
#2294=AXIS2_PLACEMENT_3D('',#3384,#2641,#2642);
#2295=AXIS2_PLACEMENT_3D('',#3385,#2643,#2644);
#2296=AXIS2_PLACEMENT_3D('',#3389,#2646,#2647);
#2297=AXIS2_PLACEMENT_3D('',#3390,#2648,#2649);
#2298=AXIS2_PLACEMENT_3D('',#3391,#2650,#2651);
#2299=AXIS2_PLACEMENT_3D('',#3394,#2653,#2654);
#2300=AXIS2_PLACEMENT_3D('',#3395,#2655,#2656);
#2301=AXIS2_PLACEMENT_3D('',#3397,#2657,#2658);
#2302=AXIS2_PLACEMENT_3D('',#3400,#2660,#2661);
#2303=AXIS2_PLACEMENT_3D('',#3401,#2662,#2663);
#2304=AXIS2_PLACEMENT_3D('',#3406,#2665,#2666);
#2305=AXIS2_PLACEMENT_3D('',#3408,#2667,#2668);
#2306=AXIS2_PLACEMENT_3D('',#3410,#2669,#2670);
#2307=AXIS2_PLACEMENT_3D('',#3414,#2672,#2673);
#2308=AXIS2_PLACEMENT_3D('',#3416,#2674,#2675);
#2309=AXIS2_PLACEMENT_3D('',#3418,#2676,#2677);
#2310=AXIS2_PLACEMENT_3D('',#3422,#2679,#2680);
#2311=AXIS2_PLACEMENT_3D('',#3424,#2681,#2682);
#2312=AXIS2_PLACEMENT_3D('',#3426,#2683,#2684);
#2313=AXIS2_PLACEMENT_3D('',#3430,#2686,#2687);
#2314=AXIS2_PLACEMENT_3D('',#3432,#2688,#2689);
#2315=AXIS2_PLACEMENT_3D('',#3433,#2690,#2691);
#2316=AXIS2_PLACEMENT_3D('',#3435,#2692,#2693);
#2317=AXIS2_PLACEMENT_3D('',#3437,#2694,#2695);
#2318=AXIS2_PLACEMENT_3D('',#3439,#2696,#2697);
#2319=AXIS2_PLACEMENT_3D('',#3441,#2698,#2699);
#2320=AXIS2_PLACEMENT_3D('',#3443,#2700,#2701);
#2321=AXIS2_PLACEMENT_3D('',#3450,#2704,#2705);
#2322=AXIS2_PLACEMENT_3D('',#3454,#2707,#2708);
#2323=AXIS2_PLACEMENT_3D('',#3458,#2710,#2711);
#2324=AXIS2_PLACEMENT_3D('',#3462,#2713,#2714);
#2325=AXIS2_PLACEMENT_3D('',#3470,#2718,#2719);
#2326=AXIS2_PLACEMENT_3D('',#3474,#2721,#2722);
#2327=AXIS2_PLACEMENT_3D('',#3478,#2724,#2725);
#2328=AXIS2_PLACEMENT_3D('',#3482,#2727,#2728);
#2329=AXIS2_PLACEMENT_3D('',#3490,#2732,#2733);
#2330=AXIS2_PLACEMENT_3D('',#3494,#2735,#2736);
#2331=AXIS2_PLACEMENT_3D('',#3498,#2738,#2739);
#2332=AXIS2_PLACEMENT_3D('',#3502,#2741,#2742);
#2333=AXIS2_PLACEMENT_3D('',#3510,#2746,#2747);
#2334=AXIS2_PLACEMENT_3D('',#3514,#2749,#2750);
#2335=AXIS2_PLACEMENT_3D('',#3518,#2752,#2753);
#2336=AXIS2_PLACEMENT_3D('',#3526,#2757,#2758);
#2337=AXIS2_PLACEMENT_3D('',#3530,#2760,#2761);
#2338=AXIS2_PLACEMENT_3D('',#3534,#2763,#2764);
#2339=AXIS2_PLACEMENT_3D('',#3540,#2767,#2768);
#2340=AXIS2_PLACEMENT_3D('',#3543,#2770,#2771);
#2341=AXIS2_PLACEMENT_3D('',#3544,#2772,#2773);
#2342=AXIS2_PLACEMENT_3D('',#3546,#2774,#2775);
#2343=AXIS2_PLACEMENT_3D('',#3548,#2777,#2778);
#2344=AXIS2_PLACEMENT_3D('',#3551,#2780,#2781);
#2345=AXIS2_PLACEMENT_3D('',#3552,#2782,#2783);
#2346=AXIS2_PLACEMENT_3D('',#3554,#2784,#2785);
#2347=AXIS2_PLACEMENT_3D('',#3556,#2787,#2788);
#2348=AXIS2_PLACEMENT_3D('',#3559,#2790,#2791);
#2349=AXIS2_PLACEMENT_3D('',#3560,#2792,#2793);
#2350=AXIS2_PLACEMENT_3D('',#3562,#2794,#2795);
#2351=AXIS2_PLACEMENT_3D('',#3564,#2797,#2798);
#2352=AXIS2_PLACEMENT_3D('',#3566,#2799,#2800);
#2353=AXIS2_PLACEMENT_3D('',#3568,#2801,#2802);
#2354=AXIS2_PLACEMENT_3D('',#3569,#2803,#2804);
#2355=AXIS2_PLACEMENT_3D('',#3570,#2805,#2806);
#2356=AXIS2_PLACEMENT_3D('',#3572,#2807,#2808);
#2357=AXIS2_PLACEMENT_3D('',#3574,#2810,#2811);
#2358=AXIS2_PLACEMENT_3D('',#3576,#2812,#2813);
#2359=AXIS2_PLACEMENT_3D('',#3577,#2814,#2815);
#2360=AXIS2_PLACEMENT_3D('',#3578,#2816,#2817);
#2361=AXIS2_PLACEMENT_3D('',#3580,#2818,#2819);
#2362=AXIS2_PLACEMENT_3D('',#3581,#2820,#2821);
#2363=AXIS2_PLACEMENT_3D('',#3583,#2822,#2823);
#2364=AXIS2_PLACEMENT_3D('',#3584,#2824,#2825);
#2365=AXIS2_PLACEMENT_3D('',#3585,#2826,#2827);
#2366=AXIS2_PLACEMENT_3D('',#3587,#2828,#2829);
#2367=AXIS2_PLACEMENT_3D('',#3588,#2830,#2831);
#2368=AXIS2_PLACEMENT_3D('',#3589,#2832,#2833);
#2369=AXIS2_PLACEMENT_3D('',#3591,#2834,#2835);
#2370=AXIS2_PLACEMENT_3D('',#3593,#2837,#2838);
#2371=AXIS2_PLACEMENT_3D('',#3595,#2839,#2840);
#2372=AXIS2_PLACEMENT_3D('',#3596,#2841,#2842);
#2373=AXIS2_PLACEMENT_3D('',#3597,#2843,#2844);
#2374=AXIS2_PLACEMENT_3D('',#3599,#2845,#2846);
#2375=AXIS2_PLACEMENT_3D('',#3600,#2847,#2848);
#2376=AXIS2_PLACEMENT_3D('',#3602,#2849,#2850);
#2377=AXIS2_PLACEMENT_3D('',#3603,#2851,#2852);
#2378=AXIS2_PLACEMENT_3D('',#3604,#2853,#2854);
#2379=AXIS2_PLACEMENT_3D('',#3606,#2855,#2856);
#2380=AXIS2_PLACEMENT_3D('',#3607,#2857,#2858);
#2381=AXIS2_PLACEMENT_3D('',#3608,#2859,#2860);
#2382=AXIS2_PLACEMENT_3D('',#3610,#2861,#2862);
#2383=AXIS2_PLACEMENT_3D('',#3612,#2864,#2865);
#2384=AXIS2_PLACEMENT_3D('',#3614,#2866,#2867);
#2385=AXIS2_PLACEMENT_3D('',#3615,#2868,#2869);
#2386=AXIS2_PLACEMENT_3D('',#3616,#2870,#2871);
#2387=AXIS2_PLACEMENT_3D('',#3618,#2872,#2873);
#2388=AXIS2_PLACEMENT_3D('',#3619,#2874,#2875);
#2389=AXIS2_PLACEMENT_3D('',#3620,#2876,#2877);
#2390=AXIS2_PLACEMENT_3D('',#3621,#2878,#2879);
#2391=AXIS2_PLACEMENT_3D('',#3623,#2880,#2881);
#2392=AXIS2_PLACEMENT_3D('',#3624,#2882,#2883);
#2393=AXIS2_PLACEMENT_3D('',#3625,#2884,#2885);
#2394=AXIS2_PLACEMENT_3D('',#3627,#2886,#2887);
#2395=AXIS2_PLACEMENT_3D('',#3629,#2889,#2890);
#2396=AXIS2_PLACEMENT_3D('',#3631,#2891,#2892);
#2397=AXIS2_PLACEMENT_3D('',#3632,#2893,#2894);
#2398=AXIS2_PLACEMENT_3D('',#3633,#2895,#2896);
#2399=AXIS2_PLACEMENT_3D('',#3634,#2897,#2898);
#2400=AXIS2_PLACEMENT_3D('',#3635,#2899,#2900);
#2401=AXIS2_PLACEMENT_3D('',#3636,#2901,#2902);
#2402=AXIS2_PLACEMENT_3D('',#3639,#2905,#2906);
#2403=AXIS2_PLACEMENT_3D('',#3641,#2908,#2909);
#2404=AXIS2_PLACEMENT_3D('',#3643,#2911,#2912);
#2405=AXIS2_PLACEMENT_3D('',#3645,#2914,#2915);
#2406=AXIS2_PLACEMENT_3D('',#3647,#2917,#2918);
#2407=AXIS2_PLACEMENT_3D('',#3649,#2920,#2921);
#2408=AXIS2_PLACEMENT_3D('',#3651,#2923,#2924);
#2409=AXIS2_PLACEMENT_3D('',#3653,#2926,#2927);
#2410=AXIS2_PLACEMENT_3D('',#3656,#2930,#2931);
#2411=AXIS2_PLACEMENT_3D('',#3658,#2933,#2934);
#2412=AXIS2_PLACEMENT_3D('',#3661,#2937,#2938);
#2413=AXIS2_PLACEMENT_3D('',#3662,#2939,#2940);
#2414=AXIS2_PLACEMENT_3D('',#3663,#2941,#2942);
#2415=AXIS2_PLACEMENT_3D('',#3665,#2944,#2945);
#2416=AXIS2_PLACEMENT_3D('',#3667,#2947,#2948);
#2417=AXIS2_PLACEMENT_3D('',#3668,#2949,#2950);
#2418=AXIS2_PLACEMENT_3D('',#3670,#2951,#2952);
#2419=AXIS2_PLACEMENT_3D('',#3674,#2954,#2955);
#2420=AXIS2_PLACEMENT_3D('',#3675,#2956,#2957);
#2421=AXIS2_PLACEMENT_3D('',#3676,#2958,#2959);
#2422=AXIS2_PLACEMENT_3D('',#3678,#2961,#2962);
#2423=AXIS2_PLACEMENT_3D('',#3680,#2963,#2964);
#2424=AXIS2_PLACEMENT_3D('',#3684,#2966,#2967);
#2425=AXIS2_PLACEMENT_3D('',#3685,#2968,#2969);
#2426=AXIS2_PLACEMENT_3D('',#3686,#2970,#2971);
#2427=AXIS2_PLACEMENT_3D('',#3688,#2973,#2974);
#2428=AXIS2_PLACEMENT_3D('',#3690,#2975,#2976);
#2429=AXIS2_PLACEMENT_3D('',#3694,#2978,#2979);
#2430=AXIS2_PLACEMENT_3D('',#3695,#2980,#2981);
#2431=AXIS2_PLACEMENT_3D('',#3696,#2982,#2983);
#2432=AXIS2_PLACEMENT_3D('',#3698,#2985,#2986);
#2433=AXIS2_PLACEMENT_3D('',#3700,#2987,#2988);
#2434=AXIS2_PLACEMENT_3D('',#3704,#2990,#2991);
#2435=AXIS2_PLACEMENT_3D('',#3705,#2992,#2993);
#2436=AXIS2_PLACEMENT_3D('',#3706,#2994,#2995);
#2437=AXIS2_PLACEMENT_3D('',#3708,#2997,#2998);
#2438=AXIS2_PLACEMENT_3D('',#3710,#2999,#3000);
#2439=AXIS2_PLACEMENT_3D('',#3712,#3002,#3003);
#2440=AXIS2_PLACEMENT_3D('',#3713,#3004,#3005);
#2441=AXIS2_PLACEMENT_3D('',#3715,#3006,#3007);
#2442=AXIS2_PLACEMENT_3D('',#3717,#3009,#3010);
#2443=AXIS2_PLACEMENT_3D('',#3718,#3011,#3012);
#2444=AXIS2_PLACEMENT_3D('',#3720,#3013,#3014);
#2445=AXIS2_PLACEMENT_3D('',#3722,#3016,#3017);
#2446=AXIS2_PLACEMENT_3D('',#3723,#3018,#3019);
#2447=AXIS2_PLACEMENT_3D('',#3726,#3022,#3023);
#2448=AXIS2_PLACEMENT_3D('',#3728,#3025,#3026);
#2449=AXIS2_PLACEMENT_3D('',#3730,#3028,#3029);
#2450=AXIS2_PLACEMENT_3D('',#3732,#3031,#3032);
#2451=AXIS2_PLACEMENT_3D('',#3734,#3034,#3035);
#2452=AXIS2_PLACEMENT_3D('',#3736,#3037,#3038);
#2453=AXIS2_PLACEMENT_3D('',#3738,#3040,#3041);
#2454=AXIS2_PLACEMENT_3D('',#3740,#3043,#3044);
#2455=AXIS2_PLACEMENT_3D('',#3742,#3046,#3047);
#2456=AXIS2_PLACEMENT_3D('',#3744,#3049,#3050);
#2457=AXIS2_PLACEMENT_3D('',#3746,#3052,#3053);
#2458=AXIS2_PLACEMENT_3D('',#3748,#3055,#3056);
#2459=AXIS2_PLACEMENT_3D('',#3750,#3058,#3059);
#2460=AXIS2_PLACEMENT_3D('',#3752,#3061,#3062);
#2461=AXIS2_PLACEMENT_3D('',#3754,#3064,#3065);
#2462=AXIS2_PLACEMENT_3D('',#3756,#3067,#3068);
#2463=AXIS2_PLACEMENT_3D('',#3758,#3070,#3071);
#2464=AXIS2_PLACEMENT_3D('',#3760,#3073,#3074);
#2465=AXIS2_PLACEMENT_3D('',#3762,#3076,#3077);
#2466=AXIS2_PLACEMENT_3D('',#3764,#3079,#3080);
#2467=AXIS2_PLACEMENT_3D('',#3766,#3082,#3083);
#2468=AXIS2_PLACEMENT_3D('',#3768,#3085,#3086);
#2469=AXIS2_PLACEMENT_3D('',#3770,#3088,#3089);
#2470=AXIS2_PLACEMENT_3D('',#3772,#3091,#3092);
#2471=AXIS2_PLACEMENT_3D('',#3774,#3094,#3095);
#2472=AXIS2_PLACEMENT_3D('',#3776,#3097,#3098);
#2473=AXIS2_PLACEMENT_3D('',#3778,#3100,#3101);
#2474=AXIS2_PLACEMENT_3D('',#3780,#3103,#3104);
#2475=AXIS2_PLACEMENT_3D('',#3781,#3105,#3106);
#2476=AXIS2_PLACEMENT_3D('',#3784,#3109,#3110);
#2477=AXIS2_PLACEMENT_3D('',#3786,#3112,#3113);
#2478=AXIS2_PLACEMENT_3D('',#3788,#3115,#3116);
#2479=AXIS2_PLACEMENT_3D('',#3790,#3118,#3119);
#2480=AXIS2_PLACEMENT_3D('',#3792,#3121,#3122);
#2481=AXIS2_PLACEMENT_3D('',#3794,#3124,#3125);
#2482=AXIS2_PLACEMENT_3D('',#3796,#3127,#3128);
#2483=AXIS2_PLACEMENT_3D('',#3798,#3130,#3131);
#2484=AXIS2_PLACEMENT_3D('',#3800,#3133,#3134);
#2485=AXIS2_PLACEMENT_3D('',#3802,#3136,#3137);
#2486=AXIS2_PLACEMENT_3D('',#3804,#3139,#3140);
#2487=AXIS2_PLACEMENT_3D('',#3806,#3142,#3143);
#2488=AXIS2_PLACEMENT_3D('',#3808,#3145,#3146);
#2489=AXIS2_PLACEMENT_3D('',#3810,#3148,#3149);
#2490=AXIS2_PLACEMENT_3D('',#3812,#3151,#3152);
#2491=AXIS2_PLACEMENT_3D('',#3814,#3154,#3155);
#2492=AXIS2_PLACEMENT_3D('',#3816,#3157,#3158);
#2493=AXIS2_PLACEMENT_3D('',#3818,#3160,#3161);
#2494=AXIS2_PLACEMENT_3D('',#3820,#3163,#3164);
#2495=AXIS2_PLACEMENT_3D('',#3821,#3165,#3166);
#2496=AXIS2_PLACEMENT_3D('',#3827,#3170,#3171);
#2497=AXIS2_PLACEMENT_3D('',#3831,#3174,#3175);
#2498=AXIS2_PLACEMENT_3D('',#3835,#3178,#3179);
#2499=AXIS2_PLACEMENT_3D('',#3837,#3181,#3182);
#2500=AXIS2_PLACEMENT_3D('',#3838,#3183,#3184);
#2501=AXIS2_PLACEMENT_3D('',#3844,#3188,#3189);
#2502=AXIS2_PLACEMENT_3D('',#3848,#3192,#3193);
#2503=AXIS2_PLACEMENT_3D('',#3852,#3196,#3197);
#2504=AXIS2_PLACEMENT_3D('',#3854,#3199,#3200);
#2505=AXIS2_PLACEMENT_3D('',#3855,#3201,#3202);
#2506=AXIS2_PLACEMENT_3D('',#3857,#3204,#3205);
#2507=AXIS2_PLACEMENT_3D('',#3859,#3207,#3208);
#2508=AXIS2_PLACEMENT_3D('',#3861,#3210,#3211);
#2509=DIRECTION('axis',(0.,0.,1.));
#2510=DIRECTION('refdir',(1.,0.,0.));
#2511=DIRECTION('center_axis',(0.,1.,0.));
#2512=DIRECTION('ref_axis',(-1.,0.,0.));
#2513=DIRECTION('center_axis',(0.,1.,0.));
#2514=DIRECTION('ref_axis',(-1.,0.,0.));
#2515=DIRECTION('',(-0.707106781186548,-0.707106781186547,8.65956056235494E-17));
#2516=DIRECTION('center_axis',(0.,-1.,0.));
#2517=DIRECTION('ref_axis',(-1.,0.,0.));
#2518=DIRECTION('center_axis',(0.,-1.,0.));
#2519=DIRECTION('ref_axis',(-1.,0.,0.));
#2520=DIRECTION('center_axis',(0.,1.,0.));
#2521=DIRECTION('ref_axis',(0.,0.,1.));
#2522=DIRECTION('center_axis',(0.,1.,0.));
#2523=DIRECTION('ref_axis',(0.5,0.,-0.866025403784438));
#2524=DIRECTION('center_axis',(0.,-1.,0.));
#2525=DIRECTION('ref_axis',(-1.,0.,0.));
#2526=DIRECTION('center_axis',(0.,1.,0.));
#2527=DIRECTION('ref_axis',(-0.866025403784438,0.,0.5));
#2528=DIRECTION('',(1.1842378929335E-16,0.,1.));
#2529=DIRECTION('center_axis',(0.,1.,0.));
#2530=DIRECTION('ref_axis',(-0.866025403784438,0.,-0.5));
#2531=DIRECTION('center_axis',(0.,-1.,0.));
#2532=DIRECTION('ref_axis',(-1.,0.,0.));
#2533=DIRECTION('center_axis',(0.,1.,0.));
#2534=DIRECTION('ref_axis',(0.5,0.,0.866025403784438));
#2535=DIRECTION('',(1.,0.,-2.66453525910038E-16));
#2536=DIRECTION('center_axis',(0.,1.,0.));
#2537=DIRECTION('ref_axis',(-0.499999999999999,0.,0.866025403784439));
#2538=DIRECTION('center_axis',(0.,-1.,0.));
#2539=DIRECTION('ref_axis',(-1.,0.,0.));
#2540=DIRECTION('center_axis',(0.,-1.,0.));
#2541=DIRECTION('ref_axis',(-1.,0.,0.));
#2542=DIRECTION('center_axis',(0.,1.,0.));
#2543=DIRECTION('ref_axis',(0.866025403784438,0.,-0.5));
#2544=DIRECTION('',(-1.1842378929335E-16,0.,-1.));
#2545=DIRECTION('center_axis',(0.,1.,0.));
#2546=DIRECTION('ref_axis',(0.866025403784438,0.,0.5));
#2547=DIRECTION('center_axis',(0.,-1.,0.));
#2548=DIRECTION('ref_axis',(-1.,0.,0.));
#2549=DIRECTION('center_axis',(0.,-1.,0.));
#2550=DIRECTION('ref_axis',(-1.,0.,0.));
#2551=DIRECTION('center_axis',(0.,1.,0.));
#2552=DIRECTION('ref_axis',(-0.499999999999999,0.,-0.866025403784439));
#2553=DIRECTION('',(-1.,0.,2.66453525910038E-16));
#2554=DIRECTION('center_axis',(0.,1.,0.));
#2555=DIRECTION('ref_axis',(-1.,0.,0.));
#2556=DIRECTION('center_axis',(0.,-1.,0.));
#2557=DIRECTION('ref_axis',(1.,0.,0.));
#2558=DIRECTION('center_axis',(0.,-1.,0.));
#2559=DIRECTION('ref_axis',(1.,0.,0.));
#2560=DIRECTION('center_axis',(0.,-1.,0.));
#2561=DIRECTION('ref_axis',(1.,0.,0.));
#2562=DIRECTION('',(3.89551938464967E-16,0.,1.));
#2563=DIRECTION('',(1.,0.,-2.77486384560149E-16));
#2564=DIRECTION('center_axis',(0.,-1.,0.));
#2565=DIRECTION('ref_axis',(1.,0.,0.));
#2566=DIRECTION('',(1.66450228579484E-16,0.,1.));
#2567=DIRECTION('',(1.,0.,-1.46987273682767E-15));
#2568=DIRECTION('center_axis',(0.,-1.,0.));
#2569=DIRECTION('ref_axis',(1.,0.,-5.55111512312579E-16));
#2570=DIRECTION('',(8.07434927000114E-16,0.,1.));
#2571=DIRECTION('center_axis',(0.,-1.,0.));
#2572=DIRECTION('ref_axis',(0.,0.,1.));
#2573=DIRECTION('',(-1.,0.,0.));
#2574=DIRECTION('center_axis',(0.,-1.,0.));
#2575=DIRECTION('ref_axis',(-1.,0.,-1.11022302462516E-15));
#2576=DIRECTION('',(4.03717463500057E-16,0.,-1.));
#2577=DIRECTION('',(-1.,0.,3.73780690132027E-16));
#2578=DIRECTION('',(1.66450228579484E-16,0.,1.));
#2579=DIRECTION('center_axis',(0.,-1.,0.));
#2580=DIRECTION('ref_axis',(0.,0.,1.));
#2581=DIRECTION('',(-1.,0.,2.21989107648119E-16));
#2582=DIRECTION('center_axis',(0.,-1.,0.));
#2583=DIRECTION('ref_axis',(-1.,0.,5.55111512312575E-16));
#2584=DIRECTION('',(0.,0.,-1.));
#2585=DIRECTION('center_axis',(0.,-1.,0.));
#2586=DIRECTION('ref_axis',(0.,0.,-1.));
#2587=DIRECTION('',(1.,0.,-2.77486384560149E-16));
#2588=DIRECTION('',(0.,0.,-1.));
#2589=DIRECTION('',(-1.,0.,0.));
#2590=DIRECTION('center_axis',(0.,-1.,0.));
#2591=DIRECTION('ref_axis',(-1.,0.,0.));
#2592=DIRECTION('',(0.,0.,-1.));
#2593=DIRECTION('center_axis',(0.,-1.,0.));
#2594=DIRECTION('ref_axis',(0.,0.,-1.));
#2595=DIRECTION('',(1.,0.,0.));
#2596=DIRECTION('center_axis',(0.,-1.,0.));
#2597=DIRECTION('ref_axis',(1.,0.,0.));
#2598=DIRECTION('',(0.,0.,1.));
#2599=DIRECTION('center_axis',(0.,-1.,0.));
#2600=DIRECTION('ref_axis',(0.,0.,1.));
#2601=DIRECTION('',(-1.,0.,0.));
#2602=DIRECTION('',(-1.18952466924124E-15,0.,-1.));
#2603=DIRECTION('',(-1.,0.,9.8686491077792E-16));
#2604=DIRECTION('center_axis',(0.,-1.,0.));
#2605=DIRECTION('ref_axis',(-1.,0.,1.11022302462516E-15));
#2606=DIRECTION('',(-4.93432455388958E-16,0.,-1.));
#2607=DIRECTION('center_axis',(0.,-1.,0.));
#2608=DIRECTION('ref_axis',(0.,0.,-1.));
#2609=DIRECTION('',(1.,0.,-4.9343245538896E-16));
#2610=DIRECTION('center_axis',(0.,-1.,0.));
#2611=DIRECTION('ref_axis',(1.,0.,0.));
#2612=DIRECTION('',(4.93432455388958E-16,0.,1.));
#2613=DIRECTION('center_axis',(0.,-1.,0.));
#2614=DIRECTION('ref_axis',(-8.88178419700128E-15,0.,1.));
#2615=DIRECTION('',(-1.,0.,9.8686491077792E-16));
#2616=DIRECTION('',(1.58603289232165E-16,0.,1.));
#2617=DIRECTION('',(1.,0.,-1.11022302462516E-15));
#2618=DIRECTION('center_axis',(0.,-1.,0.));
#2619=DIRECTION('ref_axis',(1.,0.,0.));
#2620=DIRECTION('',(0.,0.,1.));
#2621=DIRECTION('center_axis',(0.,-1.,0.));
#2622=DIRECTION('ref_axis',(0.,0.,1.));
#2623=DIRECTION('',(-1.,0.,1.11022302462516E-15));
#2624=DIRECTION('center_axis',(0.,-1.,0.));
#2625=DIRECTION('ref_axis',(-1.,0.,0.));
#2626=DIRECTION('',(0.,0.,-1.));
#2627=DIRECTION('center_axis',(0.,-1.,0.));
#2628=DIRECTION('ref_axis',(-4.44089209850068E-15,0.,-1.));
#2629=DIRECTION('',(1.,0.,-1.11022302462516E-15));
#2630=DIRECTION('',(-1.,0.,0.));
#2631=DIRECTION('',(-1.97372982155584E-15,0.,-1.));
#2632=DIRECTION('',(1.,0.,0.));
#2633=DIRECTION('',(-1.97372982155584E-15,0.,1.));
#2634=DIRECTION('',(1.97372982155584E-15,0.,-1.));
#2635=DIRECTION('',(1.,0.,0.));
#2636=DIRECTION('',(1.97372982155584E-15,0.,1.));
#2637=DIRECTION('',(-1.,0.,0.));
#2638=DIRECTION('center_axis',(0.,-1.,0.));
#2639=DIRECTION('ref_axis',(1.,0.,0.));
#2640=DIRECTION('',(0.,-1.,0.));
#2641=DIRECTION('center_axis',(0.,1.,0.));
#2642=DIRECTION('ref_axis',(1.,0.,0.));
#2643=DIRECTION('center_axis',(0.,1.,0.));
#2644=DIRECTION('ref_axis',(-1.,0.,0.));
#2645=DIRECTION('',(-0.707106781186548,-0.707106781186547,8.65956056235494E-17));
#2646=DIRECTION('center_axis',(0.,-1.,0.));
#2647=DIRECTION('ref_axis',(-1.,0.,0.));
#2648=DIRECTION('center_axis',(0.,-1.,0.));
#2649=DIRECTION('ref_axis',(-1.,0.,0.));
#2650=DIRECTION('center_axis',(0.,-1.,0.));
#2651=DIRECTION('ref_axis',(1.,0.,0.));
#2652=DIRECTION('',(0.,-1.,0.));
#2653=DIRECTION('center_axis',(0.,1.,0.));
#2654=DIRECTION('ref_axis',(1.,0.,0.));
#2655=DIRECTION('center_axis',(0.,-1.,0.));
#2656=DIRECTION('ref_axis',(1.,0.,0.));
#2657=DIRECTION('center_axis',(0.,-1.,0.));
#2658=DIRECTION('ref_axis',(1.,0.,0.));
#2659=DIRECTION('',(0.707106781186548,0.707106781186547,8.65956056235494E-17));
#2660=DIRECTION('center_axis',(0.,1.,0.));
#2661=DIRECTION('ref_axis',(1.,0.,0.));
#2662=DIRECTION('center_axis',(0.,1.,0.));
#2663=DIRECTION('ref_axis',(0.,0.,1.));
#2664=DIRECTION('',(1.,0.,-2.66453525910038E-16));
#2665=DIRECTION('center_axis',(0.,-1.,0.));
#2666=DIRECTION('ref_axis',(0.5,0.,0.866025403784439));
#2667=DIRECTION('center_axis',(0.,-1.,0.));
#2668=DIRECTION('ref_axis',(2.22044604925031E-15,0.,1.));
#2669=DIRECTION('center_axis',(0.,-1.,0.));
#2670=DIRECTION('ref_axis',(-0.866025403784438,0.,-0.500000000000001));
#2671=DIRECTION('',(1.1842378929335E-16,0.,1.));
#2672=DIRECTION('center_axis',(0.,-1.,0.));
#2673=DIRECTION('ref_axis',(-0.866025403784439,0.,0.5));
#2674=DIRECTION('center_axis',(0.,-1.,0.));
#2675=DIRECTION('ref_axis',(-1.,0.,-2.22044604925031E-15));
#2676=DIRECTION('center_axis',(0.,-1.,0.));
#2677=DIRECTION('ref_axis',(0.5,0.,-0.866025403784439));
#2678=DIRECTION('',(-1.,0.,2.66453525910038E-16));
#2679=DIRECTION('center_axis',(0.,-1.,0.));
#2680=DIRECTION('ref_axis',(-0.499999999999999,0.,-0.866025403784439));
#2681=DIRECTION('center_axis',(0.,-1.,0.));
#2682=DIRECTION('ref_axis',(2.22044604925031E-15,0.,-1.));
#2683=DIRECTION('center_axis',(0.,-1.,0.));
#2684=DIRECTION('ref_axis',(0.866025403784439,0.,0.5));
#2685=DIRECTION('',(-1.1842378929335E-16,0.,-1.));
#2686=DIRECTION('center_axis',(0.,-1.,0.));
#2687=DIRECTION('ref_axis',(0.866025403784439,0.,-0.5));
#2688=DIRECTION('center_axis',(0.,-1.,0.));
#2689=DIRECTION('ref_axis',(1.,0.,-2.22044604925031E-15));
#2690=DIRECTION('center_axis',(0.,-1.,0.));
#2691=DIRECTION('ref_axis',(-0.499999999999999,0.,0.866025403784439));
#2692=DIRECTION('center_axis',(0.,-1.,0.));
#2693=DIRECTION('ref_axis',(1.,0.,0.));
#2694=DIRECTION('center_axis',(0.,1.,0.));
#2695=DIRECTION('ref_axis',(1.,0.,0.));
#2696=DIRECTION('center_axis',(0.,1.,0.));
#2697=DIRECTION('ref_axis',(1.,0.,0.));
#2698=DIRECTION('center_axis',(0.,1.,0.));
#2699=DIRECTION('ref_axis',(1.,0.,0.));
#2700=DIRECTION('center_axis',(0.,1.,0.));
#2701=DIRECTION('ref_axis',(1.,0.,0.));
#2702=DIRECTION('',(1.18952466924124E-15,0.,1.));
#2703=DIRECTION('',(-1.,0.,1.11022302462516E-15));
#2704=DIRECTION('center_axis',(0.,1.,0.));
#2705=DIRECTION('ref_axis',(-4.44089209850068E-15,0.,-1.));
#2706=DIRECTION('',(0.,0.,1.));
#2707=DIRECTION('center_axis',(0.,1.,0.));
#2708=DIRECTION('ref_axis',(-1.,0.,0.));
#2709=DIRECTION('',(1.,0.,-1.11022302462516E-15));
#2710=DIRECTION('center_axis',(0.,1.,0.));
#2711=DIRECTION('ref_axis',(0.,0.,1.));
#2712=DIRECTION('',(0.,0.,-1.));
#2713=DIRECTION('center_axis',(0.,1.,0.));
#2714=DIRECTION('ref_axis',(1.,0.,0.));
#2715=DIRECTION('',(-1.,0.,1.11022302462516E-15));
#2716=DIRECTION('',(-1.58603289232165E-16,0.,-1.));
#2717=DIRECTION('',(1.,0.,-9.8686491077792E-16));
#2718=DIRECTION('center_axis',(0.,1.,0.));
#2719=DIRECTION('ref_axis',(-8.88178419700128E-15,0.,1.));
#2720=DIRECTION('',(-4.93432455388958E-16,0.,-1.));
#2721=DIRECTION('center_axis',(0.,1.,0.));
#2722=DIRECTION('ref_axis',(1.,0.,0.));
#2723=DIRECTION('',(-1.,0.,4.9343245538896E-16));
#2724=DIRECTION('center_axis',(0.,1.,0.));
#2725=DIRECTION('ref_axis',(0.,0.,-1.));
#2726=DIRECTION('',(4.93432455388958E-16,0.,1.));
#2727=DIRECTION('center_axis',(0.,1.,0.));
#2728=DIRECTION('ref_axis',(-1.,0.,1.11022302462516E-15));
#2729=DIRECTION('',(1.,0.,-9.8686491077792E-16));
#2730=DIRECTION('',(-3.89551938464967E-16,0.,-1.));
#2731=DIRECTION('',(1.,0.,0.));
#2732=DIRECTION('center_axis',(0.,1.,0.));
#2733=DIRECTION('ref_axis',(0.,0.,1.));
#2734=DIRECTION('',(0.,0.,-1.));
#2735=DIRECTION('center_axis',(0.,1.,0.));
#2736=DIRECTION('ref_axis',(1.,0.,0.));
#2737=DIRECTION('',(-1.,0.,0.));
#2738=DIRECTION('center_axis',(0.,1.,0.));
#2739=DIRECTION('ref_axis',(0.,0.,-1.));
#2740=DIRECTION('',(0.,0.,1.));
#2741=DIRECTION('center_axis',(0.,1.,0.));
#2742=DIRECTION('ref_axis',(-1.,0.,0.));
#2743=DIRECTION('',(1.,0.,0.));
#2744=DIRECTION('',(0.,0.,1.));
#2745=DIRECTION('',(-1.,0.,2.77486384560149E-16));
#2746=DIRECTION('center_axis',(0.,1.,0.));
#2747=DIRECTION('ref_axis',(0.,0.,-1.));
#2748=DIRECTION('',(0.,0.,1.));
#2749=DIRECTION('center_axis',(0.,1.,0.));
#2750=DIRECTION('ref_axis',(-1.,0.,5.55111512312575E-16));
#2751=DIRECTION('',(1.,0.,-2.21989107648119E-16));
#2752=DIRECTION('center_axis',(0.,1.,0.));
#2753=DIRECTION('ref_axis',(0.,0.,1.));
#2754=DIRECTION('',(-1.66450228579484E-16,0.,-1.));
#2755=DIRECTION('',(1.,0.,-3.73780690132027E-16));
#2756=DIRECTION('',(-4.03717463500057E-16,0.,1.));
#2757=DIRECTION('center_axis',(0.,1.,0.));
#2758=DIRECTION('ref_axis',(-1.,0.,-1.11022302462516E-15));
#2759=DIRECTION('',(1.,0.,0.));
#2760=DIRECTION('center_axis',(0.,1.,0.));
#2761=DIRECTION('ref_axis',(0.,0.,1.));
#2762=DIRECTION('',(-8.07434927000114E-16,0.,-1.));
#2763=DIRECTION('center_axis',(0.,1.,0.));
#2764=DIRECTION('ref_axis',(1.,0.,-5.55111512312579E-16));
#2765=DIRECTION('',(-1.,0.,1.46987273682767E-15));
#2766=DIRECTION('',(-1.66450228579484E-16,0.,-1.));
#2767=DIRECTION('center_axis',(0.,1.,0.));
#2768=DIRECTION('ref_axis',(1.,0.,0.));
#2769=DIRECTION('',(-1.,0.,2.77486384560149E-16));
#2770=DIRECTION('center_axis',(0.,-1.,0.));
#2771=DIRECTION('ref_axis',(1.,0.,0.));
#2772=DIRECTION('center_axis',(0.,-1.,0.));
#2773=DIRECTION('ref_axis',(1.,0.,0.));
#2774=DIRECTION('center_axis',(0.,-1.,0.));
#2775=DIRECTION('ref_axis',(-1.,0.,0.));
#2776=DIRECTION('',(0.,-1.,0.));
#2777=DIRECTION('center_axis',(0.,-1.,0.));
#2778=DIRECTION('ref_axis',(1.,0.,0.));
#2779=DIRECTION('',(0.707106781186547,0.707106781186547,8.65956056235493E-17));
#2780=DIRECTION('center_axis',(0.,1.,0.));
#2781=DIRECTION('ref_axis',(1.,0.,0.));
#2782=DIRECTION('center_axis',(0.,-1.,0.));
#2783=DIRECTION('ref_axis',(1.,0.,0.));
#2784=DIRECTION('center_axis',(0.,-1.,0.));
#2785=DIRECTION('ref_axis',(-1.,0.,0.));
#2786=DIRECTION('',(0.,-1.,0.));
#2787=DIRECTION('center_axis',(0.,-1.,0.));
#2788=DIRECTION('ref_axis',(1.,0.,0.));
#2789=DIRECTION('',(0.707106781186548,0.707106781186547,8.65956056235494E-17));
#2790=DIRECTION('center_axis',(0.,1.,0.));
#2791=DIRECTION('ref_axis',(1.,0.,0.));
#2792=DIRECTION('center_axis',(0.,-1.,0.));
#2793=DIRECTION('ref_axis',(1.,0.,0.));
#2794=DIRECTION('center_axis',(0.,-1.,0.));
#2795=DIRECTION('ref_axis',(-1.,0.,0.));
#2796=DIRECTION('',(0.,-1.,0.));
#2797=DIRECTION('center_axis',(0.,1.,0.));
#2798=DIRECTION('ref_axis',(0.,0.,1.));
#2799=DIRECTION('center_axis',(0.499999999999997,3.25095864703367E-15,0.86602540378444));
#2800=DIRECTION('ref_axis',(0.86602540378444,0.,-0.499999999999997));
#2801=DIRECTION('center_axis',(-1.,0.,0.));
#2802=DIRECTION('ref_axis',(0.,1.,0.));
#2803=DIRECTION('center_axis',(0.,-1.,0.));
#2804=DIRECTION('ref_axis',(-0.499999999999999,0.,0.866025403784439));
#2805=DIRECTION('center_axis',(-1.,0.,2.66453525910038E-16));
#2806=DIRECTION('ref_axis',(0.,0.707106781186543,-0.707106781186553));
#2807=DIRECTION('center_axis',(-1.,0.,8.8817841970012E-15));
#2808=DIRECTION('ref_axis',(0.,1.,0.));
#2809=DIRECTION('',(-1.,0.,2.66453525910038E-16));
#2810=DIRECTION('center_axis',(0.,1.,0.));
#2811=DIRECTION('ref_axis',(0.,0.,1.));
#2812=DIRECTION('center_axis',(-0.499999999999997,-3.25095864703367E-15,
0.86602540378444));
#2813=DIRECTION('ref_axis',(8.88178419700125E-15,1.,8.88178419700125E-15));
#2814=DIRECTION('center_axis',(0.,-1.,0.));
#2815=DIRECTION('ref_axis',(0.5,0.,0.866025403784438));
#2816=DIRECTION('center_axis',(0.,1.,0.));
#2817=DIRECTION('ref_axis',(0.707106781186547,0.,-0.707106781186548));
#2818=DIRECTION('center_axis',(0.86602540378444,0.,-0.499999999999997));
#2819=DIRECTION('ref_axis',(0.,1.,0.));
#2820=DIRECTION('center_axis',(0.,1.,0.));
#2821=DIRECTION('ref_axis',(0.707106781186546,0.,-0.707106781186549));
#2822=DIRECTION('center_axis',(0.,-1.,0.));
#2823=DIRECTION('ref_axis',(-1.,0.,0.));
#2824=DIRECTION('center_axis',(0.,-1.,0.));
#2825=DIRECTION('ref_axis',(-1.,0.,0.));
#2826=DIRECTION('center_axis',(0.,1.,0.));
#2827=DIRECTION('ref_axis',(0.,0.,1.));
#2828=DIRECTION('center_axis',(0.,0.,-1.));
#2829=DIRECTION('ref_axis',(0.,1.,0.));
#2830=DIRECTION('center_axis',(0.,-1.,0.));
#2831=DIRECTION('ref_axis',(-0.866025403784438,0.,-0.5));
#2832=DIRECTION('center_axis',(-1.1842378929335E-16,0.,-1.));
#2833=DIRECTION('ref_axis',(0.70710678118654,0.707106781186555,0.));
#2834=DIRECTION('center_axis',(-8.88178419700128E-15,0.,-1.));
#2835=DIRECTION('ref_axis',(0.,1.,0.));
#2836=DIRECTION('',(-1.1842378929335E-16,0.,-1.));
#2837=DIRECTION('center_axis',(0.,1.,0.));
#2838=DIRECTION('ref_axis',(0.,0.,1.));
#2839=DIRECTION('center_axis',(-0.86602540378444,-3.25095864703367E-15,
-0.499999999999997));
#2840=DIRECTION('ref_axis',(-8.88178419700125E-15,1.,8.88178419700125E-15));
#2841=DIRECTION('center_axis',(0.,-1.,0.));
#2842=DIRECTION('ref_axis',(-0.866025403784438,0.,0.5));
#2843=DIRECTION('center_axis',(0.,1.,0.));
#2844=DIRECTION('ref_axis',(0.,0.,1.));
#2845=DIRECTION('center_axis',(0.500000000000004,0.,0.866025403784437));
#2846=DIRECTION('ref_axis',(0.,1.,0.));
#2847=DIRECTION('center_axis',(0.,1.,0.));
#2848=DIRECTION('ref_axis',(0.707106781186546,0.,0.707106781186549));
#2849=DIRECTION('center_axis',(0.,-1.,0.));
#2850=DIRECTION('ref_axis',(-1.,0.,0.));
#2851=DIRECTION('center_axis',(0.,-1.,0.));
#2852=DIRECTION('ref_axis',(-1.,0.,0.));
#2853=DIRECTION('center_axis',(0.,1.,0.));
#2854=DIRECTION('ref_axis',(0.,0.,1.));
#2855=DIRECTION('center_axis',(1.,0.,0.));
#2856=DIRECTION('ref_axis',(0.,1.,0.));
#2857=DIRECTION('center_axis',(0.,-1.,0.));
#2858=DIRECTION('ref_axis',(0.5,0.,-0.866025403784438));
#2859=DIRECTION('center_axis',(1.,0.,-2.66453525910038E-16));
#2860=DIRECTION('ref_axis',(0.,0.707106781186549,0.707106781186546));
#2861=DIRECTION('center_axis',(1.,0.,-8.88178419700128E-15));
#2862=DIRECTION('ref_axis',(0.,1.,0.));
#2863=DIRECTION('',(1.,0.,-2.66453525910038E-16));
#2864=DIRECTION('center_axis',(0.,1.,0.));
#2865=DIRECTION('ref_axis',(0.,0.,1.));
#2866=DIRECTION('center_axis',(0.499999999999997,-4.4408920985006E-15,-0.86602540378444));
#2867=DIRECTION('ref_axis',(8.88178419700125E-15,1.,0.));
#2868=DIRECTION('center_axis',(0.,-1.,0.));
#2869=DIRECTION('ref_axis',(-0.499999999999999,0.,-0.866025403784439));
#2870=DIRECTION('center_axis',(0.,1.,0.));
#2871=DIRECTION('ref_axis',(0.,0.,1.));
#2872=DIRECTION('center_axis',(-0.866025403784437,0.,0.500000000000004));
#2873=DIRECTION('ref_axis',(0.,1.,0.));
#2874=DIRECTION('center_axis',(0.,1.,0.));
#2875=DIRECTION('ref_axis',(-0.707106781186549,0.,0.707106781186546));
#2876=DIRECTION('center_axis',(0.,-1.,0.));
#2877=DIRECTION('ref_axis',(-1.,0.,0.));
#2878=DIRECTION('center_axis',(0.,1.,0.));
#2879=DIRECTION('ref_axis',(0.,0.,1.));
#2880=DIRECTION('center_axis',(0.,0.,1.));
#2881=DIRECTION('ref_axis',(0.,1.,0.));
#2882=DIRECTION('center_axis',(0.,-1.,0.));
#2883=DIRECTION('ref_axis',(0.866025403784438,0.,0.5));
#2884=DIRECTION('center_axis',(1.1842378929335E-16,0.,1.));
#2885=DIRECTION('ref_axis',(-0.70710678118654,0.707106781186555,0.));
#2886=DIRECTION('center_axis',(0.,0.,1.));
#2887=DIRECTION('ref_axis',(0.,1.,0.));
#2888=DIRECTION('',(1.1842378929335E-16,0.,1.));
#2889=DIRECTION('center_axis',(0.,1.,0.));
#2890=DIRECTION('ref_axis',(0.,0.,1.));
#2891=DIRECTION('center_axis',(0.86602540378444,-3.25095864703367E-15,0.499999999999997));
#2892=DIRECTION('ref_axis',(8.88178419700125E-15,1.,-8.88178419700125E-15));
#2893=DIRECTION('center_axis',(0.,-1.,0.));
#2894=DIRECTION('ref_axis',(0.866025403784438,0.,-0.5));
#2895=DIRECTION('center_axis',(0.,1.,0.));
#2896=DIRECTION('ref_axis',(-0.707106781186546,0.,-0.707106781186549));
#2897=DIRECTION('center_axis',(0.,1.,0.));
#2898=DIRECTION('ref_axis',(-0.707106781186549,0.,-0.707106781186546));
#2899=DIRECTION('center_axis',(0.,-1.,0.));
#2900=DIRECTION('ref_axis',(-1.,0.,0.));
#2901=DIRECTION('center_axis',(2.66453525910038E-16,0.,1.));
#2902=DIRECTION('ref_axis',(-1.,0.,2.66453525910038E-16));
#2903=DIRECTION('',(0.,1.,0.));
#2904=DIRECTION('',(0.,-1.,0.));
#2905=DIRECTION('center_axis',(0.,-1.,0.));
#2906=DIRECTION('ref_axis',(-0.499999999999999,0.,-0.866025403784439));
#2907=DIRECTION('',(0.,-1.,0.));
#2908=DIRECTION('center_axis',(0.,-1.,0.));
#2909=DIRECTION('ref_axis',(-0.707106781186548,0.,0.707106781186547));
#2910=DIRECTION('',(0.,1.,0.));
#2911=DIRECTION('center_axis',(0.,-1.,0.));
#2912=DIRECTION('ref_axis',(0.866025403784439,0.,0.5));
#2913=DIRECTION('',(0.,-1.,0.));
#2914=DIRECTION('center_axis',(-1.,0.,1.1842378929335E-16));
#2915=DIRECTION('ref_axis',(-1.1842378929335E-16,0.,-1.));
#2916=DIRECTION('',(0.,1.,0.));
#2917=DIRECTION('center_axis',(0.,-1.,0.));
#2918=DIRECTION('ref_axis',(0.866025403784439,0.,-0.5));
#2919=DIRECTION('',(0.,-1.,0.));
#2920=DIRECTION('center_axis',(0.,-1.,0.));
#2921=DIRECTION('ref_axis',(-0.707106781186547,0.,-0.707106781186548));
#2922=DIRECTION('',(0.,1.,0.));
#2923=DIRECTION('center_axis',(0.,-1.,0.));
#2924=DIRECTION('ref_axis',(-0.499999999999999,0.,0.866025403784439));
#2925=DIRECTION('',(0.,-1.,0.));
#2926=DIRECTION('center_axis',(0.,-1.,0.));
#2927=DIRECTION('ref_axis',(-0.866025403784438,0.,-0.500000000000001));
#2928=DIRECTION('',(0.,-1.,0.));
#2929=DIRECTION('',(0.,1.,0.));
#2930=DIRECTION('center_axis',(1.,0.,-1.1842378929335E-16));
#2931=DIRECTION('ref_axis',(1.1842378929335E-16,0.,1.));
#2932=DIRECTION('',(0.,1.,0.));
#2933=DIRECTION('center_axis',(0.,-1.,0.));
#2934=DIRECTION('ref_axis',(0.5,0.,0.866025403784439));
#2935=DIRECTION('',(0.,-1.,0.));
#2936=DIRECTION('',(0.,1.,0.));
#2937=DIRECTION('center_axis',(0.,-1.,0.));
#2938=DIRECTION('ref_axis',(0.707106781186548,0.,-0.707106781186547));
#2939=DIRECTION('center_axis',(-2.66453525910038E-16,0.,-1.));
#2940=DIRECTION('ref_axis',(1.,0.,-2.66453525910038E-16));
#2941=DIRECTION('center_axis',(0.,-1.,0.));
#2942=DIRECTION('ref_axis',(0.5,0.,-0.866025403784439));
#2943=DIRECTION('',(0.,1.,0.));
#2944=DIRECTION('center_axis',(0.,-1.,0.));
#2945=DIRECTION('ref_axis',(-0.866025403784439,0.,0.5));
#2946=DIRECTION('',(0.,-1.,0.));
#2947=DIRECTION('center_axis',(0.,-1.,0.));
#2948=DIRECTION('ref_axis',(0.707106781186547,0.,0.707106781186548));
#2949=DIRECTION('center_axis',(0.,1.,0.));
#2950=DIRECTION('ref_axis',(1.,0.,0.));
#2951=DIRECTION('center_axis',(0.,-1.,0.));
#2952=DIRECTION('ref_axis',(1.,0.,0.));
#2953=DIRECTION('',(-0.707106781186548,0.707106781186548,-8.65956056235493E-17));
#2954=DIRECTION('center_axis',(0.,-1.,0.));
#2955=DIRECTION('ref_axis',(-1.,0.,0.));
#2956=DIRECTION('center_axis',(0.,-1.,0.));
#2957=DIRECTION('ref_axis',(-1.,0.,0.));
#2958=DIRECTION('center_axis',(0.,-1.,0.));
#2959=DIRECTION('ref_axis',(1.,0.,0.));
#2960=DIRECTION('',(0.,1.,0.));
#2961=DIRECTION('center_axis',(0.,1.,0.));
#2962=DIRECTION('ref_axis',(1.,0.,0.));
#2963=DIRECTION('center_axis',(0.,-1.,0.));
#2964=DIRECTION('ref_axis',(1.,0.,0.));
#2965=DIRECTION('',(-0.707106781186548,0.707106781186548,-8.65956056235493E-17));
#2966=DIRECTION('center_axis',(0.,-1.,0.));
#2967=DIRECTION('ref_axis',(-1.,0.,0.));
#2968=DIRECTION('center_axis',(0.,-1.,0.));
#2969=DIRECTION('ref_axis',(-1.,0.,0.));
#2970=DIRECTION('center_axis',(0.,-1.,0.));
#2971=DIRECTION('ref_axis',(1.,0.,0.));
#2972=DIRECTION('',(0.,1.,0.));
#2973=DIRECTION('center_axis',(0.,1.,0.));
#2974=DIRECTION('ref_axis',(1.,0.,0.));
#2975=DIRECTION('center_axis',(0.,-1.,0.));
#2976=DIRECTION('ref_axis',(1.,0.,0.));
#2977=DIRECTION('',(-0.707106781186548,0.707106781186548,-8.65956056235493E-17));
#2978=DIRECTION('center_axis',(0.,-1.,0.));
#2979=DIRECTION('ref_axis',(-1.,0.,0.));
#2980=DIRECTION('center_axis',(0.,-1.,0.));
#2981=DIRECTION('ref_axis',(-1.,0.,0.));
#2982=DIRECTION('center_axis',(0.,-1.,0.));
#2983=DIRECTION('ref_axis',(1.,0.,0.));
#2984=DIRECTION('',(0.,1.,0.));
#2985=DIRECTION('center_axis',(0.,1.,0.));
#2986=DIRECTION('ref_axis',(1.,0.,0.));
#2987=DIRECTION('center_axis',(0.,-1.,0.));
#2988=DIRECTION('ref_axis',(1.,0.,0.));
#2989=DIRECTION('',(-0.707106781186548,0.707106781186548,-8.65956056235493E-17));
#2990=DIRECTION('center_axis',(0.,-1.,0.));
#2991=DIRECTION('ref_axis',(-1.,0.,0.));
#2992=DIRECTION('center_axis',(0.,-1.,0.));
#2993=DIRECTION('ref_axis',(-1.,0.,0.));
#2994=DIRECTION('center_axis',(0.,-1.,0.));
#2995=DIRECTION('ref_axis',(1.,0.,0.));
#2996=DIRECTION('',(0.,1.,0.));
#2997=DIRECTION('center_axis',(0.,1.,0.));
#2998=DIRECTION('ref_axis',(1.,0.,0.));
#2999=DIRECTION('center_axis',(0.,1.,0.));
#3000=DIRECTION('ref_axis',(1.,0.,0.));
#3001=DIRECTION('',(0.,-1.,0.));
#3002=DIRECTION('center_axis',(0.,1.,0.));
#3003=DIRECTION('ref_axis',(0.,0.,1.));
#3004=DIRECTION('center_axis',(0.,1.,0.));
#3005=DIRECTION('ref_axis',(1.,0.,0.));
#3006=DIRECTION('center_axis',(0.,1.,0.));
#3007=DIRECTION('ref_axis',(1.,0.,0.));
#3008=DIRECTION('',(0.,-1.,0.));
#3009=DIRECTION('center_axis',(0.,1.,0.));
#3010=DIRECTION('ref_axis',(0.,0.,1.));
#3011=DIRECTION('center_axis',(0.,1.,0.));
#3012=DIRECTION('ref_axis',(1.,0.,0.));
#3013=DIRECTION('center_axis',(0.,1.,0.));
#3014=DIRECTION('ref_axis',(1.,0.,0.));
#3015=DIRECTION('',(0.,-1.,0.));
#3016=DIRECTION('center_axis',(0.,1.,0.));
#3017=DIRECTION('ref_axis',(0.,0.,1.));
#3018=DIRECTION('center_axis',(2.21989107648119E-16,0.,1.));
#3019=DIRECTION('ref_axis',(-1.,0.,2.21989107648119E-16));
#3020=DIRECTION('',(0.,-1.,0.));
#3021=DIRECTION('',(0.,-1.,0.));
#3022=DIRECTION('center_axis',(0.,-1.,0.));
#3023=DIRECTION('ref_axis',(0.,0.,1.));
#3024=DIRECTION('',(0.,-1.,0.));
#3025=DIRECTION('center_axis',(1.,0.,-1.66450228579484E-16));
#3026=DIRECTION('ref_axis',(1.66450228579484E-16,0.,1.));
#3027=DIRECTION('',(0.,-1.,0.));
#3028=DIRECTION('center_axis',(3.73780690132027E-16,0.,1.));
#3029=DIRECTION('ref_axis',(-1.,0.,3.73780690132027E-16));
#3030=DIRECTION('',(0.,-1.,0.));
#3031=DIRECTION('center_axis',(-1.,0.,-4.03717463500057E-16));
#3032=DIRECTION('ref_axis',(4.03717463500057E-16,0.,-1.));
#3033=DIRECTION('',(0.,-1.,0.));
#3034=DIRECTION('center_axis',(0.,-1.,0.));
#3035=DIRECTION('ref_axis',(-1.,0.,-1.11022302462516E-15));
#3036=DIRECTION('',(0.,-1.,0.));
#3037=DIRECTION('center_axis',(0.,0.,1.));
#3038=DIRECTION('ref_axis',(-1.,0.,0.));
#3039=DIRECTION('',(0.,-1.,0.));
#3040=DIRECTION('center_axis',(0.,-1.,0.));
#3041=DIRECTION('ref_axis',(0.,0.,1.));
#3042=DIRECTION('',(0.,-1.,0.));
#3043=DIRECTION('center_axis',(1.,0.,-8.07434927000114E-16));
#3044=DIRECTION('ref_axis',(8.07434927000114E-16,0.,1.));
#3045=DIRECTION('',(0.,-1.,0.));
#3046=DIRECTION('center_axis',(0.,-1.,0.));
#3047=DIRECTION('ref_axis',(1.,0.,-5.55111512312579E-16));
#3048=DIRECTION('',(0.,-1.,0.));
#3049=DIRECTION('center_axis',(-1.46987273682767E-15,0.,-1.));
#3050=DIRECTION('ref_axis',(1.,0.,-1.46987273682767E-15));
#3051=DIRECTION('',(0.,-1.,0.));
#3052=DIRECTION('center_axis',(1.,0.,-1.66450228579484E-16));
#3053=DIRECTION('ref_axis',(1.66450228579484E-16,0.,1.));
#3054=DIRECTION('',(0.,-1.,0.));
#3055=DIRECTION('center_axis',(0.,-1.,0.));
#3056=DIRECTION('ref_axis',(1.,0.,0.));
#3057=DIRECTION('',(0.,-1.,0.));
#3058=DIRECTION('center_axis',(-2.77486384560149E-16,0.,-1.));
#3059=DIRECTION('ref_axis',(1.,0.,-2.77486384560149E-16));
#3060=DIRECTION('',(0.,-1.,0.));
#3061=DIRECTION('center_axis',(1.,0.,-3.89551938464967E-16));
#3062=DIRECTION('ref_axis',(3.89551938464967E-16,0.,1.));
#3063=DIRECTION('',(0.,-1.,0.));
#3064=DIRECTION('center_axis',(0.,0.,1.));
#3065=DIRECTION('ref_axis',(-1.,0.,0.));
#3066=DIRECTION('',(0.,-1.,0.));
#3067=DIRECTION('center_axis',(0.,-1.,0.));
#3068=DIRECTION('ref_axis',(0.,0.,1.));
#3069=DIRECTION('',(0.,-1.,0.));
#3070=DIRECTION('center_axis',(1.,0.,0.));
#3071=DIRECTION('ref_axis',(0.,0.,1.));
#3072=DIRECTION('',(0.,-1.,0.));
#3073=DIRECTION('center_axis',(0.,-1.,0.));
#3074=DIRECTION('ref_axis',(1.,0.,0.));
#3075=DIRECTION('',(0.,-1.,0.));
#3076=DIRECTION('center_axis',(0.,0.,-1.));
#3077=DIRECTION('ref_axis',(1.,0.,0.));
#3078=DIRECTION('',(0.,-1.,0.));
#3079=DIRECTION('center_axis',(0.,-1.,0.));
#3080=DIRECTION('ref_axis',(0.,0.,-1.));
#3081=DIRECTION('',(0.,-1.,0.));
#3082=DIRECTION('center_axis',(-1.,0.,0.));
#3083=DIRECTION('ref_axis',(0.,0.,-1.));
#3084=DIRECTION('',(0.,-1.,0.));
#3085=DIRECTION('center_axis',(0.,-1.,0.));
#3086=DIRECTION('ref_axis',(-1.,0.,0.));
#3087=DIRECTION('',(0.,-1.,0.));
#3088=DIRECTION('center_axis',(0.,0.,1.));
#3089=DIRECTION('ref_axis',(-1.,0.,0.));
#3090=DIRECTION('',(0.,-1.,0.));
#3091=DIRECTION('center_axis',(-1.,0.,0.));
#3092=DIRECTION('ref_axis',(0.,0.,-1.));
#3093=DIRECTION('',(0.,-1.,0.));
#3094=DIRECTION('center_axis',(-2.77486384560149E-16,0.,-1.));
#3095=DIRECTION('ref_axis',(1.,0.,-2.77486384560149E-16));
#3096=DIRECTION('',(0.,-1.,0.));
#3097=DIRECTION('center_axis',(0.,-1.,0.));
#3098=DIRECTION('ref_axis',(0.,0.,-1.));
#3099=DIRECTION('',(0.,-1.,0.));
#3100=DIRECTION('center_axis',(-1.,0.,0.));
#3101=DIRECTION('ref_axis',(0.,0.,-1.));
#3102=DIRECTION('',(0.,-1.,0.));
#3103=DIRECTION('center_axis',(0.,-1.,0.));
#3104=DIRECTION('ref_axis',(-1.,0.,5.55111512312575E-16));
#3105=DIRECTION('center_axis',(1.,0.,-1.58603289232165E-16));
#3106=DIRECTION('ref_axis',(1.58603289232165E-16,0.,1.));
#3107=DIRECTION('',(0.,-1.,0.));
#3108=DIRECTION('',(0.,-1.,0.));
#3109=DIRECTION('center_axis',(9.8686491077792E-16,0.,1.));
#3110=DIRECTION('ref_axis',(-1.,0.,9.8686491077792E-16));
#3111=DIRECTION('',(0.,-1.,0.));
#3112=DIRECTION('center_axis',(0.,-1.,0.));
#3113=DIRECTION('ref_axis',(-8.88178419700128E-15,0.,1.));
#3114=DIRECTION('',(0.,-1.,0.));
#3115=DIRECTION('center_axis',(1.,0.,-4.93432455388958E-16));
#3116=DIRECTION('ref_axis',(4.93432455388958E-16,0.,1.));
#3117=DIRECTION('',(0.,-1.,0.));
#3118=DIRECTION('center_axis',(0.,-1.,0.));
#3119=DIRECTION('ref_axis',(1.,0.,0.));
#3120=DIRECTION('',(0.,-1.,0.));
#3121=DIRECTION('center_axis',(-4.9343245538896E-16,0.,-1.));
#3122=DIRECTION('ref_axis',(1.,0.,-4.9343245538896E-16));
#3123=DIRECTION('',(0.,-1.,0.));
#3124=DIRECTION('center_axis',(0.,-1.,0.));
#3125=DIRECTION('ref_axis',(0.,0.,-1.));
#3126=DIRECTION('',(0.,-1.,0.));
#3127=DIRECTION('center_axis',(-1.,0.,4.93432455388958E-16));
#3128=DIRECTION('ref_axis',(-4.93432455388958E-16,0.,-1.));
#3129=DIRECTION('',(0.,-1.,0.));
#3130=DIRECTION('center_axis',(0.,-1.,0.));
#3131=DIRECTION('ref_axis',(-1.,0.,1.11022302462516E-15));
#3132=DIRECTION('',(0.,-1.,0.));
#3133=DIRECTION('center_axis',(9.8686491077792E-16,0.,1.));
#3134=DIRECTION('ref_axis',(-1.,0.,9.8686491077792E-16));
#3135=DIRECTION('',(0.,-1.,0.));
#3136=DIRECTION('center_axis',(-1.,0.,1.18952466924124E-15));
#3137=DIRECTION('ref_axis',(-1.18952466924124E-15,0.,-1.));
#3138=DIRECTION('',(0.,-1.,0.));
#3139=DIRECTION('center_axis',(-1.11022302462516E-15,0.,-1.));
#3140=DIRECTION('ref_axis',(1.,0.,-1.11022302462516E-15));
#3141=DIRECTION('',(0.,-1.,0.));
#3142=DIRECTION('center_axis',(0.,-1.,0.));
#3143=DIRECTION('ref_axis',(-4.44089209850068E-15,0.,-1.));
#3144=DIRECTION('',(0.,-1.,0.));
#3145=DIRECTION('center_axis',(-1.,0.,0.));
#3146=DIRECTION('ref_axis',(0.,0.,-1.));
#3147=DIRECTION('',(0.,-1.,0.));
#3148=DIRECTION('center_axis',(0.,-1.,0.));
#3149=DIRECTION('ref_axis',(-1.,0.,0.));
#3150=DIRECTION('',(0.,-1.,0.));
#3151=DIRECTION('center_axis',(1.11022302462516E-15,0.,1.));
#3152=DIRECTION('ref_axis',(-1.,0.,1.11022302462516E-15));
#3153=DIRECTION('',(0.,-1.,0.));
#3154=DIRECTION('center_axis',(0.,-1.,0.));
#3155=DIRECTION('ref_axis',(0.,0.,1.));
#3156=DIRECTION('',(0.,-1.,0.));
#3157=DIRECTION('center_axis',(1.,0.,0.));
#3158=DIRECTION('ref_axis',(0.,0.,1.));
#3159=DIRECTION('',(0.,-1.,0.));
#3160=DIRECTION('center_axis',(0.,-1.,0.));
#3161=DIRECTION('ref_axis',(1.,0.,0.));
#3162=DIRECTION('',(0.,-1.,0.));
#3163=DIRECTION('center_axis',(-1.11022302462516E-15,0.,-1.));
#3164=DIRECTION('ref_axis',(1.,0.,-1.11022302462516E-15));
#3165=DIRECTION('center_axis',(0.,0.,1.));
#3166=DIRECTION('ref_axis',(1.,0.,0.));
#3167=DIRECTION('',(0.,1.,0.));
#3168=DIRECTION('',(1.,0.,0.));
#3169=DIRECTION('',(0.,1.,0.));
#3170=DIRECTION('center_axis',(-1.,0.,1.97372982155584E-15));
#3171=DIRECTION('ref_axis',(1.97372982155584E-15,0.,1.));
#3172=DIRECTION('',(1.97372982155584E-15,0.,1.));
#3173=DIRECTION('',(0.,1.,0.));
#3174=DIRECTION('center_axis',(0.,0.,-1.));
#3175=DIRECTION('ref_axis',(-1.,0.,0.));
#3176=DIRECTION('',(-1.,0.,0.));
#3177=DIRECTION('',(0.,1.,0.));
#3178=DIRECTION('center_axis',(1.,0.,1.97372982155584E-15));
#3179=DIRECTION('ref_axis',(1.97372982155584E-15,0.,-1.));
#3180=DIRECTION('',(1.97372982155584E-15,0.,-1.));
#3181=DIRECTION('center_axis',(0.,1.,0.));
#3182=DIRECTION('ref_axis',(0.,0.,1.));
#3183=DIRECTION('center_axis',(-1.,0.,-1.97372982155584E-15));
#3184=DIRECTION('ref_axis',(-1.97372982155584E-15,0.,1.));
#3185=DIRECTION('',(0.,1.,0.));
#3186=DIRECTION('',(-1.97372982155584E-15,0.,1.));
#3187=DIRECTION('',(0.,1.,0.));
#3188=DIRECTION('center_axis',(0.,0.,-1.));
#3189=DIRECTION('ref_axis',(-1.,0.,0.));
#3190=DIRECTION('',(-1.,0.,0.));
#3191=DIRECTION('',(0.,1.,0.));
#3192=DIRECTION('center_axis',(1.,0.,-1.97372982155584E-15));
#3193=DIRECTION('ref_axis',(-1.97372982155584E-15,0.,-1.));
#3194=DIRECTION('',(-1.97372982155584E-15,0.,-1.));
#3195=DIRECTION('',(0.,1.,0.));
#3196=DIRECTION('center_axis',(0.,0.,1.));
#3197=DIRECTION('ref_axis',(1.,0.,0.));
#3198=DIRECTION('',(1.,0.,0.));
#3199=DIRECTION('center_axis',(0.,1.,0.));
#3200=DIRECTION('ref_axis',(0.,0.,1.));
#3201=DIRECTION('center_axis',(0.,-1.,0.));
#3202=DIRECTION('ref_axis',(-1.,0.,0.));
#3203=DIRECTION('',(0.,-1.,0.));
#3204=DIRECTION('center_axis',(0.,-1.,0.));
#3205=DIRECTION('ref_axis',(-1.,0.,0.));
#3206=DIRECTION('',(0.,-1.,0.));
#3207=DIRECTION('center_axis',(0.,-1.,0.));
#3208=DIRECTION('ref_axis',(-1.,0.,0.));
#3209=DIRECTION('',(0.,-1.,0.));
#3210=DIRECTION('center_axis',(0.,-1.,0.));
#3211=DIRECTION('ref_axis',(-1.,0.,0.));
#3212=DIRECTION('',(0.,-1.,0.));
#3213=CARTESIAN_POINT('',(0.,0.,0.));
#3214=CARTESIAN_POINT('Origin',(37.9550000000001,-0.5,50.));
#3215=CARTESIAN_POINT('',(40.9550000000001,0.,50.));
#3216=CARTESIAN_POINT('Origin',(37.9550000000001,0.,50.));
#3217=CARTESIAN_POINT('',(39.9550000000001,-1.,50.));
#3218=CARTESIAN_POINT('',(40.4550000000001,-0.5,50.));
#3219=CARTESIAN_POINT('',(35.9550000000001,-1.,50.));
#3220=CARTESIAN_POINT('Origin',(37.9550000000001,-1.,50.));
#3221=CARTESIAN_POINT('Origin',(37.9550000000001,-1.,50.));
#3222=CARTESIAN_POINT('Origin',(0.,0.,4.44089209850063E-15));
#3223=CARTESIAN_POINT('',(47.4019237886467,0.,76.5));
#3224=CARTESIAN_POINT('',(43.0717967697245,0.,74.));
#3225=CARTESIAN_POINT('Origin',(43.0717967697245,0.,79.));
#3226=CARTESIAN_POINT('',(51.5,0.,72.4019237886467));
#3227=CARTESIAN_POINT('Origin',(50.,0.,75.));
#3228=CARTESIAN_POINT('',(49.,0.,68.0717967697245));
#3229=CARTESIAN_POINT('Origin',(54.,0.,68.0717967697245));
#3230=CARTESIAN_POINT('',(49.,0.,-68.0717967697245));
#3231=CARTESIAN_POINT('',(49.,0.,-35.5));
#3232=CARTESIAN_POINT('',(51.5,0.,-72.4019237886467));
#3233=CARTESIAN_POINT('Origin',(54.,0.,-68.0717967697245));
#3234=CARTESIAN_POINT('',(47.4019237886467,0.,-76.5));
#3235=CARTESIAN_POINT('Origin',(50.,0.,-75.));
#3236=CARTESIAN_POINT('',(43.0717967697245,0.,-74.));
#3237=CARTESIAN_POINT('Origin',(43.0717967697245,0.,-79.));
#3238=CARTESIAN_POINT('',(-43.0717967697245,0.,-74.));
#3239=CARTESIAN_POINT('',(-23.,0.,-74.));
#3240=CARTESIAN_POINT('',(-47.4019237886467,0.,-76.5));
#3241=CARTESIAN_POINT('Origin',(-43.0717967697245,0.,-79.));
#3242=CARTESIAN_POINT('',(-47.,0.,-75.));
#3243=CARTESIAN_POINT('Origin',(-50.,0.,-75.));
#3244=CARTESIAN_POINT('',(-51.5,0.,-72.4019237886467));
#3245=CARTESIAN_POINT('Origin',(-50.,0.,-75.));
#3246=CARTESIAN_POINT('',(-49.,0.,-68.0717967697245));
#3247=CARTESIAN_POINT('Origin',(-54.,0.,-68.0717967697245));
#3248=CARTESIAN_POINT('',(-49.,0.,68.0717967697245));
#3249=CARTESIAN_POINT('',(-49.,0.,35.5));
#3250=CARTESIAN_POINT('',(-51.5,0.,72.4019237886467));
#3251=CARTESIAN_POINT('Origin',(-54.,0.,68.0717967697245));
#3252=CARTESIAN_POINT('',(-47.,0.,75.));
#3253=CARTESIAN_POINT('Origin',(-50.,0.,75.));
#3254=CARTESIAN_POINT('',(-47.4019237886467,0.,76.5));
#3255=CARTESIAN_POINT('Origin',(-50.,0.,75.));
#3256=CARTESIAN_POINT('',(-43.0717967697245,0.,74.));
#3257=CARTESIAN_POINT('Origin',(-43.0717967697245,0.,79.));
#3258=CARTESIAN_POINT('',(23.,0.,74.));
#3259=CARTESIAN_POINT('',(24.9550000000001,0.,50.));
#3260=CARTESIAN_POINT('Origin',(21.9550000000001,0.,50.));
#3261=CARTESIAN_POINT('',(-40.3,0.,-13.335));
#3262=CARTESIAN_POINT('Origin',(-36.8,0.,-13.335));
#3263=CARTESIAN_POINT('',(-40.3,0.,13.335));
#3264=CARTESIAN_POINT('Origin',(-36.8,0.,13.335));
#3265=CARTESIAN_POINT('',(-0.294999999999982,0.,4.44500000000002));
#3266=CARTESIAN_POINT('Origin',(3.20500000000002,0.,4.44500000000002));
#3267=CARTESIAN_POINT('',(-12.3,0.,-21.435));
#3268=CARTESIAN_POINT('',(-12.3,0.,-4.33499999999998));
#3269=CARTESIAN_POINT('',(-12.3,0.,-10.7175));
#3270=CARTESIAN_POINT('',(-6.79499999999998,0.,-4.33499999999999));
#3271=CARTESIAN_POINT('',(-6.14999999999999,0.,-4.33499999999999));
#3272=CARTESIAN_POINT('',(-5.79499999999998,0.,-3.33499999999999));
#3273=CARTESIAN_POINT('Origin',(-6.79499999999998,0.,-3.33499999999999));
#3274=CARTESIAN_POINT('',(-5.79499999999998,0.,-2.49999999999999));
#3275=CARTESIAN_POINT('',(-5.79499999999998,0.,-1.66749999999999));
#3276=CARTESIAN_POINT('',(13.455,0.,-2.50000000000001));
#3277=CARTESIAN_POINT('',(-2.89749999999999,0.,-2.49999999999999));
#3278=CARTESIAN_POINT('',(14.455,0.,-1.50000000000001));
#3279=CARTESIAN_POINT('Origin',(13.455,0.,-1.50000000000001));
#3280=CARTESIAN_POINT('',(14.455,0.,9.49999999999998));
#3281=CARTESIAN_POINT('',(14.455,0.,-0.750000000000008));
#3282=CARTESIAN_POINT('',(13.455,0.,10.5));
#3283=CARTESIAN_POINT('Origin',(13.455,0.,9.49999999999999));
#3284=CARTESIAN_POINT('',(12.955,0.,10.5));
#3285=CARTESIAN_POINT('',(6.72750000000002,0.,10.5));
#3286=CARTESIAN_POINT('',(11.955,0.,9.49999999999998));
#3287=CARTESIAN_POINT('Origin',(12.955,0.,9.49999999999999));
#3288=CARTESIAN_POINT('',(11.955,0.,6.68806904565841E-15));
#3289=CARTESIAN_POINT('',(11.955,0.,4.75));
#3290=CARTESIAN_POINT('',(-5.79499999999998,0.,1.33226762955019E-14));
#3291=CARTESIAN_POINT('',(5.9775,0.,8.9223431209226E-15));
#3292=CARTESIAN_POINT('',(-5.79499999999998,0.,3.33500000000002));
#3293=CARTESIAN_POINT('',(-5.79499999999998,0.,9.36407373431031E-15));
#3294=CARTESIAN_POINT('',(-6.79499999999998,0.,4.33500000000001));
#3295=CARTESIAN_POINT('Origin',(-6.79499999999998,0.,3.33500000000002));
#3296=CARTESIAN_POINT('',(-26.8,0.,4.33500000000002));
#3297=CARTESIAN_POINT('',(-3.39749999999999,0.,4.33500000000001));
#3298=CARTESIAN_POINT('',(-27.8,0.,3.33500000000002));
#3299=CARTESIAN_POINT('Origin',(-26.8,0.,3.33500000000002));
#3300=CARTESIAN_POINT('',(-27.8,0.,-3.33499999999998));
#3301=CARTESIAN_POINT('',(-27.8,0.,1.66750000000001));
#3302=CARTESIAN_POINT('',(-26.8,0.,-4.33499999999998));
#3303=CARTESIAN_POINT('Origin',(-26.8,0.,-3.33499999999998));
#3304=CARTESIAN_POINT('',(-14.8,0.,-4.33499999999998));
#3305=CARTESIAN_POINT('',(-13.4,0.,-4.33499999999998));
#3306=CARTESIAN_POINT('',(-14.8,0.,-21.435));
#3307=CARTESIAN_POINT('',(-14.8,0.,-2.16749999999999));
#3308=CARTESIAN_POINT('',(-17.55,0.,-21.435));
#3309=CARTESIAN_POINT('',(-7.39999999999999,0.,-21.435));
#3310=CARTESIAN_POINT('',(-18.55,0.,-22.435));
#3311=CARTESIAN_POINT('Origin',(-17.55,0.,-22.435));
#3312=CARTESIAN_POINT('',(-18.55,0.,-22.935));
#3313=CARTESIAN_POINT('',(-18.55,0.,-11.2175));
#3314=CARTESIAN_POINT('',(-17.55,0.,-23.935));
#3315=CARTESIAN_POINT('Origin',(-17.55,0.,-22.935));
#3316=CARTESIAN_POINT('',(-9.54999999999998,0.,-23.935));
#3317=CARTESIAN_POINT('',(-8.77499999999999,0.,-23.935));
#3318=CARTESIAN_POINT('',(-8.54999999999999,0.,-22.935));
#3319=CARTESIAN_POINT('Origin',(-9.54999999999998,0.,-22.935));
#3320=CARTESIAN_POINT('',(-8.54999999999999,0.,-22.435));
#3321=CARTESIAN_POINT('',(-8.54999999999999,0.,-11.4675));
#3322=CARTESIAN_POINT('',(-9.54999999999998,0.,-21.435));
#3323=CARTESIAN_POINT('Origin',(-9.54999999999998,0.,-22.435));
#3324=CARTESIAN_POINT('',(-4.77499999999999,0.,-21.435));
#3325=CARTESIAN_POINT('',(28.7050000000001,0.,66.));
#3326=CARTESIAN_POINT('',(28.705,0.,10.));
#3327=CARTESIAN_POINT('',(28.7050000000001,0.,33.));
#3328=CARTESIAN_POINT('',(27.7050000000001,0.,10.));
#3329=CARTESIAN_POINT('',(14.3525,0.,10.));
#3330=CARTESIAN_POINT('',(26.7050000000001,0.,9.));
#3331=CARTESIAN_POINT('Origin',(27.7050000000001,0.,9.));
#3332=CARTESIAN_POINT('',(26.705,0.,-9.));
#3333=CARTESIAN_POINT('',(26.7050000000001,0.,4.5));
#3334=CARTESIAN_POINT('',(27.705,0.,-10.));
#3335=CARTESIAN_POINT('Origin',(27.705,0.,-9.00000000000001));
#3336=CARTESIAN_POINT('',(32.205,0.,-10.));
#3337=CARTESIAN_POINT('',(13.8525,0.,-9.99999999999999));
#3338=CARTESIAN_POINT('',(33.205,0.,-9.00000000000001));
#3339=CARTESIAN_POINT('Origin',(32.205,0.,-9.00000000000001));
#3340=CARTESIAN_POINT('',(33.205,0.,9.));
#3341=CARTESIAN_POINT('',(33.205,0.,-4.50000000000001));
#3342=CARTESIAN_POINT('',(32.205,0.,10.));
#3343=CARTESIAN_POINT('Origin',(32.2050000000001,0.,9.));
#3344=CARTESIAN_POINT('',(31.2050000000001,0.,10.));
#3345=CARTESIAN_POINT('',(16.1025,0.,10.));
#3346=CARTESIAN_POINT('',(31.2050000000001,0.,66.));
#3347=CARTESIAN_POINT('',(31.2050000000001,0.,5.));
#3348=CARTESIAN_POINT('',(33.9550000000001,0.,66.));
#3349=CARTESIAN_POINT('',(15.6025000000001,0.,66.));
#3350=CARTESIAN_POINT('',(34.9550000000001,0.,67.));
#3351=CARTESIAN_POINT('Origin',(33.9550000000001,0.,67.));
#3352=CARTESIAN_POINT('',(34.9550000000001,0.,67.5));
#3353=CARTESIAN_POINT('',(34.9550000000001,0.,33.5));
#3354=CARTESIAN_POINT('',(33.9550000000001,0.,68.5));
#3355=CARTESIAN_POINT('Origin',(33.9550000000001,0.,67.5));
#3356=CARTESIAN_POINT('',(25.9550000000001,0.,68.5));
#3357=CARTESIAN_POINT('',(16.9775000000001,0.,68.5));
#3358=CARTESIAN_POINT('',(24.9550000000001,0.,67.5));
#3359=CARTESIAN_POINT('Origin',(25.9550000000001,0.,67.5));
#3360=CARTESIAN_POINT('',(24.9550000000001,0.,67.));
#3361=CARTESIAN_POINT('',(24.9550000000001,0.,33.75));
#3362=CARTESIAN_POINT('',(25.9550000000001,0.,66.));
#3363=CARTESIAN_POINT('Origin',(25.9550000000001,0.,67.));
#3364=CARTESIAN_POINT('',(12.9775000000001,0.,66.));
#3365=CARTESIAN_POINT('',(19.75,0.,-70.));
#3366=CARTESIAN_POINT('',(-19.75,0.,-70.));
#3367=CARTESIAN_POINT('',(-9.87500000000001,0.,-70.));
#3368=CARTESIAN_POINT('',(-19.75,0.,-72.25));
#3369=CARTESIAN_POINT('',(-19.75,0.,-36.125));
#3370=CARTESIAN_POINT('',(19.75,0.,-72.25));
#3371=CARTESIAN_POINT('',(9.875,0.,-72.25));
#3372=CARTESIAN_POINT('',(19.7499999999999,0.,-35.));
#3373=CARTESIAN_POINT('',(-19.75,0.,72.25));
#3374=CARTESIAN_POINT('',(-19.75,0.,70.));
#3375=CARTESIAN_POINT('',(-19.7499999999999,0.,35.));
#3376=CARTESIAN_POINT('',(19.75,0.,70.));
#3377=CARTESIAN_POINT('',(9.87500000000001,0.,70.));
#3378=CARTESIAN_POINT('',(19.75,0.,72.25));
#3379=CARTESIAN_POINT('',(19.7499999999999,0.,36.125));
#3380=CARTESIAN_POINT('',(-9.875,0.,72.25));
#3381=CARTESIAN_POINT('Origin',(37.9550000000001,0.,50.));
#3382=CARTESIAN_POINT('',(35.9550000000001,-5.,50.));
#3383=CARTESIAN_POINT('',(35.9550000000001,0.,50.));
#3384=CARTESIAN_POINT('Origin',(37.9550000000001,-5.,50.));
#3385=CARTESIAN_POINT('Origin',(21.9550000000001,-0.5,50.));
#3386=CARTESIAN_POINT('',(23.9550000000001,-1.,50.));
#3387=CARTESIAN_POINT('',(24.4550000000001,-0.5,50.));
#3388=CARTESIAN_POINT('',(19.9550000000001,-1.,50.));
#3389=CARTESIAN_POINT('Origin',(21.9550000000001,-1.,50.));
#3390=CARTESIAN_POINT('Origin',(21.9550000000001,-1.,50.));
#3391=CARTESIAN_POINT('Origin',(21.9550000000001,0.,50.));
#3392=CARTESIAN_POINT('',(19.9550000000001,-5.,50.));
#3393=CARTESIAN_POINT('',(19.9550000000001,0.,50.));
#3394=CARTESIAN_POINT('Origin',(21.9550000000001,-5.,50.));
#3395=CARTESIAN_POINT('Origin',(-36.8,-4.5,13.335));
#3396=CARTESIAN_POINT('',(-39.8,-5.,13.335));
#3397=CARTESIAN_POINT('Origin',(-36.8,-5.,13.335));
#3398=CARTESIAN_POINT('',(-38.8,-4.,13.335));
#3399=CARTESIAN_POINT('',(-39.3,-4.5,13.335));
#3400=CARTESIAN_POINT('Origin',(-36.8,-4.,13.335));
#3401=CARTESIAN_POINT('Origin',(0.,-5.,4.44089209850063E-15));
#3402=CARTESIAN_POINT('',(-43.0717967697245,-5.,-75.));
#3403=CARTESIAN_POINT('',(43.0717967697245,-5.,-75.));
#3404=CARTESIAN_POINT('',(50.,-5.,-75.));
#3405=CARTESIAN_POINT('',(46.5358983848622,-5.,-77.));
#3406=CARTESIAN_POINT('Origin',(43.0717967697245,-5.,-79.));
#3407=CARTESIAN_POINT('',(52.,-5.,-71.5358983848623));
#3408=CARTESIAN_POINT('Origin',(50.,-5.,-75.));
#3409=CARTESIAN_POINT('',(50.,-5.,-68.0717967697245));
#3410=CARTESIAN_POINT('Origin',(54.,-5.,-68.0717967697245));
#3411=CARTESIAN_POINT('',(50.,-5.,68.0717967697245));
#3412=CARTESIAN_POINT('',(50.,-5.,75.));
#3413=CARTESIAN_POINT('',(52.,-5.,71.5358983848622));
#3414=CARTESIAN_POINT('Origin',(54.,-5.,68.0717967697245));
#3415=CARTESIAN_POINT('',(46.5358983848623,-5.,77.));
#3416=CARTESIAN_POINT('Origin',(50.,-5.,75.));
#3417=CARTESIAN_POINT('',(43.0717967697245,-5.,75.));
#3418=CARTESIAN_POINT('Origin',(43.0717967697245,-5.,79.));
#3419=CARTESIAN_POINT('',(-43.0717967697245,-5.,75.));
#3420=CARTESIAN_POINT('',(-50.,-5.,75.));
#3421=CARTESIAN_POINT('',(-46.5358983848622,-5.,77.));
#3422=CARTESIAN_POINT('Origin',(-43.0717967697245,-5.,79.));
#3423=CARTESIAN_POINT('',(-52.,-5.,71.5358983848623));
#3424=CARTESIAN_POINT('Origin',(-50.,-5.,75.));
#3425=CARTESIAN_POINT('',(-50.,-5.,68.0717967697245));
#3426=CARTESIAN_POINT('Origin',(-54.,-5.,68.0717967697245));
#3427=CARTESIAN_POINT('',(-50.,-5.,-68.0717967697245));
#3428=CARTESIAN_POINT('',(-50.,-5.,-75.));
#3429=CARTESIAN_POINT('',(-52.,-5.,-71.5358983848622));
#3430=CARTESIAN_POINT('Origin',(-54.,-5.,-68.0717967697245));
#3431=CARTESIAN_POINT('',(-46.5358983848623,-5.,-77.));
#3432=CARTESIAN_POINT('Origin',(-50.,-5.,-75.));
#3433=CARTESIAN_POINT('Origin',(-43.0717967697245,-5.,-79.));
#3434=CARTESIAN_POINT('',(0.205000000000018,-5.,4.44500000000002));
#3435=CARTESIAN_POINT('Origin',(3.20500000000002,-5.,4.44500000000002));
#3436=CARTESIAN_POINT('',(48.25,-5.,75.));
#3437=CARTESIAN_POINT('Origin',(50.,-5.,75.));
#3438=CARTESIAN_POINT('',(48.25,-5.,-75.));
#3439=CARTESIAN_POINT('Origin',(50.,-5.,-75.));
#3440=CARTESIAN_POINT('',(-51.75,-5.,-75.));
#3441=CARTESIAN_POINT('Origin',(-50.,-5.,-75.));
#3442=CARTESIAN_POINT('',(-51.75,-5.,75.));
#3443=CARTESIAN_POINT('Origin',(-50.,-5.,75.));
#3444=CARTESIAN_POINT('',(28.705,-5.,10.));
#3445=CARTESIAN_POINT('',(28.7050000000001,-5.,66.));
#3446=CARTESIAN_POINT('',(28.7050000000001,-5.,33.));
#3447=CARTESIAN_POINT('',(25.9550000000001,-5.,66.));
#3448=CARTESIAN_POINT('',(12.9775000000001,-5.,66.));
#3449=CARTESIAN_POINT('',(24.9550000000001,-5.,67.));
#3450=CARTESIAN_POINT('Origin',(25.9550000000001,-5.,67.));
#3451=CARTESIAN_POINT('',(24.9550000000001,-5.,67.5));
#3452=CARTESIAN_POINT('',(24.9550000000001,-5.,33.75));
#3453=CARTESIAN_POINT('',(25.9550000000001,-5.,68.5));
#3454=CARTESIAN_POINT('Origin',(25.9550000000001,-5.,67.5));
#3455=CARTESIAN_POINT('',(33.9550000000001,-5.,68.5));
#3456=CARTESIAN_POINT('',(16.9775000000001,-5.,68.5));
#3457=CARTESIAN_POINT('',(34.9550000000001,-5.,67.5));
#3458=CARTESIAN_POINT('Origin',(33.9550000000001,-5.,67.5));
#3459=CARTESIAN_POINT('',(34.9550000000001,-5.,67.));
#3460=CARTESIAN_POINT('',(34.9550000000001,-5.,33.5));
#3461=CARTESIAN_POINT('',(33.9550000000001,-5.,66.));
#3462=CARTESIAN_POINT('Origin',(33.9550000000001,-5.,67.));
#3463=CARTESIAN_POINT('',(31.2050000000001,-5.,66.));
#3464=CARTESIAN_POINT('',(15.6025000000001,-5.,66.));
#3465=CARTESIAN_POINT('',(31.2050000000001,-5.,10.));
#3466=CARTESIAN_POINT('',(31.2050000000001,-5.,5.));
#3467=CARTESIAN_POINT('',(32.205,-5.,10.));
#3468=CARTESIAN_POINT('',(16.1025,-5.,10.));
#3469=CARTESIAN_POINT('',(33.205,-5.,9.));
#3470=CARTESIAN_POINT('Origin',(32.2050000000001,-5.,9.));
#3471=CARTESIAN_POINT('',(33.205,-5.,-9.00000000000001));
#3472=CARTESIAN_POINT('',(33.205,-5.,-4.50000000000001));
#3473=CARTESIAN_POINT('',(32.205,-5.,-10.));
#3474=CARTESIAN_POINT('Origin',(32.205,-5.,-9.00000000000001));
#3475=CARTESIAN_POINT('',(27.705,-5.,-10.));
#3476=CARTESIAN_POINT('',(13.8525,-5.,-9.99999999999999));
#3477=CARTESIAN_POINT('',(26.705,-5.,-9.));
#3478=CARTESIAN_POINT('Origin',(27.705,-5.,-9.00000000000001));
#3479=CARTESIAN_POINT('',(26.7050000000001,-5.,9.));
#3480=CARTESIAN_POINT('',(26.7050000000001,-5.,4.5));
#3481=CARTESIAN_POINT('',(27.7050000000001,-5.,10.));
#3482=CARTESIAN_POINT('Origin',(27.7050000000001,-5.,9.));
#3483=CARTESIAN_POINT('',(14.3525,-5.,10.));
#3484=CARTESIAN_POINT('',(-12.3,-5.,-4.33499999999998));
#3485=CARTESIAN_POINT('',(-12.3,-5.,-21.435));
#3486=CARTESIAN_POINT('',(-12.3,-5.,-10.7175));
#3487=CARTESIAN_POINT('',(-9.54999999999998,-5.,-21.435));
#3488=CARTESIAN_POINT('',(-4.77499999999999,-5.,-21.435));
#3489=CARTESIAN_POINT('',(-8.54999999999999,-5.,-22.435));
#3490=CARTESIAN_POINT('Origin',(-9.54999999999998,-5.,-22.435));
#3491=CARTESIAN_POINT('',(-8.54999999999999,-5.,-22.935));
#3492=CARTESIAN_POINT('',(-8.54999999999999,-5.,-11.4675));
#3493=CARTESIAN_POINT('',(-9.54999999999998,-5.,-23.935));
#3494=CARTESIAN_POINT('Origin',(-9.54999999999998,-5.,-22.935));
#3495=CARTESIAN_POINT('',(-17.55,-5.,-23.935));
#3496=CARTESIAN_POINT('',(-8.77499999999999,-5.,-23.935));
#3497=CARTESIAN_POINT('',(-18.55,-5.,-22.935));
#3498=CARTESIAN_POINT('Origin',(-17.55,-5.,-22.935));
#3499=CARTESIAN_POINT('',(-18.55,-5.,-22.435));
#3500=CARTESIAN_POINT('',(-18.55,-5.,-11.2175));
#3501=CARTESIAN_POINT('',(-17.55,-5.,-21.435));
#3502=CARTESIAN_POINT('Origin',(-17.55,-5.,-22.435));
#3503=CARTESIAN_POINT('',(-14.8,-5.,-21.435));
#3504=CARTESIAN_POINT('',(-7.39999999999999,-5.,-21.435));
#3505=CARTESIAN_POINT('',(-14.8,-5.,-4.33499999999998));
#3506=CARTESIAN_POINT('',(-14.8,-5.,-2.16749999999999));
#3507=CARTESIAN_POINT('',(-26.8,-5.,-4.33499999999998));
#3508=CARTESIAN_POINT('',(-13.4,-5.,-4.33499999999998));
#3509=CARTESIAN_POINT('',(-27.8,-5.,-3.33499999999998));
#3510=CARTESIAN_POINT('Origin',(-26.8,-5.,-3.33499999999998));
#3511=CARTESIAN_POINT('',(-27.8,-5.,3.33500000000002));
#3512=CARTESIAN_POINT('',(-27.8,-5.,1.66750000000001));
#3513=CARTESIAN_POINT('',(-26.8,-5.,4.33500000000002));
#3514=CARTESIAN_POINT('Origin',(-26.8,-5.,3.33500000000002));
#3515=CARTESIAN_POINT('',(-6.79499999999998,-5.,4.33500000000001));
#3516=CARTESIAN_POINT('',(-3.39749999999999,-5.,4.33500000000001));
#3517=CARTESIAN_POINT('',(-5.79499999999998,-5.,3.33500000000002));
#3518=CARTESIAN_POINT('Origin',(-6.79499999999998,-5.,3.33500000000002));
#3519=CARTESIAN_POINT('',(-5.79499999999998,-5.,1.33226762955019E-14));
#3520=CARTESIAN_POINT('',(-5.79499999999998,-5.,9.36407373431031E-15));
#3521=CARTESIAN_POINT('',(11.955,-5.,6.68806904565841E-15));
#3522=CARTESIAN_POINT('',(5.9775,-5.,8.9223431209226E-15));
#3523=CARTESIAN_POINT('',(11.955,-5.,9.49999999999998));
#3524=CARTESIAN_POINT('',(11.955,-5.,4.75));
#3525=CARTESIAN_POINT('',(12.955,-5.,10.5));
#3526=CARTESIAN_POINT('Origin',(12.955,-5.,9.49999999999999));
#3527=CARTESIAN_POINT('',(13.455,-5.,10.5));
#3528=CARTESIAN_POINT('',(6.72750000000002,-5.,10.5));
#3529=CARTESIAN_POINT('',(14.455,-5.,9.49999999999998));
#3530=CARTESIAN_POINT('Origin',(13.455,-5.,9.49999999999999));
#3531=CARTESIAN_POINT('',(14.455,-5.,-1.50000000000001));
#3532=CARTESIAN_POINT('',(14.455,-5.,-0.750000000000008));
#3533=CARTESIAN_POINT('',(13.455,-5.,-2.50000000000001));
#3534=CARTESIAN_POINT('Origin',(13.455,-5.,-1.50000000000001));
#3535=CARTESIAN_POINT('',(-5.79499999999998,-5.,-2.49999999999999));
#3536=CARTESIAN_POINT('',(-2.89749999999999,-5.,-2.49999999999999));
#3537=CARTESIAN_POINT('',(-5.79499999999998,-5.,-3.33499999999999));
#3538=CARTESIAN_POINT('',(-5.79499999999998,-5.,-1.66749999999999));
#3539=CARTESIAN_POINT('',(-6.79499999999998,-5.,-4.33499999999999));
#3540=CARTESIAN_POINT('Origin',(-6.79499999999998,-5.,-3.33499999999999));
#3541=CARTESIAN_POINT('',(-6.14999999999999,-5.,-4.33499999999999));
#3542=CARTESIAN_POINT('',(-39.8,-5.,-13.335));
#3543=CARTESIAN_POINT('Origin',(-36.8,-5.,-13.335));
#3544=CARTESIAN_POINT('Origin',(-36.8,0.,13.335));
#3545=CARTESIAN_POINT('',(-38.8,3.,13.335));
#3546=CARTESIAN_POINT('Origin',(-36.8,3.,13.335));
#3547=CARTESIAN_POINT('',(-38.8,0.,13.335));
#3548=CARTESIAN_POINT('Origin',(3.20500000000002,-4.5,4.44500000000002));
#3549=CARTESIAN_POINT('',(1.20500000000002,-4.,4.44500000000002));
#3550=CARTESIAN_POINT('',(0.705000000000018,-4.5,4.44500000000002));
#3551=CARTESIAN_POINT('Origin',(3.20500000000002,-4.,4.44500000000002));
#3552=CARTESIAN_POINT('Origin',(3.20500000000002,0.,4.44500000000002));
#3553=CARTESIAN_POINT('',(1.20500000000002,3.,4.44500000000002));
#3554=CARTESIAN_POINT('Origin',(3.20500000000002,3.,4.44500000000002));
#3555=CARTESIAN_POINT('',(1.20500000000002,0.,4.44500000000002));
#3556=CARTESIAN_POINT('Origin',(-36.8,-4.5,-13.335));
#3557=CARTESIAN_POINT('',(-38.8,-4.,-13.335));
#3558=CARTESIAN_POINT('',(-39.3,-4.5,-13.335));
#3559=CARTESIAN_POINT('Origin',(-36.8,-4.,-13.335));
#3560=CARTESIAN_POINT('Origin',(-36.8,0.,-13.335));
#3561=CARTESIAN_POINT('',(-38.8,3.,-13.335));
#3562=CARTESIAN_POINT('Origin',(-36.8,3.,-13.335));
#3563=CARTESIAN_POINT('',(-38.8,0.,-13.335));
#3564=CARTESIAN_POINT('Origin',(-43.0717967697245,-1.,-79.));
#3565=CARTESIAN_POINT('',(-46.5358983848623,-1.,-77.));
#3566=CARTESIAN_POINT('Origin',(-47.4019237886467,-1.,-76.5));
#3567=CARTESIAN_POINT('',(-43.0717967697245,-1.,-75.));
#3568=CARTESIAN_POINT('Origin',(-43.0717967697245,-1.,-74.));
#3569=CARTESIAN_POINT('Origin',(-43.0717967697245,-1.,-79.));
#3570=CARTESIAN_POINT('Origin',(-23.,-1.,-74.));
#3571=CARTESIAN_POINT('',(43.0717967697245,-1.,-75.));
#3572=CARTESIAN_POINT('Origin',(43.0717967697245,-1.,-74.));
#3573=CARTESIAN_POINT('',(-23.,-1.,-75.));
#3574=CARTESIAN_POINT('Origin',(43.0717967697245,-1.,-79.));
#3575=CARTESIAN_POINT('',(46.5358983848622,-1.,-77.));
#3576=CARTESIAN_POINT('Origin',(47.4019237886467,-1.,-76.5));
#3577=CARTESIAN_POINT('Origin',(43.0717967697245,-1.,-79.));
#3578=CARTESIAN_POINT('Origin',(50.,-1.,-75.));
#3579=CARTESIAN_POINT('',(52.,-1.,-71.5358983848623));
#3580=CARTESIAN_POINT('Origin',(51.5,-1.,-72.4019237886467));
#3581=CARTESIAN_POINT('Origin',(50.,-1.,-75.));
#3582=CARTESIAN_POINT('',(53.,0.,-75.));
#3583=CARTESIAN_POINT('Origin',(50.,0.,-75.));
#3584=CARTESIAN_POINT('Origin',(50.,0.,-75.));
#3585=CARTESIAN_POINT('Origin',(54.,-1.,-68.0717967697245));
#3586=CARTESIAN_POINT('',(50.,-1.,-68.0717967697245));
#3587=CARTESIAN_POINT('Origin',(49.,-1.,-68.0717967697245));
#3588=CARTESIAN_POINT('Origin',(54.,-1.,-68.0717967697245));
#3589=CARTESIAN_POINT('Origin',(49.,-1.,-35.5));
#3590=CARTESIAN_POINT('',(50.,-1.,68.0717967697245));
#3591=CARTESIAN_POINT('Origin',(49.,-1.,68.0717967697245));
#3592=CARTESIAN_POINT('',(50.,-1.,-35.5));
#3593=CARTESIAN_POINT('Origin',(54.,-1.,68.0717967697245));
#3594=CARTESIAN_POINT('',(52.,-1.,71.5358983848622));
#3595=CARTESIAN_POINT('Origin',(51.5,-1.,72.4019237886467));
#3596=CARTESIAN_POINT('Origin',(54.,-1.,68.0717967697245));
#3597=CARTESIAN_POINT('Origin',(50.,-1.,75.));
#3598=CARTESIAN_POINT('',(46.5358983848623,-1.,77.));
#3599=CARTESIAN_POINT('Origin',(47.4019237886467,-1.,76.5));
#3600=CARTESIAN_POINT('Origin',(50.,-1.,75.));
#3601=CARTESIAN_POINT('',(53.,0.,75.));
#3602=CARTESIAN_POINT('Origin',(50.,0.,75.));
#3603=CARTESIAN_POINT('Origin',(50.,0.,75.));
#3604=CARTESIAN_POINT('Origin',(43.0717967697245,-1.,79.));
#3605=CARTESIAN_POINT('',(43.0717967697245,-1.,75.));
#3606=CARTESIAN_POINT('Origin',(43.0717967697245,-1.,74.));
#3607=CARTESIAN_POINT('Origin',(43.0717967697245,-1.,79.));
#3608=CARTESIAN_POINT('Origin',(23.,-1.,74.));
#3609=CARTESIAN_POINT('',(-43.0717967697245,-1.,75.));
#3610=CARTESIAN_POINT('Origin',(-43.0717967697245,-1.,74.));
#3611=CARTESIAN_POINT('',(23.,-1.,75.));
#3612=CARTESIAN_POINT('Origin',(-43.0717967697245,-1.,79.));
#3613=CARTESIAN_POINT('',(-46.5358983848622,-1.,77.));
#3614=CARTESIAN_POINT('Origin',(-47.4019237886467,-1.,76.5));
#3615=CARTESIAN_POINT('Origin',(-43.0717967697245,-1.,79.));
#3616=CARTESIAN_POINT('Origin',(-50.,-1.,75.));
#3617=CARTESIAN_POINT('',(-52.,-1.,71.5358983848623));
#3618=CARTESIAN_POINT('Origin',(-51.5,-1.,72.4019237886467));
#3619=CARTESIAN_POINT('Origin',(-50.,-1.,75.));
#3620=CARTESIAN_POINT('Origin',(-50.,0.,75.));
#3621=CARTESIAN_POINT('Origin',(-54.,-1.,68.0717967697245));
#3622=CARTESIAN_POINT('',(-50.,-1.,68.0717967697245));
#3623=CARTESIAN_POINT('Origin',(-49.,-1.,68.0717967697245));
#3624=CARTESIAN_POINT('Origin',(-54.,-1.,68.0717967697245));
#3625=CARTESIAN_POINT('Origin',(-49.,-1.,35.5));
#3626=CARTESIAN_POINT('',(-50.,-1.,-68.0717967697245));
#3627=CARTESIAN_POINT('Origin',(-49.,-1.,-68.0717967697245));
#3628=CARTESIAN_POINT('',(-50.,-1.,35.5));
#3629=CARTESIAN_POINT('Origin',(-54.,-1.,-68.0717967697245));
#3630=CARTESIAN_POINT('',(-52.,-1.,-71.5358983848622));
#3631=CARTESIAN_POINT('Origin',(-51.5,-1.,-72.4019237886467));
#3632=CARTESIAN_POINT('Origin',(-54.,-1.,-68.0717967697245));
#3633=CARTESIAN_POINT('Origin',(-50.,-1.,-75.));
#3634=CARTESIAN_POINT('Origin',(-50.,-1.,-75.));
#3635=CARTESIAN_POINT('Origin',(-50.,0.,-75.));
#3636=CARTESIAN_POINT('Origin',(46.,0.,75.));
#3637=CARTESIAN_POINT('',(-43.0717967697245,0.,75.));
#3638=CARTESIAN_POINT('',(43.0717967697245,0.,75.));
#3639=CARTESIAN_POINT('Origin',(-43.0717967697245,0.,79.));
#3640=CARTESIAN_POINT('',(-46.5358983848622,0.,77.));
#3641=CARTESIAN_POINT('Origin',(-50.,0.,75.));
#3642=CARTESIAN_POINT('',(-52.,0.,71.5358983848623));
#3643=CARTESIAN_POINT('Origin',(-54.,0.,68.0717967697245));
#3644=CARTESIAN_POINT('',(-50.,0.,68.0717967697245));
#3645=CARTESIAN_POINT('Origin',(-50.,0.,71.));
#3646=CARTESIAN_POINT('',(-50.,0.,-68.0717967697245));
#3647=CARTESIAN_POINT('Origin',(-54.,0.,-68.0717967697245));
#3648=CARTESIAN_POINT('',(-52.,0.,-71.5358983848622));
#3649=CARTESIAN_POINT('Origin',(-50.,0.,-75.));
#3650=CARTESIAN_POINT('',(-46.5358983848623,0.,-77.));
#3651=CARTESIAN_POINT('Origin',(-43.0717967697245,0.,-79.));
#3652=CARTESIAN_POINT('',(-43.0717967697245,0.,-75.));
#3653=CARTESIAN_POINT('Origin',(54.,0.,-68.0717967697245));
#3654=CARTESIAN_POINT('',(50.,0.,-68.0717967697245));
#3655=CARTESIAN_POINT('',(52.,0.,-71.5358983848623));
#3656=CARTESIAN_POINT('Origin',(50.,0.,-71.));
#3657=CARTESIAN_POINT('',(50.,0.,68.0717967697245));
#3658=CARTESIAN_POINT('Origin',(43.0717967697245,0.,-79.));
#3659=CARTESIAN_POINT('',(46.5358983848622,0.,-77.));
#3660=CARTESIAN_POINT('',(43.0717967697245,0.,-75.));
#3661=CARTESIAN_POINT('Origin',(50.,0.,-75.));
#3662=CARTESIAN_POINT('Origin',(-46.,0.,-75.));
#3663=CARTESIAN_POINT('Origin',(43.0717967697245,0.,79.));
#3664=CARTESIAN_POINT('',(46.5358983848623,0.,77.));
#3665=CARTESIAN_POINT('Origin',(54.,0.,68.0717967697245));
#3666=CARTESIAN_POINT('',(52.,0.,71.5358983848622));
#3667=CARTESIAN_POINT('Origin',(50.,0.,75.));
#3668=CARTESIAN_POINT('Origin',(50.,-1.325,75.));
#3669=CARTESIAN_POINT('',(48.25,-1.95,75.));
#3670=CARTESIAN_POINT('Origin',(50.,-1.95,75.));
#3671=CARTESIAN_POINT('',(47.,-0.7,75.));
#3672=CARTESIAN_POINT('',(47.625,-1.325,75.));
#3673=CARTESIAN_POINT('',(53.,-0.7,75.));
#3674=CARTESIAN_POINT('Origin',(50.,-0.7,75.));
#3675=CARTESIAN_POINT('Origin',(50.,-0.7,75.));
#3676=CARTESIAN_POINT('Origin',(50.,0.,75.));
#3677=CARTESIAN_POINT('',(48.25,0.,75.));
#3678=CARTESIAN_POINT('Origin',(50.,-1.325,-75.));
#3679=CARTESIAN_POINT('',(48.25,-1.95,-75.));
#3680=CARTESIAN_POINT('Origin',(50.,-1.95,-75.));
#3681=CARTESIAN_POINT('',(47.,-0.7,-75.));
#3682=CARTESIAN_POINT('',(47.625,-1.325,-75.));
#3683=CARTESIAN_POINT('',(53.,-0.7,-75.));
#3684=CARTESIAN_POINT('Origin',(50.,-0.7,-75.));
#3685=CARTESIAN_POINT('Origin',(50.,-0.7,-75.));
#3686=CARTESIAN_POINT('Origin',(50.,0.,-75.));
#3687=CARTESIAN_POINT('',(48.25,0.,-75.));
#3688=CARTESIAN_POINT('Origin',(-50.,-1.325,-75.));
#3689=CARTESIAN_POINT('',(-51.75,-1.95,-75.));
#3690=CARTESIAN_POINT('Origin',(-50.,-1.95,-75.));
#3691=CARTESIAN_POINT('',(-53.,-0.7,-75.));
#3692=CARTESIAN_POINT('',(-52.375,-1.325,-75.));
#3693=CARTESIAN_POINT('',(-47.,-0.7,-75.));
#3694=CARTESIAN_POINT('Origin',(-50.,-0.7,-75.));
#3695=CARTESIAN_POINT('Origin',(-50.,-0.7,-75.));
#3696=CARTESIAN_POINT('Origin',(-50.,0.,-75.));
#3697=CARTESIAN_POINT('',(-51.75,0.,-75.));
#3698=CARTESIAN_POINT('Origin',(-50.,-1.325,75.));
#3699=CARTESIAN_POINT('',(-51.75,-1.95,75.));
#3700=CARTESIAN_POINT('Origin',(-50.,-1.95,75.));
#3701=CARTESIAN_POINT('',(-53.,-0.7,75.));
#3702=CARTESIAN_POINT('',(-52.375,-1.325,75.));
#3703=CARTESIAN_POINT('',(-47.,-0.7,75.));
#3704=CARTESIAN_POINT('Origin',(-50.,-0.7,75.));
#3705=CARTESIAN_POINT('Origin',(-50.,-0.7,75.));
#3706=CARTESIAN_POINT('Origin',(-50.,0.,75.));
#3707=CARTESIAN_POINT('',(-51.75,0.,75.));
#3708=CARTESIAN_POINT('Origin',(-36.8,0.,-13.335));
#3709=CARTESIAN_POINT('',(-40.3,3.,-13.335));
#3710=CARTESIAN_POINT('Origin',(-36.8,3.,-13.335));
#3711=CARTESIAN_POINT('',(-40.3,0.,-13.335));
#3712=CARTESIAN_POINT('Origin',(-36.8,3.,-13.335));
#3713=CARTESIAN_POINT('Origin',(-36.8,0.,13.335));
#3714=CARTESIAN_POINT('',(-40.3,3.,13.335));
#3715=CARTESIAN_POINT('Origin',(-36.8,3.,13.335));
#3716=CARTESIAN_POINT('',(-40.3,0.,13.335));
#3717=CARTESIAN_POINT('Origin',(-36.8,3.,13.335));
#3718=CARTESIAN_POINT('Origin',(3.20500000000002,0.,4.44500000000002));
#3719=CARTESIAN_POINT('',(-0.294999999999982,3.,4.44500000000002));
#3720=CARTESIAN_POINT('Origin',(3.20500000000002,3.,4.44500000000002));
#3721=CARTESIAN_POINT('',(-0.294999999999982,0.,4.44500000000002));
#3722=CARTESIAN_POINT('Origin',(3.20500000000002,3.,4.44500000000002));
#3723=CARTESIAN_POINT('Origin',(-6.79499999999998,0.,4.33500000000001));
#3724=CARTESIAN_POINT('',(-26.8,0.,4.33500000000002));
#3725=CARTESIAN_POINT('',(-6.79499999999998,0.,4.33500000000001));
#3726=CARTESIAN_POINT('Origin',(-6.79499999999998,0.,3.33500000000002));
#3727=CARTESIAN_POINT('',(-5.79499999999998,0.,3.33500000000002));
#3728=CARTESIAN_POINT('Origin',(-5.79499999999998,0.,1.33226762955019E-14));
#3729=CARTESIAN_POINT('',(-5.79499999999998,0.,1.33226762955019E-14));
#3730=CARTESIAN_POINT('Origin',(11.955,0.,6.68806904565841E-15));
#3731=CARTESIAN_POINT('',(11.955,0.,6.68806904565841E-15));
#3732=CARTESIAN_POINT('Origin',(11.955,0.,9.49999999999998));
#3733=CARTESIAN_POINT('',(11.955,0.,9.49999999999998));
#3734=CARTESIAN_POINT('Origin',(12.955,0.,9.49999999999999));
#3735=CARTESIAN_POINT('',(12.955,0.,10.5));
#3736=CARTESIAN_POINT('Origin',(13.455,0.,10.5));
#3737=CARTESIAN_POINT('',(13.455,0.,10.5));
#3738=CARTESIAN_POINT('Origin',(13.455,0.,9.49999999999999));
#3739=CARTESIAN_POINT('',(14.455,0.,9.49999999999998));
#3740=CARTESIAN_POINT('Origin',(14.455,0.,-1.50000000000001));
#3741=CARTESIAN_POINT('',(14.455,0.,-1.50000000000001));
#3742=CARTESIAN_POINT('Origin',(13.455,0.,-1.50000000000001));
#3743=CARTESIAN_POINT('',(13.455,0.,-2.50000000000001));
#3744=CARTESIAN_POINT('Origin',(-5.79499999999998,0.,-2.49999999999999));
#3745=CARTESIAN_POINT('',(-5.79499999999998,0.,-2.49999999999999));
#3746=CARTESIAN_POINT('Origin',(-5.79499999999998,0.,-3.33499999999999));
#3747=CARTESIAN_POINT('',(-5.79499999999998,0.,-3.33499999999999));
#3748=CARTESIAN_POINT('Origin',(-6.79499999999998,0.,-3.33499999999999));
#3749=CARTESIAN_POINT('',(-6.79499999999998,0.,-4.33499999999999));
#3750=CARTESIAN_POINT('Origin',(-12.3,0.,-4.33499999999998));
#3751=CARTESIAN_POINT('',(-12.3,0.,-4.33499999999998));
#3752=CARTESIAN_POINT('Origin',(-12.3,0.,-21.435));
#3753=CARTESIAN_POINT('',(-12.3,0.,-21.435));
#3754=CARTESIAN_POINT('Origin',(-9.54999999999998,0.,-21.435));
#3755=CARTESIAN_POINT('',(-9.54999999999998,0.,-21.435));
#3756=CARTESIAN_POINT('Origin',(-9.54999999999998,0.,-22.435));
#3757=CARTESIAN_POINT('',(-8.54999999999999,0.,-22.435));
#3758=CARTESIAN_POINT('Origin',(-8.54999999999999,0.,-22.935));
#3759=CARTESIAN_POINT('',(-8.54999999999999,0.,-22.935));
#3760=CARTESIAN_POINT('Origin',(-9.54999999999998,0.,-22.935));
#3761=CARTESIAN_POINT('',(-9.54999999999998,0.,-23.935));
#3762=CARTESIAN_POINT('Origin',(-17.55,0.,-23.935));
#3763=CARTESIAN_POINT('',(-17.55,0.,-23.935));
#3764=CARTESIAN_POINT('Origin',(-17.55,0.,-22.935));
#3765=CARTESIAN_POINT('',(-18.55,0.,-22.935));
#3766=CARTESIAN_POINT('Origin',(-18.55,0.,-22.435));
#3767=CARTESIAN_POINT('',(-18.55,0.,-22.435));
#3768=CARTESIAN_POINT('Origin',(-17.55,0.,-22.435));
#3769=CARTESIAN_POINT('',(-17.55,0.,-21.435));
#3770=CARTESIAN_POINT('Origin',(-14.8,0.,-21.435));
#3771=CARTESIAN_POINT('',(-14.8,0.,-21.435));
#3772=CARTESIAN_POINT('Origin',(-14.8,0.,-4.33499999999998));
#3773=CARTESIAN_POINT('',(-14.8,0.,-4.33499999999998));
#3774=CARTESIAN_POINT('Origin',(-26.8,0.,-4.33499999999998));
#3775=CARTESIAN_POINT('',(-26.8,0.,-4.33499999999998));
#3776=CARTESIAN_POINT('Origin',(-26.8,0.,-3.33499999999998));
#3777=CARTESIAN_POINT('',(-27.8,0.,-3.33499999999998));
#3778=CARTESIAN_POINT('Origin',(-27.8,0.,3.33500000000002));
#3779=CARTESIAN_POINT('',(-27.8,0.,3.33500000000002));
#3780=CARTESIAN_POINT('Origin',(-26.8,0.,3.33500000000002));
#3781=CARTESIAN_POINT('Origin',(31.2050000000001,0.,10.));
#3782=CARTESIAN_POINT('',(31.2050000000001,0.,66.));
#3783=CARTESIAN_POINT('',(31.2050000000001,0.,10.));
#3784=CARTESIAN_POINT('Origin',(32.205,0.,10.));
#3785=CARTESIAN_POINT('',(32.205,0.,10.));
#3786=CARTESIAN_POINT('Origin',(32.2050000000001,0.,9.));
#3787=CARTESIAN_POINT('',(33.205,0.,9.));
#3788=CARTESIAN_POINT('Origin',(33.205,0.,-9.00000000000001));
#3789=CARTESIAN_POINT('',(33.205,0.,-9.00000000000001));
#3790=CARTESIAN_POINT('Origin',(32.205,0.,-9.00000000000001));
#3791=CARTESIAN_POINT('',(32.205,0.,-10.));
#3792=CARTESIAN_POINT('Origin',(27.705,0.,-10.));
#3793=CARTESIAN_POINT('',(27.705,0.,-10.));
#3794=CARTESIAN_POINT('Origin',(27.705,0.,-9.00000000000001));
#3795=CARTESIAN_POINT('',(26.705,0.,-9.));
#3796=CARTESIAN_POINT('Origin',(26.7050000000001,0.,9.));
#3797=CARTESIAN_POINT('',(26.7050000000001,0.,9.));
#3798=CARTESIAN_POINT('Origin',(27.7050000000001,0.,9.));
#3799=CARTESIAN_POINT('',(27.7050000000001,0.,10.));
#3800=CARTESIAN_POINT('Origin',(28.705,0.,10.));
#3801=CARTESIAN_POINT('',(28.705,0.,10.));
#3802=CARTESIAN_POINT('Origin',(28.7050000000001,0.,66.));
#3803=CARTESIAN_POINT('',(28.7050000000001,0.,66.));
#3804=CARTESIAN_POINT('Origin',(25.9550000000001,0.,66.));
#3805=CARTESIAN_POINT('',(25.9550000000001,0.,66.));
#3806=CARTESIAN_POINT('Origin',(25.9550000000001,0.,67.));
#3807=CARTESIAN_POINT('',(24.9550000000001,0.,67.));
#3808=CARTESIAN_POINT('Origin',(24.9550000000001,0.,67.5));
#3809=CARTESIAN_POINT('',(24.9550000000001,0.,67.5));
#3810=CARTESIAN_POINT('Origin',(25.9550000000001,0.,67.5));
#3811=CARTESIAN_POINT('',(25.9550000000001,0.,68.5));
#3812=CARTESIAN_POINT('Origin',(33.9550000000001,0.,68.5));
#3813=CARTESIAN_POINT('',(33.9550000000001,0.,68.5));
#3814=CARTESIAN_POINT('Origin',(33.9550000000001,0.,67.5));
#3815=CARTESIAN_POINT('',(34.9550000000001,0.,67.5));
#3816=CARTESIAN_POINT('Origin',(34.9550000000001,0.,67.));
#3817=CARTESIAN_POINT('',(34.9550000000001,0.,67.));
#3818=CARTESIAN_POINT('Origin',(33.9550000000001,0.,67.));
#3819=CARTESIAN_POINT('',(33.9550000000001,0.,66.));
#3820=CARTESIAN_POINT('Origin',(31.2050000000001,0.,66.));
#3821=CARTESIAN_POINT('Origin',(-19.75,0.,-70.));
#3822=CARTESIAN_POINT('',(19.75,2.,-70.));
#3823=CARTESIAN_POINT('',(19.75,0.,-70.));
#3824=CARTESIAN_POINT('',(-19.75,2.,-70.));
#3825=CARTESIAN_POINT('',(-19.75,2.,-70.));
#3826=CARTESIAN_POINT('',(-19.75,0.,-70.));
#3827=CARTESIAN_POINT('Origin',(-19.75,0.,-72.25));
#3828=CARTESIAN_POINT('',(-19.75,2.,-72.25));
#3829=CARTESIAN_POINT('',(-19.75,2.,-72.25));
#3830=CARTESIAN_POINT('',(-19.75,0.,-72.25));
#3831=CARTESIAN_POINT('Origin',(19.75,0.,-72.25));
#3832=CARTESIAN_POINT('',(19.75,2.,-72.25));
#3833=CARTESIAN_POINT('',(19.75,2.,-72.25));
#3834=CARTESIAN_POINT('',(19.75,0.,-72.25));
#3835=CARTESIAN_POINT('Origin',(19.75,0.,-70.));
#3836=CARTESIAN_POINT('',(19.75,2.,-70.));
#3837=CARTESIAN_POINT('Origin',(-1.33226762955019E-14,2.,-71.125));
#3838=CARTESIAN_POINT('Origin',(-19.75,0.,70.));
#3839=CARTESIAN_POINT('',(-19.75,2.,72.25));
#3840=CARTESIAN_POINT('',(-19.75,0.,72.25));
#3841=CARTESIAN_POINT('',(-19.75,2.,70.));
#3842=CARTESIAN_POINT('',(-19.75,2.,70.));
#3843=CARTESIAN_POINT('',(-19.75,0.,70.));
#3844=CARTESIAN_POINT('Origin',(19.75,0.,70.));
#3845=CARTESIAN_POINT('',(19.75,2.,70.));
#3846=CARTESIAN_POINT('',(19.75,2.,70.));
#3847=CARTESIAN_POINT('',(19.75,0.,70.));
#3848=CARTESIAN_POINT('Origin',(19.75,0.,72.25));
#3849=CARTESIAN_POINT('',(19.75,2.,72.25));
#3850=CARTESIAN_POINT('',(19.75,2.,72.25));
#3851=CARTESIAN_POINT('',(19.75,0.,72.25));
#3852=CARTESIAN_POINT('Origin',(-19.75,0.,72.25));
#3853=CARTESIAN_POINT('',(-19.75,2.,72.25));
#3854=CARTESIAN_POINT('Origin',(4.44089209850063E-15,2.,71.125));
#3855=CARTESIAN_POINT('Origin',(-50.,0.,-75.));
#3856=CARTESIAN_POINT('',(-47.,0.,-75.));
#3857=CARTESIAN_POINT('Origin',(50.,0.,-75.));
#3858=CARTESIAN_POINT('',(53.,0.,-75.));
#3859=CARTESIAN_POINT('Origin',(-50.,0.,75.));
#3860=CARTESIAN_POINT('',(-47.,0.,75.));
#3861=CARTESIAN_POINT('Origin',(50.,0.,75.));
#3862=CARTESIAN_POINT('',(53.,0.,75.));
#3863=UNCERTAINTY_MEASURE_WITH_UNIT(LENGTH_MEASURE(0.01),#3867,
'DISTANCE_ACCURACY_VALUE',
'Maximum model space distance between geometric entities at asserted c
onnectivities');
#3864=UNCERTAINTY_MEASURE_WITH_UNIT(LENGTH_MEASURE(0.01),#3867,
'DISTANCE_ACCURACY_VALUE',
'Maximum model space distance between geometric entities at asserted c
onnectivities');
#3865=(
GEOMETRIC_REPRESENTATION_CONTEXT(3)
GLOBAL_UNCERTAINTY_ASSIGNED_CONTEXT((#3863))
GLOBAL_UNIT_ASSIGNED_CONTEXT((#3867,#3869,#3870))
REPRESENTATION_CONTEXT('','3D')
);
#3866=(
GEOMETRIC_REPRESENTATION_CONTEXT(3)
GLOBAL_UNCERTAINTY_ASSIGNED_CONTEXT((#3864))
GLOBAL_UNIT_ASSIGNED_CONTEXT((#3867,#3869,#3870))
REPRESENTATION_CONTEXT('','3D')
);
#3867=(
LENGTH_UNIT()
NAMED_UNIT(*)
SI_UNIT(.MILLI.,.METRE.)
);
#3868=(
LENGTH_UNIT()
NAMED_UNIT(*)
SI_UNIT(.CENTI.,.METRE.)
);
#3869=(
NAMED_UNIT(*)
PLANE_ANGLE_UNIT()
SI_UNIT($,.RADIAN.)
);
#3870=(
NAMED_UNIT(*)
SI_UNIT($,.STERADIAN.)
SOLID_ANGLE_UNIT()
);
#3871=SHAPE_DEFINITION_REPRESENTATION(#3872,#3873);
#3872=PRODUCT_DEFINITION_SHAPE('',$,#3875);
#3873=SHAPE_REPRESENTATION('',(#2250),#3865);
#3874=PRODUCT_DEFINITION_CONTEXT('part definition',#3879,'design');
#3875=PRODUCT_DEFINITION('Aufbau','Aufbau',#3876,#3874);
#3876=PRODUCT_DEFINITION_FORMATION('',$,#3881);
#3877=PRODUCT_RELATED_PRODUCT_CATEGORY('Aufbau','Aufbau',(#3881));
#3878=APPLICATION_PROTOCOL_DEFINITION('international standard',
'automotive_design',2009,#3879);
#3879=APPLICATION_CONTEXT(
'Core Data for Automotive Mechanical Design Process');
#3880=PRODUCT_CONTEXT('part definition',#3879,'mechanical');
#3881=PRODUCT('Aufbau','Aufbau',$,(#3880));
#3882=PRESENTATION_STYLE_ASSIGNMENT((#3883));
#3883=SURFACE_STYLE_USAGE(.BOTH.,#3886);
#3884=SURFACE_STYLE_RENDERING_WITH_PROPERTIES($,#3890,(#3885));
#3885=SURFACE_STYLE_TRANSPARENT(0.);
#3886=SURFACE_SIDE_STYLE('',(#3887,#3884));
#3887=SURFACE_STYLE_FILL_AREA(#3888);
#3888=FILL_AREA_STYLE('',(#3889));
#3889=FILL_AREA_STYLE_COLOUR('',#3890);
#3890=COLOUR_RGB('',0.250980392156863,0.250980392156863,0.250980392156863);
ENDSEC;
END-ISO-10303-21;
