ISO-10303-21;
HEADER;
/* Generated by software containing ST-Developer
 * from STEP Tools, Inc. (www.steptools.com) 
 */

FILE_DESCRIPTION(
/* description */ (''),
/* implementation_level */ '2;1');

FILE_NAME(
/* name */ 'Deckel.stp',
/* time_stamp */ '2026-07-17T09:28:18+02:00',
/* author */ ('PascalHelfenstein'),
/* organization */ (''),
/* preprocessor_version */ 'ST-DEVELOPER v20.1',
/* originating_system */ 'Autodesk Inventor 2027',
/* authorisation */ '');

FILE_SCHEMA (('AUTOMOTIVE_DESIGN { 1 0 10303 214 3 1 1 }'));
ENDSEC;

DATA;
#10=MECHANICAL_DESIGN_GEOMETRIC_PRESENTATION_REPRESENTATION('',(#13),#9762);
#11=SHAPE_REPRESENTATION_RELATIONSHIP('SRR','None',#9769,#12);
#12=ADVANCED_BREP_SHAPE_REPRESENTATION('',(#14),#9761);
#13=STYLED_ITEM('',(#9778),#14);
#14=MANIFOLD_SOLID_BREP('Volumenk\X\F6rper1',#4633);
#15=B_SPLINE_SURFACE_WITH_KNOTS('',3,1,((#7198,#7199),(#7200,#7201),(#7202,
#7203),(#7204,#7205),(#7206,#7207),(#7208,#7209),(#7210,#7211),(#7212,#7213),
(#7214,#7215),(#7216,#7217)),.UNSPECIFIED.,.F.,.F.,.F.,(4,3,3,4),(2,2),
(-14.,-13.,-12.,-11.),(0.,0.002),.UNSPECIFIED.);
#16=B_SPLINE_SURFACE_WITH_KNOTS('',3,1,((#7236,#7237),(#7238,#7239),(#7240,
#7241),(#7242,#7243)),.UNSPECIFIED.,.F.,.F.,.F.,(4,4),(2,2),(-1.,0.),(0.,
0.002),.UNSPECIFIED.);
#17=B_SPLINE_SURFACE_WITH_KNOTS('',3,1,((#7262,#7263),(#7264,#7265),(#7266,
#7267),(#7268,#7269),(#7270,#7271),(#7272,#7273),(#7274,#7275),(#7276,#7277),
(#7278,#7279),(#7280,#7281),(#7282,#7283),(#7284,#7285),(#7286,#7287)),
 .UNSPECIFIED.,.F.,.F.,.F.,(4,3,3,3,4),(2,2),(-8.,-7.,-6.,-5.,-4.),(0.,
0.002),.UNSPECIFIED.);
#18=B_SPLINE_SURFACE_WITH_KNOTS('',3,1,((#7347,#7348),(#7349,#7350),(#7351,
#7352),(#7353,#7354),(#7355,#7356),(#7357,#7358),(#7359,#7360)),
 .UNSPECIFIED.,.F.,.F.,.F.,(4,3,4),(2,2),(-11.,-10.,-9.),(0.,0.002),
 .UNSPECIFIED.);
#19=B_SPLINE_SURFACE_WITH_KNOTS('',3,1,((#7387,#7388),(#7389,#7390),(#7391,
#7392),(#7393,#7394),(#7395,#7396),(#7397,#7398),(#7399,#7400),(#7401,#7402),
(#7403,#7404),(#7405,#7406),(#7407,#7408),(#7409,#7410),(#7411,#7412),(#7413,
#7414),(#7415,#7416),(#7417,#7418),(#7419,#7420),(#7421,#7422),(#7423,#7424),
(#7425,#7426),(#7427,#7428),(#7429,#7430),(#7431,#7432),(#7433,#7434),(#7435,
#7436),(#7437,#7438),(#7439,#7440),(#7441,#7442)),.UNSPECIFIED.,.F.,.F.,
 .F.,(4,3,3,3,3,3,3,3,3,4),(2,2),(-9.,-8.,-7.,-6.,-5.,-4.,-3.,-2.,-1.,0.),
(0.,0.002),.UNSPECIFIED.);
#20=B_SPLINE_SURFACE_WITH_KNOTS('',3,1,((#7499,#7500),(#7501,#7502),(#7503,
#7504),(#7505,#7506),(#7507,#7508),(#7509,#7510),(#7511,#7512)),
 .UNSPECIFIED.,.F.,.F.,.F.,(4,3,4),(2,2),(-6.,-5.,-4.),(0.,0.002),
 .UNSPECIFIED.);
#21=B_SPLINE_SURFACE_WITH_KNOTS('',3,1,((#7533,#7534),(#7535,#7536),(#7537,
#7538),(#7539,#7540),(#7541,#7542),(#7543,#7544),(#7545,#7546)),
 .UNSPECIFIED.,.F.,.F.,.F.,(4,3,4),(2,2),(-9.,-8.,-7.),(0.,0.002),
 .UNSPECIFIED.);
#22=B_SPLINE_SURFACE_WITH_KNOTS('',3,1,((#7556,#7557),(#7558,#7559),(#7560,
#7561),(#7562,#7563)),.UNSPECIFIED.,.F.,.F.,.F.,(4,4),(2,2),(-10.,-9.),
(0.,0.002),.UNSPECIFIED.);
#23=B_SPLINE_SURFACE_WITH_KNOTS('',3,1,((#7590,#7591),(#7592,#7593),(#7594,
#7595),(#7596,#7597)),.UNSPECIFIED.,.F.,.F.,.F.,(4,4),(2,2),(-1.,0.),(0.,
0.002),.UNSPECIFIED.);
#24=B_SPLINE_SURFACE_WITH_KNOTS('',3,1,((#7604,#7605),(#7606,#7607),(#7608,
#7609),(#7610,#7611),(#7612,#7613),(#7614,#7615),(#7616,#7617),(#7618,#7619),
(#7620,#7621),(#7622,#7623)),.UNSPECIFIED.,.F.,.F.,.F.,(4,3,3,4),(2,2),
(-4.,-3.,-2.,-1.),(0.,0.002),.UNSPECIFIED.);
#25=B_SPLINE_SURFACE_WITH_KNOTS('',3,1,((#7733,#7734),(#7735,#7736),(#7737,
#7738),(#7739,#7740),(#7741,#7742),(#7743,#7744),(#7745,#7746),(#7747,#7748),
(#7749,#7750),(#7751,#7752),(#7753,#7754),(#7755,#7756),(#7757,#7758),(#7759,
#7760),(#7761,#7762),(#7763,#7764),(#7765,#7766),(#7767,#7768),(#7769,#7770),
(#7771,#7772),(#7773,#7774),(#7775,#7776),(#7777,#7778),(#7779,#7780),(#7781,
#7782),(#7783,#7784),(#7785,#7786),(#7787,#7788),(#7789,#7790),(#7791,#7792),
(#7793,#7794),(#7795,#7796),(#7797,#7798),(#7799,#7800),(#7801,#7802),(#7803,
#7804),(#7805,#7806),(#7807,#7808),(#7809,#7810),(#7811,#7812),(#7813,#7814),
(#7815,#7816),(#7817,#7818)),.UNSPECIFIED.,.T.,.F.,.F.,(4,3,3,3,3,3,3,3,
3,3,3,3,3,3,4),(2,2),(-14.,-13.,-12.,-11.,-10.,-9.,-8.,-7.,-6.,-5.,-4.,
-3.,-2.,-1.,0.),(0.,0.002),.UNSPECIFIED.);
#26=B_SPLINE_SURFACE_WITH_KNOTS('',3,1,((#7908,#7909),(#7910,#7911),(#7912,
#7913),(#7914,#7915),(#7916,#7917),(#7918,#7919),(#7920,#7921),(#7922,#7923),
(#7924,#7925),(#7926,#7927),(#7928,#7929),(#7930,#7931),(#7932,#7933),(#7934,
#7935),(#7936,#7937),(#7938,#7939),(#7940,#7941),(#7942,#7943),(#7944,#7945),
(#7946,#7947),(#7948,#7949),(#7950,#7951),(#7952,#7953),(#7954,#7955),(#7956,
#7957),(#7958,#7959),(#7960,#7961),(#7962,#7963),(#7964,#7965),(#7966,#7967),
(#7968,#7969),(#7970,#7971),(#7972,#7973),(#7974,#7975),(#7976,#7977),(#7978,
#7979),(#7980,#7981),(#7982,#7983),(#7984,#7985),(#7986,#7987),(#7988,#7989),
(#7990,#7991),(#7992,#7993),(#7994,#7995),(#7996,#7997),(#7998,#7999),(#8000,
#8001),(#8002,#8003),(#8004,#8005)),.UNSPECIFIED.,.T.,.F.,.F.,(4,3,3,3,
3,3,3,3,3,3,3,3,3,3,3,3,4),(2,2),(-16.,-15.,-14.,-13.,-12.,-11.,-10.,-9.,
-8.,-7.,-6.,-5.,-4.,-3.,-2.,-1.,0.),(0.,0.002),.UNSPECIFIED.);
#27=B_SPLINE_SURFACE_WITH_KNOTS('',3,1,((#8064,#8065),(#8066,#8067),(#8068,
#8069),(#8070,#8071),(#8072,#8073),(#8074,#8075),(#8076,#8077),(#8078,#8079),
(#8080,#8081),(#8082,#8083),(#8084,#8085),(#8086,#8087),(#8088,#8089),(#8090,
#8091),(#8092,#8093),(#8094,#8095)),.UNSPECIFIED.,.F.,.F.,.F.,(4,3,3,3,
3,4),(2,2),(-8.,-7.,-6.,-5.,-4.,-3.),(0.,0.002),.UNSPECIFIED.);
#28=B_SPLINE_SURFACE_WITH_KNOTS('',3,1,((#8134,#8135),(#8136,#8137),(#8138,
#8139),(#8140,#8141),(#8142,#8143),(#8144,#8145),(#8146,#8147),(#8148,#8149),
(#8150,#8151),(#8152,#8153),(#8154,#8155),(#8156,#8157),(#8158,#8159),(#8160,
#8161),(#8162,#8163),(#8164,#8165)),.UNSPECIFIED.,.F.,.F.,.F.,(4,3,3,3,
3,4),(2,2),(-18.,-17.,-16.,-15.,-14.,-13.),(0.,0.002),.UNSPECIFIED.);
#29=B_SPLINE_SURFACE_WITH_KNOTS('',3,1,((#8203,#8204),(#8205,#8206),(#8207,
#8208),(#8209,#8210),(#8211,#8212),(#8213,#8214),(#8215,#8216),(#8217,#8218),
(#8219,#8220),(#8221,#8222),(#8223,#8224),(#8225,#8226),(#8227,#8228)),
 .UNSPECIFIED.,.F.,.F.,.F.,(4,3,3,3,4),(2,2),(-6.,-5.,-4.,-3.,-2.),(0.,
0.002),.UNSPECIFIED.);
#30=B_SPLINE_SURFACE_WITH_KNOTS('',3,1,((#8262,#8263),(#8264,#8265),(#8266,
#8267),(#8268,#8269),(#8270,#8271),(#8272,#8273),(#8274,#8275),(#8276,#8277),
(#8278,#8279),(#8280,#8281),(#8282,#8283),(#8284,#8285),(#8286,#8287)),
 .UNSPECIFIED.,.F.,.F.,.F.,(4,3,3,3,4),(2,2),(-14.,-13.,-12.,-11.,-10.),
(0.,0.002),.UNSPECIFIED.);
#31=B_SPLINE_SURFACE_WITH_KNOTS('',3,1,((#8335,#8336),(#8337,#8338),(#8339,
#8340),(#8341,#8342),(#8343,#8344),(#8345,#8346),(#8347,#8348)),
 .UNSPECIFIED.,.F.,.F.,.F.,(4,3,4),(2,2),(-32.,-31.,-30.),(0.,0.002),
 .UNSPECIFIED.);
#32=B_SPLINE_SURFACE_WITH_KNOTS('',3,1,((#8364,#8365),(#8366,#8367),(#8368,
#8369),(#8370,#8371),(#8372,#8373),(#8374,#8375),(#8376,#8377),(#8378,#8379),
(#8380,#8381),(#8382,#8383)),.UNSPECIFIED.,.F.,.F.,.F.,(4,3,3,4),(2,2),
(-3.,-2.,-1.,0.),(0.,0.002),.UNSPECIFIED.);
#33=B_SPLINE_SURFACE_WITH_KNOTS('',3,1,((#8396,#8397),(#8398,#8399),(#8400,
#8401),(#8402,#8403)),.UNSPECIFIED.,.F.,.F.,.F.,(4,4),(2,2),(-4.,-3.),(0.,
0.002),.UNSPECIFIED.);
#34=B_SPLINE_SURFACE_WITH_KNOTS('',3,1,((#8410,#8411),(#8412,#8413),(#8414,
#8415),(#8416,#8417)),.UNSPECIFIED.,.F.,.F.,.F.,(4,4),(2,2),(-5.,-4.),(0.,
0.002),.UNSPECIFIED.);
#35=B_SPLINE_SURFACE_WITH_KNOTS('',3,1,((#8424,#8425),(#8426,#8427),(#8428,
#8429),(#8430,#8431),(#8432,#8433),(#8434,#8435),(#8436,#8437),(#8438,#8439),
(#8440,#8441),(#8442,#8443)),.UNSPECIFIED.,.F.,.F.,.F.,(4,3,3,4),(2,2),
(-8.,-7.,-6.,-5.),(0.,0.002),.UNSPECIFIED.);
#36=B_SPLINE_SURFACE_WITH_KNOTS('',3,1,((#8456,#8457),(#8458,#8459),(#8460,
#8461),(#8462,#8463)),.UNSPECIFIED.,.F.,.F.,.F.,(4,4),(2,2),(-9.,-8.),(0.,
0.002),.UNSPECIFIED.);
#37=B_SPLINE_SURFACE_WITH_KNOTS('',3,1,((#8499,#8500),(#8501,#8502),(#8503,
#8504),(#8505,#8506)),.UNSPECIFIED.,.F.,.F.,.F.,(4,4),(2,2),(-16.,-15.),
(0.,0.002),.UNSPECIFIED.);
#38=B_SPLINE_SURFACE_WITH_KNOTS('',3,1,((#8513,#8514),(#8515,#8516),(#8517,
#8518),(#8519,#8520),(#8521,#8522),(#8523,#8524),(#8525,#8526)),
 .UNSPECIFIED.,.F.,.F.,.F.,(4,3,4),(2,2),(-18.,-17.,-16.),(0.,0.002),
 .UNSPECIFIED.);
#39=B_SPLINE_SURFACE_WITH_KNOTS('',3,1,((#8536,#8537),(#8538,#8539),(#8540,
#8541),(#8542,#8543)),.UNSPECIFIED.,.F.,.F.,.F.,(4,4),(2,2),(-19.,-18.),
(0.,0.002),.UNSPECIFIED.);
#40=B_SPLINE_SURFACE_WITH_KNOTS('',3,1,((#8562,#8563),(#8564,#8565),(#8566,
#8567),(#8568,#8569),(#8570,#8571),(#8572,#8573),(#8574,#8575)),
 .UNSPECIFIED.,.F.,.F.,.F.,(4,3,4),(2,2),(-24.,-23.,-22.),(0.,0.002),
 .UNSPECIFIED.);
#41=B_SPLINE_SURFACE_WITH_KNOTS('',3,1,((#8585,#8586),(#8587,#8588),(#8589,
#8590),(#8591,#8592),(#8593,#8594),(#8595,#8596),(#8597,#8598)),
 .UNSPECIFIED.,.F.,.F.,.F.,(4,3,4),(2,2),(-26.,-25.,-24.),(0.,0.002),
 .UNSPECIFIED.);
#42=B_SPLINE_SURFACE_WITH_KNOTS('',3,1,((#8608,#8609),(#8610,#8611),(#8612,
#8613),(#8614,#8615)),.UNSPECIFIED.,.F.,.F.,.F.,(4,4),(2,2),(-27.,-26.),
(0.,0.002),.UNSPECIFIED.);
#43=B_SPLINE_SURFACE_WITH_KNOTS('',3,1,((#8647,#8648),(#8649,#8650),(#8651,
#8652),(#8653,#8654)),.UNSPECIFIED.,.F.,.F.,.F.,(4,4),(2,2),(-4.,-3.),(0.,
0.002),.UNSPECIFIED.);
#44=B_SPLINE_SURFACE_WITH_KNOTS('',3,1,((#8672,#8673),(#8674,#8675),(#8676,
#8677),(#8678,#8679)),.UNSPECIFIED.,.F.,.F.,.F.,(4,4),(2,2),(-6.,-5.),(0.,
0.002),.UNSPECIFIED.);
#45=B_SPLINE_SURFACE_WITH_KNOTS('',3,1,((#8708,#8709),(#8710,#8711),(#8712,
#8713),(#8714,#8715),(#8716,#8717),(#8718,#8719),(#8720,#8721)),
 .UNSPECIFIED.,.F.,.F.,.F.,(4,3,4),(2,2),(-2.,-1.,0.),(0.,0.002),
 .UNSPECIFIED.);
#46=B_SPLINE_SURFACE_WITH_KNOTS('',3,1,((#8751,#8752),(#8753,#8754),(#8755,
#8756),(#8757,#8758),(#8759,#8760),(#8761,#8762),(#8763,#8764),(#8765,#8766),
(#8767,#8768),(#8769,#8770)),.UNSPECIFIED.,.F.,.F.,.F.,(4,3,3,4),(2,2),
(-14.,-13.,-12.,-11.),(0.,0.002),.UNSPECIFIED.);
#47=B_SPLINE_SURFACE_WITH_KNOTS('',3,1,((#8783,#8784),(#8785,#8786),(#8787,
#8788),(#8789,#8790)),.UNSPECIFIED.,.F.,.F.,.F.,(4,4),(2,2),(-15.,-14.),
(0.,0.002),.UNSPECIFIED.);
#48=B_SPLINE_SURFACE_WITH_KNOTS('',3,1,((#8801,#8802),(#8803,#8804),(#8805,
#8806),(#8807,#8808),(#8809,#8810),(#8811,#8812),(#8813,#8814),(#8815,#8816),
(#8817,#8818),(#8819,#8820)),.UNSPECIFIED.,.F.,.F.,.F.,(4,3,3,4),(2,2),
(-19.,-18.,-17.,-16.),(0.,0.002),.UNSPECIFIED.);
#49=B_SPLINE_SURFACE_WITH_KNOTS('',3,1,((#8842,#8843),(#8844,#8845),(#8846,
#8847),(#8848,#8849),(#8850,#8851),(#8852,#8853),(#8854,#8855),(#8856,#8857),
(#8858,#8859),(#8860,#8861)),.UNSPECIFIED.,.F.,.F.,.F.,(4,3,3,4),(2,2),
(-3.,-2.,-1.,0.),(0.,0.002),.UNSPECIFIED.);
#50=B_SPLINE_SURFACE_WITH_KNOTS('',3,1,((#8874,#8875),(#8876,#8877),(#8878,
#8879),(#8880,#8881),(#8882,#8883),(#8884,#8885),(#8886,#8887),(#8888,#8889),
(#8890,#8891),(#8892,#8893),(#8894,#8895),(#8896,#8897),(#8898,#8899),(#8900,
#8901),(#8902,#8903),(#8904,#8905),(#8906,#8907),(#8908,#8909),(#8910,#8911)),
 .UNSPECIFIED.,.F.,.F.,.F.,(4,3,3,3,3,3,4),(2,2),(-9.,-8.,-7.,-6.,-5.,-4.,
-3.),(0.,0.002),.UNSPECIFIED.);
#51=B_SPLINE_SURFACE_WITH_KNOTS('',3,1,((#8932,#8933),(#8934,#8935),(#8936,
#8937),(#8938,#8939),(#8940,#8941),(#8942,#8943),(#8944,#8945),(#8946,#8947),
(#8948,#8949),(#8950,#8951),(#8952,#8953),(#8954,#8955),(#8956,#8957),(#8958,
#8959),(#8960,#8961),(#8962,#8963),(#8964,#8965),(#8966,#8967),(#8968,#8969),
(#8970,#8971),(#8972,#8973),(#8974,#8975),(#8976,#8977),(#8978,#8979),(#8980,
#8981)),.UNSPECIFIED.,.T.,.F.,.F.,(4,3,3,3,3,3,3,3,4),(2,2),(-8.,-7.,-6.,
-5.,-4.,-3.,-2.,-1.,0.),(0.,0.002),.UNSPECIFIED.);
#52=B_SPLINE_SURFACE_WITH_KNOTS('',3,1,((#9035,#9036),(#9037,#9038),(#9039,
#9040),(#9041,#9042),(#9043,#9044),(#9045,#9046),(#9047,#9048),(#9049,#9050),
(#9051,#9052),(#9053,#9054),(#9055,#9056),(#9057,#9058),(#9059,#9060),(#9061,
#9062),(#9063,#9064),(#9065,#9066),(#9067,#9068),(#9069,#9070),(#9071,#9072),
(#9073,#9074),(#9075,#9076),(#9077,#9078),(#9079,#9080),(#9081,#9082),(#9083,
#9084),(#9085,#9086),(#9087,#9088),(#9089,#9090),(#9091,#9092),(#9093,#9094),
(#9095,#9096),(#9097,#9098),(#9099,#9100),(#9101,#9102),(#9103,#9104),(#9105,
#9106),(#9107,#9108)),.UNSPECIFIED.,.T.,.F.,.F.,(4,3,3,3,3,3,3,3,3,3,3,
3,4),(2,2),(-12.,-11.,-10.,-9.,-8.,-7.,-6.,-5.,-4.,-3.,-2.,-1.,0.),(0.,
0.002),.UNSPECIFIED.);
#53=B_SPLINE_SURFACE_WITH_KNOTS('',3,1,((#9186,#9187),(#9188,#9189),(#9190,
#9191),(#9192,#9193),(#9194,#9195),(#9196,#9197),(#9198,#9199),(#9200,#9201),
(#9202,#9203),(#9204,#9205),(#9206,#9207),(#9208,#9209),(#9210,#9211),(#9212,
#9213),(#9214,#9215),(#9216,#9217),(#9218,#9219),(#9220,#9221),(#9222,#9223),
(#9224,#9225),(#9226,#9227),(#9228,#9229),(#9230,#9231),(#9232,#9233),(#9234,
#9235),(#9236,#9237),(#9238,#9239),(#9240,#9241),(#9242,#9243),(#9244,#9245),
(#9246,#9247),(#9248,#9249),(#9250,#9251),(#9252,#9253),(#9254,#9255),(#9256,
#9257),(#9258,#9259)),.UNSPECIFIED.,.F.,.F.,.F.,(4,3,3,3,3,3,3,3,3,3,3,
3,4),(2,2),(-12.,-11.,-10.,-9.,-8.,-7.,-6.,-5.,-4.,-3.,-2.,-1.,0.),(0.,
0.002),.UNSPECIFIED.);
#54=B_SPLINE_SURFACE_WITH_KNOTS('',3,1,((#9301,#9302),(#9303,#9304),(#9305,
#9306),(#9307,#9308),(#9309,#9310),(#9311,#9312),(#9313,#9314),(#9315,#9316),
(#9317,#9318),(#9319,#9320),(#9321,#9322),(#9323,#9324),(#9325,#9326),(#9327,
#9328),(#9329,#9330),(#9331,#9332),(#9333,#9334),(#9335,#9336),(#9337,#9338),
(#9339,#9340),(#9341,#9342),(#9343,#9344),(#9345,#9346),(#9347,#9348),(#9349,
#9350),(#9351,#9352),(#9353,#9354),(#9355,#9356),(#9357,#9358),(#9359,#9360),
(#9361,#9362),(#9363,#9364),(#9365,#9366),(#9367,#9368),(#9369,#9370),(#9371,
#9372),(#9373,#9374)),.UNSPECIFIED.,.F.,.F.,.F.,(4,3,3,3,3,3,3,3,3,3,3,
3,4),(2,2),(-12.,-11.,-10.,-9.,-8.,-7.,-6.,-5.,-4.,-3.,-2.,-1.,0.),(0.,
0.002),.UNSPECIFIED.);
#55=B_SPLINE_SURFACE_WITH_KNOTS('',3,1,((#9413,#9414),(#9415,#9416),(#9417,
#9418),(#9419,#9420),(#9421,#9422),(#9423,#9424),(#9425,#9426),(#9427,#9428),
(#9429,#9430),(#9431,#9432),(#9433,#9434),(#9435,#9436),(#9437,#9438),(#9439,
#9440),(#9441,#9442),(#9443,#9444),(#9445,#9446),(#9447,#9448),(#9449,#9450)),
 .UNSPECIFIED.,.F.,.F.,.F.,(4,3,3,3,3,3,4),(2,2),(-7.,-6.,-5.,-4.,-3.,-2.,
-1.),(0.,0.002),.UNSPECIFIED.);
#56=B_SPLINE_SURFACE_WITH_KNOTS('',3,1,((#9524,#9525),(#9526,#9527),(#9528,
#9529),(#9530,#9531),(#9532,#9533),(#9534,#9535),(#9536,#9537),(#9538,#9539),
(#9540,#9541),(#9542,#9543),(#9544,#9545),(#9546,#9547),(#9548,#9549),(#9550,
#9551),(#9552,#9553),(#9554,#9555),(#9556,#9557),(#9558,#9559),(#9560,#9561)),
 .UNSPECIFIED.,.F.,.F.,.F.,(4,3,3,3,3,3,4),(2,2),(-7.,-6.,-5.,-4.,-3.,-2.,
-1.),(0.,0.002),.UNSPECIFIED.);
#57=B_SPLINE_SURFACE_WITH_KNOTS('',3,1,((#9604,#9605),(#9606,#9607),(#9608,
#9609),(#9610,#9611),(#9612,#9613),(#9614,#9615),(#9616,#9617),(#9618,#9619),
(#9620,#9621),(#9622,#9623),(#9624,#9625),(#9626,#9627),(#9628,#9629)),
 .UNSPECIFIED.,.F.,.F.,.F.,(4,3,3,3,4),(2,2),(-9.,-8.,-7.,-6.,-5.),(0.,
0.002),.UNSPECIFIED.);
#58=B_SPLINE_SURFACE_WITH_KNOTS('',3,1,((#9665,#9666),(#9667,#9668),(#9669,
#9670),(#9671,#9672),(#9673,#9674),(#9675,#9676),(#9677,#9678),(#9679,#9680),
(#9681,#9682),(#9683,#9684),(#9685,#9686),(#9687,#9688),(#9689,#9690)),
 .UNSPECIFIED.,.F.,.F.,.F.,(4,3,3,3,4),(2,2),(-18.,-17.,-16.,-15.,-14.),
(0.,0.002),.UNSPECIFIED.);
#59=SPHERICAL_SURFACE('',#4787,4.);
#60=SPHERICAL_SURFACE('',#4791,4.);
#61=SPHERICAL_SURFACE('',#4796,4.);
#62=SPHERICAL_SURFACE('',#4804,4.);
#63=ELLIPSE('',#4781,95.3691544744491,19.0487926157901);
#64=ELLIPSE('',#4782,13.5087005703661,6.10211048652499);
#65=ELLIPSE('',#4783,6.28172787036096,3.30639228881352);
#66=ELLIPSE('',#4784,88.5044787522156,19.3361170261856);
#67=ELLIPSE('',#4802,5.65685424949238,4.);
#68=ELLIPSE('',#4803,5.65685424949238,4.);
#69=ELLIPSE('',#4810,5.65685424949239,4.);
#70=ELLIPSE('',#4811,5.65685424949239,4.);
#71=ELLIPSE('',#4814,5.65685424949238,4.);
#72=ELLIPSE('',#4815,5.65685424949239,4.);
#73=ELLIPSE('',#4817,5.65685424949238,4.);
#74=ELLIPSE('',#4818,5.65685424949239,4.);
#75=ELLIPSE('',#4849,88.5044787522156,19.3361170261856);
#76=ELLIPSE('',#4915,6.28172787036096,3.30639228881352);
#77=ELLIPSE('',#4923,10.372753603053,4.87299069068716);
#78=ELLIPSE('',#4924,10.372753603053,4.87299069068716);
#79=ELLIPSE('',#4926,9.77045336534495,4.92712461771926);
#80=ELLIPSE('',#4927,9.77045336534495,4.92712461771926);
#81=ELLIPSE('',#4930,13.5087005703661,6.10211048652499);
#82=ELLIPSE('',#4932,95.3691544744491,19.0487926157901);
#83=B_SPLINE_CURVE_WITH_KNOTS('',3,(#6435,#6436,#6437,#6438,#6439,#6440,
#6441,#6442,#6443,#6444,#6445,#6446,#6447),.UNSPECIFIED.,.F.,.F.,(4,3,3,
3,4),(-18.,-17.,-16.,-15.,-14.),.UNSPECIFIED.);
#84=B_SPLINE_CURVE_WITH_KNOTS('',3,(#6459,#6460,#6461,#6462,#6463,#6464,
#6465,#6466,#6467,#6468,#6469,#6470,#6471),.UNSPECIFIED.,.F.,.F.,(4,3,3,
3,4),(-9.,-8.,-7.,-6.,-5.),.UNSPECIFIED.);
#85=B_SPLINE_CURVE_WITH_KNOTS('',3,(#6483,#6484,#6485,#6486,#6487,#6488,
#6489,#6490,#6491,#6492,#6493,#6494,#6495,#6496,#6497,#6498,#6499,#6500,
#6501),.UNSPECIFIED.,.F.,.F.,(4,3,3,3,3,3,4),(-7.,-6.,-5.,-4.,-3.,-2.,-1.),
 .UNSPECIFIED.);
#86=B_SPLINE_CURVE_WITH_KNOTS('',3,(#6507,#6508,#6509,#6510,#6511,#6512,
#6513,#6514,#6515,#6516,#6517,#6518,#6519,#6520,#6521,#6522,#6523,#6524,
#6525,#6526,#6527,#6528,#6529,#6530,#6531,#6532,#6533,#6534,#6535,#6536,
#6537,#6538,#6539,#6540,#6541,#6542,#6543),.UNSPECIFIED.,.F.,.F.,(4,3,3,
3,3,3,3,3,3,3,3,3,4),(-12.,-11.,-10.,-9.,-8.,-7.,-6.,-5.,-4.,-3.,-2.,-1.,
0.),.UNSPECIFIED.);
#87=B_SPLINE_CURVE_WITH_KNOTS('',3,(#6544,#6545,#6546,#6547,#6548,#6549,
#6550,#6551,#6552,#6553,#6554,#6555,#6556,#6557,#6558,#6559,#6560,#6561,
#6562,#6563,#6564,#6565,#6566,#6567,#6568,#6569,#6570,#6571,#6572,#6573,
#6574,#6575,#6576,#6577,#6578,#6579,#6580),.UNSPECIFIED.,.F.,.F.,(4,3,3,
3,3,3,3,3,3,3,3,3,4),(-12.,-11.,-10.,-9.,-8.,-7.,-6.,-5.,-4.,-3.,-2.,-1.,
0.),.UNSPECIFIED.);
#88=B_SPLINE_CURVE_WITH_KNOTS('',3,(#6585,#6586,#6587,#6588,#6589,#6590,
#6591,#6592,#6593,#6594,#6595,#6596,#6597,#6598,#6599,#6600,#6601,#6602,
#6603),.UNSPECIFIED.,.F.,.F.,(4,3,3,3,3,3,4),(-9.,-8.,-7.,-6.,-5.,-4.,-3.),
 .UNSPECIFIED.);
#89=B_SPLINE_CURVE_WITH_KNOTS('',3,(#6605,#6606,#6607,#6608,#6609,#6610,
#6611,#6612,#6613,#6614),.UNSPECIFIED.,.F.,.F.,(4,3,3,4),(-3.,-2.,-1.,0.),
 .UNSPECIFIED.);
#90=B_SPLINE_CURVE_WITH_KNOTS('',3,(#6618,#6619,#6620,#6621,#6622,#6623,
#6624,#6625,#6626,#6627),.UNSPECIFIED.,.F.,.F.,(4,3,3,4),(-19.,-18.,-17.,
-16.),.UNSPECIFIED.);
#91=B_SPLINE_CURVE_WITH_KNOTS('',3,(#6631,#6632,#6633,#6634),
 .UNSPECIFIED.,.F.,.F.,(4,4),(-15.,-14.),.UNSPECIFIED.);
#92=B_SPLINE_CURVE_WITH_KNOTS('',3,(#6636,#6637,#6638,#6639,#6640,#6641,
#6642,#6643,#6644,#6645),.UNSPECIFIED.,.F.,.F.,(4,3,3,4),(-14.,-13.,-12.,
-11.),.UNSPECIFIED.);
#93=B_SPLINE_CURVE_WITH_KNOTS('',3,(#6649,#6650,#6651,#6652,#6653,#6654,
#6655),.UNSPECIFIED.,.F.,.F.,(4,3,4),(-32.,-31.,-30.),.UNSPECIFIED.);
#94=B_SPLINE_CURVE_WITH_KNOTS('',3,(#6663,#6664,#6665,#6666),
 .UNSPECIFIED.,.F.,.F.,(4,4),(-27.,-26.),.UNSPECIFIED.);
#95=B_SPLINE_CURVE_WITH_KNOTS('',3,(#6668,#6669,#6670,#6671,#6672,#6673,
#6674),.UNSPECIFIED.,.F.,.F.,(4,3,4),(-26.,-25.,-24.),.UNSPECIFIED.);
#96=B_SPLINE_CURVE_WITH_KNOTS('',3,(#6676,#6677,#6678,#6679,#6680,#6681,
#6682),.UNSPECIFIED.,.F.,.F.,(4,3,4),(-24.,-23.,-22.),.UNSPECIFIED.);
#97=B_SPLINE_CURVE_WITH_KNOTS('',3,(#6690,#6691,#6692,#6693),
 .UNSPECIFIED.,.F.,.F.,(4,4),(-19.,-18.),.UNSPECIFIED.);
#98=B_SPLINE_CURVE_WITH_KNOTS('',3,(#6695,#6696,#6697,#6698,#6699,#6700,
#6701),.UNSPECIFIED.,.F.,.F.,(4,3,4),(-18.,-17.,-16.),.UNSPECIFIED.);
#99=B_SPLINE_CURVE_WITH_KNOTS('',3,(#6703,#6704,#6705,#6706),
 .UNSPECIFIED.,.F.,.F.,(4,4),(-16.,-15.),.UNSPECIFIED.);
#100=B_SPLINE_CURVE_WITH_KNOTS('',3,(#6720,#6721,#6722,#6723),
 .UNSPECIFIED.,.F.,.F.,(4,4),(-9.,-8.),.UNSPECIFIED.);
#101=B_SPLINE_CURVE_WITH_KNOTS('',3,(#6725,#6726,#6727,#6728,#6729,#6730,
#6731,#6732,#6733,#6734),.UNSPECIFIED.,.F.,.F.,(4,3,3,4),(-8.,-7.,-6.,-5.),
 .UNSPECIFIED.);
#102=B_SPLINE_CURVE_WITH_KNOTS('',3,(#6736,#6737,#6738,#6739),
 .UNSPECIFIED.,.F.,.F.,(4,4),(-5.,-4.),.UNSPECIFIED.);
#103=B_SPLINE_CURVE_WITH_KNOTS('',3,(#6741,#6742,#6743,#6744),
 .UNSPECIFIED.,.F.,.F.,(4,4),(-4.,-3.),.UNSPECIFIED.);
#104=B_SPLINE_CURVE_WITH_KNOTS('',3,(#6746,#6747,#6748,#6749,#6750,#6751,
#6752,#6753,#6754,#6755),.UNSPECIFIED.,.F.,.F.,(4,3,3,4),(-3.,-2.,-1.,0.),
 .UNSPECIFIED.);
#105=B_SPLINE_CURVE_WITH_KNOTS('',3,(#6767,#6768,#6769,#6770,#6771,#6772,
#6773,#6774,#6775,#6776,#6777,#6778,#6779),.UNSPECIFIED.,.F.,.F.,(4,3,3,
3,4),(-6.,-5.,-4.,-3.,-2.),.UNSPECIFIED.);
#106=B_SPLINE_CURVE_WITH_KNOTS('',3,(#6789,#6790,#6791,#6792,#6793,#6794,
#6795,#6796,#6797,#6798,#6799,#6800,#6801),.UNSPECIFIED.,.F.,.F.,(4,3,3,
3,4),(-14.,-13.,-12.,-11.,-10.),.UNSPECIFIED.);
#107=B_SPLINE_CURVE_WITH_KNOTS('',3,(#6823,#6824,#6825,#6826,#6827,#6828,
#6829,#6830,#6831,#6832,#6833,#6834,#6835,#6836,#6837,#6838),
 .UNSPECIFIED.,.F.,.F.,(4,3,3,3,3,4),(-18.,-17.,-16.,-15.,-14.,-13.),
 .UNSPECIFIED.);
#108=B_SPLINE_CURVE_WITH_KNOTS('',3,(#6849,#6850,#6851,#6852,#6853,#6854,
#6855,#6856,#6857,#6858,#6859,#6860,#6861,#6862,#6863,#6864),
 .UNSPECIFIED.,.F.,.F.,(4,3,3,3,3,4),(-8.,-7.,-6.,-5.,-4.,-3.),
 .UNSPECIFIED.);
#109=B_SPLINE_CURVE_WITH_KNOTS('',3,(#6866,#6867,#6868,#6869,#6870,#6871,
#6872,#6873,#6874,#6875,#6876,#6877,#6878,#6879,#6880,#6881,#6882,#6883,
#6884,#6885,#6886,#6887,#6888,#6889,#6890,#6891,#6892,#6893,#6894,#6895,
#6896,#6897,#6898,#6899,#6900,#6901,#6902,#6903,#6904,#6905,#6906,#6907,
#6908,#6909,#6910,#6911,#6912,#6913,#6914),.UNSPECIFIED.,.T.,.F.,(4,3,3,
3,3,3,3,3,3,3,3,3,3,3,3,3,4),(-16.,-15.,-14.,-13.,-12.,-11.,-10.,-9.,-8.,
-7.,-6.,-5.,-4.,-3.,-2.,-1.,0.),.UNSPECIFIED.);
#110=B_SPLINE_CURVE_WITH_KNOTS('',3,(#6965,#6966,#6967,#6968,#6969,#6970,
#6971),.UNSPECIFIED.,.F.,.F.,(4,3,4),(-6.,-5.,-4.),.UNSPECIFIED.);
#111=B_SPLINE_CURVE_WITH_KNOTS('',3,(#6973,#6974,#6975,#6976,#6977,#6978,
#6979,#6980,#6981,#6982),.UNSPECIFIED.,.F.,.F.,(4,3,3,4),(-4.,-3.,-2.,-1.),
 .UNSPECIFIED.);
#112=B_SPLINE_CURVE_WITH_KNOTS('',3,(#6984,#6985,#6986,#6987),
 .UNSPECIFIED.,.F.,.F.,(4,4),(-1.,0.),.UNSPECIFIED.);
#113=B_SPLINE_CURVE_WITH_KNOTS('',3,(#6999,#7000,#7001,#7002),
 .UNSPECIFIED.,.F.,.F.,(4,4),(-10.,-9.),.UNSPECIFIED.);
#114=B_SPLINE_CURVE_WITH_KNOTS('',3,(#7004,#7005,#7006,#7007,#7008,#7009,
#7010),.UNSPECIFIED.,.F.,.F.,(4,3,4),(-9.,-8.,-7.),.UNSPECIFIED.);
#115=B_SPLINE_CURVE_WITH_KNOTS('',3,(#7030,#7031,#7032,#7033,#7034,#7035,
#7036,#7037,#7038,#7039),.UNSPECIFIED.,.F.,.F.,(4,3,3,4),(-14.,-13.,-12.,
-11.),.UNSPECIFIED.);
#116=B_SPLINE_CURVE_WITH_KNOTS('',3,(#7047,#7048,#7049,#7050,#7051,#7052,
#7053,#7054,#7055,#7056,#7057,#7058,#7059),.UNSPECIFIED.,.F.,.F.,(4,3,3,
3,4),(-8.,-7.,-6.,-5.,-4.),.UNSPECIFIED.);
#117=B_SPLINE_CURVE_WITH_KNOTS('',3,(#7067,#7068,#7069,#7070),
 .UNSPECIFIED.,.F.,.F.,(4,4),(-1.,0.),.UNSPECIFIED.);
#118=B_SPLINE_CURVE_WITH_KNOTS('',3,(#7221,#7222,#7223,#7224,#7225,#7226,
#7227,#7228,#7229,#7230),.UNSPECIFIED.,.F.,.F.,(4,3,3,4),(-14.,-13.,-12.,
-11.),.UNSPECIFIED.);
#119=B_SPLINE_CURVE_WITH_KNOTS('',3,(#7246,#7247,#7248,#7249),
 .UNSPECIFIED.,.F.,.F.,(4,4),(-1.,0.),.UNSPECIFIED.);
#120=B_SPLINE_CURVE_WITH_KNOTS('',3,(#7290,#7291,#7292,#7293,#7294,#7295,
#7296,#7297,#7298,#7299,#7300,#7301,#7302),.UNSPECIFIED.,.F.,.F.,(4,3,3,
3,4),(-8.,-7.,-6.,-5.,-4.),.UNSPECIFIED.);
#121=B_SPLINE_CURVE_WITH_KNOTS('',3,(#7363,#7364,#7365,#7366,#7367,#7368,
#7369),.UNSPECIFIED.,.F.,.F.,(4,3,4),(-11.,-10.,-9.),.UNSPECIFIED.);
#122=B_SPLINE_CURVE_WITH_KNOTS('',3,(#7373,#7374,#7375,#7376,#7377,#7378,
#7379),.UNSPECIFIED.,.F.,.F.,(4,3,4),(-11.,-10.,-9.),.UNSPECIFIED.);
#123=B_SPLINE_CURVE_WITH_KNOTS('',3,(#7443,#7444,#7445,#7446,#7447,#7448,
#7449,#7450,#7451,#7452,#7453,#7454,#7455,#7456,#7457,#7458,#7459,#7460,
#7461,#7462,#7463,#7464,#7465,#7466,#7467,#7468,#7469,#7470),
 .UNSPECIFIED.,.F.,.F.,(4,3,3,3,3,3,3,3,3,4),(-9.,-8.,-7.,-6.,-5.,-4.,-3.,
-2.,-1.,0.),.UNSPECIFIED.);
#124=B_SPLINE_CURVE_WITH_KNOTS('',3,(#7471,#7472,#7473,#7474,#7475,#7476,
#7477,#7478,#7479,#7480,#7481,#7482,#7483,#7484,#7485,#7486,#7487,#7488,
#7489,#7490,#7491,#7492,#7493,#7494,#7495,#7496,#7497,#7498),
 .UNSPECIFIED.,.F.,.F.,(4,3,3,3,3,3,3,3,3,4),(-9.,-8.,-7.,-6.,-5.,-4.,-3.,
-2.,-1.,0.),.UNSPECIFIED.);
#125=B_SPLINE_CURVE_WITH_KNOTS('',3,(#7516,#7517,#7518,#7519,#7520,#7521,
#7522),.UNSPECIFIED.,.F.,.F.,(4,3,4),(-6.,-5.,-4.),.UNSPECIFIED.);
#126=B_SPLINE_CURVE_WITH_KNOTS('',3,(#7549,#7550,#7551,#7552,#7553,#7554,
#7555),.UNSPECIFIED.,.F.,.F.,(4,3,4),(-9.,-8.,-7.),.UNSPECIFIED.);
#127=B_SPLINE_CURVE_WITH_KNOTS('',3,(#7566,#7567,#7568,#7569),
 .UNSPECIFIED.,.F.,.F.,(4,4),(-10.,-9.),.UNSPECIFIED.);
#128=B_SPLINE_CURVE_WITH_KNOTS('',3,(#7600,#7601,#7602,#7603),
 .UNSPECIFIED.,.F.,.F.,(4,4),(-1.,0.),.UNSPECIFIED.);
#129=B_SPLINE_CURVE_WITH_KNOTS('',3,(#7624,#7625,#7626,#7627,#7628,#7629,
#7630,#7631,#7632,#7633),.UNSPECIFIED.,.F.,.F.,(4,3,3,4),(-4.,-3.,-2.,-1.),
 .UNSPECIFIED.);
#130=B_SPLINE_CURVE_WITH_KNOTS('',3,(#7820,#7821,#7822,#7823,#7824,#7825,
#7826,#7827,#7828,#7829,#7830,#7831,#7832,#7833,#7834,#7835,#7836,#7837,
#7838,#7839,#7840,#7841,#7842,#7843,#7844,#7845,#7846,#7847,#7848,#7849,
#7850,#7851,#7852,#7853,#7854,#7855,#7856,#7857,#7858,#7859,#7860,#7861,
#7862),.UNSPECIFIED.,.T.,.F.,(4,3,3,3,3,3,3,3,3,3,3,3,3,3,4),(-14.,-13.,
-12.,-11.,-10.,-9.,-8.,-7.,-6.,-5.,-4.,-3.,-2.,-1.,0.),.UNSPECIFIED.);
#131=B_SPLINE_CURVE_WITH_KNOTS('',3,(#7865,#7866,#7867,#7868,#7869,#7870,
#7871,#7872,#7873,#7874,#7875,#7876,#7877,#7878,#7879,#7880,#7881,#7882,
#7883,#7884,#7885,#7886,#7887,#7888,#7889,#7890,#7891,#7892,#7893,#7894,
#7895,#7896,#7897,#7898,#7899,#7900,#7901,#7902,#7903,#7904,#7905,#7906,
#7907),.UNSPECIFIED.,.T.,.F.,(4,3,3,3,3,3,3,3,3,3,3,3,3,3,4),(-14.,-13.,
-12.,-11.,-10.,-9.,-8.,-7.,-6.,-5.,-4.,-3.,-2.,-1.,0.),.UNSPECIFIED.);
#132=B_SPLINE_CURVE_WITH_KNOTS('',3,(#8008,#8009,#8010,#8011,#8012,#8013,
#8014,#8015,#8016,#8017,#8018,#8019,#8020,#8021,#8022,#8023,#8024,#8025,
#8026,#8027,#8028,#8029,#8030,#8031,#8032,#8033,#8034,#8035,#8036,#8037,
#8038,#8039,#8040,#8041,#8042,#8043,#8044,#8045,#8046,#8047,#8048,#8049,
#8050,#8051,#8052,#8053,#8054,#8055,#8056),.UNSPECIFIED.,.T.,.F.,(4,3,3,
3,3,3,3,3,3,3,3,3,3,3,3,3,4),(-16.,-15.,-14.,-13.,-12.,-11.,-10.,-9.,-8.,
-7.,-6.,-5.,-4.,-3.,-2.,-1.,0.),.UNSPECIFIED.);
#133=B_SPLINE_CURVE_WITH_KNOTS('',3,(#8098,#8099,#8100,#8101,#8102,#8103,
#8104,#8105,#8106,#8107,#8108,#8109,#8110,#8111,#8112,#8113),
 .UNSPECIFIED.,.F.,.F.,(4,3,3,3,3,4),(-8.,-7.,-6.,-5.,-4.,-3.),
 .UNSPECIFIED.);
#134=B_SPLINE_CURVE_WITH_KNOTS('',3,(#8168,#8169,#8170,#8171,#8172,#8173,
#8174,#8175,#8176,#8177,#8178,#8179,#8180,#8181,#8182,#8183),
 .UNSPECIFIED.,.F.,.F.,(4,3,3,3,3,4),(-18.,-17.,-16.,-15.,-14.,-13.),
 .UNSPECIFIED.);
#135=B_SPLINE_CURVE_WITH_KNOTS('',3,(#8232,#8233,#8234,#8235,#8236,#8237,
#8238,#8239,#8240,#8241,#8242,#8243,#8244),.UNSPECIFIED.,.F.,.F.,(4,3,3,
3,4),(-6.,-5.,-4.,-3.,-2.),.UNSPECIFIED.);
#136=B_SPLINE_CURVE_WITH_KNOTS('',3,(#8290,#8291,#8292,#8293,#8294,#8295,
#8296,#8297,#8298,#8299,#8300,#8301,#8302),.UNSPECIFIED.,.F.,.F.,(4,3,3,
3,4),(-14.,-13.,-12.,-11.,-10.),.UNSPECIFIED.);
#137=B_SPLINE_CURVE_WITH_KNOTS('',3,(#8352,#8353,#8354,#8355,#8356,#8357,
#8358),.UNSPECIFIED.,.F.,.F.,(4,3,4),(-32.,-31.,-30.),.UNSPECIFIED.);
#138=B_SPLINE_CURVE_WITH_KNOTS('',3,(#8386,#8387,#8388,#8389,#8390,#8391,
#8392,#8393,#8394,#8395),.UNSPECIFIED.,.F.,.F.,(4,3,3,4),(-3.,-2.,-1.,0.),
 .UNSPECIFIED.);
#139=B_SPLINE_CURVE_WITH_KNOTS('',3,(#8406,#8407,#8408,#8409),
 .UNSPECIFIED.,.F.,.F.,(4,4),(-4.,-3.),.UNSPECIFIED.);
#140=B_SPLINE_CURVE_WITH_KNOTS('',3,(#8420,#8421,#8422,#8423),
 .UNSPECIFIED.,.F.,.F.,(4,4),(-5.,-4.),.UNSPECIFIED.);
#141=B_SPLINE_CURVE_WITH_KNOTS('',3,(#8446,#8447,#8448,#8449,#8450,#8451,
#8452,#8453,#8454,#8455),.UNSPECIFIED.,.F.,.F.,(4,3,3,4),(-8.,-7.,-6.,-5.),
 .UNSPECIFIED.);
#142=B_SPLINE_CURVE_WITH_KNOTS('',3,(#8466,#8467,#8468,#8469),
 .UNSPECIFIED.,.F.,.F.,(4,4),(-9.,-8.),.UNSPECIFIED.);
#143=B_SPLINE_CURVE_WITH_KNOTS('',3,(#8509,#8510,#8511,#8512),
 .UNSPECIFIED.,.F.,.F.,(4,4),(-16.,-15.),.UNSPECIFIED.);
#144=B_SPLINE_CURVE_WITH_KNOTS('',3,(#8529,#8530,#8531,#8532,#8533,#8534,
#8535),.UNSPECIFIED.,.F.,.F.,(4,3,4),(-18.,-17.,-16.),.UNSPECIFIED.);
#145=B_SPLINE_CURVE_WITH_KNOTS('',3,(#8546,#8547,#8548,#8549),
 .UNSPECIFIED.,.F.,.F.,(4,4),(-19.,-18.),.UNSPECIFIED.);
#146=B_SPLINE_CURVE_WITH_KNOTS('',3,(#8578,#8579,#8580,#8581,#8582,#8583,
#8584),.UNSPECIFIED.,.F.,.F.,(4,3,4),(-24.,-23.,-22.),.UNSPECIFIED.);
#147=B_SPLINE_CURVE_WITH_KNOTS('',3,(#8601,#8602,#8603,#8604,#8605,#8606,
#8607),.UNSPECIFIED.,.F.,.F.,(4,3,4),(-26.,-25.,-24.),.UNSPECIFIED.);
#148=B_SPLINE_CURVE_WITH_KNOTS('',3,(#8618,#8619,#8620,#8621),
 .UNSPECIFIED.,.F.,.F.,(4,4),(-27.,-26.),.UNSPECIFIED.);
#149=B_SPLINE_CURVE_WITH_KNOTS('',3,(#8656,#8657,#8658,#8659),
 .UNSPECIFIED.,.F.,.F.,(4,4),(-4.,-3.),.UNSPECIFIED.);
#150=B_SPLINE_CURVE_WITH_KNOTS('',3,(#8662,#8663,#8664,#8665),
 .UNSPECIFIED.,.F.,.F.,(4,4),(-4.,-3.),.UNSPECIFIED.);
#151=B_SPLINE_CURVE_WITH_KNOTS('',3,(#8681,#8682,#8683,#8684),
 .UNSPECIFIED.,.F.,.F.,(4,4),(-6.,-5.),.UNSPECIFIED.);
#152=B_SPLINE_CURVE_WITH_KNOTS('',3,(#8687,#8688,#8689,#8690),
 .UNSPECIFIED.,.F.,.F.,(4,4),(-6.,-5.),.UNSPECIFIED.);
#153=B_SPLINE_CURVE_WITH_KNOTS('',3,(#8722,#8723,#8724,#8725,#8726,#8727,
#8728),.UNSPECIFIED.,.F.,.F.,(4,3,4),(-2.,-1.,0.),.UNSPECIFIED.);
#154=B_SPLINE_CURVE_WITH_KNOTS('',3,(#8729,#8730,#8731,#8732,#8733,#8734,
#8735),.UNSPECIFIED.,.F.,.F.,(4,3,4),(-2.,-1.,0.),.UNSPECIFIED.);
#155=B_SPLINE_CURVE_WITH_KNOTS('',3,(#8773,#8774,#8775,#8776,#8777,#8778,
#8779,#8780,#8781,#8782),.UNSPECIFIED.,.F.,.F.,(4,3,3,4),(-14.,-13.,-12.,
-11.),.UNSPECIFIED.);
#156=B_SPLINE_CURVE_WITH_KNOTS('',3,(#8793,#8794,#8795,#8796),
 .UNSPECIFIED.,.F.,.F.,(4,4),(-15.,-14.),.UNSPECIFIED.);
#157=B_SPLINE_CURVE_WITH_KNOTS('',3,(#8823,#8824,#8825,#8826,#8827,#8828,
#8829,#8830,#8831,#8832),.UNSPECIFIED.,.F.,.F.,(4,3,3,4),(-19.,-18.,-17.,
-16.),.UNSPECIFIED.);
#158=B_SPLINE_CURVE_WITH_KNOTS('',3,(#8864,#8865,#8866,#8867,#8868,#8869,
#8870,#8871,#8872,#8873),.UNSPECIFIED.,.F.,.F.,(4,3,3,4),(-3.,-2.,-1.,0.),
 .UNSPECIFIED.);
#159=B_SPLINE_CURVE_WITH_KNOTS('',3,(#8912,#8913,#8914,#8915,#8916,#8917,
#8918,#8919,#8920,#8921,#8922,#8923,#8924,#8925,#8926,#8927,#8928,#8929,
#8930),.UNSPECIFIED.,.F.,.F.,(4,3,3,3,3,3,4),(-9.,-8.,-7.,-6.,-5.,-4.,-3.),
 .UNSPECIFIED.);
#160=B_SPLINE_CURVE_WITH_KNOTS('',3,(#8983,#8984,#8985,#8986,#8987,#8988,
#8989,#8990,#8991,#8992,#8993,#8994,#8995,#8996,#8997,#8998,#8999,#9000,
#9001,#9002,#9003,#9004,#9005,#9006,#9007),.UNSPECIFIED.,.T.,.F.,(4,3,3,
3,3,3,3,3,4),(-8.,-7.,-6.,-5.,-4.,-3.,-2.,-1.,0.),.UNSPECIFIED.);
#161=B_SPLINE_CURVE_WITH_KNOTS('',3,(#9010,#9011,#9012,#9013,#9014,#9015,
#9016,#9017,#9018,#9019,#9020,#9021,#9022,#9023,#9024,#9025,#9026,#9027,
#9028,#9029,#9030,#9031,#9032,#9033,#9034),.UNSPECIFIED.,.T.,.F.,(4,3,3,
3,3,3,3,3,4),(-8.,-7.,-6.,-5.,-4.,-3.,-2.,-1.,0.),.UNSPECIFIED.);
#162=B_SPLINE_CURVE_WITH_KNOTS('',3,(#9110,#9111,#9112,#9113,#9114,#9115,
#9116,#9117,#9118,#9119,#9120,#9121,#9122,#9123,#9124,#9125,#9126,#9127,
#9128,#9129,#9130,#9131,#9132,#9133,#9134,#9135,#9136,#9137,#9138,#9139,
#9140,#9141,#9142,#9143,#9144,#9145,#9146),.UNSPECIFIED.,.T.,.F.,(4,3,3,
3,3,3,3,3,3,3,3,3,4),(-12.,-11.,-10.,-9.,-8.,-7.,-6.,-5.,-4.,-3.,-2.,-1.,
0.),.UNSPECIFIED.);
#163=B_SPLINE_CURVE_WITH_KNOTS('',3,(#9149,#9150,#9151,#9152,#9153,#9154,
#9155,#9156,#9157,#9158,#9159,#9160,#9161,#9162,#9163,#9164,#9165,#9166,
#9167,#9168,#9169,#9170,#9171,#9172,#9173,#9174,#9175,#9176,#9177,#9178,
#9179,#9180,#9181,#9182,#9183,#9184,#9185),.UNSPECIFIED.,.T.,.F.,(4,3,3,
3,3,3,3,3,3,3,3,3,4),(-12.,-11.,-10.,-9.,-8.,-7.,-6.,-5.,-4.,-3.,-2.,-1.,
0.),.UNSPECIFIED.);
#164=B_SPLINE_CURVE_WITH_KNOTS('',3,(#9263,#9264,#9265,#9266,#9267,#9268,
#9269,#9270,#9271,#9272,#9273,#9274,#9275,#9276,#9277,#9278,#9279,#9280,
#9281,#9282,#9283,#9284,#9285,#9286,#9287,#9288,#9289,#9290,#9291,#9292,
#9293,#9294,#9295,#9296,#9297,#9298,#9299),.UNSPECIFIED.,.F.,.F.,(4,3,3,
3,3,3,3,3,3,3,3,3,4),(-12.,-11.,-10.,-9.,-8.,-7.,-6.,-5.,-4.,-3.,-2.,-1.,
0.),.UNSPECIFIED.);
#165=B_SPLINE_CURVE_WITH_KNOTS('',3,(#9375,#9376,#9377,#9378,#9379,#9380,
#9381,#9382,#9383,#9384,#9385,#9386,#9387,#9388,#9389,#9390,#9391,#9392,
#9393,#9394,#9395,#9396,#9397,#9398,#9399,#9400,#9401,#9402,#9403,#9404,
#9405,#9406,#9407,#9408,#9409,#9410,#9411),.UNSPECIFIED.,.F.,.F.,(4,3,3,
3,3,3,3,3,3,3,3,3,4),(-12.,-11.,-10.,-9.,-8.,-7.,-6.,-5.,-4.,-3.,-2.,-1.,
0.),.UNSPECIFIED.);
#166=B_SPLINE_CURVE_WITH_KNOTS('',3,(#9453,#9454,#9455,#9456,#9457,#9458,
#9459,#9460,#9461,#9462,#9463,#9464,#9465,#9466,#9467,#9468,#9469,#9470,
#9471),.UNSPECIFIED.,.F.,.F.,(4,3,3,3,3,3,4),(-7.,-6.,-5.,-4.,-3.,-2.,-1.),
 .UNSPECIFIED.);
#167=B_SPLINE_CURVE_WITH_KNOTS('',3,(#9475,#9476,#9477,#9478,#9479,#9480,
#9481,#9482,#9483,#9484,#9485,#9486,#9487,#9488,#9489,#9490,#9491,#9492,
#9493),.UNSPECIFIED.,.F.,.F.,(4,3,3,3,3,3,4),(-7.,-6.,-5.,-4.,-3.,-2.,-1.),
 .UNSPECIFIED.);
#168=B_SPLINE_CURVE_WITH_KNOTS('',3,(#9564,#9565,#9566,#9567,#9568,#9569,
#9570,#9571,#9572,#9573,#9574,#9575,#9576,#9577,#9578,#9579,#9580,#9581,
#9582),.UNSPECIFIED.,.F.,.F.,(4,3,3,3,3,3,4),(-7.,-6.,-5.,-4.,-3.,-2.,-1.),
 .UNSPECIFIED.);
#169=B_SPLINE_CURVE_WITH_KNOTS('',3,(#9632,#9633,#9634,#9635,#9636,#9637,
#9638,#9639,#9640,#9641,#9642,#9643,#9644),.UNSPECIFIED.,.F.,.F.,(4,3,3,
3,4),(-9.,-8.,-7.,-6.,-5.),.UNSPECIFIED.);
#170=B_SPLINE_CURVE_WITH_KNOTS('',3,(#9693,#9694,#9695,#9696,#9697,#9698,
#9699,#9700,#9701,#9702,#9703,#9704,#9705),.UNSPECIFIED.,.F.,.F.,(4,3,3,
3,4),(-18.,-17.,-16.,-15.,-14.),.UNSPECIFIED.);
#171=(
BOUNDED_SURFACE()
B_SPLINE_SURFACE(2,2,((#6282,#6283,#6284,#6285,#6286,#6287,#6288),(#6289,
#6290,#6291,#6292,#6293,#6294,#6295),(#6296,#6297,#6298,#6299,#6300,#6301,
#6302)),.UNSPECIFIED.,.F.,.F.,.F.)
B_SPLINE_SURFACE_WITH_KNOTS((3,3),(3,2,2,3),(0.,1.5707963267949),(-1.83259571459405,
-0.610865238198015,0.610865238198017,1.83259571459405),.UNSPECIFIED.)
GEOMETRIC_REPRESENTATION_ITEM()
RATIONAL_B_SPLINE_SURFACE(((1.,0.819152044288991,1.,0.819152044288991,1.,
0.819152044288991,1.),(0.707106781186544,0.579227965339566,0.707106781186544,
0.579227965339566,0.707106781186544,0.579227965339566,0.707106781186544),
(1.,0.819152044288991,1.,0.819152044288991,1.,0.819152044288991,1.)))
REPRESENTATION_ITEM('')
SURFACE()
);
#172=(
BOUNDED_SURFACE()
B_SPLINE_SURFACE(2,2,((#6323,#6324,#6325,#6326,#6327,#6328,#6329),(#6330,
#6331,#6332,#6333,#6334,#6335,#6336),(#6337,#6338,#6339,#6340,#6341,#6342,
#6343)),.UNSPECIFIED.,.F.,.F.,.F.)
B_SPLINE_SURFACE_WITH_KNOTS((3,3),(3,2,2,3),(0.,1.5707963267949),(-1.83259571459405,
-0.610865238198016,0.610865238198016,1.83259571459405),.UNSPECIFIED.)
GEOMETRIC_REPRESENTATION_ITEM()
RATIONAL_B_SPLINE_SURFACE(((1.,0.819152044288991,1.,0.819152044288991,1.,
0.819152044288991,1.),(0.707106781186544,0.579227965339566,0.707106781186544,
0.579227965339566,0.707106781186544,0.579227965339566,0.707106781186544),
(1.,0.819152044288991,1.,0.819152044288991,1.,0.819152044288991,1.)))
REPRESENTATION_ITEM('')
SURFACE()
);
#173=(
BOUNDED_SURFACE()
B_SPLINE_SURFACE(2,2,((#6359,#6360,#6361,#6362,#6363,#6364,#6365),(#6366,
#6367,#6368,#6369,#6370,#6371,#6372),(#6373,#6374,#6375,#6376,#6377,#6378,
#6379)),.UNSPECIFIED.,.F.,.F.,.F.)
B_SPLINE_SURFACE_WITH_KNOTS((3,3),(3,2,2,3),(0.,1.5707963267949),(-1.0471975511966,
0.174532925199433,1.39626340159546,2.6179938779915),.UNSPECIFIED.)
GEOMETRIC_REPRESENTATION_ITEM()
RATIONAL_B_SPLINE_SURFACE(((1.,0.819152044288991,1.,0.819152044288991,1.,
0.819152044288991,1.),(0.707106781186541,0.579227965339564,0.707106781186541,
0.579227965339564,0.707106781186541,0.579227965339564,0.707106781186541),
(1.,0.819152044288991,1.,0.819152044288991,1.,0.819152044288991,1.)))
REPRESENTATION_ITEM('')
SURFACE()
);
#174=(
BOUNDED_SURFACE()
B_SPLINE_SURFACE(2,2,((#6397,#6398,#6399,#6400,#6401,#6402,#6403),(#6404,
#6405,#6406,#6407,#6408,#6409,#6410),(#6411,#6412,#6413,#6414,#6415,#6416,
#6417)),.UNSPECIFIED.,.F.,.F.,.F.)
B_SPLINE_SURFACE_WITH_KNOTS((3,3),(3,2,2,3),(0.,1.5707963267949),(-2.6179938779915,
-1.39626340159546,-0.174532925199432,1.0471975511966),.UNSPECIFIED.)
GEOMETRIC_REPRESENTATION_ITEM()
RATIONAL_B_SPLINE_SURFACE(((1.,0.819152044288991,1.,0.819152044288991,1.,
0.819152044288991,1.),(0.707106781186541,0.579227965339563,0.707106781186541,
0.579227965339563,0.707106781186541,0.579227965339563,0.707106781186541),
(1.,0.819152044288991,1.,0.819152044288991,1.,0.819152044288991,1.)))
REPRESENTATION_ITEM('')
SURFACE()
);
#175=(
BOUNDED_SURFACE()
B_SPLINE_SURFACE(1,2,((#7524,#7525,#7526),(#7527,#7528,#7529)),
 .UNSPECIFIED.,.F.,.F.,.F.)
B_SPLINE_SURFACE_WITH_KNOTS((2,2),(3,3),(0.,0.000225977264450014),(-0.04693322413973,
0.0708059317611572),.UNSPECIFIED.)
GEOMETRIC_REPRESENTATION_ITEM()
RATIONAL_B_SPLINE_SURFACE(((1.,0.998267686778658,1.),(1.,0.998267686778658,
1.)))
REPRESENTATION_ITEM('')
SURFACE()
);
#176=(
BOUNDED_SURFACE()
B_SPLINE_SURFACE(1,2,((#8490,#8491,#8492),(#8493,#8494,#8495)),
 .UNSPECIFIED.,.F.,.F.,.F.)
B_SPLINE_SURFACE_WITH_KNOTS((2,2),(3,3),(0.,0.00318383737926087),(2.7626648088056,
3.09639790830654),.UNSPECIFIED.)
GEOMETRIC_REPRESENTATION_ITEM()
RATIONAL_B_SPLINE_SURFACE(((1.,0.986110052032739,1.),(1.,0.986110052032739,
1.)))
REPRESENTATION_ITEM('')
SURFACE()
);
#177=(
BOUNDED_SURFACE()
B_SPLINE_SURFACE(1,2,((#8633,#8634,#8635),(#8636,#8637,#8638)),
 .UNSPECIFIED.,.F.,.F.,.F.)
B_SPLINE_SURFACE_WITH_KNOTS((2,2),(3,3),(0.,0.00192812832207963),(-0.0954750463763002,
0.176253240194596),.UNSPECIFIED.)
GEOMETRIC_REPRESENTATION_ITEM()
RATIONAL_B_SPLINE_SURFACE(((1.,0.99078465593088,1.),(1.,0.99078465593088,
1.)))
REPRESENTATION_ITEM('')
SURFACE()
);
#178=(
BOUNDED_SURFACE()
B_SPLINE_SURFACE(1,2,((#8691,#8692,#8693),(#8694,#8695,#8696)),
 .UNSPECIFIED.,.F.,.F.,.F.)
B_SPLINE_SURFACE_WITH_KNOTS((2,2),(3,3),(0.,0.00204698791879387),(-0.182080566764132,
0.113285667124938),.UNSPECIFIED.)
GEOMETRIC_REPRESENTATION_ITEM()
RATIONAL_B_SPLINE_SURFACE(((1.,0.989114654469023,1.),(1.,0.989114654469023,
1.)))
REPRESENTATION_ITEM('')
SURFACE()
);
#179=(
BOUNDED_SURFACE()
B_SPLINE_SURFACE(1,2,((#8742,#8743,#8744),(#8745,#8746,#8747)),
 .UNSPECIFIED.,.F.,.F.,.F.)
B_SPLINE_SURFACE_WITH_KNOTS((2,2),(3,3),(0.,0.00148052730133598),(3.00835731192902,
3.22663350269568),.UNSPECIFIED.)
GEOMETRIC_REPRESENTATION_ITEM()
RATIONAL_B_SPLINE_SURFACE(((1.,0.994050347174468,1.),(1.,0.994050347174468,
1.)))
REPRESENTATION_ITEM('')
SURFACE()
);
#180=(
BOUNDED_SURFACE()
B_SPLINE_SURFACE(1,2,((#8833,#8834,#8835),(#8836,#8837,#8838)),
 .UNSPECIFIED.,.F.,.F.,.F.)
B_SPLINE_SURFACE_WITH_KNOTS((2,2),(3,3),(0.,0.000209711411516795),(-3.18350973282021,
-3.07114328683319),.UNSPECIFIED.)
GEOMETRIC_REPRESENTATION_ITEM()
RATIONAL_B_SPLINE_SURFACE(((1.,0.998422137843209,1.),(1.,0.998422137843209,
1.)))
REPRESENTATION_ITEM('')
SURFACE()
);
#181=FACE_BOUND('',#1583,.T.);
#182=FACE_BOUND('',#1584,.T.);
#183=FACE_BOUND('',#1585,.T.);
#184=FACE_BOUND('',#1586,.T.);
#185=FACE_BOUND('',#1587,.T.);
#186=FACE_BOUND('',#1608,.T.);
#187=FACE_BOUND('',#1609,.T.);
#188=FACE_BOUND('',#1610,.T.);
#189=FACE_BOUND('',#1611,.T.);
#190=FACE_BOUND('',#1612,.T.);
#191=FACE_BOUND('',#1613,.T.);
#192=FACE_BOUND('',#1614,.T.);
#193=FACE_BOUND('',#1615,.T.);
#194=FACE_BOUND('',#1616,.T.);
#195=FACE_BOUND('',#1617,.T.);
#196=FACE_BOUND('',#1618,.T.);
#197=FACE_BOUND('',#1619,.T.);
#198=FACE_BOUND('',#1620,.T.);
#199=FACE_BOUND('',#1621,.T.);
#200=FACE_BOUND('',#1683,.T.);
#201=FACE_BOUND('',#1713,.T.);
#202=FACE_BOUND('',#1787,.T.);
#203=FACE_BOUND('',#1793,.T.);
#204=FACE_BOUND('',#1794,.T.);
#205=FACE_BOUND('',#1806,.T.);
#206=PLANE('',#4712);
#207=PLANE('',#4719);
#208=PLANE('',#4726);
#209=PLANE('',#4780);
#210=PLANE('',#4786);
#211=PLANE('',#4819);
#212=PLANE('',#4820);
#213=PLANE('',#4821);
#214=PLANE('',#4822);
#215=PLANE('',#4823);
#216=PLANE('',#4824);
#217=PLANE('',#4825);
#218=PLANE('',#4826);
#219=PLANE('',#4828);
#220=PLANE('',#4829);
#221=PLANE('',#4830);
#222=PLANE('',#4831);
#223=PLANE('',#4832);
#224=PLANE('',#4833);
#225=PLANE('',#4834);
#226=PLANE('',#4835);
#227=PLANE('',#4836);
#228=PLANE('',#4837);
#229=PLANE('',#4838);
#230=PLANE('',#4839);
#231=PLANE('',#4840);
#232=PLANE('',#4841);
#233=PLANE('',#4842);
#234=PLANE('',#4843);
#235=PLANE('',#4844);
#236=PLANE('',#4845);
#237=PLANE('',#4846);
#238=PLANE('',#4847);
#239=PLANE('',#4848);
#240=PLANE('',#4850);
#241=PLANE('',#4851);
#242=PLANE('',#4852);
#243=PLANE('',#4853);
#244=PLANE('',#4854);
#245=PLANE('',#4855);
#246=PLANE('',#4856);
#247=PLANE('',#4857);
#248=PLANE('',#4858);
#249=PLANE('',#4859);
#250=PLANE('',#4860);
#251=PLANE('',#4861);
#252=PLANE('',#4862);
#253=PLANE('',#4863);
#254=PLANE('',#4864);
#255=PLANE('',#4865);
#256=PLANE('',#4866);
#257=PLANE('',#4867);
#258=PLANE('',#4868);
#259=PLANE('',#4869);
#260=PLANE('',#4870);
#261=PLANE('',#4871);
#262=PLANE('',#4872);
#263=PLANE('',#4873);
#264=PLANE('',#4874);
#265=PLANE('',#4875);
#266=PLANE('',#4876);
#267=PLANE('',#4877);
#268=PLANE('',#4878);
#269=PLANE('',#4879);
#270=PLANE('',#4880);
#271=PLANE('',#4881);
#272=PLANE('',#4882);
#273=PLANE('',#4883);
#274=PLANE('',#4884);
#275=PLANE('',#4885);
#276=PLANE('',#4886);
#277=PLANE('',#4887);
#278=PLANE('',#4888);
#279=PLANE('',#4889);
#280=PLANE('',#4890);
#281=PLANE('',#4891);
#282=PLANE('',#4892);
#283=PLANE('',#4893);
#284=PLANE('',#4894);
#285=PLANE('',#4895);
#286=PLANE('',#4896);
#287=PLANE('',#4897);
#288=PLANE('',#4898);
#289=PLANE('',#4899);
#290=PLANE('',#4900);
#291=PLANE('',#4901);
#292=PLANE('',#4902);
#293=PLANE('',#4903);
#294=PLANE('',#4904);
#295=PLANE('',#4905);
#296=PLANE('',#4906);
#297=PLANE('',#4907);
#298=PLANE('',#4908);
#299=PLANE('',#4909);
#300=PLANE('',#4910);
#301=PLANE('',#4911);
#302=PLANE('',#4912);
#303=PLANE('',#4913);
#304=PLANE('',#4914);
#305=PLANE('',#4916);
#306=PLANE('',#4917);
#307=PLANE('',#4918);
#308=PLANE('',#4919);
#309=PLANE('',#4920);
#310=PLANE('',#4921);
#311=PLANE('',#4922);
#312=PLANE('',#4925);
#313=PLANE('',#4928);
#314=PLANE('',#4929);
#315=PLANE('',#4931);
#316=PLANE('',#4933);
#317=PLANE('',#4934);
#318=PLANE('',#4935);
#319=PLANE('',#4936);
#320=PLANE('',#4937);
#321=PLANE('',#4938);
#322=PLANE('',#4939);
#323=PLANE('',#4940);
#324=PLANE('',#4941);
#325=PLANE('',#4942);
#326=PLANE('',#4943);
#327=PLANE('',#4944);
#328=PLANE('',#4945);
#329=PLANE('',#4946);
#330=PLANE('',#4947);
#331=PLANE('',#4948);
#332=PLANE('',#4949);
#333=PLANE('',#4950);
#334=PLANE('',#4951);
#335=PLANE('',#4952);
#336=PLANE('',#4953);
#337=PLANE('',#4954);
#338=PLANE('',#4955);
#339=PLANE('',#4956);
#340=PLANE('',#4957);
#341=PLANE('',#4958);
#342=PLANE('',#4959);
#343=PLANE('',#4960);
#344=PLANE('',#4961);
#345=PLANE('',#4962);
#346=PLANE('',#4963);
#347=PLANE('',#4964);
#348=PLANE('',#4965);
#349=PLANE('',#4966);
#350=PLANE('',#4967);
#351=PLANE('',#4968);
#352=PLANE('',#4969);
#353=PLANE('',#4970);
#354=PLANE('',#4973);
#355=PLANE('',#4976);
#356=PLANE('',#4979);
#357=PLANE('',#4982);
#358=PLANE('',#4984);
#359=LINE('',#6111,#811);
#360=LINE('',#6112,#812);
#361=LINE('',#6135,#813);
#362=LINE('',#6136,#814);
#363=LINE('',#6159,#815);
#364=LINE('',#6160,#816);
#365=LINE('',#6183,#817);
#366=LINE('',#6184,#818);
#367=LINE('',#6196,#819);
#368=LINE('',#6198,#820);
#369=LINE('',#6199,#821);
#370=LINE('',#6202,#822);
#371=LINE('',#6206,#823);
#372=LINE('',#6210,#824);
#373=LINE('',#6214,#825);
#374=LINE('',#6215,#826);
#375=LINE('',#6218,#827);
#376=LINE('',#6222,#828);
#377=LINE('',#6226,#829);
#378=LINE('',#6239,#830);
#379=LINE('',#6241,#831);
#380=LINE('',#6243,#832);
#381=LINE('',#6245,#833);
#382=LINE('',#6247,#834);
#383=LINE('',#6249,#835);
#384=LINE('',#6251,#836);
#385=LINE('',#6253,#837);
#386=LINE('',#6255,#838);
#387=LINE('',#6257,#839);
#388=LINE('',#6259,#840);
#389=LINE('',#6260,#841);
#390=LINE('',#6274,#842);
#391=LINE('',#6275,#843);
#392=LINE('',#6317,#844);
#393=LINE('',#6318,#845);
#394=LINE('',#6354,#846);
#395=LINE('',#6390,#847);
#396=LINE('',#6421,#848);
#397=LINE('',#6423,#849);
#398=LINE('',#6425,#850);
#399=LINE('',#6429,#851);
#400=LINE('',#6431,#852);
#401=LINE('',#6433,#853);
#402=LINE('',#6449,#854);
#403=LINE('',#6451,#855);
#404=LINE('',#6453,#856);
#405=LINE('',#6455,#857);
#406=LINE('',#6457,#858);
#407=LINE('',#6473,#859);
#408=LINE('',#6474,#860);
#409=LINE('',#6477,#861);
#410=LINE('',#6479,#862);
#411=LINE('',#6481,#863);
#412=LINE('',#6503,#864);
#413=LINE('',#6504,#865);
#414=LINE('',#6583,#866);
#415=LINE('',#6629,#867);
#416=LINE('',#6657,#868);
#417=LINE('',#6659,#869);
#418=LINE('',#6661,#870);
#419=LINE('',#6684,#871);
#420=LINE('',#6686,#872);
#421=LINE('',#6688,#873);
#422=LINE('',#6710,#874);
#423=LINE('',#6712,#875);
#424=LINE('',#6714,#876);
#425=LINE('',#6716,#877);
#426=LINE('',#6718,#878);
#427=LINE('',#6756,#879);
#428=LINE('',#6759,#880);
#429=LINE('',#6761,#881);
#430=LINE('',#6763,#882);
#431=LINE('',#6764,#883);
#432=LINE('',#6781,#884);
#433=LINE('',#6783,#885);
#434=LINE('',#6785,#886);
#435=LINE('',#6787,#887);
#436=LINE('',#6803,#888);
#437=LINE('',#6805,#889);
#438=LINE('',#6807,#890);
#439=LINE('',#6808,#891);
#440=LINE('',#6811,#892);
#441=LINE('',#6813,#893);
#442=LINE('',#6815,#894);
#443=LINE('',#6817,#895);
#444=LINE('',#6819,#896);
#445=LINE('',#6821,#897);
#446=LINE('',#6840,#898);
#447=LINE('',#6842,#899);
#448=LINE('',#6844,#900);
#449=LINE('',#6846,#901);
#450=LINE('',#6848,#902);
#451=LINE('',#6917,#903);
#452=LINE('',#6919,#904);
#453=LINE('',#6921,#905);
#454=LINE('',#6923,#906);
#455=LINE('',#6925,#907);
#456=LINE('',#6927,#908);
#457=LINE('',#6929,#909);
#458=LINE('',#6931,#910);
#459=LINE('',#6933,#911);
#460=LINE('',#6935,#912);
#461=LINE('',#6937,#913);
#462=LINE('',#6938,#914);
#463=LINE('',#6941,#915);
#464=LINE('',#6943,#916);
#465=LINE('',#6945,#917);
#466=LINE('',#6947,#918);
#467=LINE('',#6949,#919);
#468=LINE('',#6951,#920);
#469=LINE('',#6953,#921);
#470=LINE('',#6955,#922);
#471=LINE('',#6957,#923);
#472=LINE('',#6959,#924);
#473=LINE('',#6961,#925);
#474=LINE('',#6962,#926);
#475=LINE('',#6989,#927);
#476=LINE('',#6991,#928);
#477=LINE('',#6993,#929);
#478=LINE('',#6995,#930);
#479=LINE('',#6997,#931);
#480=LINE('',#7014,#932);
#481=LINE('',#7016,#933);
#482=LINE('',#7018,#934);
#483=LINE('',#7020,#935);
#484=LINE('',#7022,#936);
#485=LINE('',#7024,#937);
#486=LINE('',#7026,#938);
#487=LINE('',#7027,#939);
#488=LINE('',#7041,#940);
#489=LINE('',#7043,#941);
#490=LINE('',#7045,#942);
#491=LINE('',#7061,#943);
#492=LINE('',#7063,#944);
#493=LINE('',#7065,#945);
#494=LINE('',#7071,#946);
#495=LINE('',#7073,#947);
#496=LINE('',#7074,#948);
#497=LINE('',#7091,#949);
#498=LINE('',#7092,#950);
#499=LINE('',#7101,#951);
#500=LINE('',#7102,#952);
#501=LINE('',#7107,#953);
#502=LINE('',#7109,#954);
#503=LINE('',#7119,#955);
#504=LINE('',#7120,#956);
#505=LINE('',#7125,#957);
#506=LINE('',#7127,#958);
#507=LINE('',#7130,#959);
#508=LINE('',#7131,#960);
#509=LINE('',#7136,#961);
#510=LINE('',#7138,#962);
#511=LINE('',#7144,#963);
#512=LINE('',#7146,#964);
#513=LINE('',#7150,#965);
#514=LINE('',#7152,#966);
#515=LINE('',#7154,#967);
#516=LINE('',#7155,#968);
#517=LINE('',#7158,#969);
#518=LINE('',#7159,#970);
#519=LINE('',#7160,#971);
#520=LINE('',#7163,#972);
#521=LINE('',#7164,#973);
#522=LINE('',#7165,#974);
#523=LINE('',#7168,#975);
#524=LINE('',#7170,#976);
#525=LINE('',#7171,#977);
#526=LINE('',#7173,#978);
#527=LINE('',#7176,#979);
#528=LINE('',#7177,#980);
#529=LINE('',#7180,#981);
#530=LINE('',#7182,#982);
#531=LINE('',#7185,#983);
#532=LINE('',#7187,#984);
#533=LINE('',#7188,#985);
#534=LINE('',#7191,#986);
#535=LINE('',#7193,#987);
#536=LINE('',#7194,#988);
#537=LINE('',#7196,#989);
#538=LINE('',#7197,#990);
#539=LINE('',#7219,#991);
#540=LINE('',#7231,#992);
#541=LINE('',#7234,#993);
#542=LINE('',#7235,#994);
#543=LINE('',#7245,#995);
#544=LINE('',#7252,#996);
#545=LINE('',#7253,#997);
#546=LINE('',#7256,#998);
#547=LINE('',#7257,#999);
#548=LINE('',#7260,#1000);
#549=LINE('',#7261,#1001);
#550=LINE('',#7289,#1002);
#551=LINE('',#7305,#1003);
#552=LINE('',#7306,#1004);
#553=LINE('',#7309,#1005);
#554=LINE('',#7310,#1006);
#555=LINE('',#7312,#1007);
#556=LINE('',#7316,#1008);
#557=LINE('',#7318,#1009);
#558=LINE('',#7319,#1010);
#559=LINE('',#7322,#1011);
#560=LINE('',#7323,#1012);
#561=LINE('',#7326,#1013);
#562=LINE('',#7327,#1014);
#563=LINE('',#7330,#1015);
#564=LINE('',#7331,#1016);
#565=LINE('',#7334,#1017);
#566=LINE('',#7335,#1018);
#567=LINE('',#7338,#1019);
#568=LINE('',#7339,#1020);
#569=LINE('',#7342,#1021);
#570=LINE('',#7343,#1022);
#571=LINE('',#7345,#1023);
#572=LINE('',#7371,#1024);
#573=LINE('',#7380,#1025);
#574=LINE('',#7383,#1026);
#575=LINE('',#7385,#1027);
#576=LINE('',#7386,#1028);
#577=LINE('',#7514,#1029);
#578=LINE('',#7523,#1030);
#579=LINE('',#7531,#1031);
#580=LINE('',#7548,#1032);
#581=LINE('',#7565,#1033);
#582=LINE('',#7572,#1034);
#583=LINE('',#7573,#1035);
#584=LINE('',#7576,#1036);
#585=LINE('',#7577,#1037);
#586=LINE('',#7580,#1038);
#587=LINE('',#7581,#1039);
#588=LINE('',#7584,#1040);
#589=LINE('',#7585,#1041);
#590=LINE('',#7588,#1042);
#591=LINE('',#7589,#1043);
#592=LINE('',#7599,#1044);
#593=LINE('',#7637,#1045);
#594=LINE('',#7639,#1046);
#595=LINE('',#7640,#1047);
#596=LINE('',#7643,#1048);
#597=LINE('',#7644,#1049);
#598=LINE('',#7647,#1050);
#599=LINE('',#7648,#1051);
#600=LINE('',#7651,#1052);
#601=LINE('',#7652,#1053);
#602=LINE('',#7655,#1054);
#603=LINE('',#7656,#1055);
#604=LINE('',#7659,#1056);
#605=LINE('',#7660,#1057);
#606=LINE('',#7663,#1058);
#607=LINE('',#7664,#1059);
#608=LINE('',#7667,#1060);
#609=LINE('',#7668,#1061);
#610=LINE('',#7671,#1062);
#611=LINE('',#7672,#1063);
#612=LINE('',#7675,#1064);
#613=LINE('',#7676,#1065);
#614=LINE('',#7679,#1066);
#615=LINE('',#7680,#1067);
#616=LINE('',#7682,#1068);
#617=LINE('',#7686,#1069);
#618=LINE('',#7688,#1070);
#619=LINE('',#7689,#1071);
#620=LINE('',#7692,#1072);
#621=LINE('',#7693,#1073);
#622=LINE('',#7696,#1074);
#623=LINE('',#7697,#1075);
#624=LINE('',#7700,#1076);
#625=LINE('',#7701,#1077);
#626=LINE('',#7704,#1078);
#627=LINE('',#7705,#1079);
#628=LINE('',#7708,#1080);
#629=LINE('',#7709,#1081);
#630=LINE('',#7712,#1082);
#631=LINE('',#7713,#1083);
#632=LINE('',#7716,#1084);
#633=LINE('',#7717,#1085);
#634=LINE('',#7720,#1086);
#635=LINE('',#7721,#1087);
#636=LINE('',#7724,#1088);
#637=LINE('',#7725,#1089);
#638=LINE('',#7728,#1090);
#639=LINE('',#7729,#1091);
#640=LINE('',#7731,#1092);
#641=LINE('',#7864,#1093);
#642=LINE('',#8007,#1094);
#643=LINE('',#8060,#1095);
#644=LINE('',#8062,#1096);
#645=LINE('',#8063,#1097);
#646=LINE('',#8097,#1098);
#647=LINE('',#8116,#1099);
#648=LINE('',#8117,#1100);
#649=LINE('',#8120,#1101);
#650=LINE('',#8121,#1102);
#651=LINE('',#8124,#1103);
#652=LINE('',#8125,#1104);
#653=LINE('',#8128,#1105);
#654=LINE('',#8129,#1106);
#655=LINE('',#8132,#1107);
#656=LINE('',#8133,#1108);
#657=LINE('',#8167,#1109);
#658=LINE('',#8186,#1110);
#659=LINE('',#8187,#1111);
#660=LINE('',#8190,#1112);
#661=LINE('',#8191,#1113);
#662=LINE('',#8194,#1114);
#663=LINE('',#8195,#1115);
#664=LINE('',#8198,#1116);
#665=LINE('',#8199,#1117);
#666=LINE('',#8201,#1118);
#667=LINE('',#8230,#1119);
#668=LINE('',#8245,#1120);
#669=LINE('',#8248,#1121);
#670=LINE('',#8249,#1122);
#671=LINE('',#8252,#1123);
#672=LINE('',#8253,#1124);
#673=LINE('',#8256,#1125);
#674=LINE('',#8257,#1126);
#675=LINE('',#8260,#1127);
#676=LINE('',#8261,#1128);
#677=LINE('',#8289,#1129);
#678=LINE('',#8305,#1130);
#679=LINE('',#8306,#1131);
#680=LINE('',#8309,#1132);
#681=LINE('',#8310,#1133);
#682=LINE('',#8313,#1134);
#683=LINE('',#8314,#1135);
#684=LINE('',#8316,#1136);
#685=LINE('',#8320,#1137);
#686=LINE('',#8322,#1138);
#687=LINE('',#8323,#1139);
#688=LINE('',#8326,#1140);
#689=LINE('',#8327,#1141);
#690=LINE('',#8330,#1142);
#691=LINE('',#8331,#1143);
#692=LINE('',#8333,#1144);
#693=LINE('',#8350,#1145);
#694=LINE('',#8359,#1146);
#695=LINE('',#8362,#1147);
#696=LINE('',#8363,#1148);
#697=LINE('',#8385,#1149);
#698=LINE('',#8405,#1150);
#699=LINE('',#8419,#1151);
#700=LINE('',#8445,#1152);
#701=LINE('',#8465,#1153);
#702=LINE('',#8472,#1154);
#703=LINE('',#8473,#1155);
#704=LINE('',#8476,#1156);
#705=LINE('',#8477,#1157);
#706=LINE('',#8480,#1158);
#707=LINE('',#8481,#1159);
#708=LINE('',#8484,#1160);
#709=LINE('',#8485,#1161);
#710=LINE('',#8488,#1162);
#711=LINE('',#8489,#1163);
#712=LINE('',#8497,#1164);
#713=LINE('',#8508,#1165);
#714=LINE('',#8528,#1166);
#715=LINE('',#8545,#1167);
#716=LINE('',#8552,#1168);
#717=LINE('',#8553,#1169);
#718=LINE('',#8556,#1170);
#719=LINE('',#8557,#1171);
#720=LINE('',#8560,#1172);
#721=LINE('',#8561,#1173);
#722=LINE('',#8577,#1174);
#723=LINE('',#8600,#1175);
#724=LINE('',#8617,#1176);
#725=LINE('',#8624,#1177);
#726=LINE('',#8625,#1178);
#727=LINE('',#8628,#1179);
#728=LINE('',#8629,#1180);
#729=LINE('',#8631,#1181);
#730=LINE('',#8643,#1182);
#731=LINE('',#8646,#1183);
#732=LINE('',#8661,#1184);
#733=LINE('',#8668,#1185);
#734=LINE('',#8670,#1186);
#735=LINE('',#8671,#1187);
#736=LINE('',#8686,#1188);
#737=LINE('',#8700,#1189);
#738=LINE('',#8704,#1190);
#739=LINE('',#8706,#1191);
#740=LINE('',#8707,#1192);
#741=LINE('',#8738,#1193);
#742=LINE('',#8740,#1194);
#743=LINE('',#8741,#1195);
#744=LINE('',#8749,#1196);
#745=LINE('',#8772,#1197);
#746=LINE('',#8792,#1198);
#747=LINE('',#8799,#1199);
#748=LINE('',#8800,#1200);
#749=LINE('',#8822,#1201);
#750=LINE('',#8840,#1202);
#751=LINE('',#8863,#1203);
#752=LINE('',#9009,#1204);
#753=LINE('',#9148,#1205);
#754=LINE('',#9261,#1206);
#755=LINE('',#9300,#1207);
#756=LINE('',#9473,#1208);
#757=LINE('',#9494,#1209);
#758=LINE('',#9497,#1210);
#759=LINE('',#9499,#1211);
#760=LINE('',#9500,#1212);
#761=LINE('',#9503,#1213);
#762=LINE('',#9505,#1214);
#763=LINE('',#9506,#1215);
#764=LINE('',#9508,#1216);
#765=LINE('',#9509,#1217);
#766=LINE('',#9512,#1218);
#767=LINE('',#9514,#1219);
#768=LINE('',#9515,#1220);
#769=LINE('',#9518,#1221);
#770=LINE('',#9519,#1222);
#771=LINE('',#9522,#1223);
#772=LINE('',#9523,#1224);
#773=LINE('',#9563,#1225);
#774=LINE('',#9585,#1226);
#775=LINE('',#9586,#1227);
#776=LINE('',#9588,#1228);
#777=LINE('',#9592,#1229);
#778=LINE('',#9594,#1230);
#779=LINE('',#9595,#1231);
#780=LINE('',#9598,#1232);
#781=LINE('',#9599,#1233);
#782=LINE('',#9602,#1234);
#783=LINE('',#9603,#1235);
#784=LINE('',#9631,#1236);
#785=LINE('',#9647,#1237);
#786=LINE('',#9648,#1238);
#787=LINE('',#9651,#1239);
#788=LINE('',#9652,#1240);
#789=LINE('',#9655,#1241);
#790=LINE('',#9656,#1242);
#791=LINE('',#9659,#1243);
#792=LINE('',#9660,#1244);
#793=LINE('',#9663,#1245);
#794=LINE('',#9664,#1246);
#795=LINE('',#9692,#1247);
#796=LINE('',#9708,#1248);
#797=LINE('',#9709,#1249);
#798=LINE('',#9711,#1250);
#799=LINE('',#9719,#1251);
#800=LINE('',#9721,#1252);
#801=LINE('',#9723,#1253);
#802=LINE('',#9725,#1254);
#803=LINE('',#9727,#1255);
#804=LINE('',#9730,#1256);
#805=LINE('',#9732,#1257);
#806=LINE('',#9734,#1258);
#807=LINE('',#9739,#1259);
#808=LINE('',#9744,#1260);
#809=LINE('',#9749,#1261);
#810=LINE('',#9754,#1262);
#811=VECTOR('',#5001,10.);
#812=VECTOR('',#5002,10.);
#813=VECTOR('',#5031,10.);
#814=VECTOR('',#5032,10.);
#815=VECTOR('',#5061,10.);
#816=VECTOR('',#5062,10.);
#817=VECTOR('',#5091,10.);
#818=VECTOR('',#5092,10.);
#819=VECTOR('',#5109,10.);
#820=VECTOR('',#5110,10.);
#821=VECTOR('',#5111,10.);
#822=VECTOR('',#5114,10.);
#823=VECTOR('',#5119,10.);
#824=VECTOR('',#5124,10.);
#825=VECTOR('',#5129,10.);
#826=VECTOR('',#5130,10.);
#827=VECTOR('',#5133,10.);
#828=VECTOR('',#5138,10.);
#829=VECTOR('',#5143,10.);
#830=VECTOR('',#5156,10.);
#831=VECTOR('',#5157,10.);
#832=VECTOR('',#5158,10.);
#833=VECTOR('',#5159,10.);
#834=VECTOR('',#5160,10.);
#835=VECTOR('',#5161,10.);
#836=VECTOR('',#5162,10.);
#837=VECTOR('',#5163,10.);
#838=VECTOR('',#5164,10.);
#839=VECTOR('',#5165,10.);
#840=VECTOR('',#5166,10.);
#841=VECTOR('',#5167,10.);
#842=VECTOR('',#5182,10.);
#843=VECTOR('',#5183,10.);
#844=VECTOR('',#5210,10.);
#845=VECTOR('',#5211,10.);
#846=VECTOR('',#5232,10.);
#847=VECTOR('',#5253,10.);
#848=VECTOR('',#5268,10.);
#849=VECTOR('',#5271,10.);
#850=VECTOR('',#5274,10.);
#851=VECTOR('',#5277,10.);
#852=VECTOR('',#5278,10.);
#853=VECTOR('',#5279,10.);
#854=VECTOR('',#5280,10.);
#855=VECTOR('',#5281,10.);
#856=VECTOR('',#5282,10.);
#857=VECTOR('',#5283,10.);
#858=VECTOR('',#5284,10.);
#859=VECTOR('',#5285,10.);
#860=VECTOR('',#5286,10.);
#861=VECTOR('',#5287,10.);
#862=VECTOR('',#5288,10.);
#863=VECTOR('',#5289,10.);
#864=VECTOR('',#5290,10.);
#865=VECTOR('',#5291,10.);
#866=VECTOR('',#5292,10.);
#867=VECTOR('',#5295,10.);
#868=VECTOR('',#5298,10.);
#869=VECTOR('',#5299,10.);
#870=VECTOR('',#5300,10.);
#871=VECTOR('',#5301,10.);
#872=VECTOR('',#5302,10.);
#873=VECTOR('',#5303,10.);
#874=VECTOR('',#5306,10.);
#875=VECTOR('',#5307,10.);
#876=VECTOR('',#5308,10.);
#877=VECTOR('',#5309,10.);
#878=VECTOR('',#5310,10.);
#879=VECTOR('',#5311,10.);
#880=VECTOR('',#5312,10.);
#881=VECTOR('',#5313,10.);
#882=VECTOR('',#5314,10.);
#883=VECTOR('',#5315,10.);
#884=VECTOR('',#5316,10.);
#885=VECTOR('',#5317,10.);
#886=VECTOR('',#5318,10.);
#887=VECTOR('',#5319,10.);
#888=VECTOR('',#5320,10.);
#889=VECTOR('',#5321,10.);
#890=VECTOR('',#5322,10.);
#891=VECTOR('',#5323,10.);
#892=VECTOR('',#5324,10.);
#893=VECTOR('',#5325,10.);
#894=VECTOR('',#5326,10.);
#895=VECTOR('',#5327,10.);
#896=VECTOR('',#5328,10.);
#897=VECTOR('',#5329,10.);
#898=VECTOR('',#5330,10.);
#899=VECTOR('',#5331,10.);
#900=VECTOR('',#5332,10.);
#901=VECTOR('',#5333,10.);
#902=VECTOR('',#5334,10.);
#903=VECTOR('',#5335,10.);
#904=VECTOR('',#5336,10.);
#905=VECTOR('',#5337,10.);
#906=VECTOR('',#5338,10.);
#907=VECTOR('',#5339,10.);
#908=VECTOR('',#5340,10.);
#909=VECTOR('',#5341,10.);
#910=VECTOR('',#5342,10.);
#911=VECTOR('',#5343,10.);
#912=VECTOR('',#5344,10.);
#913=VECTOR('',#5345,10.);
#914=VECTOR('',#5346,10.);
#915=VECTOR('',#5347,10.);
#916=VECTOR('',#5348,10.);
#917=VECTOR('',#5349,10.);
#918=VECTOR('',#5350,10.);
#919=VECTOR('',#5351,10.);
#920=VECTOR('',#5352,10.);
#921=VECTOR('',#5353,10.);
#922=VECTOR('',#5354,10.);
#923=VECTOR('',#5355,10.);
#924=VECTOR('',#5356,10.);
#925=VECTOR('',#5357,10.);
#926=VECTOR('',#5358,10.);
#927=VECTOR('',#5359,10.);
#928=VECTOR('',#5360,10.);
#929=VECTOR('',#5361,10.);
#930=VECTOR('',#5362,10.);
#931=VECTOR('',#5363,10.);
#932=VECTOR('',#5366,10.);
#933=VECTOR('',#5367,10.);
#934=VECTOR('',#5368,10.);
#935=VECTOR('',#5369,10.);
#936=VECTOR('',#5370,10.);
#937=VECTOR('',#5371,10.);
#938=VECTOR('',#5372,10.);
#939=VECTOR('',#5373,10.);
#940=VECTOR('',#5374,10.);
#941=VECTOR('',#5375,10.);
#942=VECTOR('',#5376,10.);
#943=VECTOR('',#5377,10.);
#944=VECTOR('',#5378,10.);
#945=VECTOR('',#5379,10.);
#946=VECTOR('',#5380,10.);
#947=VECTOR('',#5383,10.);
#948=VECTOR('',#5384,10.);
#949=VECTOR('',#5405,10.);
#950=VECTOR('',#5406,10.);
#951=VECTOR('',#5417,10.);
#952=VECTOR('',#5418,10.);
#953=VECTOR('',#5423,10.);
#954=VECTOR('',#5424,10.);
#955=VECTOR('',#5437,10.);
#956=VECTOR('',#5438,10.);
#957=VECTOR('',#5443,10.);
#958=VECTOR('',#5444,10.);
#959=VECTOR('',#5449,10.);
#960=VECTOR('',#5450,10.);
#961=VECTOR('',#5455,10.);
#962=VECTOR('',#5456,10.);
#963=VECTOR('',#5463,10.);
#964=VECTOR('',#5464,10.);
#965=VECTOR('',#5469,10.);
#966=VECTOR('',#5470,10.);
#967=VECTOR('',#5471,10.);
#968=VECTOR('',#5472,10.);
#969=VECTOR('',#5475,10.);
#970=VECTOR('',#5476,10.);
#971=VECTOR('',#5477,10.);
#972=VECTOR('',#5480,10.);
#973=VECTOR('',#5481,10.);
#974=VECTOR('',#5482,10.);
#975=VECTOR('',#5485,10.);
#976=VECTOR('',#5486,10.);
#977=VECTOR('',#5487,10.);
#978=VECTOR('',#5490,10.);
#979=VECTOR('',#5493,10.);
#980=VECTOR('',#5494,10.);
#981=VECTOR('',#5499,10.);
#982=VECTOR('',#5502,10.);
#983=VECTOR('',#5505,10.);
#984=VECTOR('',#5506,10.);
#985=VECTOR('',#5507,10.);
#986=VECTOR('',#5510,10.);
#987=VECTOR('',#5511,10.);
#988=VECTOR('',#5512,10.);
#989=VECTOR('',#5515,10.);
#990=VECTOR('',#5516,10.);
#991=VECTOR('',#5517,10.);
#992=VECTOR('',#5518,10.);
#993=VECTOR('',#5521,10.);
#994=VECTOR('',#5522,10.);
#995=VECTOR('',#5523,10.);
#996=VECTOR('',#5526,10.);
#997=VECTOR('',#5527,10.);
#998=VECTOR('',#5530,10.);
#999=VECTOR('',#5531,10.);
#1000=VECTOR('',#5534,10.);
#1001=VECTOR('',#5535,10.);
#1002=VECTOR('',#5536,10.);
#1003=VECTOR('',#5539,10.);
#1004=VECTOR('',#5540,10.);
#1005=VECTOR('',#5543,10.);
#1006=VECTOR('',#5544,10.);
#1007=VECTOR('',#5547,10.);
#1008=VECTOR('',#5552,10.);
#1009=VECTOR('',#5553,10.);
#1010=VECTOR('',#5554,10.);
#1011=VECTOR('',#5557,10.);
#1012=VECTOR('',#5558,10.);
#1013=VECTOR('',#5561,10.);
#1014=VECTOR('',#5562,10.);
#1015=VECTOR('',#5565,10.);
#1016=VECTOR('',#5566,10.);
#1017=VECTOR('',#5569,10.);
#1018=VECTOR('',#5570,10.);
#1019=VECTOR('',#5573,10.);
#1020=VECTOR('',#5574,10.);
#1021=VECTOR('',#5577,10.);
#1022=VECTOR('',#5578,10.);
#1023=VECTOR('',#5581,10.);
#1024=VECTOR('',#5584,10.);
#1025=VECTOR('',#5585,10.);
#1026=VECTOR('',#5588,10.);
#1027=VECTOR('',#5589,10.);
#1028=VECTOR('',#5590,10.);
#1029=VECTOR('',#5591,10.);
#1030=VECTOR('',#5592,10.);
#1031=VECTOR('',#5593,10.);
#1032=VECTOR('',#5596,10.);
#1033=VECTOR('',#5597,10.);
#1034=VECTOR('',#5600,10.);
#1035=VECTOR('',#5601,10.);
#1036=VECTOR('',#5604,10.);
#1037=VECTOR('',#5605,10.);
#1038=VECTOR('',#5608,10.);
#1039=VECTOR('',#5609,10.);
#1040=VECTOR('',#5612,10.);
#1041=VECTOR('',#5613,10.);
#1042=VECTOR('',#5616,10.);
#1043=VECTOR('',#5617,10.);
#1044=VECTOR('',#5618,10.);
#1045=VECTOR('',#5623,10.);
#1046=VECTOR('',#5624,10.);
#1047=VECTOR('',#5625,10.);
#1048=VECTOR('',#5628,10.);
#1049=VECTOR('',#5629,10.);
#1050=VECTOR('',#5632,10.);
#1051=VECTOR('',#5633,10.);
#1052=VECTOR('',#5636,10.);
#1053=VECTOR('',#5637,10.);
#1054=VECTOR('',#5640,10.);
#1055=VECTOR('',#5641,10.);
#1056=VECTOR('',#5644,10.);
#1057=VECTOR('',#5645,10.);
#1058=VECTOR('',#5648,10.);
#1059=VECTOR('',#5649,10.);
#1060=VECTOR('',#5652,10.);
#1061=VECTOR('',#5653,10.);
#1062=VECTOR('',#5656,10.);
#1063=VECTOR('',#5657,10.);
#1064=VECTOR('',#5660,10.);
#1065=VECTOR('',#5661,10.);
#1066=VECTOR('',#5664,10.);
#1067=VECTOR('',#5665,10.);
#1068=VECTOR('',#5668,10.);
#1069=VECTOR('',#5673,10.);
#1070=VECTOR('',#5674,10.);
#1071=VECTOR('',#5675,10.);
#1072=VECTOR('',#5678,10.);
#1073=VECTOR('',#5679,10.);
#1074=VECTOR('',#5682,10.);
#1075=VECTOR('',#5683,10.);
#1076=VECTOR('',#5686,10.);
#1077=VECTOR('',#5687,10.);
#1078=VECTOR('',#5690,10.);
#1079=VECTOR('',#5691,10.);
#1080=VECTOR('',#5694,10.);
#1081=VECTOR('',#5695,10.);
#1082=VECTOR('',#5698,10.);
#1083=VECTOR('',#5699,10.);
#1084=VECTOR('',#5702,10.);
#1085=VECTOR('',#5703,10.);
#1086=VECTOR('',#5706,10.);
#1087=VECTOR('',#5707,10.);
#1088=VECTOR('',#5710,10.);
#1089=VECTOR('',#5711,10.);
#1090=VECTOR('',#5714,10.);
#1091=VECTOR('',#5715,10.);
#1092=VECTOR('',#5718,10.);
#1093=VECTOR('',#5721,10.);
#1094=VECTOR('',#5722,10.);
#1095=VECTOR('',#5727,10.);
#1096=VECTOR('',#5728,10.);
#1097=VECTOR('',#5729,10.);
#1098=VECTOR('',#5730,10.);
#1099=VECTOR('',#5733,10.);
#1100=VECTOR('',#5734,10.);
#1101=VECTOR('',#5737,10.);
#1102=VECTOR('',#5738,10.);
#1103=VECTOR('',#5741,10.);
#1104=VECTOR('',#5742,10.);
#1105=VECTOR('',#5745,10.);
#1106=VECTOR('',#5746,10.);
#1107=VECTOR('',#5749,10.);
#1108=VECTOR('',#5750,10.);
#1109=VECTOR('',#5751,10.);
#1110=VECTOR('',#5754,10.);
#1111=VECTOR('',#5755,10.);
#1112=VECTOR('',#5758,10.);
#1113=VECTOR('',#5759,10.);
#1114=VECTOR('',#5762,10.);
#1115=VECTOR('',#5763,10.);
#1116=VECTOR('',#5766,10.);
#1117=VECTOR('',#5767,10.);
#1118=VECTOR('',#5770,10.);
#1119=VECTOR('',#5773,10.);
#1120=VECTOR('',#5774,10.);
#1121=VECTOR('',#5777,10.);
#1122=VECTOR('',#5778,10.);
#1123=VECTOR('',#5781,10.);
#1124=VECTOR('',#5782,10.);
#1125=VECTOR('',#5785,10.);
#1126=VECTOR('',#5786,10.);
#1127=VECTOR('',#5789,10.);
#1128=VECTOR('',#5790,10.);
#1129=VECTOR('',#5791,10.);
#1130=VECTOR('',#5794,10.);
#1131=VECTOR('',#5795,10.);
#1132=VECTOR('',#5798,10.);
#1133=VECTOR('',#5799,10.);
#1134=VECTOR('',#5802,10.);
#1135=VECTOR('',#5803,10.);
#1136=VECTOR('',#5806,10.);
#1137=VECTOR('',#5811,10.);
#1138=VECTOR('',#5812,10.);
#1139=VECTOR('',#5813,10.);
#1140=VECTOR('',#5816,10.);
#1141=VECTOR('',#5817,10.);
#1142=VECTOR('',#5820,10.);
#1143=VECTOR('',#5821,10.);
#1144=VECTOR('',#5824,10.);
#1145=VECTOR('',#5827,10.);
#1146=VECTOR('',#5828,10.);
#1147=VECTOR('',#5831,10.);
#1148=VECTOR('',#5832,10.);
#1149=VECTOR('',#5833,10.);
#1150=VECTOR('',#5834,10.);
#1151=VECTOR('',#5835,10.);
#1152=VECTOR('',#5836,10.);
#1153=VECTOR('',#5837,10.);
#1154=VECTOR('',#5840,10.);
#1155=VECTOR('',#5841,10.);
#1156=VECTOR('',#5844,10.);
#1157=VECTOR('',#5845,10.);
#1158=VECTOR('',#5848,10.);
#1159=VECTOR('',#5849,10.);
#1160=VECTOR('',#5852,10.);
#1161=VECTOR('',#5853,10.);
#1162=VECTOR('',#5856,10.);
#1163=VECTOR('',#5857,10.);
#1164=VECTOR('',#5858,10.);
#1165=VECTOR('',#5861,10.);
#1166=VECTOR('',#5862,10.);
#1167=VECTOR('',#5863,10.);
#1168=VECTOR('',#5866,10.);
#1169=VECTOR('',#5867,10.);
#1170=VECTOR('',#5870,10.);
#1171=VECTOR('',#5871,10.);
#1172=VECTOR('',#5874,10.);
#1173=VECTOR('',#5875,10.);
#1174=VECTOR('',#5876,10.);
#1175=VECTOR('',#5877,10.);
#1176=VECTOR('',#5878,10.);
#1177=VECTOR('',#5881,10.);
#1178=VECTOR('',#5882,10.);
#1179=VECTOR('',#5885,10.);
#1180=VECTOR('',#5886,10.);
#1181=VECTOR('',#5889,10.);
#1182=VECTOR('',#5894,10.);
#1183=VECTOR('',#5897,10.);
#1184=VECTOR('',#5898,10.);
#1185=VECTOR('',#5901,10.);
#1186=VECTOR('',#5902,10.);
#1187=VECTOR('',#5903,10.);
#1188=VECTOR('',#5904,10.);
#1189=VECTOR('',#5907,10.);
#1190=VECTOR('',#5912,10.);
#1191=VECTOR('',#5913,10.);
#1192=VECTOR('',#5914,10.);
#1193=VECTOR('',#5917,10.);
#1194=VECTOR('',#5918,10.);
#1195=VECTOR('',#5919,10.);
#1196=VECTOR('',#5920,10.);
#1197=VECTOR('',#5923,10.);
#1198=VECTOR('',#5924,10.);
#1199=VECTOR('',#5927,10.);
#1200=VECTOR('',#5928,10.);
#1201=VECTOR('',#5929,10.);
#1202=VECTOR('',#5930,10.);
#1203=VECTOR('',#5933,10.);
#1204=VECTOR('',#5936,10.);
#1205=VECTOR('',#5937,10.);
#1206=VECTOR('',#5938,10.);
#1207=VECTOR('',#5939,10.);
#1208=VECTOR('',#5942,10.);
#1209=VECTOR('',#5943,10.);
#1210=VECTOR('',#5946,10.);
#1211=VECTOR('',#5947,10.);
#1212=VECTOR('',#5948,10.);
#1213=VECTOR('',#5951,10.);
#1214=VECTOR('',#5952,10.);
#1215=VECTOR('',#5953,10.);
#1216=VECTOR('',#5956,10.);
#1217=VECTOR('',#5957,10.);
#1218=VECTOR('',#5960,10.);
#1219=VECTOR('',#5961,10.);
#1220=VECTOR('',#5962,10.);
#1221=VECTOR('',#5965,10.);
#1222=VECTOR('',#5966,10.);
#1223=VECTOR('',#5969,10.);
#1224=VECTOR('',#5970,10.);
#1225=VECTOR('',#5971,10.);
#1226=VECTOR('',#5974,10.);
#1227=VECTOR('',#5975,10.);
#1228=VECTOR('',#5978,10.);
#1229=VECTOR('',#5983,10.);
#1230=VECTOR('',#5984,10.);
#1231=VECTOR('',#5985,10.);
#1232=VECTOR('',#5988,10.);
#1233=VECTOR('',#5989,10.);
#1234=VECTOR('',#5992,10.);
#1235=VECTOR('',#5993,10.);
#1236=VECTOR('',#5994,10.);
#1237=VECTOR('',#5997,10.);
#1238=VECTOR('',#5998,10.);
#1239=VECTOR('',#6001,10.);
#1240=VECTOR('',#6002,10.);
#1241=VECTOR('',#6005,10.);
#1242=VECTOR('',#6006,10.);
#1243=VECTOR('',#6009,10.);
#1244=VECTOR('',#6010,10.);
#1245=VECTOR('',#6013,10.);
#1246=VECTOR('',#6014,10.);
#1247=VECTOR('',#6015,10.);
#1248=VECTOR('',#6018,10.);
#1249=VECTOR('',#6019,10.);
#1250=VECTOR('',#6022,10.);
#1251=VECTOR('',#6037,10.);
#1252=VECTOR('',#6040,10.);
#1253=VECTOR('',#6043,10.);
#1254=VECTOR('',#6046,10.);
#1255=VECTOR('',#6049,10.);
#1256=VECTOR('',#6054,10.);
#1257=VECTOR('',#6057,10.);
#1258=VECTOR('',#6060,10.);
#1259=VECTOR('',#6067,2.);
#1260=VECTOR('',#6074,2.);
#1261=VECTOR('',#6081,1.99999999999998);
#1262=VECTOR('',#6088,2.);
#1263=CYLINDRICAL_SURFACE('',#4661,1.);
#1264=CYLINDRICAL_SURFACE('',#4675,1.);
#1265=CYLINDRICAL_SURFACE('',#4689,1.);
#1266=CYLINDRICAL_SURFACE('',#4703,1.);
#1267=CYLINDRICAL_SURFACE('',#4713,4.);
#1268=CYLINDRICAL_SURFACE('',#4715,4.);
#1269=CYLINDRICAL_SURFACE('',#4717,4.);
#1270=CYLINDRICAL_SURFACE('',#4720,4.);
#1271=CYLINDRICAL_SURFACE('',#4722,4.);
#1272=CYLINDRICAL_SURFACE('',#4724,4.);
#1273=CYLINDRICAL_SURFACE('',#4736,2.);
#1274=CYLINDRICAL_SURFACE('',#4749,2.);
#1275=CYLINDRICAL_SURFACE('',#4759,2.);
#1276=CYLINDRICAL_SURFACE('',#4769,2.);
#1277=CYLINDRICAL_SURFACE('',#4777,4.);
#1278=CYLINDRICAL_SURFACE('',#4778,4.);
#1279=CYLINDRICAL_SURFACE('',#4779,4.);
#1280=CYLINDRICAL_SURFACE('',#4785,4.);
#1281=CYLINDRICAL_SURFACE('',#4795,4.);
#1282=CYLINDRICAL_SURFACE('',#4800,4.);
#1283=CYLINDRICAL_SURFACE('',#4801,4.);
#1284=CYLINDRICAL_SURFACE('',#4808,4.);
#1285=CYLINDRICAL_SURFACE('',#4809,4.);
#1286=CYLINDRICAL_SURFACE('',#4812,4.);
#1287=CYLINDRICAL_SURFACE('',#4813,4.);
#1288=CYLINDRICAL_SURFACE('',#4816,4.);
#1289=CYLINDRICAL_SURFACE('',#4827,4.);
#1290=CYLINDRICAL_SURFACE('',#4971,2.);
#1291=CYLINDRICAL_SURFACE('',#4974,2.);
#1292=CYLINDRICAL_SURFACE('',#4977,1.99999999999998);
#1293=CYLINDRICAL_SURFACE('',#4980,2.);
#1294=CYLINDRICAL_SURFACE('',#4983,4.);
#1295=FACE_OUTER_BOUND('',#1558,.T.);
#1296=FACE_OUTER_BOUND('',#1559,.T.);
#1297=FACE_OUTER_BOUND('',#1560,.T.);
#1298=FACE_OUTER_BOUND('',#1561,.T.);
#1299=FACE_OUTER_BOUND('',#1562,.T.);
#1300=FACE_OUTER_BOUND('',#1563,.T.);
#1301=FACE_OUTER_BOUND('',#1564,.T.);
#1302=FACE_OUTER_BOUND('',#1565,.T.);
#1303=FACE_OUTER_BOUND('',#1566,.T.);
#1304=FACE_OUTER_BOUND('',#1567,.T.);
#1305=FACE_OUTER_BOUND('',#1568,.T.);
#1306=FACE_OUTER_BOUND('',#1569,.T.);
#1307=FACE_OUTER_BOUND('',#1570,.T.);
#1308=FACE_OUTER_BOUND('',#1571,.T.);
#1309=FACE_OUTER_BOUND('',#1572,.T.);
#1310=FACE_OUTER_BOUND('',#1573,.T.);
#1311=FACE_OUTER_BOUND('',#1574,.T.);
#1312=FACE_OUTER_BOUND('',#1575,.T.);
#1313=FACE_OUTER_BOUND('',#1576,.T.);
#1314=FACE_OUTER_BOUND('',#1577,.T.);
#1315=FACE_OUTER_BOUND('',#1578,.T.);
#1316=FACE_OUTER_BOUND('',#1579,.T.);
#1317=FACE_OUTER_BOUND('',#1580,.T.);
#1318=FACE_OUTER_BOUND('',#1581,.T.);
#1319=FACE_OUTER_BOUND('',#1582,.T.);
#1320=FACE_OUTER_BOUND('',#1588,.T.);
#1321=FACE_OUTER_BOUND('',#1589,.T.);
#1322=FACE_OUTER_BOUND('',#1590,.T.);
#1323=FACE_OUTER_BOUND('',#1591,.T.);
#1324=FACE_OUTER_BOUND('',#1592,.T.);
#1325=FACE_OUTER_BOUND('',#1593,.T.);
#1326=FACE_OUTER_BOUND('',#1594,.T.);
#1327=FACE_OUTER_BOUND('',#1595,.T.);
#1328=FACE_OUTER_BOUND('',#1596,.T.);
#1329=FACE_OUTER_BOUND('',#1597,.T.);
#1330=FACE_OUTER_BOUND('',#1598,.T.);
#1331=FACE_OUTER_BOUND('',#1599,.T.);
#1332=FACE_OUTER_BOUND('',#1600,.T.);
#1333=FACE_OUTER_BOUND('',#1601,.T.);
#1334=FACE_OUTER_BOUND('',#1602,.T.);
#1335=FACE_OUTER_BOUND('',#1603,.T.);
#1336=FACE_OUTER_BOUND('',#1604,.T.);
#1337=FACE_OUTER_BOUND('',#1605,.T.);
#1338=FACE_OUTER_BOUND('',#1606,.T.);
#1339=FACE_OUTER_BOUND('',#1607,.T.);
#1340=FACE_OUTER_BOUND('',#1622,.T.);
#1341=FACE_OUTER_BOUND('',#1623,.T.);
#1342=FACE_OUTER_BOUND('',#1624,.T.);
#1343=FACE_OUTER_BOUND('',#1625,.T.);
#1344=FACE_OUTER_BOUND('',#1626,.T.);
#1345=FACE_OUTER_BOUND('',#1627,.T.);
#1346=FACE_OUTER_BOUND('',#1628,.T.);
#1347=FACE_OUTER_BOUND('',#1629,.T.);
#1348=FACE_OUTER_BOUND('',#1630,.T.);
#1349=FACE_OUTER_BOUND('',#1631,.T.);
#1350=FACE_OUTER_BOUND('',#1632,.T.);
#1351=FACE_OUTER_BOUND('',#1633,.T.);
#1352=FACE_OUTER_BOUND('',#1634,.T.);
#1353=FACE_OUTER_BOUND('',#1635,.T.);
#1354=FACE_OUTER_BOUND('',#1636,.T.);
#1355=FACE_OUTER_BOUND('',#1637,.T.);
#1356=FACE_OUTER_BOUND('',#1638,.T.);
#1357=FACE_OUTER_BOUND('',#1639,.T.);
#1358=FACE_OUTER_BOUND('',#1640,.T.);
#1359=FACE_OUTER_BOUND('',#1641,.T.);
#1360=FACE_OUTER_BOUND('',#1642,.T.);
#1361=FACE_OUTER_BOUND('',#1643,.T.);
#1362=FACE_OUTER_BOUND('',#1644,.T.);
#1363=FACE_OUTER_BOUND('',#1645,.T.);
#1364=FACE_OUTER_BOUND('',#1646,.T.);
#1365=FACE_OUTER_BOUND('',#1647,.T.);
#1366=FACE_OUTER_BOUND('',#1648,.T.);
#1367=FACE_OUTER_BOUND('',#1649,.T.);
#1368=FACE_OUTER_BOUND('',#1650,.T.);
#1369=FACE_OUTER_BOUND('',#1651,.T.);
#1370=FACE_OUTER_BOUND('',#1652,.T.);
#1371=FACE_OUTER_BOUND('',#1653,.T.);
#1372=FACE_OUTER_BOUND('',#1654,.T.);
#1373=FACE_OUTER_BOUND('',#1655,.T.);
#1374=FACE_OUTER_BOUND('',#1656,.T.);
#1375=FACE_OUTER_BOUND('',#1657,.T.);
#1376=FACE_OUTER_BOUND('',#1658,.T.);
#1377=FACE_OUTER_BOUND('',#1659,.T.);
#1378=FACE_OUTER_BOUND('',#1660,.T.);
#1379=FACE_OUTER_BOUND('',#1661,.T.);
#1380=FACE_OUTER_BOUND('',#1662,.T.);
#1381=FACE_OUTER_BOUND('',#1663,.T.);
#1382=FACE_OUTER_BOUND('',#1664,.T.);
#1383=FACE_OUTER_BOUND('',#1665,.T.);
#1384=FACE_OUTER_BOUND('',#1666,.T.);
#1385=FACE_OUTER_BOUND('',#1667,.T.);
#1386=FACE_OUTER_BOUND('',#1668,.T.);
#1387=FACE_OUTER_BOUND('',#1669,.T.);
#1388=FACE_OUTER_BOUND('',#1670,.T.);
#1389=FACE_OUTER_BOUND('',#1671,.T.);
#1390=FACE_OUTER_BOUND('',#1672,.T.);
#1391=FACE_OUTER_BOUND('',#1673,.T.);
#1392=FACE_OUTER_BOUND('',#1674,.T.);
#1393=FACE_OUTER_BOUND('',#1675,.T.);
#1394=FACE_OUTER_BOUND('',#1676,.T.);
#1395=FACE_OUTER_BOUND('',#1677,.T.);
#1396=FACE_OUTER_BOUND('',#1678,.T.);
#1397=FACE_OUTER_BOUND('',#1679,.T.);
#1398=FACE_OUTER_BOUND('',#1680,.T.);
#1399=FACE_OUTER_BOUND('',#1681,.T.);
#1400=FACE_OUTER_BOUND('',#1682,.T.);
#1401=FACE_OUTER_BOUND('',#1684,.T.);
#1402=FACE_OUTER_BOUND('',#1685,.T.);
#1403=FACE_OUTER_BOUND('',#1686,.T.);
#1404=FACE_OUTER_BOUND('',#1687,.T.);
#1405=FACE_OUTER_BOUND('',#1688,.T.);
#1406=FACE_OUTER_BOUND('',#1689,.T.);
#1407=FACE_OUTER_BOUND('',#1690,.T.);
#1408=FACE_OUTER_BOUND('',#1691,.T.);
#1409=FACE_OUTER_BOUND('',#1692,.T.);
#1410=FACE_OUTER_BOUND('',#1693,.T.);
#1411=FACE_OUTER_BOUND('',#1694,.T.);
#1412=FACE_OUTER_BOUND('',#1695,.T.);
#1413=FACE_OUTER_BOUND('',#1696,.T.);
#1414=FACE_OUTER_BOUND('',#1697,.T.);
#1415=FACE_OUTER_BOUND('',#1698,.T.);
#1416=FACE_OUTER_BOUND('',#1699,.T.);
#1417=FACE_OUTER_BOUND('',#1700,.T.);
#1418=FACE_OUTER_BOUND('',#1701,.T.);
#1419=FACE_OUTER_BOUND('',#1702,.T.);
#1420=FACE_OUTER_BOUND('',#1703,.T.);
#1421=FACE_OUTER_BOUND('',#1704,.T.);
#1422=FACE_OUTER_BOUND('',#1705,.T.);
#1423=FACE_OUTER_BOUND('',#1706,.T.);
#1424=FACE_OUTER_BOUND('',#1707,.T.);
#1425=FACE_OUTER_BOUND('',#1708,.T.);
#1426=FACE_OUTER_BOUND('',#1709,.T.);
#1427=FACE_OUTER_BOUND('',#1710,.T.);
#1428=FACE_OUTER_BOUND('',#1711,.T.);
#1429=FACE_OUTER_BOUND('',#1712,.T.);
#1430=FACE_OUTER_BOUND('',#1714,.T.);
#1431=FACE_OUTER_BOUND('',#1715,.T.);
#1432=FACE_OUTER_BOUND('',#1716,.T.);
#1433=FACE_OUTER_BOUND('',#1717,.T.);
#1434=FACE_OUTER_BOUND('',#1718,.T.);
#1435=FACE_OUTER_BOUND('',#1719,.T.);
#1436=FACE_OUTER_BOUND('',#1720,.T.);
#1437=FACE_OUTER_BOUND('',#1721,.T.);
#1438=FACE_OUTER_BOUND('',#1722,.T.);
#1439=FACE_OUTER_BOUND('',#1723,.T.);
#1440=FACE_OUTER_BOUND('',#1724,.T.);
#1441=FACE_OUTER_BOUND('',#1725,.T.);
#1442=FACE_OUTER_BOUND('',#1726,.T.);
#1443=FACE_OUTER_BOUND('',#1727,.T.);
#1444=FACE_OUTER_BOUND('',#1728,.T.);
#1445=FACE_OUTER_BOUND('',#1729,.T.);
#1446=FACE_OUTER_BOUND('',#1730,.T.);
#1447=FACE_OUTER_BOUND('',#1731,.T.);
#1448=FACE_OUTER_BOUND('',#1732,.T.);
#1449=FACE_OUTER_BOUND('',#1733,.T.);
#1450=FACE_OUTER_BOUND('',#1734,.T.);
#1451=FACE_OUTER_BOUND('',#1735,.T.);
#1452=FACE_OUTER_BOUND('',#1736,.T.);
#1453=FACE_OUTER_BOUND('',#1737,.T.);
#1454=FACE_OUTER_BOUND('',#1738,.T.);
#1455=FACE_OUTER_BOUND('',#1739,.T.);
#1456=FACE_OUTER_BOUND('',#1740,.T.);
#1457=FACE_OUTER_BOUND('',#1741,.T.);
#1458=FACE_OUTER_BOUND('',#1742,.T.);
#1459=FACE_OUTER_BOUND('',#1743,.T.);
#1460=FACE_OUTER_BOUND('',#1744,.T.);
#1461=FACE_OUTER_BOUND('',#1745,.T.);
#1462=FACE_OUTER_BOUND('',#1746,.T.);
#1463=FACE_OUTER_BOUND('',#1747,.T.);
#1464=FACE_OUTER_BOUND('',#1748,.T.);
#1465=FACE_OUTER_BOUND('',#1749,.T.);
#1466=FACE_OUTER_BOUND('',#1750,.T.);
#1467=FACE_OUTER_BOUND('',#1751,.T.);
#1468=FACE_OUTER_BOUND('',#1752,.T.);
#1469=FACE_OUTER_BOUND('',#1753,.T.);
#1470=FACE_OUTER_BOUND('',#1754,.T.);
#1471=FACE_OUTER_BOUND('',#1755,.T.);
#1472=FACE_OUTER_BOUND('',#1756,.T.);
#1473=FACE_OUTER_BOUND('',#1757,.T.);
#1474=FACE_OUTER_BOUND('',#1758,.T.);
#1475=FACE_OUTER_BOUND('',#1759,.T.);
#1476=FACE_OUTER_BOUND('',#1760,.T.);
#1477=FACE_OUTER_BOUND('',#1761,.T.);
#1478=FACE_OUTER_BOUND('',#1762,.T.);
#1479=FACE_OUTER_BOUND('',#1763,.T.);
#1480=FACE_OUTER_BOUND('',#1764,.T.);
#1481=FACE_OUTER_BOUND('',#1765,.T.);
#1482=FACE_OUTER_BOUND('',#1766,.T.);
#1483=FACE_OUTER_BOUND('',#1767,.T.);
#1484=FACE_OUTER_BOUND('',#1768,.T.);
#1485=FACE_OUTER_BOUND('',#1769,.T.);
#1486=FACE_OUTER_BOUND('',#1770,.T.);
#1487=FACE_OUTER_BOUND('',#1771,.T.);
#1488=FACE_OUTER_BOUND('',#1772,.T.);
#1489=FACE_OUTER_BOUND('',#1773,.T.);
#1490=FACE_OUTER_BOUND('',#1774,.T.);
#1491=FACE_OUTER_BOUND('',#1775,.T.);
#1492=FACE_OUTER_BOUND('',#1776,.T.);
#1493=FACE_OUTER_BOUND('',#1777,.T.);
#1494=FACE_OUTER_BOUND('',#1778,.T.);
#1495=FACE_OUTER_BOUND('',#1779,.T.);
#1496=FACE_OUTER_BOUND('',#1780,.T.);
#1497=FACE_OUTER_BOUND('',#1781,.T.);
#1498=FACE_OUTER_BOUND('',#1782,.T.);
#1499=FACE_OUTER_BOUND('',#1783,.T.);
#1500=FACE_OUTER_BOUND('',#1784,.T.);
#1501=FACE_OUTER_BOUND('',#1785,.T.);
#1502=FACE_OUTER_BOUND('',#1786,.T.);
#1503=FACE_OUTER_BOUND('',#1788,.T.);
#1504=FACE_OUTER_BOUND('',#1789,.T.);
#1505=FACE_OUTER_BOUND('',#1790,.T.);
#1506=FACE_OUTER_BOUND('',#1791,.T.);
#1507=FACE_OUTER_BOUND('',#1792,.T.);
#1508=FACE_OUTER_BOUND('',#1795,.T.);
#1509=FACE_OUTER_BOUND('',#1796,.T.);
#1510=FACE_OUTER_BOUND('',#1797,.T.);
#1511=FACE_OUTER_BOUND('',#1798,.T.);
#1512=FACE_OUTER_BOUND('',#1799,.T.);
#1513=FACE_OUTER_BOUND('',#1800,.T.);
#1514=FACE_OUTER_BOUND('',#1801,.T.);
#1515=FACE_OUTER_BOUND('',#1802,.T.);
#1516=FACE_OUTER_BOUND('',#1803,.T.);
#1517=FACE_OUTER_BOUND('',#1804,.T.);
#1518=FACE_OUTER_BOUND('',#1805,.T.);
#1519=FACE_OUTER_BOUND('',#1807,.T.);
#1520=FACE_OUTER_BOUND('',#1808,.T.);
#1521=FACE_OUTER_BOUND('',#1809,.T.);
#1522=FACE_OUTER_BOUND('',#1810,.T.);
#1523=FACE_OUTER_BOUND('',#1811,.T.);
#1524=FACE_OUTER_BOUND('',#1812,.T.);
#1525=FACE_OUTER_BOUND('',#1813,.T.);
#1526=FACE_OUTER_BOUND('',#1814,.T.);
#1527=FACE_OUTER_BOUND('',#1815,.T.);
#1528=FACE_OUTER_BOUND('',#1816,.T.);
#1529=FACE_OUTER_BOUND('',#1817,.T.);
#1530=FACE_OUTER_BOUND('',#1818,.T.);
#1531=FACE_OUTER_BOUND('',#1819,.T.);
#1532=FACE_OUTER_BOUND('',#1820,.T.);
#1533=FACE_OUTER_BOUND('',#1821,.T.);
#1534=FACE_OUTER_BOUND('',#1822,.T.);
#1535=FACE_OUTER_BOUND('',#1823,.T.);
#1536=FACE_OUTER_BOUND('',#1824,.T.);
#1537=FACE_OUTER_BOUND('',#1825,.T.);
#1538=FACE_OUTER_BOUND('',#1826,.T.);
#1539=FACE_OUTER_BOUND('',#1827,.T.);
#1540=FACE_OUTER_BOUND('',#1828,.T.);
#1541=FACE_OUTER_BOUND('',#1829,.T.);
#1542=FACE_OUTER_BOUND('',#1830,.T.);
#1543=FACE_OUTER_BOUND('',#1831,.T.);
#1544=FACE_OUTER_BOUND('',#1832,.T.);
#1545=FACE_OUTER_BOUND('',#1833,.T.);
#1546=FACE_OUTER_BOUND('',#1834,.T.);
#1547=FACE_OUTER_BOUND('',#1835,.T.);
#1548=FACE_OUTER_BOUND('',#1836,.T.);
#1549=FACE_OUTER_BOUND('',#1837,.T.);
#1550=FACE_OUTER_BOUND('',#1838,.T.);
#1551=FACE_OUTER_BOUND('',#1839,.T.);
#1552=FACE_OUTER_BOUND('',#1840,.T.);
#1553=FACE_OUTER_BOUND('',#1841,.T.);
#1554=FACE_OUTER_BOUND('',#1842,.T.);
#1555=FACE_OUTER_BOUND('',#1843,.T.);
#1556=FACE_OUTER_BOUND('',#1844,.T.);
#1557=FACE_OUTER_BOUND('',#1845,.T.);
#1558=EDGE_LOOP('',(#3030,#3031,#3032,#3033));
#1559=EDGE_LOOP('',(#3034,#3035,#3036,#3037));
#1560=EDGE_LOOP('',(#3038,#3039,#3040,#3041));
#1561=EDGE_LOOP('',(#3042,#3043,#3044,#3045));
#1562=EDGE_LOOP('',(#3046,#3047,#3048,#3049));
#1563=EDGE_LOOP('',(#3050,#3051,#3052,#3053));
#1564=EDGE_LOOP('',(#3054,#3055,#3056,#3057));
#1565=EDGE_LOOP('',(#3058,#3059,#3060,#3061));
#1566=EDGE_LOOP('',(#3062,#3063,#3064,#3065));
#1567=EDGE_LOOP('',(#3066,#3067,#3068,#3069));
#1568=EDGE_LOOP('',(#3070,#3071,#3072,#3073));
#1569=EDGE_LOOP('',(#3074,#3075,#3076,#3077));
#1570=EDGE_LOOP('',(#3078,#3079,#3080,#3081));
#1571=EDGE_LOOP('',(#3082,#3083,#3084,#3085));
#1572=EDGE_LOOP('',(#3086,#3087,#3088,#3089));
#1573=EDGE_LOOP('',(#3090,#3091,#3092,#3093));
#1574=EDGE_LOOP('',(#3094,#3095,#3096,#3097));
#1575=EDGE_LOOP('',(#3098,#3099,#3100,#3101));
#1576=EDGE_LOOP('',(#3102,#3103,#3104,#3105));
#1577=EDGE_LOOP('',(#3106,#3107,#3108,#3109));
#1578=EDGE_LOOP('',(#3110,#3111,#3112,#3113));
#1579=EDGE_LOOP('',(#3114,#3115,#3116,#3117));
#1580=EDGE_LOOP('',(#3118,#3119,#3120,#3121));
#1581=EDGE_LOOP('',(#3122,#3123,#3124,#3125));
#1582=EDGE_LOOP('',(#3126,#3127,#3128,#3129,#3130,#3131,#3132,#3133,#3134,
#3135,#3136,#3137,#3138,#3139,#3140,#3141));
#1583=EDGE_LOOP('',(#3142));
#1584=EDGE_LOOP('',(#3143));
#1585=EDGE_LOOP('',(#3144));
#1586=EDGE_LOOP('',(#3145));
#1587=EDGE_LOOP('',(#3146,#3147,#3148,#3149,#3150,#3151,#3152,#3153,#3154,
#3155,#3156,#3157));
#1588=EDGE_LOOP('',(#3158,#3159,#3160,#3161));
#1589=EDGE_LOOP('',(#3162,#3163,#3164,#3165));
#1590=EDGE_LOOP('',(#3166,#3167,#3168,#3169));
#1591=EDGE_LOOP('',(#3170,#3171,#3172,#3173));
#1592=EDGE_LOOP('',(#3174,#3175,#3176,#3177));
#1593=EDGE_LOOP('',(#3178,#3179,#3180,#3181));
#1594=EDGE_LOOP('',(#3182,#3183,#3184,#3185));
#1595=EDGE_LOOP('',(#3186,#3187,#3188,#3189));
#1596=EDGE_LOOP('',(#3190,#3191,#3192,#3193));
#1597=EDGE_LOOP('',(#3194,#3195,#3196,#3197));
#1598=EDGE_LOOP('',(#3198,#3199,#3200,#3201));
#1599=EDGE_LOOP('',(#3202,#3203,#3204,#3205));
#1600=EDGE_LOOP('',(#3206,#3207,#3208,#3209));
#1601=EDGE_LOOP('',(#3210,#3211,#3212,#3213));
#1602=EDGE_LOOP('',(#3214,#3215,#3216,#3217));
#1603=EDGE_LOOP('',(#3218,#3219,#3220,#3221));
#1604=EDGE_LOOP('',(#3222,#3223,#3224,#3225));
#1605=EDGE_LOOP('',(#3226,#3227,#3228,#3229));
#1606=EDGE_LOOP('',(#3230,#3231,#3232,#3233));
#1607=EDGE_LOOP('',(#3234,#3235,#3236,#3237,#3238,#3239,#3240,#3241,#3242,
#3243,#3244,#3245,#3246,#3247,#3248,#3249));
#1608=EDGE_LOOP('',(#3250,#3251,#3252,#3253,#3254,#3255,#3256,#3257,#3258,
#3259,#3260,#3261));
#1609=EDGE_LOOP('',(#3262,#3263,#3264,#3265,#3266,#3267));
#1610=EDGE_LOOP('',(#3268,#3269));
#1611=EDGE_LOOP('',(#3270,#3271,#3272,#3273,#3274,#3275,#3276,#3277,#3278));
#1612=EDGE_LOOP('',(#3279,#3280,#3281,#3282,#3283,#3284,#3285,#3286,#3287,
#3288,#3289,#3290,#3291,#3292,#3293,#3294,#3295,#3296,#3297,#3298,#3299,
#3300,#3301,#3302,#3303));
#1613=EDGE_LOOP('',(#3304,#3305,#3306,#3307));
#1614=EDGE_LOOP('',(#3308,#3309,#3310,#3311,#3312,#3313,#3314,#3315,#3316,
#3317));
#1615=EDGE_LOOP('',(#3318,#3319,#3320,#3321,#3322,#3323,#3324,#3325,#3326,
#3327,#3328,#3329,#3330));
#1616=EDGE_LOOP('',(#3331));
#1617=EDGE_LOOP('',(#3332,#3333,#3334,#3335,#3336,#3337,#3338,#3339,#3340,
#3341,#3342,#3343));
#1618=EDGE_LOOP('',(#3344,#3345,#3346,#3347,#3348,#3349,#3350,#3351,#3352,
#3353,#3354,#3355));
#1619=EDGE_LOOP('',(#3356,#3357,#3358,#3359,#3360,#3361,#3362,#3363,#3364,
#3365,#3366));
#1620=EDGE_LOOP('',(#3367,#3368,#3369,#3370,#3371,#3372,#3373,#3374));
#1621=EDGE_LOOP('',(#3375,#3376,#3377,#3378,#3379,#3380,#3381,#3382,#3383,
#3384));
#1622=EDGE_LOOP('',(#3385,#3386,#3387,#3388));
#1623=EDGE_LOOP('',(#3389,#3390,#3391,#3392));
#1624=EDGE_LOOP('',(#3393,#3394,#3395));
#1625=EDGE_LOOP('',(#3396,#3397,#3398));
#1626=EDGE_LOOP('',(#3399,#3400,#3401,#3402));
#1627=EDGE_LOOP('',(#3403,#3404,#3405));
#1628=EDGE_LOOP('',(#3406,#3407,#3408,#3409));
#1629=EDGE_LOOP('',(#3410,#3411,#3412,#3413,#3414));
#1630=EDGE_LOOP('',(#3415,#3416,#3417));
#1631=EDGE_LOOP('',(#3418,#3419,#3420,#3421));
#1632=EDGE_LOOP('',(#3422,#3423,#3424,#3425,#3426));
#1633=EDGE_LOOP('',(#3427,#3428,#3429,#3430));
#1634=EDGE_LOOP('',(#3431,#3432,#3433,#3434,#3435));
#1635=EDGE_LOOP('',(#3436,#3437,#3438,#3439,#3440));
#1636=EDGE_LOOP('',(#3441,#3442,#3443,#3444,#3445));
#1637=EDGE_LOOP('',(#3446,#3447,#3448,#3449,#3450,#3451,#3452,#3453));
#1638=EDGE_LOOP('',(#3454,#3455,#3456,#3457,#3458,#3459));
#1639=EDGE_LOOP('',(#3460,#3461,#3462,#3463,#3464));
#1640=EDGE_LOOP('',(#3465,#3466,#3467,#3468));
#1641=EDGE_LOOP('',(#3469,#3470,#3471,#3472,#3473,#3474));
#1642=EDGE_LOOP('',(#3475,#3476,#3477,#3478));
#1643=EDGE_LOOP('',(#3479,#3480,#3481,#3482));
#1644=EDGE_LOOP('',(#3483,#3484,#3485,#3486));
#1645=EDGE_LOOP('',(#3487,#3488,#3489,#3490,#3491));
#1646=EDGE_LOOP('',(#3492,#3493,#3494,#3495,#3496));
#1647=EDGE_LOOP('',(#3497,#3498,#3499,#3500,#3501,#3502,#3503,#3504));
#1648=EDGE_LOOP('',(#3505,#3506,#3507,#3508));
#1649=EDGE_LOOP('',(#3509,#3510,#3511,#3512));
#1650=EDGE_LOOP('',(#3513,#3514,#3515,#3516));
#1651=EDGE_LOOP('',(#3517,#3518,#3519,#3520));
#1652=EDGE_LOOP('',(#3521,#3522,#3523,#3524));
#1653=EDGE_LOOP('',(#3525,#3526,#3527,#3528));
#1654=EDGE_LOOP('',(#3529,#3530,#3531,#3532));
#1655=EDGE_LOOP('',(#3533,#3534,#3535,#3536));
#1656=EDGE_LOOP('',(#3537,#3538,#3539,#3540));
#1657=EDGE_LOOP('',(#3541,#3542,#3543,#3544));
#1658=EDGE_LOOP('',(#3545,#3546,#3547,#3548,#3549,#3550,#3551,#3552,#3553,
#3554));
#1659=EDGE_LOOP('',(#3555,#3556,#3557,#3558));
#1660=EDGE_LOOP('',(#3559,#3560,#3561,#3562));
#1661=EDGE_LOOP('',(#3563,#3564,#3565,#3566));
#1662=EDGE_LOOP('',(#3567,#3568,#3569,#3570));
#1663=EDGE_LOOP('',(#3571,#3572,#3573,#3574));
#1664=EDGE_LOOP('',(#3575,#3576,#3577,#3578));
#1665=EDGE_LOOP('',(#3579,#3580,#3581,#3582));
#1666=EDGE_LOOP('',(#3583,#3584,#3585,#3586));
#1667=EDGE_LOOP('',(#3587,#3588,#3589,#3590,#3591,#3592,#3593,#3594));
#1668=EDGE_LOOP('',(#3595,#3596,#3597,#3598));
#1669=EDGE_LOOP('',(#3599,#3600,#3601,#3602));
#1670=EDGE_LOOP('',(#3603,#3604,#3605,#3606));
#1671=EDGE_LOOP('',(#3607,#3608,#3609,#3610));
#1672=EDGE_LOOP('',(#3611,#3612,#3613,#3614));
#1673=EDGE_LOOP('',(#3615,#3616,#3617,#3618));
#1674=EDGE_LOOP('',(#3619,#3620,#3621,#3622));
#1675=EDGE_LOOP('',(#3623,#3624,#3625,#3626));
#1676=EDGE_LOOP('',(#3627,#3628,#3629,#3630));
#1677=EDGE_LOOP('',(#3631,#3632,#3633,#3634));
#1678=EDGE_LOOP('',(#3635,#3636,#3637,#3638));
#1679=EDGE_LOOP('',(#3639,#3640,#3641,#3642));
#1680=EDGE_LOOP('',(#3643,#3644,#3645,#3646));
#1681=EDGE_LOOP('',(#3647,#3648,#3649,#3650));
#1682=EDGE_LOOP('',(#3651,#3652,#3653,#3654,#3655,#3656,#3657,#3658,#3659,
#3660,#3661));
#1683=EDGE_LOOP('',(#3662,#3663,#3664));
#1684=EDGE_LOOP('',(#3665,#3666,#3667,#3668));
#1685=EDGE_LOOP('',(#3669,#3670,#3671,#3672));
#1686=EDGE_LOOP('',(#3673,#3674,#3675,#3676));
#1687=EDGE_LOOP('',(#3677,#3678,#3679,#3680));
#1688=EDGE_LOOP('',(#3681,#3682,#3683,#3684));
#1689=EDGE_LOOP('',(#3685,#3686,#3687,#3688));
#1690=EDGE_LOOP('',(#3689,#3690,#3691,#3692));
#1691=EDGE_LOOP('',(#3693,#3694,#3695,#3696));
#1692=EDGE_LOOP('',(#3697,#3698,#3699,#3700));
#1693=EDGE_LOOP('',(#3701,#3702,#3703,#3704));
#1694=EDGE_LOOP('',(#3705,#3706,#3707,#3708));
#1695=EDGE_LOOP('',(#3709,#3710,#3711,#3712));
#1696=EDGE_LOOP('',(#3713,#3714,#3715,#3716,#3717,#3718,#3719,#3720,#3721,
#3722,#3723,#3724));
#1697=EDGE_LOOP('',(#3725,#3726,#3727,#3728));
#1698=EDGE_LOOP('',(#3729,#3730,#3731,#3732));
#1699=EDGE_LOOP('',(#3733,#3734,#3735,#3736));
#1700=EDGE_LOOP('',(#3737,#3738,#3739,#3740));
#1701=EDGE_LOOP('',(#3741,#3742,#3743,#3744));
#1702=EDGE_LOOP('',(#3745,#3746,#3747,#3748));
#1703=EDGE_LOOP('',(#3749,#3750,#3751,#3752));
#1704=EDGE_LOOP('',(#3753,#3754,#3755,#3756));
#1705=EDGE_LOOP('',(#3757,#3758,#3759,#3760));
#1706=EDGE_LOOP('',(#3761,#3762,#3763,#3764));
#1707=EDGE_LOOP('',(#3765,#3766,#3767,#3768));
#1708=EDGE_LOOP('',(#3769,#3770,#3771,#3772));
#1709=EDGE_LOOP('',(#3773,#3774,#3775,#3776,#3777,#3778,#3779,#3780,#3781,
#3782,#3783,#3784));
#1710=EDGE_LOOP('',(#3785,#3786,#3787,#3788));
#1711=EDGE_LOOP('',(#3789,#3790,#3791,#3792));
#1712=EDGE_LOOP('',(#3793));
#1713=EDGE_LOOP('',(#3794));
#1714=EDGE_LOOP('',(#3795,#3796,#3797,#3798));
#1715=EDGE_LOOP('',(#3799,#3800,#3801,#3802));
#1716=EDGE_LOOP('',(#3803,#3804,#3805,#3806));
#1717=EDGE_LOOP('',(#3807,#3808,#3809,#3810));
#1718=EDGE_LOOP('',(#3811,#3812,#3813,#3814));
#1719=EDGE_LOOP('',(#3815,#3816,#3817,#3818));
#1720=EDGE_LOOP('',(#3819,#3820,#3821,#3822));
#1721=EDGE_LOOP('',(#3823,#3824,#3825,#3826));
#1722=EDGE_LOOP('',(#3827,#3828,#3829,#3830));
#1723=EDGE_LOOP('',(#3831,#3832,#3833,#3834));
#1724=EDGE_LOOP('',(#3835,#3836,#3837,#3838));
#1725=EDGE_LOOP('',(#3839,#3840,#3841,#3842));
#1726=EDGE_LOOP('',(#3843,#3844,#3845,#3846));
#1727=EDGE_LOOP('',(#3847,#3848,#3849,#3850,#3851,#3852,#3853,#3854,#3855,
#3856,#3857,#3858,#3859));
#1728=EDGE_LOOP('',(#3860,#3861,#3862,#3863));
#1729=EDGE_LOOP('',(#3864,#3865,#3866,#3867));
#1730=EDGE_LOOP('',(#3868,#3869,#3870,#3871));
#1731=EDGE_LOOP('',(#3872,#3873,#3874,#3875));
#1732=EDGE_LOOP('',(#3876,#3877,#3878,#3879));
#1733=EDGE_LOOP('',(#3880,#3881,#3882,#3883));
#1734=EDGE_LOOP('',(#3884,#3885,#3886,#3887));
#1735=EDGE_LOOP('',(#3888,#3889,#3890,#3891));
#1736=EDGE_LOOP('',(#3892,#3893,#3894,#3895));
#1737=EDGE_LOOP('',(#3896,#3897,#3898,#3899));
#1738=EDGE_LOOP('',(#3900,#3901,#3902,#3903,#3904,#3905,#3906,#3907,#3908,
#3909));
#1739=EDGE_LOOP('',(#3910,#3911,#3912,#3913));
#1740=EDGE_LOOP('',(#3914,#3915,#3916,#3917));
#1741=EDGE_LOOP('',(#3918,#3919,#3920,#3921));
#1742=EDGE_LOOP('',(#3922,#3923,#3924,#3925));
#1743=EDGE_LOOP('',(#3926,#3927,#3928,#3929));
#1744=EDGE_LOOP('',(#3930,#3931,#3932,#3933));
#1745=EDGE_LOOP('',(#3934,#3935,#3936,#3937));
#1746=EDGE_LOOP('',(#3938,#3939,#3940,#3941));
#1747=EDGE_LOOP('',(#3942,#3943,#3944,#3945));
#1748=EDGE_LOOP('',(#3946,#3947,#3948,#3949));
#1749=EDGE_LOOP('',(#3950,#3951,#3952,#3953));
#1750=EDGE_LOOP('',(#3954,#3955,#3956,#3957));
#1751=EDGE_LOOP('',(#3958,#3959,#3960,#3961));
#1752=EDGE_LOOP('',(#3962,#3963,#3964,#3965));
#1753=EDGE_LOOP('',(#3966,#3967,#3968,#3969));
#1754=EDGE_LOOP('',(#3970,#3971,#3972,#3973));
#1755=EDGE_LOOP('',(#3974,#3975,#3976,#3977));
#1756=EDGE_LOOP('',(#3978,#3979,#3980,#3981));
#1757=EDGE_LOOP('',(#3982,#3983,#3984,#3985));
#1758=EDGE_LOOP('',(#3986,#3987,#3988,#3989));
#1759=EDGE_LOOP('',(#3990,#3991,#3992,#3993));
#1760=EDGE_LOOP('',(#3994,#3995,#3996,#3997));
#1761=EDGE_LOOP('',(#3998,#3999,#4000,#4001));
#1762=EDGE_LOOP('',(#4002,#4003,#4004,#4005));
#1763=EDGE_LOOP('',(#4006,#4007,#4008,#4009));
#1764=EDGE_LOOP('',(#4010,#4011,#4012,#4013));
#1765=EDGE_LOOP('',(#4014,#4015,#4016,#4017));
#1766=EDGE_LOOP('',(#4018,#4019,#4020,#4021));
#1767=EDGE_LOOP('',(#4022,#4023,#4024,#4025));
#1768=EDGE_LOOP('',(#4026,#4027,#4028,#4029));
#1769=EDGE_LOOP('',(#4030,#4031,#4032,#4033,#4034,#4035,#4036,#4037,#4038,
#4039,#4040,#4041,#4042,#4043,#4044,#4045,#4046,#4047,#4048,#4049,#4050,
#4051,#4052,#4053,#4054));
#1770=EDGE_LOOP('',(#4055,#4056,#4057,#4058));
#1771=EDGE_LOOP('',(#4059,#4060,#4061,#4062));
#1772=EDGE_LOOP('',(#4063,#4064,#4065,#4066));
#1773=EDGE_LOOP('',(#4067,#4068,#4069,#4070));
#1774=EDGE_LOOP('',(#4071,#4072,#4073,#4074));
#1775=EDGE_LOOP('',(#4075,#4076,#4077,#4078));
#1776=EDGE_LOOP('',(#4079,#4080,#4081,#4082));
#1777=EDGE_LOOP('',(#4083,#4084,#4085,#4086));
#1778=EDGE_LOOP('',(#4087,#4088,#4089,#4090));
#1779=EDGE_LOOP('',(#4091,#4092,#4093,#4094));
#1780=EDGE_LOOP('',(#4095,#4096,#4097,#4098));
#1781=EDGE_LOOP('',(#4099,#4100,#4101,#4102));
#1782=EDGE_LOOP('',(#4103,#4104,#4105,#4106));
#1783=EDGE_LOOP('',(#4107,#4108,#4109,#4110));
#1784=EDGE_LOOP('',(#4111,#4112,#4113,#4114));
#1785=EDGE_LOOP('',(#4115,#4116,#4117,#4118));
#1786=EDGE_LOOP('',(#4119,#4120,#4121,#4122,#4123,#4124,#4125,#4126,#4127));
#1787=EDGE_LOOP('',(#4128,#4129,#4130,#4131,#4132,#4133,#4134));
#1788=EDGE_LOOP('',(#4135,#4136,#4137,#4138));
#1789=EDGE_LOOP('',(#4139,#4140,#4141,#4142));
#1790=EDGE_LOOP('',(#4143,#4144,#4145,#4146));
#1791=EDGE_LOOP('',(#4147,#4148,#4149,#4150));
#1792=EDGE_LOOP('',(#4151,#4152));
#1793=EDGE_LOOP('',(#4153));
#1794=EDGE_LOOP('',(#4154));
#1795=EDGE_LOOP('',(#4155,#4156,#4157,#4158));
#1796=EDGE_LOOP('',(#4159,#4160,#4161,#4162));
#1797=EDGE_LOOP('',(#4163,#4164,#4165,#4166));
#1798=EDGE_LOOP('',(#4167,#4168,#4169,#4170));
#1799=EDGE_LOOP('',(#4171,#4172,#4173,#4174));
#1800=EDGE_LOOP('',(#4175,#4176,#4177,#4178));
#1801=EDGE_LOOP('',(#4179,#4180,#4181,#4182));
#1802=EDGE_LOOP('',(#4183,#4184,#4185,#4186));
#1803=EDGE_LOOP('',(#4187,#4188,#4189,#4190));
#1804=EDGE_LOOP('',(#4191,#4192,#4193,#4194));
#1805=EDGE_LOOP('',(#4195,#4196,#4197,#4198,#4199,#4200));
#1806=EDGE_LOOP('',(#4201,#4202,#4203,#4204));
#1807=EDGE_LOOP('',(#4205,#4206,#4207,#4208));
#1808=EDGE_LOOP('',(#4209,#4210,#4211,#4212));
#1809=EDGE_LOOP('',(#4213,#4214,#4215,#4216));
#1810=EDGE_LOOP('',(#4217,#4218,#4219,#4220));
#1811=EDGE_LOOP('',(#4221,#4222,#4223,#4224));
#1812=EDGE_LOOP('',(#4225,#4226,#4227,#4228));
#1813=EDGE_LOOP('',(#4229,#4230,#4231,#4232));
#1814=EDGE_LOOP('',(#4233,#4234,#4235,#4236));
#1815=EDGE_LOOP('',(#4237,#4238,#4239,#4240));
#1816=EDGE_LOOP('',(#4241,#4242,#4243,#4244));
#1817=EDGE_LOOP('',(#4245,#4246,#4247,#4248));
#1818=EDGE_LOOP('',(#4249,#4250,#4251,#4252));
#1819=EDGE_LOOP('',(#4253,#4254,#4255,#4256,#4257,#4258,#4259,#4260,#4261,
#4262,#4263,#4264));
#1820=EDGE_LOOP('',(#4265,#4266,#4267,#4268));
#1821=EDGE_LOOP('',(#4269));
#1822=EDGE_LOOP('',(#4270));
#1823=EDGE_LOOP('',(#4271,#4272,#4273,#4274,#4275,#4276,#4277));
#1824=EDGE_LOOP('',(#4278));
#1825=EDGE_LOOP('',(#4279,#4280,#4281,#4282));
#1826=EDGE_LOOP('',(#4283,#4284,#4285,#4286));
#1827=EDGE_LOOP('',(#4287,#4288,#4289,#4290));
#1828=EDGE_LOOP('',(#4291,#4292,#4293,#4294));
#1829=EDGE_LOOP('',(#4295,#4296,#4297,#4298));
#1830=EDGE_LOOP('',(#4299,#4300,#4301,#4302));
#1831=EDGE_LOOP('',(#4303,#4304,#4305,#4306));
#1832=EDGE_LOOP('',(#4307,#4308,#4309,#4310));
#1833=EDGE_LOOP('',(#4311,#4312,#4313,#4314));
#1834=EDGE_LOOP('',(#4315,#4316,#4317,#4318));
#1835=EDGE_LOOP('',(#4319,#4320,#4321,#4322));
#1836=EDGE_LOOP('',(#4323,#4324,#4325,#4326));
#1837=EDGE_LOOP('',(#4327));
#1838=EDGE_LOOP('',(#4328,#4329,#4330,#4331));
#1839=EDGE_LOOP('',(#4332));
#1840=EDGE_LOOP('',(#4333,#4334,#4335,#4336));
#1841=EDGE_LOOP('',(#4337));
#1842=EDGE_LOOP('',(#4338,#4339,#4340,#4341));
#1843=EDGE_LOOP('',(#4342));
#1844=EDGE_LOOP('',(#4343,#4344,#4345,#4346));
#1845=EDGE_LOOP('',(#4347,#4348,#4349));
#1846=CIRCLE('',#4657,1.);
#1847=CIRCLE('',#4658,5.);
#1848=CIRCLE('',#4659,1.);
#1849=CIRCLE('',#4660,4.);
#1850=CIRCLE('',#4662,1.);
#1851=CIRCLE('',#4664,1.);
#1852=CIRCLE('',#4665,4.);
#1853=CIRCLE('',#4666,5.);
#1854=CIRCLE('',#4668,1.);
#1855=CIRCLE('',#4669,4.);
#1856=CIRCLE('',#4670,3.);
#1857=CIRCLE('',#4672,1.);
#1858=CIRCLE('',#4673,4.);
#1859=CIRCLE('',#4674,5.);
#1860=CIRCLE('',#4676,1.);
#1861=CIRCLE('',#4678,1.);
#1862=CIRCLE('',#4679,4.);
#1863=CIRCLE('',#4680,5.);
#1864=CIRCLE('',#4682,1.);
#1865=CIRCLE('',#4683,4.);
#1866=CIRCLE('',#4684,3.);
#1867=CIRCLE('',#4686,1.);
#1868=CIRCLE('',#4687,4.);
#1869=CIRCLE('',#4688,5.);
#1870=CIRCLE('',#4690,1.);
#1871=CIRCLE('',#4692,1.);
#1872=CIRCLE('',#4693,4.);
#1873=CIRCLE('',#4694,5.);
#1874=CIRCLE('',#4696,1.);
#1875=CIRCLE('',#4697,4.);
#1876=CIRCLE('',#4698,3.);
#1877=CIRCLE('',#4700,1.);
#1878=CIRCLE('',#4701,4.);
#1879=CIRCLE('',#4702,5.);
#1880=CIRCLE('',#4704,1.);
#1881=CIRCLE('',#4706,1.);
#1882=CIRCLE('',#4707,4.);
#1883=CIRCLE('',#4708,5.);
#1884=CIRCLE('',#4710,3.);
#1885=CIRCLE('',#4711,4.);
#1886=CIRCLE('',#4714,4.);
#1887=CIRCLE('',#4716,4.);
#1888=CIRCLE('',#4718,4.);
#1889=CIRCLE('',#4721,4.);
#1890=CIRCLE('',#4723,4.);
#1891=CIRCLE('',#4725,4.);
#1892=CIRCLE('',#4727,2.);
#1893=CIRCLE('',#4728,1.99999999999998);
#1894=CIRCLE('',#4729,2.);
#1895=CIRCLE('',#4730,2.);
#1896=CIRCLE('',#4732,2.);
#1897=CIRCLE('',#4733,6.);
#1898=CIRCLE('',#4734,2.);
#1899=CIRCLE('',#4735,4.);
#1900=CIRCLE('',#4737,2.);
#1901=CIRCLE('',#4739,2.);
#1902=CIRCLE('',#4740,4.);
#1903=CIRCLE('',#4741,6.);
#1904=CIRCLE('',#4742,2.);
#1905=CIRCLE('',#4743,4.);
#1906=CIRCLE('',#4744,2.);
#1907=CIRCLE('',#4746,2.);
#1908=CIRCLE('',#4747,4.);
#1909=CIRCLE('',#4748,6.);
#1910=CIRCLE('',#4750,2.);
#1911=CIRCLE('',#4752,2.);
#1912=CIRCLE('',#4753,6.);
#1913=CIRCLE('',#4754,2.);
#1914=CIRCLE('',#4755,2.);
#1915=CIRCLE('',#4757,2.);
#1916=CIRCLE('',#4758,6.);
#1917=CIRCLE('',#4760,2.);
#1918=CIRCLE('',#4762,2.);
#1919=CIRCLE('',#4763,6.);
#1920=CIRCLE('',#4764,2.);
#1921=CIRCLE('',#4765,2.);
#1922=CIRCLE('',#4767,2.);
#1923=CIRCLE('',#4768,6.);
#1924=CIRCLE('',#4770,2.);
#1925=CIRCLE('',#4772,2.);
#1926=CIRCLE('',#4773,4.);
#1927=CIRCLE('',#4774,6.);
#1928=CIRCLE('',#4775,2.);
#1929=CIRCLE('',#4776,4.);
#1930=CIRCLE('',#4788,4.);
#1931=CIRCLE('',#4789,4.);
#1932=CIRCLE('',#4790,4.);
#1933=CIRCLE('',#4792,4.00000000000001);
#1934=CIRCLE('',#4793,4.);
#1935=CIRCLE('',#4794,3.99999999999999);
#1936=CIRCLE('',#4797,4.);
#1937=CIRCLE('',#4798,4.);
#1938=CIRCLE('',#4799,4.);
#1939=CIRCLE('',#4805,4.);
#1940=CIRCLE('',#4806,4.);
#1941=CIRCLE('',#4807,4.);
#1942=CIRCLE('',#4972,2.);
#1943=CIRCLE('',#4975,2.);
#1944=CIRCLE('',#4978,1.99999999999998);
#1945=CIRCLE('',#4981,2.);
#1946=VERTEX_POINT('',#6099);
#1947=VERTEX_POINT('',#6100);
#1948=VERTEX_POINT('',#6102);
#1949=VERTEX_POINT('',#6104);
#1950=VERTEX_POINT('',#6108);
#1951=VERTEX_POINT('',#6109);
#1952=VERTEX_POINT('',#6114);
#1953=VERTEX_POINT('',#6115);
#1954=VERTEX_POINT('',#6120);
#1955=VERTEX_POINT('',#6121);
#1956=VERTEX_POINT('',#6126);
#1957=VERTEX_POINT('',#6127);
#1958=VERTEX_POINT('',#6132);
#1959=VERTEX_POINT('',#6133);
#1960=VERTEX_POINT('',#6138);
#1961=VERTEX_POINT('',#6139);
#1962=VERTEX_POINT('',#6144);
#1963=VERTEX_POINT('',#6145);
#1964=VERTEX_POINT('',#6150);
#1965=VERTEX_POINT('',#6151);
#1966=VERTEX_POINT('',#6156);
#1967=VERTEX_POINT('',#6157);
#1968=VERTEX_POINT('',#6162);
#1969=VERTEX_POINT('',#6163);
#1970=VERTEX_POINT('',#6168);
#1971=VERTEX_POINT('',#6169);
#1972=VERTEX_POINT('',#6174);
#1973=VERTEX_POINT('',#6175);
#1974=VERTEX_POINT('',#6180);
#1975=VERTEX_POINT('',#6181);
#1976=VERTEX_POINT('',#6186);
#1977=VERTEX_POINT('',#6187);
#1978=VERTEX_POINT('',#6195);
#1979=VERTEX_POINT('',#6197);
#1980=VERTEX_POINT('',#6201);
#1981=VERTEX_POINT('',#6205);
#1982=VERTEX_POINT('',#6209);
#1983=VERTEX_POINT('',#6213);
#1984=VERTEX_POINT('',#6217);
#1985=VERTEX_POINT('',#6221);
#1986=VERTEX_POINT('',#6225);
#1987=VERTEX_POINT('',#6229);
#1988=VERTEX_POINT('',#6231);
#1989=VERTEX_POINT('',#6233);
#1990=VERTEX_POINT('',#6235);
#1991=VERTEX_POINT('',#6237);
#1992=VERTEX_POINT('',#6238);
#1993=VERTEX_POINT('',#6240);
#1994=VERTEX_POINT('',#6242);
#1995=VERTEX_POINT('',#6244);
#1996=VERTEX_POINT('',#6246);
#1997=VERTEX_POINT('',#6248);
#1998=VERTEX_POINT('',#6250);
#1999=VERTEX_POINT('',#6252);
#2000=VERTEX_POINT('',#6254);
#2001=VERTEX_POINT('',#6256);
#2002=VERTEX_POINT('',#6258);
#2003=VERTEX_POINT('',#6262);
#2004=VERTEX_POINT('',#6263);
#2005=VERTEX_POINT('',#6265);
#2006=VERTEX_POINT('',#6267);
#2007=VERTEX_POINT('',#6271);
#2008=VERTEX_POINT('',#6272);
#2009=VERTEX_POINT('',#6277);
#2010=VERTEX_POINT('',#6278);
#2011=VERTEX_POINT('',#6303);
#2012=VERTEX_POINT('',#6304);
#2013=VERTEX_POINT('',#6309);
#2014=VERTEX_POINT('',#6310);
#2015=VERTEX_POINT('',#6315);
#2016=VERTEX_POINT('',#6320);
#2017=VERTEX_POINT('',#6344);
#2018=VERTEX_POINT('',#6348);
#2019=VERTEX_POINT('',#6352);
#2020=VERTEX_POINT('',#6356);
#2021=VERTEX_POINT('',#6380);
#2022=VERTEX_POINT('',#6384);
#2023=VERTEX_POINT('',#6388);
#2024=VERTEX_POINT('',#6392);
#2025=VERTEX_POINT('',#6393);
#2026=VERTEX_POINT('',#6427);
#2027=VERTEX_POINT('',#6428);
#2028=VERTEX_POINT('',#6430);
#2029=VERTEX_POINT('',#6432);
#2030=VERTEX_POINT('',#6434);
#2031=VERTEX_POINT('',#6448);
#2032=VERTEX_POINT('',#6450);
#2033=VERTEX_POINT('',#6452);
#2034=VERTEX_POINT('',#6454);
#2035=VERTEX_POINT('',#6456);
#2036=VERTEX_POINT('',#6458);
#2037=VERTEX_POINT('',#6472);
#2038=VERTEX_POINT('',#6475);
#2039=VERTEX_POINT('',#6476);
#2040=VERTEX_POINT('',#6478);
#2041=VERTEX_POINT('',#6480);
#2042=VERTEX_POINT('',#6482);
#2043=VERTEX_POINT('',#6502);
#2044=VERTEX_POINT('',#6505);
#2045=VERTEX_POINT('',#6506);
#2046=VERTEX_POINT('',#6581);
#2047=VERTEX_POINT('',#6582);
#2048=VERTEX_POINT('',#6584);
#2049=VERTEX_POINT('',#6604);
#2050=VERTEX_POINT('',#6615);
#2051=VERTEX_POINT('',#6617);
#2052=VERTEX_POINT('',#6628);
#2053=VERTEX_POINT('',#6630);
#2054=VERTEX_POINT('',#6635);
#2055=VERTEX_POINT('',#6647);
#2056=VERTEX_POINT('',#6648);
#2057=VERTEX_POINT('',#6656);
#2058=VERTEX_POINT('',#6658);
#2059=VERTEX_POINT('',#6660);
#2060=VERTEX_POINT('',#6662);
#2061=VERTEX_POINT('',#6667);
#2062=VERTEX_POINT('',#6675);
#2063=VERTEX_POINT('',#6683);
#2064=VERTEX_POINT('',#6685);
#2065=VERTEX_POINT('',#6687);
#2066=VERTEX_POINT('',#6689);
#2067=VERTEX_POINT('',#6694);
#2068=VERTEX_POINT('',#6702);
#2069=VERTEX_POINT('',#6707);
#2070=VERTEX_POINT('',#6709);
#2071=VERTEX_POINT('',#6711);
#2072=VERTEX_POINT('',#6713);
#2073=VERTEX_POINT('',#6715);
#2074=VERTEX_POINT('',#6717);
#2075=VERTEX_POINT('',#6719);
#2076=VERTEX_POINT('',#6724);
#2077=VERTEX_POINT('',#6735);
#2078=VERTEX_POINT('',#6740);
#2079=VERTEX_POINT('',#6745);
#2080=VERTEX_POINT('',#6757);
#2081=VERTEX_POINT('',#6758);
#2082=VERTEX_POINT('',#6760);
#2083=VERTEX_POINT('',#6762);
#2084=VERTEX_POINT('',#6765);
#2085=VERTEX_POINT('',#6766);
#2086=VERTEX_POINT('',#6780);
#2087=VERTEX_POINT('',#6782);
#2088=VERTEX_POINT('',#6784);
#2089=VERTEX_POINT('',#6786);
#2090=VERTEX_POINT('',#6788);
#2091=VERTEX_POINT('',#6802);
#2092=VERTEX_POINT('',#6804);
#2093=VERTEX_POINT('',#6806);
#2094=VERTEX_POINT('',#6809);
#2095=VERTEX_POINT('',#6810);
#2096=VERTEX_POINT('',#6812);
#2097=VERTEX_POINT('',#6814);
#2098=VERTEX_POINT('',#6816);
#2099=VERTEX_POINT('',#6818);
#2100=VERTEX_POINT('',#6820);
#2101=VERTEX_POINT('',#6822);
#2102=VERTEX_POINT('',#6839);
#2103=VERTEX_POINT('',#6841);
#2104=VERTEX_POINT('',#6843);
#2105=VERTEX_POINT('',#6845);
#2106=VERTEX_POINT('',#6847);
#2107=VERTEX_POINT('',#6865);
#2108=VERTEX_POINT('',#6915);
#2109=VERTEX_POINT('',#6916);
#2110=VERTEX_POINT('',#6918);
#2111=VERTEX_POINT('',#6920);
#2112=VERTEX_POINT('',#6922);
#2113=VERTEX_POINT('',#6924);
#2114=VERTEX_POINT('',#6926);
#2115=VERTEX_POINT('',#6928);
#2116=VERTEX_POINT('',#6930);
#2117=VERTEX_POINT('',#6932);
#2118=VERTEX_POINT('',#6934);
#2119=VERTEX_POINT('',#6936);
#2120=VERTEX_POINT('',#6939);
#2121=VERTEX_POINT('',#6940);
#2122=VERTEX_POINT('',#6942);
#2123=VERTEX_POINT('',#6944);
#2124=VERTEX_POINT('',#6946);
#2125=VERTEX_POINT('',#6948);
#2126=VERTEX_POINT('',#6950);
#2127=VERTEX_POINT('',#6952);
#2128=VERTEX_POINT('',#6954);
#2129=VERTEX_POINT('',#6956);
#2130=VERTEX_POINT('',#6958);
#2131=VERTEX_POINT('',#6960);
#2132=VERTEX_POINT('',#6963);
#2133=VERTEX_POINT('',#6964);
#2134=VERTEX_POINT('',#6972);
#2135=VERTEX_POINT('',#6983);
#2136=VERTEX_POINT('',#6988);
#2137=VERTEX_POINT('',#6990);
#2138=VERTEX_POINT('',#6992);
#2139=VERTEX_POINT('',#6994);
#2140=VERTEX_POINT('',#6996);
#2141=VERTEX_POINT('',#6998);
#2142=VERTEX_POINT('',#7003);
#2143=VERTEX_POINT('',#7012);
#2144=VERTEX_POINT('',#7013);
#2145=VERTEX_POINT('',#7015);
#2146=VERTEX_POINT('',#7017);
#2147=VERTEX_POINT('',#7019);
#2148=VERTEX_POINT('',#7021);
#2149=VERTEX_POINT('',#7023);
#2150=VERTEX_POINT('',#7025);
#2151=VERTEX_POINT('',#7028);
#2152=VERTEX_POINT('',#7029);
#2153=VERTEX_POINT('',#7040);
#2154=VERTEX_POINT('',#7042);
#2155=VERTEX_POINT('',#7044);
#2156=VERTEX_POINT('',#7046);
#2157=VERTEX_POINT('',#7060);
#2158=VERTEX_POINT('',#7062);
#2159=VERTEX_POINT('',#7064);
#2160=VERTEX_POINT('',#7066);
#2161=VERTEX_POINT('',#7077);
#2162=VERTEX_POINT('',#7078);
#2163=VERTEX_POINT('',#7080);
#2164=VERTEX_POINT('',#7084);
#2165=VERTEX_POINT('',#7085);
#2166=VERTEX_POINT('',#7087);
#2167=VERTEX_POINT('',#7094);
#2168=VERTEX_POINT('',#7095);
#2169=VERTEX_POINT('',#7097);
#2170=VERTEX_POINT('',#7104);
#2171=VERTEX_POINT('',#7105);
#2172=VERTEX_POINT('',#7108);
#2173=VERTEX_POINT('',#7112);
#2174=VERTEX_POINT('',#7113);
#2175=VERTEX_POINT('',#7115);
#2176=VERTEX_POINT('',#7122);
#2177=VERTEX_POINT('',#7123);
#2178=VERTEX_POINT('',#7126);
#2179=VERTEX_POINT('',#7133);
#2180=VERTEX_POINT('',#7134);
#2181=VERTEX_POINT('',#7137);
#2182=VERTEX_POINT('',#7141);
#2183=VERTEX_POINT('',#7142);
#2184=VERTEX_POINT('',#7145);
#2185=VERTEX_POINT('',#7149);
#2186=VERTEX_POINT('',#7151);
#2187=VERTEX_POINT('',#7153);
#2188=VERTEX_POINT('',#7157);
#2189=VERTEX_POINT('',#7162);
#2190=VERTEX_POINT('',#7167);
#2191=VERTEX_POINT('',#7169);
#2192=VERTEX_POINT('',#7175);
#2193=VERTEX_POINT('',#7184);
#2194=VERTEX_POINT('',#7186);
#2195=VERTEX_POINT('',#7190);
#2196=VERTEX_POINT('',#7192);
#2197=VERTEX_POINT('',#7218);
#2198=VERTEX_POINT('',#7220);
#2199=VERTEX_POINT('',#7233);
#2200=VERTEX_POINT('',#7244);
#2201=VERTEX_POINT('',#7251);
#2202=VERTEX_POINT('',#7255);
#2203=VERTEX_POINT('',#7259);
#2204=VERTEX_POINT('',#7288);
#2205=VERTEX_POINT('',#7304);
#2206=VERTEX_POINT('',#7308);
#2207=VERTEX_POINT('',#7315);
#2208=VERTEX_POINT('',#7317);
#2209=VERTEX_POINT('',#7321);
#2210=VERTEX_POINT('',#7325);
#2211=VERTEX_POINT('',#7329);
#2212=VERTEX_POINT('',#7333);
#2213=VERTEX_POINT('',#7337);
#2214=VERTEX_POINT('',#7341);
#2215=VERTEX_POINT('',#7361);
#2216=VERTEX_POINT('',#7362);
#2217=VERTEX_POINT('',#7370);
#2218=VERTEX_POINT('',#7372);
#2219=VERTEX_POINT('',#7382);
#2220=VERTEX_POINT('',#7384);
#2221=VERTEX_POINT('',#7513);
#2222=VERTEX_POINT('',#7515);
#2223=VERTEX_POINT('',#7530);
#2224=VERTEX_POINT('',#7547);
#2225=VERTEX_POINT('',#7564);
#2226=VERTEX_POINT('',#7571);
#2227=VERTEX_POINT('',#7575);
#2228=VERTEX_POINT('',#7579);
#2229=VERTEX_POINT('',#7583);
#2230=VERTEX_POINT('',#7587);
#2231=VERTEX_POINT('',#7598);
#2232=VERTEX_POINT('',#7636);
#2233=VERTEX_POINT('',#7638);
#2234=VERTEX_POINT('',#7642);
#2235=VERTEX_POINT('',#7646);
#2236=VERTEX_POINT('',#7650);
#2237=VERTEX_POINT('',#7654);
#2238=VERTEX_POINT('',#7658);
#2239=VERTEX_POINT('',#7662);
#2240=VERTEX_POINT('',#7666);
#2241=VERTEX_POINT('',#7670);
#2242=VERTEX_POINT('',#7674);
#2243=VERTEX_POINT('',#7678);
#2244=VERTEX_POINT('',#7685);
#2245=VERTEX_POINT('',#7687);
#2246=VERTEX_POINT('',#7691);
#2247=VERTEX_POINT('',#7695);
#2248=VERTEX_POINT('',#7699);
#2249=VERTEX_POINT('',#7703);
#2250=VERTEX_POINT('',#7707);
#2251=VERTEX_POINT('',#7711);
#2252=VERTEX_POINT('',#7715);
#2253=VERTEX_POINT('',#7719);
#2254=VERTEX_POINT('',#7723);
#2255=VERTEX_POINT('',#7727);
#2256=VERTEX_POINT('',#7819);
#2257=VERTEX_POINT('',#7863);
#2258=VERTEX_POINT('',#8006);
#2259=VERTEX_POINT('',#8059);
#2260=VERTEX_POINT('',#8061);
#2261=VERTEX_POINT('',#8096);
#2262=VERTEX_POINT('',#8115);
#2263=VERTEX_POINT('',#8119);
#2264=VERTEX_POINT('',#8123);
#2265=VERTEX_POINT('',#8127);
#2266=VERTEX_POINT('',#8131);
#2267=VERTEX_POINT('',#8166);
#2268=VERTEX_POINT('',#8185);
#2269=VERTEX_POINT('',#8189);
#2270=VERTEX_POINT('',#8193);
#2271=VERTEX_POINT('',#8197);
#2272=VERTEX_POINT('',#8229);
#2273=VERTEX_POINT('',#8231);
#2274=VERTEX_POINT('',#8247);
#2275=VERTEX_POINT('',#8251);
#2276=VERTEX_POINT('',#8255);
#2277=VERTEX_POINT('',#8259);
#2278=VERTEX_POINT('',#8288);
#2279=VERTEX_POINT('',#8304);
#2280=VERTEX_POINT('',#8308);
#2281=VERTEX_POINT('',#8312);
#2282=VERTEX_POINT('',#8319);
#2283=VERTEX_POINT('',#8321);
#2284=VERTEX_POINT('',#8325);
#2285=VERTEX_POINT('',#8329);
#2286=VERTEX_POINT('',#8349);
#2287=VERTEX_POINT('',#8351);
#2288=VERTEX_POINT('',#8361);
#2289=VERTEX_POINT('',#8384);
#2290=VERTEX_POINT('',#8404);
#2291=VERTEX_POINT('',#8418);
#2292=VERTEX_POINT('',#8444);
#2293=VERTEX_POINT('',#8464);
#2294=VERTEX_POINT('',#8471);
#2295=VERTEX_POINT('',#8475);
#2296=VERTEX_POINT('',#8479);
#2297=VERTEX_POINT('',#8483);
#2298=VERTEX_POINT('',#8487);
#2299=VERTEX_POINT('',#8496);
#2300=VERTEX_POINT('',#8507);
#2301=VERTEX_POINT('',#8527);
#2302=VERTEX_POINT('',#8544);
#2303=VERTEX_POINT('',#8551);
#2304=VERTEX_POINT('',#8555);
#2305=VERTEX_POINT('',#8559);
#2306=VERTEX_POINT('',#8576);
#2307=VERTEX_POINT('',#8599);
#2308=VERTEX_POINT('',#8616);
#2309=VERTEX_POINT('',#8623);
#2310=VERTEX_POINT('',#8627);
#2311=VERTEX_POINT('',#8639);
#2312=VERTEX_POINT('',#8640);
#2313=VERTEX_POINT('',#8642);
#2314=VERTEX_POINT('',#8644);
#2315=VERTEX_POINT('',#8655);
#2316=VERTEX_POINT('',#8660);
#2317=VERTEX_POINT('',#8667);
#2318=VERTEX_POINT('',#8669);
#2319=VERTEX_POINT('',#8680);
#2320=VERTEX_POINT('',#8685);
#2321=VERTEX_POINT('',#8697);
#2322=VERTEX_POINT('',#8699);
#2323=VERTEX_POINT('',#8703);
#2324=VERTEX_POINT('',#8705);
#2325=VERTEX_POINT('',#8737);
#2326=VERTEX_POINT('',#8739);
#2327=VERTEX_POINT('',#8748);
#2328=VERTEX_POINT('',#8771);
#2329=VERTEX_POINT('',#8791);
#2330=VERTEX_POINT('',#8798);
#2331=VERTEX_POINT('',#8821);
#2332=VERTEX_POINT('',#8839);
#2333=VERTEX_POINT('',#8862);
#2334=VERTEX_POINT('',#8982);
#2335=VERTEX_POINT('',#9008);
#2336=VERTEX_POINT('',#9109);
#2337=VERTEX_POINT('',#9147);
#2338=VERTEX_POINT('',#9260);
#2339=VERTEX_POINT('',#9262);
#2340=VERTEX_POINT('',#9451);
#2341=VERTEX_POINT('',#9452);
#2342=VERTEX_POINT('',#9472);
#2343=VERTEX_POINT('',#9474);
#2344=VERTEX_POINT('',#9496);
#2345=VERTEX_POINT('',#9498);
#2346=VERTEX_POINT('',#9502);
#2347=VERTEX_POINT('',#9504);
#2348=VERTEX_POINT('',#9511);
#2349=VERTEX_POINT('',#9513);
#2350=VERTEX_POINT('',#9517);
#2351=VERTEX_POINT('',#9521);
#2352=VERTEX_POINT('',#9562);
#2353=VERTEX_POINT('',#9584);
#2354=VERTEX_POINT('',#9591);
#2355=VERTEX_POINT('',#9593);
#2356=VERTEX_POINT('',#9597);
#2357=VERTEX_POINT('',#9601);
#2358=VERTEX_POINT('',#9630);
#2359=VERTEX_POINT('',#9646);
#2360=VERTEX_POINT('',#9650);
#2361=VERTEX_POINT('',#9654);
#2362=VERTEX_POINT('',#9658);
#2363=VERTEX_POINT('',#9662);
#2364=VERTEX_POINT('',#9691);
#2365=VERTEX_POINT('',#9707);
#2366=VERTEX_POINT('',#9738);
#2367=VERTEX_POINT('',#9743);
#2368=VERTEX_POINT('',#9748);
#2369=VERTEX_POINT('',#9753);
#2370=EDGE_CURVE('',#1946,#1947,#1846,.T.);
#2371=EDGE_CURVE('',#1947,#1948,#1847,.T.);
#2372=EDGE_CURVE('',#1948,#1949,#1848,.T.);
#2373=EDGE_CURVE('',#1949,#1946,#1849,.T.);
#2374=EDGE_CURVE('',#1950,#1951,#1850,.T.);
#2375=EDGE_CURVE('',#1951,#1949,#359,.T.);
#2376=EDGE_CURVE('',#1948,#1950,#360,.T.);
#2377=EDGE_CURVE('',#1952,#1953,#1851,.T.);
#2378=EDGE_CURVE('',#1953,#1951,#1852,.T.);
#2379=EDGE_CURVE('',#1950,#1952,#1853,.T.);
#2380=EDGE_CURVE('',#1954,#1955,#1854,.T.);
#2381=EDGE_CURVE('',#1955,#1953,#1855,.T.);
#2382=EDGE_CURVE('',#1952,#1954,#1856,.T.);
#2383=EDGE_CURVE('',#1956,#1957,#1857,.T.);
#2384=EDGE_CURVE('',#1957,#1955,#1858,.T.);
#2385=EDGE_CURVE('',#1954,#1956,#1859,.T.);
#2386=EDGE_CURVE('',#1958,#1959,#1860,.T.);
#2387=EDGE_CURVE('',#1959,#1957,#361,.T.);
#2388=EDGE_CURVE('',#1956,#1958,#362,.T.);
#2389=EDGE_CURVE('',#1960,#1961,#1861,.T.);
#2390=EDGE_CURVE('',#1961,#1959,#1862,.T.);
#2391=EDGE_CURVE('',#1958,#1960,#1863,.T.);
#2392=EDGE_CURVE('',#1962,#1963,#1864,.T.);
#2393=EDGE_CURVE('',#1963,#1961,#1865,.T.);
#2394=EDGE_CURVE('',#1960,#1962,#1866,.T.);
#2395=EDGE_CURVE('',#1964,#1965,#1867,.T.);
#2396=EDGE_CURVE('',#1965,#1963,#1868,.T.);
#2397=EDGE_CURVE('',#1962,#1964,#1869,.T.);
#2398=EDGE_CURVE('',#1966,#1967,#1870,.T.);
#2399=EDGE_CURVE('',#1967,#1965,#363,.T.);
#2400=EDGE_CURVE('',#1964,#1966,#364,.T.);
#2401=EDGE_CURVE('',#1968,#1969,#1871,.T.);
#2402=EDGE_CURVE('',#1969,#1967,#1872,.T.);
#2403=EDGE_CURVE('',#1966,#1968,#1873,.T.);
#2404=EDGE_CURVE('',#1970,#1971,#1874,.T.);
#2405=EDGE_CURVE('',#1971,#1969,#1875,.T.);
#2406=EDGE_CURVE('',#1968,#1970,#1876,.T.);
#2407=EDGE_CURVE('',#1972,#1973,#1877,.T.);
#2408=EDGE_CURVE('',#1973,#1971,#1878,.T.);
#2409=EDGE_CURVE('',#1970,#1972,#1879,.T.);
#2410=EDGE_CURVE('',#1974,#1975,#1880,.T.);
#2411=EDGE_CURVE('',#1975,#1973,#365,.T.);
#2412=EDGE_CURVE('',#1972,#1974,#366,.T.);
#2413=EDGE_CURVE('',#1976,#1977,#1881,.T.);
#2414=EDGE_CURVE('',#1977,#1975,#1882,.T.);
#2415=EDGE_CURVE('',#1974,#1976,#1883,.T.);
#2416=EDGE_CURVE('',#1976,#1947,#1884,.T.);
#2417=EDGE_CURVE('',#1946,#1977,#1885,.T.);
#2418=EDGE_CURVE('',#1978,#1967,#367,.T.);
#2419=EDGE_CURVE('',#1979,#1978,#368,.T.);
#2420=EDGE_CURVE('',#1965,#1979,#369,.T.);
#2421=EDGE_CURVE('',#1969,#1980,#370,.T.);
#2422=EDGE_CURVE('',#1978,#1980,#1886,.T.);
#2423=EDGE_CURVE('',#1981,#1971,#371,.T.);
#2424=EDGE_CURVE('',#1980,#1981,#1887,.T.);
#2425=EDGE_CURVE('',#1973,#1982,#372,.T.);
#2426=EDGE_CURVE('',#1981,#1982,#1888,.T.);
#2427=EDGE_CURVE('',#1983,#1975,#373,.T.);
#2428=EDGE_CURVE('',#1982,#1983,#374,.T.);
#2429=EDGE_CURVE('',#1977,#1984,#375,.T.);
#2430=EDGE_CURVE('',#1983,#1984,#1889,.T.);
#2431=EDGE_CURVE('',#1985,#1946,#376,.T.);
#2432=EDGE_CURVE('',#1984,#1985,#1890,.T.);
#2433=EDGE_CURVE('',#1949,#1986,#377,.T.);
#2434=EDGE_CURVE('',#1985,#1986,#1891,.T.);
#2435=EDGE_CURVE('',#1987,#1987,#1892,.T.);
#2436=EDGE_CURVE('',#1988,#1988,#1893,.T.);
#2437=EDGE_CURVE('',#1989,#1989,#1894,.T.);
#2438=EDGE_CURVE('',#1990,#1990,#1895,.T.);
#2439=EDGE_CURVE('',#1991,#1992,#378,.T.);
#2440=EDGE_CURVE('',#1992,#1993,#379,.T.);
#2441=EDGE_CURVE('',#1993,#1994,#380,.T.);
#2442=EDGE_CURVE('',#1994,#1995,#381,.T.);
#2443=EDGE_CURVE('',#1995,#1996,#382,.T.);
#2444=EDGE_CURVE('',#1996,#1997,#383,.T.);
#2445=EDGE_CURVE('',#1997,#1998,#384,.T.);
#2446=EDGE_CURVE('',#1998,#1999,#385,.T.);
#2447=EDGE_CURVE('',#1999,#2000,#386,.T.);
#2448=EDGE_CURVE('',#2000,#2001,#387,.T.);
#2449=EDGE_CURVE('',#2001,#2002,#388,.T.);
#2450=EDGE_CURVE('',#2002,#1991,#389,.T.);
#2451=EDGE_CURVE('',#2003,#2004,#1896,.T.);
#2452=EDGE_CURVE('',#2004,#2005,#1897,.T.);
#2453=EDGE_CURVE('',#2005,#2006,#1898,.T.);
#2454=EDGE_CURVE('',#2006,#2003,#1899,.T.);
#2455=EDGE_CURVE('',#2007,#2008,#1900,.T.);
#2456=EDGE_CURVE('',#2008,#2006,#390,.T.);
#2457=EDGE_CURVE('',#2005,#2007,#391,.T.);
#2458=EDGE_CURVE('',#2009,#2010,#1901,.T.);
#2459=EDGE_CURVE('',#2010,#2008,#1902,.T.);
#2460=EDGE_CURVE('',#2007,#2009,#1903,.T.);
#2461=EDGE_CURVE('',#2011,#2012,#1904,.T.);
#2462=EDGE_CURVE('',#2012,#2010,#1905,.T.);
#2463=EDGE_CURVE('',#2009,#2011,#1906,.T.);
#2464=EDGE_CURVE('',#2013,#2014,#1907,.T.);
#2465=EDGE_CURVE('',#2014,#2012,#1908,.T.);
#2466=EDGE_CURVE('',#2011,#2013,#1909,.T.);
#2467=EDGE_CURVE('',#2015,#1986,#1910,.T.);
#2468=EDGE_CURVE('',#1986,#2014,#392,.T.);
#2469=EDGE_CURVE('',#2013,#2015,#393,.T.);
#2470=EDGE_CURVE('',#2016,#1985,#1911,.T.);
#2471=EDGE_CURVE('',#2015,#2016,#1912,.T.);
#2472=EDGE_CURVE('',#2017,#1984,#1913,.T.);
#2473=EDGE_CURVE('',#2016,#2017,#1914,.T.);
#2474=EDGE_CURVE('',#2018,#1983,#1915,.T.);
#2475=EDGE_CURVE('',#2017,#2018,#1916,.T.);
#2476=EDGE_CURVE('',#2019,#1982,#1917,.T.);
#2477=EDGE_CURVE('',#2018,#2019,#394,.T.);
#2478=EDGE_CURVE('',#2020,#1981,#1918,.T.);
#2479=EDGE_CURVE('',#2019,#2020,#1919,.T.);
#2480=EDGE_CURVE('',#2021,#1980,#1920,.T.);
#2481=EDGE_CURVE('',#2020,#2021,#1921,.T.);
#2482=EDGE_CURVE('',#2022,#1978,#1922,.T.);
#2483=EDGE_CURVE('',#2021,#2022,#1923,.T.);
#2484=EDGE_CURVE('',#2023,#1979,#1924,.T.);
#2485=EDGE_CURVE('',#2022,#2023,#395,.T.);
#2486=EDGE_CURVE('',#2024,#2025,#1925,.T.);
#2487=EDGE_CURVE('',#2025,#1979,#1926,.T.);
#2488=EDGE_CURVE('',#2023,#2024,#1927,.T.);
#2489=EDGE_CURVE('',#2024,#2004,#1928,.T.);
#2490=EDGE_CURVE('',#2003,#2025,#1929,.T.);
#2491=EDGE_CURVE('',#2025,#1963,#396,.T.);
#2492=EDGE_CURVE('',#1961,#2003,#397,.T.);
#2493=EDGE_CURVE('',#2006,#1959,#398,.T.);
#2494=EDGE_CURVE('',#2026,#2027,#399,.T.);
#2495=EDGE_CURVE('',#2027,#2028,#400,.T.);
#2496=EDGE_CURVE('',#2028,#2029,#401,.T.);
#2497=EDGE_CURVE('',#2029,#2030,#83,.T.);
#2498=EDGE_CURVE('',#2030,#2031,#402,.T.);
#2499=EDGE_CURVE('',#2031,#2032,#403,.T.);
#2500=EDGE_CURVE('',#2032,#2033,#404,.T.);
#2501=EDGE_CURVE('',#2033,#2034,#405,.T.);
#2502=EDGE_CURVE('',#2034,#2035,#406,.T.);
#2503=EDGE_CURVE('',#2035,#2036,#84,.T.);
#2504=EDGE_CURVE('',#2036,#2037,#407,.T.);
#2505=EDGE_CURVE('',#2037,#2026,#408,.T.);
#2506=EDGE_CURVE('',#2038,#2039,#409,.T.);
#2507=EDGE_CURVE('',#2039,#2040,#410,.T.);
#2508=EDGE_CURVE('',#2040,#2041,#411,.T.);
#2509=EDGE_CURVE('',#2041,#2042,#85,.T.);
#2510=EDGE_CURVE('',#2042,#2043,#412,.T.);
#2511=EDGE_CURVE('',#2043,#2038,#413,.T.);
#2512=EDGE_CURVE('',#2044,#2045,#86,.T.);
#2513=EDGE_CURVE('',#2045,#2044,#87,.T.);
#2514=EDGE_CURVE('',#2046,#2047,#414,.T.);
#2515=EDGE_CURVE('',#2047,#2048,#88,.T.);
#2516=EDGE_CURVE('',#2048,#2049,#89,.T.);
#2517=EDGE_CURVE('',#2049,#2050,#63,.T.);
#2518=EDGE_CURVE('',#2050,#2051,#90,.T.);
#2519=EDGE_CURVE('',#2051,#2052,#415,.T.);
#2520=EDGE_CURVE('',#2052,#2053,#91,.T.);
#2521=EDGE_CURVE('',#2053,#2054,#92,.T.);
#2522=EDGE_CURVE('',#2054,#2046,#64,.T.);
#2523=EDGE_CURVE('',#2055,#2056,#93,.T.);
#2524=EDGE_CURVE('',#2056,#2057,#416,.T.);
#2525=EDGE_CURVE('',#2057,#2058,#417,.T.);
#2526=EDGE_CURVE('',#2058,#2059,#418,.T.);
#2527=EDGE_CURVE('',#2059,#2060,#94,.T.);
#2528=EDGE_CURVE('',#2060,#2061,#95,.T.);
#2529=EDGE_CURVE('',#2061,#2062,#96,.T.);
#2530=EDGE_CURVE('',#2062,#2063,#419,.T.);
#2531=EDGE_CURVE('',#2063,#2064,#420,.T.);
#2532=EDGE_CURVE('',#2064,#2065,#421,.T.);
#2533=EDGE_CURVE('',#2065,#2066,#97,.T.);
#2534=EDGE_CURVE('',#2066,#2067,#98,.T.);
#2535=EDGE_CURVE('',#2067,#2068,#99,.T.);
#2536=EDGE_CURVE('',#2068,#2069,#65,.T.);
#2537=EDGE_CURVE('',#2069,#2070,#422,.T.);
#2538=EDGE_CURVE('',#2070,#2071,#423,.T.);
#2539=EDGE_CURVE('',#2071,#2072,#424,.T.);
#2540=EDGE_CURVE('',#2072,#2073,#425,.T.);
#2541=EDGE_CURVE('',#2073,#2074,#426,.T.);
#2542=EDGE_CURVE('',#2074,#2075,#100,.T.);
#2543=EDGE_CURVE('',#2075,#2076,#101,.T.);
#2544=EDGE_CURVE('',#2076,#2077,#102,.T.);
#2545=EDGE_CURVE('',#2077,#2078,#103,.T.);
#2546=EDGE_CURVE('',#2078,#2079,#104,.T.);
#2547=EDGE_CURVE('',#2079,#2055,#427,.T.);
#2548=EDGE_CURVE('',#2080,#2081,#428,.T.);
#2549=EDGE_CURVE('',#2081,#2082,#429,.T.);
#2550=EDGE_CURVE('',#2082,#2083,#430,.T.);
#2551=EDGE_CURVE('',#2083,#2080,#431,.T.);
#2552=EDGE_CURVE('',#2084,#2085,#105,.T.);
#2553=EDGE_CURVE('',#2085,#2086,#432,.T.);
#2554=EDGE_CURVE('',#2086,#2087,#433,.T.);
#2555=EDGE_CURVE('',#2087,#2088,#434,.T.);
#2556=EDGE_CURVE('',#2088,#2089,#435,.T.);
#2557=EDGE_CURVE('',#2089,#2090,#106,.T.);
#2558=EDGE_CURVE('',#2090,#2091,#436,.T.);
#2559=EDGE_CURVE('',#2091,#2092,#437,.T.);
#2560=EDGE_CURVE('',#2092,#2093,#438,.T.);
#2561=EDGE_CURVE('',#2093,#2084,#439,.T.);
#2562=EDGE_CURVE('',#2094,#2095,#440,.T.);
#2563=EDGE_CURVE('',#2095,#2096,#441,.T.);
#2564=EDGE_CURVE('',#2096,#2097,#442,.T.);
#2565=EDGE_CURVE('',#2097,#2098,#443,.T.);
#2566=EDGE_CURVE('',#2098,#2099,#444,.T.);
#2567=EDGE_CURVE('',#2099,#2100,#445,.T.);
#2568=EDGE_CURVE('',#2100,#2101,#107,.T.);
#2569=EDGE_CURVE('',#2101,#2102,#446,.T.);
#2570=EDGE_CURVE('',#2102,#2103,#447,.T.);
#2571=EDGE_CURVE('',#2103,#2104,#448,.T.);
#2572=EDGE_CURVE('',#2104,#2105,#449,.T.);
#2573=EDGE_CURVE('',#2105,#2106,#450,.T.);
#2574=EDGE_CURVE('',#2106,#2094,#108,.T.);
#2575=EDGE_CURVE('',#2107,#2107,#109,.T.);
#2576=EDGE_CURVE('',#2108,#2109,#451,.T.);
#2577=EDGE_CURVE('',#2109,#2110,#452,.T.);
#2578=EDGE_CURVE('',#2110,#2111,#453,.T.);
#2579=EDGE_CURVE('',#2111,#2112,#454,.T.);
#2580=EDGE_CURVE('',#2112,#2113,#455,.T.);
#2581=EDGE_CURVE('',#2113,#2114,#456,.T.);
#2582=EDGE_CURVE('',#2114,#2115,#457,.T.);
#2583=EDGE_CURVE('',#2115,#2116,#458,.T.);
#2584=EDGE_CURVE('',#2116,#2117,#459,.T.);
#2585=EDGE_CURVE('',#2117,#2118,#460,.T.);
#2586=EDGE_CURVE('',#2118,#2119,#461,.T.);
#2587=EDGE_CURVE('',#2119,#2108,#462,.T.);
#2588=EDGE_CURVE('',#2120,#2121,#463,.T.);
#2589=EDGE_CURVE('',#2121,#2122,#464,.T.);
#2590=EDGE_CURVE('',#2122,#2123,#465,.T.);
#2591=EDGE_CURVE('',#2123,#2124,#466,.T.);
#2592=EDGE_CURVE('',#2124,#2125,#467,.T.);
#2593=EDGE_CURVE('',#2125,#2126,#468,.T.);
#2594=EDGE_CURVE('',#2126,#2127,#469,.T.);
#2595=EDGE_CURVE('',#2127,#2128,#470,.T.);
#2596=EDGE_CURVE('',#2128,#2129,#471,.T.);
#2597=EDGE_CURVE('',#2129,#2130,#472,.T.);
#2598=EDGE_CURVE('',#2130,#2131,#473,.T.);
#2599=EDGE_CURVE('',#2131,#2120,#474,.T.);
#2600=EDGE_CURVE('',#2132,#2133,#110,.T.);
#2601=EDGE_CURVE('',#2133,#2134,#111,.T.);
#2602=EDGE_CURVE('',#2134,#2135,#112,.T.);
#2603=EDGE_CURVE('',#2135,#2136,#475,.T.);
#2604=EDGE_CURVE('',#2136,#2137,#476,.T.);
#2605=EDGE_CURVE('',#2137,#2138,#477,.T.);
#2606=EDGE_CURVE('',#2138,#2139,#478,.T.);
#2607=EDGE_CURVE('',#2139,#2140,#479,.T.);
#2608=EDGE_CURVE('',#2140,#2141,#113,.T.);
#2609=EDGE_CURVE('',#2141,#2142,#114,.T.);
#2610=EDGE_CURVE('',#2142,#2132,#66,.T.);
#2611=EDGE_CURVE('',#2143,#2144,#480,.T.);
#2612=EDGE_CURVE('',#2144,#2145,#481,.T.);
#2613=EDGE_CURVE('',#2145,#2146,#482,.T.);
#2614=EDGE_CURVE('',#2146,#2147,#483,.T.);
#2615=EDGE_CURVE('',#2147,#2148,#484,.T.);
#2616=EDGE_CURVE('',#2148,#2149,#485,.T.);
#2617=EDGE_CURVE('',#2149,#2150,#486,.T.);
#2618=EDGE_CURVE('',#2150,#2143,#487,.T.);
#2619=EDGE_CURVE('',#2151,#2152,#115,.T.);
#2620=EDGE_CURVE('',#2152,#2153,#488,.T.);
#2621=EDGE_CURVE('',#2153,#2154,#489,.T.);
#2622=EDGE_CURVE('',#2154,#2155,#490,.T.);
#2623=EDGE_CURVE('',#2155,#2156,#116,.T.);
#2624=EDGE_CURVE('',#2156,#2157,#491,.T.);
#2625=EDGE_CURVE('',#2157,#2158,#492,.T.);
#2626=EDGE_CURVE('',#2158,#2159,#493,.T.);
#2627=EDGE_CURVE('',#2159,#2160,#117,.T.);
#2628=EDGE_CURVE('',#2160,#2151,#494,.T.);
#2629=EDGE_CURVE('',#1953,#2012,#495,.T.);
#2630=EDGE_CURVE('',#2014,#1951,#496,.T.);
#2631=EDGE_CURVE('',#2161,#2162,#1930,.F.);
#2632=EDGE_CURVE('',#2163,#2161,#1931,.F.);
#2633=EDGE_CURVE('',#2162,#2163,#1932,.F.);
#2634=EDGE_CURVE('',#2164,#2165,#1933,.F.);
#2635=EDGE_CURVE('',#2166,#2164,#1934,.F.);
#2636=EDGE_CURVE('',#2165,#2166,#1935,.F.);
#2637=EDGE_CURVE('',#2161,#2166,#497,.T.);
#2638=EDGE_CURVE('',#2164,#2163,#498,.T.);
#2639=EDGE_CURVE('',#2167,#2168,#1936,.F.);
#2640=EDGE_CURVE('',#2169,#2167,#1937,.F.);
#2641=EDGE_CURVE('',#2168,#2169,#1938,.F.);
#2642=EDGE_CURVE('',#2167,#2161,#499,.T.);
#2643=EDGE_CURVE('',#2162,#2169,#500,.T.);
#2644=EDGE_CURVE('',#2170,#2171,#67,.T.);
#2645=EDGE_CURVE('',#2170,#2168,#501,.T.);
#2646=EDGE_CURVE('',#2169,#2172,#502,.T.);
#2647=EDGE_CURVE('',#2171,#2172,#68,.T.);
#2648=EDGE_CURVE('',#2173,#2174,#1939,.F.);
#2649=EDGE_CURVE('',#2175,#2173,#1940,.F.);
#2650=EDGE_CURVE('',#2174,#2175,#1941,.F.);
#2651=EDGE_CURVE('',#2173,#2167,#503,.T.);
#2652=EDGE_CURVE('',#2168,#2175,#504,.T.);
#2653=EDGE_CURVE('',#2176,#2177,#69,.T.);
#2654=EDGE_CURVE('',#2176,#2174,#505,.T.);
#2655=EDGE_CURVE('',#2175,#2178,#506,.T.);
#2656=EDGE_CURVE('',#2177,#2178,#70,.T.);
#2657=EDGE_CURVE('',#2166,#2173,#507,.T.);
#2658=EDGE_CURVE('',#2174,#2165,#508,.T.);
#2659=EDGE_CURVE('',#2179,#2180,#71,.T.);
#2660=EDGE_CURVE('',#2179,#2164,#509,.T.);
#2661=EDGE_CURVE('',#2165,#2181,#510,.T.);
#2662=EDGE_CURVE('',#2180,#2181,#72,.T.);
#2663=EDGE_CURVE('',#2182,#2183,#73,.T.);
#2664=EDGE_CURVE('',#2182,#2162,#511,.T.);
#2665=EDGE_CURVE('',#2163,#2184,#512,.T.);
#2666=EDGE_CURVE('',#2183,#2184,#74,.T.);
#2667=EDGE_CURVE('',#2178,#2185,#513,.T.);
#2668=EDGE_CURVE('',#2185,#2186,#514,.T.);
#2669=EDGE_CURVE('',#2186,#2187,#515,.T.);
#2670=EDGE_CURVE('',#2177,#2187,#516,.T.);
#2671=EDGE_CURVE('',#2188,#2170,#517,.T.);
#2672=EDGE_CURVE('',#2188,#1997,#518,.T.);
#2673=EDGE_CURVE('',#1996,#2185,#519,.T.);
#2674=EDGE_CURVE('',#2187,#2189,#520,.T.);
#2675=EDGE_CURVE('',#2180,#2189,#521,.T.);
#2676=EDGE_CURVE('',#2181,#2176,#522,.T.);
#2677=EDGE_CURVE('',#2190,#2171,#523,.T.);
#2678=EDGE_CURVE('',#2190,#2191,#524,.T.);
#2679=EDGE_CURVE('',#2191,#2188,#525,.T.);
#2680=EDGE_CURVE('',#2172,#2182,#526,.T.);
#2681=EDGE_CURVE('',#2183,#2192,#527,.T.);
#2682=EDGE_CURVE('',#2192,#2190,#528,.T.);
#2683=EDGE_CURVE('',#1957,#2008,#529,.T.);
#2684=EDGE_CURVE('',#2010,#1955,#530,.T.);
#2685=EDGE_CURVE('',#2189,#2193,#531,.T.);
#2686=EDGE_CURVE('',#2193,#2194,#532,.T.);
#2687=EDGE_CURVE('',#2194,#2179,#533,.T.);
#2688=EDGE_CURVE('',#2184,#2195,#534,.T.);
#2689=EDGE_CURVE('',#2195,#2196,#535,.T.);
#2690=EDGE_CURVE('',#2196,#2192,#536,.T.);
#2691=EDGE_CURVE('',#1991,#2194,#537,.T.);
#2692=EDGE_CURVE('',#2002,#2195,#538,.T.);
#2693=EDGE_CURVE('',#2151,#2197,#539,.T.);
#2694=EDGE_CURVE('',#2197,#2198,#118,.T.);
#2695=EDGE_CURVE('',#2152,#2198,#540,.T.);
#2696=EDGE_CURVE('',#2160,#2199,#541,.T.);
#2697=EDGE_CURVE('',#2199,#2197,#542,.T.);
#2698=EDGE_CURVE('',#2159,#2200,#543,.T.);
#2699=EDGE_CURVE('',#2200,#2199,#119,.T.);
#2700=EDGE_CURVE('',#2158,#2201,#544,.T.);
#2701=EDGE_CURVE('',#2201,#2200,#545,.T.);
#2702=EDGE_CURVE('',#2157,#2202,#546,.T.);
#2703=EDGE_CURVE('',#2202,#2201,#547,.T.);
#2704=EDGE_CURVE('',#2156,#2203,#548,.T.);
#2705=EDGE_CURVE('',#2203,#2202,#549,.T.);
#2706=EDGE_CURVE('',#2155,#2204,#550,.T.);
#2707=EDGE_CURVE('',#2204,#2203,#120,.T.);
#2708=EDGE_CURVE('',#2154,#2205,#551,.T.);
#2709=EDGE_CURVE('',#2205,#2204,#552,.T.);
#2710=EDGE_CURVE('',#2153,#2206,#553,.T.);
#2711=EDGE_CURVE('',#2206,#2205,#554,.T.);
#2712=EDGE_CURVE('',#2198,#2206,#555,.T.);
#2713=EDGE_CURVE('',#2143,#2207,#556,.T.);
#2714=EDGE_CURVE('',#2207,#2208,#557,.T.);
#2715=EDGE_CURVE('',#2144,#2208,#558,.T.);
#2716=EDGE_CURVE('',#2150,#2209,#559,.T.);
#2717=EDGE_CURVE('',#2209,#2207,#560,.T.);
#2718=EDGE_CURVE('',#2149,#2210,#561,.T.);
#2719=EDGE_CURVE('',#2210,#2209,#562,.T.);
#2720=EDGE_CURVE('',#2148,#2211,#563,.T.);
#2721=EDGE_CURVE('',#2211,#2210,#564,.T.);
#2722=EDGE_CURVE('',#2147,#2212,#565,.T.);
#2723=EDGE_CURVE('',#2212,#2211,#566,.T.);
#2724=EDGE_CURVE('',#2146,#2213,#567,.T.);
#2725=EDGE_CURVE('',#2213,#2212,#568,.T.);
#2726=EDGE_CURVE('',#2145,#2214,#569,.T.);
#2727=EDGE_CURVE('',#2214,#2213,#570,.T.);
#2728=EDGE_CURVE('',#2208,#2214,#571,.T.);
#2729=EDGE_CURVE('',#2215,#2216,#121,.T.);
#2730=EDGE_CURVE('',#2215,#2217,#572,.T.);
#2731=EDGE_CURVE('',#2217,#2218,#122,.T.);
#2732=EDGE_CURVE('',#2216,#2218,#573,.T.);
#2733=EDGE_CURVE('',#2219,#2215,#574,.T.);
#2734=EDGE_CURVE('',#2219,#2220,#575,.T.);
#2735=EDGE_CURVE('',#2220,#2217,#576,.T.);
#2736=EDGE_CURVE('',#2216,#2219,#123,.T.);
#2737=EDGE_CURVE('',#2218,#2220,#124,.T.);
#2738=EDGE_CURVE('',#2132,#2221,#577,.T.);
#2739=EDGE_CURVE('',#2221,#2222,#125,.T.);
#2740=EDGE_CURVE('',#2133,#2222,#578,.T.);
#2741=EDGE_CURVE('',#2142,#2223,#579,.T.);
#2742=EDGE_CURVE('',#2223,#2221,#75,.T.);
#2743=EDGE_CURVE('',#2141,#2224,#580,.T.);
#2744=EDGE_CURVE('',#2224,#2223,#126,.T.);
#2745=EDGE_CURVE('',#2140,#2225,#581,.T.);
#2746=EDGE_CURVE('',#2225,#2224,#127,.T.);
#2747=EDGE_CURVE('',#2139,#2226,#582,.T.);
#2748=EDGE_CURVE('',#2226,#2225,#583,.T.);
#2749=EDGE_CURVE('',#2138,#2227,#584,.T.);
#2750=EDGE_CURVE('',#2227,#2226,#585,.T.);
#2751=EDGE_CURVE('',#2137,#2228,#586,.T.);
#2752=EDGE_CURVE('',#2228,#2227,#587,.T.);
#2753=EDGE_CURVE('',#2136,#2229,#588,.T.);
#2754=EDGE_CURVE('',#2229,#2228,#589,.T.);
#2755=EDGE_CURVE('',#2135,#2230,#590,.T.);
#2756=EDGE_CURVE('',#2230,#2229,#591,.T.);
#2757=EDGE_CURVE('',#2134,#2231,#592,.T.);
#2758=EDGE_CURVE('',#2231,#2230,#128,.T.);
#2759=EDGE_CURVE('',#2222,#2231,#129,.T.);
#2760=EDGE_CURVE('',#2120,#2232,#593,.T.);
#2761=EDGE_CURVE('',#2232,#2233,#594,.T.);
#2762=EDGE_CURVE('',#2121,#2233,#595,.T.);
#2763=EDGE_CURVE('',#2131,#2234,#596,.T.);
#2764=EDGE_CURVE('',#2234,#2232,#597,.T.);
#2765=EDGE_CURVE('',#2130,#2235,#598,.T.);
#2766=EDGE_CURVE('',#2235,#2234,#599,.T.);
#2767=EDGE_CURVE('',#2129,#2236,#600,.T.);
#2768=EDGE_CURVE('',#2236,#2235,#601,.T.);
#2769=EDGE_CURVE('',#2128,#2237,#602,.T.);
#2770=EDGE_CURVE('',#2237,#2236,#603,.T.);
#2771=EDGE_CURVE('',#2127,#2238,#604,.T.);
#2772=EDGE_CURVE('',#2238,#2237,#605,.T.);
#2773=EDGE_CURVE('',#2126,#2239,#606,.T.);
#2774=EDGE_CURVE('',#2239,#2238,#607,.T.);
#2775=EDGE_CURVE('',#2125,#2240,#608,.T.);
#2776=EDGE_CURVE('',#2240,#2239,#609,.T.);
#2777=EDGE_CURVE('',#2124,#2241,#610,.T.);
#2778=EDGE_CURVE('',#2241,#2240,#611,.T.);
#2779=EDGE_CURVE('',#2123,#2242,#612,.T.);
#2780=EDGE_CURVE('',#2242,#2241,#613,.T.);
#2781=EDGE_CURVE('',#2122,#2243,#614,.T.);
#2782=EDGE_CURVE('',#2243,#2242,#615,.T.);
#2783=EDGE_CURVE('',#2233,#2243,#616,.T.);
#2784=EDGE_CURVE('',#2108,#2244,#617,.T.);
#2785=EDGE_CURVE('',#2244,#2245,#618,.T.);
#2786=EDGE_CURVE('',#2109,#2245,#619,.T.);
#2787=EDGE_CURVE('',#2119,#2246,#620,.T.);
#2788=EDGE_CURVE('',#2246,#2244,#621,.T.);
#2789=EDGE_CURVE('',#2118,#2247,#622,.T.);
#2790=EDGE_CURVE('',#2247,#2246,#623,.T.);
#2791=EDGE_CURVE('',#2117,#2248,#624,.T.);
#2792=EDGE_CURVE('',#2248,#2247,#625,.T.);
#2793=EDGE_CURVE('',#2116,#2249,#626,.T.);
#2794=EDGE_CURVE('',#2249,#2248,#627,.T.);
#2795=EDGE_CURVE('',#2115,#2250,#628,.T.);
#2796=EDGE_CURVE('',#2250,#2249,#629,.T.);
#2797=EDGE_CURVE('',#2114,#2251,#630,.T.);
#2798=EDGE_CURVE('',#2251,#2250,#631,.T.);
#2799=EDGE_CURVE('',#2113,#2252,#632,.T.);
#2800=EDGE_CURVE('',#2252,#2251,#633,.T.);
#2801=EDGE_CURVE('',#2112,#2253,#634,.T.);
#2802=EDGE_CURVE('',#2253,#2252,#635,.T.);
#2803=EDGE_CURVE('',#2111,#2254,#636,.T.);
#2804=EDGE_CURVE('',#2254,#2253,#637,.T.);
#2805=EDGE_CURVE('',#2110,#2255,#638,.T.);
#2806=EDGE_CURVE('',#2255,#2254,#639,.T.);
#2807=EDGE_CURVE('',#2245,#2255,#640,.T.);
#2808=EDGE_CURVE('',#2256,#2256,#130,.T.);
#2809=EDGE_CURVE('',#2256,#2257,#641,.T.);
#2810=EDGE_CURVE('',#2257,#2257,#131,.T.);
#2811=EDGE_CURVE('',#2107,#2258,#642,.T.);
#2812=EDGE_CURVE('',#2258,#2258,#132,.T.);
#2813=EDGE_CURVE('',#2094,#2259,#643,.T.);
#2814=EDGE_CURVE('',#2259,#2260,#644,.T.);
#2815=EDGE_CURVE('',#2095,#2260,#645,.T.);
#2816=EDGE_CURVE('',#2106,#2261,#646,.T.);
#2817=EDGE_CURVE('',#2261,#2259,#133,.T.);
#2818=EDGE_CURVE('',#2105,#2262,#647,.T.);
#2819=EDGE_CURVE('',#2262,#2261,#648,.T.);
#2820=EDGE_CURVE('',#2104,#2263,#649,.T.);
#2821=EDGE_CURVE('',#2263,#2262,#650,.T.);
#2822=EDGE_CURVE('',#2103,#2264,#651,.T.);
#2823=EDGE_CURVE('',#2264,#2263,#652,.T.);
#2824=EDGE_CURVE('',#2102,#2265,#653,.T.);
#2825=EDGE_CURVE('',#2265,#2264,#654,.T.);
#2826=EDGE_CURVE('',#2101,#2266,#655,.T.);
#2827=EDGE_CURVE('',#2266,#2265,#656,.T.);
#2828=EDGE_CURVE('',#2100,#2267,#657,.T.);
#2829=EDGE_CURVE('',#2267,#2266,#134,.T.);
#2830=EDGE_CURVE('',#2099,#2268,#658,.T.);
#2831=EDGE_CURVE('',#2268,#2267,#659,.T.);
#2832=EDGE_CURVE('',#2098,#2269,#660,.T.);
#2833=EDGE_CURVE('',#2269,#2268,#661,.T.);
#2834=EDGE_CURVE('',#2097,#2270,#662,.T.);
#2835=EDGE_CURVE('',#2270,#2269,#663,.T.);
#2836=EDGE_CURVE('',#2096,#2271,#664,.T.);
#2837=EDGE_CURVE('',#2271,#2270,#665,.T.);
#2838=EDGE_CURVE('',#2260,#2271,#666,.T.);
#2839=EDGE_CURVE('',#2084,#2272,#667,.T.);
#2840=EDGE_CURVE('',#2272,#2273,#135,.T.);
#2841=EDGE_CURVE('',#2085,#2273,#668,.T.);
#2842=EDGE_CURVE('',#2093,#2274,#669,.T.);
#2843=EDGE_CURVE('',#2274,#2272,#670,.T.);
#2844=EDGE_CURVE('',#2092,#2275,#671,.T.);
#2845=EDGE_CURVE('',#2275,#2274,#672,.T.);
#2846=EDGE_CURVE('',#2091,#2276,#673,.T.);
#2847=EDGE_CURVE('',#2276,#2275,#674,.T.);
#2848=EDGE_CURVE('',#2090,#2277,#675,.T.);
#2849=EDGE_CURVE('',#2277,#2276,#676,.T.);
#2850=EDGE_CURVE('',#2089,#2278,#677,.T.);
#2851=EDGE_CURVE('',#2278,#2277,#136,.T.);
#2852=EDGE_CURVE('',#2088,#2279,#678,.T.);
#2853=EDGE_CURVE('',#2279,#2278,#679,.T.);
#2854=EDGE_CURVE('',#2087,#2280,#680,.T.);
#2855=EDGE_CURVE('',#2280,#2279,#681,.T.);
#2856=EDGE_CURVE('',#2086,#2281,#682,.T.);
#2857=EDGE_CURVE('',#2281,#2280,#683,.T.);
#2858=EDGE_CURVE('',#2273,#2281,#684,.T.);
#2859=EDGE_CURVE('',#2080,#2282,#685,.T.);
#2860=EDGE_CURVE('',#2282,#2283,#686,.T.);
#2861=EDGE_CURVE('',#2081,#2283,#687,.T.);
#2862=EDGE_CURVE('',#2083,#2284,#688,.T.);
#2863=EDGE_CURVE('',#2284,#2282,#689,.T.);
#2864=EDGE_CURVE('',#2082,#2285,#690,.T.);
#2865=EDGE_CURVE('',#2285,#2284,#691,.T.);
#2866=EDGE_CURVE('',#2283,#2285,#692,.T.);
#2867=EDGE_CURVE('',#2055,#2286,#693,.T.);
#2868=EDGE_CURVE('',#2286,#2287,#137,.T.);
#2869=EDGE_CURVE('',#2056,#2287,#694,.T.);
#2870=EDGE_CURVE('',#2079,#2288,#695,.T.);
#2871=EDGE_CURVE('',#2288,#2286,#696,.T.);
#2872=EDGE_CURVE('',#2078,#2289,#697,.T.);
#2873=EDGE_CURVE('',#2289,#2288,#138,.T.);
#2874=EDGE_CURVE('',#2077,#2290,#698,.T.);
#2875=EDGE_CURVE('',#2290,#2289,#139,.T.);
#2876=EDGE_CURVE('',#2076,#2291,#699,.T.);
#2877=EDGE_CURVE('',#2291,#2290,#140,.T.);
#2878=EDGE_CURVE('',#2075,#2292,#700,.T.);
#2879=EDGE_CURVE('',#2292,#2291,#141,.T.);
#2880=EDGE_CURVE('',#2074,#2293,#701,.T.);
#2881=EDGE_CURVE('',#2293,#2292,#142,.T.);
#2882=EDGE_CURVE('',#2073,#2294,#702,.T.);
#2883=EDGE_CURVE('',#2294,#2293,#703,.T.);
#2884=EDGE_CURVE('',#2072,#2295,#704,.T.);
#2885=EDGE_CURVE('',#2295,#2294,#705,.T.);
#2886=EDGE_CURVE('',#2071,#2296,#706,.T.);
#2887=EDGE_CURVE('',#2296,#2295,#707,.T.);
#2888=EDGE_CURVE('',#2070,#2297,#708,.T.);
#2889=EDGE_CURVE('',#2297,#2296,#709,.T.);
#2890=EDGE_CURVE('',#2069,#2298,#710,.T.);
#2891=EDGE_CURVE('',#2298,#2297,#711,.T.);
#2892=EDGE_CURVE('',#2068,#2299,#712,.T.);
#2893=EDGE_CURVE('',#2299,#2298,#76,.T.);
#2894=EDGE_CURVE('',#2067,#2300,#713,.T.);
#2895=EDGE_CURVE('',#2300,#2299,#143,.T.);
#2896=EDGE_CURVE('',#2066,#2301,#714,.T.);
#2897=EDGE_CURVE('',#2301,#2300,#144,.T.);
#2898=EDGE_CURVE('',#2065,#2302,#715,.T.);
#2899=EDGE_CURVE('',#2302,#2301,#145,.T.);
#2900=EDGE_CURVE('',#2064,#2303,#716,.T.);
#2901=EDGE_CURVE('',#2303,#2302,#717,.T.);
#2902=EDGE_CURVE('',#2063,#2304,#718,.T.);
#2903=EDGE_CURVE('',#2304,#2303,#719,.T.);
#2904=EDGE_CURVE('',#2062,#2305,#720,.T.);
#2905=EDGE_CURVE('',#2305,#2304,#721,.T.);
#2906=EDGE_CURVE('',#2061,#2306,#722,.T.);
#2907=EDGE_CURVE('',#2306,#2305,#146,.T.);
#2908=EDGE_CURVE('',#2060,#2307,#723,.T.);
#2909=EDGE_CURVE('',#2307,#2306,#147,.T.);
#2910=EDGE_CURVE('',#2059,#2308,#724,.T.);
#2911=EDGE_CURVE('',#2308,#2307,#148,.T.);
#2912=EDGE_CURVE('',#2058,#2309,#725,.T.);
#2913=EDGE_CURVE('',#2309,#2308,#726,.T.);
#2914=EDGE_CURVE('',#2057,#2310,#727,.T.);
#2915=EDGE_CURVE('',#2310,#2309,#728,.T.);
#2916=EDGE_CURVE('',#2287,#2310,#729,.T.);
#2917=EDGE_CURVE('',#2311,#2312,#77,.T.);
#2918=EDGE_CURVE('',#2311,#2313,#730,.T.);
#2919=EDGE_CURVE('',#2313,#2314,#78,.T.);
#2920=EDGE_CURVE('',#2312,#2314,#731,.T.);
#2921=EDGE_CURVE('',#2315,#2311,#149,.T.);
#2922=EDGE_CURVE('',#2315,#2316,#732,.T.);
#2923=EDGE_CURVE('',#2316,#2313,#150,.T.);
#2924=EDGE_CURVE('',#2317,#2315,#733,.T.);
#2925=EDGE_CURVE('',#2317,#2318,#734,.T.);
#2926=EDGE_CURVE('',#2318,#2316,#735,.T.);
#2927=EDGE_CURVE('',#2319,#2317,#151,.T.);
#2928=EDGE_CURVE('',#2319,#2320,#736,.T.);
#2929=EDGE_CURVE('',#2320,#2318,#152,.T.);
#2930=EDGE_CURVE('',#2321,#2319,#79,.T.);
#2931=EDGE_CURVE('',#2321,#2322,#737,.T.);
#2932=EDGE_CURVE('',#2322,#2320,#80,.T.);
#2933=EDGE_CURVE('',#2323,#2321,#738,.T.);
#2934=EDGE_CURVE('',#2323,#2324,#739,.T.);
#2935=EDGE_CURVE('',#2324,#2322,#740,.T.);
#2936=EDGE_CURVE('',#2312,#2323,#153,.T.);
#2937=EDGE_CURVE('',#2314,#2324,#154,.T.);
#2938=EDGE_CURVE('',#2046,#2325,#741,.T.);
#2939=EDGE_CURVE('',#2325,#2326,#742,.T.);
#2940=EDGE_CURVE('',#2047,#2326,#743,.T.);
#2941=EDGE_CURVE('',#2054,#2327,#744,.T.);
#2942=EDGE_CURVE('',#2327,#2325,#81,.T.);
#2943=EDGE_CURVE('',#2053,#2328,#745,.T.);
#2944=EDGE_CURVE('',#2328,#2327,#155,.T.);
#2945=EDGE_CURVE('',#2052,#2329,#746,.T.);
#2946=EDGE_CURVE('',#2329,#2328,#156,.T.);
#2947=EDGE_CURVE('',#2051,#2330,#747,.T.);
#2948=EDGE_CURVE('',#2330,#2329,#748,.T.);
#2949=EDGE_CURVE('',#2050,#2331,#749,.T.);
#2950=EDGE_CURVE('',#2331,#2330,#157,.T.);
#2951=EDGE_CURVE('',#2049,#2332,#750,.T.);
#2952=EDGE_CURVE('',#2332,#2331,#82,.T.);
#2953=EDGE_CURVE('',#2048,#2333,#751,.T.);
#2954=EDGE_CURVE('',#2333,#2332,#158,.T.);
#2955=EDGE_CURVE('',#2326,#2333,#159,.T.);
#2956=EDGE_CURVE('',#2334,#2334,#160,.T.);
#2957=EDGE_CURVE('',#2334,#2335,#752,.T.);
#2958=EDGE_CURVE('',#2335,#2335,#161,.T.);
#2959=EDGE_CURVE('',#2336,#2336,#162,.T.);
#2960=EDGE_CURVE('',#2336,#2337,#753,.T.);
#2961=EDGE_CURVE('',#2337,#2337,#163,.T.);
#2962=EDGE_CURVE('',#2044,#2338,#754,.T.);
#2963=EDGE_CURVE('',#2338,#2339,#164,.T.);
#2964=EDGE_CURVE('',#2045,#2339,#755,.T.);
#2965=EDGE_CURVE('',#2339,#2338,#165,.T.);
#2966=EDGE_CURVE('',#2340,#2341,#166,.T.);
#2967=EDGE_CURVE('',#2340,#2342,#756,.T.);
#2968=EDGE_CURVE('',#2342,#2343,#167,.T.);
#2969=EDGE_CURVE('',#2341,#2343,#757,.T.);
#2970=EDGE_CURVE('',#2344,#2340,#758,.T.);
#2971=EDGE_CURVE('',#2344,#2345,#759,.T.);
#2972=EDGE_CURVE('',#2345,#2342,#760,.T.);
#2973=EDGE_CURVE('',#2346,#2344,#761,.T.);
#2974=EDGE_CURVE('',#2346,#2347,#762,.T.);
#2975=EDGE_CURVE('',#2347,#2345,#763,.T.);
#2976=EDGE_CURVE('',#2341,#2346,#764,.T.);
#2977=EDGE_CURVE('',#2343,#2347,#765,.T.);
#2978=EDGE_CURVE('',#2038,#2348,#766,.T.);
#2979=EDGE_CURVE('',#2348,#2349,#767,.T.);
#2980=EDGE_CURVE('',#2039,#2349,#768,.T.);
#2981=EDGE_CURVE('',#2043,#2350,#769,.T.);
#2982=EDGE_CURVE('',#2350,#2348,#770,.T.);
#2983=EDGE_CURVE('',#2042,#2351,#771,.T.);
#2984=EDGE_CURVE('',#2351,#2350,#772,.T.);
#2985=EDGE_CURVE('',#2041,#2352,#773,.T.);
#2986=EDGE_CURVE('',#2352,#2351,#168,.T.);
#2987=EDGE_CURVE('',#2040,#2353,#774,.T.);
#2988=EDGE_CURVE('',#2353,#2352,#775,.T.);
#2989=EDGE_CURVE('',#2349,#2353,#776,.T.);
#2990=EDGE_CURVE('',#2026,#2354,#777,.T.);
#2991=EDGE_CURVE('',#2354,#2355,#778,.T.);
#2992=EDGE_CURVE('',#2027,#2355,#779,.T.);
#2993=EDGE_CURVE('',#2037,#2356,#780,.T.);
#2994=EDGE_CURVE('',#2356,#2354,#781,.T.);
#2995=EDGE_CURVE('',#2036,#2357,#782,.T.);
#2996=EDGE_CURVE('',#2357,#2356,#783,.T.);
#2997=EDGE_CURVE('',#2035,#2358,#784,.T.);
#2998=EDGE_CURVE('',#2358,#2357,#169,.T.);
#2999=EDGE_CURVE('',#2034,#2359,#785,.T.);
#3000=EDGE_CURVE('',#2359,#2358,#786,.T.);
#3001=EDGE_CURVE('',#2033,#2360,#787,.T.);
#3002=EDGE_CURVE('',#2360,#2359,#788,.T.);
#3003=EDGE_CURVE('',#2032,#2361,#789,.T.);
#3004=EDGE_CURVE('',#2361,#2360,#790,.T.);
#3005=EDGE_CURVE('',#2031,#2362,#791,.T.);
#3006=EDGE_CURVE('',#2362,#2361,#792,.T.);
#3007=EDGE_CURVE('',#2030,#2363,#793,.T.);
#3008=EDGE_CURVE('',#2363,#2362,#794,.T.);
#3009=EDGE_CURVE('',#2029,#2364,#795,.T.);
#3010=EDGE_CURVE('',#2364,#2363,#170,.T.);
#3011=EDGE_CURVE('',#2028,#2365,#796,.T.);
#3012=EDGE_CURVE('',#2365,#2364,#797,.T.);
#3013=EDGE_CURVE('',#2355,#2365,#798,.T.);
#3014=EDGE_CURVE('',#2196,#2001,#799,.T.);
#3015=EDGE_CURVE('',#1992,#2193,#800,.T.);
#3016=EDGE_CURVE('',#2000,#2192,#801,.T.);
#3017=EDGE_CURVE('',#1998,#2191,#802,.T.);
#3018=EDGE_CURVE('',#1999,#2190,#803,.T.);
#3019=EDGE_CURVE('',#1993,#2189,#804,.T.);
#3020=EDGE_CURVE('',#1994,#2187,#805,.T.);
#3021=EDGE_CURVE('',#1995,#2186,#806,.T.);
#3022=EDGE_CURVE('',#1990,#2366,#807,.T.);
#3023=EDGE_CURVE('',#2366,#2366,#1942,.T.);
#3024=EDGE_CURVE('',#1989,#2367,#808,.T.);
#3025=EDGE_CURVE('',#2367,#2367,#1943,.T.);
#3026=EDGE_CURVE('',#1988,#2368,#809,.T.);
#3027=EDGE_CURVE('',#2368,#2368,#1944,.T.);
#3028=EDGE_CURVE('',#1987,#2369,#810,.T.);
#3029=EDGE_CURVE('',#2369,#2369,#1945,.T.);
#3030=ORIENTED_EDGE('',*,*,#2370,.T.);
#3031=ORIENTED_EDGE('',*,*,#2371,.T.);
#3032=ORIENTED_EDGE('',*,*,#2372,.T.);
#3033=ORIENTED_EDGE('',*,*,#2373,.T.);
#3034=ORIENTED_EDGE('',*,*,#2374,.T.);
#3035=ORIENTED_EDGE('',*,*,#2375,.T.);
#3036=ORIENTED_EDGE('',*,*,#2372,.F.);
#3037=ORIENTED_EDGE('',*,*,#2376,.T.);
#3038=ORIENTED_EDGE('',*,*,#2377,.T.);
#3039=ORIENTED_EDGE('',*,*,#2378,.T.);
#3040=ORIENTED_EDGE('',*,*,#2374,.F.);
#3041=ORIENTED_EDGE('',*,*,#2379,.T.);
#3042=ORIENTED_EDGE('',*,*,#2380,.T.);
#3043=ORIENTED_EDGE('',*,*,#2381,.T.);
#3044=ORIENTED_EDGE('',*,*,#2377,.F.);
#3045=ORIENTED_EDGE('',*,*,#2382,.T.);
#3046=ORIENTED_EDGE('',*,*,#2383,.T.);
#3047=ORIENTED_EDGE('',*,*,#2384,.T.);
#3048=ORIENTED_EDGE('',*,*,#2380,.F.);
#3049=ORIENTED_EDGE('',*,*,#2385,.T.);
#3050=ORIENTED_EDGE('',*,*,#2386,.T.);
#3051=ORIENTED_EDGE('',*,*,#2387,.T.);
#3052=ORIENTED_EDGE('',*,*,#2383,.F.);
#3053=ORIENTED_EDGE('',*,*,#2388,.T.);
#3054=ORIENTED_EDGE('',*,*,#2389,.T.);
#3055=ORIENTED_EDGE('',*,*,#2390,.T.);
#3056=ORIENTED_EDGE('',*,*,#2386,.F.);
#3057=ORIENTED_EDGE('',*,*,#2391,.T.);
#3058=ORIENTED_EDGE('',*,*,#2392,.T.);
#3059=ORIENTED_EDGE('',*,*,#2393,.T.);
#3060=ORIENTED_EDGE('',*,*,#2389,.F.);
#3061=ORIENTED_EDGE('',*,*,#2394,.T.);
#3062=ORIENTED_EDGE('',*,*,#2395,.T.);
#3063=ORIENTED_EDGE('',*,*,#2396,.T.);
#3064=ORIENTED_EDGE('',*,*,#2392,.F.);
#3065=ORIENTED_EDGE('',*,*,#2397,.T.);
#3066=ORIENTED_EDGE('',*,*,#2398,.T.);
#3067=ORIENTED_EDGE('',*,*,#2399,.T.);
#3068=ORIENTED_EDGE('',*,*,#2395,.F.);
#3069=ORIENTED_EDGE('',*,*,#2400,.T.);
#3070=ORIENTED_EDGE('',*,*,#2401,.T.);
#3071=ORIENTED_EDGE('',*,*,#2402,.T.);
#3072=ORIENTED_EDGE('',*,*,#2398,.F.);
#3073=ORIENTED_EDGE('',*,*,#2403,.T.);
#3074=ORIENTED_EDGE('',*,*,#2404,.T.);
#3075=ORIENTED_EDGE('',*,*,#2405,.T.);
#3076=ORIENTED_EDGE('',*,*,#2401,.F.);
#3077=ORIENTED_EDGE('',*,*,#2406,.T.);
#3078=ORIENTED_EDGE('',*,*,#2407,.T.);
#3079=ORIENTED_EDGE('',*,*,#2408,.T.);
#3080=ORIENTED_EDGE('',*,*,#2404,.F.);
#3081=ORIENTED_EDGE('',*,*,#2409,.T.);
#3082=ORIENTED_EDGE('',*,*,#2410,.T.);
#3083=ORIENTED_EDGE('',*,*,#2411,.T.);
#3084=ORIENTED_EDGE('',*,*,#2407,.F.);
#3085=ORIENTED_EDGE('',*,*,#2412,.T.);
#3086=ORIENTED_EDGE('',*,*,#2413,.T.);
#3087=ORIENTED_EDGE('',*,*,#2414,.T.);
#3088=ORIENTED_EDGE('',*,*,#2410,.F.);
#3089=ORIENTED_EDGE('',*,*,#2415,.T.);
#3090=ORIENTED_EDGE('',*,*,#2413,.F.);
#3091=ORIENTED_EDGE('',*,*,#2416,.T.);
#3092=ORIENTED_EDGE('',*,*,#2370,.F.);
#3093=ORIENTED_EDGE('',*,*,#2417,.T.);
#3094=ORIENTED_EDGE('',*,*,#2399,.F.);
#3095=ORIENTED_EDGE('',*,*,#2418,.F.);
#3096=ORIENTED_EDGE('',*,*,#2419,.F.);
#3097=ORIENTED_EDGE('',*,*,#2420,.F.);
#3098=ORIENTED_EDGE('',*,*,#2402,.F.);
#3099=ORIENTED_EDGE('',*,*,#2421,.T.);
#3100=ORIENTED_EDGE('',*,*,#2422,.F.);
#3101=ORIENTED_EDGE('',*,*,#2418,.T.);
#3102=ORIENTED_EDGE('',*,*,#2405,.F.);
#3103=ORIENTED_EDGE('',*,*,#2423,.F.);
#3104=ORIENTED_EDGE('',*,*,#2424,.F.);
#3105=ORIENTED_EDGE('',*,*,#2421,.F.);
#3106=ORIENTED_EDGE('',*,*,#2408,.F.);
#3107=ORIENTED_EDGE('',*,*,#2425,.T.);
#3108=ORIENTED_EDGE('',*,*,#2426,.F.);
#3109=ORIENTED_EDGE('',*,*,#2423,.T.);
#3110=ORIENTED_EDGE('',*,*,#2411,.F.);
#3111=ORIENTED_EDGE('',*,*,#2427,.F.);
#3112=ORIENTED_EDGE('',*,*,#2428,.F.);
#3113=ORIENTED_EDGE('',*,*,#2425,.F.);
#3114=ORIENTED_EDGE('',*,*,#2414,.F.);
#3115=ORIENTED_EDGE('',*,*,#2429,.T.);
#3116=ORIENTED_EDGE('',*,*,#2430,.F.);
#3117=ORIENTED_EDGE('',*,*,#2427,.T.);
#3118=ORIENTED_EDGE('',*,*,#2417,.F.);
#3119=ORIENTED_EDGE('',*,*,#2431,.F.);
#3120=ORIENTED_EDGE('',*,*,#2432,.F.);
#3121=ORIENTED_EDGE('',*,*,#2429,.F.);
#3122=ORIENTED_EDGE('',*,*,#2373,.F.);
#3123=ORIENTED_EDGE('',*,*,#2433,.T.);
#3124=ORIENTED_EDGE('',*,*,#2434,.F.);
#3125=ORIENTED_EDGE('',*,*,#2431,.T.);
#3126=ORIENTED_EDGE('',*,*,#2371,.F.);
#3127=ORIENTED_EDGE('',*,*,#2416,.F.);
#3128=ORIENTED_EDGE('',*,*,#2415,.F.);
#3129=ORIENTED_EDGE('',*,*,#2412,.F.);
#3130=ORIENTED_EDGE('',*,*,#2409,.F.);
#3131=ORIENTED_EDGE('',*,*,#2406,.F.);
#3132=ORIENTED_EDGE('',*,*,#2403,.F.);
#3133=ORIENTED_EDGE('',*,*,#2400,.F.);
#3134=ORIENTED_EDGE('',*,*,#2397,.F.);
#3135=ORIENTED_EDGE('',*,*,#2394,.F.);
#3136=ORIENTED_EDGE('',*,*,#2391,.F.);
#3137=ORIENTED_EDGE('',*,*,#2388,.F.);
#3138=ORIENTED_EDGE('',*,*,#2385,.F.);
#3139=ORIENTED_EDGE('',*,*,#2382,.F.);
#3140=ORIENTED_EDGE('',*,*,#2379,.F.);
#3141=ORIENTED_EDGE('',*,*,#2376,.F.);
#3142=ORIENTED_EDGE('',*,*,#2435,.T.);
#3143=ORIENTED_EDGE('',*,*,#2436,.T.);
#3144=ORIENTED_EDGE('',*,*,#2437,.T.);
#3145=ORIENTED_EDGE('',*,*,#2438,.T.);
#3146=ORIENTED_EDGE('',*,*,#2439,.T.);
#3147=ORIENTED_EDGE('',*,*,#2440,.T.);
#3148=ORIENTED_EDGE('',*,*,#2441,.T.);
#3149=ORIENTED_EDGE('',*,*,#2442,.T.);
#3150=ORIENTED_EDGE('',*,*,#2443,.T.);
#3151=ORIENTED_EDGE('',*,*,#2444,.T.);
#3152=ORIENTED_EDGE('',*,*,#2445,.T.);
#3153=ORIENTED_EDGE('',*,*,#2446,.T.);
#3154=ORIENTED_EDGE('',*,*,#2447,.T.);
#3155=ORIENTED_EDGE('',*,*,#2448,.T.);
#3156=ORIENTED_EDGE('',*,*,#2449,.T.);
#3157=ORIENTED_EDGE('',*,*,#2450,.T.);
#3158=ORIENTED_EDGE('',*,*,#2451,.T.);
#3159=ORIENTED_EDGE('',*,*,#2452,.T.);
#3160=ORIENTED_EDGE('',*,*,#2453,.T.);
#3161=ORIENTED_EDGE('',*,*,#2454,.T.);
#3162=ORIENTED_EDGE('',*,*,#2455,.T.);
#3163=ORIENTED_EDGE('',*,*,#2456,.T.);
#3164=ORIENTED_EDGE('',*,*,#2453,.F.);
#3165=ORIENTED_EDGE('',*,*,#2457,.T.);
#3166=ORIENTED_EDGE('',*,*,#2458,.T.);
#3167=ORIENTED_EDGE('',*,*,#2459,.T.);
#3168=ORIENTED_EDGE('',*,*,#2455,.F.);
#3169=ORIENTED_EDGE('',*,*,#2460,.T.);
#3170=ORIENTED_EDGE('',*,*,#2461,.T.);
#3171=ORIENTED_EDGE('',*,*,#2462,.T.);
#3172=ORIENTED_EDGE('',*,*,#2458,.F.);
#3173=ORIENTED_EDGE('',*,*,#2463,.T.);
#3174=ORIENTED_EDGE('',*,*,#2464,.T.);
#3175=ORIENTED_EDGE('',*,*,#2465,.T.);
#3176=ORIENTED_EDGE('',*,*,#2461,.F.);
#3177=ORIENTED_EDGE('',*,*,#2466,.T.);
#3178=ORIENTED_EDGE('',*,*,#2467,.T.);
#3179=ORIENTED_EDGE('',*,*,#2468,.T.);
#3180=ORIENTED_EDGE('',*,*,#2464,.F.);
#3181=ORIENTED_EDGE('',*,*,#2469,.T.);
#3182=ORIENTED_EDGE('',*,*,#2470,.T.);
#3183=ORIENTED_EDGE('',*,*,#2434,.T.);
#3184=ORIENTED_EDGE('',*,*,#2467,.F.);
#3185=ORIENTED_EDGE('',*,*,#2471,.T.);
#3186=ORIENTED_EDGE('',*,*,#2472,.T.);
#3187=ORIENTED_EDGE('',*,*,#2432,.T.);
#3188=ORIENTED_EDGE('',*,*,#2470,.F.);
#3189=ORIENTED_EDGE('',*,*,#2473,.T.);
#3190=ORIENTED_EDGE('',*,*,#2474,.T.);
#3191=ORIENTED_EDGE('',*,*,#2430,.T.);
#3192=ORIENTED_EDGE('',*,*,#2472,.F.);
#3193=ORIENTED_EDGE('',*,*,#2475,.T.);
#3194=ORIENTED_EDGE('',*,*,#2476,.T.);
#3195=ORIENTED_EDGE('',*,*,#2428,.T.);
#3196=ORIENTED_EDGE('',*,*,#2474,.F.);
#3197=ORIENTED_EDGE('',*,*,#2477,.T.);
#3198=ORIENTED_EDGE('',*,*,#2478,.T.);
#3199=ORIENTED_EDGE('',*,*,#2426,.T.);
#3200=ORIENTED_EDGE('',*,*,#2476,.F.);
#3201=ORIENTED_EDGE('',*,*,#2479,.T.);
#3202=ORIENTED_EDGE('',*,*,#2480,.T.);
#3203=ORIENTED_EDGE('',*,*,#2424,.T.);
#3204=ORIENTED_EDGE('',*,*,#2478,.F.);
#3205=ORIENTED_EDGE('',*,*,#2481,.T.);
#3206=ORIENTED_EDGE('',*,*,#2482,.T.);
#3207=ORIENTED_EDGE('',*,*,#2422,.T.);
#3208=ORIENTED_EDGE('',*,*,#2480,.F.);
#3209=ORIENTED_EDGE('',*,*,#2483,.T.);
#3210=ORIENTED_EDGE('',*,*,#2484,.T.);
#3211=ORIENTED_EDGE('',*,*,#2419,.T.);
#3212=ORIENTED_EDGE('',*,*,#2482,.F.);
#3213=ORIENTED_EDGE('',*,*,#2485,.T.);
#3214=ORIENTED_EDGE('',*,*,#2486,.T.);
#3215=ORIENTED_EDGE('',*,*,#2487,.T.);
#3216=ORIENTED_EDGE('',*,*,#2484,.F.);
#3217=ORIENTED_EDGE('',*,*,#2488,.T.);
#3218=ORIENTED_EDGE('',*,*,#2486,.F.);
#3219=ORIENTED_EDGE('',*,*,#2489,.T.);
#3220=ORIENTED_EDGE('',*,*,#2451,.F.);
#3221=ORIENTED_EDGE('',*,*,#2490,.T.);
#3222=ORIENTED_EDGE('',*,*,#2396,.F.);
#3223=ORIENTED_EDGE('',*,*,#2420,.T.);
#3224=ORIENTED_EDGE('',*,*,#2487,.F.);
#3225=ORIENTED_EDGE('',*,*,#2491,.T.);
#3226=ORIENTED_EDGE('',*,*,#2393,.F.);
#3227=ORIENTED_EDGE('',*,*,#2491,.F.);
#3228=ORIENTED_EDGE('',*,*,#2490,.F.);
#3229=ORIENTED_EDGE('',*,*,#2492,.F.);
#3230=ORIENTED_EDGE('',*,*,#2390,.F.);
#3231=ORIENTED_EDGE('',*,*,#2492,.T.);
#3232=ORIENTED_EDGE('',*,*,#2454,.F.);
#3233=ORIENTED_EDGE('',*,*,#2493,.T.);
#3234=ORIENTED_EDGE('',*,*,#2452,.F.);
#3235=ORIENTED_EDGE('',*,*,#2489,.F.);
#3236=ORIENTED_EDGE('',*,*,#2488,.F.);
#3237=ORIENTED_EDGE('',*,*,#2485,.F.);
#3238=ORIENTED_EDGE('',*,*,#2483,.F.);
#3239=ORIENTED_EDGE('',*,*,#2481,.F.);
#3240=ORIENTED_EDGE('',*,*,#2479,.F.);
#3241=ORIENTED_EDGE('',*,*,#2477,.F.);
#3242=ORIENTED_EDGE('',*,*,#2475,.F.);
#3243=ORIENTED_EDGE('',*,*,#2473,.F.);
#3244=ORIENTED_EDGE('',*,*,#2471,.F.);
#3245=ORIENTED_EDGE('',*,*,#2469,.F.);
#3246=ORIENTED_EDGE('',*,*,#2466,.F.);
#3247=ORIENTED_EDGE('',*,*,#2463,.F.);
#3248=ORIENTED_EDGE('',*,*,#2460,.F.);
#3249=ORIENTED_EDGE('',*,*,#2457,.F.);
#3250=ORIENTED_EDGE('',*,*,#2494,.T.);
#3251=ORIENTED_EDGE('',*,*,#2495,.T.);
#3252=ORIENTED_EDGE('',*,*,#2496,.T.);
#3253=ORIENTED_EDGE('',*,*,#2497,.T.);
#3254=ORIENTED_EDGE('',*,*,#2498,.T.);
#3255=ORIENTED_EDGE('',*,*,#2499,.T.);
#3256=ORIENTED_EDGE('',*,*,#2500,.T.);
#3257=ORIENTED_EDGE('',*,*,#2501,.T.);
#3258=ORIENTED_EDGE('',*,*,#2502,.T.);
#3259=ORIENTED_EDGE('',*,*,#2503,.T.);
#3260=ORIENTED_EDGE('',*,*,#2504,.T.);
#3261=ORIENTED_EDGE('',*,*,#2505,.T.);
#3262=ORIENTED_EDGE('',*,*,#2506,.T.);
#3263=ORIENTED_EDGE('',*,*,#2507,.T.);
#3264=ORIENTED_EDGE('',*,*,#2508,.T.);
#3265=ORIENTED_EDGE('',*,*,#2509,.T.);
#3266=ORIENTED_EDGE('',*,*,#2510,.T.);
#3267=ORIENTED_EDGE('',*,*,#2511,.T.);
#3268=ORIENTED_EDGE('',*,*,#2512,.T.);
#3269=ORIENTED_EDGE('',*,*,#2513,.T.);
#3270=ORIENTED_EDGE('',*,*,#2514,.T.);
#3271=ORIENTED_EDGE('',*,*,#2515,.T.);
#3272=ORIENTED_EDGE('',*,*,#2516,.T.);
#3273=ORIENTED_EDGE('',*,*,#2517,.T.);
#3274=ORIENTED_EDGE('',*,*,#2518,.T.);
#3275=ORIENTED_EDGE('',*,*,#2519,.T.);
#3276=ORIENTED_EDGE('',*,*,#2520,.T.);
#3277=ORIENTED_EDGE('',*,*,#2521,.T.);
#3278=ORIENTED_EDGE('',*,*,#2522,.T.);
#3279=ORIENTED_EDGE('',*,*,#2523,.T.);
#3280=ORIENTED_EDGE('',*,*,#2524,.T.);
#3281=ORIENTED_EDGE('',*,*,#2525,.T.);
#3282=ORIENTED_EDGE('',*,*,#2526,.T.);
#3283=ORIENTED_EDGE('',*,*,#2527,.T.);
#3284=ORIENTED_EDGE('',*,*,#2528,.T.);
#3285=ORIENTED_EDGE('',*,*,#2529,.T.);
#3286=ORIENTED_EDGE('',*,*,#2530,.T.);
#3287=ORIENTED_EDGE('',*,*,#2531,.T.);
#3288=ORIENTED_EDGE('',*,*,#2532,.T.);
#3289=ORIENTED_EDGE('',*,*,#2533,.T.);
#3290=ORIENTED_EDGE('',*,*,#2534,.T.);
#3291=ORIENTED_EDGE('',*,*,#2535,.T.);
#3292=ORIENTED_EDGE('',*,*,#2536,.T.);
#3293=ORIENTED_EDGE('',*,*,#2537,.T.);
#3294=ORIENTED_EDGE('',*,*,#2538,.T.);
#3295=ORIENTED_EDGE('',*,*,#2539,.T.);
#3296=ORIENTED_EDGE('',*,*,#2540,.T.);
#3297=ORIENTED_EDGE('',*,*,#2541,.T.);
#3298=ORIENTED_EDGE('',*,*,#2542,.T.);
#3299=ORIENTED_EDGE('',*,*,#2543,.T.);
#3300=ORIENTED_EDGE('',*,*,#2544,.T.);
#3301=ORIENTED_EDGE('',*,*,#2545,.T.);
#3302=ORIENTED_EDGE('',*,*,#2546,.T.);
#3303=ORIENTED_EDGE('',*,*,#2547,.T.);
#3304=ORIENTED_EDGE('',*,*,#2548,.T.);
#3305=ORIENTED_EDGE('',*,*,#2549,.T.);
#3306=ORIENTED_EDGE('',*,*,#2550,.T.);
#3307=ORIENTED_EDGE('',*,*,#2551,.T.);
#3308=ORIENTED_EDGE('',*,*,#2552,.T.);
#3309=ORIENTED_EDGE('',*,*,#2553,.T.);
#3310=ORIENTED_EDGE('',*,*,#2554,.T.);
#3311=ORIENTED_EDGE('',*,*,#2555,.T.);
#3312=ORIENTED_EDGE('',*,*,#2556,.T.);
#3313=ORIENTED_EDGE('',*,*,#2557,.T.);
#3314=ORIENTED_EDGE('',*,*,#2558,.T.);
#3315=ORIENTED_EDGE('',*,*,#2559,.T.);
#3316=ORIENTED_EDGE('',*,*,#2560,.T.);
#3317=ORIENTED_EDGE('',*,*,#2561,.T.);
#3318=ORIENTED_EDGE('',*,*,#2562,.T.);
#3319=ORIENTED_EDGE('',*,*,#2563,.T.);
#3320=ORIENTED_EDGE('',*,*,#2564,.T.);
#3321=ORIENTED_EDGE('',*,*,#2565,.T.);
#3322=ORIENTED_EDGE('',*,*,#2566,.T.);
#3323=ORIENTED_EDGE('',*,*,#2567,.T.);
#3324=ORIENTED_EDGE('',*,*,#2568,.T.);
#3325=ORIENTED_EDGE('',*,*,#2569,.T.);
#3326=ORIENTED_EDGE('',*,*,#2570,.T.);
#3327=ORIENTED_EDGE('',*,*,#2571,.T.);
#3328=ORIENTED_EDGE('',*,*,#2572,.T.);
#3329=ORIENTED_EDGE('',*,*,#2573,.T.);
#3330=ORIENTED_EDGE('',*,*,#2574,.T.);
#3331=ORIENTED_EDGE('',*,*,#2575,.T.);
#3332=ORIENTED_EDGE('',*,*,#2576,.T.);
#3333=ORIENTED_EDGE('',*,*,#2577,.T.);
#3334=ORIENTED_EDGE('',*,*,#2578,.T.);
#3335=ORIENTED_EDGE('',*,*,#2579,.T.);
#3336=ORIENTED_EDGE('',*,*,#2580,.T.);
#3337=ORIENTED_EDGE('',*,*,#2581,.T.);
#3338=ORIENTED_EDGE('',*,*,#2582,.T.);
#3339=ORIENTED_EDGE('',*,*,#2583,.T.);
#3340=ORIENTED_EDGE('',*,*,#2584,.T.);
#3341=ORIENTED_EDGE('',*,*,#2585,.T.);
#3342=ORIENTED_EDGE('',*,*,#2586,.T.);
#3343=ORIENTED_EDGE('',*,*,#2587,.T.);
#3344=ORIENTED_EDGE('',*,*,#2588,.T.);
#3345=ORIENTED_EDGE('',*,*,#2589,.T.);
#3346=ORIENTED_EDGE('',*,*,#2590,.T.);
#3347=ORIENTED_EDGE('',*,*,#2591,.T.);
#3348=ORIENTED_EDGE('',*,*,#2592,.T.);
#3349=ORIENTED_EDGE('',*,*,#2593,.T.);
#3350=ORIENTED_EDGE('',*,*,#2594,.T.);
#3351=ORIENTED_EDGE('',*,*,#2595,.T.);
#3352=ORIENTED_EDGE('',*,*,#2596,.T.);
#3353=ORIENTED_EDGE('',*,*,#2597,.T.);
#3354=ORIENTED_EDGE('',*,*,#2598,.T.);
#3355=ORIENTED_EDGE('',*,*,#2599,.T.);
#3356=ORIENTED_EDGE('',*,*,#2600,.T.);
#3357=ORIENTED_EDGE('',*,*,#2601,.T.);
#3358=ORIENTED_EDGE('',*,*,#2602,.T.);
#3359=ORIENTED_EDGE('',*,*,#2603,.T.);
#3360=ORIENTED_EDGE('',*,*,#2604,.T.);
#3361=ORIENTED_EDGE('',*,*,#2605,.T.);
#3362=ORIENTED_EDGE('',*,*,#2606,.T.);
#3363=ORIENTED_EDGE('',*,*,#2607,.T.);
#3364=ORIENTED_EDGE('',*,*,#2608,.T.);
#3365=ORIENTED_EDGE('',*,*,#2609,.T.);
#3366=ORIENTED_EDGE('',*,*,#2610,.T.);
#3367=ORIENTED_EDGE('',*,*,#2611,.T.);
#3368=ORIENTED_EDGE('',*,*,#2612,.T.);
#3369=ORIENTED_EDGE('',*,*,#2613,.T.);
#3370=ORIENTED_EDGE('',*,*,#2614,.T.);
#3371=ORIENTED_EDGE('',*,*,#2615,.T.);
#3372=ORIENTED_EDGE('',*,*,#2616,.T.);
#3373=ORIENTED_EDGE('',*,*,#2617,.T.);
#3374=ORIENTED_EDGE('',*,*,#2618,.T.);
#3375=ORIENTED_EDGE('',*,*,#2619,.T.);
#3376=ORIENTED_EDGE('',*,*,#2620,.T.);
#3377=ORIENTED_EDGE('',*,*,#2621,.T.);
#3378=ORIENTED_EDGE('',*,*,#2622,.T.);
#3379=ORIENTED_EDGE('',*,*,#2623,.T.);
#3380=ORIENTED_EDGE('',*,*,#2624,.T.);
#3381=ORIENTED_EDGE('',*,*,#2625,.T.);
#3382=ORIENTED_EDGE('',*,*,#2626,.T.);
#3383=ORIENTED_EDGE('',*,*,#2627,.T.);
#3384=ORIENTED_EDGE('',*,*,#2628,.T.);
#3385=ORIENTED_EDGE('',*,*,#2378,.F.);
#3386=ORIENTED_EDGE('',*,*,#2629,.T.);
#3387=ORIENTED_EDGE('',*,*,#2465,.F.);
#3388=ORIENTED_EDGE('',*,*,#2630,.T.);
#3389=ORIENTED_EDGE('',*,*,#2375,.F.);
#3390=ORIENTED_EDGE('',*,*,#2630,.F.);
#3391=ORIENTED_EDGE('',*,*,#2468,.F.);
#3392=ORIENTED_EDGE('',*,*,#2433,.F.);
#3393=ORIENTED_EDGE('',*,*,#2631,.F.);
#3394=ORIENTED_EDGE('',*,*,#2632,.F.);
#3395=ORIENTED_EDGE('',*,*,#2633,.F.);
#3396=ORIENTED_EDGE('',*,*,#2634,.F.);
#3397=ORIENTED_EDGE('',*,*,#2635,.F.);
#3398=ORIENTED_EDGE('',*,*,#2636,.F.);
#3399=ORIENTED_EDGE('',*,*,#2632,.T.);
#3400=ORIENTED_EDGE('',*,*,#2637,.T.);
#3401=ORIENTED_EDGE('',*,*,#2635,.T.);
#3402=ORIENTED_EDGE('',*,*,#2638,.T.);
#3403=ORIENTED_EDGE('',*,*,#2639,.F.);
#3404=ORIENTED_EDGE('',*,*,#2640,.F.);
#3405=ORIENTED_EDGE('',*,*,#2641,.F.);
#3406=ORIENTED_EDGE('',*,*,#2640,.T.);
#3407=ORIENTED_EDGE('',*,*,#2642,.T.);
#3408=ORIENTED_EDGE('',*,*,#2631,.T.);
#3409=ORIENTED_EDGE('',*,*,#2643,.T.);
#3410=ORIENTED_EDGE('',*,*,#2644,.F.);
#3411=ORIENTED_EDGE('',*,*,#2645,.T.);
#3412=ORIENTED_EDGE('',*,*,#2641,.T.);
#3413=ORIENTED_EDGE('',*,*,#2646,.T.);
#3414=ORIENTED_EDGE('',*,*,#2647,.F.);
#3415=ORIENTED_EDGE('',*,*,#2648,.F.);
#3416=ORIENTED_EDGE('',*,*,#2649,.F.);
#3417=ORIENTED_EDGE('',*,*,#2650,.F.);
#3418=ORIENTED_EDGE('',*,*,#2649,.T.);
#3419=ORIENTED_EDGE('',*,*,#2651,.T.);
#3420=ORIENTED_EDGE('',*,*,#2639,.T.);
#3421=ORIENTED_EDGE('',*,*,#2652,.T.);
#3422=ORIENTED_EDGE('',*,*,#2653,.F.);
#3423=ORIENTED_EDGE('',*,*,#2654,.T.);
#3424=ORIENTED_EDGE('',*,*,#2650,.T.);
#3425=ORIENTED_EDGE('',*,*,#2655,.T.);
#3426=ORIENTED_EDGE('',*,*,#2656,.F.);
#3427=ORIENTED_EDGE('',*,*,#2636,.T.);
#3428=ORIENTED_EDGE('',*,*,#2657,.T.);
#3429=ORIENTED_EDGE('',*,*,#2648,.T.);
#3430=ORIENTED_EDGE('',*,*,#2658,.T.);
#3431=ORIENTED_EDGE('',*,*,#2659,.F.);
#3432=ORIENTED_EDGE('',*,*,#2660,.T.);
#3433=ORIENTED_EDGE('',*,*,#2634,.T.);
#3434=ORIENTED_EDGE('',*,*,#2661,.T.);
#3435=ORIENTED_EDGE('',*,*,#2662,.F.);
#3436=ORIENTED_EDGE('',*,*,#2663,.F.);
#3437=ORIENTED_EDGE('',*,*,#2664,.T.);
#3438=ORIENTED_EDGE('',*,*,#2633,.T.);
#3439=ORIENTED_EDGE('',*,*,#2665,.T.);
#3440=ORIENTED_EDGE('',*,*,#2666,.F.);
#3441=ORIENTED_EDGE('',*,*,#2656,.T.);
#3442=ORIENTED_EDGE('',*,*,#2667,.T.);
#3443=ORIENTED_EDGE('',*,*,#2668,.T.);
#3444=ORIENTED_EDGE('',*,*,#2669,.T.);
#3445=ORIENTED_EDGE('',*,*,#2670,.F.);
#3446=ORIENTED_EDGE('',*,*,#2655,.F.);
#3447=ORIENTED_EDGE('',*,*,#2652,.F.);
#3448=ORIENTED_EDGE('',*,*,#2645,.F.);
#3449=ORIENTED_EDGE('',*,*,#2671,.F.);
#3450=ORIENTED_EDGE('',*,*,#2672,.T.);
#3451=ORIENTED_EDGE('',*,*,#2444,.F.);
#3452=ORIENTED_EDGE('',*,*,#2673,.T.);
#3453=ORIENTED_EDGE('',*,*,#2667,.F.);
#3454=ORIENTED_EDGE('',*,*,#2653,.T.);
#3455=ORIENTED_EDGE('',*,*,#2670,.T.);
#3456=ORIENTED_EDGE('',*,*,#2674,.T.);
#3457=ORIENTED_EDGE('',*,*,#2675,.F.);
#3458=ORIENTED_EDGE('',*,*,#2662,.T.);
#3459=ORIENTED_EDGE('',*,*,#2676,.T.);
#3460=ORIENTED_EDGE('',*,*,#2644,.T.);
#3461=ORIENTED_EDGE('',*,*,#2677,.F.);
#3462=ORIENTED_EDGE('',*,*,#2678,.T.);
#3463=ORIENTED_EDGE('',*,*,#2679,.T.);
#3464=ORIENTED_EDGE('',*,*,#2671,.T.);
#3465=ORIENTED_EDGE('',*,*,#2646,.F.);
#3466=ORIENTED_EDGE('',*,*,#2643,.F.);
#3467=ORIENTED_EDGE('',*,*,#2664,.F.);
#3468=ORIENTED_EDGE('',*,*,#2680,.F.);
#3469=ORIENTED_EDGE('',*,*,#2647,.T.);
#3470=ORIENTED_EDGE('',*,*,#2680,.T.);
#3471=ORIENTED_EDGE('',*,*,#2663,.T.);
#3472=ORIENTED_EDGE('',*,*,#2681,.T.);
#3473=ORIENTED_EDGE('',*,*,#2682,.T.);
#3474=ORIENTED_EDGE('',*,*,#2677,.T.);
#3475=ORIENTED_EDGE('',*,*,#2637,.F.);
#3476=ORIENTED_EDGE('',*,*,#2642,.F.);
#3477=ORIENTED_EDGE('',*,*,#2651,.F.);
#3478=ORIENTED_EDGE('',*,*,#2657,.F.);
#3479=ORIENTED_EDGE('',*,*,#2387,.F.);
#3480=ORIENTED_EDGE('',*,*,#2493,.F.);
#3481=ORIENTED_EDGE('',*,*,#2456,.F.);
#3482=ORIENTED_EDGE('',*,*,#2683,.F.);
#3483=ORIENTED_EDGE('',*,*,#2384,.F.);
#3484=ORIENTED_EDGE('',*,*,#2683,.T.);
#3485=ORIENTED_EDGE('',*,*,#2459,.F.);
#3486=ORIENTED_EDGE('',*,*,#2684,.T.);
#3487=ORIENTED_EDGE('',*,*,#2659,.T.);
#3488=ORIENTED_EDGE('',*,*,#2675,.T.);
#3489=ORIENTED_EDGE('',*,*,#2685,.T.);
#3490=ORIENTED_EDGE('',*,*,#2686,.T.);
#3491=ORIENTED_EDGE('',*,*,#2687,.T.);
#3492=ORIENTED_EDGE('',*,*,#2666,.T.);
#3493=ORIENTED_EDGE('',*,*,#2688,.T.);
#3494=ORIENTED_EDGE('',*,*,#2689,.T.);
#3495=ORIENTED_EDGE('',*,*,#2690,.T.);
#3496=ORIENTED_EDGE('',*,*,#2681,.F.);
#3497=ORIENTED_EDGE('',*,*,#2660,.F.);
#3498=ORIENTED_EDGE('',*,*,#2687,.F.);
#3499=ORIENTED_EDGE('',*,*,#2691,.F.);
#3500=ORIENTED_EDGE('',*,*,#2450,.F.);
#3501=ORIENTED_EDGE('',*,*,#2692,.T.);
#3502=ORIENTED_EDGE('',*,*,#2688,.F.);
#3503=ORIENTED_EDGE('',*,*,#2665,.F.);
#3504=ORIENTED_EDGE('',*,*,#2638,.F.);
#3505=ORIENTED_EDGE('',*,*,#2619,.F.);
#3506=ORIENTED_EDGE('',*,*,#2693,.T.);
#3507=ORIENTED_EDGE('',*,*,#2694,.T.);
#3508=ORIENTED_EDGE('',*,*,#2695,.F.);
#3509=ORIENTED_EDGE('',*,*,#2628,.F.);
#3510=ORIENTED_EDGE('',*,*,#2696,.T.);
#3511=ORIENTED_EDGE('',*,*,#2697,.T.);
#3512=ORIENTED_EDGE('',*,*,#2693,.F.);
#3513=ORIENTED_EDGE('',*,*,#2627,.F.);
#3514=ORIENTED_EDGE('',*,*,#2698,.T.);
#3515=ORIENTED_EDGE('',*,*,#2699,.T.);
#3516=ORIENTED_EDGE('',*,*,#2696,.F.);
#3517=ORIENTED_EDGE('',*,*,#2626,.F.);
#3518=ORIENTED_EDGE('',*,*,#2700,.T.);
#3519=ORIENTED_EDGE('',*,*,#2701,.T.);
#3520=ORIENTED_EDGE('',*,*,#2698,.F.);
#3521=ORIENTED_EDGE('',*,*,#2625,.F.);
#3522=ORIENTED_EDGE('',*,*,#2702,.T.);
#3523=ORIENTED_EDGE('',*,*,#2703,.T.);
#3524=ORIENTED_EDGE('',*,*,#2700,.F.);
#3525=ORIENTED_EDGE('',*,*,#2624,.F.);
#3526=ORIENTED_EDGE('',*,*,#2704,.T.);
#3527=ORIENTED_EDGE('',*,*,#2705,.T.);
#3528=ORIENTED_EDGE('',*,*,#2702,.F.);
#3529=ORIENTED_EDGE('',*,*,#2623,.F.);
#3530=ORIENTED_EDGE('',*,*,#2706,.T.);
#3531=ORIENTED_EDGE('',*,*,#2707,.T.);
#3532=ORIENTED_EDGE('',*,*,#2704,.F.);
#3533=ORIENTED_EDGE('',*,*,#2622,.F.);
#3534=ORIENTED_EDGE('',*,*,#2708,.T.);
#3535=ORIENTED_EDGE('',*,*,#2709,.T.);
#3536=ORIENTED_EDGE('',*,*,#2706,.F.);
#3537=ORIENTED_EDGE('',*,*,#2621,.F.);
#3538=ORIENTED_EDGE('',*,*,#2710,.T.);
#3539=ORIENTED_EDGE('',*,*,#2711,.T.);
#3540=ORIENTED_EDGE('',*,*,#2708,.F.);
#3541=ORIENTED_EDGE('',*,*,#2620,.F.);
#3542=ORIENTED_EDGE('',*,*,#2695,.T.);
#3543=ORIENTED_EDGE('',*,*,#2712,.T.);
#3544=ORIENTED_EDGE('',*,*,#2710,.F.);
#3545=ORIENTED_EDGE('',*,*,#2712,.F.);
#3546=ORIENTED_EDGE('',*,*,#2694,.F.);
#3547=ORIENTED_EDGE('',*,*,#2697,.F.);
#3548=ORIENTED_EDGE('',*,*,#2699,.F.);
#3549=ORIENTED_EDGE('',*,*,#2701,.F.);
#3550=ORIENTED_EDGE('',*,*,#2703,.F.);
#3551=ORIENTED_EDGE('',*,*,#2705,.F.);
#3552=ORIENTED_EDGE('',*,*,#2707,.F.);
#3553=ORIENTED_EDGE('',*,*,#2709,.F.);
#3554=ORIENTED_EDGE('',*,*,#2711,.F.);
#3555=ORIENTED_EDGE('',*,*,#2611,.F.);
#3556=ORIENTED_EDGE('',*,*,#2713,.T.);
#3557=ORIENTED_EDGE('',*,*,#2714,.T.);
#3558=ORIENTED_EDGE('',*,*,#2715,.F.);
#3559=ORIENTED_EDGE('',*,*,#2618,.F.);
#3560=ORIENTED_EDGE('',*,*,#2716,.T.);
#3561=ORIENTED_EDGE('',*,*,#2717,.T.);
#3562=ORIENTED_EDGE('',*,*,#2713,.F.);
#3563=ORIENTED_EDGE('',*,*,#2617,.F.);
#3564=ORIENTED_EDGE('',*,*,#2718,.T.);
#3565=ORIENTED_EDGE('',*,*,#2719,.T.);
#3566=ORIENTED_EDGE('',*,*,#2716,.F.);
#3567=ORIENTED_EDGE('',*,*,#2616,.F.);
#3568=ORIENTED_EDGE('',*,*,#2720,.T.);
#3569=ORIENTED_EDGE('',*,*,#2721,.T.);
#3570=ORIENTED_EDGE('',*,*,#2718,.F.);
#3571=ORIENTED_EDGE('',*,*,#2615,.F.);
#3572=ORIENTED_EDGE('',*,*,#2722,.T.);
#3573=ORIENTED_EDGE('',*,*,#2723,.T.);
#3574=ORIENTED_EDGE('',*,*,#2720,.F.);
#3575=ORIENTED_EDGE('',*,*,#2614,.F.);
#3576=ORIENTED_EDGE('',*,*,#2724,.T.);
#3577=ORIENTED_EDGE('',*,*,#2725,.T.);
#3578=ORIENTED_EDGE('',*,*,#2722,.F.);
#3579=ORIENTED_EDGE('',*,*,#2613,.F.);
#3580=ORIENTED_EDGE('',*,*,#2726,.T.);
#3581=ORIENTED_EDGE('',*,*,#2727,.T.);
#3582=ORIENTED_EDGE('',*,*,#2724,.F.);
#3583=ORIENTED_EDGE('',*,*,#2612,.F.);
#3584=ORIENTED_EDGE('',*,*,#2715,.T.);
#3585=ORIENTED_EDGE('',*,*,#2728,.T.);
#3586=ORIENTED_EDGE('',*,*,#2726,.F.);
#3587=ORIENTED_EDGE('',*,*,#2728,.F.);
#3588=ORIENTED_EDGE('',*,*,#2714,.F.);
#3589=ORIENTED_EDGE('',*,*,#2717,.F.);
#3590=ORIENTED_EDGE('',*,*,#2719,.F.);
#3591=ORIENTED_EDGE('',*,*,#2721,.F.);
#3592=ORIENTED_EDGE('',*,*,#2723,.F.);
#3593=ORIENTED_EDGE('',*,*,#2725,.F.);
#3594=ORIENTED_EDGE('',*,*,#2727,.F.);
#3595=ORIENTED_EDGE('',*,*,#2729,.F.);
#3596=ORIENTED_EDGE('',*,*,#2730,.T.);
#3597=ORIENTED_EDGE('',*,*,#2731,.T.);
#3598=ORIENTED_EDGE('',*,*,#2732,.F.);
#3599=ORIENTED_EDGE('',*,*,#2733,.F.);
#3600=ORIENTED_EDGE('',*,*,#2734,.T.);
#3601=ORIENTED_EDGE('',*,*,#2735,.T.);
#3602=ORIENTED_EDGE('',*,*,#2730,.F.);
#3603=ORIENTED_EDGE('',*,*,#2736,.F.);
#3604=ORIENTED_EDGE('',*,*,#2732,.T.);
#3605=ORIENTED_EDGE('',*,*,#2737,.T.);
#3606=ORIENTED_EDGE('',*,*,#2734,.F.);
#3607=ORIENTED_EDGE('',*,*,#2600,.F.);
#3608=ORIENTED_EDGE('',*,*,#2738,.T.);
#3609=ORIENTED_EDGE('',*,*,#2739,.T.);
#3610=ORIENTED_EDGE('',*,*,#2740,.F.);
#3611=ORIENTED_EDGE('',*,*,#2610,.F.);
#3612=ORIENTED_EDGE('',*,*,#2741,.T.);
#3613=ORIENTED_EDGE('',*,*,#2742,.T.);
#3614=ORIENTED_EDGE('',*,*,#2738,.F.);
#3615=ORIENTED_EDGE('',*,*,#2609,.F.);
#3616=ORIENTED_EDGE('',*,*,#2743,.T.);
#3617=ORIENTED_EDGE('',*,*,#2744,.T.);
#3618=ORIENTED_EDGE('',*,*,#2741,.F.);
#3619=ORIENTED_EDGE('',*,*,#2608,.F.);
#3620=ORIENTED_EDGE('',*,*,#2745,.T.);
#3621=ORIENTED_EDGE('',*,*,#2746,.T.);
#3622=ORIENTED_EDGE('',*,*,#2743,.F.);
#3623=ORIENTED_EDGE('',*,*,#2607,.F.);
#3624=ORIENTED_EDGE('',*,*,#2747,.T.);
#3625=ORIENTED_EDGE('',*,*,#2748,.T.);
#3626=ORIENTED_EDGE('',*,*,#2745,.F.);
#3627=ORIENTED_EDGE('',*,*,#2606,.F.);
#3628=ORIENTED_EDGE('',*,*,#2749,.T.);
#3629=ORIENTED_EDGE('',*,*,#2750,.T.);
#3630=ORIENTED_EDGE('',*,*,#2747,.F.);
#3631=ORIENTED_EDGE('',*,*,#2605,.F.);
#3632=ORIENTED_EDGE('',*,*,#2751,.T.);
#3633=ORIENTED_EDGE('',*,*,#2752,.T.);
#3634=ORIENTED_EDGE('',*,*,#2749,.F.);
#3635=ORIENTED_EDGE('',*,*,#2604,.F.);
#3636=ORIENTED_EDGE('',*,*,#2753,.T.);
#3637=ORIENTED_EDGE('',*,*,#2754,.T.);
#3638=ORIENTED_EDGE('',*,*,#2751,.F.);
#3639=ORIENTED_EDGE('',*,*,#2603,.F.);
#3640=ORIENTED_EDGE('',*,*,#2755,.T.);
#3641=ORIENTED_EDGE('',*,*,#2756,.T.);
#3642=ORIENTED_EDGE('',*,*,#2753,.F.);
#3643=ORIENTED_EDGE('',*,*,#2602,.F.);
#3644=ORIENTED_EDGE('',*,*,#2757,.T.);
#3645=ORIENTED_EDGE('',*,*,#2758,.T.);
#3646=ORIENTED_EDGE('',*,*,#2755,.F.);
#3647=ORIENTED_EDGE('',*,*,#2601,.F.);
#3648=ORIENTED_EDGE('',*,*,#2740,.T.);
#3649=ORIENTED_EDGE('',*,*,#2759,.T.);
#3650=ORIENTED_EDGE('',*,*,#2757,.F.);
#3651=ORIENTED_EDGE('',*,*,#2759,.F.);
#3652=ORIENTED_EDGE('',*,*,#2739,.F.);
#3653=ORIENTED_EDGE('',*,*,#2742,.F.);
#3654=ORIENTED_EDGE('',*,*,#2744,.F.);
#3655=ORIENTED_EDGE('',*,*,#2746,.F.);
#3656=ORIENTED_EDGE('',*,*,#2748,.F.);
#3657=ORIENTED_EDGE('',*,*,#2750,.F.);
#3658=ORIENTED_EDGE('',*,*,#2752,.F.);
#3659=ORIENTED_EDGE('',*,*,#2754,.F.);
#3660=ORIENTED_EDGE('',*,*,#2756,.F.);
#3661=ORIENTED_EDGE('',*,*,#2758,.F.);
#3662=ORIENTED_EDGE('',*,*,#2737,.F.);
#3663=ORIENTED_EDGE('',*,*,#2731,.F.);
#3664=ORIENTED_EDGE('',*,*,#2735,.F.);
#3665=ORIENTED_EDGE('',*,*,#2588,.F.);
#3666=ORIENTED_EDGE('',*,*,#2760,.T.);
#3667=ORIENTED_EDGE('',*,*,#2761,.T.);
#3668=ORIENTED_EDGE('',*,*,#2762,.F.);
#3669=ORIENTED_EDGE('',*,*,#2599,.F.);
#3670=ORIENTED_EDGE('',*,*,#2763,.T.);
#3671=ORIENTED_EDGE('',*,*,#2764,.T.);
#3672=ORIENTED_EDGE('',*,*,#2760,.F.);
#3673=ORIENTED_EDGE('',*,*,#2598,.F.);
#3674=ORIENTED_EDGE('',*,*,#2765,.T.);
#3675=ORIENTED_EDGE('',*,*,#2766,.T.);
#3676=ORIENTED_EDGE('',*,*,#2763,.F.);
#3677=ORIENTED_EDGE('',*,*,#2597,.F.);
#3678=ORIENTED_EDGE('',*,*,#2767,.T.);
#3679=ORIENTED_EDGE('',*,*,#2768,.T.);
#3680=ORIENTED_EDGE('',*,*,#2765,.F.);
#3681=ORIENTED_EDGE('',*,*,#2596,.F.);
#3682=ORIENTED_EDGE('',*,*,#2769,.T.);
#3683=ORIENTED_EDGE('',*,*,#2770,.T.);
#3684=ORIENTED_EDGE('',*,*,#2767,.F.);
#3685=ORIENTED_EDGE('',*,*,#2595,.F.);
#3686=ORIENTED_EDGE('',*,*,#2771,.T.);
#3687=ORIENTED_EDGE('',*,*,#2772,.T.);
#3688=ORIENTED_EDGE('',*,*,#2769,.F.);
#3689=ORIENTED_EDGE('',*,*,#2594,.F.);
#3690=ORIENTED_EDGE('',*,*,#2773,.T.);
#3691=ORIENTED_EDGE('',*,*,#2774,.T.);
#3692=ORIENTED_EDGE('',*,*,#2771,.F.);
#3693=ORIENTED_EDGE('',*,*,#2593,.F.);
#3694=ORIENTED_EDGE('',*,*,#2775,.T.);
#3695=ORIENTED_EDGE('',*,*,#2776,.T.);
#3696=ORIENTED_EDGE('',*,*,#2773,.F.);
#3697=ORIENTED_EDGE('',*,*,#2592,.F.);
#3698=ORIENTED_EDGE('',*,*,#2777,.T.);
#3699=ORIENTED_EDGE('',*,*,#2778,.T.);
#3700=ORIENTED_EDGE('',*,*,#2775,.F.);
#3701=ORIENTED_EDGE('',*,*,#2591,.F.);
#3702=ORIENTED_EDGE('',*,*,#2779,.T.);
#3703=ORIENTED_EDGE('',*,*,#2780,.T.);
#3704=ORIENTED_EDGE('',*,*,#2777,.F.);
#3705=ORIENTED_EDGE('',*,*,#2590,.F.);
#3706=ORIENTED_EDGE('',*,*,#2781,.T.);
#3707=ORIENTED_EDGE('',*,*,#2782,.T.);
#3708=ORIENTED_EDGE('',*,*,#2779,.F.);
#3709=ORIENTED_EDGE('',*,*,#2589,.F.);
#3710=ORIENTED_EDGE('',*,*,#2762,.T.);
#3711=ORIENTED_EDGE('',*,*,#2783,.T.);
#3712=ORIENTED_EDGE('',*,*,#2781,.F.);
#3713=ORIENTED_EDGE('',*,*,#2783,.F.);
#3714=ORIENTED_EDGE('',*,*,#2761,.F.);
#3715=ORIENTED_EDGE('',*,*,#2764,.F.);
#3716=ORIENTED_EDGE('',*,*,#2766,.F.);
#3717=ORIENTED_EDGE('',*,*,#2768,.F.);
#3718=ORIENTED_EDGE('',*,*,#2770,.F.);
#3719=ORIENTED_EDGE('',*,*,#2772,.F.);
#3720=ORIENTED_EDGE('',*,*,#2774,.F.);
#3721=ORIENTED_EDGE('',*,*,#2776,.F.);
#3722=ORIENTED_EDGE('',*,*,#2778,.F.);
#3723=ORIENTED_EDGE('',*,*,#2780,.F.);
#3724=ORIENTED_EDGE('',*,*,#2782,.F.);
#3725=ORIENTED_EDGE('',*,*,#2576,.F.);
#3726=ORIENTED_EDGE('',*,*,#2784,.T.);
#3727=ORIENTED_EDGE('',*,*,#2785,.T.);
#3728=ORIENTED_EDGE('',*,*,#2786,.F.);
#3729=ORIENTED_EDGE('',*,*,#2587,.F.);
#3730=ORIENTED_EDGE('',*,*,#2787,.T.);
#3731=ORIENTED_EDGE('',*,*,#2788,.T.);
#3732=ORIENTED_EDGE('',*,*,#2784,.F.);
#3733=ORIENTED_EDGE('',*,*,#2586,.F.);
#3734=ORIENTED_EDGE('',*,*,#2789,.T.);
#3735=ORIENTED_EDGE('',*,*,#2790,.T.);
#3736=ORIENTED_EDGE('',*,*,#2787,.F.);
#3737=ORIENTED_EDGE('',*,*,#2585,.F.);
#3738=ORIENTED_EDGE('',*,*,#2791,.T.);
#3739=ORIENTED_EDGE('',*,*,#2792,.T.);
#3740=ORIENTED_EDGE('',*,*,#2789,.F.);
#3741=ORIENTED_EDGE('',*,*,#2584,.F.);
#3742=ORIENTED_EDGE('',*,*,#2793,.T.);
#3743=ORIENTED_EDGE('',*,*,#2794,.T.);
#3744=ORIENTED_EDGE('',*,*,#2791,.F.);
#3745=ORIENTED_EDGE('',*,*,#2583,.F.);
#3746=ORIENTED_EDGE('',*,*,#2795,.T.);
#3747=ORIENTED_EDGE('',*,*,#2796,.T.);
#3748=ORIENTED_EDGE('',*,*,#2793,.F.);
#3749=ORIENTED_EDGE('',*,*,#2582,.F.);
#3750=ORIENTED_EDGE('',*,*,#2797,.T.);
#3751=ORIENTED_EDGE('',*,*,#2798,.T.);
#3752=ORIENTED_EDGE('',*,*,#2795,.F.);
#3753=ORIENTED_EDGE('',*,*,#2581,.F.);
#3754=ORIENTED_EDGE('',*,*,#2799,.T.);
#3755=ORIENTED_EDGE('',*,*,#2800,.T.);
#3756=ORIENTED_EDGE('',*,*,#2797,.F.);
#3757=ORIENTED_EDGE('',*,*,#2580,.F.);
#3758=ORIENTED_EDGE('',*,*,#2801,.T.);
#3759=ORIENTED_EDGE('',*,*,#2802,.T.);
#3760=ORIENTED_EDGE('',*,*,#2799,.F.);
#3761=ORIENTED_EDGE('',*,*,#2579,.F.);
#3762=ORIENTED_EDGE('',*,*,#2803,.T.);
#3763=ORIENTED_EDGE('',*,*,#2804,.T.);
#3764=ORIENTED_EDGE('',*,*,#2801,.F.);
#3765=ORIENTED_EDGE('',*,*,#2578,.F.);
#3766=ORIENTED_EDGE('',*,*,#2805,.T.);
#3767=ORIENTED_EDGE('',*,*,#2806,.T.);
#3768=ORIENTED_EDGE('',*,*,#2803,.F.);
#3769=ORIENTED_EDGE('',*,*,#2577,.F.);
#3770=ORIENTED_EDGE('',*,*,#2786,.T.);
#3771=ORIENTED_EDGE('',*,*,#2807,.T.);
#3772=ORIENTED_EDGE('',*,*,#2805,.F.);
#3773=ORIENTED_EDGE('',*,*,#2807,.F.);
#3774=ORIENTED_EDGE('',*,*,#2785,.F.);
#3775=ORIENTED_EDGE('',*,*,#2788,.F.);
#3776=ORIENTED_EDGE('',*,*,#2790,.F.);
#3777=ORIENTED_EDGE('',*,*,#2792,.F.);
#3778=ORIENTED_EDGE('',*,*,#2794,.F.);
#3779=ORIENTED_EDGE('',*,*,#2796,.F.);
#3780=ORIENTED_EDGE('',*,*,#2798,.F.);
#3781=ORIENTED_EDGE('',*,*,#2800,.F.);
#3782=ORIENTED_EDGE('',*,*,#2802,.F.);
#3783=ORIENTED_EDGE('',*,*,#2804,.F.);
#3784=ORIENTED_EDGE('',*,*,#2806,.F.);
#3785=ORIENTED_EDGE('',*,*,#2808,.F.);
#3786=ORIENTED_EDGE('',*,*,#2809,.T.);
#3787=ORIENTED_EDGE('',*,*,#2810,.T.);
#3788=ORIENTED_EDGE('',*,*,#2809,.F.);
#3789=ORIENTED_EDGE('',*,*,#2575,.F.);
#3790=ORIENTED_EDGE('',*,*,#2811,.T.);
#3791=ORIENTED_EDGE('',*,*,#2812,.T.);
#3792=ORIENTED_EDGE('',*,*,#2811,.F.);
#3793=ORIENTED_EDGE('',*,*,#2812,.F.);
#3794=ORIENTED_EDGE('',*,*,#2810,.F.);
#3795=ORIENTED_EDGE('',*,*,#2562,.F.);
#3796=ORIENTED_EDGE('',*,*,#2813,.T.);
#3797=ORIENTED_EDGE('',*,*,#2814,.T.);
#3798=ORIENTED_EDGE('',*,*,#2815,.F.);
#3799=ORIENTED_EDGE('',*,*,#2574,.F.);
#3800=ORIENTED_EDGE('',*,*,#2816,.T.);
#3801=ORIENTED_EDGE('',*,*,#2817,.T.);
#3802=ORIENTED_EDGE('',*,*,#2813,.F.);
#3803=ORIENTED_EDGE('',*,*,#2573,.F.);
#3804=ORIENTED_EDGE('',*,*,#2818,.T.);
#3805=ORIENTED_EDGE('',*,*,#2819,.T.);
#3806=ORIENTED_EDGE('',*,*,#2816,.F.);
#3807=ORIENTED_EDGE('',*,*,#2572,.F.);
#3808=ORIENTED_EDGE('',*,*,#2820,.T.);
#3809=ORIENTED_EDGE('',*,*,#2821,.T.);
#3810=ORIENTED_EDGE('',*,*,#2818,.F.);
#3811=ORIENTED_EDGE('',*,*,#2571,.F.);
#3812=ORIENTED_EDGE('',*,*,#2822,.T.);
#3813=ORIENTED_EDGE('',*,*,#2823,.T.);
#3814=ORIENTED_EDGE('',*,*,#2820,.F.);
#3815=ORIENTED_EDGE('',*,*,#2570,.F.);
#3816=ORIENTED_EDGE('',*,*,#2824,.T.);
#3817=ORIENTED_EDGE('',*,*,#2825,.T.);
#3818=ORIENTED_EDGE('',*,*,#2822,.F.);
#3819=ORIENTED_EDGE('',*,*,#2569,.F.);
#3820=ORIENTED_EDGE('',*,*,#2826,.T.);
#3821=ORIENTED_EDGE('',*,*,#2827,.T.);
#3822=ORIENTED_EDGE('',*,*,#2824,.F.);
#3823=ORIENTED_EDGE('',*,*,#2568,.F.);
#3824=ORIENTED_EDGE('',*,*,#2828,.T.);
#3825=ORIENTED_EDGE('',*,*,#2829,.T.);
#3826=ORIENTED_EDGE('',*,*,#2826,.F.);
#3827=ORIENTED_EDGE('',*,*,#2567,.F.);
#3828=ORIENTED_EDGE('',*,*,#2830,.T.);
#3829=ORIENTED_EDGE('',*,*,#2831,.T.);
#3830=ORIENTED_EDGE('',*,*,#2828,.F.);
#3831=ORIENTED_EDGE('',*,*,#2566,.F.);
#3832=ORIENTED_EDGE('',*,*,#2832,.T.);
#3833=ORIENTED_EDGE('',*,*,#2833,.T.);
#3834=ORIENTED_EDGE('',*,*,#2830,.F.);
#3835=ORIENTED_EDGE('',*,*,#2565,.F.);
#3836=ORIENTED_EDGE('',*,*,#2834,.T.);
#3837=ORIENTED_EDGE('',*,*,#2835,.T.);
#3838=ORIENTED_EDGE('',*,*,#2832,.F.);
#3839=ORIENTED_EDGE('',*,*,#2564,.F.);
#3840=ORIENTED_EDGE('',*,*,#2836,.T.);
#3841=ORIENTED_EDGE('',*,*,#2837,.T.);
#3842=ORIENTED_EDGE('',*,*,#2834,.F.);
#3843=ORIENTED_EDGE('',*,*,#2563,.F.);
#3844=ORIENTED_EDGE('',*,*,#2815,.T.);
#3845=ORIENTED_EDGE('',*,*,#2838,.T.);
#3846=ORIENTED_EDGE('',*,*,#2836,.F.);
#3847=ORIENTED_EDGE('',*,*,#2838,.F.);
#3848=ORIENTED_EDGE('',*,*,#2814,.F.);
#3849=ORIENTED_EDGE('',*,*,#2817,.F.);
#3850=ORIENTED_EDGE('',*,*,#2819,.F.);
#3851=ORIENTED_EDGE('',*,*,#2821,.F.);
#3852=ORIENTED_EDGE('',*,*,#2823,.F.);
#3853=ORIENTED_EDGE('',*,*,#2825,.F.);
#3854=ORIENTED_EDGE('',*,*,#2827,.F.);
#3855=ORIENTED_EDGE('',*,*,#2829,.F.);
#3856=ORIENTED_EDGE('',*,*,#2831,.F.);
#3857=ORIENTED_EDGE('',*,*,#2833,.F.);
#3858=ORIENTED_EDGE('',*,*,#2835,.F.);
#3859=ORIENTED_EDGE('',*,*,#2837,.F.);
#3860=ORIENTED_EDGE('',*,*,#2552,.F.);
#3861=ORIENTED_EDGE('',*,*,#2839,.T.);
#3862=ORIENTED_EDGE('',*,*,#2840,.T.);
#3863=ORIENTED_EDGE('',*,*,#2841,.F.);
#3864=ORIENTED_EDGE('',*,*,#2561,.F.);
#3865=ORIENTED_EDGE('',*,*,#2842,.T.);
#3866=ORIENTED_EDGE('',*,*,#2843,.T.);
#3867=ORIENTED_EDGE('',*,*,#2839,.F.);
#3868=ORIENTED_EDGE('',*,*,#2560,.F.);
#3869=ORIENTED_EDGE('',*,*,#2844,.T.);
#3870=ORIENTED_EDGE('',*,*,#2845,.T.);
#3871=ORIENTED_EDGE('',*,*,#2842,.F.);
#3872=ORIENTED_EDGE('',*,*,#2559,.F.);
#3873=ORIENTED_EDGE('',*,*,#2846,.T.);
#3874=ORIENTED_EDGE('',*,*,#2847,.T.);
#3875=ORIENTED_EDGE('',*,*,#2844,.F.);
#3876=ORIENTED_EDGE('',*,*,#2558,.F.);
#3877=ORIENTED_EDGE('',*,*,#2848,.T.);
#3878=ORIENTED_EDGE('',*,*,#2849,.T.);
#3879=ORIENTED_EDGE('',*,*,#2846,.F.);
#3880=ORIENTED_EDGE('',*,*,#2557,.F.);
#3881=ORIENTED_EDGE('',*,*,#2850,.T.);
#3882=ORIENTED_EDGE('',*,*,#2851,.T.);
#3883=ORIENTED_EDGE('',*,*,#2848,.F.);
#3884=ORIENTED_EDGE('',*,*,#2556,.F.);
#3885=ORIENTED_EDGE('',*,*,#2852,.T.);
#3886=ORIENTED_EDGE('',*,*,#2853,.T.);
#3887=ORIENTED_EDGE('',*,*,#2850,.F.);
#3888=ORIENTED_EDGE('',*,*,#2555,.F.);
#3889=ORIENTED_EDGE('',*,*,#2854,.T.);
#3890=ORIENTED_EDGE('',*,*,#2855,.T.);
#3891=ORIENTED_EDGE('',*,*,#2852,.F.);
#3892=ORIENTED_EDGE('',*,*,#2554,.F.);
#3893=ORIENTED_EDGE('',*,*,#2856,.T.);
#3894=ORIENTED_EDGE('',*,*,#2857,.T.);
#3895=ORIENTED_EDGE('',*,*,#2854,.F.);
#3896=ORIENTED_EDGE('',*,*,#2553,.F.);
#3897=ORIENTED_EDGE('',*,*,#2841,.T.);
#3898=ORIENTED_EDGE('',*,*,#2858,.T.);
#3899=ORIENTED_EDGE('',*,*,#2856,.F.);
#3900=ORIENTED_EDGE('',*,*,#2858,.F.);
#3901=ORIENTED_EDGE('',*,*,#2840,.F.);
#3902=ORIENTED_EDGE('',*,*,#2843,.F.);
#3903=ORIENTED_EDGE('',*,*,#2845,.F.);
#3904=ORIENTED_EDGE('',*,*,#2847,.F.);
#3905=ORIENTED_EDGE('',*,*,#2849,.F.);
#3906=ORIENTED_EDGE('',*,*,#2851,.F.);
#3907=ORIENTED_EDGE('',*,*,#2853,.F.);
#3908=ORIENTED_EDGE('',*,*,#2855,.F.);
#3909=ORIENTED_EDGE('',*,*,#2857,.F.);
#3910=ORIENTED_EDGE('',*,*,#2548,.F.);
#3911=ORIENTED_EDGE('',*,*,#2859,.T.);
#3912=ORIENTED_EDGE('',*,*,#2860,.T.);
#3913=ORIENTED_EDGE('',*,*,#2861,.F.);
#3914=ORIENTED_EDGE('',*,*,#2551,.F.);
#3915=ORIENTED_EDGE('',*,*,#2862,.T.);
#3916=ORIENTED_EDGE('',*,*,#2863,.T.);
#3917=ORIENTED_EDGE('',*,*,#2859,.F.);
#3918=ORIENTED_EDGE('',*,*,#2550,.F.);
#3919=ORIENTED_EDGE('',*,*,#2864,.T.);
#3920=ORIENTED_EDGE('',*,*,#2865,.T.);
#3921=ORIENTED_EDGE('',*,*,#2862,.F.);
#3922=ORIENTED_EDGE('',*,*,#2549,.F.);
#3923=ORIENTED_EDGE('',*,*,#2861,.T.);
#3924=ORIENTED_EDGE('',*,*,#2866,.T.);
#3925=ORIENTED_EDGE('',*,*,#2864,.F.);
#3926=ORIENTED_EDGE('',*,*,#2866,.F.);
#3927=ORIENTED_EDGE('',*,*,#2860,.F.);
#3928=ORIENTED_EDGE('',*,*,#2863,.F.);
#3929=ORIENTED_EDGE('',*,*,#2865,.F.);
#3930=ORIENTED_EDGE('',*,*,#2523,.F.);
#3931=ORIENTED_EDGE('',*,*,#2867,.T.);
#3932=ORIENTED_EDGE('',*,*,#2868,.T.);
#3933=ORIENTED_EDGE('',*,*,#2869,.F.);
#3934=ORIENTED_EDGE('',*,*,#2547,.F.);
#3935=ORIENTED_EDGE('',*,*,#2870,.T.);
#3936=ORIENTED_EDGE('',*,*,#2871,.T.);
#3937=ORIENTED_EDGE('',*,*,#2867,.F.);
#3938=ORIENTED_EDGE('',*,*,#2546,.F.);
#3939=ORIENTED_EDGE('',*,*,#2872,.T.);
#3940=ORIENTED_EDGE('',*,*,#2873,.T.);
#3941=ORIENTED_EDGE('',*,*,#2870,.F.);
#3942=ORIENTED_EDGE('',*,*,#2545,.F.);
#3943=ORIENTED_EDGE('',*,*,#2874,.T.);
#3944=ORIENTED_EDGE('',*,*,#2875,.T.);
#3945=ORIENTED_EDGE('',*,*,#2872,.F.);
#3946=ORIENTED_EDGE('',*,*,#2544,.F.);
#3947=ORIENTED_EDGE('',*,*,#2876,.T.);
#3948=ORIENTED_EDGE('',*,*,#2877,.T.);
#3949=ORIENTED_EDGE('',*,*,#2874,.F.);
#3950=ORIENTED_EDGE('',*,*,#2543,.F.);
#3951=ORIENTED_EDGE('',*,*,#2878,.T.);
#3952=ORIENTED_EDGE('',*,*,#2879,.T.);
#3953=ORIENTED_EDGE('',*,*,#2876,.F.);
#3954=ORIENTED_EDGE('',*,*,#2542,.F.);
#3955=ORIENTED_EDGE('',*,*,#2880,.T.);
#3956=ORIENTED_EDGE('',*,*,#2881,.T.);
#3957=ORIENTED_EDGE('',*,*,#2878,.F.);
#3958=ORIENTED_EDGE('',*,*,#2541,.F.);
#3959=ORIENTED_EDGE('',*,*,#2882,.T.);
#3960=ORIENTED_EDGE('',*,*,#2883,.T.);
#3961=ORIENTED_EDGE('',*,*,#2880,.F.);
#3962=ORIENTED_EDGE('',*,*,#2540,.F.);
#3963=ORIENTED_EDGE('',*,*,#2884,.T.);
#3964=ORIENTED_EDGE('',*,*,#2885,.T.);
#3965=ORIENTED_EDGE('',*,*,#2882,.F.);
#3966=ORIENTED_EDGE('',*,*,#2539,.F.);
#3967=ORIENTED_EDGE('',*,*,#2886,.T.);
#3968=ORIENTED_EDGE('',*,*,#2887,.T.);
#3969=ORIENTED_EDGE('',*,*,#2884,.F.);
#3970=ORIENTED_EDGE('',*,*,#2538,.F.);
#3971=ORIENTED_EDGE('',*,*,#2888,.T.);
#3972=ORIENTED_EDGE('',*,*,#2889,.T.);
#3973=ORIENTED_EDGE('',*,*,#2886,.F.);
#3974=ORIENTED_EDGE('',*,*,#2537,.F.);
#3975=ORIENTED_EDGE('',*,*,#2890,.T.);
#3976=ORIENTED_EDGE('',*,*,#2891,.T.);
#3977=ORIENTED_EDGE('',*,*,#2888,.F.);
#3978=ORIENTED_EDGE('',*,*,#2536,.F.);
#3979=ORIENTED_EDGE('',*,*,#2892,.T.);
#3980=ORIENTED_EDGE('',*,*,#2893,.T.);
#3981=ORIENTED_EDGE('',*,*,#2890,.F.);
#3982=ORIENTED_EDGE('',*,*,#2535,.F.);
#3983=ORIENTED_EDGE('',*,*,#2894,.T.);
#3984=ORIENTED_EDGE('',*,*,#2895,.T.);
#3985=ORIENTED_EDGE('',*,*,#2892,.F.);
#3986=ORIENTED_EDGE('',*,*,#2534,.F.);
#3987=ORIENTED_EDGE('',*,*,#2896,.T.);
#3988=ORIENTED_EDGE('',*,*,#2897,.T.);
#3989=ORIENTED_EDGE('',*,*,#2894,.F.);
#3990=ORIENTED_EDGE('',*,*,#2533,.F.);
#3991=ORIENTED_EDGE('',*,*,#2898,.T.);
#3992=ORIENTED_EDGE('',*,*,#2899,.T.);
#3993=ORIENTED_EDGE('',*,*,#2896,.F.);
#3994=ORIENTED_EDGE('',*,*,#2532,.F.);
#3995=ORIENTED_EDGE('',*,*,#2900,.T.);
#3996=ORIENTED_EDGE('',*,*,#2901,.T.);
#3997=ORIENTED_EDGE('',*,*,#2898,.F.);
#3998=ORIENTED_EDGE('',*,*,#2531,.F.);
#3999=ORIENTED_EDGE('',*,*,#2902,.T.);
#4000=ORIENTED_EDGE('',*,*,#2903,.T.);
#4001=ORIENTED_EDGE('',*,*,#2900,.F.);
#4002=ORIENTED_EDGE('',*,*,#2530,.F.);
#4003=ORIENTED_EDGE('',*,*,#2904,.T.);
#4004=ORIENTED_EDGE('',*,*,#2905,.T.);
#4005=ORIENTED_EDGE('',*,*,#2902,.F.);
#4006=ORIENTED_EDGE('',*,*,#2529,.F.);
#4007=ORIENTED_EDGE('',*,*,#2906,.T.);
#4008=ORIENTED_EDGE('',*,*,#2907,.T.);
#4009=ORIENTED_EDGE('',*,*,#2904,.F.);
#4010=ORIENTED_EDGE('',*,*,#2528,.F.);
#4011=ORIENTED_EDGE('',*,*,#2908,.T.);
#4012=ORIENTED_EDGE('',*,*,#2909,.T.);
#4013=ORIENTED_EDGE('',*,*,#2906,.F.);
#4014=ORIENTED_EDGE('',*,*,#2527,.F.);
#4015=ORIENTED_EDGE('',*,*,#2910,.T.);
#4016=ORIENTED_EDGE('',*,*,#2911,.T.);
#4017=ORIENTED_EDGE('',*,*,#2908,.F.);
#4018=ORIENTED_EDGE('',*,*,#2526,.F.);
#4019=ORIENTED_EDGE('',*,*,#2912,.T.);
#4020=ORIENTED_EDGE('',*,*,#2913,.T.);
#4021=ORIENTED_EDGE('',*,*,#2910,.F.);
#4022=ORIENTED_EDGE('',*,*,#2525,.F.);
#4023=ORIENTED_EDGE('',*,*,#2914,.T.);
#4024=ORIENTED_EDGE('',*,*,#2915,.T.);
#4025=ORIENTED_EDGE('',*,*,#2912,.F.);
#4026=ORIENTED_EDGE('',*,*,#2524,.F.);
#4027=ORIENTED_EDGE('',*,*,#2869,.T.);
#4028=ORIENTED_EDGE('',*,*,#2916,.T.);
#4029=ORIENTED_EDGE('',*,*,#2914,.F.);
#4030=ORIENTED_EDGE('',*,*,#2916,.F.);
#4031=ORIENTED_EDGE('',*,*,#2868,.F.);
#4032=ORIENTED_EDGE('',*,*,#2871,.F.);
#4033=ORIENTED_EDGE('',*,*,#2873,.F.);
#4034=ORIENTED_EDGE('',*,*,#2875,.F.);
#4035=ORIENTED_EDGE('',*,*,#2877,.F.);
#4036=ORIENTED_EDGE('',*,*,#2879,.F.);
#4037=ORIENTED_EDGE('',*,*,#2881,.F.);
#4038=ORIENTED_EDGE('',*,*,#2883,.F.);
#4039=ORIENTED_EDGE('',*,*,#2885,.F.);
#4040=ORIENTED_EDGE('',*,*,#2887,.F.);
#4041=ORIENTED_EDGE('',*,*,#2889,.F.);
#4042=ORIENTED_EDGE('',*,*,#2891,.F.);
#4043=ORIENTED_EDGE('',*,*,#2893,.F.);
#4044=ORIENTED_EDGE('',*,*,#2895,.F.);
#4045=ORIENTED_EDGE('',*,*,#2897,.F.);
#4046=ORIENTED_EDGE('',*,*,#2899,.F.);
#4047=ORIENTED_EDGE('',*,*,#2901,.F.);
#4048=ORIENTED_EDGE('',*,*,#2903,.F.);
#4049=ORIENTED_EDGE('',*,*,#2905,.F.);
#4050=ORIENTED_EDGE('',*,*,#2907,.F.);
#4051=ORIENTED_EDGE('',*,*,#2909,.F.);
#4052=ORIENTED_EDGE('',*,*,#2911,.F.);
#4053=ORIENTED_EDGE('',*,*,#2913,.F.);
#4054=ORIENTED_EDGE('',*,*,#2915,.F.);
#4055=ORIENTED_EDGE('',*,*,#2917,.F.);
#4056=ORIENTED_EDGE('',*,*,#2918,.T.);
#4057=ORIENTED_EDGE('',*,*,#2919,.T.);
#4058=ORIENTED_EDGE('',*,*,#2920,.F.);
#4059=ORIENTED_EDGE('',*,*,#2921,.F.);
#4060=ORIENTED_EDGE('',*,*,#2922,.T.);
#4061=ORIENTED_EDGE('',*,*,#2923,.T.);
#4062=ORIENTED_EDGE('',*,*,#2918,.F.);
#4063=ORIENTED_EDGE('',*,*,#2924,.F.);
#4064=ORIENTED_EDGE('',*,*,#2925,.T.);
#4065=ORIENTED_EDGE('',*,*,#2926,.T.);
#4066=ORIENTED_EDGE('',*,*,#2922,.F.);
#4067=ORIENTED_EDGE('',*,*,#2927,.F.);
#4068=ORIENTED_EDGE('',*,*,#2928,.T.);
#4069=ORIENTED_EDGE('',*,*,#2929,.T.);
#4070=ORIENTED_EDGE('',*,*,#2925,.F.);
#4071=ORIENTED_EDGE('',*,*,#2930,.F.);
#4072=ORIENTED_EDGE('',*,*,#2931,.T.);
#4073=ORIENTED_EDGE('',*,*,#2932,.T.);
#4074=ORIENTED_EDGE('',*,*,#2928,.F.);
#4075=ORIENTED_EDGE('',*,*,#2933,.F.);
#4076=ORIENTED_EDGE('',*,*,#2934,.T.);
#4077=ORIENTED_EDGE('',*,*,#2935,.T.);
#4078=ORIENTED_EDGE('',*,*,#2931,.F.);
#4079=ORIENTED_EDGE('',*,*,#2936,.F.);
#4080=ORIENTED_EDGE('',*,*,#2920,.T.);
#4081=ORIENTED_EDGE('',*,*,#2937,.T.);
#4082=ORIENTED_EDGE('',*,*,#2934,.F.);
#4083=ORIENTED_EDGE('',*,*,#2514,.F.);
#4084=ORIENTED_EDGE('',*,*,#2938,.T.);
#4085=ORIENTED_EDGE('',*,*,#2939,.T.);
#4086=ORIENTED_EDGE('',*,*,#2940,.F.);
#4087=ORIENTED_EDGE('',*,*,#2522,.F.);
#4088=ORIENTED_EDGE('',*,*,#2941,.T.);
#4089=ORIENTED_EDGE('',*,*,#2942,.T.);
#4090=ORIENTED_EDGE('',*,*,#2938,.F.);
#4091=ORIENTED_EDGE('',*,*,#2521,.F.);
#4092=ORIENTED_EDGE('',*,*,#2943,.T.);
#4093=ORIENTED_EDGE('',*,*,#2944,.T.);
#4094=ORIENTED_EDGE('',*,*,#2941,.F.);
#4095=ORIENTED_EDGE('',*,*,#2520,.F.);
#4096=ORIENTED_EDGE('',*,*,#2945,.T.);
#4097=ORIENTED_EDGE('',*,*,#2946,.T.);
#4098=ORIENTED_EDGE('',*,*,#2943,.F.);
#4099=ORIENTED_EDGE('',*,*,#2519,.F.);
#4100=ORIENTED_EDGE('',*,*,#2947,.T.);
#4101=ORIENTED_EDGE('',*,*,#2948,.T.);
#4102=ORIENTED_EDGE('',*,*,#2945,.F.);
#4103=ORIENTED_EDGE('',*,*,#2518,.F.);
#4104=ORIENTED_EDGE('',*,*,#2949,.T.);
#4105=ORIENTED_EDGE('',*,*,#2950,.T.);
#4106=ORIENTED_EDGE('',*,*,#2947,.F.);
#4107=ORIENTED_EDGE('',*,*,#2517,.F.);
#4108=ORIENTED_EDGE('',*,*,#2951,.T.);
#4109=ORIENTED_EDGE('',*,*,#2952,.T.);
#4110=ORIENTED_EDGE('',*,*,#2949,.F.);
#4111=ORIENTED_EDGE('',*,*,#2516,.F.);
#4112=ORIENTED_EDGE('',*,*,#2953,.T.);
#4113=ORIENTED_EDGE('',*,*,#2954,.T.);
#4114=ORIENTED_EDGE('',*,*,#2951,.F.);
#4115=ORIENTED_EDGE('',*,*,#2515,.F.);
#4116=ORIENTED_EDGE('',*,*,#2940,.T.);
#4117=ORIENTED_EDGE('',*,*,#2955,.T.);
#4118=ORIENTED_EDGE('',*,*,#2953,.F.);
#4119=ORIENTED_EDGE('',*,*,#2955,.F.);
#4120=ORIENTED_EDGE('',*,*,#2939,.F.);
#4121=ORIENTED_EDGE('',*,*,#2942,.F.);
#4122=ORIENTED_EDGE('',*,*,#2944,.F.);
#4123=ORIENTED_EDGE('',*,*,#2946,.F.);
#4124=ORIENTED_EDGE('',*,*,#2948,.F.);
#4125=ORIENTED_EDGE('',*,*,#2950,.F.);
#4126=ORIENTED_EDGE('',*,*,#2952,.F.);
#4127=ORIENTED_EDGE('',*,*,#2954,.F.);
#4128=ORIENTED_EDGE('',*,*,#2937,.F.);
#4129=ORIENTED_EDGE('',*,*,#2919,.F.);
#4130=ORIENTED_EDGE('',*,*,#2923,.F.);
#4131=ORIENTED_EDGE('',*,*,#2926,.F.);
#4132=ORIENTED_EDGE('',*,*,#2929,.F.);
#4133=ORIENTED_EDGE('',*,*,#2932,.F.);
#4134=ORIENTED_EDGE('',*,*,#2935,.F.);
#4135=ORIENTED_EDGE('',*,*,#2956,.F.);
#4136=ORIENTED_EDGE('',*,*,#2957,.T.);
#4137=ORIENTED_EDGE('',*,*,#2958,.T.);
#4138=ORIENTED_EDGE('',*,*,#2957,.F.);
#4139=ORIENTED_EDGE('',*,*,#2959,.F.);
#4140=ORIENTED_EDGE('',*,*,#2960,.T.);
#4141=ORIENTED_EDGE('',*,*,#2961,.T.);
#4142=ORIENTED_EDGE('',*,*,#2960,.F.);
#4143=ORIENTED_EDGE('',*,*,#2512,.F.);
#4144=ORIENTED_EDGE('',*,*,#2962,.T.);
#4145=ORIENTED_EDGE('',*,*,#2963,.T.);
#4146=ORIENTED_EDGE('',*,*,#2964,.F.);
#4147=ORIENTED_EDGE('',*,*,#2513,.F.);
#4148=ORIENTED_EDGE('',*,*,#2964,.T.);
#4149=ORIENTED_EDGE('',*,*,#2965,.T.);
#4150=ORIENTED_EDGE('',*,*,#2962,.F.);
#4151=ORIENTED_EDGE('',*,*,#2965,.F.);
#4152=ORIENTED_EDGE('',*,*,#2963,.F.);
#4153=ORIENTED_EDGE('',*,*,#2961,.F.);
#4154=ORIENTED_EDGE('',*,*,#2958,.F.);
#4155=ORIENTED_EDGE('',*,*,#2966,.F.);
#4156=ORIENTED_EDGE('',*,*,#2967,.T.);
#4157=ORIENTED_EDGE('',*,*,#2968,.T.);
#4158=ORIENTED_EDGE('',*,*,#2969,.F.);
#4159=ORIENTED_EDGE('',*,*,#2970,.F.);
#4160=ORIENTED_EDGE('',*,*,#2971,.T.);
#4161=ORIENTED_EDGE('',*,*,#2972,.T.);
#4162=ORIENTED_EDGE('',*,*,#2967,.F.);
#4163=ORIENTED_EDGE('',*,*,#2973,.F.);
#4164=ORIENTED_EDGE('',*,*,#2974,.T.);
#4165=ORIENTED_EDGE('',*,*,#2975,.T.);
#4166=ORIENTED_EDGE('',*,*,#2971,.F.);
#4167=ORIENTED_EDGE('',*,*,#2976,.F.);
#4168=ORIENTED_EDGE('',*,*,#2969,.T.);
#4169=ORIENTED_EDGE('',*,*,#2977,.T.);
#4170=ORIENTED_EDGE('',*,*,#2974,.F.);
#4171=ORIENTED_EDGE('',*,*,#2506,.F.);
#4172=ORIENTED_EDGE('',*,*,#2978,.T.);
#4173=ORIENTED_EDGE('',*,*,#2979,.T.);
#4174=ORIENTED_EDGE('',*,*,#2980,.F.);
#4175=ORIENTED_EDGE('',*,*,#2511,.F.);
#4176=ORIENTED_EDGE('',*,*,#2981,.T.);
#4177=ORIENTED_EDGE('',*,*,#2982,.T.);
#4178=ORIENTED_EDGE('',*,*,#2978,.F.);
#4179=ORIENTED_EDGE('',*,*,#2510,.F.);
#4180=ORIENTED_EDGE('',*,*,#2983,.T.);
#4181=ORIENTED_EDGE('',*,*,#2984,.T.);
#4182=ORIENTED_EDGE('',*,*,#2981,.F.);
#4183=ORIENTED_EDGE('',*,*,#2509,.F.);
#4184=ORIENTED_EDGE('',*,*,#2985,.T.);
#4185=ORIENTED_EDGE('',*,*,#2986,.T.);
#4186=ORIENTED_EDGE('',*,*,#2983,.F.);
#4187=ORIENTED_EDGE('',*,*,#2508,.F.);
#4188=ORIENTED_EDGE('',*,*,#2987,.T.);
#4189=ORIENTED_EDGE('',*,*,#2988,.T.);
#4190=ORIENTED_EDGE('',*,*,#2985,.F.);
#4191=ORIENTED_EDGE('',*,*,#2507,.F.);
#4192=ORIENTED_EDGE('',*,*,#2980,.T.);
#4193=ORIENTED_EDGE('',*,*,#2989,.T.);
#4194=ORIENTED_EDGE('',*,*,#2987,.F.);
#4195=ORIENTED_EDGE('',*,*,#2989,.F.);
#4196=ORIENTED_EDGE('',*,*,#2979,.F.);
#4197=ORIENTED_EDGE('',*,*,#2982,.F.);
#4198=ORIENTED_EDGE('',*,*,#2984,.F.);
#4199=ORIENTED_EDGE('',*,*,#2986,.F.);
#4200=ORIENTED_EDGE('',*,*,#2988,.F.);
#4201=ORIENTED_EDGE('',*,*,#2977,.F.);
#4202=ORIENTED_EDGE('',*,*,#2968,.F.);
#4203=ORIENTED_EDGE('',*,*,#2972,.F.);
#4204=ORIENTED_EDGE('',*,*,#2975,.F.);
#4205=ORIENTED_EDGE('',*,*,#2494,.F.);
#4206=ORIENTED_EDGE('',*,*,#2990,.T.);
#4207=ORIENTED_EDGE('',*,*,#2991,.T.);
#4208=ORIENTED_EDGE('',*,*,#2992,.F.);
#4209=ORIENTED_EDGE('',*,*,#2505,.F.);
#4210=ORIENTED_EDGE('',*,*,#2993,.T.);
#4211=ORIENTED_EDGE('',*,*,#2994,.T.);
#4212=ORIENTED_EDGE('',*,*,#2990,.F.);
#4213=ORIENTED_EDGE('',*,*,#2504,.F.);
#4214=ORIENTED_EDGE('',*,*,#2995,.T.);
#4215=ORIENTED_EDGE('',*,*,#2996,.T.);
#4216=ORIENTED_EDGE('',*,*,#2993,.F.);
#4217=ORIENTED_EDGE('',*,*,#2503,.F.);
#4218=ORIENTED_EDGE('',*,*,#2997,.T.);
#4219=ORIENTED_EDGE('',*,*,#2998,.T.);
#4220=ORIENTED_EDGE('',*,*,#2995,.F.);
#4221=ORIENTED_EDGE('',*,*,#2502,.F.);
#4222=ORIENTED_EDGE('',*,*,#2999,.T.);
#4223=ORIENTED_EDGE('',*,*,#3000,.T.);
#4224=ORIENTED_EDGE('',*,*,#2997,.F.);
#4225=ORIENTED_EDGE('',*,*,#2501,.F.);
#4226=ORIENTED_EDGE('',*,*,#3001,.T.);
#4227=ORIENTED_EDGE('',*,*,#3002,.T.);
#4228=ORIENTED_EDGE('',*,*,#2999,.F.);
#4229=ORIENTED_EDGE('',*,*,#2500,.F.);
#4230=ORIENTED_EDGE('',*,*,#3003,.T.);
#4231=ORIENTED_EDGE('',*,*,#3004,.T.);
#4232=ORIENTED_EDGE('',*,*,#3001,.F.);
#4233=ORIENTED_EDGE('',*,*,#2499,.F.);
#4234=ORIENTED_EDGE('',*,*,#3005,.T.);
#4235=ORIENTED_EDGE('',*,*,#3006,.T.);
#4236=ORIENTED_EDGE('',*,*,#3003,.F.);
#4237=ORIENTED_EDGE('',*,*,#2498,.F.);
#4238=ORIENTED_EDGE('',*,*,#3007,.T.);
#4239=ORIENTED_EDGE('',*,*,#3008,.T.);
#4240=ORIENTED_EDGE('',*,*,#3005,.F.);
#4241=ORIENTED_EDGE('',*,*,#2497,.F.);
#4242=ORIENTED_EDGE('',*,*,#3009,.T.);
#4243=ORIENTED_EDGE('',*,*,#3010,.T.);
#4244=ORIENTED_EDGE('',*,*,#3007,.F.);
#4245=ORIENTED_EDGE('',*,*,#2496,.F.);
#4246=ORIENTED_EDGE('',*,*,#3011,.T.);
#4247=ORIENTED_EDGE('',*,*,#3012,.T.);
#4248=ORIENTED_EDGE('',*,*,#3009,.F.);
#4249=ORIENTED_EDGE('',*,*,#2495,.F.);
#4250=ORIENTED_EDGE('',*,*,#2992,.T.);
#4251=ORIENTED_EDGE('',*,*,#3013,.T.);
#4252=ORIENTED_EDGE('',*,*,#3011,.F.);
#4253=ORIENTED_EDGE('',*,*,#3013,.F.);
#4254=ORIENTED_EDGE('',*,*,#2991,.F.);
#4255=ORIENTED_EDGE('',*,*,#2994,.F.);
#4256=ORIENTED_EDGE('',*,*,#2996,.F.);
#4257=ORIENTED_EDGE('',*,*,#2998,.F.);
#4258=ORIENTED_EDGE('',*,*,#3000,.F.);
#4259=ORIENTED_EDGE('',*,*,#3002,.F.);
#4260=ORIENTED_EDGE('',*,*,#3004,.F.);
#4261=ORIENTED_EDGE('',*,*,#3006,.F.);
#4262=ORIENTED_EDGE('',*,*,#3008,.F.);
#4263=ORIENTED_EDGE('',*,*,#3010,.F.);
#4264=ORIENTED_EDGE('',*,*,#3012,.F.);
#4265=ORIENTED_EDGE('',*,*,#2966,.T.);
#4266=ORIENTED_EDGE('',*,*,#2976,.T.);
#4267=ORIENTED_EDGE('',*,*,#2973,.T.);
#4268=ORIENTED_EDGE('',*,*,#2970,.T.);
#4269=ORIENTED_EDGE('',*,*,#2959,.T.);
#4270=ORIENTED_EDGE('',*,*,#2956,.T.);
#4271=ORIENTED_EDGE('',*,*,#2917,.T.);
#4272=ORIENTED_EDGE('',*,*,#2936,.T.);
#4273=ORIENTED_EDGE('',*,*,#2933,.T.);
#4274=ORIENTED_EDGE('',*,*,#2930,.T.);
#4275=ORIENTED_EDGE('',*,*,#2927,.T.);
#4276=ORIENTED_EDGE('',*,*,#2924,.T.);
#4277=ORIENTED_EDGE('',*,*,#2921,.T.);
#4278=ORIENTED_EDGE('',*,*,#2808,.T.);
#4279=ORIENTED_EDGE('',*,*,#2692,.F.);
#4280=ORIENTED_EDGE('',*,*,#2449,.F.);
#4281=ORIENTED_EDGE('',*,*,#3014,.F.);
#4282=ORIENTED_EDGE('',*,*,#2689,.F.);
#4283=ORIENTED_EDGE('',*,*,#3015,.F.);
#4284=ORIENTED_EDGE('',*,*,#2439,.F.);
#4285=ORIENTED_EDGE('',*,*,#2691,.T.);
#4286=ORIENTED_EDGE('',*,*,#2686,.F.);
#4287=ORIENTED_EDGE('',*,*,#3014,.T.);
#4288=ORIENTED_EDGE('',*,*,#2448,.F.);
#4289=ORIENTED_EDGE('',*,*,#3016,.T.);
#4290=ORIENTED_EDGE('',*,*,#2690,.F.);
#4291=ORIENTED_EDGE('',*,*,#2445,.F.);
#4292=ORIENTED_EDGE('',*,*,#2672,.F.);
#4293=ORIENTED_EDGE('',*,*,#2679,.F.);
#4294=ORIENTED_EDGE('',*,*,#3017,.F.);
#4295=ORIENTED_EDGE('',*,*,#2446,.F.);
#4296=ORIENTED_EDGE('',*,*,#3017,.T.);
#4297=ORIENTED_EDGE('',*,*,#2678,.F.);
#4298=ORIENTED_EDGE('',*,*,#3018,.F.);
#4299=ORIENTED_EDGE('',*,*,#2447,.F.);
#4300=ORIENTED_EDGE('',*,*,#3018,.T.);
#4301=ORIENTED_EDGE('',*,*,#2682,.F.);
#4302=ORIENTED_EDGE('',*,*,#3016,.F.);
#4303=ORIENTED_EDGE('',*,*,#3015,.T.);
#4304=ORIENTED_EDGE('',*,*,#2685,.F.);
#4305=ORIENTED_EDGE('',*,*,#3019,.F.);
#4306=ORIENTED_EDGE('',*,*,#2440,.F.);
#4307=ORIENTED_EDGE('',*,*,#2441,.F.);
#4308=ORIENTED_EDGE('',*,*,#3019,.T.);
#4309=ORIENTED_EDGE('',*,*,#2674,.F.);
#4310=ORIENTED_EDGE('',*,*,#3020,.F.);
#4311=ORIENTED_EDGE('',*,*,#2442,.F.);
#4312=ORIENTED_EDGE('',*,*,#3020,.T.);
#4313=ORIENTED_EDGE('',*,*,#2669,.F.);
#4314=ORIENTED_EDGE('',*,*,#3021,.F.);
#4315=ORIENTED_EDGE('',*,*,#2443,.F.);
#4316=ORIENTED_EDGE('',*,*,#3021,.T.);
#4317=ORIENTED_EDGE('',*,*,#2668,.F.);
#4318=ORIENTED_EDGE('',*,*,#2673,.F.);
#4319=ORIENTED_EDGE('',*,*,#2654,.F.);
#4320=ORIENTED_EDGE('',*,*,#2676,.F.);
#4321=ORIENTED_EDGE('',*,*,#2661,.F.);
#4322=ORIENTED_EDGE('',*,*,#2658,.F.);
#4323=ORIENTED_EDGE('',*,*,#2438,.F.);
#4324=ORIENTED_EDGE('',*,*,#3022,.T.);
#4325=ORIENTED_EDGE('',*,*,#3023,.T.);
#4326=ORIENTED_EDGE('',*,*,#3022,.F.);
#4327=ORIENTED_EDGE('',*,*,#3023,.F.);
#4328=ORIENTED_EDGE('',*,*,#2437,.F.);
#4329=ORIENTED_EDGE('',*,*,#3024,.T.);
#4330=ORIENTED_EDGE('',*,*,#3025,.T.);
#4331=ORIENTED_EDGE('',*,*,#3024,.F.);
#4332=ORIENTED_EDGE('',*,*,#3025,.F.);
#4333=ORIENTED_EDGE('',*,*,#2436,.F.);
#4334=ORIENTED_EDGE('',*,*,#3026,.T.);
#4335=ORIENTED_EDGE('',*,*,#3027,.T.);
#4336=ORIENTED_EDGE('',*,*,#3026,.F.);
#4337=ORIENTED_EDGE('',*,*,#3027,.F.);
#4338=ORIENTED_EDGE('',*,*,#2435,.F.);
#4339=ORIENTED_EDGE('',*,*,#3028,.T.);
#4340=ORIENTED_EDGE('',*,*,#3029,.T.);
#4341=ORIENTED_EDGE('',*,*,#3028,.F.);
#4342=ORIENTED_EDGE('',*,*,#3029,.F.);
#4343=ORIENTED_EDGE('',*,*,#2381,.F.);
#4344=ORIENTED_EDGE('',*,*,#2684,.F.);
#4345=ORIENTED_EDGE('',*,*,#2462,.F.);
#4346=ORIENTED_EDGE('',*,*,#2629,.F.);
#4347=ORIENTED_EDGE('',*,*,#2729,.T.);
#4348=ORIENTED_EDGE('',*,*,#2736,.T.);
#4349=ORIENTED_EDGE('',*,*,#2733,.T.);
#4350=TOROIDAL_SURFACE('',#4656,5.,1.);
#4351=TOROIDAL_SURFACE('',#4663,5.,1.);
#4352=TOROIDAL_SURFACE('',#4667,3.,1.);
#4353=TOROIDAL_SURFACE('',#4671,5.,1.);
#4354=TOROIDAL_SURFACE('',#4677,5.,1.);
#4355=TOROIDAL_SURFACE('',#4681,3.,1.);
#4356=TOROIDAL_SURFACE('',#4685,5.,1.);
#4357=TOROIDAL_SURFACE('',#4691,5.,1.);
#4358=TOROIDAL_SURFACE('',#4695,3.,1.);
#4359=TOROIDAL_SURFACE('',#4699,5.,1.);
#4360=TOROIDAL_SURFACE('',#4705,5.,1.);
#4361=TOROIDAL_SURFACE('',#4709,3.,1.);
#4362=TOROIDAL_SURFACE('',#4731,6.,2.);
#4363=TOROIDAL_SURFACE('',#4738,6.,2.);
#4364=TOROIDAL_SURFACE('',#4745,6.,2.);
#4365=TOROIDAL_SURFACE('',#4751,6.,2.);
#4366=TOROIDAL_SURFACE('',#4756,6.,2.);
#4367=TOROIDAL_SURFACE('',#4761,6.,2.);
#4368=TOROIDAL_SURFACE('',#4766,6.,2.);
#4369=TOROIDAL_SURFACE('',#4771,6.,2.);
#4370=ADVANCED_FACE('',(#1295),#4350,.T.);
#4371=ADVANCED_FACE('',(#1296),#1263,.T.);
#4372=ADVANCED_FACE('',(#1297),#4351,.T.);
#4373=ADVANCED_FACE('',(#1298),#4352,.T.);
#4374=ADVANCED_FACE('',(#1299),#4353,.T.);
#4375=ADVANCED_FACE('',(#1300),#1264,.T.);
#4376=ADVANCED_FACE('',(#1301),#4354,.T.);
#4377=ADVANCED_FACE('',(#1302),#4355,.T.);
#4378=ADVANCED_FACE('',(#1303),#4356,.T.);
#4379=ADVANCED_FACE('',(#1304),#1265,.T.);
#4380=ADVANCED_FACE('',(#1305),#4357,.T.);
#4381=ADVANCED_FACE('',(#1306),#4358,.T.);
#4382=ADVANCED_FACE('',(#1307),#4359,.T.);
#4383=ADVANCED_FACE('',(#1308),#1266,.T.);
#4384=ADVANCED_FACE('',(#1309),#4360,.T.);
#4385=ADVANCED_FACE('',(#1310),#4361,.T.);
#4386=ADVANCED_FACE('',(#1311),#206,.T.);
#4387=ADVANCED_FACE('',(#1312),#1267,.F.);
#4388=ADVANCED_FACE('',(#1313),#1268,.T.);
#4389=ADVANCED_FACE('',(#1314),#1269,.F.);
#4390=ADVANCED_FACE('',(#1315),#207,.T.);
#4391=ADVANCED_FACE('',(#1316),#1270,.F.);
#4392=ADVANCED_FACE('',(#1317),#1271,.T.);
#4393=ADVANCED_FACE('',(#1318),#1272,.F.);
#4394=ADVANCED_FACE('',(#1319,#181,#182,#183,#184,#185),#208,.T.);
#4395=ADVANCED_FACE('',(#1320),#4362,.T.);
#4396=ADVANCED_FACE('',(#1321),#1273,.T.);
#4397=ADVANCED_FACE('',(#1322),#4363,.T.);
#4398=ADVANCED_FACE('',(#1323),#171,.F.);
#4399=ADVANCED_FACE('',(#1324),#4364,.T.);
#4400=ADVANCED_FACE('',(#1325),#1274,.T.);
#4401=ADVANCED_FACE('',(#1326),#4365,.T.);
#4402=ADVANCED_FACE('',(#1327),#172,.F.);
#4403=ADVANCED_FACE('',(#1328),#4366,.T.);
#4404=ADVANCED_FACE('',(#1329),#1275,.T.);
#4405=ADVANCED_FACE('',(#1330),#4367,.T.);
#4406=ADVANCED_FACE('',(#1331),#173,.F.);
#4407=ADVANCED_FACE('',(#1332),#4368,.T.);
#4408=ADVANCED_FACE('',(#1333),#1276,.T.);
#4409=ADVANCED_FACE('',(#1334),#4369,.T.);
#4410=ADVANCED_FACE('',(#1335),#174,.F.);
#4411=ADVANCED_FACE('',(#1336),#1277,.F.);
#4412=ADVANCED_FACE('',(#1337),#1278,.T.);
#4413=ADVANCED_FACE('',(#1338),#1279,.F.);
#4414=ADVANCED_FACE('',(#1339,#186,#187,#188,#189,#190,#191,#192,#193,#194,
#195,#196,#197,#198,#199),#209,.F.);
#4415=ADVANCED_FACE('',(#1340),#1280,.F.);
#4416=ADVANCED_FACE('',(#1341),#210,.T.);
#4417=ADVANCED_FACE('',(#1342),#59,.F.);
#4418=ADVANCED_FACE('',(#1343),#60,.F.);
#4419=ADVANCED_FACE('',(#1344),#1281,.F.);
#4420=ADVANCED_FACE('',(#1345),#61,.F.);
#4421=ADVANCED_FACE('',(#1346),#1282,.F.);
#4422=ADVANCED_FACE('',(#1347),#1283,.F.);
#4423=ADVANCED_FACE('',(#1348),#62,.F.);
#4424=ADVANCED_FACE('',(#1349),#1284,.F.);
#4425=ADVANCED_FACE('',(#1350),#1285,.F.);
#4426=ADVANCED_FACE('',(#1351),#1286,.F.);
#4427=ADVANCED_FACE('',(#1352),#1287,.F.);
#4428=ADVANCED_FACE('',(#1353),#1288,.F.);
#4429=ADVANCED_FACE('',(#1354),#211,.T.);
#4430=ADVANCED_FACE('',(#1355),#212,.T.);
#4431=ADVANCED_FACE('',(#1356),#213,.T.);
#4432=ADVANCED_FACE('',(#1357),#214,.T.);
#4433=ADVANCED_FACE('',(#1358),#215,.T.);
#4434=ADVANCED_FACE('',(#1359),#216,.T.);
#4435=ADVANCED_FACE('',(#1360),#217,.T.);
#4436=ADVANCED_FACE('',(#1361),#218,.T.);
#4437=ADVANCED_FACE('',(#1362),#1289,.F.);
#4438=ADVANCED_FACE('',(#1363),#219,.T.);
#4439=ADVANCED_FACE('',(#1364),#220,.T.);
#4440=ADVANCED_FACE('',(#1365),#221,.T.);
#4441=ADVANCED_FACE('',(#1366),#15,.F.);
#4442=ADVANCED_FACE('',(#1367),#222,.F.);
#4443=ADVANCED_FACE('',(#1368),#16,.F.);
#4444=ADVANCED_FACE('',(#1369),#223,.F.);
#4445=ADVANCED_FACE('',(#1370),#224,.F.);
#4446=ADVANCED_FACE('',(#1371),#225,.F.);
#4447=ADVANCED_FACE('',(#1372),#17,.F.);
#4448=ADVANCED_FACE('',(#1373),#226,.F.);
#4449=ADVANCED_FACE('',(#1374),#227,.F.);
#4450=ADVANCED_FACE('',(#1375),#228,.F.);
#4451=ADVANCED_FACE('',(#1376),#229,.T.);
#4452=ADVANCED_FACE('',(#1377),#230,.F.);
#4453=ADVANCED_FACE('',(#1378),#231,.F.);
#4454=ADVANCED_FACE('',(#1379),#232,.F.);
#4455=ADVANCED_FACE('',(#1380),#233,.F.);
#4456=ADVANCED_FACE('',(#1381),#234,.F.);
#4457=ADVANCED_FACE('',(#1382),#235,.F.);
#4458=ADVANCED_FACE('',(#1383),#236,.F.);
#4459=ADVANCED_FACE('',(#1384),#237,.F.);
#4460=ADVANCED_FACE('',(#1385),#238,.F.);
#4461=ADVANCED_FACE('',(#1386),#18,.F.);
#4462=ADVANCED_FACE('',(#1387),#239,.F.);
#4463=ADVANCED_FACE('',(#1388),#19,.F.);
#4464=ADVANCED_FACE('',(#1389),#20,.F.);
#4465=ADVANCED_FACE('',(#1390),#175,.T.);
#4466=ADVANCED_FACE('',(#1391),#21,.F.);
#4467=ADVANCED_FACE('',(#1392),#22,.F.);
#4468=ADVANCED_FACE('',(#1393),#240,.F.);
#4469=ADVANCED_FACE('',(#1394),#241,.F.);
#4470=ADVANCED_FACE('',(#1395),#242,.F.);
#4471=ADVANCED_FACE('',(#1396),#243,.F.);
#4472=ADVANCED_FACE('',(#1397),#244,.F.);
#4473=ADVANCED_FACE('',(#1398),#23,.F.);
#4474=ADVANCED_FACE('',(#1399),#24,.F.);
#4475=ADVANCED_FACE('',(#1400,#200),#245,.T.);
#4476=ADVANCED_FACE('',(#1401),#246,.F.);
#4477=ADVANCED_FACE('',(#1402),#247,.F.);
#4478=ADVANCED_FACE('',(#1403),#248,.F.);
#4479=ADVANCED_FACE('',(#1404),#249,.F.);
#4480=ADVANCED_FACE('',(#1405),#250,.F.);
#4481=ADVANCED_FACE('',(#1406),#251,.F.);
#4482=ADVANCED_FACE('',(#1407),#252,.F.);
#4483=ADVANCED_FACE('',(#1408),#253,.F.);
#4484=ADVANCED_FACE('',(#1409),#254,.F.);
#4485=ADVANCED_FACE('',(#1410),#255,.F.);
#4486=ADVANCED_FACE('',(#1411),#256,.F.);
#4487=ADVANCED_FACE('',(#1412),#257,.F.);
#4488=ADVANCED_FACE('',(#1413),#258,.F.);
#4489=ADVANCED_FACE('',(#1414),#259,.F.);
#4490=ADVANCED_FACE('',(#1415),#260,.F.);
#4491=ADVANCED_FACE('',(#1416),#261,.F.);
#4492=ADVANCED_FACE('',(#1417),#262,.F.);
#4493=ADVANCED_FACE('',(#1418),#263,.F.);
#4494=ADVANCED_FACE('',(#1419),#264,.F.);
#4495=ADVANCED_FACE('',(#1420),#265,.F.);
#4496=ADVANCED_FACE('',(#1421),#266,.F.);
#4497=ADVANCED_FACE('',(#1422),#267,.F.);
#4498=ADVANCED_FACE('',(#1423),#268,.F.);
#4499=ADVANCED_FACE('',(#1424),#269,.F.);
#4500=ADVANCED_FACE('',(#1425),#270,.F.);
#4501=ADVANCED_FACE('',(#1426),#271,.F.);
#4502=ADVANCED_FACE('',(#1427),#25,.F.);
#4503=ADVANCED_FACE('',(#1428),#26,.F.);
#4504=ADVANCED_FACE('',(#1429,#201),#272,.T.);
#4505=ADVANCED_FACE('',(#1430),#273,.F.);
#4506=ADVANCED_FACE('',(#1431),#27,.F.);
#4507=ADVANCED_FACE('',(#1432),#274,.F.);
#4508=ADVANCED_FACE('',(#1433),#275,.F.);
#4509=ADVANCED_FACE('',(#1434),#276,.F.);
#4510=ADVANCED_FACE('',(#1435),#277,.F.);
#4511=ADVANCED_FACE('',(#1436),#278,.F.);
#4512=ADVANCED_FACE('',(#1437),#28,.F.);
#4513=ADVANCED_FACE('',(#1438),#279,.F.);
#4514=ADVANCED_FACE('',(#1439),#280,.F.);
#4515=ADVANCED_FACE('',(#1440),#281,.F.);
#4516=ADVANCED_FACE('',(#1441),#282,.F.);
#4517=ADVANCED_FACE('',(#1442),#283,.F.);
#4518=ADVANCED_FACE('',(#1443),#284,.T.);
#4519=ADVANCED_FACE('',(#1444),#29,.F.);
#4520=ADVANCED_FACE('',(#1445),#285,.F.);
#4521=ADVANCED_FACE('',(#1446),#286,.F.);
#4522=ADVANCED_FACE('',(#1447),#287,.F.);
#4523=ADVANCED_FACE('',(#1448),#288,.F.);
#4524=ADVANCED_FACE('',(#1449),#30,.F.);
#4525=ADVANCED_FACE('',(#1450),#289,.F.);
#4526=ADVANCED_FACE('',(#1451),#290,.F.);
#4527=ADVANCED_FACE('',(#1452),#291,.F.);
#4528=ADVANCED_FACE('',(#1453),#292,.F.);
#4529=ADVANCED_FACE('',(#1454),#293,.T.);
#4530=ADVANCED_FACE('',(#1455),#294,.F.);
#4531=ADVANCED_FACE('',(#1456),#295,.F.);
#4532=ADVANCED_FACE('',(#1457),#296,.F.);
#4533=ADVANCED_FACE('',(#1458),#297,.F.);
#4534=ADVANCED_FACE('',(#1459),#298,.F.);
#4535=ADVANCED_FACE('',(#1460),#31,.F.);
#4536=ADVANCED_FACE('',(#1461),#299,.F.);
#4537=ADVANCED_FACE('',(#1462),#32,.F.);
#4538=ADVANCED_FACE('',(#1463),#33,.F.);
#4539=ADVANCED_FACE('',(#1464),#34,.F.);
#4540=ADVANCED_FACE('',(#1465),#35,.F.);
#4541=ADVANCED_FACE('',(#1466),#36,.F.);
#4542=ADVANCED_FACE('',(#1467),#300,.F.);
#4543=ADVANCED_FACE('',(#1468),#301,.F.);
#4544=ADVANCED_FACE('',(#1469),#302,.F.);
#4545=ADVANCED_FACE('',(#1470),#303,.F.);
#4546=ADVANCED_FACE('',(#1471),#304,.F.);
#4547=ADVANCED_FACE('',(#1472),#176,.F.);
#4548=ADVANCED_FACE('',(#1473),#37,.F.);
#4549=ADVANCED_FACE('',(#1474),#38,.F.);
#4550=ADVANCED_FACE('',(#1475),#39,.F.);
#4551=ADVANCED_FACE('',(#1476),#305,.F.);
#4552=ADVANCED_FACE('',(#1477),#306,.F.);
#4553=ADVANCED_FACE('',(#1478),#307,.F.);
#4554=ADVANCED_FACE('',(#1479),#40,.F.);
#4555=ADVANCED_FACE('',(#1480),#41,.F.);
#4556=ADVANCED_FACE('',(#1481),#42,.F.);
#4557=ADVANCED_FACE('',(#1482),#308,.F.);
#4558=ADVANCED_FACE('',(#1483),#309,.F.);
#4559=ADVANCED_FACE('',(#1484),#310,.F.);
#4560=ADVANCED_FACE('',(#1485),#311,.T.);
#4561=ADVANCED_FACE('',(#1486),#177,.F.);
#4562=ADVANCED_FACE('',(#1487),#43,.F.);
#4563=ADVANCED_FACE('',(#1488),#312,.F.);
#4564=ADVANCED_FACE('',(#1489),#44,.F.);
#4565=ADVANCED_FACE('',(#1490),#178,.F.);
#4566=ADVANCED_FACE('',(#1491),#313,.F.);
#4567=ADVANCED_FACE('',(#1492),#45,.F.);
#4568=ADVANCED_FACE('',(#1493),#314,.F.);
#4569=ADVANCED_FACE('',(#1494),#179,.F.);
#4570=ADVANCED_FACE('',(#1495),#46,.F.);
#4571=ADVANCED_FACE('',(#1496),#47,.F.);
#4572=ADVANCED_FACE('',(#1497),#315,.F.);
#4573=ADVANCED_FACE('',(#1498),#48,.F.);
#4574=ADVANCED_FACE('',(#1499),#180,.T.);
#4575=ADVANCED_FACE('',(#1500),#49,.F.);
#4576=ADVANCED_FACE('',(#1501),#50,.F.);
#4577=ADVANCED_FACE('',(#1502,#202),#316,.T.);
#4578=ADVANCED_FACE('',(#1503),#51,.F.);
#4579=ADVANCED_FACE('',(#1504),#52,.F.);
#4580=ADVANCED_FACE('',(#1505),#53,.F.);
#4581=ADVANCED_FACE('',(#1506),#54,.F.);
#4582=ADVANCED_FACE('',(#1507,#203,#204),#317,.T.);
#4583=ADVANCED_FACE('',(#1508),#55,.F.);
#4584=ADVANCED_FACE('',(#1509),#318,.F.);
#4585=ADVANCED_FACE('',(#1510),#319,.F.);
#4586=ADVANCED_FACE('',(#1511),#320,.F.);
#4587=ADVANCED_FACE('',(#1512),#321,.F.);
#4588=ADVANCED_FACE('',(#1513),#322,.F.);
#4589=ADVANCED_FACE('',(#1514),#323,.F.);
#4590=ADVANCED_FACE('',(#1515),#56,.F.);
#4591=ADVANCED_FACE('',(#1516),#324,.F.);
#4592=ADVANCED_FACE('',(#1517),#325,.F.);
#4593=ADVANCED_FACE('',(#1518,#205),#326,.T.);
#4594=ADVANCED_FACE('',(#1519),#327,.F.);
#4595=ADVANCED_FACE('',(#1520),#328,.F.);
#4596=ADVANCED_FACE('',(#1521),#329,.F.);
#4597=ADVANCED_FACE('',(#1522),#57,.F.);
#4598=ADVANCED_FACE('',(#1523),#330,.F.);
#4599=ADVANCED_FACE('',(#1524),#331,.F.);
#4600=ADVANCED_FACE('',(#1525),#332,.F.);
#4601=ADVANCED_FACE('',(#1526),#333,.F.);
#4602=ADVANCED_FACE('',(#1527),#334,.F.);
#4603=ADVANCED_FACE('',(#1528),#58,.F.);
#4604=ADVANCED_FACE('',(#1529),#335,.F.);
#4605=ADVANCED_FACE('',(#1530),#336,.F.);
#4606=ADVANCED_FACE('',(#1531),#337,.T.);
#4607=ADVANCED_FACE('',(#1532),#338,.F.);
#4608=ADVANCED_FACE('',(#1533),#339,.F.);
#4609=ADVANCED_FACE('',(#1534),#340,.F.);
#4610=ADVANCED_FACE('',(#1535),#341,.F.);
#4611=ADVANCED_FACE('',(#1536),#342,.F.);
#4612=ADVANCED_FACE('',(#1537),#343,.F.);
#4613=ADVANCED_FACE('',(#1538),#344,.F.);
#4614=ADVANCED_FACE('',(#1539),#345,.T.);
#4615=ADVANCED_FACE('',(#1540),#346,.T.);
#4616=ADVANCED_FACE('',(#1541),#347,.T.);
#4617=ADVANCED_FACE('',(#1542),#348,.T.);
#4618=ADVANCED_FACE('',(#1543),#349,.T.);
#4619=ADVANCED_FACE('',(#1544),#350,.T.);
#4620=ADVANCED_FACE('',(#1545),#351,.T.);
#4621=ADVANCED_FACE('',(#1546),#352,.T.);
#4622=ADVANCED_FACE('',(#1547),#353,.T.);
#4623=ADVANCED_FACE('',(#1548),#1290,.F.);
#4624=ADVANCED_FACE('',(#1549),#354,.T.);
#4625=ADVANCED_FACE('',(#1550),#1291,.F.);
#4626=ADVANCED_FACE('',(#1551),#355,.T.);
#4627=ADVANCED_FACE('',(#1552),#1292,.F.);
#4628=ADVANCED_FACE('',(#1553),#356,.T.);
#4629=ADVANCED_FACE('',(#1554),#1293,.F.);
#4630=ADVANCED_FACE('',(#1555),#357,.T.);
#4631=ADVANCED_FACE('',(#1556),#1294,.T.);
#4632=ADVANCED_FACE('',(#1557),#358,.F.);
#4633=CLOSED_SHELL('',(#4370,#4371,#4372,#4373,#4374,#4375,#4376,#4377,
#4378,#4379,#4380,#4381,#4382,#4383,#4384,#4385,#4386,#4387,#4388,#4389,
#4390,#4391,#4392,#4393,#4394,#4395,#4396,#4397,#4398,#4399,#4400,#4401,
#4402,#4403,#4404,#4405,#4406,#4407,#4408,#4409,#4410,#4411,#4412,#4413,
#4414,#4415,#4416,#4417,#4418,#4419,#4420,#4421,#4422,#4423,#4424,#4425,
#4426,#4427,#4428,#4429,#4430,#4431,#4432,#4433,#4434,#4435,#4436,#4437,
#4438,#4439,#4440,#4441,#4442,#4443,#4444,#4445,#4446,#4447,#4448,#4449,
#4450,#4451,#4452,#4453,#4454,#4455,#4456,#4457,#4458,#4459,#4460,#4461,
#4462,#4463,#4464,#4465,#4466,#4467,#4468,#4469,#4470,#4471,#4472,#4473,
#4474,#4475,#4476,#4477,#4478,#4479,#4480,#4481,#4482,#4483,#4484,#4485,
#4486,#4487,#4488,#4489,#4490,#4491,#4492,#4493,#4494,#4495,#4496,#4497,
#4498,#4499,#4500,#4501,#4502,#4503,#4504,#4505,#4506,#4507,#4508,#4509,
#4510,#4511,#4512,#4513,#4514,#4515,#4516,#4517,#4518,#4519,#4520,#4521,
#4522,#4523,#4524,#4525,#4526,#4527,#4528,#4529,#4530,#4531,#4532,#4533,
#4534,#4535,#4536,#4537,#4538,#4539,#4540,#4541,#4542,#4543,#4544,#4545,
#4546,#4547,#4548,#4549,#4550,#4551,#4552,#4553,#4554,#4555,#4556,#4557,
#4558,#4559,#4560,#4561,#4562,#4563,#4564,#4565,#4566,#4567,#4568,#4569,
#4570,#4571,#4572,#4573,#4574,#4575,#4576,#4577,#4578,#4579,#4580,#4581,
#4582,#4583,#4584,#4585,#4586,#4587,#4588,#4589,#4590,#4591,#4592,#4593,
#4594,#4595,#4596,#4597,#4598,#4599,#4600,#4601,#4602,#4603,#4604,#4605,
#4606,#4607,#4608,#4609,#4610,#4611,#4612,#4613,#4614,#4615,#4616,#4617,
#4618,#4619,#4620,#4621,#4622,#4623,#4624,#4625,#4626,#4627,#4628,#4629,
#4630,#4631,#4632));
#4634=DERIVED_UNIT_ELEMENT(#4637,1.);
#4635=DERIVED_UNIT_ELEMENT(#9764,-3.);
#4636=DIMENSIONAL_EXPONENTS(0.,1.,0.,0.,0.,0.,0.);
#4637=(
CONVERSION_BASED_UNIT('gram',#4639)
MASS_UNIT()
NAMED_UNIT(#4636)
);
#4638=(
MASS_UNIT()
NAMED_UNIT(*)
SI_UNIT(.KILO.,.GRAM.)
);
#4639=MASS_MEASURE_WITH_UNIT(MASS_MEASURE(0.001),#4638);
#4640=DERIVED_UNIT((#4634,#4635));
#4641=MEASURE_REPRESENTATION_ITEM('density measure',
POSITIVE_RATIO_MEASURE(0.93),#4640);
#4642=PROPERTY_DEFINITION_REPRESENTATION(#4647,#4644);
#4643=PROPERTY_DEFINITION_REPRESENTATION(#4648,#4645);
#4644=REPRESENTATION('material name',(#4646),#9761);
#4645=REPRESENTATION('density',(#4641),#9761);
#4646=DESCRIPTIVE_REPRESENTATION_ITEM('Gummi','Gummi');
#4647=PROPERTY_DEFINITION('material property','material name',#9771);
#4648=PROPERTY_DEFINITION('material property','density of part',#9771);
#4649=DATE_TIME_ROLE('creation_date');
#4650=APPLIED_DATE_AND_TIME_ASSIGNMENT(#4651,#4649,(#9771));
#4651=DATE_AND_TIME(#4652,#4653);
#4652=CALENDAR_DATE(2025,26,1);
#4653=LOCAL_TIME(0,0,0.,#4654);
#4654=COORDINATED_UNIVERSAL_TIME_OFFSET(0,0,.BEHIND.);
#4655=AXIS2_PLACEMENT_3D('',#6097,#4985,#4986);
#4656=AXIS2_PLACEMENT_3D('',#6098,#4987,#4988);
#4657=AXIS2_PLACEMENT_3D('',#6101,#4989,#4990);
#4658=AXIS2_PLACEMENT_3D('',#6103,#4991,#4992);
#4659=AXIS2_PLACEMENT_3D('',#6105,#4993,#4994);
#4660=AXIS2_PLACEMENT_3D('',#6106,#4995,#4996);
#4661=AXIS2_PLACEMENT_3D('',#6107,#4997,#4998);
#4662=AXIS2_PLACEMENT_3D('',#6110,#4999,#5000);
#4663=AXIS2_PLACEMENT_3D('',#6113,#5003,#5004);
#4664=AXIS2_PLACEMENT_3D('',#6116,#5005,#5006);
#4665=AXIS2_PLACEMENT_3D('',#6117,#5007,#5008);
#4666=AXIS2_PLACEMENT_3D('',#6118,#5009,#5010);
#4667=AXIS2_PLACEMENT_3D('',#6119,#5011,#5012);
#4668=AXIS2_PLACEMENT_3D('',#6122,#5013,#5014);
#4669=AXIS2_PLACEMENT_3D('',#6123,#5015,#5016);
#4670=AXIS2_PLACEMENT_3D('',#6124,#5017,#5018);
#4671=AXIS2_PLACEMENT_3D('',#6125,#5019,#5020);
#4672=AXIS2_PLACEMENT_3D('',#6128,#5021,#5022);
#4673=AXIS2_PLACEMENT_3D('',#6129,#5023,#5024);
#4674=AXIS2_PLACEMENT_3D('',#6130,#5025,#5026);
#4675=AXIS2_PLACEMENT_3D('',#6131,#5027,#5028);
#4676=AXIS2_PLACEMENT_3D('',#6134,#5029,#5030);
#4677=AXIS2_PLACEMENT_3D('',#6137,#5033,#5034);
#4678=AXIS2_PLACEMENT_3D('',#6140,#5035,#5036);
#4679=AXIS2_PLACEMENT_3D('',#6141,#5037,#5038);
#4680=AXIS2_PLACEMENT_3D('',#6142,#5039,#5040);
#4681=AXIS2_PLACEMENT_3D('',#6143,#5041,#5042);
#4682=AXIS2_PLACEMENT_3D('',#6146,#5043,#5044);
#4683=AXIS2_PLACEMENT_3D('',#6147,#5045,#5046);
#4684=AXIS2_PLACEMENT_3D('',#6148,#5047,#5048);
#4685=AXIS2_PLACEMENT_3D('',#6149,#5049,#5050);
#4686=AXIS2_PLACEMENT_3D('',#6152,#5051,#5052);
#4687=AXIS2_PLACEMENT_3D('',#6153,#5053,#5054);
#4688=AXIS2_PLACEMENT_3D('',#6154,#5055,#5056);
#4689=AXIS2_PLACEMENT_3D('',#6155,#5057,#5058);
#4690=AXIS2_PLACEMENT_3D('',#6158,#5059,#5060);
#4691=AXIS2_PLACEMENT_3D('',#6161,#5063,#5064);
#4692=AXIS2_PLACEMENT_3D('',#6164,#5065,#5066);
#4693=AXIS2_PLACEMENT_3D('',#6165,#5067,#5068);
#4694=AXIS2_PLACEMENT_3D('',#6166,#5069,#5070);
#4695=AXIS2_PLACEMENT_3D('',#6167,#5071,#5072);
#4696=AXIS2_PLACEMENT_3D('',#6170,#5073,#5074);
#4697=AXIS2_PLACEMENT_3D('',#6171,#5075,#5076);
#4698=AXIS2_PLACEMENT_3D('',#6172,#5077,#5078);
#4699=AXIS2_PLACEMENT_3D('',#6173,#5079,#5080);
#4700=AXIS2_PLACEMENT_3D('',#6176,#5081,#5082);
#4701=AXIS2_PLACEMENT_3D('',#6177,#5083,#5084);
#4702=AXIS2_PLACEMENT_3D('',#6178,#5085,#5086);
#4703=AXIS2_PLACEMENT_3D('',#6179,#5087,#5088);
#4704=AXIS2_PLACEMENT_3D('',#6182,#5089,#5090);
#4705=AXIS2_PLACEMENT_3D('',#6185,#5093,#5094);
#4706=AXIS2_PLACEMENT_3D('',#6188,#5095,#5096);
#4707=AXIS2_PLACEMENT_3D('',#6189,#5097,#5098);
#4708=AXIS2_PLACEMENT_3D('',#6190,#5099,#5100);
#4709=AXIS2_PLACEMENT_3D('',#6191,#5101,#5102);
#4710=AXIS2_PLACEMENT_3D('',#6192,#5103,#5104);
#4711=AXIS2_PLACEMENT_3D('',#6193,#5105,#5106);
#4712=AXIS2_PLACEMENT_3D('',#6194,#5107,#5108);
#4713=AXIS2_PLACEMENT_3D('',#6200,#5112,#5113);
#4714=AXIS2_PLACEMENT_3D('',#6203,#5115,#5116);
#4715=AXIS2_PLACEMENT_3D('',#6204,#5117,#5118);
#4716=AXIS2_PLACEMENT_3D('',#6207,#5120,#5121);
#4717=AXIS2_PLACEMENT_3D('',#6208,#5122,#5123);
#4718=AXIS2_PLACEMENT_3D('',#6211,#5125,#5126);
#4719=AXIS2_PLACEMENT_3D('',#6212,#5127,#5128);
#4720=AXIS2_PLACEMENT_3D('',#6216,#5131,#5132);
#4721=AXIS2_PLACEMENT_3D('',#6219,#5134,#5135);
#4722=AXIS2_PLACEMENT_3D('',#6220,#5136,#5137);
#4723=AXIS2_PLACEMENT_3D('',#6223,#5139,#5140);
#4724=AXIS2_PLACEMENT_3D('',#6224,#5141,#5142);
#4725=AXIS2_PLACEMENT_3D('',#6227,#5144,#5145);
#4726=AXIS2_PLACEMENT_3D('',#6228,#5146,#5147);
#4727=AXIS2_PLACEMENT_3D('',#6230,#5148,#5149);
#4728=AXIS2_PLACEMENT_3D('',#6232,#5150,#5151);
#4729=AXIS2_PLACEMENT_3D('',#6234,#5152,#5153);
#4730=AXIS2_PLACEMENT_3D('',#6236,#5154,#5155);
#4731=AXIS2_PLACEMENT_3D('',#6261,#5168,#5169);
#4732=AXIS2_PLACEMENT_3D('',#6264,#5170,#5171);
#4733=AXIS2_PLACEMENT_3D('',#6266,#5172,#5173);
#4734=AXIS2_PLACEMENT_3D('',#6268,#5174,#5175);
#4735=AXIS2_PLACEMENT_3D('',#6269,#5176,#5177);
#4736=AXIS2_PLACEMENT_3D('',#6270,#5178,#5179);
#4737=AXIS2_PLACEMENT_3D('',#6273,#5180,#5181);
#4738=AXIS2_PLACEMENT_3D('',#6276,#5184,#5185);
#4739=AXIS2_PLACEMENT_3D('',#6279,#5186,#5187);
#4740=AXIS2_PLACEMENT_3D('',#6280,#5188,#5189);
#4741=AXIS2_PLACEMENT_3D('',#6281,#5190,#5191);
#4742=AXIS2_PLACEMENT_3D('',#6305,#5192,#5193);
#4743=AXIS2_PLACEMENT_3D('',#6306,#5194,#5195);
#4744=AXIS2_PLACEMENT_3D('',#6307,#5196,#5197);
#4745=AXIS2_PLACEMENT_3D('',#6308,#5198,#5199);
#4746=AXIS2_PLACEMENT_3D('',#6311,#5200,#5201);
#4747=AXIS2_PLACEMENT_3D('',#6312,#5202,#5203);
#4748=AXIS2_PLACEMENT_3D('',#6313,#5204,#5205);
#4749=AXIS2_PLACEMENT_3D('',#6314,#5206,#5207);
#4750=AXIS2_PLACEMENT_3D('',#6316,#5208,#5209);
#4751=AXIS2_PLACEMENT_3D('',#6319,#5212,#5213);
#4752=AXIS2_PLACEMENT_3D('',#6321,#5214,#5215);
#4753=AXIS2_PLACEMENT_3D('',#6322,#5216,#5217);
#4754=AXIS2_PLACEMENT_3D('',#6345,#5218,#5219);
#4755=AXIS2_PLACEMENT_3D('',#6346,#5220,#5221);
#4756=AXIS2_PLACEMENT_3D('',#6347,#5222,#5223);
#4757=AXIS2_PLACEMENT_3D('',#6349,#5224,#5225);
#4758=AXIS2_PLACEMENT_3D('',#6350,#5226,#5227);
#4759=AXIS2_PLACEMENT_3D('',#6351,#5228,#5229);
#4760=AXIS2_PLACEMENT_3D('',#6353,#5230,#5231);
#4761=AXIS2_PLACEMENT_3D('',#6355,#5233,#5234);
#4762=AXIS2_PLACEMENT_3D('',#6357,#5235,#5236);
#4763=AXIS2_PLACEMENT_3D('',#6358,#5237,#5238);
#4764=AXIS2_PLACEMENT_3D('',#6381,#5239,#5240);
#4765=AXIS2_PLACEMENT_3D('',#6382,#5241,#5242);
#4766=AXIS2_PLACEMENT_3D('',#6383,#5243,#5244);
#4767=AXIS2_PLACEMENT_3D('',#6385,#5245,#5246);
#4768=AXIS2_PLACEMENT_3D('',#6386,#5247,#5248);
#4769=AXIS2_PLACEMENT_3D('',#6387,#5249,#5250);
#4770=AXIS2_PLACEMENT_3D('',#6389,#5251,#5252);
#4771=AXIS2_PLACEMENT_3D('',#6391,#5254,#5255);
#4772=AXIS2_PLACEMENT_3D('',#6394,#5256,#5257);
#4773=AXIS2_PLACEMENT_3D('',#6395,#5258,#5259);
#4774=AXIS2_PLACEMENT_3D('',#6396,#5260,#5261);
#4775=AXIS2_PLACEMENT_3D('',#6418,#5262,#5263);
#4776=AXIS2_PLACEMENT_3D('',#6419,#5264,#5265);
#4777=AXIS2_PLACEMENT_3D('',#6420,#5266,#5267);
#4778=AXIS2_PLACEMENT_3D('',#6422,#5269,#5270);
#4779=AXIS2_PLACEMENT_3D('',#6424,#5272,#5273);
#4780=AXIS2_PLACEMENT_3D('',#6426,#5275,#5276);
#4781=AXIS2_PLACEMENT_3D('',#6616,#5293,#5294);
#4782=AXIS2_PLACEMENT_3D('',#6646,#5296,#5297);
#4783=AXIS2_PLACEMENT_3D('',#6708,#5304,#5305);
#4784=AXIS2_PLACEMENT_3D('',#7011,#5364,#5365);
#4785=AXIS2_PLACEMENT_3D('',#7072,#5381,#5382);
#4786=AXIS2_PLACEMENT_3D('',#7075,#5385,#5386);
#4787=AXIS2_PLACEMENT_3D('',#7076,#5387,#5388);
#4788=AXIS2_PLACEMENT_3D('',#7079,#5389,#5390);
#4789=AXIS2_PLACEMENT_3D('',#7081,#5391,#5392);
#4790=AXIS2_PLACEMENT_3D('',#7082,#5393,#5394);
#4791=AXIS2_PLACEMENT_3D('',#7083,#5395,#5396);
#4792=AXIS2_PLACEMENT_3D('',#7086,#5397,#5398);
#4793=AXIS2_PLACEMENT_3D('',#7088,#5399,#5400);
#4794=AXIS2_PLACEMENT_3D('',#7089,#5401,#5402);
#4795=AXIS2_PLACEMENT_3D('',#7090,#5403,#5404);
#4796=AXIS2_PLACEMENT_3D('',#7093,#5407,#5408);
#4797=AXIS2_PLACEMENT_3D('',#7096,#5409,#5410);
#4798=AXIS2_PLACEMENT_3D('',#7098,#5411,#5412);
#4799=AXIS2_PLACEMENT_3D('',#7099,#5413,#5414);
#4800=AXIS2_PLACEMENT_3D('',#7100,#5415,#5416);
#4801=AXIS2_PLACEMENT_3D('',#7103,#5419,#5420);
#4802=AXIS2_PLACEMENT_3D('',#7106,#5421,#5422);
#4803=AXIS2_PLACEMENT_3D('',#7110,#5425,#5426);
#4804=AXIS2_PLACEMENT_3D('',#7111,#5427,#5428);
#4805=AXIS2_PLACEMENT_3D('',#7114,#5429,#5430);
#4806=AXIS2_PLACEMENT_3D('',#7116,#5431,#5432);
#4807=AXIS2_PLACEMENT_3D('',#7117,#5433,#5434);
#4808=AXIS2_PLACEMENT_3D('',#7118,#5435,#5436);
#4809=AXIS2_PLACEMENT_3D('',#7121,#5439,#5440);
#4810=AXIS2_PLACEMENT_3D('',#7124,#5441,#5442);
#4811=AXIS2_PLACEMENT_3D('',#7128,#5445,#5446);
#4812=AXIS2_PLACEMENT_3D('',#7129,#5447,#5448);
#4813=AXIS2_PLACEMENT_3D('',#7132,#5451,#5452);
#4814=AXIS2_PLACEMENT_3D('',#7135,#5453,#5454);
#4815=AXIS2_PLACEMENT_3D('',#7139,#5457,#5458);
#4816=AXIS2_PLACEMENT_3D('',#7140,#5459,#5460);
#4817=AXIS2_PLACEMENT_3D('',#7143,#5461,#5462);
#4818=AXIS2_PLACEMENT_3D('',#7147,#5465,#5466);
#4819=AXIS2_PLACEMENT_3D('',#7148,#5467,#5468);
#4820=AXIS2_PLACEMENT_3D('',#7156,#5473,#5474);
#4821=AXIS2_PLACEMENT_3D('',#7161,#5478,#5479);
#4822=AXIS2_PLACEMENT_3D('',#7166,#5483,#5484);
#4823=AXIS2_PLACEMENT_3D('',#7172,#5488,#5489);
#4824=AXIS2_PLACEMENT_3D('',#7174,#5491,#5492);
#4825=AXIS2_PLACEMENT_3D('',#7178,#5495,#5496);
#4826=AXIS2_PLACEMENT_3D('',#7179,#5497,#5498);
#4827=AXIS2_PLACEMENT_3D('',#7181,#5500,#5501);
#4828=AXIS2_PLACEMENT_3D('',#7183,#5503,#5504);
#4829=AXIS2_PLACEMENT_3D('',#7189,#5508,#5509);
#4830=AXIS2_PLACEMENT_3D('',#7195,#5513,#5514);
#4831=AXIS2_PLACEMENT_3D('',#7232,#5519,#5520);
#4832=AXIS2_PLACEMENT_3D('',#7250,#5524,#5525);
#4833=AXIS2_PLACEMENT_3D('',#7254,#5528,#5529);
#4834=AXIS2_PLACEMENT_3D('',#7258,#5532,#5533);
#4835=AXIS2_PLACEMENT_3D('',#7303,#5537,#5538);
#4836=AXIS2_PLACEMENT_3D('',#7307,#5541,#5542);
#4837=AXIS2_PLACEMENT_3D('',#7311,#5545,#5546);
#4838=AXIS2_PLACEMENT_3D('',#7313,#5548,#5549);
#4839=AXIS2_PLACEMENT_3D('',#7314,#5550,#5551);
#4840=AXIS2_PLACEMENT_3D('',#7320,#5555,#5556);
#4841=AXIS2_PLACEMENT_3D('',#7324,#5559,#5560);
#4842=AXIS2_PLACEMENT_3D('',#7328,#5563,#5564);
#4843=AXIS2_PLACEMENT_3D('',#7332,#5567,#5568);
#4844=AXIS2_PLACEMENT_3D('',#7336,#5571,#5572);
#4845=AXIS2_PLACEMENT_3D('',#7340,#5575,#5576);
#4846=AXIS2_PLACEMENT_3D('',#7344,#5579,#5580);
#4847=AXIS2_PLACEMENT_3D('',#7346,#5582,#5583);
#4848=AXIS2_PLACEMENT_3D('',#7381,#5586,#5587);
#4849=AXIS2_PLACEMENT_3D('',#7532,#5594,#5595);
#4850=AXIS2_PLACEMENT_3D('',#7570,#5598,#5599);
#4851=AXIS2_PLACEMENT_3D('',#7574,#5602,#5603);
#4852=AXIS2_PLACEMENT_3D('',#7578,#5606,#5607);
#4853=AXIS2_PLACEMENT_3D('',#7582,#5610,#5611);
#4854=AXIS2_PLACEMENT_3D('',#7586,#5614,#5615);
#4855=AXIS2_PLACEMENT_3D('',#7634,#5619,#5620);
#4856=AXIS2_PLACEMENT_3D('',#7635,#5621,#5622);
#4857=AXIS2_PLACEMENT_3D('',#7641,#5626,#5627);
#4858=AXIS2_PLACEMENT_3D('',#7645,#5630,#5631);
#4859=AXIS2_PLACEMENT_3D('',#7649,#5634,#5635);
#4860=AXIS2_PLACEMENT_3D('',#7653,#5638,#5639);
#4861=AXIS2_PLACEMENT_3D('',#7657,#5642,#5643);
#4862=AXIS2_PLACEMENT_3D('',#7661,#5646,#5647);
#4863=AXIS2_PLACEMENT_3D('',#7665,#5650,#5651);
#4864=AXIS2_PLACEMENT_3D('',#7669,#5654,#5655);
#4865=AXIS2_PLACEMENT_3D('',#7673,#5658,#5659);
#4866=AXIS2_PLACEMENT_3D('',#7677,#5662,#5663);
#4867=AXIS2_PLACEMENT_3D('',#7681,#5666,#5667);
#4868=AXIS2_PLACEMENT_3D('',#7683,#5669,#5670);
#4869=AXIS2_PLACEMENT_3D('',#7684,#5671,#5672);
#4870=AXIS2_PLACEMENT_3D('',#7690,#5676,#5677);
#4871=AXIS2_PLACEMENT_3D('',#7694,#5680,#5681);
#4872=AXIS2_PLACEMENT_3D('',#7698,#5684,#5685);
#4873=AXIS2_PLACEMENT_3D('',#7702,#5688,#5689);
#4874=AXIS2_PLACEMENT_3D('',#7706,#5692,#5693);
#4875=AXIS2_PLACEMENT_3D('',#7710,#5696,#5697);
#4876=AXIS2_PLACEMENT_3D('',#7714,#5700,#5701);
#4877=AXIS2_PLACEMENT_3D('',#7718,#5704,#5705);
#4878=AXIS2_PLACEMENT_3D('',#7722,#5708,#5709);
#4879=AXIS2_PLACEMENT_3D('',#7726,#5712,#5713);
#4880=AXIS2_PLACEMENT_3D('',#7730,#5716,#5717);
#4881=AXIS2_PLACEMENT_3D('',#7732,#5719,#5720);
#4882=AXIS2_PLACEMENT_3D('',#8057,#5723,#5724);
#4883=AXIS2_PLACEMENT_3D('',#8058,#5725,#5726);
#4884=AXIS2_PLACEMENT_3D('',#8114,#5731,#5732);
#4885=AXIS2_PLACEMENT_3D('',#8118,#5735,#5736);
#4886=AXIS2_PLACEMENT_3D('',#8122,#5739,#5740);
#4887=AXIS2_PLACEMENT_3D('',#8126,#5743,#5744);
#4888=AXIS2_PLACEMENT_3D('',#8130,#5747,#5748);
#4889=AXIS2_PLACEMENT_3D('',#8184,#5752,#5753);
#4890=AXIS2_PLACEMENT_3D('',#8188,#5756,#5757);
#4891=AXIS2_PLACEMENT_3D('',#8192,#5760,#5761);
#4892=AXIS2_PLACEMENT_3D('',#8196,#5764,#5765);
#4893=AXIS2_PLACEMENT_3D('',#8200,#5768,#5769);
#4894=AXIS2_PLACEMENT_3D('',#8202,#5771,#5772);
#4895=AXIS2_PLACEMENT_3D('',#8246,#5775,#5776);
#4896=AXIS2_PLACEMENT_3D('',#8250,#5779,#5780);
#4897=AXIS2_PLACEMENT_3D('',#8254,#5783,#5784);
#4898=AXIS2_PLACEMENT_3D('',#8258,#5787,#5788);
#4899=AXIS2_PLACEMENT_3D('',#8303,#5792,#5793);
#4900=AXIS2_PLACEMENT_3D('',#8307,#5796,#5797);
#4901=AXIS2_PLACEMENT_3D('',#8311,#5800,#5801);
#4902=AXIS2_PLACEMENT_3D('',#8315,#5804,#5805);
#4903=AXIS2_PLACEMENT_3D('',#8317,#5807,#5808);
#4904=AXIS2_PLACEMENT_3D('',#8318,#5809,#5810);
#4905=AXIS2_PLACEMENT_3D('',#8324,#5814,#5815);
#4906=AXIS2_PLACEMENT_3D('',#8328,#5818,#5819);
#4907=AXIS2_PLACEMENT_3D('',#8332,#5822,#5823);
#4908=AXIS2_PLACEMENT_3D('',#8334,#5825,#5826);
#4909=AXIS2_PLACEMENT_3D('',#8360,#5829,#5830);
#4910=AXIS2_PLACEMENT_3D('',#8470,#5838,#5839);
#4911=AXIS2_PLACEMENT_3D('',#8474,#5842,#5843);
#4912=AXIS2_PLACEMENT_3D('',#8478,#5846,#5847);
#4913=AXIS2_PLACEMENT_3D('',#8482,#5850,#5851);
#4914=AXIS2_PLACEMENT_3D('',#8486,#5854,#5855);
#4915=AXIS2_PLACEMENT_3D('',#8498,#5859,#5860);
#4916=AXIS2_PLACEMENT_3D('',#8550,#5864,#5865);
#4917=AXIS2_PLACEMENT_3D('',#8554,#5868,#5869);
#4918=AXIS2_PLACEMENT_3D('',#8558,#5872,#5873);
#4919=AXIS2_PLACEMENT_3D('',#8622,#5879,#5880);
#4920=AXIS2_PLACEMENT_3D('',#8626,#5883,#5884);
#4921=AXIS2_PLACEMENT_3D('',#8630,#5887,#5888);
#4922=AXIS2_PLACEMENT_3D('',#8632,#5890,#5891);
#4923=AXIS2_PLACEMENT_3D('',#8641,#5892,#5893);
#4924=AXIS2_PLACEMENT_3D('',#8645,#5895,#5896);
#4925=AXIS2_PLACEMENT_3D('',#8666,#5899,#5900);
#4926=AXIS2_PLACEMENT_3D('',#8698,#5905,#5906);
#4927=AXIS2_PLACEMENT_3D('',#8701,#5908,#5909);
#4928=AXIS2_PLACEMENT_3D('',#8702,#5910,#5911);
#4929=AXIS2_PLACEMENT_3D('',#8736,#5915,#5916);
#4930=AXIS2_PLACEMENT_3D('',#8750,#5921,#5922);
#4931=AXIS2_PLACEMENT_3D('',#8797,#5925,#5926);
#4932=AXIS2_PLACEMENT_3D('',#8841,#5931,#5932);
#4933=AXIS2_PLACEMENT_3D('',#8931,#5934,#5935);
#4934=AXIS2_PLACEMENT_3D('',#9412,#5940,#5941);
#4935=AXIS2_PLACEMENT_3D('',#9495,#5944,#5945);
#4936=AXIS2_PLACEMENT_3D('',#9501,#5949,#5950);
#4937=AXIS2_PLACEMENT_3D('',#9507,#5954,#5955);
#4938=AXIS2_PLACEMENT_3D('',#9510,#5958,#5959);
#4939=AXIS2_PLACEMENT_3D('',#9516,#5963,#5964);
#4940=AXIS2_PLACEMENT_3D('',#9520,#5967,#5968);
#4941=AXIS2_PLACEMENT_3D('',#9583,#5972,#5973);
#4942=AXIS2_PLACEMENT_3D('',#9587,#5976,#5977);
#4943=AXIS2_PLACEMENT_3D('',#9589,#5979,#5980);
#4944=AXIS2_PLACEMENT_3D('',#9590,#5981,#5982);
#4945=AXIS2_PLACEMENT_3D('',#9596,#5986,#5987);
#4946=AXIS2_PLACEMENT_3D('',#9600,#5990,#5991);
#4947=AXIS2_PLACEMENT_3D('',#9645,#5995,#5996);
#4948=AXIS2_PLACEMENT_3D('',#9649,#5999,#6000);
#4949=AXIS2_PLACEMENT_3D('',#9653,#6003,#6004);
#4950=AXIS2_PLACEMENT_3D('',#9657,#6007,#6008);
#4951=AXIS2_PLACEMENT_3D('',#9661,#6011,#6012);
#4952=AXIS2_PLACEMENT_3D('',#9706,#6016,#6017);
#4953=AXIS2_PLACEMENT_3D('',#9710,#6020,#6021);
#4954=AXIS2_PLACEMENT_3D('',#9712,#6023,#6024);
#4955=AXIS2_PLACEMENT_3D('',#9713,#6025,#6026);
#4956=AXIS2_PLACEMENT_3D('',#9714,#6027,#6028);
#4957=AXIS2_PLACEMENT_3D('',#9715,#6029,#6030);
#4958=AXIS2_PLACEMENT_3D('',#9716,#6031,#6032);
#4959=AXIS2_PLACEMENT_3D('',#9717,#6033,#6034);
#4960=AXIS2_PLACEMENT_3D('',#9718,#6035,#6036);
#4961=AXIS2_PLACEMENT_3D('',#9720,#6038,#6039);
#4962=AXIS2_PLACEMENT_3D('',#9722,#6041,#6042);
#4963=AXIS2_PLACEMENT_3D('',#9724,#6044,#6045);
#4964=AXIS2_PLACEMENT_3D('',#9726,#6047,#6048);
#4965=AXIS2_PLACEMENT_3D('',#9728,#6050,#6051);
#4966=AXIS2_PLACEMENT_3D('',#9729,#6052,#6053);
#4967=AXIS2_PLACEMENT_3D('',#9731,#6055,#6056);
#4968=AXIS2_PLACEMENT_3D('',#9733,#6058,#6059);
#4969=AXIS2_PLACEMENT_3D('',#9735,#6061,#6062);
#4970=AXIS2_PLACEMENT_3D('',#9736,#6063,#6064);
#4971=AXIS2_PLACEMENT_3D('',#9737,#6065,#6066);
#4972=AXIS2_PLACEMENT_3D('',#9740,#6068,#6069);
#4973=AXIS2_PLACEMENT_3D('',#9741,#6070,#6071);
#4974=AXIS2_PLACEMENT_3D('',#9742,#6072,#6073);
#4975=AXIS2_PLACEMENT_3D('',#9745,#6075,#6076);
#4976=AXIS2_PLACEMENT_3D('',#9746,#6077,#6078);
#4977=AXIS2_PLACEMENT_3D('',#9747,#6079,#6080);
#4978=AXIS2_PLACEMENT_3D('',#9750,#6082,#6083);
#4979=AXIS2_PLACEMENT_3D('',#9751,#6084,#6085);
#4980=AXIS2_PLACEMENT_3D('',#9752,#6086,#6087);
#4981=AXIS2_PLACEMENT_3D('',#9755,#6089,#6090);
#4982=AXIS2_PLACEMENT_3D('',#9756,#6091,#6092);
#4983=AXIS2_PLACEMENT_3D('',#9757,#6093,#6094);
#4984=AXIS2_PLACEMENT_3D('',#9758,#6095,#6096);
#4985=DIRECTION('axis',(0.,0.,1.));
#4986=DIRECTION('refdir',(1.,0.,0.));
#4987=DIRECTION('center_axis',(0.,1.,0.));
#4988=DIRECTION('ref_axis',(0.,0.,1.));
#4989=DIRECTION('center_axis',(-0.499999999999997,0.,-0.86602540378444));
#4990=DIRECTION('ref_axis',(-0.86602540378444,0.,0.499999999999997));
#4991=DIRECTION('center_axis',(0.,1.,0.));
#4992=DIRECTION('ref_axis',(0.499999999999999,0.,-0.866025403784439));
#4993=DIRECTION('center_axis',(1.,0.,0.));
#4994=DIRECTION('ref_axis',(0.,1.,0.));
#4995=DIRECTION('center_axis',(0.,-1.,0.));
#4996=DIRECTION('ref_axis',(0.499999999999999,0.,-0.866025403784439));
#4997=DIRECTION('center_axis',(1.,0.,-2.368475785867E-16));
#4998=DIRECTION('ref_axis',(0.,0.707106781186551,0.707106781186544));
#4999=DIRECTION('center_axis',(1.,0.,0.));
#5000=DIRECTION('ref_axis',(0.,1.,0.));
#5001=DIRECTION('',(1.,0.,-2.368475785867E-16));
#5002=DIRECTION('',(-1.,0.,2.368475785867E-16));
#5003=DIRECTION('center_axis',(0.,1.,0.));
#5004=DIRECTION('ref_axis',(0.,0.,1.));
#5005=DIRECTION('center_axis',(0.499999999999997,0.,-0.86602540378444));
#5006=DIRECTION('ref_axis',(0.,1.,0.));
#5007=DIRECTION('center_axis',(0.,-1.,0.));
#5008=DIRECTION('ref_axis',(-0.499999999999999,0.,-0.866025403784439));
#5009=DIRECTION('center_axis',(0.,1.,0.));
#5010=DIRECTION('ref_axis',(-0.499999999999999,0.,-0.866025403784439));
#5011=DIRECTION('center_axis',(0.,1.,0.));
#5012=DIRECTION('ref_axis',(0.,0.,1.));
#5013=DIRECTION('center_axis',(-0.866025403784437,0.,0.500000000000004));
#5014=DIRECTION('ref_axis',(0.,1.,0.));
#5015=DIRECTION('center_axis',(0.,1.,0.));
#5016=DIRECTION('ref_axis',(-0.707106781186549,0.,0.707106781186546));
#5017=DIRECTION('center_axis',(0.,-1.,0.));
#5018=DIRECTION('ref_axis',(-0.707106781186549,0.,0.707106781186546));
#5019=DIRECTION('center_axis',(0.,1.,0.));
#5020=DIRECTION('ref_axis',(0.,0.,1.));
#5021=DIRECTION('center_axis',(0.,0.,1.));
#5022=DIRECTION('ref_axis',(0.,1.,0.));
#5023=DIRECTION('center_axis',(0.,-1.,0.));
#5024=DIRECTION('ref_axis',(0.866025403784438,0.,0.5));
#5025=DIRECTION('center_axis',(0.,1.,0.));
#5026=DIRECTION('ref_axis',(0.866025403784438,0.,0.5));
#5027=DIRECTION('center_axis',(2.66453525910038E-16,0.,1.));
#5028=DIRECTION('ref_axis',(-0.707106781186544,0.707106781186551,0.));
#5029=DIRECTION('center_axis',(0.,0.,1.));
#5030=DIRECTION('ref_axis',(0.,1.,0.));
#5031=DIRECTION('',(2.66453525910038E-16,0.,1.));
#5032=DIRECTION('',(-2.66453525910038E-16,0.,-1.));
#5033=DIRECTION('center_axis',(0.,1.,0.));
#5034=DIRECTION('ref_axis',(0.,0.,1.));
#5035=DIRECTION('center_axis',(0.86602540378444,0.,0.499999999999997));
#5036=DIRECTION('ref_axis',(0.,1.,0.));
#5037=DIRECTION('center_axis',(0.,-1.,0.));
#5038=DIRECTION('ref_axis',(0.866025403784439,0.,-0.499999999999999));
#5039=DIRECTION('center_axis',(0.,1.,0.));
#5040=DIRECTION('ref_axis',(0.866025403784439,0.,-0.499999999999999));
#5041=DIRECTION('center_axis',(0.,1.,0.));
#5042=DIRECTION('ref_axis',(-0.707106781186548,0.,-0.707106781186547));
#5043=DIRECTION('center_axis',(-0.500000000000004,0.,-0.866025403784437));
#5044=DIRECTION('ref_axis',(0.,1.,0.));
#5045=DIRECTION('center_axis',(0.,1.,0.));
#5046=DIRECTION('ref_axis',(-0.707106781186546,0.,-0.707106781186549));
#5047=DIRECTION('center_axis',(0.,-1.,0.));
#5048=DIRECTION('ref_axis',(-0.707106781186546,0.,-0.707106781186549));
#5049=DIRECTION('center_axis',(0.,1.,0.));
#5050=DIRECTION('ref_axis',(0.,0.,1.));
#5051=DIRECTION('center_axis',(-1.,0.,0.));
#5052=DIRECTION('ref_axis',(0.,1.,0.));
#5053=DIRECTION('center_axis',(0.,-1.,0.));
#5054=DIRECTION('ref_axis',(-0.499999999999999,0.,0.866025403784439));
#5055=DIRECTION('center_axis',(0.,1.,0.));
#5056=DIRECTION('ref_axis',(-0.499999999999999,0.,0.866025403784439));
#5057=DIRECTION('center_axis',(-1.,0.,2.368475785867E-16));
#5058=DIRECTION('ref_axis',(0.,0.707106781186551,-0.707106781186544));
#5059=DIRECTION('center_axis',(-1.,0.,0.));
#5060=DIRECTION('ref_axis',(0.,1.,0.));
#5061=DIRECTION('',(-1.,0.,2.368475785867E-16));
#5062=DIRECTION('',(1.,0.,-2.368475785867E-16));
#5063=DIRECTION('center_axis',(0.,1.,0.));
#5064=DIRECTION('ref_axis',(0.,0.,1.));
#5065=DIRECTION('center_axis',(-0.499999999999997,0.,0.86602540378444));
#5066=DIRECTION('ref_axis',(0.,1.,0.));
#5067=DIRECTION('center_axis',(0.,-1.,0.));
#5068=DIRECTION('ref_axis',(0.499999999999999,0.,0.866025403784439));
#5069=DIRECTION('center_axis',(0.,1.,0.));
#5070=DIRECTION('ref_axis',(0.499999999999999,0.,0.866025403784439));
#5071=DIRECTION('center_axis',(0.,1.,0.));
#5072=DIRECTION('ref_axis',(0.707106781186548,0.,-0.707106781186547));
#5073=DIRECTION('center_axis',(0.86602540378444,0.,-0.499999999999997));
#5074=DIRECTION('ref_axis',(0.,1.,0.));
#5075=DIRECTION('center_axis',(0.,1.,0.));
#5076=DIRECTION('ref_axis',(0.707106781186546,0.,-0.707106781186549));
#5077=DIRECTION('center_axis',(0.,-1.,0.));
#5078=DIRECTION('ref_axis',(0.707106781186546,0.,-0.707106781186549));
#5079=DIRECTION('center_axis',(0.,1.,0.));
#5080=DIRECTION('ref_axis',(0.,0.,1.));
#5081=DIRECTION('center_axis',(0.,0.,-1.));
#5082=DIRECTION('ref_axis',(0.,1.,0.));
#5083=DIRECTION('center_axis',(0.,-1.,0.));
#5084=DIRECTION('ref_axis',(-0.866025403784439,0.,-0.499999999999999));
#5085=DIRECTION('center_axis',(0.,1.,0.));
#5086=DIRECTION('ref_axis',(-0.866025403784439,0.,-0.499999999999999));
#5087=DIRECTION('center_axis',(-3.5527136788005E-16,0.,-1.));
#5088=DIRECTION('ref_axis',(0.707106781186544,0.707106781186551,0.));
#5089=DIRECTION('center_axis',(0.,0.,-1.));
#5090=DIRECTION('ref_axis',(0.,1.,0.));
#5091=DIRECTION('',(-3.5527136788005E-16,0.,-1.));
#5092=DIRECTION('',(3.5527136788005E-16,0.,1.));
#5093=DIRECTION('center_axis',(0.,1.,0.));
#5094=DIRECTION('ref_axis',(0.,0.,1.));
#5095=DIRECTION('center_axis',(-0.86602540378444,0.,-0.499999999999997));
#5096=DIRECTION('ref_axis',(0.,1.,0.));
#5097=DIRECTION('center_axis',(0.,-1.,0.));
#5098=DIRECTION('ref_axis',(-0.866025403784439,0.,0.499999999999999));
#5099=DIRECTION('center_axis',(0.,1.,0.));
#5100=DIRECTION('ref_axis',(-0.866025403784439,0.,0.499999999999999));
#5101=DIRECTION('center_axis',(0.,1.,0.));
#5102=DIRECTION('ref_axis',(0.,0.,1.));
#5103=DIRECTION('center_axis',(0.,-1.,0.));
#5104=DIRECTION('ref_axis',(0.707106781186549,0.,0.707106781186546));
#5105=DIRECTION('center_axis',(0.,1.,0.));
#5106=DIRECTION('ref_axis',(0.707106781186549,0.,0.707106781186546));
#5107=DIRECTION('center_axis',(-2.368475785867E-16,0.,-1.));
#5108=DIRECTION('ref_axis',(1.,0.,-2.368475785867E-16));
#5109=DIRECTION('',(0.,1.,0.));
#5110=DIRECTION('',(1.,0.,-2.368475785867E-16));
#5111=DIRECTION('',(0.,-1.,0.));
#5112=DIRECTION('center_axis',(0.,1.,0.));
#5113=DIRECTION('ref_axis',(0.499999999999999,0.,0.866025403784439));
#5114=DIRECTION('',(0.,-1.,0.));
#5115=DIRECTION('center_axis',(0.,1.,0.));
#5116=DIRECTION('ref_axis',(0.499999999999999,0.,0.866025403784439));
#5117=DIRECTION('center_axis',(0.,-1.,0.));
#5118=DIRECTION('ref_axis',(0.707106781186548,0.,-0.707106781186548));
#5119=DIRECTION('',(0.,1.,0.));
#5120=DIRECTION('center_axis',(0.,-1.,0.));
#5121=DIRECTION('ref_axis',(0.707106781186546,0.,-0.707106781186549));
#5122=DIRECTION('center_axis',(0.,1.,0.));
#5123=DIRECTION('ref_axis',(-0.866025403784439,0.,-0.499999999999999));
#5124=DIRECTION('',(0.,-1.,0.));
#5125=DIRECTION('center_axis',(0.,1.,0.));
#5126=DIRECTION('ref_axis',(-0.866025403784439,0.,-0.499999999999999));
#5127=DIRECTION('center_axis',(1.,0.,-3.5527136788005E-16));
#5128=DIRECTION('ref_axis',(3.5527136788005E-16,0.,1.));
#5129=DIRECTION('',(0.,1.,0.));
#5130=DIRECTION('',(3.5527136788005E-16,0.,1.));
#5131=DIRECTION('center_axis',(0.,1.,0.));
#5132=DIRECTION('ref_axis',(-0.866025403784439,0.,0.499999999999999));
#5133=DIRECTION('',(0.,-1.,0.));
#5134=DIRECTION('center_axis',(0.,1.,0.));
#5135=DIRECTION('ref_axis',(-0.866025403784439,0.,0.499999999999999));
#5136=DIRECTION('center_axis',(0.,-1.,0.));
#5137=DIRECTION('ref_axis',(0.707106781186548,0.,0.707106781186547));
#5138=DIRECTION('',(0.,1.,0.));
#5139=DIRECTION('center_axis',(0.,-1.,0.));
#5140=DIRECTION('ref_axis',(0.707106781186549,0.,0.707106781186546));
#5141=DIRECTION('center_axis',(0.,1.,0.));
#5142=DIRECTION('ref_axis',(0.499999999999999,0.,-0.866025403784439));
#5143=DIRECTION('',(0.,-1.,0.));
#5144=DIRECTION('center_axis',(0.,1.,0.));
#5145=DIRECTION('ref_axis',(0.499999999999999,0.,-0.866025403784439));
#5146=DIRECTION('center_axis',(0.,1.,0.));
#5147=DIRECTION('ref_axis',(0.,0.,1.));
#5148=DIRECTION('center_axis',(0.,-1.,0.));
#5149=DIRECTION('ref_axis',(1.,0.,0.));
#5150=DIRECTION('center_axis',(0.,-1.,0.));
#5151=DIRECTION('ref_axis',(1.,0.,0.));
#5152=DIRECTION('center_axis',(0.,-1.,0.));
#5153=DIRECTION('ref_axis',(1.,0.,0.));
#5154=DIRECTION('center_axis',(0.,-1.,0.));
#5155=DIRECTION('ref_axis',(1.,0.,0.));
#5156=DIRECTION('',(-1.,0.,0.));
#5157=DIRECTION('',(1.97372982155583E-16,0.,1.));
#5158=DIRECTION('',(-1.,0.,5.07530525542928E-16));
#5159=DIRECTION('',(-1.97372982155583E-16,0.,-1.));
#5160=DIRECTION('',(-1.,0.,0.));
#5161=DIRECTION('',(-2.80477395694776E-16,0.,-1.));
#5162=DIRECTION('',(1.,0.,0.));
#5163=DIRECTION('',(-1.97372982155583E-16,0.,-1.));
#5164=DIRECTION('',(1.,0.,-6.34413156928661E-17));
#5165=DIRECTION('',(1.97372982155583E-16,0.,1.));
#5166=DIRECTION('',(1.,0.,0.));
#5167=DIRECTION('',(2.80477395694776E-16,0.,1.));
#5168=DIRECTION('center_axis',(0.,-1.,0.));
#5169=DIRECTION('ref_axis',(0.,0.,-1.));
#5170=DIRECTION('center_axis',(0.866025403784437,0.,0.500000000000002));
#5171=DIRECTION('ref_axis',(-0.500000000000002,0.,0.866025403784437));
#5172=DIRECTION('center_axis',(0.,-1.,0.));
#5173=DIRECTION('ref_axis',(0.866025403784439,0.,-0.499999999999999));
#5174=DIRECTION('center_axis',(0.,0.,-1.));
#5175=DIRECTION('ref_axis',(0.,-1.,0.));
#5176=DIRECTION('center_axis',(0.,1.,0.));
#5177=DIRECTION('ref_axis',(0.866025403784439,0.,-0.499999999999999));
#5178=DIRECTION('center_axis',(-2.66453525910038E-16,0.,-1.));
#5179=DIRECTION('ref_axis',(-0.707106781186549,-0.707106781186546,0.));
#5180=DIRECTION('center_axis',(0.,0.,-1.));
#5181=DIRECTION('ref_axis',(0.,-1.,0.));
#5182=DIRECTION('',(-2.66453525910038E-16,0.,-1.));
#5183=DIRECTION('',(2.66453525910038E-16,0.,1.));
#5184=DIRECTION('center_axis',(0.,-1.,0.));
#5185=DIRECTION('ref_axis',(0.,0.,-1.));
#5186=DIRECTION('center_axis',(0.866025403784437,0.,-0.500000000000002));
#5187=DIRECTION('ref_axis',(0.,-1.,0.));
#5188=DIRECTION('center_axis',(0.,1.,0.));
#5189=DIRECTION('ref_axis',(0.866025403784438,0.,0.5));
#5190=DIRECTION('center_axis',(0.,-1.,0.));
#5191=DIRECTION('ref_axis',(0.866025403784438,0.,0.5));
#5192=DIRECTION('center_axis',(-0.499999999999999,0.,0.866025403784439));
#5193=DIRECTION('ref_axis',(0.,-1.,0.));
#5194=DIRECTION('center_axis',(0.,-1.,0.));
#5195=DIRECTION('ref_axis',(-0.707106781186549,0.,0.707106781186546));
#5196=DIRECTION('center_axis',(0.,1.,0.));
#5197=DIRECTION('ref_axis',(-0.707106781186549,0.,0.707106781186546));
#5198=DIRECTION('center_axis',(0.,-1.,0.));
#5199=DIRECTION('ref_axis',(0.,0.,-1.));
#5200=DIRECTION('center_axis',(-1.,0.,0.));
#5201=DIRECTION('ref_axis',(0.,-1.,0.));
#5202=DIRECTION('center_axis',(0.,1.,0.));
#5203=DIRECTION('ref_axis',(-0.499999999999999,0.,-0.866025403784439));
#5204=DIRECTION('center_axis',(0.,-1.,0.));
#5205=DIRECTION('ref_axis',(-0.499999999999999,0.,-0.866025403784439));
#5206=DIRECTION('center_axis',(-1.,0.,2.368475785867E-16));
#5207=DIRECTION('ref_axis',(0.,-0.707106781186549,0.707106781186546));
#5208=DIRECTION('center_axis',(-1.,0.,0.));
#5209=DIRECTION('ref_axis',(0.,-1.,0.));
#5210=DIRECTION('',(-1.,0.,2.368475785867E-16));
#5211=DIRECTION('',(1.,0.,-2.368475785867E-16));
#5212=DIRECTION('center_axis',(0.,-1.,0.));
#5213=DIRECTION('ref_axis',(0.,0.,-1.));
#5214=DIRECTION('center_axis',(-0.500000000000002,0.,-0.866025403784437));
#5215=DIRECTION('ref_axis',(0.,-1.,0.));
#5216=DIRECTION('center_axis',(0.,-1.,0.));
#5217=DIRECTION('ref_axis',(0.499999999999999,0.,-0.866025403784439));
#5218=DIRECTION('center_axis',(0.866025403784439,0.,0.499999999999999));
#5219=DIRECTION('ref_axis',(0.,-1.,0.));
#5220=DIRECTION('center_axis',(0.,1.,0.));
#5221=DIRECTION('ref_axis',(0.707106781186549,0.,0.707106781186546));
#5222=DIRECTION('center_axis',(0.,-1.,0.));
#5223=DIRECTION('ref_axis',(0.,0.,-1.));
#5224=DIRECTION('center_axis',(0.,0.,1.));
#5225=DIRECTION('ref_axis',(0.,-1.,0.));
#5226=DIRECTION('center_axis',(0.,-1.,0.));
#5227=DIRECTION('ref_axis',(-0.866025403784439,0.,0.499999999999999));
#5228=DIRECTION('center_axis',(3.5527136788005E-16,0.,1.));
#5229=DIRECTION('ref_axis',(0.707106781186546,-0.707106781186549,0.));
#5230=DIRECTION('center_axis',(0.,0.,1.));
#5231=DIRECTION('ref_axis',(0.,-1.,0.));
#5232=DIRECTION('',(-3.5527136788005E-16,0.,-1.));
#5233=DIRECTION('center_axis',(0.,-1.,0.));
#5234=DIRECTION('ref_axis',(0.,0.,-1.));
#5235=DIRECTION('center_axis',(-0.866025403784437,0.,0.500000000000002));
#5236=DIRECTION('ref_axis',(0.,-1.,0.));
#5237=DIRECTION('center_axis',(0.,-1.,0.));
#5238=DIRECTION('ref_axis',(-0.866025403784439,0.,-0.499999999999999));
#5239=DIRECTION('center_axis',(0.499999999999999,0.,-0.866025403784439));
#5240=DIRECTION('ref_axis',(0.,-1.,0.));
#5241=DIRECTION('center_axis',(0.,1.,0.));
#5242=DIRECTION('ref_axis',(0.707106781186546,0.,-0.707106781186549));
#5243=DIRECTION('center_axis',(0.,-1.,0.));
#5244=DIRECTION('ref_axis',(0.,0.,-1.));
#5245=DIRECTION('center_axis',(1.,0.,0.));
#5246=DIRECTION('ref_axis',(0.,-1.,0.));
#5247=DIRECTION('center_axis',(0.,-1.,0.));
#5248=DIRECTION('ref_axis',(0.499999999999999,0.,0.866025403784439));
#5249=DIRECTION('center_axis',(1.,0.,-2.368475785867E-16));
#5250=DIRECTION('ref_axis',(0.,-0.707106781186549,-0.707106781186546));
#5251=DIRECTION('center_axis',(1.,0.,0.));
#5252=DIRECTION('ref_axis',(0.,-1.,0.));
#5253=DIRECTION('',(-1.,0.,2.368475785867E-16));
#5254=DIRECTION('center_axis',(0.,-1.,0.));
#5255=DIRECTION('ref_axis',(0.,0.,-1.));
#5256=DIRECTION('center_axis',(0.500000000000002,0.,0.866025403784437));
#5257=DIRECTION('ref_axis',(0.,-1.,0.));
#5258=DIRECTION('center_axis',(0.,1.,0.));
#5259=DIRECTION('ref_axis',(-0.499999999999999,0.,0.866025403784439));
#5260=DIRECTION('center_axis',(0.,-1.,0.));
#5261=DIRECTION('ref_axis',(-0.499999999999999,0.,0.866025403784439));
#5262=DIRECTION('center_axis',(0.,1.,0.));
#5263=DIRECTION('ref_axis',(-0.707106781186546,0.,-0.707106781186549));
#5264=DIRECTION('center_axis',(0.,-1.,0.));
#5265=DIRECTION('ref_axis',(-0.707106781186546,0.,-0.707106781186549));
#5266=DIRECTION('center_axis',(0.,1.,0.));
#5267=DIRECTION('ref_axis',(-0.499999999999999,0.,0.866025403784439));
#5268=DIRECTION('',(0.,1.,0.));
#5269=DIRECTION('center_axis',(0.,-1.,0.));
#5270=DIRECTION('ref_axis',(-0.707106781186548,0.,-0.707106781186547));
#5271=DIRECTION('',(0.,-1.,0.));
#5272=DIRECTION('center_axis',(0.,1.,0.));
#5273=DIRECTION('ref_axis',(0.866025403784439,0.,-0.499999999999999));
#5274=DIRECTION('',(0.,1.,0.));
#5275=DIRECTION('center_axis',(0.,1.,0.));
#5276=DIRECTION('ref_axis',(0.,0.,1.));
#5277=DIRECTION('',(1.,0.,0.));
#5278=DIRECTION('',(0.707106781186548,0.,-0.707106781186548));
#5279=DIRECTION('',(0.,0.,-1.));
#5280=DIRECTION('',(0.,0.,1.));
#5281=DIRECTION('',(-0.707106781186548,0.,0.707106781186548));
#5282=DIRECTION('',(-1.,0.,0.));
#5283=DIRECTION('',(-0.707106781186548,0.,0.707106781186547));
#5284=DIRECTION('',(0.,0.,1.));
#5285=DIRECTION('',(0.,0.,-1.));
#5286=DIRECTION('',(0.707106781186546,0.,-0.707106781186549));
#5287=DIRECTION('',(-1.,0.,0.));
#5288=DIRECTION('',(0.,0.,1.));
#5289=DIRECTION('',(1.,0.,0.));
#5290=DIRECTION('',(-1.,0.,0.));
#5291=DIRECTION('',(0.,0.,-1.));
#5292=DIRECTION('',(0.701546564655645,0.,-0.712623615676511));
#5293=DIRECTION('center_axis',(0.,1.,0.));
#5294=DIRECTION('ref_axis',(-0.671867734916567,0.,-0.740671146176278));
#5295=DIRECTION('',(-1.,0.,0.));
#5296=DIRECTION('center_axis',(0.,-1.,0.));
#5297=DIRECTION('ref_axis',(-0.545041646077986,0.,0.838408971827353));
#5298=DIRECTION('',(0.,0.,-1.));
#5299=DIRECTION('',(-1.,0.,0.));
#5300=DIRECTION('',(0.,0.,1.));
#5301=DIRECTION('',(0.,0.,-1.));
#5302=DIRECTION('',(-1.,0.,0.));
#5303=DIRECTION('',(0.,0.,1.));
#5304=DIRECTION('center_axis',(0.,-1.,0.));
#5305=DIRECTION('ref_axis',(0.797529999767599,0.,-0.603279288116784));
#5306=DIRECTION('',(0.,0.,-1.));
#5307=DIRECTION('',(-1.,0.,0.));
#5308=DIRECTION('',(0.,0.,1.));
#5309=DIRECTION('',(1.,0.,0.));
#5310=DIRECTION('',(0.,0.,-1.));
#5311=DIRECTION('',(0.,0.,-1.));
#5312=DIRECTION('',(1.,0.,0.));
#5313=DIRECTION('',(0.,0.,-1.));
#5314=DIRECTION('',(-1.,0.,0.));
#5315=DIRECTION('',(0.,0.,1.));
#5316=DIRECTION('',(1.,0.,0.));
#5317=DIRECTION('',(0.707106781186547,0.,-0.707106781186547));
#5318=DIRECTION('',(0.707106781186551,0.,0.707106781186544));
#5319=DIRECTION('',(0.,0.,1.));
#5320=DIRECTION('',(0.,0.,-1.));
#5321=DIRECTION('',(-0.707106781186546,0.,-0.707106781186549));
#5322=DIRECTION('',(-0.707106781186544,0.,0.707106781186551));
#5323=DIRECTION('',(-1.,0.,0.));
#5324=DIRECTION('',(0.707106781186548,0.,0.707106781186548));
#5325=DIRECTION('',(1.,0.,0.));
#5326=DIRECTION('',(0.707106781186548,0.,-0.707106781186548));
#5327=DIRECTION('',(1.,0.,0.));
#5328=DIRECTION('',(0.,0.,-1.));
#5329=DIRECTION('',(-0.707106781186548,0.,-0.707106781186548));
#5330=DIRECTION('',(0.707106781186548,0.,0.707106781186548));
#5331=DIRECTION('',(0.,0.,1.));
#5332=DIRECTION('',(-0.707106781186548,0.,0.707106781186548));
#5333=DIRECTION('',(-1.,0.,0.));
#5334=DIRECTION('',(-0.705875962776269,0.,-0.708335460904418));
#5335=DIRECTION('',(1.,0.,0.));
#5336=DIRECTION('',(-0.593455255298293,0.,-0.804866982773451));
#5337=DIRECTION('',(0.586851902116434,0.,-0.809694291064426));
#5338=DIRECTION('',(-1.,0.,0.));
#5339=DIRECTION('',(-0.579790523167968,0.,0.814765579319975));
#5340=DIRECTION('',(-0.579790523167968,0.,-0.814765579319975));
#5341=DIRECTION('',(-1.,0.,0.));
#5342=DIRECTION('',(0.59645362369212,0.,0.802647540820091));
#5343=DIRECTION('',(-0.597789185193239,0.,0.801653347816875));
#5344=DIRECTION('',(1.,0.,0.));
#5345=DIRECTION('',(0.589941883715534,0.,-0.807445709529853));
#5346=DIRECTION('',(0.577097227376216,0.,0.816675449707339));
#5347=DIRECTION('',(0.589941883715534,0.,-0.807445709529853));
#5348=DIRECTION('',(0.576090954793826,0.,0.817385595545174));
#5349=DIRECTION('',(1.,0.,0.));
#5350=DIRECTION('',(-0.593455255298289,0.,-0.804866982773454));
#5351=DIRECTION('',(0.586851902116434,0.,-0.809694291064426));
#5352=DIRECTION('',(-1.,0.,0.));
#5353=DIRECTION('',(-0.579790523167962,0.,0.814765579319979));
#5354=DIRECTION('',(-0.579790523167968,0.,-0.814765579319975));
#5355=DIRECTION('',(-1.,0.,0.));
#5356=DIRECTION('',(0.595805045174531,0.,0.803129098056206));
#5357=DIRECTION('',(-0.597789185193243,0.,0.801653347816872));
#5358=DIRECTION('',(1.,0.,0.));
#5359=DIRECTION('',(0.,0.,1.));
#5360=DIRECTION('',(1.,0.,0.));
#5361=DIRECTION('',(0.,0.,-1.));
#5362=DIRECTION('',(-1.,0.,0.));
#5363=DIRECTION('',(0.,0.,1.));
#5364=DIRECTION('center_axis',(0.,1.,0.));
#5365=DIRECTION('ref_axis',(-0.6896469952991,0.,-0.724145718674718));
#5366=DIRECTION('',(1.,0.,0.));
#5367=DIRECTION('',(0.,0.,-1.));
#5368=DIRECTION('',(-1.,0.,0.));
#5369=DIRECTION('',(0.,0.,-1.));
#5370=DIRECTION('',(-1.,0.,0.));
#5371=DIRECTION('',(0.,0.,1.));
#5372=DIRECTION('',(-1.,0.,0.));
#5373=DIRECTION('',(0.,0.,1.));
#5374=DIRECTION('',(-1.,0.,0.));
#5375=DIRECTION('',(-0.708270740597617,0.,-0.705940902635131));
#5376=DIRECTION('',(0.,0.,-1.));
#5377=DIRECTION('',(0.,0.,1.));
#5378=DIRECTION('',(0.707106781186545,0.,0.70710678118655));
#5379=DIRECTION('',(1.,0.,0.));
#5380=DIRECTION('',(0.,0.,-1.));
#5381=DIRECTION('center_axis',(0.,1.,0.));
#5382=DIRECTION('ref_axis',(-0.499999999999999,0.,-0.866025403784439));
#5383=DIRECTION('',(0.,-1.,0.));
#5384=DIRECTION('',(0.,1.,0.));
#5385=DIRECTION('center_axis',(2.368475785867E-16,0.,1.));
#5386=DIRECTION('ref_axis',(-1.,0.,2.368475785867E-16));
#5387=DIRECTION('center_axis',(-0.408248290463863,-0.816496580927726,0.408248290463863));
#5388=DIRECTION('ref_axis',(0.577350269189626,-0.577350269189626,-0.577350269189626));
#5389=DIRECTION('center_axis',(-1.,0.,4.44089209850062E-15));
#5390=DIRECTION('ref_axis',(0.,-1.,0.));
#5391=DIRECTION('center_axis',(0.,0.,1.));
#5392=DIRECTION('ref_axis',(1.,0.,0.));
#5393=DIRECTION('center_axis',(0.,1.,0.));
#5394=DIRECTION('ref_axis',(0.,0.,-1.));
#5395=DIRECTION('center_axis',(-0.816496580927726,-0.408248290463864,0.408248290463863));
#5396=DIRECTION('ref_axis',(0.577350269189626,-0.577350269189627,0.577350269189624));
#5397=DIRECTION('center_axis',(0.,1.,0.));
#5398=DIRECTION('ref_axis',(1.,0.,0.));
#5399=DIRECTION('center_axis',(-2.22044604925031E-15,0.,-1.));
#5400=DIRECTION('ref_axis',(0.,-1.,0.));
#5401=DIRECTION('center_axis',(-1.,-2.22044604925031E-15,0.));
#5402=DIRECTION('ref_axis',(0.,0.,1.));
#5403=DIRECTION('center_axis',(-2.80477395694776E-16,0.,-1.));
#5404=DIRECTION('ref_axis',(0.707106781186548,-0.707106781186547,0.));
#5405=DIRECTION('',(2.80477395694776E-16,0.,1.));
#5406=DIRECTION('',(-2.80477395694776E-16,0.,-1.));
#5407=DIRECTION('center_axis',(0.408248290463863,-0.816496580927726,0.408248290463863));
#5408=DIRECTION('ref_axis',(-0.577350269189625,-0.577350269189625,-0.577350269189627));
#5409=DIRECTION('center_axis',(-4.44089209850062E-15,0.,1.));
#5410=DIRECTION('ref_axis',(0.,-1.,0.));
#5411=DIRECTION('center_axis',(1.,0.,0.));
#5412=DIRECTION('ref_axis',(0.,0.,-1.));
#5413=DIRECTION('center_axis',(0.,1.,0.));
#5414=DIRECTION('ref_axis',(-1.,0.,0.));
#5415=DIRECTION('center_axis',(-1.,0.,1.8376105235175E-16));
#5416=DIRECTION('ref_axis',(0.,-0.707106781186547,-0.707106781186548));
#5417=DIRECTION('',(1.,0.,-1.8376105235175E-16));
#5418=DIRECTION('',(-1.,0.,1.8376105235175E-16));
#5419=DIRECTION('center_axis',(0.,1.,0.));
#5420=DIRECTION('ref_axis',(-0.707106781186548,0.,-0.707106781186548));
#5421=DIRECTION('center_axis',(0.707106781186548,-0.707106781186548,-1.98327468465319E-16));
#5422=DIRECTION('ref_axis',(-0.707106781186547,-0.707106781186547,1.47196168001604E-16));
#5423=DIRECTION('',(0.,-1.,0.));
#5424=DIRECTION('',(0.,1.,0.));
#5425=DIRECTION('center_axis',(1.29938686235899E-16,-0.707106781186548,
0.707106781186548));
#5426=DIRECTION('ref_axis',(-9.81307786677359E-17,-0.707106781186547,-0.707106781186547));
#5427=DIRECTION('center_axis',(0.408248290463863,-0.816496580927726,-0.408248290463863));
#5428=DIRECTION('ref_axis',(-0.577350269189625,-0.577350269189625,0.577350269189627));
#5429=DIRECTION('center_axis',(1.,0.,-4.44089209850063E-15));
#5430=DIRECTION('ref_axis',(0.,-1.,0.));
#5431=DIRECTION('center_axis',(0.,-2.22044604925031E-15,-1.));
#5432=DIRECTION('ref_axis',(-1.,0.,0.));
#5433=DIRECTION('center_axis',(0.,1.,0.));
#5434=DIRECTION('ref_axis',(0.,0.,1.));
#5435=DIRECTION('center_axis',(2.80477395694776E-16,0.,1.));
#5436=DIRECTION('ref_axis',(-0.707106781186548,-0.707106781186547,0.));
#5437=DIRECTION('',(-2.80477395694776E-16,0.,-1.));
#5438=DIRECTION('',(2.80477395694776E-16,0.,1.));
#5439=DIRECTION('center_axis',(0.,1.,0.));
#5440=DIRECTION('ref_axis',(-0.707106781186548,0.,0.707106781186548));
#5441=DIRECTION('center_axis',(-2.16564477059831E-16,-0.707106781186546,
-0.707106781186549));
#5442=DIRECTION('ref_axis',(1.47196168001604E-16,-0.707106781186549,0.707106781186546));
#5443=DIRECTION('',(0.,-1.,0.));
#5444=DIRECTION('',(0.,1.,0.));
#5445=DIRECTION('center_axis',(0.707106781186549,-0.707106781186546,-1.98327468465319E-16));
#5446=DIRECTION('ref_axis',(-0.707106781186546,-0.707106781186549,2.45326946669339E-16));
#5447=DIRECTION('center_axis',(1.,0.,-3.0626842058625E-16));
#5448=DIRECTION('ref_axis',(0.,-0.707106781186549,0.707106781186546));
#5449=DIRECTION('',(-1.,0.,3.0626842058625E-16));
#5450=DIRECTION('',(1.,0.,-3.0626842058625E-16));
#5451=DIRECTION('center_axis',(0.,1.,0.));
#5452=DIRECTION('ref_axis',(0.707106781186549,0.,0.707106781186546));
#5453=DIRECTION('center_axis',(-0.707106781186548,-0.707106781186548,1.98327468465319E-16));
#5454=DIRECTION('ref_axis',(0.707106781186547,-0.707106781186547,-1.96261557335472E-16));
#5455=DIRECTION('',(0.,-1.,0.));
#5456=DIRECTION('',(0.,1.,0.));
#5457=DIRECTION('center_axis',(-2.16564477059831E-16,-0.707106781186546,
-0.707106781186549));
#5458=DIRECTION('ref_axis',(2.94392336003207E-16,-0.707106781186549,0.707106781186546));
#5459=DIRECTION('center_axis',(0.,1.,0.));
#5460=DIRECTION('ref_axis',(0.707106781186548,0.,-0.707106781186548));
#5461=DIRECTION('center_axis',(1.29938686235899E-16,-0.707106781186548,
0.707106781186548));
#5462=DIRECTION('ref_axis',(-1.47196168001604E-16,-0.707106781186547,-0.707106781186547));
#5463=DIRECTION('',(0.,-1.,0.));
#5464=DIRECTION('',(0.,1.,0.));
#5465=DIRECTION('center_axis',(-0.707106781186549,-0.707106781186546,1.98327468465319E-16));
#5466=DIRECTION('ref_axis',(0.707106781186546,-0.707106781186549,-2.45326946669339E-16));
#5467=DIRECTION('center_axis',(0.707106781186549,-0.707106781186546,-1.98327468465319E-16));
#5468=DIRECTION('ref_axis',(-2.80477395694776E-16,0.,-1.));
#5469=DIRECTION('',(-2.80477395694776E-16,0.,-1.));
#5470=DIRECTION('',(0.707106781186546,0.707106781186549,0.));
#5471=DIRECTION('',(1.97372982155583E-16,0.,1.));
#5472=DIRECTION('',(0.577350269189625,0.577350269189627,-0.577350269189625));
#5473=DIRECTION('center_axis',(1.,0.,-2.80477395694776E-16));
#5474=DIRECTION('ref_axis',(-2.80477395694776E-16,0.,-1.));
#5475=DIRECTION('',(-2.80477395694776E-16,0.,-1.));
#5476=DIRECTION('',(0.,1.,0.));
#5477=DIRECTION('',(0.,-1.,0.));
#5478=DIRECTION('center_axis',(-2.16564477059831E-16,-0.707106781186546,
-0.707106781186549));
#5479=DIRECTION('ref_axis',(-1.,0.,3.0626842058625E-16));
#5480=DIRECTION('',(1.,0.,-5.07530525542928E-16));
#5481=DIRECTION('',(-0.577350269189627,0.577350269189627,-0.577350269189624));
#5482=DIRECTION('',(-1.,0.,3.0626842058625E-16));
#5483=DIRECTION('center_axis',(0.707106781186548,-0.707106781186548,-1.98327468465319E-16));
#5484=DIRECTION('ref_axis',(-2.80477395694776E-16,0.,-1.));
#5485=DIRECTION('',(-0.577350269189626,-0.577350269189626,-0.577350269189626));
#5486=DIRECTION('',(1.97372982155583E-16,0.,1.));
#5487=DIRECTION('',(-0.707106781186548,-0.707106781186548,0.));
#5488=DIRECTION('center_axis',(1.8376105235175E-16,0.,1.));
#5489=DIRECTION('ref_axis',(1.,0.,-1.8376105235175E-16));
#5490=DIRECTION('',(1.,0.,-1.8376105235175E-16));
#5491=DIRECTION('center_axis',(1.29938686235899E-16,-0.707106781186548,
0.707106781186548));
#5492=DIRECTION('ref_axis',(1.,0.,-1.8376105235175E-16));
#5493=DIRECTION('',(-0.577350269189624,0.577350269189626,0.577350269189626));
#5494=DIRECTION('',(-1.,0.,6.34413156928661E-17));
#5495=DIRECTION('center_axis',(0.,1.,0.));
#5496=DIRECTION('ref_axis',(0.,0.,1.));
#5497=DIRECTION('center_axis',(-1.,0.,2.66453525910038E-16));
#5498=DIRECTION('ref_axis',(-2.66453525910038E-16,0.,-1.));
#5499=DIRECTION('',(0.,-1.,0.));
#5500=DIRECTION('center_axis',(0.,-1.,0.));
#5501=DIRECTION('ref_axis',(0.866025403784439,0.,0.5));
#5502=DIRECTION('',(0.,1.,0.));
#5503=DIRECTION('center_axis',(-0.707106781186548,-0.707106781186548,1.98327468465319E-16));
#5504=DIRECTION('ref_axis',(2.80477395694776E-16,0.,1.));
#5505=DIRECTION('',(-1.97372982155583E-16,0.,-1.));
#5506=DIRECTION('',(0.707106781186548,-0.707106781186548,0.));
#5507=DIRECTION('',(2.80477395694776E-16,0.,1.));
#5508=DIRECTION('center_axis',(-0.707106781186549,-0.707106781186546,1.98327468465319E-16));
#5509=DIRECTION('ref_axis',(2.80477395694776E-16,0.,1.));
#5510=DIRECTION('',(2.80477395694776E-16,0.,1.));
#5511=DIRECTION('',(-0.707106781186546,0.707106781186549,0.));
#5512=DIRECTION('',(-1.97372982155583E-16,0.,-1.));
#5513=DIRECTION('center_axis',(-1.,0.,2.80477395694776E-16));
#5514=DIRECTION('ref_axis',(2.80477395694776E-16,0.,1.));
#5515=DIRECTION('',(0.,-1.,0.));
#5516=DIRECTION('',(0.,-1.,0.));
#5517=DIRECTION('',(0.,1.,0.));
#5518=DIRECTION('',(0.,1.,0.));
#5519=DIRECTION('center_axis',(1.,0.,0.));
#5520=DIRECTION('ref_axis',(0.,0.,-1.));
#5521=DIRECTION('',(0.,1.,0.));
#5522=DIRECTION('',(0.,0.,-1.));
#5523=DIRECTION('',(0.,1.,0.));
#5524=DIRECTION('center_axis',(0.,0.,1.));
#5525=DIRECTION('ref_axis',(1.,0.,0.));
#5526=DIRECTION('',(0.,1.,0.));
#5527=DIRECTION('',(1.,0.,0.));
#5528=DIRECTION('center_axis',(-0.70710678118655,0.,0.707106781186545));
#5529=DIRECTION('ref_axis',(0.707106781186545,0.,0.70710678118655));
#5530=DIRECTION('',(0.,1.,0.));
#5531=DIRECTION('',(0.707106781186545,0.,0.70710678118655));
#5532=DIRECTION('center_axis',(-1.,0.,0.));
#5533=DIRECTION('ref_axis',(0.,0.,1.));
#5534=DIRECTION('',(0.,1.,0.));
#5535=DIRECTION('',(0.,0.,1.));
#5536=DIRECTION('',(0.,1.,0.));
#5537=DIRECTION('center_axis',(1.,0.,0.));
#5538=DIRECTION('ref_axis',(0.,0.,-1.));
#5539=DIRECTION('',(0.,1.,0.));
#5540=DIRECTION('',(0.,0.,-1.));
#5541=DIRECTION('center_axis',(0.705940902635131,0.,-0.708270740597617));
#5542=DIRECTION('ref_axis',(-0.708270740597617,0.,-0.705940902635131));
#5543=DIRECTION('',(0.,1.,0.));
#5544=DIRECTION('',(-0.708270740597617,0.,-0.705940902635131));
#5545=DIRECTION('center_axis',(0.,0.,-1.));
#5546=DIRECTION('ref_axis',(-1.,0.,0.));
#5547=DIRECTION('',(-1.,0.,0.));
#5548=DIRECTION('center_axis',(0.,-1.,0.));
#5549=DIRECTION('ref_axis',(0.,0.,-1.));
#5550=DIRECTION('center_axis',(0.,0.,1.));
#5551=DIRECTION('ref_axis',(1.,0.,0.));
#5552=DIRECTION('',(0.,1.,0.));
#5553=DIRECTION('',(1.,0.,0.));
#5554=DIRECTION('',(0.,1.,0.));
#5555=DIRECTION('center_axis',(-1.,0.,0.));
#5556=DIRECTION('ref_axis',(0.,0.,1.));
#5557=DIRECTION('',(0.,1.,0.));
#5558=DIRECTION('',(0.,0.,1.));
#5559=DIRECTION('center_axis',(0.,0.,-1.));
#5560=DIRECTION('ref_axis',(-1.,0.,0.));
#5561=DIRECTION('',(0.,1.,0.));
#5562=DIRECTION('',(-1.,0.,0.));
#5563=DIRECTION('center_axis',(-1.,0.,0.));
#5564=DIRECTION('ref_axis',(0.,0.,1.));
#5565=DIRECTION('',(0.,1.,0.));
#5566=DIRECTION('',(0.,0.,1.));
#5567=DIRECTION('center_axis',(0.,0.,-1.));
#5568=DIRECTION('ref_axis',(-1.,0.,0.));
#5569=DIRECTION('',(0.,1.,0.));
#5570=DIRECTION('',(-1.,0.,0.));
#5571=DIRECTION('center_axis',(1.,0.,0.));
#5572=DIRECTION('ref_axis',(0.,0.,-1.));
#5573=DIRECTION('',(0.,1.,0.));
#5574=DIRECTION('',(0.,0.,-1.));
#5575=DIRECTION('center_axis',(0.,0.,-1.));
#5576=DIRECTION('ref_axis',(-1.,0.,0.));
#5577=DIRECTION('',(0.,1.,0.));
#5578=DIRECTION('',(-1.,0.,0.));
#5579=DIRECTION('center_axis',(1.,0.,0.));
#5580=DIRECTION('ref_axis',(0.,0.,-1.));
#5581=DIRECTION('',(0.,0.,-1.));
#5582=DIRECTION('center_axis',(0.,1.,0.));
#5583=DIRECTION('ref_axis',(0.,0.,1.));
#5584=DIRECTION('',(0.,1.,0.));
#5585=DIRECTION('',(0.,1.,0.));
#5586=DIRECTION('center_axis',(1.,0.,0.));
#5587=DIRECTION('ref_axis',(0.,0.,-1.));
#5588=DIRECTION('',(0.,0.,-1.));
#5589=DIRECTION('',(0.,1.,0.));
#5590=DIRECTION('',(0.,0.,-1.));
#5591=DIRECTION('',(0.,1.,0.));
#5592=DIRECTION('',(0.,1.,0.));
#5593=DIRECTION('',(0.,1.,0.));
#5594=DIRECTION('center_axis',(0.,1.,0.));
#5595=DIRECTION('ref_axis',(-0.6896469952991,0.,-0.724145718674718));
#5596=DIRECTION('',(0.,1.,0.));
#5597=DIRECTION('',(0.,1.,0.));
#5598=DIRECTION('center_axis',(-1.,0.,0.));
#5599=DIRECTION('ref_axis',(0.,0.,1.));
#5600=DIRECTION('',(0.,1.,0.));
#5601=DIRECTION('',(0.,0.,1.));
#5602=DIRECTION('center_axis',(0.,0.,-1.));
#5603=DIRECTION('ref_axis',(-1.,0.,0.));
#5604=DIRECTION('',(0.,1.,0.));
#5605=DIRECTION('',(-1.,0.,0.));
#5606=DIRECTION('center_axis',(1.,0.,0.));
#5607=DIRECTION('ref_axis',(0.,0.,-1.));
#5608=DIRECTION('',(0.,1.,0.));
#5609=DIRECTION('',(0.,0.,-1.));
#5610=DIRECTION('center_axis',(0.,0.,1.));
#5611=DIRECTION('ref_axis',(1.,0.,0.));
#5612=DIRECTION('',(0.,1.,0.));
#5613=DIRECTION('',(1.,0.,0.));
#5614=DIRECTION('center_axis',(-1.,0.,0.));
#5615=DIRECTION('ref_axis',(0.,0.,1.));
#5616=DIRECTION('',(0.,1.,0.));
#5617=DIRECTION('',(0.,0.,1.));
#5618=DIRECTION('',(0.,1.,0.));
#5619=DIRECTION('center_axis',(0.,-1.,0.));
#5620=DIRECTION('ref_axis',(0.,0.,-1.));
#5621=DIRECTION('center_axis',(0.807445709529853,0.,0.589941883715534));
#5622=DIRECTION('ref_axis',(0.589941883715534,0.,-0.807445709529853));
#5623=DIRECTION('',(0.,1.,0.));
#5624=DIRECTION('',(0.589941883715534,0.,-0.807445709529853));
#5625=DIRECTION('',(0.,1.,0.));
#5626=DIRECTION('center_axis',(0.,0.,1.));
#5627=DIRECTION('ref_axis',(1.,0.,0.));
#5628=DIRECTION('',(0.,1.,0.));
#5629=DIRECTION('',(1.,0.,0.));
#5630=DIRECTION('center_axis',(-0.801653347816872,0.,-0.597789185193243));
#5631=DIRECTION('ref_axis',(-0.597789185193243,0.,0.801653347816872));
#5632=DIRECTION('',(0.,1.,0.));
#5633=DIRECTION('',(-0.597789185193243,0.,0.801653347816872));
#5634=DIRECTION('center_axis',(-0.803129098056206,0.,0.595805045174531));
#5635=DIRECTION('ref_axis',(0.595805045174531,0.,0.803129098056206));
#5636=DIRECTION('',(0.,1.,0.));
#5637=DIRECTION('',(0.595805045174531,0.,0.803129098056206));
#5638=DIRECTION('center_axis',(0.,0.,-1.));
#5639=DIRECTION('ref_axis',(-1.,0.,0.));
#5640=DIRECTION('',(0.,1.,0.));
#5641=DIRECTION('',(-1.,0.,0.));
#5642=DIRECTION('center_axis',(0.814765579319975,0.,-0.579790523167968));
#5643=DIRECTION('ref_axis',(-0.579790523167968,0.,-0.814765579319975));
#5644=DIRECTION('',(0.,1.,0.));
#5645=DIRECTION('',(-0.579790523167968,0.,-0.814765579319975));
#5646=DIRECTION('center_axis',(-0.814765579319979,0.,-0.579790523167962));
#5647=DIRECTION('ref_axis',(-0.579790523167962,0.,0.814765579319979));
#5648=DIRECTION('',(0.,1.,0.));
#5649=DIRECTION('',(-0.579790523167962,0.,0.814765579319979));
#5650=DIRECTION('center_axis',(0.,0.,-1.));
#5651=DIRECTION('ref_axis',(-1.,0.,0.));
#5652=DIRECTION('',(0.,1.,0.));
#5653=DIRECTION('',(-1.,0.,0.));
#5654=DIRECTION('center_axis',(0.809694291064426,0.,0.586851902116434));
#5655=DIRECTION('ref_axis',(0.586851902116434,0.,-0.809694291064426));
#5656=DIRECTION('',(0.,1.,0.));
#5657=DIRECTION('',(0.586851902116434,0.,-0.809694291064426));
#5658=DIRECTION('center_axis',(0.804866982773454,0.,-0.593455255298289));
#5659=DIRECTION('ref_axis',(-0.593455255298289,0.,-0.804866982773454));
#5660=DIRECTION('',(0.,1.,0.));
#5661=DIRECTION('',(-0.593455255298289,0.,-0.804866982773454));
#5662=DIRECTION('center_axis',(0.,0.,1.));
#5663=DIRECTION('ref_axis',(1.,0.,0.));
#5664=DIRECTION('',(0.,1.,0.));
#5665=DIRECTION('',(1.,0.,0.));
#5666=DIRECTION('center_axis',(-0.817385595545174,0.,0.576090954793826));
#5667=DIRECTION('ref_axis',(0.576090954793826,0.,0.817385595545174));
#5668=DIRECTION('',(0.576090954793826,0.,0.817385595545174));
#5669=DIRECTION('center_axis',(0.,1.,0.));
#5670=DIRECTION('ref_axis',(0.,0.,1.));
#5671=DIRECTION('center_axis',(0.,0.,1.));
#5672=DIRECTION('ref_axis',(1.,0.,0.));
#5673=DIRECTION('',(0.,1.,0.));
#5674=DIRECTION('',(1.,0.,0.));
#5675=DIRECTION('',(0.,1.,0.));
#5676=DIRECTION('center_axis',(-0.816675449707339,0.,0.577097227376216));
#5677=DIRECTION('ref_axis',(0.577097227376215,0.,0.816675449707339));
#5678=DIRECTION('',(0.,1.,0.));
#5679=DIRECTION('',(0.577097227376216,0.,0.816675449707339));
#5680=DIRECTION('center_axis',(0.807445709529853,0.,0.589941883715534));
#5681=DIRECTION('ref_axis',(0.589941883715534,0.,-0.807445709529853));
#5682=DIRECTION('',(0.,1.,0.));
#5683=DIRECTION('',(0.589941883715534,0.,-0.807445709529853));
#5684=DIRECTION('center_axis',(0.,0.,1.));
#5685=DIRECTION('ref_axis',(1.,0.,0.));
#5686=DIRECTION('',(0.,1.,0.));
#5687=DIRECTION('',(1.,0.,0.));
#5688=DIRECTION('center_axis',(-0.801653347816875,0.,-0.597789185193239));
#5689=DIRECTION('ref_axis',(-0.597789185193239,0.,0.801653347816875));
#5690=DIRECTION('',(0.,1.,0.));
#5691=DIRECTION('',(-0.597789185193239,0.,0.801653347816875));
#5692=DIRECTION('center_axis',(-0.802647540820091,0.,0.59645362369212));
#5693=DIRECTION('ref_axis',(0.59645362369212,0.,0.802647540820091));
#5694=DIRECTION('',(0.,1.,0.));
#5695=DIRECTION('',(0.59645362369212,0.,0.802647540820091));
#5696=DIRECTION('center_axis',(0.,0.,-1.));
#5697=DIRECTION('ref_axis',(-1.,0.,0.));
#5698=DIRECTION('',(0.,1.,0.));
#5699=DIRECTION('',(-1.,0.,0.));
#5700=DIRECTION('center_axis',(0.814765579319975,0.,-0.579790523167968));
#5701=DIRECTION('ref_axis',(-0.579790523167968,0.,-0.814765579319975));
#5702=DIRECTION('',(0.,1.,0.));
#5703=DIRECTION('',(-0.579790523167968,0.,-0.814765579319975));
#5704=DIRECTION('center_axis',(-0.814765579319975,0.,-0.579790523167968));
#5705=DIRECTION('ref_axis',(-0.579790523167968,0.,0.814765579319975));
#5706=DIRECTION('',(0.,1.,0.));
#5707=DIRECTION('',(-0.579790523167968,0.,0.814765579319975));
#5708=DIRECTION('center_axis',(0.,0.,-1.));
#5709=DIRECTION('ref_axis',(-1.,0.,0.));
#5710=DIRECTION('',(0.,1.,0.));
#5711=DIRECTION('',(-1.,0.,0.));
#5712=DIRECTION('center_axis',(0.809694291064426,0.,0.586851902116434));
#5713=DIRECTION('ref_axis',(0.586851902116434,0.,-0.809694291064426));
#5714=DIRECTION('',(0.,1.,0.));
#5715=DIRECTION('',(0.586851902116434,0.,-0.809694291064426));
#5716=DIRECTION('center_axis',(0.804866982773451,0.,-0.593455255298293));
#5717=DIRECTION('ref_axis',(-0.593455255298293,0.,-0.804866982773451));
#5718=DIRECTION('',(-0.593455255298293,0.,-0.804866982773451));
#5719=DIRECTION('center_axis',(0.,1.,0.));
#5720=DIRECTION('ref_axis',(0.,0.,1.));
#5721=DIRECTION('',(0.,1.,0.));
#5722=DIRECTION('',(0.,1.,0.));
#5723=DIRECTION('center_axis',(0.,-1.,0.));
#5724=DIRECTION('ref_axis',(0.,0.,-1.));
#5725=DIRECTION('center_axis',(-0.707106781186548,0.,0.707106781186548));
#5726=DIRECTION('ref_axis',(0.707106781186548,0.,0.707106781186548));
#5727=DIRECTION('',(0.,1.,0.));
#5728=DIRECTION('',(0.707106781186548,0.,0.707106781186548));
#5729=DIRECTION('',(0.,1.,0.));
#5730=DIRECTION('',(0.,1.,0.));
#5731=DIRECTION('center_axis',(0.708335460904418,0.,-0.705875962776269));
#5732=DIRECTION('ref_axis',(-0.705875962776269,0.,-0.708335460904418));
#5733=DIRECTION('',(0.,1.,0.));
#5734=DIRECTION('',(-0.705875962776269,0.,-0.708335460904418));
#5735=DIRECTION('center_axis',(0.,0.,-1.));
#5736=DIRECTION('ref_axis',(-1.,0.,0.));
#5737=DIRECTION('',(0.,1.,0.));
#5738=DIRECTION('',(-1.,0.,0.));
#5739=DIRECTION('center_axis',(-0.707106781186548,0.,-0.707106781186548));
#5740=DIRECTION('ref_axis',(-0.707106781186548,0.,0.707106781186548));
#5741=DIRECTION('',(0.,1.,0.));
#5742=DIRECTION('',(-0.707106781186548,0.,0.707106781186548));
#5743=DIRECTION('center_axis',(-1.,0.,0.));
#5744=DIRECTION('ref_axis',(0.,0.,1.));
#5745=DIRECTION('',(0.,1.,0.));
#5746=DIRECTION('',(0.,0.,1.));
#5747=DIRECTION('center_axis',(-0.707106781186548,0.,0.707106781186548));
#5748=DIRECTION('ref_axis',(0.707106781186548,0.,0.707106781186548));
#5749=DIRECTION('',(0.,1.,0.));
#5750=DIRECTION('',(0.707106781186548,0.,0.707106781186548));
#5751=DIRECTION('',(0.,1.,0.));
#5752=DIRECTION('center_axis',(0.707106781186548,0.,-0.707106781186548));
#5753=DIRECTION('ref_axis',(-0.707106781186548,0.,-0.707106781186548));
#5754=DIRECTION('',(0.,1.,0.));
#5755=DIRECTION('',(-0.707106781186547,0.,-0.707106781186547));
#5756=DIRECTION('center_axis',(1.,0.,0.));
#5757=DIRECTION('ref_axis',(0.,0.,-1.));
#5758=DIRECTION('',(0.,1.,0.));
#5759=DIRECTION('',(0.,0.,-1.));
#5760=DIRECTION('center_axis',(0.,0.,1.));
#5761=DIRECTION('ref_axis',(1.,0.,0.));
#5762=DIRECTION('',(0.,1.,0.));
#5763=DIRECTION('',(1.,0.,0.));
#5764=DIRECTION('center_axis',(0.707106781186548,0.,0.707106781186548));
#5765=DIRECTION('ref_axis',(0.707106781186548,0.,-0.707106781186548));
#5766=DIRECTION('',(0.,1.,0.));
#5767=DIRECTION('',(0.707106781186548,0.,-0.707106781186548));
#5768=DIRECTION('center_axis',(0.,0.,1.));
#5769=DIRECTION('ref_axis',(1.,0.,0.));
#5770=DIRECTION('',(1.,0.,0.));
#5771=DIRECTION('center_axis',(0.,-1.,0.));
#5772=DIRECTION('ref_axis',(0.,0.,-1.));
#5773=DIRECTION('',(0.,1.,0.));
#5774=DIRECTION('',(0.,1.,0.));
#5775=DIRECTION('center_axis',(0.,0.,-1.));
#5776=DIRECTION('ref_axis',(-1.,0.,0.));
#5777=DIRECTION('',(0.,1.,0.));
#5778=DIRECTION('',(-1.,0.,0.));
#5779=DIRECTION('center_axis',(-0.707106781186551,0.,-0.707106781186544));
#5780=DIRECTION('ref_axis',(-0.707106781186544,0.,0.707106781186551));
#5781=DIRECTION('',(0.,1.,0.));
#5782=DIRECTION('',(-0.707106781186544,0.,0.707106781186551));
#5783=DIRECTION('center_axis',(0.707106781186549,0.,-0.707106781186546));
#5784=DIRECTION('ref_axis',(-0.707106781186546,0.,-0.707106781186549));
#5785=DIRECTION('',(0.,1.,0.));
#5786=DIRECTION('',(-0.707106781186546,0.,-0.707106781186549));
#5787=DIRECTION('center_axis',(1.,0.,0.));
#5788=DIRECTION('ref_axis',(0.,0.,-1.));
#5789=DIRECTION('',(0.,1.,0.));
#5790=DIRECTION('',(0.,0.,-1.));
#5791=DIRECTION('',(0.,1.,0.));
#5792=DIRECTION('center_axis',(-1.,0.,0.));
#5793=DIRECTION('ref_axis',(0.,0.,1.));
#5794=DIRECTION('',(0.,1.,0.));
#5795=DIRECTION('',(0.,0.,1.));
#5796=DIRECTION('center_axis',(-0.707106781186544,0.,0.707106781186551));
#5797=DIRECTION('ref_axis',(0.707106781186551,0.,0.707106781186544));
#5798=DIRECTION('',(0.,1.,0.));
#5799=DIRECTION('',(0.707106781186551,0.,0.707106781186544));
#5800=DIRECTION('center_axis',(0.707106781186548,0.,0.707106781186548));
#5801=DIRECTION('ref_axis',(0.707106781186548,0.,-0.707106781186548));
#5802=DIRECTION('',(0.,1.,0.));
#5803=DIRECTION('',(0.707106781186548,0.,-0.707106781186548));
#5804=DIRECTION('center_axis',(0.,0.,1.));
#5805=DIRECTION('ref_axis',(1.,0.,0.));
#5806=DIRECTION('',(1.,0.,0.));
#5807=DIRECTION('center_axis',(0.,-1.,0.));
#5808=DIRECTION('ref_axis',(0.,0.,-1.));
#5809=DIRECTION('center_axis',(0.,0.,1.));
#5810=DIRECTION('ref_axis',(1.,0.,0.));
#5811=DIRECTION('',(0.,1.,0.));
#5812=DIRECTION('',(1.,0.,0.));
#5813=DIRECTION('',(0.,1.,0.));
#5814=DIRECTION('center_axis',(-1.,0.,0.));
#5815=DIRECTION('ref_axis',(0.,0.,1.));
#5816=DIRECTION('',(0.,1.,0.));
#5817=DIRECTION('',(0.,0.,1.));
#5818=DIRECTION('center_axis',(0.,0.,-1.));
#5819=DIRECTION('ref_axis',(-1.,0.,0.));
#5820=DIRECTION('',(0.,1.,0.));
#5821=DIRECTION('',(-1.,0.,0.));
#5822=DIRECTION('center_axis',(1.,0.,0.));
#5823=DIRECTION('ref_axis',(0.,0.,-1.));
#5824=DIRECTION('',(0.,0.,-1.));
#5825=DIRECTION('center_axis',(0.,1.,0.));
#5826=DIRECTION('ref_axis',(0.,0.,1.));
#5827=DIRECTION('',(0.,1.,0.));
#5828=DIRECTION('',(0.,1.,0.));
#5829=DIRECTION('center_axis',(1.,0.,0.));
#5830=DIRECTION('ref_axis',(0.,0.,-1.));
#5831=DIRECTION('',(0.,1.,0.));
#5832=DIRECTION('',(0.,0.,-1.));
#5833=DIRECTION('',(0.,1.,0.));
#5834=DIRECTION('',(0.,1.,0.));
#5835=DIRECTION('',(0.,1.,0.));
#5836=DIRECTION('',(0.,1.,0.));
#5837=DIRECTION('',(0.,1.,0.));
#5838=DIRECTION('center_axis',(1.,0.,0.));
#5839=DIRECTION('ref_axis',(0.,0.,-1.));
#5840=DIRECTION('',(0.,1.,0.));
#5841=DIRECTION('',(0.,0.,-1.));
#5842=DIRECTION('center_axis',(0.,0.,1.));
#5843=DIRECTION('ref_axis',(1.,0.,0.));
#5844=DIRECTION('',(0.,1.,0.));
#5845=DIRECTION('',(1.,0.,0.));
#5846=DIRECTION('center_axis',(-1.,0.,0.));
#5847=DIRECTION('ref_axis',(0.,0.,1.));
#5848=DIRECTION('',(0.,1.,0.));
#5849=DIRECTION('',(0.,0.,1.));
#5850=DIRECTION('center_axis',(0.,0.,-1.));
#5851=DIRECTION('ref_axis',(-1.,0.,0.));
#5852=DIRECTION('',(0.,1.,0.));
#5853=DIRECTION('',(-1.,0.,0.));
#5854=DIRECTION('center_axis',(1.,0.,0.));
#5855=DIRECTION('ref_axis',(0.,0.,-1.));
#5856=DIRECTION('',(0.,1.,0.));
#5857=DIRECTION('',(0.,0.,-1.));
#5858=DIRECTION('',(0.,1.,0.));
#5859=DIRECTION('center_axis',(0.,-1.,0.));
#5860=DIRECTION('ref_axis',(0.797529999767599,0.,-0.603279288116784));
#5861=DIRECTION('',(0.,1.,0.));
#5862=DIRECTION('',(0.,1.,0.));
#5863=DIRECTION('',(0.,1.,0.));
#5864=DIRECTION('center_axis',(-1.,0.,0.));
#5865=DIRECTION('ref_axis',(0.,0.,1.));
#5866=DIRECTION('',(0.,1.,0.));
#5867=DIRECTION('',(0.,0.,1.));
#5868=DIRECTION('center_axis',(0.,0.,-1.));
#5869=DIRECTION('ref_axis',(-1.,0.,0.));
#5870=DIRECTION('',(0.,1.,0.));
#5871=DIRECTION('',(-1.,0.,0.));
#5872=DIRECTION('center_axis',(1.,0.,0.));
#5873=DIRECTION('ref_axis',(0.,0.,-1.));
#5874=DIRECTION('',(0.,1.,0.));
#5875=DIRECTION('',(0.,0.,-1.));
#5876=DIRECTION('',(0.,1.,0.));
#5877=DIRECTION('',(0.,1.,0.));
#5878=DIRECTION('',(0.,1.,0.));
#5879=DIRECTION('center_axis',(-1.,0.,0.));
#5880=DIRECTION('ref_axis',(0.,0.,1.));
#5881=DIRECTION('',(0.,1.,0.));
#5882=DIRECTION('',(0.,0.,1.));
#5883=DIRECTION('center_axis',(0.,0.,-1.));
#5884=DIRECTION('ref_axis',(-1.,0.,0.));
#5885=DIRECTION('',(0.,1.,0.));
#5886=DIRECTION('',(-1.,0.,0.));
#5887=DIRECTION('center_axis',(1.,0.,0.));
#5888=DIRECTION('ref_axis',(0.,0.,-1.));
#5889=DIRECTION('',(0.,0.,-1.));
#5890=DIRECTION('center_axis',(0.,-1.,0.));
#5891=DIRECTION('ref_axis',(0.,0.,-1.));
#5892=DIRECTION('center_axis',(0.,-1.,0.));
#5893=DIRECTION('ref_axis',(0.67378850341697,0.,0.738924253670915));
#5894=DIRECTION('',(0.,1.,0.));
#5895=DIRECTION('center_axis',(0.,-1.,0.));
#5896=DIRECTION('ref_axis',(0.67378850341697,0.,0.738924253670915));
#5897=DIRECTION('',(0.,1.,0.));
#5898=DIRECTION('',(0.,1.,0.));
#5899=DIRECTION('center_axis',(0.,0.,1.));
#5900=DIRECTION('ref_axis',(1.,0.,0.));
#5901=DIRECTION('',(1.,0.,0.));
#5902=DIRECTION('',(0.,1.,0.));
#5903=DIRECTION('',(1.,0.,0.));
#5904=DIRECTION('',(0.,1.,0.));
#5905=DIRECTION('center_axis',(0.,-1.,0.));
#5906=DIRECTION('ref_axis',(-0.671894034468261,0.,0.740647288826445));
#5907=DIRECTION('',(0.,1.,0.));
#5908=DIRECTION('center_axis',(0.,-1.,0.));
#5909=DIRECTION('ref_axis',(-0.671894034468261,0.,0.740647288826445));
#5910=DIRECTION('center_axis',(0.447213595499958,0.,-0.894427190999916));
#5911=DIRECTION('ref_axis',(-0.894427190999916,0.,-0.447213595499958));
#5912=DIRECTION('',(-0.894427190999916,0.,-0.447213595499958));
#5913=DIRECTION('',(0.,1.,0.));
#5914=DIRECTION('',(-0.894427190999916,0.,-0.447213595499958));
#5915=DIRECTION('center_axis',(0.712623615676511,0.,0.701546564655645));
#5916=DIRECTION('ref_axis',(0.701546564655645,0.,-0.712623615676511));
#5917=DIRECTION('',(0.,1.,0.));
#5918=DIRECTION('',(0.701546564655645,0.,-0.712623615676511));
#5919=DIRECTION('',(0.,1.,0.));
#5920=DIRECTION('',(0.,1.,0.));
#5921=DIRECTION('center_axis',(0.,-1.,0.));
#5922=DIRECTION('ref_axis',(-0.545041646077986,0.,0.838408971827353));
#5923=DIRECTION('',(0.,1.,0.));
#5924=DIRECTION('',(0.,1.,0.));
#5925=DIRECTION('center_axis',(0.,0.,-1.));
#5926=DIRECTION('ref_axis',(-1.,0.,0.));
#5927=DIRECTION('',(0.,1.,0.));
#5928=DIRECTION('',(-1.,0.,0.));
#5929=DIRECTION('',(0.,1.,0.));
#5930=DIRECTION('',(0.,1.,0.));
#5931=DIRECTION('center_axis',(0.,1.,0.));
#5932=DIRECTION('ref_axis',(-0.671867734916567,0.,-0.740671146176278));
#5933=DIRECTION('',(0.,1.,0.));
#5934=DIRECTION('center_axis',(0.,-1.,0.));
#5935=DIRECTION('ref_axis',(0.,0.,-1.));
#5936=DIRECTION('',(0.,1.,0.));
#5937=DIRECTION('',(0.,1.,0.));
#5938=DIRECTION('',(0.,1.,0.));
#5939=DIRECTION('',(0.,1.,0.));
#5940=DIRECTION('center_axis',(0.,-1.,0.));
#5941=DIRECTION('ref_axis',(0.,0.,-1.));
#5942=DIRECTION('',(0.,1.,0.));
#5943=DIRECTION('',(0.,1.,0.));
#5944=DIRECTION('center_axis',(0.,0.,1.));
#5945=DIRECTION('ref_axis',(1.,0.,0.));
#5946=DIRECTION('',(1.,0.,0.));
#5947=DIRECTION('',(0.,1.,0.));
#5948=DIRECTION('',(1.,0.,0.));
#5949=DIRECTION('center_axis',(1.,0.,0.));
#5950=DIRECTION('ref_axis',(0.,0.,-1.));
#5951=DIRECTION('',(0.,0.,-1.));
#5952=DIRECTION('',(0.,1.,0.));
#5953=DIRECTION('',(0.,0.,-1.));
#5954=DIRECTION('center_axis',(0.,0.,-1.));
#5955=DIRECTION('ref_axis',(-1.,0.,0.));
#5956=DIRECTION('',(-1.,0.,0.));
#5957=DIRECTION('',(-1.,0.,0.));
#5958=DIRECTION('center_axis',(0.,0.,-1.));
#5959=DIRECTION('ref_axis',(-1.,0.,0.));
#5960=DIRECTION('',(0.,1.,0.));
#5961=DIRECTION('',(-1.,0.,0.));
#5962=DIRECTION('',(0.,1.,0.));
#5963=DIRECTION('center_axis',(1.,0.,0.));
#5964=DIRECTION('ref_axis',(0.,0.,-1.));
#5965=DIRECTION('',(0.,1.,0.));
#5966=DIRECTION('',(0.,0.,-1.));
#5967=DIRECTION('center_axis',(0.,0.,-1.));
#5968=DIRECTION('ref_axis',(-1.,0.,0.));
#5969=DIRECTION('',(0.,1.,0.));
#5970=DIRECTION('',(-1.,0.,0.));
#5971=DIRECTION('',(0.,1.,0.));
#5972=DIRECTION('center_axis',(0.,0.,1.));
#5973=DIRECTION('ref_axis',(1.,0.,0.));
#5974=DIRECTION('',(0.,1.,0.));
#5975=DIRECTION('',(1.,0.,0.));
#5976=DIRECTION('center_axis',(-1.,0.,0.));
#5977=DIRECTION('ref_axis',(0.,0.,1.));
#5978=DIRECTION('',(0.,0.,1.));
#5979=DIRECTION('center_axis',(0.,-1.,0.));
#5980=DIRECTION('ref_axis',(0.,0.,-1.));
#5981=DIRECTION('center_axis',(0.,0.,1.));
#5982=DIRECTION('ref_axis',(1.,0.,0.));
#5983=DIRECTION('',(0.,1.,0.));
#5984=DIRECTION('',(1.,0.,0.));
#5985=DIRECTION('',(0.,1.,0.));
#5986=DIRECTION('center_axis',(0.707106781186549,0.,0.707106781186546));
#5987=DIRECTION('ref_axis',(0.707106781186546,0.,-0.707106781186549));
#5988=DIRECTION('',(0.,1.,0.));
#5989=DIRECTION('',(0.707106781186546,0.,-0.707106781186549));
#5990=DIRECTION('center_axis',(1.,0.,0.));
#5991=DIRECTION('ref_axis',(0.,0.,-1.));
#5992=DIRECTION('',(0.,1.,0.));
#5993=DIRECTION('',(0.,0.,-1.));
#5994=DIRECTION('',(0.,1.,0.));
#5995=DIRECTION('center_axis',(-1.,0.,0.));
#5996=DIRECTION('ref_axis',(0.,0.,1.));
#5997=DIRECTION('',(0.,1.,0.));
#5998=DIRECTION('',(0.,0.,1.));
#5999=DIRECTION('center_axis',(-0.707106781186547,0.,-0.707106781186548));
#6000=DIRECTION('ref_axis',(-0.707106781186548,0.,0.707106781186547));
#6001=DIRECTION('',(0.,1.,0.));
#6002=DIRECTION('',(-0.707106781186548,0.,0.707106781186547));
#6003=DIRECTION('center_axis',(0.,0.,-1.));
#6004=DIRECTION('ref_axis',(-1.,0.,0.));
#6005=DIRECTION('',(0.,1.,0.));
#6006=DIRECTION('',(-1.,0.,0.));
#6007=DIRECTION('center_axis',(-0.707106781186548,0.,-0.707106781186548));
#6008=DIRECTION('ref_axis',(-0.707106781186548,0.,0.707106781186548));
#6009=DIRECTION('',(0.,1.,0.));
#6010=DIRECTION('',(-0.707106781186548,0.,0.707106781186548));
#6011=DIRECTION('center_axis',(-1.,0.,0.));
#6012=DIRECTION('ref_axis',(0.,0.,1.));
#6013=DIRECTION('',(0.,1.,0.));
#6014=DIRECTION('',(0.,0.,1.));
#6015=DIRECTION('',(0.,1.,0.));
#6016=DIRECTION('center_axis',(1.,0.,0.));
#6017=DIRECTION('ref_axis',(0.,0.,-1.));
#6018=DIRECTION('',(0.,1.,0.));
#6019=DIRECTION('',(0.,0.,-1.));
#6020=DIRECTION('center_axis',(0.707106781186548,0.,0.707106781186548));
#6021=DIRECTION('ref_axis',(0.707106781186548,0.,-0.707106781186548));
#6022=DIRECTION('',(0.707106781186548,0.,-0.707106781186548));
#6023=DIRECTION('center_axis',(0.,-1.,0.));
#6024=DIRECTION('ref_axis',(0.,0.,-1.));
#6025=DIRECTION('center_axis',(0.,1.,0.));
#6026=DIRECTION('ref_axis',(0.,0.,1.));
#6027=DIRECTION('center_axis',(0.,1.,0.));
#6028=DIRECTION('ref_axis',(0.,0.,1.));
#6029=DIRECTION('center_axis',(0.,1.,0.));
#6030=DIRECTION('ref_axis',(0.,0.,1.));
#6031=DIRECTION('center_axis',(0.,1.,0.));
#6032=DIRECTION('ref_axis',(0.,0.,1.));
#6033=DIRECTION('center_axis',(0.,1.,0.));
#6034=DIRECTION('ref_axis',(0.,0.,1.));
#6035=DIRECTION('center_axis',(0.,0.,-1.));
#6036=DIRECTION('ref_axis',(1.,0.,0.));
#6037=DIRECTION('',(0.,1.,0.));
#6038=DIRECTION('center_axis',(0.,0.,1.));
#6039=DIRECTION('ref_axis',(-1.,0.,0.));
#6040=DIRECTION('',(0.,-1.,0.));
#6041=DIRECTION('center_axis',(-1.,0.,1.97372982155583E-16));
#6042=DIRECTION('ref_axis',(-1.97372982155583E-16,0.,-1.));
#6043=DIRECTION('',(0.,-1.,0.));
#6044=DIRECTION('center_axis',(0.,0.,1.));
#6045=DIRECTION('ref_axis',(-1.,0.,0.));
#6046=DIRECTION('',(0.,-1.,0.));
#6047=DIRECTION('center_axis',(1.,0.,-1.97372982155583E-16));
#6048=DIRECTION('ref_axis',(1.97372982155583E-16,0.,1.));
#6049=DIRECTION('',(0.,-1.,0.));
#6050=DIRECTION('center_axis',(6.34413156928661E-17,0.,1.));
#6051=DIRECTION('ref_axis',(-1.,0.,6.34413156928661E-17));
#6052=DIRECTION('center_axis',(-1.,0.,1.97372982155583E-16));
#6053=DIRECTION('ref_axis',(-1.97372982155583E-16,0.,-1.));
#6054=DIRECTION('',(0.,-1.,0.));
#6055=DIRECTION('center_axis',(-5.07530525542928E-16,0.,-1.));
#6056=DIRECTION('ref_axis',(1.,0.,-5.07530525542928E-16));
#6057=DIRECTION('',(0.,-1.,0.));
#6058=DIRECTION('center_axis',(1.,0.,-1.97372982155583E-16));
#6059=DIRECTION('ref_axis',(1.97372982155583E-16,0.,1.));
#6060=DIRECTION('',(0.,-1.,0.));
#6061=DIRECTION('center_axis',(0.,0.,-1.));
#6062=DIRECTION('ref_axis',(1.,0.,0.));
#6063=DIRECTION('center_axis',(-3.0626842058625E-16,0.,-1.));
#6064=DIRECTION('ref_axis',(-1.,0.,3.0626842058625E-16));
#6065=DIRECTION('center_axis',(0.,-1.,0.));
#6066=DIRECTION('ref_axis',(1.,0.,0.));
#6067=DIRECTION('',(0.,-1.,0.));
#6068=DIRECTION('center_axis',(0.,-1.,0.));
#6069=DIRECTION('ref_axis',(1.,0.,0.));
#6070=DIRECTION('center_axis',(0.,1.,0.));
#6071=DIRECTION('ref_axis',(0.,0.,1.));
#6072=DIRECTION('center_axis',(0.,-1.,0.));
#6073=DIRECTION('ref_axis',(1.,0.,0.));
#6074=DIRECTION('',(0.,-1.,0.));
#6075=DIRECTION('center_axis',(0.,-1.,0.));
#6076=DIRECTION('ref_axis',(1.,0.,0.));
#6077=DIRECTION('center_axis',(0.,1.,0.));
#6078=DIRECTION('ref_axis',(0.,0.,1.));
#6079=DIRECTION('center_axis',(0.,-1.,0.));
#6080=DIRECTION('ref_axis',(1.,0.,0.));
#6081=DIRECTION('',(0.,-1.,0.));
#6082=DIRECTION('center_axis',(0.,-1.,0.));
#6083=DIRECTION('ref_axis',(1.,0.,0.));
#6084=DIRECTION('center_axis',(0.,1.,0.));
#6085=DIRECTION('ref_axis',(0.,0.,1.));
#6086=DIRECTION('center_axis',(0.,-1.,0.));
#6087=DIRECTION('ref_axis',(1.,0.,0.));
#6088=DIRECTION('',(0.,-1.,0.));
#6089=DIRECTION('center_axis',(0.,-1.,0.));
#6090=DIRECTION('ref_axis',(1.,0.,0.));
#6091=DIRECTION('center_axis',(0.,1.,0.));
#6092=DIRECTION('ref_axis',(0.,0.,1.));
#6093=DIRECTION('center_axis',(0.,-1.,0.));
#6094=DIRECTION('ref_axis',(-0.707106781186547,0.,0.707106781186548));
#6095=DIRECTION('center_axis',(0.,1.,0.));
#6096=DIRECTION('ref_axis',(0.,0.,1.));
#6097=CARTESIAN_POINT('',(0.,0.,0.));
#6098=CARTESIAN_POINT('Origin',(68.0717967697245,30.6,54.));
#6099=CARTESIAN_POINT('',(71.5358983848623,30.6,52.));
#6100=CARTESIAN_POINT('',(72.4019237886467,31.6,51.5));
#6101=CARTESIAN_POINT('Origin',(72.4019237886467,30.6,51.5));
#6102=CARTESIAN_POINT('',(68.0717967697245,31.6,49.));
#6103=CARTESIAN_POINT('Origin',(68.0717967697245,31.6,54.));
#6104=CARTESIAN_POINT('',(68.0717967697245,30.6,50.));
#6105=CARTESIAN_POINT('Origin',(68.0717967697245,30.6,49.));
#6106=CARTESIAN_POINT('Origin',(68.0717967697245,30.6,54.));
#6107=CARTESIAN_POINT('Origin',(35.5,30.6,49.));
#6108=CARTESIAN_POINT('',(-68.0717967697245,31.6,49.));
#6109=CARTESIAN_POINT('',(-68.0717967697245,30.6,50.));
#6110=CARTESIAN_POINT('Origin',(-68.0717967697245,30.6,49.));
#6111=CARTESIAN_POINT('',(35.5,30.6,50.));
#6112=CARTESIAN_POINT('',(35.5,31.6,49.));
#6113=CARTESIAN_POINT('Origin',(-68.0717967697245,30.6,54.));
#6114=CARTESIAN_POINT('',(-72.4019237886467,31.6,51.5));
#6115=CARTESIAN_POINT('',(-71.5358983848622,30.6,52.));
#6116=CARTESIAN_POINT('Origin',(-72.4019237886467,30.6,51.5));
#6117=CARTESIAN_POINT('Origin',(-68.0717967697245,30.6,54.));
#6118=CARTESIAN_POINT('Origin',(-68.0717967697245,31.6,54.));
#6119=CARTESIAN_POINT('Origin',(-75.,30.6,50.));
#6120=CARTESIAN_POINT('',(-76.5,31.6,47.4019237886467));
#6121=CARTESIAN_POINT('',(-77.,30.6,46.5358983848623));
#6122=CARTESIAN_POINT('Origin',(-76.5,30.6,47.4019237886467));
#6123=CARTESIAN_POINT('Origin',(-75.,30.6,50.));
#6124=CARTESIAN_POINT('Origin',(-75.,31.6,50.));
#6125=CARTESIAN_POINT('Origin',(-79.,30.6,43.0717967697245));
#6126=CARTESIAN_POINT('',(-74.,31.6,43.0717967697245));
#6127=CARTESIAN_POINT('',(-75.,30.6,43.0717967697245));
#6128=CARTESIAN_POINT('Origin',(-74.,30.6,43.0717967697245));
#6129=CARTESIAN_POINT('Origin',(-79.,30.6,43.0717967697245));
#6130=CARTESIAN_POINT('Origin',(-79.,31.6,43.0717967697245));
#6131=CARTESIAN_POINT('Origin',(-74.,30.6,23.));
#6132=CARTESIAN_POINT('',(-74.,31.6,-43.0717967697245));
#6133=CARTESIAN_POINT('',(-75.,30.6,-43.0717967697245));
#6134=CARTESIAN_POINT('Origin',(-74.,30.6,-43.0717967697245));
#6135=CARTESIAN_POINT('',(-75.,30.6,23.));
#6136=CARTESIAN_POINT('',(-74.,31.6,23.));
#6137=CARTESIAN_POINT('Origin',(-79.,30.6,-43.0717967697245));
#6138=CARTESIAN_POINT('',(-76.5,31.6,-47.4019237886467));
#6139=CARTESIAN_POINT('',(-77.,30.6,-46.5358983848622));
#6140=CARTESIAN_POINT('Origin',(-76.5,30.6,-47.4019237886467));
#6141=CARTESIAN_POINT('Origin',(-79.,30.6,-43.0717967697245));
#6142=CARTESIAN_POINT('Origin',(-79.,31.6,-43.0717967697245));
#6143=CARTESIAN_POINT('Origin',(-75.,30.6,-50.));
#6144=CARTESIAN_POINT('',(-72.4019237886467,31.6,-51.5));
#6145=CARTESIAN_POINT('',(-71.5358983848623,30.6,-52.));
#6146=CARTESIAN_POINT('Origin',(-72.4019237886467,30.6,-51.5));
#6147=CARTESIAN_POINT('Origin',(-75.,30.6,-50.));
#6148=CARTESIAN_POINT('Origin',(-75.,31.6,-50.));
#6149=CARTESIAN_POINT('Origin',(-68.0717967697245,30.6,-54.));
#6150=CARTESIAN_POINT('',(-68.0717967697245,31.6,-49.));
#6151=CARTESIAN_POINT('',(-68.0717967697245,30.6,-50.));
#6152=CARTESIAN_POINT('Origin',(-68.0717967697245,30.6,-49.));
#6153=CARTESIAN_POINT('Origin',(-68.0717967697245,30.6,-54.));
#6154=CARTESIAN_POINT('Origin',(-68.0717967697245,31.6,-54.));
#6155=CARTESIAN_POINT('Origin',(-35.5,30.6,-49.));
#6156=CARTESIAN_POINT('',(68.0717967697245,31.6,-49.));
#6157=CARTESIAN_POINT('',(68.0717967697245,30.6,-50.));
#6158=CARTESIAN_POINT('Origin',(68.0717967697245,30.6,-49.));
#6159=CARTESIAN_POINT('',(-35.5,30.6,-50.));
#6160=CARTESIAN_POINT('',(-35.5,31.6,-49.));
#6161=CARTESIAN_POINT('Origin',(68.0717967697245,30.6,-54.));
#6162=CARTESIAN_POINT('',(72.4019237886467,31.6,-51.5));
#6163=CARTESIAN_POINT('',(71.5358983848622,30.6,-52.));
#6164=CARTESIAN_POINT('Origin',(72.4019237886467,30.6,-51.5));
#6165=CARTESIAN_POINT('Origin',(68.0717967697245,30.6,-54.));
#6166=CARTESIAN_POINT('Origin',(68.0717967697245,31.6,-54.));
#6167=CARTESIAN_POINT('Origin',(75.,30.6,-50.));
#6168=CARTESIAN_POINT('',(76.5,31.6,-47.4019237886467));
#6169=CARTESIAN_POINT('',(77.,30.6,-46.5358983848623));
#6170=CARTESIAN_POINT('Origin',(76.5,30.6,-47.4019237886467));
#6171=CARTESIAN_POINT('Origin',(75.,30.6,-50.));
#6172=CARTESIAN_POINT('Origin',(75.,31.6,-50.));
#6173=CARTESIAN_POINT('Origin',(79.,30.6,-43.0717967697245));
#6174=CARTESIAN_POINT('',(74.,31.6,-43.0717967697245));
#6175=CARTESIAN_POINT('',(75.,30.6,-43.0717967697245));
#6176=CARTESIAN_POINT('Origin',(74.,30.6,-43.0717967697245));
#6177=CARTESIAN_POINT('Origin',(79.,30.6,-43.0717967697245));
#6178=CARTESIAN_POINT('Origin',(79.,31.6,-43.0717967697245));
#6179=CARTESIAN_POINT('Origin',(74.,30.6,-23.));
#6180=CARTESIAN_POINT('',(74.,31.6,43.0717967697245));
#6181=CARTESIAN_POINT('',(75.,30.6,43.0717967697245));
#6182=CARTESIAN_POINT('Origin',(74.,30.6,43.0717967697245));
#6183=CARTESIAN_POINT('',(75.,30.6,-23.));
#6184=CARTESIAN_POINT('',(74.,31.6,-23.));
#6185=CARTESIAN_POINT('Origin',(79.,30.6,43.0717967697245));
#6186=CARTESIAN_POINT('',(76.5,31.6,47.4019237886467));
#6187=CARTESIAN_POINT('',(77.,30.6,46.5358983848622));
#6188=CARTESIAN_POINT('Origin',(76.5,30.6,47.4019237886467));
#6189=CARTESIAN_POINT('Origin',(79.,30.6,43.0717967697245));
#6190=CARTESIAN_POINT('Origin',(79.,31.6,43.0717967697245));
#6191=CARTESIAN_POINT('Origin',(75.,30.6,50.));
#6192=CARTESIAN_POINT('Origin',(75.,31.6,50.));
#6193=CARTESIAN_POINT('Origin',(75.,30.6,50.));
#6194=CARTESIAN_POINT('Origin',(-71.,0.,-50.));
#6195=CARTESIAN_POINT('',(68.0717967697245,-0.5,-50.));
#6196=CARTESIAN_POINT('',(68.0717967697245,0.,-50.));
#6197=CARTESIAN_POINT('',(-68.0717967697245,-0.5,-50.));
#6198=CARTESIAN_POINT('',(-35.5,-0.5,-50.));
#6199=CARTESIAN_POINT('',(-68.0717967697245,0.,-50.));
#6200=CARTESIAN_POINT('Origin',(68.0717967697245,0.,-54.));
#6201=CARTESIAN_POINT('',(71.5358983848622,-0.5,-52.));
#6202=CARTESIAN_POINT('',(71.5358983848622,0.,-52.));
#6203=CARTESIAN_POINT('Origin',(68.0717967697245,-0.5,-54.));
#6204=CARTESIAN_POINT('Origin',(75.,0.,-50.));
#6205=CARTESIAN_POINT('',(77.,-0.5,-46.5358983848623));
#6206=CARTESIAN_POINT('',(77.,0.,-46.5358983848623));
#6207=CARTESIAN_POINT('Origin',(75.,-0.5,-50.));
#6208=CARTESIAN_POINT('Origin',(79.,0.,-43.0717967697245));
#6209=CARTESIAN_POINT('',(75.,-0.5,-43.0717967697245));
#6210=CARTESIAN_POINT('',(75.,0.,-43.0717967697245));
#6211=CARTESIAN_POINT('Origin',(79.,-0.5,-43.0717967697245));
#6212=CARTESIAN_POINT('Origin',(75.,0.,-46.));
#6213=CARTESIAN_POINT('',(75.,-0.5,43.0717967697245));
#6214=CARTESIAN_POINT('',(75.,0.,43.0717967697245));
#6215=CARTESIAN_POINT('',(75.,-0.5,-23.));
#6216=CARTESIAN_POINT('Origin',(79.,0.,43.0717967697245));
#6217=CARTESIAN_POINT('',(77.,-0.5,46.5358983848622));
#6218=CARTESIAN_POINT('',(77.,0.,46.5358983848622));
#6219=CARTESIAN_POINT('Origin',(79.,-0.5,43.0717967697245));
#6220=CARTESIAN_POINT('Origin',(75.,0.,50.));
#6221=CARTESIAN_POINT('',(71.5358983848623,-0.5,52.));
#6222=CARTESIAN_POINT('',(71.5358983848623,0.,52.));
#6223=CARTESIAN_POINT('Origin',(75.,-0.5,50.));
#6224=CARTESIAN_POINT('Origin',(68.0717967697245,0.,54.));
#6225=CARTESIAN_POINT('',(68.0717967697245,-0.5,50.));
#6226=CARTESIAN_POINT('',(68.0717967697245,0.,50.));
#6227=CARTESIAN_POINT('Origin',(68.0717967697245,-0.5,54.));
#6228=CARTESIAN_POINT('Origin',(0.,31.6,0.));
#6229=CARTESIAN_POINT('',(-77.,31.6,50.));
#6230=CARTESIAN_POINT('Origin',(-75.,31.6,50.));
#6231=CARTESIAN_POINT('',(73.,31.6,50.));
#6232=CARTESIAN_POINT('Origin',(75.,31.6,50.));
#6233=CARTESIAN_POINT('',(-77.,31.6,-50.));
#6234=CARTESIAN_POINT('Origin',(-75.,31.6,-50.));
#6235=CARTESIAN_POINT('',(73.,31.6,-50.));
#6236=CARTESIAN_POINT('Origin',(75.,31.6,-50.));
#6237=CARTESIAN_POINT('',(72.5,31.6,20.));
#6238=CARTESIAN_POINT('',(70.,31.6,20.));
#6239=CARTESIAN_POINT('',(36.25,31.6,20.));
#6240=CARTESIAN_POINT('',(70.,31.6,45.));
#6241=CARTESIAN_POINT('',(70.,31.6,-45.));
#6242=CARTESIAN_POINT('',(-70.,31.6,45.));
#6243=CARTESIAN_POINT('',(70.0000000000001,31.6,45.));
#6244=CARTESIAN_POINT('',(-70.,31.6,20.));
#6245=CARTESIAN_POINT('',(-70.,31.6,45.));
#6246=CARTESIAN_POINT('',(-72.5,31.6,20.));
#6247=CARTESIAN_POINT('',(-70.,31.6,20.));
#6248=CARTESIAN_POINT('',(-72.5,31.6,-20.));
#6249=CARTESIAN_POINT('',(-72.5,31.6,47.5));
#6250=CARTESIAN_POINT('',(-70.,31.6,-20.));
#6251=CARTESIAN_POINT('',(-72.5,31.6,-20.));
#6252=CARTESIAN_POINT('',(-70.,31.6,-45.));
#6253=CARTESIAN_POINT('',(-70.,31.6,45.));
#6254=CARTESIAN_POINT('',(70.,31.6,-45.));
#6255=CARTESIAN_POINT('',(-70.,31.6,-45.));
#6256=CARTESIAN_POINT('',(70.,31.6,-20.));
#6257=CARTESIAN_POINT('',(70.,31.6,-45.));
#6258=CARTESIAN_POINT('',(72.5,31.6,-20.));
#6259=CARTESIAN_POINT('',(35.,31.6,-20.));
#6260=CARTESIAN_POINT('',(72.5,31.6,-10.));
#6261=CARTESIAN_POINT('Origin',(-79.,-0.5,-43.0717967697245));
#6262=CARTESIAN_POINT('',(-77.,-0.5,-46.5358983848622));
#6263=CARTESIAN_POINT('',(-76.,-2.5,-48.2679491924311));
#6264=CARTESIAN_POINT('Origin',(-76.,-0.5,-48.2679491924311));
#6265=CARTESIAN_POINT('',(-73.,-2.5,-43.0717967697245));
#6266=CARTESIAN_POINT('Origin',(-79.,-2.5,-43.0717967697245));
#6267=CARTESIAN_POINT('',(-75.,-0.5,-43.0717967697245));
#6268=CARTESIAN_POINT('Origin',(-73.,-0.5,-43.0717967697245));
#6269=CARTESIAN_POINT('Origin',(-79.,-0.5,-43.0717967697245));
#6270=CARTESIAN_POINT('Origin',(-73.,-0.5,23.));
#6271=CARTESIAN_POINT('',(-73.,-2.5,43.0717967697245));
#6272=CARTESIAN_POINT('',(-75.,-0.5,43.0717967697245));
#6273=CARTESIAN_POINT('Origin',(-73.,-0.5,43.0717967697245));
#6274=CARTESIAN_POINT('',(-75.,-0.5,23.));
#6275=CARTESIAN_POINT('',(-73.,-2.5,23.));
#6276=CARTESIAN_POINT('Origin',(-79.,-0.5,43.0717967697245));
#6277=CARTESIAN_POINT('',(-76.,-2.5,48.2679491924311));
#6278=CARTESIAN_POINT('',(-77.,-0.5,46.5358983848623));
#6279=CARTESIAN_POINT('Origin',(-76.,-0.5,48.2679491924311));
#6280=CARTESIAN_POINT('Origin',(-79.,-0.5,43.0717967697245));
#6281=CARTESIAN_POINT('Origin',(-79.,-2.5,43.0717967697245));
#6282=CARTESIAN_POINT('Ctrl Pts',(-71.5358983848622,-0.5,52.));
#6283=CARTESIAN_POINT('Ctrl Pts',(-72.9363134612817,-0.5,54.4255900640439));
#6284=CARTESIAN_POINT('Ctrl Pts',(-75.6945927106677,-0.5,53.9392310120488));
#6285=CARTESIAN_POINT('Ctrl Pts',(-78.4528719600538,-0.5,53.4528719600538));
#6286=CARTESIAN_POINT('Ctrl Pts',(-78.9392310120488,-0.5,50.6945927106677));
#6287=CARTESIAN_POINT('Ctrl Pts',(-79.4255900640439,-0.5,47.9363134612817));
#6288=CARTESIAN_POINT('Ctrl Pts',(-77.,-0.5,46.5358983848623));
#6289=CARTESIAN_POINT('Ctrl Pts',(-71.5358983848622,-2.5,52.));
#6290=CARTESIAN_POINT('Ctrl Pts',(-72.9363134612817,-2.5,54.4255900640439));
#6291=CARTESIAN_POINT('Ctrl Pts',(-75.6945927106677,-2.5,53.9392310120488));
#6292=CARTESIAN_POINT('Ctrl Pts',(-78.4528719600538,-2.5,53.4528719600538));
#6293=CARTESIAN_POINT('Ctrl Pts',(-78.9392310120488,-2.5,50.6945927106677));
#6294=CARTESIAN_POINT('Ctrl Pts',(-79.4255900640439,-2.5,47.9363134612817));
#6295=CARTESIAN_POINT('Ctrl Pts',(-77.,-2.5,46.5358983848623));
#6296=CARTESIAN_POINT('Ctrl Pts',(-73.2679491924311,-2.5,51.));
#6297=CARTESIAN_POINT('Ctrl Pts',(-73.9681567306408,-2.5,52.212795032022));
#6298=CARTESIAN_POINT('Ctrl Pts',(-75.3472963553338,-2.5,51.9696155060244));
#6299=CARTESIAN_POINT('Ctrl Pts',(-76.7264359800269,-2.5,51.7264359800269));
#6300=CARTESIAN_POINT('Ctrl Pts',(-76.9696155060244,-2.5,50.3472963553339));
#6301=CARTESIAN_POINT('Ctrl Pts',(-77.2127950320219,-2.5,48.9681567306408));
#6302=CARTESIAN_POINT('Ctrl Pts',(-76.,-2.5,48.2679491924311));
#6303=CARTESIAN_POINT('',(-73.2679491924311,-2.5,51.));
#6304=CARTESIAN_POINT('',(-71.5358983848622,-0.5,52.));
#6305=CARTESIAN_POINT('Origin',(-73.2679491924311,-0.5,51.));
#6306=CARTESIAN_POINT('Origin',(-75.,-0.5,50.));
#6307=CARTESIAN_POINT('Origin',(-75.,-2.5,50.));
#6308=CARTESIAN_POINT('Origin',(-68.0717967697245,-0.5,54.));
#6309=CARTESIAN_POINT('',(-68.0717967697245,-2.5,48.));
#6310=CARTESIAN_POINT('',(-68.0717967697245,-0.5,50.));
#6311=CARTESIAN_POINT('Origin',(-68.0717967697245,-0.5,48.));
#6312=CARTESIAN_POINT('Origin',(-68.0717967697245,-0.5,54.));
#6313=CARTESIAN_POINT('Origin',(-68.0717967697245,-2.5,54.));
#6314=CARTESIAN_POINT('Origin',(35.5,-0.5,48.));
#6315=CARTESIAN_POINT('',(68.0717967697245,-2.5,48.));
#6316=CARTESIAN_POINT('Origin',(68.0717967697245,-0.5,48.));
#6317=CARTESIAN_POINT('',(35.5,-0.5,50.));
#6318=CARTESIAN_POINT('',(35.5,-2.5,48.));
#6319=CARTESIAN_POINT('Origin',(68.0717967697245,-0.5,54.));
#6320=CARTESIAN_POINT('',(73.2679491924311,-2.5,51.));
#6321=CARTESIAN_POINT('Origin',(73.2679491924311,-0.5,51.));
#6322=CARTESIAN_POINT('Origin',(68.0717967697245,-2.5,54.));
#6323=CARTESIAN_POINT('Ctrl Pts',(77.,-0.5,46.5358983848622));
#6324=CARTESIAN_POINT('Ctrl Pts',(79.4255900640439,-0.5,47.9363134612816));
#6325=CARTESIAN_POINT('Ctrl Pts',(78.9392310120489,-0.5,50.6945927106677));
#6326=CARTESIAN_POINT('Ctrl Pts',(78.4528719600538,-0.5,53.4528719600538));
#6327=CARTESIAN_POINT('Ctrl Pts',(75.6945927106677,-0.5,53.9392310120488));
#6328=CARTESIAN_POINT('Ctrl Pts',(72.9363134612817,-0.5,54.4255900640439));
#6329=CARTESIAN_POINT('Ctrl Pts',(71.5358983848623,-0.5,52.));
#6330=CARTESIAN_POINT('Ctrl Pts',(77.,-2.5,46.5358983848622));
#6331=CARTESIAN_POINT('Ctrl Pts',(79.4255900640439,-2.5,47.9363134612816));
#6332=CARTESIAN_POINT('Ctrl Pts',(78.9392310120489,-2.5,50.6945927106677));
#6333=CARTESIAN_POINT('Ctrl Pts',(78.4528719600538,-2.5,53.4528719600538));
#6334=CARTESIAN_POINT('Ctrl Pts',(75.6945927106677,-2.5,53.9392310120488));
#6335=CARTESIAN_POINT('Ctrl Pts',(72.9363134612817,-2.5,54.4255900640439));
#6336=CARTESIAN_POINT('Ctrl Pts',(71.5358983848623,-2.5,52.));
#6337=CARTESIAN_POINT('Ctrl Pts',(76.,-2.5,48.2679491924311));
#6338=CARTESIAN_POINT('Ctrl Pts',(77.212795032022,-2.5,48.9681567306408));
#6339=CARTESIAN_POINT('Ctrl Pts',(76.9696155060244,-2.5,50.3472963553338));
#6340=CARTESIAN_POINT('Ctrl Pts',(76.7264359800269,-2.5,51.7264359800269));
#6341=CARTESIAN_POINT('Ctrl Pts',(75.3472963553339,-2.5,51.9696155060244));
#6342=CARTESIAN_POINT('Ctrl Pts',(73.9681567306408,-2.5,52.2127950320219));
#6343=CARTESIAN_POINT('Ctrl Pts',(73.2679491924311,-2.5,51.));
#6344=CARTESIAN_POINT('',(76.,-2.5,48.2679491924311));
#6345=CARTESIAN_POINT('Origin',(76.,-0.5,48.2679491924311));
#6346=CARTESIAN_POINT('Origin',(75.,-2.5,50.));
#6347=CARTESIAN_POINT('Origin',(79.,-0.5,43.0717967697245));
#6348=CARTESIAN_POINT('',(73.,-2.5,43.0717967697245));
#6349=CARTESIAN_POINT('Origin',(73.,-0.5,43.0717967697245));
#6350=CARTESIAN_POINT('Origin',(79.,-2.5,43.0717967697245));
#6351=CARTESIAN_POINT('Origin',(73.,-0.5,-23.));
#6352=CARTESIAN_POINT('',(73.,-2.5,-43.0717967697245));
#6353=CARTESIAN_POINT('Origin',(73.,-0.5,-43.0717967697245));
#6354=CARTESIAN_POINT('',(73.,-2.5,-23.));
#6355=CARTESIAN_POINT('Origin',(79.,-0.5,-43.0717967697245));
#6356=CARTESIAN_POINT('',(76.,-2.5,-48.2679491924311));
#6357=CARTESIAN_POINT('Origin',(76.,-0.5,-48.2679491924311));
#6358=CARTESIAN_POINT('Origin',(79.,-2.5,-43.0717967697245));
#6359=CARTESIAN_POINT('Ctrl Pts',(71.5358983848622,-0.5,-52.));
#6360=CARTESIAN_POINT('Ctrl Pts',(72.9363134612816,-0.5,-54.4255900640439));
#6361=CARTESIAN_POINT('Ctrl Pts',(75.6945927106677,-0.5,-53.9392310120489));
#6362=CARTESIAN_POINT('Ctrl Pts',(78.4528719600538,-0.5,-53.4528719600538));
#6363=CARTESIAN_POINT('Ctrl Pts',(78.9392310120488,-0.5,-50.6945927106677));
#6364=CARTESIAN_POINT('Ctrl Pts',(79.4255900640439,-0.5,-47.9363134612817));
#6365=CARTESIAN_POINT('Ctrl Pts',(77.,-0.5,-46.5358983848623));
#6366=CARTESIAN_POINT('Ctrl Pts',(71.5358983848622,-2.5,-52.));
#6367=CARTESIAN_POINT('Ctrl Pts',(72.9363134612816,-2.5,-54.4255900640439));
#6368=CARTESIAN_POINT('Ctrl Pts',(75.6945927106677,-2.5,-53.9392310120489));
#6369=CARTESIAN_POINT('Ctrl Pts',(78.4528719600538,-2.5,-53.4528719600538));
#6370=CARTESIAN_POINT('Ctrl Pts',(78.9392310120488,-2.5,-50.6945927106677));
#6371=CARTESIAN_POINT('Ctrl Pts',(79.4255900640439,-2.5,-47.9363134612817));
#6372=CARTESIAN_POINT('Ctrl Pts',(77.,-2.5,-46.5358983848623));
#6373=CARTESIAN_POINT('Ctrl Pts',(73.2679491924311,-2.5,-51.));
#6374=CARTESIAN_POINT('Ctrl Pts',(73.9681567306408,-2.5,-52.212795032022));
#6375=CARTESIAN_POINT('Ctrl Pts',(75.3472963553338,-2.5,-51.9696155060244));
#6376=CARTESIAN_POINT('Ctrl Pts',(76.7264359800269,-2.5,-51.7264359800269));
#6377=CARTESIAN_POINT('Ctrl Pts',(76.9696155060244,-2.5,-50.3472963553339));
#6378=CARTESIAN_POINT('Ctrl Pts',(77.2127950320219,-2.5,-48.9681567306408));
#6379=CARTESIAN_POINT('Ctrl Pts',(76.,-2.5,-48.2679491924311));
#6380=CARTESIAN_POINT('',(73.2679491924311,-2.5,-51.));
#6381=CARTESIAN_POINT('Origin',(73.2679491924311,-0.5,-51.));
#6382=CARTESIAN_POINT('Origin',(75.,-2.5,-50.));
#6383=CARTESIAN_POINT('Origin',(68.0717967697245,-0.5,-54.));
#6384=CARTESIAN_POINT('',(68.0717967697245,-2.5,-48.));
#6385=CARTESIAN_POINT('Origin',(68.0717967697245,-0.5,-48.));
#6386=CARTESIAN_POINT('Origin',(68.0717967697245,-2.5,-54.));
#6387=CARTESIAN_POINT('Origin',(-35.5,-0.5,-48.));
#6388=CARTESIAN_POINT('',(-68.0717967697245,-2.5,-48.));
#6389=CARTESIAN_POINT('Origin',(-68.0717967697245,-0.5,-48.));
#6390=CARTESIAN_POINT('',(-35.5,-2.5,-48.));
#6391=CARTESIAN_POINT('Origin',(-68.0717967697245,-0.5,-54.));
#6392=CARTESIAN_POINT('',(-73.2679491924311,-2.5,-51.));
#6393=CARTESIAN_POINT('',(-71.5358983848623,-0.5,-52.));
#6394=CARTESIAN_POINT('Origin',(-73.2679491924311,-0.5,-51.));
#6395=CARTESIAN_POINT('Origin',(-68.0717967697245,-0.5,-54.));
#6396=CARTESIAN_POINT('Origin',(-68.0717967697245,-2.5,-54.));
#6397=CARTESIAN_POINT('Ctrl Pts',(-77.,-0.5,-46.5358983848622));
#6398=CARTESIAN_POINT('Ctrl Pts',(-79.4255900640439,-0.5,-47.9363134612816));
#6399=CARTESIAN_POINT('Ctrl Pts',(-78.9392310120489,-0.5,-50.6945927106677));
#6400=CARTESIAN_POINT('Ctrl Pts',(-78.4528719600538,-0.5,-53.4528719600538));
#6401=CARTESIAN_POINT('Ctrl Pts',(-75.6945927106677,-0.5,-53.9392310120488));
#6402=CARTESIAN_POINT('Ctrl Pts',(-72.9363134612817,-0.5,-54.4255900640439));
#6403=CARTESIAN_POINT('Ctrl Pts',(-71.5358983848623,-0.5,-52.));
#6404=CARTESIAN_POINT('Ctrl Pts',(-77.,-2.5,-46.5358983848622));
#6405=CARTESIAN_POINT('Ctrl Pts',(-79.4255900640439,-2.5,-47.9363134612816));
#6406=CARTESIAN_POINT('Ctrl Pts',(-78.9392310120489,-2.5,-50.6945927106677));
#6407=CARTESIAN_POINT('Ctrl Pts',(-78.4528719600538,-2.5,-53.4528719600538));
#6408=CARTESIAN_POINT('Ctrl Pts',(-75.6945927106677,-2.5,-53.9392310120488));
#6409=CARTESIAN_POINT('Ctrl Pts',(-72.9363134612817,-2.5,-54.4255900640439));
#6410=CARTESIAN_POINT('Ctrl Pts',(-71.5358983848623,-2.5,-52.));
#6411=CARTESIAN_POINT('Ctrl Pts',(-76.,-2.5,-48.2679491924311));
#6412=CARTESIAN_POINT('Ctrl Pts',(-77.212795032022,-2.5,-48.9681567306408));
#6413=CARTESIAN_POINT('Ctrl Pts',(-76.9696155060244,-2.5,-50.3472963553338));
#6414=CARTESIAN_POINT('Ctrl Pts',(-76.7264359800269,-2.5,-51.7264359800269));
#6415=CARTESIAN_POINT('Ctrl Pts',(-75.3472963553339,-2.5,-51.9696155060244));
#6416=CARTESIAN_POINT('Ctrl Pts',(-73.9681567306408,-2.5,-52.2127950320219));
#6417=CARTESIAN_POINT('Ctrl Pts',(-73.2679491924311,-2.5,-51.));
#6418=CARTESIAN_POINT('Origin',(-75.,-2.5,-50.));
#6419=CARTESIAN_POINT('Origin',(-75.,-0.5,-50.));
#6420=CARTESIAN_POINT('Origin',(-68.0717967697245,0.,-54.));
#6421=CARTESIAN_POINT('',(-71.5358983848623,0.,-52.));
#6422=CARTESIAN_POINT('Origin',(-75.,0.,-50.));
#6423=CARTESIAN_POINT('',(-77.,0.,-46.5358983848622));
#6424=CARTESIAN_POINT('Origin',(-79.,0.,-43.0717967697245));
#6425=CARTESIAN_POINT('',(-75.,0.,-43.0717967697245));
#6426=CARTESIAN_POINT('Origin',(0.,-2.5,0.));
#6427=CARTESIAN_POINT('',(-38.5765511041632,-2.5,19.8282454586741));
#6428=CARTESIAN_POINT('',(-27.2909814181078,-2.5,19.8282454586741));
#6429=CARTESIAN_POINT('',(-19.2882755520816,-2.5,19.8282454586741));
#6430=CARTESIAN_POINT('',(-22.5546680358075,-2.5,15.0919320763737));
#6431=CARTESIAN_POINT('',(-15.5111746989123,-2.5,8.04843873947861));
#6432=CARTESIAN_POINT('',(-22.5546680358075,-2.5,11.3602912297129));
#6433=CARTESIAN_POINT('',(-22.5546680358075,-2.5,7.54596603818687));
#6434=CARTESIAN_POINT('',(-24.0654538036863,-2.5,11.3602912297129));
#6435=CARTESIAN_POINT('Ctrl Pts',(-22.5546680358075,-2.5,11.3602912297129));
#6436=CARTESIAN_POINT('Ctrl Pts',(-21.9956773016923,-2.5,11.0807958626553));
#6437=CARTESIAN_POINT('Ctrl Pts',(-21.6104269308831,-2.5,10.5142511997007));
#6438=CARTESIAN_POINT('Ctrl Pts',(-21.6104269308831,-2.5,9.84950546183395));
#6439=CARTESIAN_POINT('Ctrl Pts',(-21.6104269308831,-2.5,8.91281828574902));
#6440=CARTESIAN_POINT('Ctrl Pts',(-22.373373743662,-2.5,8.14987147297019));
#6441=CARTESIAN_POINT('Ctrl Pts',(-23.3100609197469,-2.5,8.14987147297019));
#6442=CARTESIAN_POINT('Ctrl Pts',(-24.2467480958318,-2.5,8.14987147297019));
#6443=CARTESIAN_POINT('Ctrl Pts',(-25.0096949086107,-2.5,8.91281828574902));
#6444=CARTESIAN_POINT('Ctrl Pts',(-25.0096949086107,-2.5,9.84950546183395));
#6445=CARTESIAN_POINT('Ctrl Pts',(-25.0096949086107,-2.5,10.5142511997007));
#6446=CARTESIAN_POINT('Ctrl Pts',(-24.6244445378016,-2.5,11.0807958626553));
#6447=CARTESIAN_POINT('Ctrl Pts',(-24.0654538036863,-2.5,11.3602912297129));
#6448=CARTESIAN_POINT('',(-24.0654538036863,-2.5,14.464955982704));
#6449=CARTESIAN_POINT('',(-24.0654538036863,-2.5,5.68014561485643));
#6450=CARTESIAN_POINT('',(-27.9179575117776,-2.5,18.3174596907952));
#6451=CARTESIAN_POINT('',(-14.4328513570888,-2.5,4.83235353610641));
#6452=CARTESIAN_POINT('',(-39.2035271978329,-2.5,18.3174596907952));
#6453=CARTESIAN_POINT('',(-13.9589787558888,-2.5,18.3174596907952));
#6454=CARTESIAN_POINT('',(-42.746319823509,-2.5,21.8602523164713));
#6455=CARTESIAN_POINT('',(-24.8232804756759,-2.5,3.93721296863818));
#6456=CARTESIAN_POINT('',(-42.746319823509,-2.5,25.6221088784897));
#6457=CARTESIAN_POINT('',(-42.746319823509,-2.5,10.9301261582356));
#6458=CARTESIAN_POINT('',(-41.2355340556301,-2.5,25.6221088784897));
#6459=CARTESIAN_POINT('Ctrl Pts',(-42.746319823509,-2.5,25.6221088784897));
#6460=CARTESIAN_POINT('Ctrl Pts',(-43.3053105576242,-2.5,25.9016042455473));
#6461=CARTESIAN_POINT('Ctrl Pts',(-43.6905609284333,-2.5,26.4681489085019));
#6462=CARTESIAN_POINT('Ctrl Pts',(-43.6905609284333,-2.5,27.1328946463686));
#6463=CARTESIAN_POINT('Ctrl Pts',(-43.6905609284333,-2.5,28.0695818224535));
#6464=CARTESIAN_POINT('Ctrl Pts',(-42.9276141156544,-2.5,28.8325286352324));
#6465=CARTESIAN_POINT('Ctrl Pts',(-41.9909269395695,-2.5,28.8325286352324));
#6466=CARTESIAN_POINT('Ctrl Pts',(-41.0542397634846,-2.5,28.8325286352324));
#6467=CARTESIAN_POINT('Ctrl Pts',(-40.2912929507058,-2.5,28.0695818224535));
#6468=CARTESIAN_POINT('Ctrl Pts',(-40.2912929507058,-2.5,27.1328946463686));
#6469=CARTESIAN_POINT('Ctrl Pts',(-40.2912929507058,-2.5,26.4681489085019));
#6470=CARTESIAN_POINT('Ctrl Pts',(-40.6765433215149,-2.5,25.9016042455473));
#6471=CARTESIAN_POINT('Ctrl Pts',(-41.2355340556301,-2.5,25.6221088784897));
#6472=CARTESIAN_POINT('',(-41.23553405563,-2.5,22.487228410141));
#6473=CARTESIAN_POINT('',(-41.2355340556301,-2.5,12.8110544392448));
#6474=CARTESIAN_POINT('',(-25.3048434391873,-2.5,6.55653779369818));
#6475=CARTESIAN_POINT('',(-20.2290918803419,-2.5,-22.));
#6476=CARTESIAN_POINT('',(-22.6433582621082,-2.5,-22.));
#6477=CARTESIAN_POINT('',(-10.1145459401709,-2.5,-22.));
#6478=CARTESIAN_POINT('',(-22.6433582621082,-2.5,-11.14349002849));
#6479=CARTESIAN_POINT('',(-22.6433582621082,-2.5,-11.));
#6480=CARTESIAN_POINT('',(-18.1069978632479,-2.5,-11.14349002849));
#6481=CARTESIAN_POINT('',(-11.3216791310541,-2.5,-11.14349002849));
#6482=CARTESIAN_POINT('',(-18.1069978632479,-2.5,-18.0479843304843));
#6483=CARTESIAN_POINT('Ctrl Pts',(-18.1069978632479,-2.5,-11.14349002849));
#6484=CARTESIAN_POINT('Ctrl Pts',(-17.4201365147198,-2.5,-11.14349002849));
#6485=CARTESIAN_POINT('Ctrl Pts',(-16.799910968661,-2.5,-11.2818874643875));
#6486=CARTESIAN_POINT('Ctrl Pts',(-16.2463212250712,-2.5,-11.5586823361823));
#6487=CARTESIAN_POINT('Ctrl Pts',(-15.6927314814815,-2.5,-11.8354772079772));
#6488=CARTESIAN_POINT('Ctrl Pts',(-15.2544729344729,-2.5,-12.2327291073124));
#6489=CARTESIAN_POINT('Ctrl Pts',(-14.9315455840456,-2.5,-12.750438034188));
#6490=CARTESIAN_POINT('Ctrl Pts',(-14.6086182336183,-2.5,-13.2681469610636));
#6491=CARTESIAN_POINT('Ctrl Pts',(-14.4471545584046,-2.5,-13.8806837606838));
#6492=CARTESIAN_POINT('Ctrl Pts',(-14.4471545584046,-2.5,-14.5880484330484));
#6493=CARTESIAN_POINT('Ctrl Pts',(-14.4471545584046,-2.5,-15.2954131054131));
#6494=CARTESIAN_POINT('Ctrl Pts',(-14.6086182336183,-2.5,-15.9079499050332));
#6495=CARTESIAN_POINT('Ctrl Pts',(-14.9315455840456,-2.5,-16.4256588319088));
#6496=CARTESIAN_POINT('Ctrl Pts',(-15.2544729344729,-2.5,-16.9433677587844));
#6497=CARTESIAN_POINT('Ctrl Pts',(-15.6927314814815,-2.5,-17.3431825735992));
#6498=CARTESIAN_POINT('Ctrl Pts',(-16.2463212250712,-2.5,-17.6251032763533));
#6499=CARTESIAN_POINT('Ctrl Pts',(-16.799910968661,-2.5,-17.9070239791073));
#6500=CARTESIAN_POINT('Ctrl Pts',(-17.4201365147198,-2.5,-18.0479843304843));
#6501=CARTESIAN_POINT('Ctrl Pts',(-18.1069978632479,-2.5,-18.0479843304843));
#6502=CARTESIAN_POINT('',(-20.2290918803419,-2.5,-18.0479843304843));
#6503=CARTESIAN_POINT('',(-9.05349893162393,-2.5,-18.0479843304843));
#6504=CARTESIAN_POINT('',(-20.2290918803419,-2.5,-9.02399216524216));
#6505=CARTESIAN_POINT('',(17.1862281829498,-2.5,-16.2258970160425));
#6506=CARTESIAN_POINT('',(21.5635408000279,-2.5,-16.2267435189637));
#6507=CARTESIAN_POINT('Ctrl Pts',(17.1862281829498,-2.5,-16.2258970160425));
#6508=CARTESIAN_POINT('Ctrl Pts',(17.0528878727835,-2.5,-16.1512304351798));
#6509=CARTESIAN_POINT('Ctrl Pts',(16.9292412990278,-2.5,-16.0640427783872));
#6510=CARTESIAN_POINT('Ctrl Pts',(16.8152884615385,-2.5,-15.9643340455841));
#6511=CARTESIAN_POINT('Ctrl Pts',(16.5282419278253,-2.5,-15.713168328585));
#6512=CARTESIAN_POINT('Ctrl Pts',(16.3078311965812,-2.5,-15.4081813865147));
#6513=CARTESIAN_POINT('Ctrl Pts',(16.1540562678063,-2.5,-15.0493732193732));
#6514=CARTESIAN_POINT('Ctrl Pts',(16.0002813390313,-2.5,-14.6905650522317));
#6515=CARTESIAN_POINT('Ctrl Pts',(15.9233938746439,-2.5,-14.3163793922127));
#6516=CARTESIAN_POINT('Ctrl Pts',(15.9233938746439,-2.5,-13.9268162393162));
#6517=CARTESIAN_POINT('Ctrl Pts',(15.9233938746439,-2.5,-13.3527231718898));
#6518=CARTESIAN_POINT('Ctrl Pts',(16.0694800569801,-2.5,-12.842702991453));
#6519=CARTESIAN_POINT('Ctrl Pts',(16.3616524216524,-2.5,-12.3967556980057));
#6520=CARTESIAN_POINT('Ctrl Pts',(16.6538247863248,-2.5,-11.9508084045584));
#6521=CARTESIAN_POINT('Ctrl Pts',(17.0613283475784,-2.5,-11.5996889838556));
#6522=CARTESIAN_POINT('Ctrl Pts',(17.5841631054131,-2.5,-11.3433974358974));
#6523=CARTESIAN_POINT('Ctrl Pts',(18.1069978632479,-2.5,-11.0871058879392));
#6524=CARTESIAN_POINT('Ctrl Pts',(18.7015942545109,-2.5,-10.9589601139601));
#6525=CARTESIAN_POINT('Ctrl Pts',(19.3679522792023,-2.5,-10.9589601139601));
#6526=CARTESIAN_POINT('Ctrl Pts',(20.0445619658119,-2.5,-10.9589601139601));
#6527=CARTESIAN_POINT('Ctrl Pts',(20.6417212725546,-2.5,-11.0871058879392));
#6528=CARTESIAN_POINT('Ctrl Pts',(21.1594301994302,-2.5,-11.3433974358974));
#6529=CARTESIAN_POINT('Ctrl Pts',(21.6771391263058,-2.5,-11.5996889838556));
#6530=CARTESIAN_POINT('Ctrl Pts',(22.0820797720798,-2.5,-11.9508084045584));
#6531=CARTESIAN_POINT('Ctrl Pts',(22.3742521367521,-2.5,-12.3967556980057));
#6532=CARTESIAN_POINT('Ctrl Pts',(22.6664245014245,-2.5,-12.842702991453));
#6533=CARTESIAN_POINT('Ctrl Pts',(22.8125106837607,-2.5,-13.3527231718898));
#6534=CARTESIAN_POINT('Ctrl Pts',(22.8125106837607,-2.5,-13.9268162393162));
#6535=CARTESIAN_POINT('Ctrl Pts',(22.8125106837607,-2.5,-14.3163793922127));
#6536=CARTESIAN_POINT('Ctrl Pts',(22.7381861348528,-2.5,-14.6905650522317));
#6537=CARTESIAN_POINT('Ctrl Pts',(22.589537037037,-2.5,-15.0493732193732));
#6538=CARTESIAN_POINT('Ctrl Pts',(22.4408879392213,-2.5,-15.4081813865147));
#6539=CARTESIAN_POINT('Ctrl Pts',(22.2230401234568,-2.5,-15.713168328585));
#6540=CARTESIAN_POINT('Ctrl Pts',(21.9359935897436,-2.5,-15.9643340455841));
#6541=CARTESIAN_POINT('Ctrl Pts',(21.8216098471695,-2.5,-16.0644198203364));
#6542=CARTESIAN_POINT('Ctrl Pts',(21.6974589172766,-2.5,-16.151889644802));
#6543=CARTESIAN_POINT('Ctrl Pts',(21.5635408000278,-2.5,-16.2267435189637));
#6544=CARTESIAN_POINT('Ctrl Pts',(21.5635408000279,-2.5,-16.2267435189637));
#6545=CARTESIAN_POINT('Ctrl Pts',(21.7604949884991,-2.5,-16.3177737510282));
#6546=CARTESIAN_POINT('Ctrl Pts',(21.9435929744223,-2.5,-16.4276484184905));
#6547=CARTESIAN_POINT('Ctrl Pts',(22.1128347578348,-2.5,-16.5563675213675));
#6548=CARTESIAN_POINT('Ctrl Pts',(22.4767687559354,-2.5,-16.8331623931624));
#6549=CARTESIAN_POINT('Ctrl Pts',(22.7561265432098,-2.5,-17.1765930674264));
#6550=CARTESIAN_POINT('Ctrl Pts',(22.9509081196581,-2.5,-17.5866595441595));
#6551=CARTESIAN_POINT('Ctrl Pts',(23.1456896961064,-2.5,-17.9967260208927));
#6552=CARTESIAN_POINT('Ctrl Pts',(23.2430804843305,-2.5,-18.4580508072175));
#6553=CARTESIAN_POINT('Ctrl Pts',(23.2430804843305,-2.5,-18.9706339031339));
#6554=CARTESIAN_POINT('Ctrl Pts',(23.2430804843305,-2.5,-19.5857336182336));
#6555=CARTESIAN_POINT('Ctrl Pts',(23.0841797245963,-2.5,-20.1341975308642));
#6556=CARTESIAN_POINT('Ctrl Pts',(22.7663782051282,-2.5,-20.6160256410256));
#6557=CARTESIAN_POINT('Ctrl Pts',(22.4485766856601,-2.5,-21.0978537511871));
#6558=CARTESIAN_POINT('Ctrl Pts',(22.0000664767331,-2.5,-21.4771652421652));
#6559=CARTESIAN_POINT('Ctrl Pts',(21.4208475783476,-2.5,-21.7539601139601));
#6560=CARTESIAN_POINT('Ctrl Pts',(20.841628679962,-2.5,-22.030754985755));
#6561=CARTESIAN_POINT('Ctrl Pts',(20.1573302469135,-2.5,-22.1691524216524));
#6562=CARTESIAN_POINT('Ctrl Pts',(19.3679522792023,-2.5,-22.1691524216524));
#6563=CARTESIAN_POINT('Ctrl Pts',(18.5888259734093,-2.5,-22.1691524216524));
#6564=CARTESIAN_POINT('Ctrl Pts',(17.90965337132,-2.5,-22.030754985755));
#6565=CARTESIAN_POINT('Ctrl Pts',(17.3304344729344,-2.5,-21.7539601139601));
#6566=CARTESIAN_POINT('Ctrl Pts',(16.7512155745489,-2.5,-21.4771652421652));
#6567=CARTESIAN_POINT('Ctrl Pts',(16.3001424501424,-2.5,-21.0978537511871));
#6568=CARTESIAN_POINT('Ctrl Pts',(15.9772150997151,-2.5,-20.6160256410256));
#6569=CARTESIAN_POINT('Ctrl Pts',(15.6542877492877,-2.5,-20.1341975308642));
#6570=CARTESIAN_POINT('Ctrl Pts',(15.492824074074,-2.5,-19.5857336182336));
#6571=CARTESIAN_POINT('Ctrl Pts',(15.492824074074,-2.5,-18.9706339031339));
#6572=CARTESIAN_POINT('Ctrl Pts',(15.492824074074,-2.5,-18.4580508072175));
#6573=CARTESIAN_POINT('Ctrl Pts',(15.5927777777778,-2.5,-17.9967260208927));
#6574=CARTESIAN_POINT('Ctrl Pts',(15.7926851851852,-2.5,-17.5866595441595));
#6575=CARTESIAN_POINT('Ctrl Pts',(15.9925925925926,-2.5,-17.1765930674264));
#6576=CARTESIAN_POINT('Ctrl Pts',(16.2745132953466,-2.5,-16.8331623931624));
#6577=CARTESIAN_POINT('Ctrl Pts',(16.6384472934473,-2.5,-16.5563675213675));
#6578=CARTESIAN_POINT('Ctrl Pts',(16.8082140150226,-2.5,-16.4272491697468));
#6579=CARTESIAN_POINT('Ctrl Pts',(16.9908076448087,-2.5,-16.3170923346116));
#6580=CARTESIAN_POINT('Ctrl Pts',(17.1862281829498,-2.5,-16.2258970160425));
#6581=CARTESIAN_POINT('',(5.4635086659167,-2.5,24.2186624885291));
#6582=CARTESIAN_POINT('',(6.550479622199,-2.5,23.1145288329371));
#6583=CARTESIAN_POINT('',(10.1729504484547,-2.5,19.4348610988984));
#6584=CARTESIAN_POINT('',(-1.07547977108664,-2.5,28.5779881131979));
#6585=CARTESIAN_POINT('Ctrl Pts',(6.550479622199,-2.5,23.1145288329371));
#6586=CARTESIAN_POINT('Ctrl Pts',(6.1271330392259,-2.5,22.6168105529552));
#6587=CARTESIAN_POINT('Ctrl Pts',(5.60653116016436,-2.5,22.2392311681413));
#6588=CARTESIAN_POINT('Ctrl Pts',(4.98867398501446,-2.5,21.9760697787256));
#6589=CARTESIAN_POINT('Ctrl Pts',(4.37081680986456,-2.5,21.7129083893099));
#6590=CARTESIAN_POINT('Ctrl Pts',(3.71291333632526,-2.5,21.581327694602));
#6591=CARTESIAN_POINT('Ctrl Pts',(3.01496356439663,-2.5,21.581327694602));
#6592=CARTESIAN_POINT('Ctrl Pts',(2.12822410006109,-2.5,21.581327694602));
#6593=CARTESIAN_POINT('Ctrl Pts',(1.32729813227416,-2.5,21.7815591865488));
#6594=CARTESIAN_POINT('Ctrl Pts',(0.617906560805741,-2.5,22.1877430702122));
#6595=CARTESIAN_POINT('Ctrl Pts',(-0.0914850106626819,-2.5,22.5939269538756));
#6596=CARTESIAN_POINT('Ctrl Pts',(-0.652133188113595,-2.5,23.1488542315565));
#6597=CARTESIAN_POINT('Ctrl Pts',(-1.06403797154685,-2.5,23.8468040034851));
#6598=CARTESIAN_POINT('Ctrl Pts',(-1.47594275498009,-2.5,24.5447537754137));
#6599=CARTESIAN_POINT('Ctrl Pts',(-1.68189514669675,-2.5,25.3456797432007));
#6600=CARTESIAN_POINT('Ctrl Pts',(-1.68189514669675,-2.5,26.2209774079964));
#6601=CARTESIAN_POINT('Ctrl Pts',(-1.68189514669675,-2.5,27.0962750727921));
#6602=CARTESIAN_POINT('Ctrl Pts',(-1.48166365475,-2.5,27.8800383412693));
#6603=CARTESIAN_POINT('Ctrl Pts',(-1.07547977108664,-2.5,28.577988113198));
#6604=CARTESIAN_POINT('',(5.08020838133298,-2.5,30.2828162446302));
#6605=CARTESIAN_POINT('Ctrl Pts',(-1.07547977108664,-2.5,28.5779881131979));
#6606=CARTESIAN_POINT('Ctrl Pts',(-0.669295887423269,-2.5,29.2816587848965));
#6607=CARTESIAN_POINT('Ctrl Pts',(-0.120089509512207,-2.5,29.8308651628075));
#6608=CARTESIAN_POINT('Ctrl Pts',(0.572139362646515,-2.5,30.2370490464709));
#6609=CARTESIAN_POINT('Ctrl Pts',(1.26436823480521,-2.5,30.6432329301343));
#6610=CARTESIAN_POINT('Ctrl Pts',(2.07673600213197,-2.5,30.843464422081));
#6611=CARTESIAN_POINT('Ctrl Pts',(2.90054556899853,-2.5,30.843464422081));
#6612=CARTESIAN_POINT('Ctrl Pts',(3.72435513586509,-2.5,30.843464422081));
#6613=CARTESIAN_POINT('Ctrl Pts',(4.45090940664325,-2.5,30.6546747296741));
#6614=CARTESIAN_POINT('Ctrl Pts',(5.08020838133298,-2.5,30.2828162446302));
#6615=CARTESIAN_POINT('',(6.56192142173879,-2.5,28.7324524069854));
#6616=CARTESIAN_POINT('Origin',(-58.3477357049491,-2.5,-40.8286265420967));
#6617=CARTESIAN_POINT('',(7.00243070402159,-2.5,25.5859575335367));
#6618=CARTESIAN_POINT('Ctrl Pts',(6.56192142173879,-2.5,28.7324524069854));
#6619=CARTESIAN_POINT('Ctrl Pts',(6.91661720747302,-2.5,28.0688280336762));
#6620=CARTESIAN_POINT('Ctrl Pts',(7.09396510034011,-2.5,27.3193901638185));
#6621=CARTESIAN_POINT('Ctrl Pts',(7.09396510034011,-2.5,26.4841387974121));
#6622=CARTESIAN_POINT('Ctrl Pts',(7.09396510034011,-2.5,26.3639999022441));
#6623=CARTESIAN_POINT('Ctrl Pts',(7.08824420057024,-2.5,26.2266983077663));
#6624=CARTESIAN_POINT('Ctrl Pts',(7.07680240103041,-2.5,26.0836758135186));
#6625=CARTESIAN_POINT('Ctrl Pts',(7.06536060149059,-2.5,25.940653319271));
#6626=CARTESIAN_POINT('Ctrl Pts',(7.03675610264106,-2.5,25.7747472259437));
#6627=CARTESIAN_POINT('Ctrl Pts',(7.00243070402163,-2.5,25.5859575335367));
#6628=CARTESIAN_POINT('',(0.0572583833548901,-2.5,25.5859575335368));
#6629=CARTESIAN_POINT('',(3.5012153520108,-2.5,25.5859575335367));
#6630=CARTESIAN_POINT('',(0.360466071159946,-2.5,24.6420090715022));
#6631=CARTESIAN_POINT('Ctrl Pts',(0.0572583833548901,-2.5,25.5859575335368));
#6632=CARTESIAN_POINT('Ctrl Pts',(0.120188280823852,-2.5,25.2484244471123));
#6633=CARTESIAN_POINT('Ctrl Pts',(0.211722677142374,-2.5,24.9280540599975));
#6634=CARTESIAN_POINT('Ctrl Pts',(0.360466071159946,-2.5,24.6420090715022));
#6635=CARTESIAN_POINT('',(4.38797950917425,-2.5,23.4348992200519));
#6636=CARTESIAN_POINT('Ctrl Pts',(0.360466071159946,-2.5,24.6420090715022));
#6637=CARTESIAN_POINT('Ctrl Pts',(0.606464761265917,-2.5,24.1728952903698));
#6638=CARTESIAN_POINT('Ctrl Pts',(0.961160547000146,-2.5,23.8124786048657));
#6639=CARTESIAN_POINT('Ctrl Pts',(1.42455342836256,-2.5,23.5550381152199));
#6640=CARTESIAN_POINT('Ctrl Pts',(1.88794630972501,-2.5,23.2975976255741));
#6641=CARTESIAN_POINT('Ctrl Pts',(2.41426908855643,-2.5,23.1717378306361));
#6642=CARTESIAN_POINT('Ctrl Pts',(3.01496356439663,-2.5,23.1717378306361));
#6643=CARTESIAN_POINT('Ctrl Pts',(3.51268184437852,-2.5,23.1717378306361));
#6644=CARTESIAN_POINT('Ctrl Pts',(3.97035382597106,-2.5,23.2575513271847));
#6645=CARTESIAN_POINT('Ctrl Pts',(4.38797950917425,-2.5,23.4348992200519));
#6646=CARTESIAN_POINT('Origin',(-2.51366699970517,-2.5,35.0022827488111));
#6647=CARTESIAN_POINT('',(20.9557052428241,-2.5,30.4258387388778));
#6648=CARTESIAN_POINT('',(22.6376497751766,-2.5,27.4681335578361));
#6649=CARTESIAN_POINT('Ctrl Pts',(20.9557052428241,-2.5,30.4258387388778));
#6650=CARTESIAN_POINT('Ctrl Pts',(21.4648653223458,-2.5,30.1512355499223));
#6651=CARTESIAN_POINT('Ctrl Pts',(21.876770105779,-2.5,29.7622143655686));
#6652=CARTESIAN_POINT('Ctrl Pts',(22.1799777935841,-2.5,29.2644960855868));
#6653=CARTESIAN_POINT('Ctrl Pts',(22.4831854813892,-2.5,28.7667778056049));
#6654=CARTESIAN_POINT('Ctrl Pts',(22.6376497751766,-2.5,28.1660833297647));
#6655=CARTESIAN_POINT('Ctrl Pts',(22.6376497751766,-2.5,27.4681335578361));
#6656=CARTESIAN_POINT('',(22.6376497751766,-2.5,21.7586755874692));
#6657=CARTESIAN_POINT('',(22.6376497751766,-2.5,13.734066778918));
#6658=CARTESIAN_POINT('',(20.9328216437444,-2.5,21.7586755874692));
#6659=CARTESIAN_POINT('',(11.3188248875883,-2.5,21.7586755874692));
#6660=CARTESIAN_POINT('',(20.9328216437444,-2.5,27.1306004714116));
#6661=CARTESIAN_POINT('',(20.9328216437444,-2.5,10.8793377937346));
#6662=CARTESIAN_POINT('',(20.3264062681343,-2.5,28.6924061085961));
#6663=CARTESIAN_POINT('Ctrl Pts',(20.9328216437444,-2.5,27.1306004714116));
#6664=CARTESIAN_POINT('Ctrl Pts',(20.9328216437444,-2.5,27.7942248447207));
#6665=CARTESIAN_POINT('Ctrl Pts',(20.7325901517977,-2.5,28.3148267237823));
#6666=CARTESIAN_POINT('Ctrl Pts',(20.3264062681343,-2.5,28.6924061085961));
#6667=CARTESIAN_POINT('',(17.706234173517,-2.5,29.001334696171));
#6668=CARTESIAN_POINT('Ctrl Pts',(20.3264062681343,-2.5,28.6924061085961));
#6669=CARTESIAN_POINT('Ctrl Pts',(19.920222384471,-2.5,29.0757063931798));
#6670=CARTESIAN_POINT('Ctrl Pts',(19.4225041044891,-2.5,29.2644960855868));
#6671=CARTESIAN_POINT('Ctrl Pts',(18.8218096286489,-2.5,29.2644960855868));
#6672=CARTESIAN_POINT('Ctrl Pts',(18.4099048452156,-2.5,29.2644960855868));
#6673=CARTESIAN_POINT('Ctrl Pts',(18.0380463601717,-2.5,29.1729616892682));
#6674=CARTESIAN_POINT('Ctrl Pts',(17.706234173517,-2.5,29.001334696171));
#6675=CARTESIAN_POINT('',(16.6135423174649,-2.5,27.1477631707213));
#6676=CARTESIAN_POINT('Ctrl Pts',(17.706234173517,-2.5,29.001334696171));
#6677=CARTESIAN_POINT('Ctrl Pts',(17.3744219868625,-2.5,28.8239868033039));
#6678=CARTESIAN_POINT('Ctrl Pts',(17.1112605974467,-2.5,28.577988113198));
#6679=CARTESIAN_POINT('Ctrl Pts',(16.9110291055,-2.5,28.269059525623));
#6680=CARTESIAN_POINT('Ctrl Pts',(16.7107976135533,-2.5,27.960130938048));
#6681=CARTESIAN_POINT('Ctrl Pts',(16.6135423174649,-2.5,27.5825515532342));
#6682=CARTESIAN_POINT('Ctrl Pts',(16.6135423174649,-2.5,27.1477631707213));
#6683=CARTESIAN_POINT('',(16.6135423174649,-2.5,21.7586755874692));
#6684=CARTESIAN_POINT('',(16.6135423174649,-2.5,13.5738815853606));
#6685=CARTESIAN_POINT('',(14.9315977851123,-2.5,21.7586755874692));
#6686=CARTESIAN_POINT('',(8.30677115873243,-2.5,21.7586755874692));
#6687=CARTESIAN_POINT('',(14.9315977851123,-2.5,27.1306004714116));
#6688=CARTESIAN_POINT('',(14.9315977851123,-2.5,10.8793377937346));
#6689=CARTESIAN_POINT('',(14.3251824095022,-2.5,28.6924061085961));
#6690=CARTESIAN_POINT('Ctrl Pts',(14.9315977851123,-2.5,27.1306004714116));
#6691=CARTESIAN_POINT('Ctrl Pts',(14.9315977851123,-2.5,27.7942248447207));
#6692=CARTESIAN_POINT('Ctrl Pts',(14.7313662931656,-2.5,28.3148267237823));
#6693=CARTESIAN_POINT('Ctrl Pts',(14.3251824095022,-2.5,28.6924061085961));
#6694=CARTESIAN_POINT('',(11.6935685153451,-2.5,29.001334696171));
#6695=CARTESIAN_POINT('Ctrl Pts',(14.3251824095022,-2.5,28.6924061085961));
#6696=CARTESIAN_POINT('Ctrl Pts',(13.9189985258388,-2.5,29.0757063931798));
#6697=CARTESIAN_POINT('Ctrl Pts',(13.4098384463171,-2.5,29.2644960855868));
#6698=CARTESIAN_POINT('Ctrl Pts',(12.7977021709371,-2.5,29.2644960855868));
#6699=CARTESIAN_POINT('Ctrl Pts',(12.3857973875038,-2.5,29.2644960855868));
#6700=CARTESIAN_POINT('Ctrl Pts',(12.0196598022298,-2.5,29.1729616892682));
#6701=CARTESIAN_POINT('Ctrl Pts',(11.6935685153451,-2.5,29.001334696171));
#6702=CARTESIAN_POINT('',(10.9098052468679,-2.5,28.269059525623));
#6703=CARTESIAN_POINT('Ctrl Pts',(11.6935685153451,-2.5,29.001334696171));
#6704=CARTESIAN_POINT('Ctrl Pts',(11.3731981282303,-2.5,28.8239868033039));
#6705=CARTESIAN_POINT('Ctrl Pts',(11.1100367388146,-2.5,28.5837090129679));
#6706=CARTESIAN_POINT('Ctrl Pts',(10.9098052468679,-2.5,28.269059525623));
#6707=CARTESIAN_POINT('',(10.6123184588327,-2.5,27.1477631707213));
#6708=CARTESIAN_POINT('Origin',(16.0046743332397,-2.5,24.6024284215344));
#6709=CARTESIAN_POINT('',(10.6123184588327,-2.5,21.7586755874692));
#6710=CARTESIAN_POINT('',(10.6123184588327,-2.5,13.5738815853606));
#6711=CARTESIAN_POINT('',(8.93037392648019,-2.5,21.7586755874692));
#6712=CARTESIAN_POINT('',(5.30615922941637,-2.5,21.7586755874692));
#6713=CARTESIAN_POINT('',(8.93037392648019,-2.5,30.6489538299042));
#6714=CARTESIAN_POINT('',(8.93037392648019,-2.5,10.8793377937346));
#6715=CARTESIAN_POINT('',(10.6123184588327,-2.5,30.6489538299042));
#6716=CARTESIAN_POINT('',(4.46518696324009,-2.5,30.6489538299042));
#6717=CARTESIAN_POINT('',(10.6123184588327,-2.5,29.5677037733918));
#6718=CARTESIAN_POINT('',(10.6123184588327,-2.5,15.3244769149521));
#6719=CARTESIAN_POINT('',(11.5677087204071,-2.5,30.414396939338));
#6720=CARTESIAN_POINT('Ctrl Pts',(10.6123184588327,-2.5,29.5677037733918));
#6721=CARTESIAN_POINT('Ctrl Pts',(10.8754798482484,-2.5,29.9052368598163));
#6722=CARTESIAN_POINT('Ctrl Pts',(11.1786875360535,-2.5,30.2027236478515));
#6723=CARTESIAN_POINT('Ctrl Pts',(11.5677087204072,-2.5,30.414396939338));
#6724=CARTESIAN_POINT('',(16.178753934952,-2.5,29.2644960855868));
#6725=CARTESIAN_POINT('Ctrl Pts',(11.5677087204071,-2.5,30.414396939338));
#6726=CARTESIAN_POINT('Ctrl Pts',(12.0768687999289,-2.5,30.6947210280635));
#6727=CARTESIAN_POINT('Ctrl Pts',(12.6661214762293,-2.5,30.8377435223111));
#6728=CARTESIAN_POINT('Ctrl Pts',(13.2896995511491,-2.5,30.8377435223111));
#6729=CARTESIAN_POINT('Ctrl Pts',(13.9132776260689,-2.5,30.8377435223111));
#6730=CARTESIAN_POINT('Ctrl Pts',(14.4796467032897,-2.5,30.7004419278333));
#6731=CARTESIAN_POINT('Ctrl Pts',(14.9830858830415,-2.5,30.4258387388778));
#6732=CARTESIAN_POINT('Ctrl Pts',(15.4865250627933,-2.5,30.1512355499223));
#6733=CARTESIAN_POINT('Ctrl Pts',(15.8869880466867,-2.5,29.7622143655686));
#6734=CARTESIAN_POINT('Ctrl Pts',(16.178753934952,-2.5,29.2644960855868));
#6735=CARTESIAN_POINT('',(16.1959166342617,-2.5,29.2187288874275));
#6736=CARTESIAN_POINT('Ctrl Pts',(16.178753934952,-2.5,29.2644960855868));
#6737=CARTESIAN_POINT('Ctrl Pts',(16.1844748347219,-2.5,29.2530542860469));
#6738=CARTESIAN_POINT('Ctrl Pts',(16.1901957344918,-2.5,29.2358915867372));
#6739=CARTESIAN_POINT('Ctrl Pts',(16.1959166342617,-2.5,29.2187288874275));
#6740=CARTESIAN_POINT('',(16.2130793335714,-2.5,29.2587751858169));
#6741=CARTESIAN_POINT('Ctrl Pts',(16.1959166342617,-2.5,29.2187288874275));
#6742=CARTESIAN_POINT('Ctrl Pts',(16.2016375340316,-2.5,29.2301706869673));
#6743=CARTESIAN_POINT('Ctrl Pts',(16.2073584338015,-2.5,29.247333386277));
#6744=CARTESIAN_POINT('Ctrl Pts',(16.2130793335714,-2.5,29.2587751858169));
#6745=CARTESIAN_POINT('',(20.9557052428241,-2.5,30.4315596386477));
#6746=CARTESIAN_POINT('Ctrl Pts',(16.2130793335714,-2.5,29.2587751858169));
#6747=CARTESIAN_POINT('Ctrl Pts',(16.544891520226,-2.5,29.7507725660288));
#6748=CARTESIAN_POINT('Ctrl Pts',(16.9682381031991,-2.5,30.1397937503825));
#6749=CARTESIAN_POINT('Ctrl Pts',(17.4945608820305,-2.5,30.4201178391079));
#6750=CARTESIAN_POINT('Ctrl Pts',(18.0208836608619,-2.5,30.7004419278334));
#6751=CARTESIAN_POINT('Ctrl Pts',(18.570090038773,-2.5,30.843464422081));
#6752=CARTESIAN_POINT('Ctrl Pts',(19.2165517127724,-2.5,30.843464422081));
#6753=CARTESIAN_POINT('Ctrl Pts',(19.8630133867719,-2.5,30.843464422081));
#6754=CARTESIAN_POINT('Ctrl Pts',(20.4465451633024,-2.5,30.7061628276033));
#6755=CARTESIAN_POINT('Ctrl Pts',(20.9557052428241,-2.5,30.4315596386477));
#6756=CARTESIAN_POINT('',(20.9557052428241,-2.5,15.2157798193239));
#6757=CARTESIAN_POINT('',(8.66521723646724,-2.5,-11.14349002849));
#6758=CARTESIAN_POINT('',(11.0794836182336,-2.5,-11.14349002849));
#6759=CARTESIAN_POINT('',(4.33260861823362,-2.5,-11.14349002849));
#6760=CARTESIAN_POINT('',(11.0794836182336,-2.5,-22.));
#6761=CARTESIAN_POINT('',(11.0794836182336,-2.5,-5.57174501424502));
#6762=CARTESIAN_POINT('',(8.66521723646724,-2.5,-22.));
#6763=CARTESIAN_POINT('',(5.53974180911679,-2.5,-22.));
#6764=CARTESIAN_POINT('',(8.66521723646724,-2.5,-11.));
#6765=CARTESIAN_POINT('',(-31.3021176318263,-2.5,23.1444202191683));
#6766=CARTESIAN_POINT('',(-31.3096715606657,-2.5,24.6627599158866));
#6767=CARTESIAN_POINT('Ctrl Pts',(-31.3021176318263,-2.5,23.1444202191683));
#6768=CARTESIAN_POINT('Ctrl Pts',(-31.5816129988839,-2.5,22.5854294850531));
#6769=CARTESIAN_POINT('Ctrl Pts',(-32.1557115906779,-2.5,22.200179114244));
#6770=CARTESIAN_POINT('Ctrl Pts',(-32.8204573285446,-2.5,22.200179114244));
#6771=CARTESIAN_POINT('Ctrl Pts',(-33.7571445046295,-2.5,22.200179114244));
#6772=CARTESIAN_POINT('Ctrl Pts',(-34.5200913174083,-2.5,22.9631259270229));
#6773=CARTESIAN_POINT('Ctrl Pts',(-34.5200913174083,-2.5,23.8998131031077));
#6774=CARTESIAN_POINT('Ctrl Pts',(-34.5200913174083,-2.5,24.8365002791927));
#6775=CARTESIAN_POINT('Ctrl Pts',(-33.7571445046295,-2.5,25.5994470919715));
#6776=CARTESIAN_POINT('Ctrl Pts',(-32.8204573285446,-2.5,25.5994470919715));
#6777=CARTESIAN_POINT('Ctrl Pts',(-32.1557115906779,-2.5,25.5994470919715));
#6778=CARTESIAN_POINT('Ctrl Pts',(-31.5891669277233,-2.5,25.2141967211624));
#6779=CARTESIAN_POINT('Ctrl Pts',(-31.3096715606657,-2.5,24.6627599158866));
#6780=CARTESIAN_POINT('',(-26.0974606614835,-2.5,24.6627599158866));
#6781=CARTESIAN_POINT('',(-15.6548357803328,-2.5,24.6627599158866));
#6782=CARTESIAN_POINT('',(-22.9927959084924,-2.5,21.5580951628954));
#6783=CARTESIAN_POINT('',(-13.407405517141,-2.5,11.9727047715441));
#6784=CARTESIAN_POINT('',(-21.1194215563225,-2.5,23.4314695150653));
#6785=CARTESIAN_POINT('',(-22.6341207220931,-2.5,21.9167703492947));
#6786=CARTESIAN_POINT('',(-21.1194215563225,-2.5,26.8911689235079));
#6787=CARTESIAN_POINT('',(-21.1194215563225,-2.5,11.7157347575326));
#6788=CARTESIAN_POINT('',(-19.6086357884436,-2.5,26.891168923508));
#6789=CARTESIAN_POINT('Ctrl Pts',(-21.1194215563225,-2.5,26.8911689235079));
#6790=CARTESIAN_POINT('Ctrl Pts',(-21.6784122904377,-2.5,27.1706642905656));
#6791=CARTESIAN_POINT('Ctrl Pts',(-22.0636626612468,-2.5,27.7372089535202));
#6792=CARTESIAN_POINT('Ctrl Pts',(-22.0636626612468,-2.5,28.4019546913869));
#6793=CARTESIAN_POINT('Ctrl Pts',(-22.0636626612468,-2.5,29.3386418674718));
#6794=CARTESIAN_POINT('Ctrl Pts',(-21.300715848468,-2.5,30.1015886802506));
#6795=CARTESIAN_POINT('Ctrl Pts',(-20.3640286723831,-2.5,30.1015886802506));
#6796=CARTESIAN_POINT('Ctrl Pts',(-19.4273414962981,-2.5,30.1015886802506));
#6797=CARTESIAN_POINT('Ctrl Pts',(-18.6643946835193,-2.5,29.3386418674718));
#6798=CARTESIAN_POINT('Ctrl Pts',(-18.6643946835193,-2.5,28.4019546913869));
#6799=CARTESIAN_POINT('Ctrl Pts',(-18.6643946835193,-2.5,27.7372089535202));
#6800=CARTESIAN_POINT('Ctrl Pts',(-19.0496450543284,-2.5,27.1706642905656));
#6801=CARTESIAN_POINT('Ctrl Pts',(-19.6086357884436,-2.5,26.891168923508));
#6802=CARTESIAN_POINT('',(-19.6086357884436,-2.5,22.8044934213955));
#6803=CARTESIAN_POINT('',(-19.6086357884436,-2.5,13.445584461754));
#6804=CARTESIAN_POINT('',(-22.9927959084924,-2.5,19.4203333013468));
#6805=CARTESIAN_POINT('',(-20.4076001966816,-2.5,22.0055290131575));
#6806=CARTESIAN_POINT('',(-26.7168828263138,-2.5,23.1444202191683));
#6807=CARTESIAN_POINT('',(-12.3895136060326,-2.5,8.81705099888694));
#6808=CARTESIAN_POINT('',(-13.3584414131569,-2.5,23.1444202191683));
#6809=CARTESIAN_POINT('',(-39.1053261229208,-2.5,33.2364691485994));
#6810=CARTESIAN_POINT('',(-36.4916667444903,-2.5,35.8501285270299));
#6811=CARTESIAN_POINT('',(-37.6381118793405,-2.5,34.7036833921797));
#6812=CARTESIAN_POINT('',(-20.3791365300618,-2.5,35.8501285270299));
#6813=CARTESIAN_POINT('',(-18.2458333722452,-2.5,35.8501285270299));
#6814=CARTESIAN_POINT('',(-15.2046952750766,-2.5,30.6756872720446));
#6815=CARTESIAN_POINT('',(-6.32182026578892,-2.5,21.7928122627569));
#6816=CARTESIAN_POINT('',(-15.1895874173978,-2.5,30.6756872720446));
#6817=CARTESIAN_POINT('',(-7.60234763753831,-2.5,30.6756872720446));
#6818=CARTESIAN_POINT('',(-15.1895874173978,-2.5,20.8706876385105));
#6819=CARTESIAN_POINT('',(-15.1895874173978,-2.5,15.3378436360223));
#6820=CARTESIAN_POINT('',(-18.5737475374466,-2.5,17.4865275184618));
#6821=CARTESIAN_POINT('',(-16.609862472676,-2.5,19.4504125832324));
#6822=CARTESIAN_POINT('',(-19.6464054326406,-2.5,18.5591854136558));
#6823=CARTESIAN_POINT('Ctrl Pts',(-18.5737475374466,-2.5,17.4865275184618));
#6824=CARTESIAN_POINT('Ctrl Pts',(-18.5208700355708,-2.5,17.3127871551557));
#6825=CARTESIAN_POINT('Ctrl Pts',(-18.4831003913738,-2.5,17.1390467918496));
#6826=CARTESIAN_POINT('Ctrl Pts',(-18.4831003913738,-2.5,16.9501985708648));
#6827=CARTESIAN_POINT('Ctrl Pts',(-18.4831003913738,-2.5,16.0135113947799));
#6828=CARTESIAN_POINT('Ctrl Pts',(-19.2460472041527,-2.5,15.250564582001));
#6829=CARTESIAN_POINT('Ctrl Pts',(-20.1827343802376,-2.5,15.250564582001));
#6830=CARTESIAN_POINT('Ctrl Pts',(-21.1194215563225,-2.5,15.250564582001));
#6831=CARTESIAN_POINT('Ctrl Pts',(-21.8823683691013,-2.5,16.0135113947799));
#6832=CARTESIAN_POINT('Ctrl Pts',(-21.8823683691013,-2.5,16.9501985708648));
#6833=CARTESIAN_POINT('Ctrl Pts',(-21.8823683691013,-2.5,17.8868857469497));
#6834=CARTESIAN_POINT('Ctrl Pts',(-21.1194215563225,-2.5,18.6498325597285));
#6835=CARTESIAN_POINT('Ctrl Pts',(-20.1827343802376,-2.5,18.6498325597285));
#6836=CARTESIAN_POINT('Ctrl Pts',(-19.9938861592527,-2.5,18.6498325597285));
#6837=CARTESIAN_POINT('Ctrl Pts',(-19.8125918671073,-2.5,18.6120629155316));
#6838=CARTESIAN_POINT('Ctrl Pts',(-19.6464054326406,-2.5,18.5591854136558));
#6839=CARTESIAN_POINT('',(-16.7079271141161,-2.5,21.4976637321803));
#6840=CARTESIAN_POINT('',(-19.3746004278944,-2.5,18.830990418402));
#6841=CARTESIAN_POINT('',(-16.7079271141161,-2.5,30.0562651072143));
#6842=CARTESIAN_POINT('',(-16.7079271141161,-2.5,10.7488318660901));
#6843=CARTESIAN_POINT('',(-20.9985586948922,-2.5,34.3468966879904));
#6844=CARTESIAN_POINT('',(-5.01687905878352,-2.5,18.3652170518817));
#6845=CARTESIAN_POINT('',(-35.8646906508206,-2.5,34.3468966879904));
#6846=CARTESIAN_POINT('',(-10.4992793474461,-2.5,34.3468966879904));
#6847=CARTESIAN_POINT('',(-38.0326682277268,-2.5,32.1713651822447));
#6848=CARTESIAN_POINT('',(-35.5163768110897,-2.5,34.6964241647935));
#6849=CARTESIAN_POINT('Ctrl Pts',(-38.0326682277268,-2.5,32.1713651822447));
#6850=CARTESIAN_POINT('Ctrl Pts',(-37.979790725851,-2.5,31.9976248189387));
#6851=CARTESIAN_POINT('Ctrl Pts',(-37.9420210816541,-2.5,31.8238844556326));
#6852=CARTESIAN_POINT('Ctrl Pts',(-37.9420210816541,-2.5,31.6350362346477));
#6853=CARTESIAN_POINT('Ctrl Pts',(-37.9420210816541,-2.5,30.6983490585628));
#6854=CARTESIAN_POINT('Ctrl Pts',(-38.7049678944329,-2.5,29.935402245784));
#6855=CARTESIAN_POINT('Ctrl Pts',(-39.6416550705178,-2.5,29.935402245784));
#6856=CARTESIAN_POINT('Ctrl Pts',(-40.5783422466027,-2.5,29.935402245784));
#6857=CARTESIAN_POINT('Ctrl Pts',(-41.3412890593816,-2.5,30.6983490585628));
#6858=CARTESIAN_POINT('Ctrl Pts',(-41.3412890593816,-2.5,31.6350362346477));
#6859=CARTESIAN_POINT('Ctrl Pts',(-41.3412890593816,-2.5,32.5717234107327));
#6860=CARTESIAN_POINT('Ctrl Pts',(-40.5783422466027,-2.5,33.3346702235115));
#6861=CARTESIAN_POINT('Ctrl Pts',(-39.6416550705178,-2.5,33.3346702235115));
#6862=CARTESIAN_POINT('Ctrl Pts',(-39.452806849533,-2.5,33.3346702235115));
#6863=CARTESIAN_POINT('Ctrl Pts',(-39.2715125573875,-2.5,33.2893466504751));
#6864=CARTESIAN_POINT('Ctrl Pts',(-39.1053261229208,-2.5,33.2364691485994));
#6865=CARTESIAN_POINT('',(-7.80407763532765,-2.5,-22.1845299145299));
#6866=CARTESIAN_POINT('Ctrl Pts',(-7.80407763532765,-2.5,-22.1845299145299));
#6867=CARTESIAN_POINT('Ctrl Pts',(-8.62421058879392,-2.5,-22.1845299145299));
#6868=CARTESIAN_POINT('Ctrl Pts',(-9.38027065527067,-2.5,-22.0410066476733));
#6869=CARTESIAN_POINT('Ctrl Pts',(-10.0722578347578,-2.5,-21.7539601139601));
#6870=CARTESIAN_POINT('Ctrl Pts',(-10.764245014245,-2.5,-21.4669135802469));
#6871=CARTESIAN_POINT('Ctrl Pts',(-11.371655982906,-2.5,-21.0670987654321));
#6872=CARTESIAN_POINT('Ctrl Pts',(-11.8944907407407,-2.5,-20.5545156695157));
#6873=CARTESIAN_POINT('Ctrl Pts',(-12.4173254985755,-2.5,-20.0419325735992));
#6874=CARTESIAN_POINT('Ctrl Pts',(-12.8222661443495,-2.5,-19.4447732668566));
#6875=CARTESIAN_POINT('Ctrl Pts',(-13.1093126780627,-2.5,-18.7630377492877));
#6876=CARTESIAN_POINT('Ctrl Pts',(-13.3963592117759,-2.5,-18.0813022317189));
#6877=CARTESIAN_POINT('Ctrl Pts',(-13.5398824786325,-2.5,-17.3457454890788));
#6878=CARTESIAN_POINT('Ctrl Pts',(-13.5398824786325,-2.5,-16.5563675213675));
#6879=CARTESIAN_POINT('Ctrl Pts',(-13.5398824786325,-2.5,-15.7567378917379));
#6880=CARTESIAN_POINT('Ctrl Pts',(-13.3963592117759,-2.5,-15.0186182336182));
#6881=CARTESIAN_POINT('Ctrl Pts',(-13.1093126780627,-2.5,-14.3420085470085));
#6882=CARTESIAN_POINT('Ctrl Pts',(-12.8222661443495,-2.5,-13.6653988603989));
#6883=CARTESIAN_POINT('Ctrl Pts',(-12.4224513295346,-2.5,-13.0733653846154));
#6884=CARTESIAN_POINT('Ctrl Pts',(-11.9098682336182,-2.5,-12.5659081196581));
#6885=CARTESIAN_POINT('Ctrl Pts',(-11.3972851377018,-2.5,-12.0584508547008));
#6886=CARTESIAN_POINT('Ctrl Pts',(-10.795,-2.5,-11.6637618708452));
#6887=CARTESIAN_POINT('Ctrl Pts',(-10.1030128205128,-2.5,-11.3818411680912));
#6888=CARTESIAN_POINT('Ctrl Pts',(-9.41102564102563,-2.5,-11.0999204653372));
#6889=CARTESIAN_POINT('Ctrl Pts',(-8.65496557454891,-2.5,-10.9589601139601));
#6890=CARTESIAN_POINT('Ctrl Pts',(-7.83483262108263,-2.5,-10.9589601139601));
#6891=CARTESIAN_POINT('Ctrl Pts',(-7.02495132953469,-2.5,-10.9589601139601));
#6892=CARTESIAN_POINT('Ctrl Pts',(-6.2740170940171,-2.5,-11.0999204653372));
#6893=CARTESIAN_POINT('Ctrl Pts',(-5.58202991452991,-2.5,-11.3818411680912));
#6894=CARTESIAN_POINT('Ctrl Pts',(-4.89004273504272,-2.5,-11.6637618708452));
#6895=CARTESIAN_POINT('Ctrl Pts',(-4.28519468186136,-2.5,-12.0584508547009));
#6896=CARTESIAN_POINT('Ctrl Pts',(-3.76748575498578,-2.5,-12.5659081196581));
#6897=CARTESIAN_POINT('Ctrl Pts',(-3.24977682811018,-2.5,-13.0733653846154));
#6898=CARTESIAN_POINT('Ctrl Pts',(-2.84739909781579,-2.5,-13.6679617758784));
#6899=CARTESIAN_POINT('Ctrl Pts',(-2.56035256410258,-2.5,-14.3496972934473));
#6900=CARTESIAN_POINT('Ctrl Pts',(-2.27330603038937,-2.5,-15.0314328110161));
#6901=CARTESIAN_POINT('Ctrl Pts',(-2.12978276353277,-2.5,-15.7721153846154));
#6902=CARTESIAN_POINT('Ctrl Pts',(-2.12978276353277,-2.5,-16.571745014245));
#6903=CARTESIAN_POINT('Ctrl Pts',(-2.12978276353277,-2.5,-17.3611229819563));
#6904=CARTESIAN_POINT('Ctrl Pts',(-2.27330603038937,-2.5,-18.0966797245964));
#6905=CARTESIAN_POINT('Ctrl Pts',(-2.56035256410258,-2.5,-18.7784152421652));
#6906=CARTESIAN_POINT('Ctrl Pts',(-2.84739909781579,-2.5,-19.4601507597341));
#6907=CARTESIAN_POINT('Ctrl Pts',(-3.24721391263059,-2.5,-20.0547471509971));
#6908=CARTESIAN_POINT('Ctrl Pts',(-3.75979700854702,-2.5,-20.5622044159544));
#6909=CARTESIAN_POINT('Ctrl Pts',(-4.27238010446346,-2.5,-21.0696616809117));
#6910=CARTESIAN_POINT('Ctrl Pts',(-4.87466524216524,-2.5,-21.4669135802469));
#6911=CARTESIAN_POINT('Ctrl Pts',(-5.56665242165242,-2.5,-21.7539601139601));
#6912=CARTESIAN_POINT('Ctrl Pts',(-6.25863960113962,-2.5,-22.0410066476733));
#6913=CARTESIAN_POINT('Ctrl Pts',(-7.00444800569799,-2.5,-22.1845299145299));
#6914=CARTESIAN_POINT('Ctrl Pts',(-7.80407763532765,-2.5,-22.1845299145299));
#6915=CARTESIAN_POINT('',(41.562386214028,-2.5,30.6546747296741));
#6916=CARTESIAN_POINT('',(43.524654835106,-2.5,30.6546747296741));
#6917=CARTESIAN_POINT('',(20.781193107014,-2.5,30.6546747296741));
#6918=CARTESIAN_POINT('',(40.3609972623476,-2.5,26.3639999022441));
#6919=CARTESIAN_POINT('',(28.5390578214845,-2.5,10.3306281470049));
#6920=CARTESIAN_POINT('',(43.6905609284333,-2.5,21.770117387009));
#6921=CARTESIAN_POINT('',(39.6746305932184,-2.5,27.3109972137745));
#6922=CARTESIAN_POINT('',(41.6539206103465,-2.5,21.770117387009));
#6923=CARTESIAN_POINT('',(21.8452804642166,-2.5,21.770117387009));
#6924=CARTESIAN_POINT('',(39.2683054062954,-2.5,25.1225646521743));
#6925=CARTESIAN_POINT('',(39.7948205242351,-2.5,24.3826657094581));
#6926=CARTESIAN_POINT('',(36.8826902022443,-2.5,21.770117387009));
#6927=CARTESIAN_POINT('',(26.7342801568392,-2.5,7.50880255102));
#6928=CARTESIAN_POINT('',(34.8975379820867,-2.5,21.770117387009));
#6929=CARTESIAN_POINT('',(18.4413451011222,-2.5,21.770117387009));
#6930=CARTESIAN_POINT('',(38.2900315456413,-2.5,26.3353954033945));
#6931=CARTESIAN_POINT('',(23.4788824349647,-2.5,6.40403454282111));
#6932=CARTESIAN_POINT('',(35.0691649751839,-2.5,30.6546747296741));
#6933=CARTESIAN_POINT('',(37.758743756859,-2.5,27.0478683705893));
#6934=CARTESIAN_POINT('',(37.1058052932707,-2.5,30.6546747296741));
#6935=CARTESIAN_POINT('',(17.534582487592,-2.5,30.6546747296741));
#6936=CARTESIAN_POINT('',(39.3712816021537,-2.5,27.5539470543847));
#6937=CARTESIAN_POINT('',(37.9499286273178,-2.5,29.4993342068116));
#6938=CARTESIAN_POINT('',(26.3220486758599,-2.5,9.08740855294528));
#6939=CARTESIAN_POINT('',(-8.96460055378797,-2.5,30.6546747296741));
#6940=CARTESIAN_POINT('',(-6.69912424490492,-2.5,27.5539470543847));
#6941=CARTESIAN_POINT('',(-0.103502694337705,-2.5,18.5266064472951));
#6942=CARTESIAN_POINT('',(-4.51374053280056,-2.5,30.6546747296741));
#6943=CARTESIAN_POINT('',(-12.0748866123274,-2.5,19.9265564702407));
#6944=CARTESIAN_POINT('',(-2.54575101195265,-2.5,30.6546747296741));
#6945=CARTESIAN_POINT('',(-2.25687026640028,-2.5,30.6546747296741));
#6946=CARTESIAN_POINT('',(-5.70940858471105,-2.5,26.3639999022441));
#6947=CARTESIAN_POINT('',(-9.41859971726268,-2.5,21.3334513499588));
#6948=CARTESIAN_POINT('',(-2.37984491862535,-2.5,21.770117387009));
#6949=CARTESIAN_POINT('',(1.53743702787227,-2.5,16.3653452168413));
#6950=CARTESIAN_POINT('',(-4.41648523671216,-2.5,21.770117387009));
#6951=CARTESIAN_POINT('',(-1.18992245931267,-2.5,21.770117387009));
#6952=CARTESIAN_POINT('',(-6.80210044076323,-2.5,25.1225646521743));
#6953=CARTESIAN_POINT('',(1.46786055550188,-2.5,13.5009887677344));
#6954=CARTESIAN_POINT('',(-9.18771564481433,-2.5,21.770117387009));
#6955=CARTESIAN_POINT('',(-11.592679811894,-2.5,18.3904794927436));
#6956=CARTESIAN_POINT('',(-11.172867864972,-2.5,21.770117387009));
#6957=CARTESIAN_POINT('',(-4.59385782240716,-2.5,21.770117387009));
#6958=CARTESIAN_POINT('',(-7.78609520118718,-2.5,26.3353954033945));
#6959=CARTESIAN_POINT('',(-14.398366823751,-2.5,17.4222319662224));
#6960=CARTESIAN_POINT('',(-11.0069617716447,-2.5,30.6546747296741));
#6961=CARTESIAN_POINT('',(-0.08468704229941,-2.5,16.0075745153656));
#6962=CARTESIAN_POINT('',(-5.50348088582233,-2.5,30.6546747296741));
#6963=CARTESIAN_POINT('',(24.9317305829093,-2.5,23.852524903255));
#6964=CARTESIAN_POINT('',(24.9317305829092,-2.5,28.5665463136582));
#6965=CARTESIAN_POINT('Ctrl Pts',(24.9317305829093,-2.5,23.852524903255));
#6966=CARTESIAN_POINT('Ctrl Pts',(24.5484302983255,-2.5,24.5504746751836));
#6967=CARTESIAN_POINT('Ctrl Pts',(24.3596406059186,-2.5,25.3399588434308));
#6968=CARTESIAN_POINT('Ctrl Pts',(24.3596406059186,-2.5,26.2095356084566));
#6969=CARTESIAN_POINT('Ctrl Pts',(24.3596406059186,-2.5,27.0791123734824));
#6970=CARTESIAN_POINT('Ctrl Pts',(24.5484302983255,-2.5,27.8685965417295));
#6971=CARTESIAN_POINT('Ctrl Pts',(24.9317305829092,-2.5,28.5665463136582));
#6972=CARTESIAN_POINT('',(30.5096078585682,-2.5,30.4258387388778));
#6973=CARTESIAN_POINT('Ctrl Pts',(24.9317305829092,-2.5,28.5665463136582));
#6974=CARTESIAN_POINT('Ctrl Pts',(25.3093099677231,-2.5,29.2644960855868));
#6975=CARTESIAN_POINT('Ctrl Pts',(25.8241909470147,-2.5,29.8194233632677));
#6976=CARTESIAN_POINT('Ctrl Pts',(26.4820944205539,-2.5,30.231328146701));
#6977=CARTESIAN_POINT('Ctrl Pts',(27.1399978940932,-2.5,30.6432329301343));
#6978=CARTESIAN_POINT('Ctrl Pts',(27.8779939644112,-2.5,30.8491853218509));
#6979=CARTESIAN_POINT('Ctrl Pts',(28.7018035312777,-2.5,30.8491853218509));
#6980=CARTESIAN_POINT('Ctrl Pts',(29.3768697041267,-2.5,30.8491853218509));
#6981=CARTESIAN_POINT('Ctrl Pts',(29.9775641799669,-2.5,30.7061628276033));
#6982=CARTESIAN_POINT('Ctrl Pts',(30.5096078585682,-2.5,30.4258387388778));
#6983=CARTESIAN_POINT('',(31.6595087123195,-2.5,29.4189603793743));
#6984=CARTESIAN_POINT('Ctrl Pts',(30.5096078585682,-2.5,30.4258387388778));
#6985=CARTESIAN_POINT('Ctrl Pts',(30.9787216397006,-2.5,30.1798400487719));
#6986=CARTESIAN_POINT('Ctrl Pts',(31.3505801247445,-2.5,29.8308651628075));
#6987=CARTESIAN_POINT('Ctrl Pts',(31.6595087123195,-2.5,29.4189603793743));
#6988=CARTESIAN_POINT('',(31.6595087123195,-2.5,30.6546747296741));
#6989=CARTESIAN_POINT('',(31.6595087123195,-2.5,14.7094801896871));
#6990=CARTESIAN_POINT('',(33.3643368437517,-2.5,30.6546747296741));
#6991=CARTESIAN_POINT('',(15.8297543561598,-2.5,30.6546747296741));
#6992=CARTESIAN_POINT('',(33.3643368437517,-2.5,21.7758382867789));
#6993=CARTESIAN_POINT('',(33.3643368437517,-2.5,15.3273373648371));
#6994=CARTESIAN_POINT('',(31.6595087123195,-2.5,21.7758382867789));
#6995=CARTESIAN_POINT('',(16.6821684218759,-2.5,21.7758382867789));
#6996=CARTESIAN_POINT('',(31.6595087123195,-2.5,23.0115526370788));
#6997=CARTESIAN_POINT('',(31.6595087123195,-2.5,10.8879191433894));
#6998=CARTESIAN_POINT('',(30.526770557878,-2.5,22.0103951773451));
#6999=CARTESIAN_POINT('Ctrl Pts',(31.6595087123195,-2.5,23.0115526370788));
#7000=CARTESIAN_POINT('Ctrl Pts',(31.3563010245144,-2.5,22.5996478536455));
#7001=CARTESIAN_POINT('Ctrl Pts',(30.9901634392404,-2.5,22.2563938674511));
#7002=CARTESIAN_POINT('Ctrl Pts',(30.526770557878,-2.5,22.0103951773451));
#7003=CARTESIAN_POINT('',(26.4935362200938,-2.5,22.1934639699821));
#7004=CARTESIAN_POINT('Ctrl Pts',(30.526770557878,-2.5,22.0103951773451));
#7005=CARTESIAN_POINT('Ctrl Pts',(29.9947268792766,-2.5,21.7300710886196));
#7006=CARTESIAN_POINT('Ctrl Pts',(29.3883115036665,-2.5,21.587048594372));
#7007=CARTESIAN_POINT('Ctrl Pts',(28.7018035312777,-2.5,21.587048594372));
#7008=CARTESIAN_POINT('Ctrl Pts',(27.889435763951,-2.5,21.587048594372));
#7009=CARTESIAN_POINT('Ctrl Pts',(27.151439693633,-2.5,21.7872800863187));
#7010=CARTESIAN_POINT('Ctrl Pts',(26.4935362200938,-2.5,22.1934639699821));
#7011=CARTESIAN_POINT('Origin',(86.8062470494221,-2.5,86.8386590028495));
#7012=CARTESIAN_POINT('',(-1.89912037037037,-2.5,-11.14349002849));
#7013=CARTESIAN_POINT('',(7.31199786324787,-2.5,-11.14349002849));
#7014=CARTESIAN_POINT('',(-0.949560185185185,-2.5,-11.14349002849));
#7015=CARTESIAN_POINT('',(7.31199786324787,-2.5,-13.2502065527065));
#7016=CARTESIAN_POINT('',(7.31199786324787,-2.5,-5.57174501424502));
#7017=CARTESIAN_POINT('',(3.91357193732193,-2.5,-13.2502065527065));
#7018=CARTESIAN_POINT('',(3.65599893162393,-2.5,-13.2502065527065));
#7019=CARTESIAN_POINT('',(3.91357193732193,-2.5,-22.));
#7020=CARTESIAN_POINT('',(3.91357193732193,-2.5,-6.62510327635327));
#7021=CARTESIAN_POINT('',(1.49930555555556,-2.5,-22.));
#7022=CARTESIAN_POINT('',(1.95678596866097,-2.5,-22.));
#7023=CARTESIAN_POINT('',(1.49930555555556,-2.5,-13.2502065527065));
#7024=CARTESIAN_POINT('',(1.49930555555556,-2.5,-11.));
#7025=CARTESIAN_POINT('',(-1.89912037037037,-2.5,-13.2502065527065));
#7026=CARTESIAN_POINT('',(0.749652777777778,-2.5,-13.2502065527065));
#7027=CARTESIAN_POINT('',(-1.89912037037037,-2.5,-6.62510327635327));
#7028=CARTESIAN_POINT('',(-25.2438667026319,-2.5,32.0656101784932));
#7029=CARTESIAN_POINT('',(-26.7546524705108,-2.5,29.61058330569));
#7030=CARTESIAN_POINT('Ctrl Pts',(-25.2438667026319,-2.5,32.0656101784932));
#7031=CARTESIAN_POINT('Ctrl Pts',(-24.307179526547,-2.5,32.0656101784932));
#7032=CARTESIAN_POINT('Ctrl Pts',(-23.5442327137681,-2.5,31.3026633657144));
#7033=CARTESIAN_POINT('Ctrl Pts',(-23.5442327137681,-2.5,30.3659761896295));
#7034=CARTESIAN_POINT('Ctrl Pts',(-23.5442327137681,-2.5,29.4292890135445));
#7035=CARTESIAN_POINT('Ctrl Pts',(-24.307179526547,-2.5,28.6663422007657));
#7036=CARTESIAN_POINT('Ctrl Pts',(-25.2438667026319,-2.5,28.6663422007657));
#7037=CARTESIAN_POINT('Ctrl Pts',(-25.9086124404986,-2.5,28.6663422007657));
#7038=CARTESIAN_POINT('Ctrl Pts',(-26.4751571034532,-2.5,29.0515925715748));
#7039=CARTESIAN_POINT('Ctrl Pts',(-26.7546524705108,-2.5,29.61058330569));
#7040=CARTESIAN_POINT('',(-34.2783655945477,-2.5,29.61058330569));
#7041=CARTESIAN_POINT('',(-13.3773262352554,-2.5,29.61058330569));
#7042=CARTESIAN_POINT('',(-36.5747599617237,-2.5,27.3217428673535));
#7043=CARTESIAN_POINT('',(-33.083144030341,-2.5,30.8018732200145));
#7044=CARTESIAN_POINT('',(-36.5747599617237,-2.5,26.1282221107291));
#7045=CARTESIAN_POINT('',(-36.5747599617237,-2.5,13.6608714336767));
#7046=CARTESIAN_POINT('',(-38.0855457296026,-2.5,26.1282221107291));
#7047=CARTESIAN_POINT('Ctrl Pts',(-36.5747599617237,-2.5,26.1282221107291));
#7048=CARTESIAN_POINT('Ctrl Pts',(-36.0157692276085,-2.5,25.8487267436715));
#7049=CARTESIAN_POINT('Ctrl Pts',(-35.6305188567993,-2.5,25.2821820807169));
#7050=CARTESIAN_POINT('Ctrl Pts',(-35.6305188567993,-2.5,24.6174363428502));
#7051=CARTESIAN_POINT('Ctrl Pts',(-35.6305188567993,-2.5,23.6807491667653));
#7052=CARTESIAN_POINT('Ctrl Pts',(-36.3934656695782,-2.5,22.9178023539865));
#7053=CARTESIAN_POINT('Ctrl Pts',(-37.3301528456631,-2.5,22.9178023539865));
#7054=CARTESIAN_POINT('Ctrl Pts',(-38.266840021748,-2.5,22.9178023539865));
#7055=CARTESIAN_POINT('Ctrl Pts',(-39.0297868345269,-2.5,23.6807491667653));
#7056=CARTESIAN_POINT('Ctrl Pts',(-39.0297868345269,-2.5,24.6174363428502));
#7057=CARTESIAN_POINT('Ctrl Pts',(-39.0297868345269,-2.5,25.2821820807169));
#7058=CARTESIAN_POINT('Ctrl Pts',(-38.6445364637177,-2.5,25.8487267436715));
#7059=CARTESIAN_POINT('Ctrl Pts',(-38.0855457296026,-2.5,26.1282221107291));
#7060=CARTESIAN_POINT('',(-38.0855457296025,-2.5,27.9487189610232));
#7061=CARTESIAN_POINT('',(-38.0855457296026,-2.5,13.0641110553646));
#7062=CARTESIAN_POINT('',(-34.9053416882175,-2.5,31.1289230024083));
#7063=CARTESIAN_POINT('',(-35.5513390374578,-2.5,30.482925653168));
#7064=CARTESIAN_POINT('',(-26.7546524705108,-2.5,31.1289230024083));
#7065=CARTESIAN_POINT('',(-17.4526708441087,-2.5,31.1289230024083));
#7066=CARTESIAN_POINT('',(-25.2438667026319,-2.5,32.0731641073326));
#7067=CARTESIAN_POINT('Ctrl Pts',(-26.7546524705108,-2.5,31.1289230024083));
#7068=CARTESIAN_POINT('Ctrl Pts',(-26.4751571034532,-2.5,31.6879137365235));
#7069=CARTESIAN_POINT('Ctrl Pts',(-25.9086124404986,-2.5,32.0731641073326));
#7070=CARTESIAN_POINT('Ctrl Pts',(-25.2438667026319,-2.5,32.0731641073326));
#7071=CARTESIAN_POINT('',(-25.2438667026319,-2.5,16.0365820536663));
#7072=CARTESIAN_POINT('Origin',(-68.0717967697245,0.,54.));
#7073=CARTESIAN_POINT('',(-71.5358983848622,0.,52.));
#7074=CARTESIAN_POINT('',(-68.0717967697245,0.,50.));
#7075=CARTESIAN_POINT('Origin',(71.,0.,50.));
#7076=CARTESIAN_POINT('Origin',(68.5,4.,-43.5));
#7077=CARTESIAN_POINT('',(68.5,0.,-43.5));
#7078=CARTESIAN_POINT('',(68.5,4.,-47.5));
#7079=CARTESIAN_POINT('Origin',(68.5,4.,-43.5));
#7080=CARTESIAN_POINT('',(72.5,4.,-43.5));
#7081=CARTESIAN_POINT('Origin',(68.5,4.,-43.5));
#7082=CARTESIAN_POINT('Origin',(68.5,4.,-43.5));
#7083=CARTESIAN_POINT('Origin',(68.5,4.,43.5));
#7084=CARTESIAN_POINT('',(72.5,4.,43.5));
#7085=CARTESIAN_POINT('',(68.5,4.,47.5));
#7086=CARTESIAN_POINT('Origin',(68.5,4.,43.5));
#7087=CARTESIAN_POINT('',(68.5,0.,43.5));
#7088=CARTESIAN_POINT('Origin',(68.5,4.,43.5));
#7089=CARTESIAN_POINT('Origin',(68.5,4.,43.5));
#7090=CARTESIAN_POINT('Origin',(68.5,4.,-23.75));
#7091=CARTESIAN_POINT('',(68.5,0.,-23.75));
#7092=CARTESIAN_POINT('',(72.5,4.,-23.75));
#7093=CARTESIAN_POINT('Origin',(-68.5,4.,-43.5));
#7094=CARTESIAN_POINT('',(-68.5,0.,-43.5));
#7095=CARTESIAN_POINT('',(-72.5,4.,-43.5));
#7096=CARTESIAN_POINT('Origin',(-68.5,4.,-43.5));
#7097=CARTESIAN_POINT('',(-68.5,4.,-47.5));
#7098=CARTESIAN_POINT('Origin',(-68.5,4.,-43.5));
#7099=CARTESIAN_POINT('Origin',(-68.5,4.,-43.5));
#7100=CARTESIAN_POINT('Origin',(-36.25,4.,-43.5));
#7101=CARTESIAN_POINT('',(-36.25,0.,-43.5));
#7102=CARTESIAN_POINT('',(-36.25,4.,-47.5));
#7103=CARTESIAN_POINT('Origin',(-68.5,0.,-43.5));
#7104=CARTESIAN_POINT('',(-72.5,26.6,-43.5));
#7105=CARTESIAN_POINT('',(-71.3284271247462,27.7715728752538,-46.3284271247462));
#7106=CARTESIAN_POINT('Origin',(-68.5,30.6,-43.5));
#7107=CARTESIAN_POINT('',(-72.5,0.,-43.5));
#7108=CARTESIAN_POINT('',(-68.5,26.6,-47.5));
#7109=CARTESIAN_POINT('',(-68.5,0.,-47.5));
#7110=CARTESIAN_POINT('Origin',(-68.5,30.6,-43.5));
#7111=CARTESIAN_POINT('Origin',(-68.5,4.,43.5));
#7112=CARTESIAN_POINT('',(-68.5,0.,43.5));
#7113=CARTESIAN_POINT('',(-68.5,4.,47.5));
#7114=CARTESIAN_POINT('Origin',(-68.5,4.,43.5));
#7115=CARTESIAN_POINT('',(-72.5,4.,43.5));
#7116=CARTESIAN_POINT('Origin',(-68.5,4.,43.5));
#7117=CARTESIAN_POINT('Origin',(-68.5,4.,43.5));
#7118=CARTESIAN_POINT('Origin',(-68.5,4.,23.75));
#7119=CARTESIAN_POINT('',(-68.5,0.,23.75));
#7120=CARTESIAN_POINT('',(-72.5,4.,23.75));
#7121=CARTESIAN_POINT('Origin',(-68.5,0.,43.5));
#7122=CARTESIAN_POINT('',(-68.5,26.6,47.5));
#7123=CARTESIAN_POINT('',(-71.3284271247462,27.7715728752538,46.3284271247462));
#7124=CARTESIAN_POINT('Origin',(-68.5,30.6,43.5));
#7125=CARTESIAN_POINT('',(-68.5,0.,47.5));
#7126=CARTESIAN_POINT('',(-72.5,26.6,43.5));
#7127=CARTESIAN_POINT('',(-72.5,0.,43.5));
#7128=CARTESIAN_POINT('Origin',(-68.5,30.6,43.5));
#7129=CARTESIAN_POINT('Origin',(36.25,4.,43.5));
#7130=CARTESIAN_POINT('',(36.25,0.,43.5));
#7131=CARTESIAN_POINT('',(36.25,4.,47.5));
#7132=CARTESIAN_POINT('Origin',(68.5,0.,43.5));
#7133=CARTESIAN_POINT('',(72.5,26.6,43.5));
#7134=CARTESIAN_POINT('',(71.3284271247462,27.7715728752538,46.3284271247462));
#7135=CARTESIAN_POINT('Origin',(68.5,30.6,43.5));
#7136=CARTESIAN_POINT('',(72.5,0.,43.5));
#7137=CARTESIAN_POINT('',(68.5,26.6,47.5));
#7138=CARTESIAN_POINT('',(68.5,0.,47.5));
#7139=CARTESIAN_POINT('Origin',(68.5,30.6,43.5));
#7140=CARTESIAN_POINT('Origin',(68.5,0.,-43.5));
#7141=CARTESIAN_POINT('',(68.5,26.6,-47.5));
#7142=CARTESIAN_POINT('',(71.3284271247462,27.7715728752538,-46.3284271247462));
#7143=CARTESIAN_POINT('Origin',(68.5,30.6,-43.5));
#7144=CARTESIAN_POINT('',(68.5,0.,-47.5));
#7145=CARTESIAN_POINT('',(72.5,26.6,-43.5));
#7146=CARTESIAN_POINT('',(72.5,0.,-43.5));
#7147=CARTESIAN_POINT('Origin',(68.5,30.6,-43.5));
#7148=CARTESIAN_POINT('Origin',(-71.25,27.85,23.75));
#7149=CARTESIAN_POINT('',(-72.5,26.6,20.));
#7150=CARTESIAN_POINT('',(-72.5,26.6,23.75));
#7151=CARTESIAN_POINT('',(-70.,29.1,20.));
#7152=CARTESIAN_POINT('',(-70.625,28.475,20.));
#7153=CARTESIAN_POINT('',(-70.,29.1,45.));
#7154=CARTESIAN_POINT('',(-70.,29.1,45.));
#7155=CARTESIAN_POINT('',(-72.5,26.6,47.5));
#7156=CARTESIAN_POINT('Origin',(-72.5,0.,47.5));
#7157=CARTESIAN_POINT('',(-72.5,26.6,-20.));
#7158=CARTESIAN_POINT('',(-72.5,26.6,23.75));
#7159=CARTESIAN_POINT('',(-72.5,15.8,-20.));
#7160=CARTESIAN_POINT('',(-72.5,15.8,20.));
#7161=CARTESIAN_POINT('Origin',(36.25,27.85,46.25));
#7162=CARTESIAN_POINT('',(70.,29.1,45.));
#7163=CARTESIAN_POINT('',(70.0000000000001,29.1,45.));
#7164=CARTESIAN_POINT('',(72.5,26.6,47.5));
#7165=CARTESIAN_POINT('',(36.25,26.6,47.5));
#7166=CARTESIAN_POINT('Origin',(-71.25,27.85,23.75));
#7167=CARTESIAN_POINT('',(-70.,29.1,-45.));
#7168=CARTESIAN_POINT('',(-70.,29.1,-45.));
#7169=CARTESIAN_POINT('',(-70.,29.1,-20.));
#7170=CARTESIAN_POINT('',(-70.,29.1,45.));
#7171=CARTESIAN_POINT('',(-70.,29.1,-20.));
#7172=CARTESIAN_POINT('Origin',(-72.5,0.,-47.5));
#7173=CARTESIAN_POINT('',(-36.25,26.6,-47.5));
#7174=CARTESIAN_POINT('Origin',(-36.25,27.85,-46.25));
#7175=CARTESIAN_POINT('',(70.,29.1,-45.));
#7176=CARTESIAN_POINT('',(72.5,26.6,-47.5));
#7177=CARTESIAN_POINT('',(-70.,29.1,-45.));
#7178=CARTESIAN_POINT('Origin',(0.,0.,0.));
#7179=CARTESIAN_POINT('Origin',(-75.,0.,46.));
#7180=CARTESIAN_POINT('',(-75.,0.,43.0717967697245));
#7181=CARTESIAN_POINT('Origin',(-79.,0.,43.0717967697245));
#7182=CARTESIAN_POINT('',(-77.,0.,46.5358983848623));
#7183=CARTESIAN_POINT('Origin',(71.25,27.85,-23.75));
#7184=CARTESIAN_POINT('',(70.,29.1,20.));
#7185=CARTESIAN_POINT('',(70.,29.1,-45.));
#7186=CARTESIAN_POINT('',(72.5,26.6,20.));
#7187=CARTESIAN_POINT('',(70.625,28.475,20.));
#7188=CARTESIAN_POINT('',(72.5,26.6,-23.75));
#7189=CARTESIAN_POINT('Origin',(71.25,27.85,-23.75));
#7190=CARTESIAN_POINT('',(72.5,26.6,-20.));
#7191=CARTESIAN_POINT('',(72.5,26.6,-23.75));
#7192=CARTESIAN_POINT('',(70.,29.1,-20.));
#7193=CARTESIAN_POINT('',(70.,29.1,-20.));
#7194=CARTESIAN_POINT('',(70.,29.1,-45.));
#7195=CARTESIAN_POINT('Origin',(72.5,0.,-47.5));
#7196=CARTESIAN_POINT('',(72.5,31.6,20.));
#7197=CARTESIAN_POINT('',(72.5,31.6,-20.));
#7198=CARTESIAN_POINT('Ctrl Pts',(-25.2438667026319,-2.5,32.0656101784932));
#7199=CARTESIAN_POINT('Ctrl Pts',(-25.2438667026319,-2.48,32.0656101784932));
#7200=CARTESIAN_POINT('Ctrl Pts',(-24.307179526547,-2.5,32.0656101784932));
#7201=CARTESIAN_POINT('Ctrl Pts',(-24.307179526547,-2.48,32.0656101784932));
#7202=CARTESIAN_POINT('Ctrl Pts',(-23.5442327137681,-2.5,31.3026633657144));
#7203=CARTESIAN_POINT('Ctrl Pts',(-23.5442327137681,-2.48,31.3026633657144));
#7204=CARTESIAN_POINT('Ctrl Pts',(-23.5442327137681,-2.5,30.3659761896295));
#7205=CARTESIAN_POINT('Ctrl Pts',(-23.5442327137681,-2.48,30.3659761896295));
#7206=CARTESIAN_POINT('Ctrl Pts',(-23.5442327137681,-2.5,29.4292890135445));
#7207=CARTESIAN_POINT('Ctrl Pts',(-23.5442327137681,-2.48,29.4292890135445));
#7208=CARTESIAN_POINT('Ctrl Pts',(-24.307179526547,-2.5,28.6663422007657));
#7209=CARTESIAN_POINT('Ctrl Pts',(-24.307179526547,-2.48,28.6663422007657));
#7210=CARTESIAN_POINT('Ctrl Pts',(-25.2438667026319,-2.5,28.6663422007657));
#7211=CARTESIAN_POINT('Ctrl Pts',(-25.2438667026319,-2.48,28.6663422007657));
#7212=CARTESIAN_POINT('Ctrl Pts',(-25.9086124404986,-2.5,28.6663422007657));
#7213=CARTESIAN_POINT('Ctrl Pts',(-25.9086124404986,-2.48,28.6663422007657));
#7214=CARTESIAN_POINT('Ctrl Pts',(-26.4751571034532,-2.5,29.0515925715748));
#7215=CARTESIAN_POINT('Ctrl Pts',(-26.4751571034532,-2.48,29.0515925715748));
#7216=CARTESIAN_POINT('Ctrl Pts',(-26.7546524705108,-2.5,29.61058330569));
#7217=CARTESIAN_POINT('Ctrl Pts',(-26.7546524705108,-2.48,29.61058330569));
#7218=CARTESIAN_POINT('',(-25.2438667026319,-2.48,32.0656101784932));
#7219=CARTESIAN_POINT('',(-25.2438667026319,-2.5,32.0656101784932));
#7220=CARTESIAN_POINT('',(-26.7546524705108,-2.48,29.61058330569));
#7221=CARTESIAN_POINT('Ctrl Pts',(-25.2438667026319,-2.48,32.0656101784932));
#7222=CARTESIAN_POINT('Ctrl Pts',(-24.307179526547,-2.48,32.0656101784932));
#7223=CARTESIAN_POINT('Ctrl Pts',(-23.5442327137681,-2.48,31.3026633657144));
#7224=CARTESIAN_POINT('Ctrl Pts',(-23.5442327137681,-2.48,30.3659761896295));
#7225=CARTESIAN_POINT('Ctrl Pts',(-23.5442327137681,-2.48,29.4292890135445));
#7226=CARTESIAN_POINT('Ctrl Pts',(-24.307179526547,-2.48,28.6663422007657));
#7227=CARTESIAN_POINT('Ctrl Pts',(-25.2438667026319,-2.48,28.6663422007657));
#7228=CARTESIAN_POINT('Ctrl Pts',(-25.9086124404986,-2.48,28.6663422007657));
#7229=CARTESIAN_POINT('Ctrl Pts',(-26.4751571034532,-2.48,29.0515925715748));
#7230=CARTESIAN_POINT('Ctrl Pts',(-26.7546524705108,-2.48,29.61058330569));
#7231=CARTESIAN_POINT('',(-26.7546524705108,-2.5,29.61058330569));
#7232=CARTESIAN_POINT('Origin',(-25.2438667026319,-2.5,32.0731641073326));
#7233=CARTESIAN_POINT('',(-25.2438667026319,-2.48,32.0731641073326));
#7234=CARTESIAN_POINT('',(-25.2438667026319,-2.5,32.0731641073326));
#7235=CARTESIAN_POINT('',(-25.2438667026319,-2.48,32.0656101784932));
#7236=CARTESIAN_POINT('Ctrl Pts',(-26.7546524705108,-2.5,31.1289230024083));
#7237=CARTESIAN_POINT('Ctrl Pts',(-26.7546524705108,-2.48,31.1289230024083));
#7238=CARTESIAN_POINT('Ctrl Pts',(-26.4751571034532,-2.5,31.6879137365235));
#7239=CARTESIAN_POINT('Ctrl Pts',(-26.4751571034532,-2.48,31.6879137365235));
#7240=CARTESIAN_POINT('Ctrl Pts',(-25.9086124404986,-2.5,32.0731641073326));
#7241=CARTESIAN_POINT('Ctrl Pts',(-25.9086124404986,-2.48,32.0731641073326));
#7242=CARTESIAN_POINT('Ctrl Pts',(-25.2438667026319,-2.5,32.0731641073326));
#7243=CARTESIAN_POINT('Ctrl Pts',(-25.2438667026319,-2.48,32.0731641073326));
#7244=CARTESIAN_POINT('',(-26.7546524705108,-2.48,31.1289230024083));
#7245=CARTESIAN_POINT('',(-26.7546524705108,-2.5,31.1289230024083));
#7246=CARTESIAN_POINT('Ctrl Pts',(-26.7546524705108,-2.48,31.1289230024083));
#7247=CARTESIAN_POINT('Ctrl Pts',(-26.4751571034532,-2.48,31.6879137365235));
#7248=CARTESIAN_POINT('Ctrl Pts',(-25.9086124404986,-2.48,32.0731641073326));
#7249=CARTESIAN_POINT('Ctrl Pts',(-25.2438667026319,-2.48,32.0731641073326));
#7250=CARTESIAN_POINT('Origin',(-34.9053416882175,-2.5,31.1289230024083));
#7251=CARTESIAN_POINT('',(-34.9053416882175,-2.48,31.1289230024083));
#7252=CARTESIAN_POINT('',(-34.9053416882175,-2.5,31.1289230024083));
#7253=CARTESIAN_POINT('',(-26.7546524705108,-2.48,31.1289230024083));
#7254=CARTESIAN_POINT('Origin',(-38.0855457296025,-2.5,27.9487189610232));
#7255=CARTESIAN_POINT('',(-38.0855457296025,-2.48,27.9487189610232));
#7256=CARTESIAN_POINT('',(-38.0855457296025,-2.5,27.9487189610232));
#7257=CARTESIAN_POINT('',(-34.9053416882175,-2.48,31.1289230024083));
#7258=CARTESIAN_POINT('Origin',(-38.0855457296026,-2.5,26.1282221107291));
#7259=CARTESIAN_POINT('',(-38.0855457296026,-2.48,26.1282221107291));
#7260=CARTESIAN_POINT('',(-38.0855457296026,-2.5,26.1282221107291));
#7261=CARTESIAN_POINT('',(-38.0855457296026,-2.48,27.9487189610232));
#7262=CARTESIAN_POINT('Ctrl Pts',(-36.5747599617237,-2.5,26.1282221107291));
#7263=CARTESIAN_POINT('Ctrl Pts',(-36.5747599617237,-2.48,26.1282221107291));
#7264=CARTESIAN_POINT('Ctrl Pts',(-36.0157692276085,-2.5,25.8487267436715));
#7265=CARTESIAN_POINT('Ctrl Pts',(-36.0157692276085,-2.48,25.8487267436715));
#7266=CARTESIAN_POINT('Ctrl Pts',(-35.6305188567993,-2.5,25.2821820807169));
#7267=CARTESIAN_POINT('Ctrl Pts',(-35.6305188567993,-2.48,25.2821820807169));
#7268=CARTESIAN_POINT('Ctrl Pts',(-35.6305188567993,-2.5,24.6174363428502));
#7269=CARTESIAN_POINT('Ctrl Pts',(-35.6305188567993,-2.48,24.6174363428502));
#7270=CARTESIAN_POINT('Ctrl Pts',(-35.6305188567993,-2.5,23.6807491667653));
#7271=CARTESIAN_POINT('Ctrl Pts',(-35.6305188567993,-2.48,23.6807491667653));
#7272=CARTESIAN_POINT('Ctrl Pts',(-36.3934656695782,-2.5,22.9178023539865));
#7273=CARTESIAN_POINT('Ctrl Pts',(-36.3934656695782,-2.48,22.9178023539865));
#7274=CARTESIAN_POINT('Ctrl Pts',(-37.3301528456631,-2.5,22.9178023539865));
#7275=CARTESIAN_POINT('Ctrl Pts',(-37.3301528456631,-2.48,22.9178023539865));
#7276=CARTESIAN_POINT('Ctrl Pts',(-38.266840021748,-2.5,22.9178023539865));
#7277=CARTESIAN_POINT('Ctrl Pts',(-38.266840021748,-2.48,22.9178023539865));
#7278=CARTESIAN_POINT('Ctrl Pts',(-39.0297868345269,-2.5,23.6807491667653));
#7279=CARTESIAN_POINT('Ctrl Pts',(-39.0297868345269,-2.48,23.6807491667653));
#7280=CARTESIAN_POINT('Ctrl Pts',(-39.0297868345269,-2.5,24.6174363428502));
#7281=CARTESIAN_POINT('Ctrl Pts',(-39.0297868345269,-2.48,24.6174363428502));
#7282=CARTESIAN_POINT('Ctrl Pts',(-39.0297868345269,-2.5,25.2821820807169));
#7283=CARTESIAN_POINT('Ctrl Pts',(-39.0297868345269,-2.48,25.2821820807169));
#7284=CARTESIAN_POINT('Ctrl Pts',(-38.6445364637177,-2.5,25.8487267436715));
#7285=CARTESIAN_POINT('Ctrl Pts',(-38.6445364637177,-2.48,25.8487267436715));
#7286=CARTESIAN_POINT('Ctrl Pts',(-38.0855457296026,-2.5,26.1282221107291));
#7287=CARTESIAN_POINT('Ctrl Pts',(-38.0855457296026,-2.48,26.1282221107291));
#7288=CARTESIAN_POINT('',(-36.5747599617237,-2.48,26.1282221107291));
#7289=CARTESIAN_POINT('',(-36.5747599617237,-2.5,26.1282221107291));
#7290=CARTESIAN_POINT('Ctrl Pts',(-36.5747599617237,-2.48,26.1282221107291));
#7291=CARTESIAN_POINT('Ctrl Pts',(-36.0157692276085,-2.48,25.8487267436715));
#7292=CARTESIAN_POINT('Ctrl Pts',(-35.6305188567993,-2.48,25.2821820807169));
#7293=CARTESIAN_POINT('Ctrl Pts',(-35.6305188567993,-2.48,24.6174363428502));
#7294=CARTESIAN_POINT('Ctrl Pts',(-35.6305188567993,-2.48,23.6807491667653));
#7295=CARTESIAN_POINT('Ctrl Pts',(-36.3934656695782,-2.48,22.9178023539865));
#7296=CARTESIAN_POINT('Ctrl Pts',(-37.3301528456631,-2.48,22.9178023539865));
#7297=CARTESIAN_POINT('Ctrl Pts',(-38.266840021748,-2.48,22.9178023539865));
#7298=CARTESIAN_POINT('Ctrl Pts',(-39.0297868345269,-2.48,23.6807491667653));
#7299=CARTESIAN_POINT('Ctrl Pts',(-39.0297868345269,-2.48,24.6174363428502));
#7300=CARTESIAN_POINT('Ctrl Pts',(-39.0297868345269,-2.48,25.2821820807169));
#7301=CARTESIAN_POINT('Ctrl Pts',(-38.6445364637177,-2.48,25.8487267436715));
#7302=CARTESIAN_POINT('Ctrl Pts',(-38.0855457296026,-2.48,26.1282221107291));
#7303=CARTESIAN_POINT('Origin',(-36.5747599617237,-2.5,27.3217428673535));
#7304=CARTESIAN_POINT('',(-36.5747599617237,-2.48,27.3217428673535));
#7305=CARTESIAN_POINT('',(-36.5747599617237,-2.5,27.3217428673535));
#7306=CARTESIAN_POINT('',(-36.5747599617237,-2.48,26.1282221107291));
#7307=CARTESIAN_POINT('Origin',(-34.2783655945477,-2.5,29.61058330569));
#7308=CARTESIAN_POINT('',(-34.2783655945477,-2.48,29.61058330569));
#7309=CARTESIAN_POINT('',(-34.2783655945477,-2.5,29.61058330569));
#7310=CARTESIAN_POINT('',(-36.5747599617237,-2.48,27.3217428673535));
#7311=CARTESIAN_POINT('Origin',(-26.7546524705108,-2.5,29.61058330569));
#7312=CARTESIAN_POINT('',(-34.2783655945477,-2.48,29.61058330569));
#7313=CARTESIAN_POINT('Origin',(-31.2870097741475,-2.48,27.4954832306595));
#7314=CARTESIAN_POINT('Origin',(-1.89912037037037,-2.5,-11.14349002849));
#7315=CARTESIAN_POINT('',(-1.89912037037037,-2.48,-11.14349002849));
#7316=CARTESIAN_POINT('',(-1.89912037037037,-2.5,-11.14349002849));
#7317=CARTESIAN_POINT('',(7.31199786324787,-2.48,-11.14349002849));
#7318=CARTESIAN_POINT('',(7.31199786324787,-2.48,-11.14349002849));
#7319=CARTESIAN_POINT('',(7.31199786324787,-2.5,-11.14349002849));
#7320=CARTESIAN_POINT('Origin',(-1.89912037037037,-2.5,-13.2502065527065));
#7321=CARTESIAN_POINT('',(-1.89912037037037,-2.48,-13.2502065527065));
#7322=CARTESIAN_POINT('',(-1.89912037037037,-2.5,-13.2502065527065));
#7323=CARTESIAN_POINT('',(-1.89912037037037,-2.48,-11.14349002849));
#7324=CARTESIAN_POINT('Origin',(1.49930555555556,-2.5,-13.2502065527065));
#7325=CARTESIAN_POINT('',(1.49930555555556,-2.48,-13.2502065527065));
#7326=CARTESIAN_POINT('',(1.49930555555556,-2.5,-13.2502065527065));
#7327=CARTESIAN_POINT('',(-1.89912037037037,-2.48,-13.2502065527065));
#7328=CARTESIAN_POINT('Origin',(1.49930555555556,-2.5,-22.));
#7329=CARTESIAN_POINT('',(1.49930555555556,-2.48,-22.));
#7330=CARTESIAN_POINT('',(1.49930555555556,-2.5,-22.));
#7331=CARTESIAN_POINT('',(1.49930555555556,-2.48,-13.2502065527065));
#7332=CARTESIAN_POINT('Origin',(3.91357193732193,-2.5,-22.));
#7333=CARTESIAN_POINT('',(3.91357193732193,-2.48,-22.));
#7334=CARTESIAN_POINT('',(3.91357193732193,-2.5,-22.));
#7335=CARTESIAN_POINT('',(1.49930555555556,-2.48,-22.));
#7336=CARTESIAN_POINT('Origin',(3.91357193732193,-2.5,-13.2502065527065));
#7337=CARTESIAN_POINT('',(3.91357193732193,-2.48,-13.2502065527065));
#7338=CARTESIAN_POINT('',(3.91357193732193,-2.5,-13.2502065527065));
#7339=CARTESIAN_POINT('',(3.91357193732193,-2.48,-22.));
#7340=CARTESIAN_POINT('Origin',(7.31199786324787,-2.5,-13.2502065527065));
#7341=CARTESIAN_POINT('',(7.31199786324787,-2.48,-13.2502065527065));
#7342=CARTESIAN_POINT('',(7.31199786324787,-2.5,-13.2502065527065));
#7343=CARTESIAN_POINT('',(3.91357193732193,-2.48,-13.2502065527065));
#7344=CARTESIAN_POINT('Origin',(7.31199786324787,-2.5,-11.14349002849));
#7345=CARTESIAN_POINT('',(7.31199786324787,-2.48,-13.2502065527065));
#7346=CARTESIAN_POINT('Origin',(2.70643874643875,-2.48,-16.571745014245));
#7347=CARTESIAN_POINT('Ctrl Pts',(31.0073261385501,-2.5,24.0184309965823));
#7348=CARTESIAN_POINT('Ctrl Pts',(31.0073261385501,-2.48,24.0184309965823));
#7349=CARTESIAN_POINT('Ctrl Pts',(31.5164862180718,-2.5,24.5848000738031));
#7350=CARTESIAN_POINT('Ctrl Pts',(31.5164862180718,-2.48,24.5848000738031));
#7351=CARTESIAN_POINT('Ctrl Pts',(31.7739267077176,-2.5,25.3113543445812));
#7352=CARTESIAN_POINT('Ctrl Pts',(31.7739267077176,-2.48,25.3113543445812));
#7353=CARTESIAN_POINT('Ctrl Pts',(31.7739267077176,-2.5,26.1980938089168));
#7354=CARTESIAN_POINT('Ctrl Pts',(31.7739267077176,-2.48,26.1980938089168));
#7355=CARTESIAN_POINT('Ctrl Pts',(31.7739267077176,-2.5,26.8102300842968));
#7356=CARTESIAN_POINT('Ctrl Pts',(31.7739267077176,-2.48,26.8102300842968));
#7357=CARTESIAN_POINT('Ctrl Pts',(31.6595087123195,-2.5,27.3422737628981));
#7358=CARTESIAN_POINT('Ctrl Pts',(31.6595087123195,-2.48,27.3422737628981));
#7359=CARTESIAN_POINT('Ctrl Pts',(31.4306727215232,-2.5,27.7999457444906));
#7360=CARTESIAN_POINT('Ctrl Pts',(31.4306727215232,-2.48,27.7999457444906));
#7361=CARTESIAN_POINT('',(31.0073261385501,-2.5,24.0184309965823));
#7362=CARTESIAN_POINT('',(31.4306727215232,-2.5,27.7999457444906));
#7363=CARTESIAN_POINT('Ctrl Pts',(31.0073261385501,-2.5,24.0184309965823));
#7364=CARTESIAN_POINT('Ctrl Pts',(31.5164862180718,-2.5,24.5848000738031));
#7365=CARTESIAN_POINT('Ctrl Pts',(31.7739267077176,-2.5,25.3113543445812));
#7366=CARTESIAN_POINT('Ctrl Pts',(31.7739267077176,-2.5,26.1980938089168));
#7367=CARTESIAN_POINT('Ctrl Pts',(31.7739267077176,-2.5,26.8102300842968));
#7368=CARTESIAN_POINT('Ctrl Pts',(31.6595087123195,-2.5,27.3422737628981));
#7369=CARTESIAN_POINT('Ctrl Pts',(31.4306727215232,-2.5,27.7999457444906));
#7370=CARTESIAN_POINT('',(31.0073261385501,-2.48,24.0184309965823));
#7371=CARTESIAN_POINT('',(31.0073261385501,-2.5,24.0184309965823));
#7372=CARTESIAN_POINT('',(31.4306727215232,-2.48,27.7999457444906));
#7373=CARTESIAN_POINT('Ctrl Pts',(31.0073261385501,-2.48,24.0184309965823));
#7374=CARTESIAN_POINT('Ctrl Pts',(31.5164862180718,-2.48,24.5848000738031));
#7375=CARTESIAN_POINT('Ctrl Pts',(31.7739267077176,-2.48,25.3113543445812));
#7376=CARTESIAN_POINT('Ctrl Pts',(31.7739267077176,-2.48,26.1980938089168));
#7377=CARTESIAN_POINT('Ctrl Pts',(31.7739267077176,-2.48,26.8102300842968));
#7378=CARTESIAN_POINT('Ctrl Pts',(31.6595087123195,-2.48,27.3422737628981));
#7379=CARTESIAN_POINT('Ctrl Pts',(31.4306727215232,-2.48,27.7999457444906));
#7380=CARTESIAN_POINT('',(31.4306727215232,-2.5,27.7999457444906));
#7381=CARTESIAN_POINT('Origin',(31.0073261385501,-2.5,24.0241518963522));
#7382=CARTESIAN_POINT('',(31.0073261385501,-2.5,24.0241518963522));
#7383=CARTESIAN_POINT('',(31.0073261385501,-2.5,12.0120759481761));
#7384=CARTESIAN_POINT('',(31.0073261385501,-2.48,24.0241518963522));
#7385=CARTESIAN_POINT('',(31.0073261385501,-2.5,24.0241518963522));
#7386=CARTESIAN_POINT('',(31.0073261385501,-2.48,24.0184309965823));
#7387=CARTESIAN_POINT('Ctrl Pts',(31.4306727215232,-2.5,27.7999457444906));
#7388=CARTESIAN_POINT('Ctrl Pts',(31.4306727215232,-2.48,27.7999457444906));
#7389=CARTESIAN_POINT('Ctrl Pts',(31.196115830957,-2.5,28.2576177260832));
#7390=CARTESIAN_POINT('Ctrl Pts',(31.196115830957,-2.48,28.2576177260832));
#7391=CARTESIAN_POINT('Ctrl Pts',(30.8700245440723,-2.5,28.6123135118174));
#7392=CARTESIAN_POINT('Ctrl Pts',(30.8700245440723,-2.48,28.6123135118174));
#7393=CARTESIAN_POINT('Ctrl Pts',(30.4466779610993,-2.5,28.8697540014632));
#7394=CARTESIAN_POINT('Ctrl Pts',(30.4466779610993,-2.48,28.8697540014632));
#7395=CARTESIAN_POINT('Ctrl Pts',(30.0233313781262,-2.5,29.127194491109));
#7396=CARTESIAN_POINT('Ctrl Pts',(30.0233313781262,-2.48,29.127194491109));
#7397=CARTESIAN_POINT('Ctrl Pts',(29.5313339979142,-2.5,29.2530542860469));
#7398=CARTESIAN_POINT('Ctrl Pts',(29.5313339979142,-2.48,29.2530542860469));
#7399=CARTESIAN_POINT('Ctrl Pts',(28.9706858204633,-2.5,29.2530542860469));
#7400=CARTESIAN_POINT('Ctrl Pts',(28.9706858204633,-2.48,29.2530542860469));
#7401=CARTESIAN_POINT('Ctrl Pts',(28.4100376430125,-2.5,29.2530542860469));
#7402=CARTESIAN_POINT('Ctrl Pts',(28.4100376430125,-2.48,29.2530542860469));
#7403=CARTESIAN_POINT('Ctrl Pts',(27.9123193630306,-2.5,29.1214735913391));
#7404=CARTESIAN_POINT('Ctrl Pts',(27.9123193630306,-2.48,29.1214735913391));
#7405=CARTESIAN_POINT('Ctrl Pts',(27.4832518802876,-2.5,28.8583122019234));
#7406=CARTESIAN_POINT('Ctrl Pts',(27.4832518802876,-2.48,28.8583122019234));
#7407=CARTESIAN_POINT('Ctrl Pts',(27.0541843975446,-2.5,28.5951508125077));
#7408=CARTESIAN_POINT('Ctrl Pts',(27.0541843975446,-2.48,28.5951508125077));
#7409=CARTESIAN_POINT('Ctrl Pts',(26.7166513111202,-2.5,28.2404550267734));
#7410=CARTESIAN_POINT('Ctrl Pts',(26.7166513111202,-2.48,28.2404550267734));
#7411=CARTESIAN_POINT('Ctrl Pts',(26.4706526210141,-2.5,27.7827830451809));
#7412=CARTESIAN_POINT('Ctrl Pts',(26.4706526210141,-2.48,27.7827830451809));
#7413=CARTESIAN_POINT('Ctrl Pts',(26.2246539309081,-2.5,27.3251110635884));
#7414=CARTESIAN_POINT('Ctrl Pts',(26.2246539309081,-2.48,27.3251110635884));
#7415=CARTESIAN_POINT('Ctrl Pts',(26.1045150357401,-2.5,26.8159509840667));
#7416=CARTESIAN_POINT('Ctrl Pts',(26.1045150357401,-2.48,26.8159509840667));
#7417=CARTESIAN_POINT('Ctrl Pts',(26.1045150357401,-2.5,26.2209774079964));
#7418=CARTESIAN_POINT('Ctrl Pts',(26.1045150357401,-2.48,26.2209774079964));
#7419=CARTESIAN_POINT('Ctrl Pts',(26.1045150357401,-2.5,25.6260038319261));
#7420=CARTESIAN_POINT('Ctrl Pts',(26.1045150357401,-2.48,25.6260038319261));
#7421=CARTESIAN_POINT('Ctrl Pts',(26.230374830678,-2.5,25.0996810530947));
#7422=CARTESIAN_POINT('Ctrl Pts',(26.230374830678,-2.48,25.0996810530947));
#7423=CARTESIAN_POINT('Ctrl Pts',(26.4706526210141,-2.5,24.6420090715022));
#7424=CARTESIAN_POINT('Ctrl Pts',(26.4706526210141,-2.48,24.6420090715022));
#7425=CARTESIAN_POINT('Ctrl Pts',(26.7109304113503,-2.5,24.1843370899097));
#7426=CARTESIAN_POINT('Ctrl Pts',(26.7109304113503,-2.48,24.1843370899097));
#7427=CARTESIAN_POINT('Ctrl Pts',(27.0484634977747,-2.5,23.8296413041754));
#7428=CARTESIAN_POINT('Ctrl Pts',(27.0484634977747,-2.48,23.8296413041754));
#7429=CARTESIAN_POINT('Ctrl Pts',(27.4889727800575,-2.5,23.5664799147597));
#7430=CARTESIAN_POINT('Ctrl Pts',(27.4889727800575,-2.48,23.5664799147597));
#7431=CARTESIAN_POINT('Ctrl Pts',(27.9294820623403,-2.5,23.303318525344));
#7432=CARTESIAN_POINT('Ctrl Pts',(27.9294820623403,-2.48,23.303318525344));
#7433=CARTESIAN_POINT('Ctrl Pts',(28.4272003423222,-2.5,23.1717378306361));
#7434=CARTESIAN_POINT('Ctrl Pts',(28.4272003423222,-2.48,23.1717378306361));
#7435=CARTESIAN_POINT('Ctrl Pts',(28.987848519773,-2.5,23.1717378306361));
#7436=CARTESIAN_POINT('Ctrl Pts',(28.987848519773,-2.48,23.1717378306361));
#7437=CARTESIAN_POINT('Ctrl Pts',(29.8230998861794,-2.5,23.1717378306361));
#7438=CARTESIAN_POINT('Ctrl Pts',(29.8230998861794,-2.48,23.1717378306361));
#7439=CARTESIAN_POINT('Ctrl Pts',(30.4981660590284,-2.5,23.4577828191315));
#7440=CARTESIAN_POINT('Ctrl Pts',(30.4981660590284,-2.48,23.4577828191315));
#7441=CARTESIAN_POINT('Ctrl Pts',(31.0073261385501,-2.5,24.0241518963522));
#7442=CARTESIAN_POINT('Ctrl Pts',(31.0073261385501,-2.48,24.0241518963522));
#7443=CARTESIAN_POINT('Ctrl Pts',(31.4306727215232,-2.5,27.7999457444906));
#7444=CARTESIAN_POINT('Ctrl Pts',(31.196115830957,-2.5,28.2576177260832));
#7445=CARTESIAN_POINT('Ctrl Pts',(30.8700245440723,-2.5,28.6123135118174));
#7446=CARTESIAN_POINT('Ctrl Pts',(30.4466779610993,-2.5,28.8697540014632));
#7447=CARTESIAN_POINT('Ctrl Pts',(30.0233313781262,-2.5,29.127194491109));
#7448=CARTESIAN_POINT('Ctrl Pts',(29.5313339979142,-2.5,29.2530542860469));
#7449=CARTESIAN_POINT('Ctrl Pts',(28.9706858204633,-2.5,29.2530542860469));
#7450=CARTESIAN_POINT('Ctrl Pts',(28.4100376430125,-2.5,29.2530542860469));
#7451=CARTESIAN_POINT('Ctrl Pts',(27.9123193630306,-2.5,29.1214735913391));
#7452=CARTESIAN_POINT('Ctrl Pts',(27.4832518802876,-2.5,28.8583122019234));
#7453=CARTESIAN_POINT('Ctrl Pts',(27.0541843975446,-2.5,28.5951508125077));
#7454=CARTESIAN_POINT('Ctrl Pts',(26.7166513111202,-2.5,28.2404550267734));
#7455=CARTESIAN_POINT('Ctrl Pts',(26.4706526210141,-2.5,27.7827830451809));
#7456=CARTESIAN_POINT('Ctrl Pts',(26.2246539309081,-2.5,27.3251110635884));
#7457=CARTESIAN_POINT('Ctrl Pts',(26.1045150357401,-2.5,26.8159509840667));
#7458=CARTESIAN_POINT('Ctrl Pts',(26.1045150357401,-2.5,26.2209774079964));
#7459=CARTESIAN_POINT('Ctrl Pts',(26.1045150357401,-2.5,25.6260038319261));
#7460=CARTESIAN_POINT('Ctrl Pts',(26.230374830678,-2.5,25.0996810530947));
#7461=CARTESIAN_POINT('Ctrl Pts',(26.4706526210141,-2.5,24.6420090715022));
#7462=CARTESIAN_POINT('Ctrl Pts',(26.7109304113503,-2.5,24.1843370899097));
#7463=CARTESIAN_POINT('Ctrl Pts',(27.0484634977747,-2.5,23.8296413041754));
#7464=CARTESIAN_POINT('Ctrl Pts',(27.4889727800575,-2.5,23.5664799147597));
#7465=CARTESIAN_POINT('Ctrl Pts',(27.9294820623403,-2.5,23.303318525344));
#7466=CARTESIAN_POINT('Ctrl Pts',(28.4272003423222,-2.5,23.1717378306361));
#7467=CARTESIAN_POINT('Ctrl Pts',(28.987848519773,-2.5,23.1717378306361));
#7468=CARTESIAN_POINT('Ctrl Pts',(29.8230998861794,-2.5,23.1717378306361));
#7469=CARTESIAN_POINT('Ctrl Pts',(30.4981660590284,-2.5,23.4577828191315));
#7470=CARTESIAN_POINT('Ctrl Pts',(31.0073261385501,-2.5,24.0241518963522));
#7471=CARTESIAN_POINT('Ctrl Pts',(31.4306727215232,-2.48,27.7999457444906));
#7472=CARTESIAN_POINT('Ctrl Pts',(31.196115830957,-2.48,28.2576177260832));
#7473=CARTESIAN_POINT('Ctrl Pts',(30.8700245440723,-2.48,28.6123135118174));
#7474=CARTESIAN_POINT('Ctrl Pts',(30.4466779610993,-2.48,28.8697540014632));
#7475=CARTESIAN_POINT('Ctrl Pts',(30.0233313781262,-2.48,29.127194491109));
#7476=CARTESIAN_POINT('Ctrl Pts',(29.5313339979142,-2.48,29.2530542860469));
#7477=CARTESIAN_POINT('Ctrl Pts',(28.9706858204633,-2.48,29.2530542860469));
#7478=CARTESIAN_POINT('Ctrl Pts',(28.4100376430125,-2.48,29.2530542860469));
#7479=CARTESIAN_POINT('Ctrl Pts',(27.9123193630306,-2.48,29.1214735913391));
#7480=CARTESIAN_POINT('Ctrl Pts',(27.4832518802876,-2.48,28.8583122019234));
#7481=CARTESIAN_POINT('Ctrl Pts',(27.0541843975446,-2.48,28.5951508125077));
#7482=CARTESIAN_POINT('Ctrl Pts',(26.7166513111202,-2.48,28.2404550267734));
#7483=CARTESIAN_POINT('Ctrl Pts',(26.4706526210141,-2.48,27.7827830451809));
#7484=CARTESIAN_POINT('Ctrl Pts',(26.2246539309081,-2.48,27.3251110635884));
#7485=CARTESIAN_POINT('Ctrl Pts',(26.1045150357401,-2.48,26.8159509840667));
#7486=CARTESIAN_POINT('Ctrl Pts',(26.1045150357401,-2.48,26.2209774079964));
#7487=CARTESIAN_POINT('Ctrl Pts',(26.1045150357401,-2.48,25.6260038319261));
#7488=CARTESIAN_POINT('Ctrl Pts',(26.230374830678,-2.48,25.0996810530947));
#7489=CARTESIAN_POINT('Ctrl Pts',(26.4706526210141,-2.48,24.6420090715022));
#7490=CARTESIAN_POINT('Ctrl Pts',(26.7109304113503,-2.48,24.1843370899097));
#7491=CARTESIAN_POINT('Ctrl Pts',(27.0484634977747,-2.48,23.8296413041754));
#7492=CARTESIAN_POINT('Ctrl Pts',(27.4889727800575,-2.48,23.5664799147597));
#7493=CARTESIAN_POINT('Ctrl Pts',(27.9294820623403,-2.48,23.303318525344));
#7494=CARTESIAN_POINT('Ctrl Pts',(28.4272003423222,-2.48,23.1717378306361));
#7495=CARTESIAN_POINT('Ctrl Pts',(28.987848519773,-2.48,23.1717378306361));
#7496=CARTESIAN_POINT('Ctrl Pts',(29.8230998861794,-2.48,23.1717378306361));
#7497=CARTESIAN_POINT('Ctrl Pts',(30.4981660590284,-2.48,23.4577828191315));
#7498=CARTESIAN_POINT('Ctrl Pts',(31.0073261385501,-2.48,24.0241518963522));
#7499=CARTESIAN_POINT('Ctrl Pts',(24.9317305829093,-2.5,23.852524903255));
#7500=CARTESIAN_POINT('Ctrl Pts',(24.9317305829093,-2.48,23.852524903255));
#7501=CARTESIAN_POINT('Ctrl Pts',(24.5484302983255,-2.5,24.5504746751836));
#7502=CARTESIAN_POINT('Ctrl Pts',(24.5484302983255,-2.48,24.5504746751836));
#7503=CARTESIAN_POINT('Ctrl Pts',(24.3596406059186,-2.5,25.3399588434308));
#7504=CARTESIAN_POINT('Ctrl Pts',(24.3596406059186,-2.48,25.3399588434308));
#7505=CARTESIAN_POINT('Ctrl Pts',(24.3596406059186,-2.5,26.2095356084566));
#7506=CARTESIAN_POINT('Ctrl Pts',(24.3596406059186,-2.48,26.2095356084566));
#7507=CARTESIAN_POINT('Ctrl Pts',(24.3596406059186,-2.5,27.0791123734824));
#7508=CARTESIAN_POINT('Ctrl Pts',(24.3596406059186,-2.48,27.0791123734824));
#7509=CARTESIAN_POINT('Ctrl Pts',(24.5484302983255,-2.5,27.8685965417295));
#7510=CARTESIAN_POINT('Ctrl Pts',(24.5484302983255,-2.48,27.8685965417295));
#7511=CARTESIAN_POINT('Ctrl Pts',(24.9317305829092,-2.5,28.5665463136582));
#7512=CARTESIAN_POINT('Ctrl Pts',(24.9317305829092,-2.48,28.5665463136582));
#7513=CARTESIAN_POINT('',(24.9317305829093,-2.48,23.852524903255));
#7514=CARTESIAN_POINT('',(24.9317305829093,-2.5,23.852524903255));
#7515=CARTESIAN_POINT('',(24.9317305829092,-2.48,28.5665463136582));
#7516=CARTESIAN_POINT('Ctrl Pts',(24.9317305829093,-2.48,23.852524903255));
#7517=CARTESIAN_POINT('Ctrl Pts',(24.5484302983255,-2.48,24.5504746751836));
#7518=CARTESIAN_POINT('Ctrl Pts',(24.3596406059186,-2.48,25.3399588434308));
#7519=CARTESIAN_POINT('Ctrl Pts',(24.3596406059186,-2.48,26.2095356084566));
#7520=CARTESIAN_POINT('Ctrl Pts',(24.3596406059186,-2.48,27.0791123734824));
#7521=CARTESIAN_POINT('Ctrl Pts',(24.5484302983255,-2.48,27.8685965417295));
#7522=CARTESIAN_POINT('Ctrl Pts',(24.9317305829092,-2.48,28.5665463136582));
#7523=CARTESIAN_POINT('',(24.9317305829092,-2.5,28.5665463136582));
#7524=CARTESIAN_POINT('Ctrl Pts',(26.4935362200938,-2.5,22.1934639699821));
#7525=CARTESIAN_POINT('Ctrl Pts',(25.5004155698942,-2.5,22.801321152814));
#7526=CARTESIAN_POINT('Ctrl Pts',(24.9317305829092,-2.5,23.852524903255));
#7527=CARTESIAN_POINT('Ctrl Pts',(26.4935362200938,-2.48,22.1934639699821));
#7528=CARTESIAN_POINT('Ctrl Pts',(25.5004155698942,-2.48,22.801321152814));
#7529=CARTESIAN_POINT('Ctrl Pts',(24.9317305829092,-2.48,23.852524903255));
#7530=CARTESIAN_POINT('',(26.4935362200938,-2.48,22.1934639699821));
#7531=CARTESIAN_POINT('',(26.4935362200938,-2.5,22.1934639699821));
#7532=CARTESIAN_POINT('Origin',(86.8062470494221,-2.48,86.8386590028495));
#7533=CARTESIAN_POINT('Ctrl Pts',(30.526770557878,-2.5,22.0103951773451));
#7534=CARTESIAN_POINT('Ctrl Pts',(30.526770557878,-2.48,22.0103951773451));
#7535=CARTESIAN_POINT('Ctrl Pts',(29.9947268792766,-2.5,21.7300710886196));
#7536=CARTESIAN_POINT('Ctrl Pts',(29.9947268792766,-2.48,21.7300710886196));
#7537=CARTESIAN_POINT('Ctrl Pts',(29.3883115036665,-2.5,21.587048594372));
#7538=CARTESIAN_POINT('Ctrl Pts',(29.3883115036665,-2.48,21.587048594372));
#7539=CARTESIAN_POINT('Ctrl Pts',(28.7018035312777,-2.5,21.587048594372));
#7540=CARTESIAN_POINT('Ctrl Pts',(28.7018035312777,-2.48,21.587048594372));
#7541=CARTESIAN_POINT('Ctrl Pts',(27.889435763951,-2.5,21.587048594372));
#7542=CARTESIAN_POINT('Ctrl Pts',(27.889435763951,-2.48,21.587048594372));
#7543=CARTESIAN_POINT('Ctrl Pts',(27.151439693633,-2.5,21.7872800863187));
#7544=CARTESIAN_POINT('Ctrl Pts',(27.151439693633,-2.48,21.7872800863187));
#7545=CARTESIAN_POINT('Ctrl Pts',(26.4935362200938,-2.5,22.1934639699821));
#7546=CARTESIAN_POINT('Ctrl Pts',(26.4935362200938,-2.48,22.1934639699821));
#7547=CARTESIAN_POINT('',(30.526770557878,-2.48,22.0103951773451));
#7548=CARTESIAN_POINT('',(30.526770557878,-2.5,22.0103951773451));
#7549=CARTESIAN_POINT('Ctrl Pts',(30.526770557878,-2.48,22.0103951773451));
#7550=CARTESIAN_POINT('Ctrl Pts',(29.9947268792766,-2.48,21.7300710886196));
#7551=CARTESIAN_POINT('Ctrl Pts',(29.3883115036665,-2.48,21.587048594372));
#7552=CARTESIAN_POINT('Ctrl Pts',(28.7018035312777,-2.48,21.587048594372));
#7553=CARTESIAN_POINT('Ctrl Pts',(27.889435763951,-2.48,21.587048594372));
#7554=CARTESIAN_POINT('Ctrl Pts',(27.151439693633,-2.48,21.7872800863187));
#7555=CARTESIAN_POINT('Ctrl Pts',(26.4935362200938,-2.48,22.1934639699821));
#7556=CARTESIAN_POINT('Ctrl Pts',(31.6595087123195,-2.5,23.0115526370788));
#7557=CARTESIAN_POINT('Ctrl Pts',(31.6595087123195,-2.48,23.0115526370788));
#7558=CARTESIAN_POINT('Ctrl Pts',(31.3563010245144,-2.5,22.5996478536455));
#7559=CARTESIAN_POINT('Ctrl Pts',(31.3563010245144,-2.48,22.5996478536455));
#7560=CARTESIAN_POINT('Ctrl Pts',(30.9901634392404,-2.5,22.2563938674511));
#7561=CARTESIAN_POINT('Ctrl Pts',(30.9901634392404,-2.48,22.2563938674511));
#7562=CARTESIAN_POINT('Ctrl Pts',(30.526770557878,-2.5,22.0103951773451));
#7563=CARTESIAN_POINT('Ctrl Pts',(30.526770557878,-2.48,22.0103951773451));
#7564=CARTESIAN_POINT('',(31.6595087123195,-2.48,23.0115526370788));
#7565=CARTESIAN_POINT('',(31.6595087123195,-2.5,23.0115526370788));
#7566=CARTESIAN_POINT('Ctrl Pts',(31.6595087123195,-2.48,23.0115526370788));
#7567=CARTESIAN_POINT('Ctrl Pts',(31.3563010245144,-2.48,22.5996478536455));
#7568=CARTESIAN_POINT('Ctrl Pts',(30.9901634392404,-2.48,22.2563938674511));
#7569=CARTESIAN_POINT('Ctrl Pts',(30.526770557878,-2.48,22.0103951773451));
#7570=CARTESIAN_POINT('Origin',(31.6595087123195,-2.5,21.7758382867789));
#7571=CARTESIAN_POINT('',(31.6595087123195,-2.48,21.7758382867789));
#7572=CARTESIAN_POINT('',(31.6595087123195,-2.5,21.7758382867789));
#7573=CARTESIAN_POINT('',(31.6595087123195,-2.48,23.0115526370787));
#7574=CARTESIAN_POINT('Origin',(33.3643368437517,-2.5,21.7758382867789));
#7575=CARTESIAN_POINT('',(33.3643368437517,-2.48,21.7758382867789));
#7576=CARTESIAN_POINT('',(33.3643368437517,-2.5,21.7758382867789));
#7577=CARTESIAN_POINT('',(31.6595087123195,-2.48,21.7758382867789));
#7578=CARTESIAN_POINT('Origin',(33.3643368437517,-2.5,30.6546747296741));
#7579=CARTESIAN_POINT('',(33.3643368437517,-2.48,30.6546747296741));
#7580=CARTESIAN_POINT('',(33.3643368437517,-2.5,30.6546747296741));
#7581=CARTESIAN_POINT('',(33.3643368437517,-2.48,21.7758382867789));
#7582=CARTESIAN_POINT('Origin',(31.6595087123195,-2.5,30.6546747296741));
#7583=CARTESIAN_POINT('',(31.6595087123195,-2.48,30.6546747296741));
#7584=CARTESIAN_POINT('',(31.6595087123195,-2.5,30.6546747296741));
#7585=CARTESIAN_POINT('',(33.3643368437517,-2.48,30.6546747296741));
#7586=CARTESIAN_POINT('Origin',(31.6595087123195,-2.5,29.4189603793743));
#7587=CARTESIAN_POINT('',(31.6595087123195,-2.48,29.4189603793743));
#7588=CARTESIAN_POINT('',(31.6595087123195,-2.5,29.4189603793743));
#7589=CARTESIAN_POINT('',(31.6595087123195,-2.48,30.6546747296741));
#7590=CARTESIAN_POINT('Ctrl Pts',(30.5096078585682,-2.5,30.4258387388778));
#7591=CARTESIAN_POINT('Ctrl Pts',(30.5096078585682,-2.48,30.4258387388778));
#7592=CARTESIAN_POINT('Ctrl Pts',(30.9787216397006,-2.5,30.1798400487719));
#7593=CARTESIAN_POINT('Ctrl Pts',(30.9787216397006,-2.48,30.1798400487719));
#7594=CARTESIAN_POINT('Ctrl Pts',(31.3505801247445,-2.5,29.8308651628075));
#7595=CARTESIAN_POINT('Ctrl Pts',(31.3505801247445,-2.48,29.8308651628075));
#7596=CARTESIAN_POINT('Ctrl Pts',(31.6595087123195,-2.5,29.4189603793743));
#7597=CARTESIAN_POINT('Ctrl Pts',(31.6595087123195,-2.48,29.4189603793743));
#7598=CARTESIAN_POINT('',(30.5096078585682,-2.48,30.4258387388778));
#7599=CARTESIAN_POINT('',(30.5096078585682,-2.5,30.4258387388778));
#7600=CARTESIAN_POINT('Ctrl Pts',(30.5096078585682,-2.48,30.4258387388778));
#7601=CARTESIAN_POINT('Ctrl Pts',(30.9787216397006,-2.48,30.1798400487719));
#7602=CARTESIAN_POINT('Ctrl Pts',(31.3505801247445,-2.48,29.8308651628075));
#7603=CARTESIAN_POINT('Ctrl Pts',(31.6595087123195,-2.48,29.4189603793743));
#7604=CARTESIAN_POINT('Ctrl Pts',(24.9317305829092,-2.5,28.5665463136582));
#7605=CARTESIAN_POINT('Ctrl Pts',(24.9317305829092,-2.48,28.5665463136582));
#7606=CARTESIAN_POINT('Ctrl Pts',(25.3093099677231,-2.5,29.2644960855868));
#7607=CARTESIAN_POINT('Ctrl Pts',(25.3093099677231,-2.48,29.2644960855868));
#7608=CARTESIAN_POINT('Ctrl Pts',(25.8241909470147,-2.5,29.8194233632677));
#7609=CARTESIAN_POINT('Ctrl Pts',(25.8241909470147,-2.48,29.8194233632677));
#7610=CARTESIAN_POINT('Ctrl Pts',(26.4820944205539,-2.5,30.231328146701));
#7611=CARTESIAN_POINT('Ctrl Pts',(26.4820944205539,-2.48,30.231328146701));
#7612=CARTESIAN_POINT('Ctrl Pts',(27.1399978940932,-2.5,30.6432329301343));
#7613=CARTESIAN_POINT('Ctrl Pts',(27.1399978940932,-2.48,30.6432329301343));
#7614=CARTESIAN_POINT('Ctrl Pts',(27.8779939644112,-2.5,30.8491853218509));
#7615=CARTESIAN_POINT('Ctrl Pts',(27.8779939644112,-2.48,30.8491853218509));
#7616=CARTESIAN_POINT('Ctrl Pts',(28.7018035312777,-2.5,30.8491853218509));
#7617=CARTESIAN_POINT('Ctrl Pts',(28.7018035312777,-2.48,30.8491853218509));
#7618=CARTESIAN_POINT('Ctrl Pts',(29.3768697041267,-2.5,30.8491853218509));
#7619=CARTESIAN_POINT('Ctrl Pts',(29.3768697041267,-2.48,30.8491853218509));
#7620=CARTESIAN_POINT('Ctrl Pts',(29.9775641799669,-2.5,30.7061628276033));
#7621=CARTESIAN_POINT('Ctrl Pts',(29.9775641799669,-2.48,30.7061628276033));
#7622=CARTESIAN_POINT('Ctrl Pts',(30.5096078585682,-2.5,30.4258387388778));
#7623=CARTESIAN_POINT('Ctrl Pts',(30.5096078585682,-2.48,30.4258387388778));
#7624=CARTESIAN_POINT('Ctrl Pts',(24.9317305829092,-2.48,28.5665463136582));
#7625=CARTESIAN_POINT('Ctrl Pts',(25.3093099677231,-2.48,29.2644960855868));
#7626=CARTESIAN_POINT('Ctrl Pts',(25.8241909470147,-2.48,29.8194233632677));
#7627=CARTESIAN_POINT('Ctrl Pts',(26.4820944205539,-2.48,30.231328146701));
#7628=CARTESIAN_POINT('Ctrl Pts',(27.1399978940932,-2.48,30.6432329301343));
#7629=CARTESIAN_POINT('Ctrl Pts',(27.8779939644112,-2.48,30.8491853218509));
#7630=CARTESIAN_POINT('Ctrl Pts',(28.7018035312777,-2.48,30.8491853218509));
#7631=CARTESIAN_POINT('Ctrl Pts',(29.3768697041267,-2.48,30.8491853218509));
#7632=CARTESIAN_POINT('Ctrl Pts',(29.9775641799669,-2.48,30.7061628276033));
#7633=CARTESIAN_POINT('Ctrl Pts',(30.5096078585682,-2.48,30.4258387388778));
#7634=CARTESIAN_POINT('Origin',(28.8619887248351,-2.48,26.2181169581114));
#7635=CARTESIAN_POINT('Origin',(-8.96460055378797,-2.5,30.6546747296741));
#7636=CARTESIAN_POINT('',(-8.96460055378797,-2.48,30.6546747296741));
#7637=CARTESIAN_POINT('',(-8.96460055378797,-2.5,30.6546747296741));
#7638=CARTESIAN_POINT('',(-6.69912424490492,-2.48,27.5539470543847));
#7639=CARTESIAN_POINT('',(-6.69912424490492,-2.48,27.5539470543847));
#7640=CARTESIAN_POINT('',(-6.69912424490492,-2.5,27.5539470543847));
#7641=CARTESIAN_POINT('Origin',(-11.0069617716447,-2.5,30.6546747296741));
#7642=CARTESIAN_POINT('',(-11.0069617716447,-2.48,30.6546747296741));
#7643=CARTESIAN_POINT('',(-11.0069617716447,-2.5,30.6546747296741));
#7644=CARTESIAN_POINT('',(-8.96460055378797,-2.48,30.6546747296741));
#7645=CARTESIAN_POINT('Origin',(-7.78609520118718,-2.5,26.3353954033945));
#7646=CARTESIAN_POINT('',(-7.78609520118718,-2.48,26.3353954033945));
#7647=CARTESIAN_POINT('',(-7.78609520118718,-2.5,26.3353954033945));
#7648=CARTESIAN_POINT('',(-11.0069617716447,-2.48,30.6546747296741));
#7649=CARTESIAN_POINT('Origin',(-11.172867864972,-2.5,21.770117387009));
#7650=CARTESIAN_POINT('',(-11.172867864972,-2.48,21.770117387009));
#7651=CARTESIAN_POINT('',(-11.172867864972,-2.5,21.770117387009));
#7652=CARTESIAN_POINT('',(-7.78609520118718,-2.48,26.3353954033945));
#7653=CARTESIAN_POINT('Origin',(-9.18771564481433,-2.5,21.770117387009));
#7654=CARTESIAN_POINT('',(-9.18771564481433,-2.48,21.770117387009));
#7655=CARTESIAN_POINT('',(-9.18771564481433,-2.5,21.770117387009));
#7656=CARTESIAN_POINT('',(-11.172867864972,-2.48,21.770117387009));
#7657=CARTESIAN_POINT('Origin',(-6.80210044076323,-2.5,25.1225646521743));
#7658=CARTESIAN_POINT('',(-6.80210044076323,-2.48,25.1225646521743));
#7659=CARTESIAN_POINT('',(-6.80210044076323,-2.5,25.1225646521743));
#7660=CARTESIAN_POINT('',(-9.18771564481433,-2.48,21.770117387009));
#7661=CARTESIAN_POINT('Origin',(-4.41648523671216,-2.5,21.770117387009));
#7662=CARTESIAN_POINT('',(-4.41648523671216,-2.48,21.770117387009));
#7663=CARTESIAN_POINT('',(-4.41648523671216,-2.5,21.770117387009));
#7664=CARTESIAN_POINT('',(-6.80210044076323,-2.48,25.1225646521743));
#7665=CARTESIAN_POINT('Origin',(-2.37984491862535,-2.5,21.770117387009));
#7666=CARTESIAN_POINT('',(-2.37984491862535,-2.48,21.770117387009));
#7667=CARTESIAN_POINT('',(-2.37984491862535,-2.5,21.770117387009));
#7668=CARTESIAN_POINT('',(-4.41648523671216,-2.48,21.770117387009));
#7669=CARTESIAN_POINT('Origin',(-5.70940858471105,-2.5,26.3639999022441));
#7670=CARTESIAN_POINT('',(-5.70940858471105,-2.48,26.3639999022441));
#7671=CARTESIAN_POINT('',(-5.70940858471105,-2.5,26.3639999022441));
#7672=CARTESIAN_POINT('',(-2.37984491862535,-2.48,21.770117387009));
#7673=CARTESIAN_POINT('Origin',(-2.54575101195265,-2.5,30.6546747296741));
#7674=CARTESIAN_POINT('',(-2.54575101195265,-2.48,30.6546747296741));
#7675=CARTESIAN_POINT('',(-2.54575101195265,-2.5,30.6546747296741));
#7676=CARTESIAN_POINT('',(-5.70940858471105,-2.48,26.3639999022441));
#7677=CARTESIAN_POINT('Origin',(-4.51374053280056,-2.5,30.6546747296741));
#7678=CARTESIAN_POINT('',(-4.51374053280056,-2.48,30.6546747296741));
#7679=CARTESIAN_POINT('',(-4.51374053280056,-2.5,30.6546747296741));
#7680=CARTESIAN_POINT('',(-2.54575101195265,-2.48,30.6546747296741));
#7681=CARTESIAN_POINT('Origin',(-6.69912424490492,-2.5,27.5539470543847));
#7682=CARTESIAN_POINT('',(-4.51374053280056,-2.48,30.6546747296741));
#7683=CARTESIAN_POINT('Origin',(-6.77635639179866,-2.48,26.2123960583415));
#7684=CARTESIAN_POINT('Origin',(41.562386214028,-2.5,30.6546747296741));
#7685=CARTESIAN_POINT('',(41.562386214028,-2.48,30.6546747296741));
#7686=CARTESIAN_POINT('',(41.562386214028,-2.5,30.6546747296741));
#7687=CARTESIAN_POINT('',(43.524654835106,-2.48,30.6546747296741));
#7688=CARTESIAN_POINT('',(43.524654835106,-2.48,30.6546747296741));
#7689=CARTESIAN_POINT('',(43.524654835106,-2.5,30.6546747296741));
#7690=CARTESIAN_POINT('Origin',(39.3712816021537,-2.5,27.5539470543847));
#7691=CARTESIAN_POINT('',(39.3712816021537,-2.48,27.5539470543847));
#7692=CARTESIAN_POINT('',(39.3712816021537,-2.5,27.5539470543847));
#7693=CARTESIAN_POINT('',(41.562386214028,-2.48,30.6546747296741));
#7694=CARTESIAN_POINT('Origin',(37.1058052932707,-2.5,30.6546747296741));
#7695=CARTESIAN_POINT('',(37.1058052932707,-2.48,30.6546747296741));
#7696=CARTESIAN_POINT('',(37.1058052932707,-2.5,30.6546747296741));
#7697=CARTESIAN_POINT('',(39.3712816021537,-2.48,27.5539470543847));
#7698=CARTESIAN_POINT('Origin',(35.0691649751839,-2.5,30.6546747296741));
#7699=CARTESIAN_POINT('',(35.0691649751839,-2.48,30.6546747296741));
#7700=CARTESIAN_POINT('',(35.0691649751839,-2.5,30.6546747296741));
#7701=CARTESIAN_POINT('',(37.1058052932707,-2.48,30.6546747296741));
#7702=CARTESIAN_POINT('Origin',(38.2900315456413,-2.5,26.3353954033945));
#7703=CARTESIAN_POINT('',(38.2900315456413,-2.48,26.3353954033945));
#7704=CARTESIAN_POINT('',(38.2900315456413,-2.5,26.3353954033945));
#7705=CARTESIAN_POINT('',(35.0691649751839,-2.48,30.6546747296741));
#7706=CARTESIAN_POINT('Origin',(34.8975379820867,-2.5,21.770117387009));
#7707=CARTESIAN_POINT('',(34.8975379820867,-2.48,21.770117387009));
#7708=CARTESIAN_POINT('',(34.8975379820867,-2.5,21.770117387009));
#7709=CARTESIAN_POINT('',(38.2900315456413,-2.48,26.3353954033945));
#7710=CARTESIAN_POINT('Origin',(36.8826902022443,-2.5,21.770117387009));
#7711=CARTESIAN_POINT('',(36.8826902022443,-2.48,21.770117387009));
#7712=CARTESIAN_POINT('',(36.8826902022443,-2.5,21.770117387009));
#7713=CARTESIAN_POINT('',(34.8975379820867,-2.48,21.770117387009));
#7714=CARTESIAN_POINT('Origin',(39.2683054062954,-2.5,25.1225646521743));
#7715=CARTESIAN_POINT('',(39.2683054062954,-2.48,25.1225646521743));
#7716=CARTESIAN_POINT('',(39.2683054062954,-2.5,25.1225646521743));
#7717=CARTESIAN_POINT('',(36.8826902022443,-2.48,21.770117387009));
#7718=CARTESIAN_POINT('Origin',(41.6539206103465,-2.5,21.770117387009));
#7719=CARTESIAN_POINT('',(41.6539206103465,-2.48,21.770117387009));
#7720=CARTESIAN_POINT('',(41.6539206103465,-2.5,21.770117387009));
#7721=CARTESIAN_POINT('',(39.2683054062954,-2.48,25.1225646521743));
#7722=CARTESIAN_POINT('Origin',(43.6905609284333,-2.5,21.770117387009));
#7723=CARTESIAN_POINT('',(43.6905609284333,-2.48,21.770117387009));
#7724=CARTESIAN_POINT('',(43.6905609284333,-2.5,21.770117387009));
#7725=CARTESIAN_POINT('',(41.6539206103465,-2.48,21.770117387009));
#7726=CARTESIAN_POINT('Origin',(40.3609972623476,-2.5,26.3639999022441));
#7727=CARTESIAN_POINT('',(40.3609972623476,-2.48,26.3639999022441));
#7728=CARTESIAN_POINT('',(40.3609972623476,-2.5,26.3639999022441));
#7729=CARTESIAN_POINT('',(43.6905609284333,-2.48,21.770117387009));
#7730=CARTESIAN_POINT('Origin',(43.524654835106,-2.5,30.6546747296741));
#7731=CARTESIAN_POINT('',(40.3609972623476,-2.48,26.3639999022441));
#7732=CARTESIAN_POINT('Origin',(39.29404945526,-2.48,26.2123960583415));
#7733=CARTESIAN_POINT('Ctrl Pts',(-7.83483262108263,-2.5,-19.9855484330484));
#7734=CARTESIAN_POINT('Ctrl Pts',(-7.83483262108263,-2.48,-19.9855484330484));
#7735=CARTESIAN_POINT('Ctrl Pts',(-7.18897792022791,-2.5,-19.9855484330484));
#7736=CARTESIAN_POINT('Ctrl Pts',(-7.18897792022791,-2.48,-19.9855484330484));
#7737=CARTESIAN_POINT('Ctrl Pts',(-6.62257359924025,-2.5,-19.8420251661919));
#7738=CARTESIAN_POINT('Ctrl Pts',(-6.62257359924025,-2.48,-19.8420251661919));
#7739=CARTESIAN_POINT('Ctrl Pts',(-6.13561965811965,-2.5,-19.5549786324786));
#7740=CARTESIAN_POINT('Ctrl Pts',(-6.13561965811965,-2.48,-19.5549786324786));
#7741=CARTESIAN_POINT('Ctrl Pts',(-5.64866571699906,-2.5,-19.2679320987654));
#7742=CARTESIAN_POINT('Ctrl Pts',(-5.64866571699906,-2.48,-19.2679320987654));
#7743=CARTESIAN_POINT('Ctrl Pts',(-5.2719171415005,-2.5,-18.865554368471));
#7744=CARTESIAN_POINT('Ctrl Pts',(-5.2719171415005,-2.48,-18.865554368471));
#7745=CARTESIAN_POINT('Ctrl Pts',(-5.00537393162394,-2.5,-18.3478454415954));
#7746=CARTESIAN_POINT('Ctrl Pts',(-5.00537393162394,-2.48,-18.3478454415954));
#7747=CARTESIAN_POINT('Ctrl Pts',(-4.73883072174737,-2.5,-17.8301365147198));
#7748=CARTESIAN_POINT('Ctrl Pts',(-4.73883072174737,-2.48,-17.8301365147198));
#7749=CARTESIAN_POINT('Ctrl Pts',(-4.60555911680914,-2.5,-17.2329772079772));
#7750=CARTESIAN_POINT('Ctrl Pts',(-4.60555911680914,-2.48,-17.2329772079772));
#7751=CARTESIAN_POINT('Ctrl Pts',(-4.60555911680914,-2.5,-16.5563675213675));
#7752=CARTESIAN_POINT('Ctrl Pts',(-4.60555911680914,-2.48,-16.5563675213675));
#7753=CARTESIAN_POINT('Ctrl Pts',(-4.60555911680914,-2.5,-16.0437844254511));
#7754=CARTESIAN_POINT('Ctrl Pts',(-4.60555911680914,-2.48,-16.0437844254511));
#7755=CARTESIAN_POINT('Ctrl Pts',(-4.68244658119656,-2.5,-15.5798967236467));
#7756=CARTESIAN_POINT('Ctrl Pts',(-4.68244658119656,-2.48,-15.5798967236467));
#7757=CARTESIAN_POINT('Ctrl Pts',(-4.8362215099715,-2.5,-15.1647044159544));
#7758=CARTESIAN_POINT('Ctrl Pts',(-4.8362215099715,-2.48,-15.1647044159544));
#7759=CARTESIAN_POINT('Ctrl Pts',(-4.98999643874645,-2.5,-14.7495121082621));
#7760=CARTESIAN_POINT('Ctrl Pts',(-4.98999643874645,-2.48,-14.7495121082621));
#7761=CARTESIAN_POINT('Ctrl Pts',(-5.21040716999051,-2.5,-14.3907039411206));
#7762=CARTESIAN_POINT('Ctrl Pts',(-5.21040716999051,-2.48,-14.3907039411206));
#7763=CARTESIAN_POINT('Ctrl Pts',(-5.49745370370371,-2.5,-14.0882799145299));
#7764=CARTESIAN_POINT('Ctrl Pts',(-5.49745370370371,-2.48,-14.0882799145299));
#7765=CARTESIAN_POINT('Ctrl Pts',(-5.78450023741691,-2.5,-13.7858558879392));
#7766=CARTESIAN_POINT('Ctrl Pts',(-5.78450023741691,-2.48,-13.7858558879392));
#7767=CARTESIAN_POINT('Ctrl Pts',(-6.12536799620131,-2.5,-13.5551934947768));
#7768=CARTESIAN_POINT('Ctrl Pts',(-6.12536799620131,-2.48,-13.5551934947768));
#7769=CARTESIAN_POINT('Ctrl Pts',(-6.52005698005699,-2.5,-13.3962927350427));
#7770=CARTESIAN_POINT('Ctrl Pts',(-6.52005698005699,-2.48,-13.3962927350427));
#7771=CARTESIAN_POINT('Ctrl Pts',(-6.91474596391264,-2.5,-13.2373919753086));
#7772=CARTESIAN_POINT('Ctrl Pts',(-6.91474596391264,-2.48,-13.2373919753086));
#7773=CARTESIAN_POINT('Ctrl Pts',(-7.35300451092116,-2.5,-13.1579415954416));
#7774=CARTESIAN_POINT('Ctrl Pts',(-7.35300451092116,-2.48,-13.1579415954416));
#7775=CARTESIAN_POINT('Ctrl Pts',(-7.83483262108263,-2.5,-13.1579415954416));
#7776=CARTESIAN_POINT('Ctrl Pts',(-7.83483262108263,-2.48,-13.1579415954416));
#7777=CARTESIAN_POINT('Ctrl Pts',(-8.48068732193734,-2.5,-13.1579415954416));
#7778=CARTESIAN_POINT('Ctrl Pts',(-8.48068732193734,-2.48,-13.1579415954416));
#7779=CARTESIAN_POINT('Ctrl Pts',(-9.04709164292499,-2.5,-13.2989019468186));
#7780=CARTESIAN_POINT('Ctrl Pts',(-9.04709164292499,-2.48,-13.2989019468186));
#7781=CARTESIAN_POINT('Ctrl Pts',(-9.53404558404558,-2.5,-13.5808226495726));
#7782=CARTESIAN_POINT('Ctrl Pts',(-9.53404558404558,-2.48,-13.5808226495726));
#7783=CARTESIAN_POINT('Ctrl Pts',(-10.0209995251662,-2.5,-13.8627433523267));
#7784=CARTESIAN_POINT('Ctrl Pts',(-10.0209995251662,-2.48,-13.8627433523267));
#7785=CARTESIAN_POINT('Ctrl Pts',(-10.3977481006648,-2.5,-14.2574323361823));
#7786=CARTESIAN_POINT('Ctrl Pts',(-10.3977481006648,-2.48,-14.2574323361823));
#7787=CARTESIAN_POINT('Ctrl Pts',(-10.6642913105413,-2.5,-14.7648896011396));
#7788=CARTESIAN_POINT('Ctrl Pts',(-10.6642913105413,-2.48,-14.7648896011396));
#7789=CARTESIAN_POINT('Ctrl Pts',(-10.9308345204178,-2.5,-15.2723468660969));
#7790=CARTESIAN_POINT('Ctrl Pts',(-10.9308345204178,-2.48,-15.2723468660969));
#7791=CARTESIAN_POINT('Ctrl Pts',(-11.0641061253561,-2.5,-15.8695061728395));
#7792=CARTESIAN_POINT('Ctrl Pts',(-11.0641061253561,-2.48,-15.8695061728395));
#7793=CARTESIAN_POINT('Ctrl Pts',(-11.0641061253561,-2.5,-16.5563675213675));
#7794=CARTESIAN_POINT('Ctrl Pts',(-11.0641061253561,-2.48,-16.5563675213675));
#7795=CARTESIAN_POINT('Ctrl Pts',(-11.0641061253561,-2.5,-17.0689506172839));
#7796=CARTESIAN_POINT('Ctrl Pts',(-11.0641061253561,-2.48,-17.0689506172839));
#7797=CARTESIAN_POINT('Ctrl Pts',(-10.9872186609687,-2.5,-17.5354012345679));
#7798=CARTESIAN_POINT('Ctrl Pts',(-10.9872186609687,-2.48,-17.5354012345679));
#7799=CARTESIAN_POINT('Ctrl Pts',(-10.8334437321937,-2.5,-17.9557193732194));
#7800=CARTESIAN_POINT('Ctrl Pts',(-10.8334437321937,-2.48,-17.9557193732194));
#7801=CARTESIAN_POINT('Ctrl Pts',(-10.6796688034188,-2.5,-18.3760375118708));
#7802=CARTESIAN_POINT('Ctrl Pts',(-10.6796688034188,-2.48,-18.3760375118708));
#7803=CARTESIAN_POINT('Ctrl Pts',(-10.4618209876543,-2.5,-18.7374085944919));
#7804=CARTESIAN_POINT('Ctrl Pts',(-10.4618209876543,-2.48,-18.7374085944919));
#7805=CARTESIAN_POINT('Ctrl Pts',(-10.1799002849003,-2.5,-19.0398326210826));
#7806=CARTESIAN_POINT('Ctrl Pts',(-10.1799002849003,-2.48,-19.0398326210826));
#7807=CARTESIAN_POINT('Ctrl Pts',(-9.89797958214624,-2.5,-19.3422566476733));
#7808=CARTESIAN_POINT('Ctrl Pts',(-9.89797958214624,-2.48,-19.3422566476733));
#7809=CARTESIAN_POINT('Ctrl Pts',(-9.55711182336182,-2.5,-19.5754819563153));
#7810=CARTESIAN_POINT('Ctrl Pts',(-9.55711182336182,-2.48,-19.5754819563153));
#7811=CARTESIAN_POINT('Ctrl Pts',(-9.15729700854702,-2.5,-19.7395085470085));
#7812=CARTESIAN_POINT('Ctrl Pts',(-9.15729700854702,-2.48,-19.7395085470085));
#7813=CARTESIAN_POINT('Ctrl Pts',(-8.75748219373219,-2.5,-19.9035351377018));
#7814=CARTESIAN_POINT('Ctrl Pts',(-8.75748219373219,-2.48,-19.9035351377018));
#7815=CARTESIAN_POINT('Ctrl Pts',(-8.31666073124407,-2.5,-19.9855484330484));
#7816=CARTESIAN_POINT('Ctrl Pts',(-8.31666073124407,-2.48,-19.9855484330484));
#7817=CARTESIAN_POINT('Ctrl Pts',(-7.83483262108263,-2.5,-19.9855484330484));
#7818=CARTESIAN_POINT('Ctrl Pts',(-7.83483262108263,-2.48,-19.9855484330484));
#7819=CARTESIAN_POINT('',(-7.83483262108263,-2.5,-19.9855484330484));
#7820=CARTESIAN_POINT('Ctrl Pts',(-7.83483262108263,-2.5,-19.9855484330484));
#7821=CARTESIAN_POINT('Ctrl Pts',(-7.18897792022791,-2.5,-19.9855484330484));
#7822=CARTESIAN_POINT('Ctrl Pts',(-6.62257359924025,-2.5,-19.8420251661919));
#7823=CARTESIAN_POINT('Ctrl Pts',(-6.13561965811965,-2.5,-19.5549786324786));
#7824=CARTESIAN_POINT('Ctrl Pts',(-5.64866571699906,-2.5,-19.2679320987654));
#7825=CARTESIAN_POINT('Ctrl Pts',(-5.2719171415005,-2.5,-18.865554368471));
#7826=CARTESIAN_POINT('Ctrl Pts',(-5.00537393162394,-2.5,-18.3478454415954));
#7827=CARTESIAN_POINT('Ctrl Pts',(-4.73883072174737,-2.5,-17.8301365147198));
#7828=CARTESIAN_POINT('Ctrl Pts',(-4.60555911680914,-2.5,-17.2329772079772));
#7829=CARTESIAN_POINT('Ctrl Pts',(-4.60555911680914,-2.5,-16.5563675213675));
#7830=CARTESIAN_POINT('Ctrl Pts',(-4.60555911680914,-2.5,-16.0437844254511));
#7831=CARTESIAN_POINT('Ctrl Pts',(-4.68244658119656,-2.5,-15.5798967236467));
#7832=CARTESIAN_POINT('Ctrl Pts',(-4.8362215099715,-2.5,-15.1647044159544));
#7833=CARTESIAN_POINT('Ctrl Pts',(-4.98999643874645,-2.5,-14.7495121082621));
#7834=CARTESIAN_POINT('Ctrl Pts',(-5.21040716999051,-2.5,-14.3907039411206));
#7835=CARTESIAN_POINT('Ctrl Pts',(-5.49745370370371,-2.5,-14.0882799145299));
#7836=CARTESIAN_POINT('Ctrl Pts',(-5.78450023741691,-2.5,-13.7858558879392));
#7837=CARTESIAN_POINT('Ctrl Pts',(-6.12536799620131,-2.5,-13.5551934947768));
#7838=CARTESIAN_POINT('Ctrl Pts',(-6.52005698005699,-2.5,-13.3962927350427));
#7839=CARTESIAN_POINT('Ctrl Pts',(-6.91474596391264,-2.5,-13.2373919753086));
#7840=CARTESIAN_POINT('Ctrl Pts',(-7.35300451092116,-2.5,-13.1579415954416));
#7841=CARTESIAN_POINT('Ctrl Pts',(-7.83483262108263,-2.5,-13.1579415954416));
#7842=CARTESIAN_POINT('Ctrl Pts',(-8.48068732193734,-2.5,-13.1579415954416));
#7843=CARTESIAN_POINT('Ctrl Pts',(-9.04709164292499,-2.5,-13.2989019468186));
#7844=CARTESIAN_POINT('Ctrl Pts',(-9.53404558404558,-2.5,-13.5808226495726));
#7845=CARTESIAN_POINT('Ctrl Pts',(-10.0209995251662,-2.5,-13.8627433523267));
#7846=CARTESIAN_POINT('Ctrl Pts',(-10.3977481006648,-2.5,-14.2574323361823));
#7847=CARTESIAN_POINT('Ctrl Pts',(-10.6642913105413,-2.5,-14.7648896011396));
#7848=CARTESIAN_POINT('Ctrl Pts',(-10.9308345204178,-2.5,-15.2723468660969));
#7849=CARTESIAN_POINT('Ctrl Pts',(-11.0641061253561,-2.5,-15.8695061728395));
#7850=CARTESIAN_POINT('Ctrl Pts',(-11.0641061253561,-2.5,-16.5563675213675));
#7851=CARTESIAN_POINT('Ctrl Pts',(-11.0641061253561,-2.5,-17.0689506172839));
#7852=CARTESIAN_POINT('Ctrl Pts',(-10.9872186609687,-2.5,-17.5354012345679));
#7853=CARTESIAN_POINT('Ctrl Pts',(-10.8334437321937,-2.5,-17.9557193732194));
#7854=CARTESIAN_POINT('Ctrl Pts',(-10.6796688034188,-2.5,-18.3760375118708));
#7855=CARTESIAN_POINT('Ctrl Pts',(-10.4618209876543,-2.5,-18.7374085944919));
#7856=CARTESIAN_POINT('Ctrl Pts',(-10.1799002849003,-2.5,-19.0398326210826));
#7857=CARTESIAN_POINT('Ctrl Pts',(-9.89797958214624,-2.5,-19.3422566476733));
#7858=CARTESIAN_POINT('Ctrl Pts',(-9.55711182336182,-2.5,-19.5754819563153));
#7859=CARTESIAN_POINT('Ctrl Pts',(-9.15729700854702,-2.5,-19.7395085470085));
#7860=CARTESIAN_POINT('Ctrl Pts',(-8.75748219373219,-2.5,-19.9035351377018));
#7861=CARTESIAN_POINT('Ctrl Pts',(-8.31666073124407,-2.5,-19.9855484330484));
#7862=CARTESIAN_POINT('Ctrl Pts',(-7.83483262108263,-2.5,-19.9855484330484));
#7863=CARTESIAN_POINT('',(-7.83483262108263,-2.48,-19.9855484330484));
#7864=CARTESIAN_POINT('',(-7.83483262108263,-2.5,-19.9855484330484));
#7865=CARTESIAN_POINT('Ctrl Pts',(-7.83483262108263,-2.48,-19.9855484330484));
#7866=CARTESIAN_POINT('Ctrl Pts',(-7.18897792022791,-2.48,-19.9855484330484));
#7867=CARTESIAN_POINT('Ctrl Pts',(-6.62257359924025,-2.48,-19.8420251661919));
#7868=CARTESIAN_POINT('Ctrl Pts',(-6.13561965811965,-2.48,-19.5549786324786));
#7869=CARTESIAN_POINT('Ctrl Pts',(-5.64866571699906,-2.48,-19.2679320987654));
#7870=CARTESIAN_POINT('Ctrl Pts',(-5.2719171415005,-2.48,-18.865554368471));
#7871=CARTESIAN_POINT('Ctrl Pts',(-5.00537393162394,-2.48,-18.3478454415954));
#7872=CARTESIAN_POINT('Ctrl Pts',(-4.73883072174737,-2.48,-17.8301365147198));
#7873=CARTESIAN_POINT('Ctrl Pts',(-4.60555911680914,-2.48,-17.2329772079772));
#7874=CARTESIAN_POINT('Ctrl Pts',(-4.60555911680914,-2.48,-16.5563675213675));
#7875=CARTESIAN_POINT('Ctrl Pts',(-4.60555911680914,-2.48,-16.0437844254511));
#7876=CARTESIAN_POINT('Ctrl Pts',(-4.68244658119656,-2.48,-15.5798967236467));
#7877=CARTESIAN_POINT('Ctrl Pts',(-4.8362215099715,-2.48,-15.1647044159544));
#7878=CARTESIAN_POINT('Ctrl Pts',(-4.98999643874645,-2.48,-14.7495121082621));
#7879=CARTESIAN_POINT('Ctrl Pts',(-5.21040716999051,-2.48,-14.3907039411206));
#7880=CARTESIAN_POINT('Ctrl Pts',(-5.49745370370371,-2.48,-14.0882799145299));
#7881=CARTESIAN_POINT('Ctrl Pts',(-5.78450023741691,-2.48,-13.7858558879392));
#7882=CARTESIAN_POINT('Ctrl Pts',(-6.12536799620131,-2.48,-13.5551934947768));
#7883=CARTESIAN_POINT('Ctrl Pts',(-6.52005698005699,-2.48,-13.3962927350427));
#7884=CARTESIAN_POINT('Ctrl Pts',(-6.91474596391264,-2.48,-13.2373919753086));
#7885=CARTESIAN_POINT('Ctrl Pts',(-7.35300451092116,-2.48,-13.1579415954416));
#7886=CARTESIAN_POINT('Ctrl Pts',(-7.83483262108263,-2.48,-13.1579415954416));
#7887=CARTESIAN_POINT('Ctrl Pts',(-8.48068732193734,-2.48,-13.1579415954416));
#7888=CARTESIAN_POINT('Ctrl Pts',(-9.04709164292499,-2.48,-13.2989019468186));
#7889=CARTESIAN_POINT('Ctrl Pts',(-9.53404558404558,-2.48,-13.5808226495726));
#7890=CARTESIAN_POINT('Ctrl Pts',(-10.0209995251662,-2.48,-13.8627433523267));
#7891=CARTESIAN_POINT('Ctrl Pts',(-10.3977481006648,-2.48,-14.2574323361823));
#7892=CARTESIAN_POINT('Ctrl Pts',(-10.6642913105413,-2.48,-14.7648896011396));
#7893=CARTESIAN_POINT('Ctrl Pts',(-10.9308345204178,-2.48,-15.2723468660969));
#7894=CARTESIAN_POINT('Ctrl Pts',(-11.0641061253561,-2.48,-15.8695061728395));
#7895=CARTESIAN_POINT('Ctrl Pts',(-11.0641061253561,-2.48,-16.5563675213675));
#7896=CARTESIAN_POINT('Ctrl Pts',(-11.0641061253561,-2.48,-17.0689506172839));
#7897=CARTESIAN_POINT('Ctrl Pts',(-10.9872186609687,-2.48,-17.5354012345679));
#7898=CARTESIAN_POINT('Ctrl Pts',(-10.8334437321937,-2.48,-17.9557193732194));
#7899=CARTESIAN_POINT('Ctrl Pts',(-10.6796688034188,-2.48,-18.3760375118708));
#7900=CARTESIAN_POINT('Ctrl Pts',(-10.4618209876543,-2.48,-18.7374085944919));
#7901=CARTESIAN_POINT('Ctrl Pts',(-10.1799002849003,-2.48,-19.0398326210826));
#7902=CARTESIAN_POINT('Ctrl Pts',(-9.89797958214624,-2.48,-19.3422566476733));
#7903=CARTESIAN_POINT('Ctrl Pts',(-9.55711182336182,-2.48,-19.5754819563153));
#7904=CARTESIAN_POINT('Ctrl Pts',(-9.15729700854702,-2.48,-19.7395085470085));
#7905=CARTESIAN_POINT('Ctrl Pts',(-8.75748219373219,-2.48,-19.9035351377018));
#7906=CARTESIAN_POINT('Ctrl Pts',(-8.31666073124407,-2.48,-19.9855484330484));
#7907=CARTESIAN_POINT('Ctrl Pts',(-7.83483262108263,-2.48,-19.9855484330484));
#7908=CARTESIAN_POINT('Ctrl Pts',(-7.80407763532765,-2.5,-22.1845299145299));
#7909=CARTESIAN_POINT('Ctrl Pts',(-7.80407763532765,-2.48,-22.1845299145299));
#7910=CARTESIAN_POINT('Ctrl Pts',(-8.62421058879392,-2.5,-22.1845299145299));
#7911=CARTESIAN_POINT('Ctrl Pts',(-8.62421058879392,-2.48,-22.1845299145299));
#7912=CARTESIAN_POINT('Ctrl Pts',(-9.38027065527067,-2.5,-22.0410066476733));
#7913=CARTESIAN_POINT('Ctrl Pts',(-9.38027065527067,-2.48,-22.0410066476733));
#7914=CARTESIAN_POINT('Ctrl Pts',(-10.0722578347578,-2.5,-21.7539601139601));
#7915=CARTESIAN_POINT('Ctrl Pts',(-10.0722578347578,-2.48,-21.7539601139601));
#7916=CARTESIAN_POINT('Ctrl Pts',(-10.764245014245,-2.5,-21.4669135802469));
#7917=CARTESIAN_POINT('Ctrl Pts',(-10.764245014245,-2.48,-21.4669135802469));
#7918=CARTESIAN_POINT('Ctrl Pts',(-11.371655982906,-2.5,-21.0670987654321));
#7919=CARTESIAN_POINT('Ctrl Pts',(-11.371655982906,-2.48,-21.0670987654321));
#7920=CARTESIAN_POINT('Ctrl Pts',(-11.8944907407407,-2.5,-20.5545156695157));
#7921=CARTESIAN_POINT('Ctrl Pts',(-11.8944907407407,-2.48,-20.5545156695157));
#7922=CARTESIAN_POINT('Ctrl Pts',(-12.4173254985755,-2.5,-20.0419325735992));
#7923=CARTESIAN_POINT('Ctrl Pts',(-12.4173254985755,-2.48,-20.0419325735992));
#7924=CARTESIAN_POINT('Ctrl Pts',(-12.8222661443495,-2.5,-19.4447732668566));
#7925=CARTESIAN_POINT('Ctrl Pts',(-12.8222661443495,-2.48,-19.4447732668566));
#7926=CARTESIAN_POINT('Ctrl Pts',(-13.1093126780627,-2.5,-18.7630377492877));
#7927=CARTESIAN_POINT('Ctrl Pts',(-13.1093126780627,-2.48,-18.7630377492877));
#7928=CARTESIAN_POINT('Ctrl Pts',(-13.3963592117759,-2.5,-18.0813022317189));
#7929=CARTESIAN_POINT('Ctrl Pts',(-13.3963592117759,-2.48,-18.0813022317189));
#7930=CARTESIAN_POINT('Ctrl Pts',(-13.5398824786325,-2.5,-17.3457454890788));
#7931=CARTESIAN_POINT('Ctrl Pts',(-13.5398824786325,-2.48,-17.3457454890788));
#7932=CARTESIAN_POINT('Ctrl Pts',(-13.5398824786325,-2.5,-16.5563675213675));
#7933=CARTESIAN_POINT('Ctrl Pts',(-13.5398824786325,-2.48,-16.5563675213675));
#7934=CARTESIAN_POINT('Ctrl Pts',(-13.5398824786325,-2.5,-15.7567378917379));
#7935=CARTESIAN_POINT('Ctrl Pts',(-13.5398824786325,-2.48,-15.7567378917379));
#7936=CARTESIAN_POINT('Ctrl Pts',(-13.3963592117759,-2.5,-15.0186182336182));
#7937=CARTESIAN_POINT('Ctrl Pts',(-13.3963592117759,-2.48,-15.0186182336182));
#7938=CARTESIAN_POINT('Ctrl Pts',(-13.1093126780627,-2.5,-14.3420085470085));
#7939=CARTESIAN_POINT('Ctrl Pts',(-13.1093126780627,-2.48,-14.3420085470085));
#7940=CARTESIAN_POINT('Ctrl Pts',(-12.8222661443495,-2.5,-13.6653988603989));
#7941=CARTESIAN_POINT('Ctrl Pts',(-12.8222661443495,-2.48,-13.6653988603989));
#7942=CARTESIAN_POINT('Ctrl Pts',(-12.4224513295346,-2.5,-13.0733653846154));
#7943=CARTESIAN_POINT('Ctrl Pts',(-12.4224513295346,-2.48,-13.0733653846154));
#7944=CARTESIAN_POINT('Ctrl Pts',(-11.9098682336182,-2.5,-12.5659081196581));
#7945=CARTESIAN_POINT('Ctrl Pts',(-11.9098682336182,-2.48,-12.5659081196581));
#7946=CARTESIAN_POINT('Ctrl Pts',(-11.3972851377018,-2.5,-12.0584508547008));
#7947=CARTESIAN_POINT('Ctrl Pts',(-11.3972851377018,-2.48,-12.0584508547008));
#7948=CARTESIAN_POINT('Ctrl Pts',(-10.795,-2.5,-11.6637618708452));
#7949=CARTESIAN_POINT('Ctrl Pts',(-10.795,-2.48,-11.6637618708452));
#7950=CARTESIAN_POINT('Ctrl Pts',(-10.1030128205128,-2.5,-11.3818411680912));
#7951=CARTESIAN_POINT('Ctrl Pts',(-10.1030128205128,-2.48,-11.3818411680912));
#7952=CARTESIAN_POINT('Ctrl Pts',(-9.41102564102563,-2.5,-11.0999204653372));
#7953=CARTESIAN_POINT('Ctrl Pts',(-9.41102564102563,-2.48,-11.0999204653372));
#7954=CARTESIAN_POINT('Ctrl Pts',(-8.65496557454891,-2.5,-10.9589601139601));
#7955=CARTESIAN_POINT('Ctrl Pts',(-8.65496557454891,-2.48,-10.9589601139601));
#7956=CARTESIAN_POINT('Ctrl Pts',(-7.83483262108263,-2.5,-10.9589601139601));
#7957=CARTESIAN_POINT('Ctrl Pts',(-7.83483262108263,-2.48,-10.9589601139601));
#7958=CARTESIAN_POINT('Ctrl Pts',(-7.02495132953469,-2.5,-10.9589601139601));
#7959=CARTESIAN_POINT('Ctrl Pts',(-7.02495132953469,-2.48,-10.9589601139601));
#7960=CARTESIAN_POINT('Ctrl Pts',(-6.2740170940171,-2.5,-11.0999204653372));
#7961=CARTESIAN_POINT('Ctrl Pts',(-6.2740170940171,-2.48,-11.0999204653372));
#7962=CARTESIAN_POINT('Ctrl Pts',(-5.58202991452991,-2.5,-11.3818411680912));
#7963=CARTESIAN_POINT('Ctrl Pts',(-5.58202991452991,-2.48,-11.3818411680912));
#7964=CARTESIAN_POINT('Ctrl Pts',(-4.89004273504272,-2.5,-11.6637618708452));
#7965=CARTESIAN_POINT('Ctrl Pts',(-4.89004273504272,-2.48,-11.6637618708452));
#7966=CARTESIAN_POINT('Ctrl Pts',(-4.28519468186136,-2.5,-12.0584508547009));
#7967=CARTESIAN_POINT('Ctrl Pts',(-4.28519468186136,-2.48,-12.0584508547009));
#7968=CARTESIAN_POINT('Ctrl Pts',(-3.76748575498578,-2.5,-12.5659081196581));
#7969=CARTESIAN_POINT('Ctrl Pts',(-3.76748575498578,-2.48,-12.5659081196581));
#7970=CARTESIAN_POINT('Ctrl Pts',(-3.24977682811018,-2.5,-13.0733653846154));
#7971=CARTESIAN_POINT('Ctrl Pts',(-3.24977682811018,-2.48,-13.0733653846154));
#7972=CARTESIAN_POINT('Ctrl Pts',(-2.84739909781579,-2.5,-13.6679617758784));
#7973=CARTESIAN_POINT('Ctrl Pts',(-2.84739909781579,-2.48,-13.6679617758784));
#7974=CARTESIAN_POINT('Ctrl Pts',(-2.56035256410258,-2.5,-14.3496972934473));
#7975=CARTESIAN_POINT('Ctrl Pts',(-2.56035256410258,-2.48,-14.3496972934473));
#7976=CARTESIAN_POINT('Ctrl Pts',(-2.27330603038937,-2.5,-15.0314328110161));
#7977=CARTESIAN_POINT('Ctrl Pts',(-2.27330603038937,-2.48,-15.0314328110161));
#7978=CARTESIAN_POINT('Ctrl Pts',(-2.12978276353277,-2.5,-15.7721153846154));
#7979=CARTESIAN_POINT('Ctrl Pts',(-2.12978276353277,-2.48,-15.7721153846154));
#7980=CARTESIAN_POINT('Ctrl Pts',(-2.12978276353277,-2.5,-16.571745014245));
#7981=CARTESIAN_POINT('Ctrl Pts',(-2.12978276353277,-2.48,-16.571745014245));
#7982=CARTESIAN_POINT('Ctrl Pts',(-2.12978276353277,-2.5,-17.3611229819563));
#7983=CARTESIAN_POINT('Ctrl Pts',(-2.12978276353277,-2.48,-17.3611229819563));
#7984=CARTESIAN_POINT('Ctrl Pts',(-2.27330603038937,-2.5,-18.0966797245964));
#7985=CARTESIAN_POINT('Ctrl Pts',(-2.27330603038937,-2.48,-18.0966797245964));
#7986=CARTESIAN_POINT('Ctrl Pts',(-2.56035256410258,-2.5,-18.7784152421652));
#7987=CARTESIAN_POINT('Ctrl Pts',(-2.56035256410258,-2.48,-18.7784152421652));
#7988=CARTESIAN_POINT('Ctrl Pts',(-2.84739909781579,-2.5,-19.4601507597341));
#7989=CARTESIAN_POINT('Ctrl Pts',(-2.84739909781579,-2.48,-19.4601507597341));
#7990=CARTESIAN_POINT('Ctrl Pts',(-3.24721391263059,-2.5,-20.0547471509971));
#7991=CARTESIAN_POINT('Ctrl Pts',(-3.24721391263059,-2.48,-20.0547471509971));
#7992=CARTESIAN_POINT('Ctrl Pts',(-3.75979700854702,-2.5,-20.5622044159544));
#7993=CARTESIAN_POINT('Ctrl Pts',(-3.75979700854702,-2.48,-20.5622044159544));
#7994=CARTESIAN_POINT('Ctrl Pts',(-4.27238010446346,-2.5,-21.0696616809117));
#7995=CARTESIAN_POINT('Ctrl Pts',(-4.27238010446346,-2.48,-21.0696616809117));
#7996=CARTESIAN_POINT('Ctrl Pts',(-4.87466524216524,-2.5,-21.4669135802469));
#7997=CARTESIAN_POINT('Ctrl Pts',(-4.87466524216524,-2.48,-21.4669135802469));
#7998=CARTESIAN_POINT('Ctrl Pts',(-5.56665242165242,-2.5,-21.7539601139601));
#7999=CARTESIAN_POINT('Ctrl Pts',(-5.56665242165242,-2.48,-21.7539601139601));
#8000=CARTESIAN_POINT('Ctrl Pts',(-6.25863960113962,-2.5,-22.0410066476733));
#8001=CARTESIAN_POINT('Ctrl Pts',(-6.25863960113962,-2.48,-22.0410066476733));
#8002=CARTESIAN_POINT('Ctrl Pts',(-7.00444800569799,-2.5,-22.1845299145299));
#8003=CARTESIAN_POINT('Ctrl Pts',(-7.00444800569799,-2.48,-22.1845299145299));
#8004=CARTESIAN_POINT('Ctrl Pts',(-7.80407763532765,-2.5,-22.1845299145299));
#8005=CARTESIAN_POINT('Ctrl Pts',(-7.80407763532765,-2.48,-22.1845299145299));
#8006=CARTESIAN_POINT('',(-7.80407763532765,-2.48,-22.1845299145299));
#8007=CARTESIAN_POINT('',(-7.80407763532765,-2.5,-22.1845299145299));
#8008=CARTESIAN_POINT('Ctrl Pts',(-7.80407763532765,-2.48,-22.1845299145299));
#8009=CARTESIAN_POINT('Ctrl Pts',(-8.62421058879392,-2.48,-22.1845299145299));
#8010=CARTESIAN_POINT('Ctrl Pts',(-9.38027065527067,-2.48,-22.0410066476733));
#8011=CARTESIAN_POINT('Ctrl Pts',(-10.0722578347578,-2.48,-21.7539601139601));
#8012=CARTESIAN_POINT('Ctrl Pts',(-10.764245014245,-2.48,-21.4669135802469));
#8013=CARTESIAN_POINT('Ctrl Pts',(-11.371655982906,-2.48,-21.0670987654321));
#8014=CARTESIAN_POINT('Ctrl Pts',(-11.8944907407407,-2.48,-20.5545156695157));
#8015=CARTESIAN_POINT('Ctrl Pts',(-12.4173254985755,-2.48,-20.0419325735992));
#8016=CARTESIAN_POINT('Ctrl Pts',(-12.8222661443495,-2.48,-19.4447732668566));
#8017=CARTESIAN_POINT('Ctrl Pts',(-13.1093126780627,-2.48,-18.7630377492877));
#8018=CARTESIAN_POINT('Ctrl Pts',(-13.3963592117759,-2.48,-18.0813022317189));
#8019=CARTESIAN_POINT('Ctrl Pts',(-13.5398824786325,-2.48,-17.3457454890788));
#8020=CARTESIAN_POINT('Ctrl Pts',(-13.5398824786325,-2.48,-16.5563675213675));
#8021=CARTESIAN_POINT('Ctrl Pts',(-13.5398824786325,-2.48,-15.7567378917379));
#8022=CARTESIAN_POINT('Ctrl Pts',(-13.3963592117759,-2.48,-15.0186182336182));
#8023=CARTESIAN_POINT('Ctrl Pts',(-13.1093126780627,-2.48,-14.3420085470085));
#8024=CARTESIAN_POINT('Ctrl Pts',(-12.8222661443495,-2.48,-13.6653988603989));
#8025=CARTESIAN_POINT('Ctrl Pts',(-12.4224513295346,-2.48,-13.0733653846154));
#8026=CARTESIAN_POINT('Ctrl Pts',(-11.9098682336182,-2.48,-12.5659081196581));
#8027=CARTESIAN_POINT('Ctrl Pts',(-11.3972851377018,-2.48,-12.0584508547008));
#8028=CARTESIAN_POINT('Ctrl Pts',(-10.795,-2.48,-11.6637618708452));
#8029=CARTESIAN_POINT('Ctrl Pts',(-10.1030128205128,-2.48,-11.3818411680912));
#8030=CARTESIAN_POINT('Ctrl Pts',(-9.41102564102563,-2.48,-11.0999204653372));
#8031=CARTESIAN_POINT('Ctrl Pts',(-8.65496557454891,-2.48,-10.9589601139601));
#8032=CARTESIAN_POINT('Ctrl Pts',(-7.83483262108263,-2.48,-10.9589601139601));
#8033=CARTESIAN_POINT('Ctrl Pts',(-7.02495132953469,-2.48,-10.9589601139601));
#8034=CARTESIAN_POINT('Ctrl Pts',(-6.2740170940171,-2.48,-11.0999204653372));
#8035=CARTESIAN_POINT('Ctrl Pts',(-5.58202991452991,-2.48,-11.3818411680912));
#8036=CARTESIAN_POINT('Ctrl Pts',(-4.89004273504272,-2.48,-11.6637618708452));
#8037=CARTESIAN_POINT('Ctrl Pts',(-4.28519468186136,-2.48,-12.0584508547009));
#8038=CARTESIAN_POINT('Ctrl Pts',(-3.76748575498578,-2.48,-12.5659081196581));
#8039=CARTESIAN_POINT('Ctrl Pts',(-3.24977682811018,-2.48,-13.0733653846154));
#8040=CARTESIAN_POINT('Ctrl Pts',(-2.84739909781579,-2.48,-13.6679617758784));
#8041=CARTESIAN_POINT('Ctrl Pts',(-2.56035256410258,-2.48,-14.3496972934473));
#8042=CARTESIAN_POINT('Ctrl Pts',(-2.27330603038937,-2.48,-15.0314328110161));
#8043=CARTESIAN_POINT('Ctrl Pts',(-2.12978276353277,-2.48,-15.7721153846154));
#8044=CARTESIAN_POINT('Ctrl Pts',(-2.12978276353277,-2.48,-16.571745014245));
#8045=CARTESIAN_POINT('Ctrl Pts',(-2.12978276353277,-2.48,-17.3611229819563));
#8046=CARTESIAN_POINT('Ctrl Pts',(-2.27330603038937,-2.48,-18.0966797245964));
#8047=CARTESIAN_POINT('Ctrl Pts',(-2.56035256410258,-2.48,-18.7784152421652));
#8048=CARTESIAN_POINT('Ctrl Pts',(-2.84739909781579,-2.48,-19.4601507597341));
#8049=CARTESIAN_POINT('Ctrl Pts',(-3.24721391263059,-2.48,-20.0547471509971));
#8050=CARTESIAN_POINT('Ctrl Pts',(-3.75979700854702,-2.48,-20.5622044159544));
#8051=CARTESIAN_POINT('Ctrl Pts',(-4.27238010446346,-2.48,-21.0696616809117));
#8052=CARTESIAN_POINT('Ctrl Pts',(-4.87466524216524,-2.48,-21.4669135802469));
#8053=CARTESIAN_POINT('Ctrl Pts',(-5.56665242165242,-2.48,-21.7539601139601));
#8054=CARTESIAN_POINT('Ctrl Pts',(-6.25863960113962,-2.48,-22.0410066476733));
#8055=CARTESIAN_POINT('Ctrl Pts',(-7.00444800569799,-2.48,-22.1845299145299));
#8056=CARTESIAN_POINT('Ctrl Pts',(-7.80407763532765,-2.48,-22.1845299145299));
#8057=CARTESIAN_POINT('Origin',(-7.83483262108262,-2.48,-16.571745014245));
#8058=CARTESIAN_POINT('Origin',(-39.1053261229208,-2.5,33.2364691485994));
#8059=CARTESIAN_POINT('',(-39.1053261229208,-2.48,33.2364691485994));
#8060=CARTESIAN_POINT('',(-39.1053261229208,-2.5,33.2364691485994));
#8061=CARTESIAN_POINT('',(-36.4916667444903,-2.48,35.8501285270299));
#8062=CARTESIAN_POINT('',(-36.4916667444903,-2.48,35.8501285270299));
#8063=CARTESIAN_POINT('',(-36.4916667444903,-2.5,35.8501285270299));
#8064=CARTESIAN_POINT('Ctrl Pts',(-38.0326682277268,-2.5,32.1713651822447));
#8065=CARTESIAN_POINT('Ctrl Pts',(-38.0326682277268,-2.48,32.1713651822447));
#8066=CARTESIAN_POINT('Ctrl Pts',(-37.979790725851,-2.5,31.9976248189387));
#8067=CARTESIAN_POINT('Ctrl Pts',(-37.979790725851,-2.48,31.9976248189387));
#8068=CARTESIAN_POINT('Ctrl Pts',(-37.9420210816541,-2.5,31.8238844556326));
#8069=CARTESIAN_POINT('Ctrl Pts',(-37.9420210816541,-2.48,31.8238844556326));
#8070=CARTESIAN_POINT('Ctrl Pts',(-37.9420210816541,-2.5,31.6350362346477));
#8071=CARTESIAN_POINT('Ctrl Pts',(-37.9420210816541,-2.48,31.6350362346477));
#8072=CARTESIAN_POINT('Ctrl Pts',(-37.9420210816541,-2.5,30.6983490585628));
#8073=CARTESIAN_POINT('Ctrl Pts',(-37.9420210816541,-2.48,30.6983490585628));
#8074=CARTESIAN_POINT('Ctrl Pts',(-38.7049678944329,-2.5,29.935402245784));
#8075=CARTESIAN_POINT('Ctrl Pts',(-38.7049678944329,-2.48,29.935402245784));
#8076=CARTESIAN_POINT('Ctrl Pts',(-39.6416550705178,-2.5,29.935402245784));
#8077=CARTESIAN_POINT('Ctrl Pts',(-39.6416550705178,-2.48,29.935402245784));
#8078=CARTESIAN_POINT('Ctrl Pts',(-40.5783422466027,-2.5,29.935402245784));
#8079=CARTESIAN_POINT('Ctrl Pts',(-40.5783422466027,-2.48,29.935402245784));
#8080=CARTESIAN_POINT('Ctrl Pts',(-41.3412890593816,-2.5,30.6983490585628));
#8081=CARTESIAN_POINT('Ctrl Pts',(-41.3412890593816,-2.48,30.6983490585628));
#8082=CARTESIAN_POINT('Ctrl Pts',(-41.3412890593816,-2.5,31.6350362346477));
#8083=CARTESIAN_POINT('Ctrl Pts',(-41.3412890593816,-2.48,31.6350362346477));
#8084=CARTESIAN_POINT('Ctrl Pts',(-41.3412890593816,-2.5,32.5717234107327));
#8085=CARTESIAN_POINT('Ctrl Pts',(-41.3412890593816,-2.48,32.5717234107327));
#8086=CARTESIAN_POINT('Ctrl Pts',(-40.5783422466027,-2.5,33.3346702235115));
#8087=CARTESIAN_POINT('Ctrl Pts',(-40.5783422466027,-2.48,33.3346702235115));
#8088=CARTESIAN_POINT('Ctrl Pts',(-39.6416550705178,-2.5,33.3346702235115));
#8089=CARTESIAN_POINT('Ctrl Pts',(-39.6416550705178,-2.48,33.3346702235115));
#8090=CARTESIAN_POINT('Ctrl Pts',(-39.452806849533,-2.5,33.3346702235115));
#8091=CARTESIAN_POINT('Ctrl Pts',(-39.452806849533,-2.48,33.3346702235115));
#8092=CARTESIAN_POINT('Ctrl Pts',(-39.2715125573875,-2.5,33.2893466504751));
#8093=CARTESIAN_POINT('Ctrl Pts',(-39.2715125573875,-2.48,33.2893466504751));
#8094=CARTESIAN_POINT('Ctrl Pts',(-39.1053261229208,-2.5,33.2364691485994));
#8095=CARTESIAN_POINT('Ctrl Pts',(-39.1053261229208,-2.48,33.2364691485994));
#8096=CARTESIAN_POINT('',(-38.0326682277268,-2.48,32.1713651822447));
#8097=CARTESIAN_POINT('',(-38.0326682277268,-2.5,32.1713651822447));
#8098=CARTESIAN_POINT('Ctrl Pts',(-38.0326682277268,-2.48,32.1713651822447));
#8099=CARTESIAN_POINT('Ctrl Pts',(-37.979790725851,-2.48,31.9976248189387));
#8100=CARTESIAN_POINT('Ctrl Pts',(-37.9420210816541,-2.48,31.8238844556326));
#8101=CARTESIAN_POINT('Ctrl Pts',(-37.9420210816541,-2.48,31.6350362346477));
#8102=CARTESIAN_POINT('Ctrl Pts',(-37.9420210816541,-2.48,30.6983490585628));
#8103=CARTESIAN_POINT('Ctrl Pts',(-38.7049678944329,-2.48,29.935402245784));
#8104=CARTESIAN_POINT('Ctrl Pts',(-39.6416550705178,-2.48,29.935402245784));
#8105=CARTESIAN_POINT('Ctrl Pts',(-40.5783422466027,-2.48,29.935402245784));
#8106=CARTESIAN_POINT('Ctrl Pts',(-41.3412890593816,-2.48,30.6983490585628));
#8107=CARTESIAN_POINT('Ctrl Pts',(-41.3412890593816,-2.48,31.6350362346477));
#8108=CARTESIAN_POINT('Ctrl Pts',(-41.3412890593816,-2.48,32.5717234107327));
#8109=CARTESIAN_POINT('Ctrl Pts',(-40.5783422466027,-2.48,33.3346702235115));
#8110=CARTESIAN_POINT('Ctrl Pts',(-39.6416550705178,-2.48,33.3346702235115));
#8111=CARTESIAN_POINT('Ctrl Pts',(-39.452806849533,-2.48,33.3346702235115));
#8112=CARTESIAN_POINT('Ctrl Pts',(-39.2715125573875,-2.48,33.2893466504751));
#8113=CARTESIAN_POINT('Ctrl Pts',(-39.1053261229208,-2.48,33.2364691485994));
#8114=CARTESIAN_POINT('Origin',(-35.8646906508206,-2.5,34.3468966879904));
#8115=CARTESIAN_POINT('',(-35.8646906508206,-2.48,34.3468966879904));
#8116=CARTESIAN_POINT('',(-35.8646906508206,-2.5,34.3468966879904));
#8117=CARTESIAN_POINT('',(-38.0326682277268,-2.48,32.1713651822447));
#8118=CARTESIAN_POINT('Origin',(-20.9985586948922,-2.5,34.3468966879904));
#8119=CARTESIAN_POINT('',(-20.9985586948922,-2.48,34.3468966879904));
#8120=CARTESIAN_POINT('',(-20.9985586948922,-2.5,34.3468966879904));
#8121=CARTESIAN_POINT('',(-35.8646906508206,-2.48,34.3468966879904));
#8122=CARTESIAN_POINT('Origin',(-16.7079271141161,-2.5,30.0562651072143));
#8123=CARTESIAN_POINT('',(-16.7079271141161,-2.48,30.0562651072143));
#8124=CARTESIAN_POINT('',(-16.7079271141161,-2.5,30.0562651072143));
#8125=CARTESIAN_POINT('',(-20.9985586948922,-2.48,34.3468966879904));
#8126=CARTESIAN_POINT('Origin',(-16.7079271141161,-2.5,21.4976637321803));
#8127=CARTESIAN_POINT('',(-16.7079271141161,-2.48,21.4976637321803));
#8128=CARTESIAN_POINT('',(-16.7079271141161,-2.5,21.4976637321803));
#8129=CARTESIAN_POINT('',(-16.7079271141161,-2.48,30.0562651072143));
#8130=CARTESIAN_POINT('Origin',(-19.6464054326406,-2.5,18.5591854136558));
#8131=CARTESIAN_POINT('',(-19.6464054326406,-2.48,18.5591854136558));
#8132=CARTESIAN_POINT('',(-19.6464054326406,-2.5,18.5591854136558));
#8133=CARTESIAN_POINT('',(-16.7079271141161,-2.48,21.4976637321803));
#8134=CARTESIAN_POINT('Ctrl Pts',(-18.5737475374466,-2.5,17.4865275184618));
#8135=CARTESIAN_POINT('Ctrl Pts',(-18.5737475374466,-2.48,17.4865275184618));
#8136=CARTESIAN_POINT('Ctrl Pts',(-18.5208700355708,-2.5,17.3127871551557));
#8137=CARTESIAN_POINT('Ctrl Pts',(-18.5208700355708,-2.48,17.3127871551557));
#8138=CARTESIAN_POINT('Ctrl Pts',(-18.4831003913738,-2.5,17.1390467918496));
#8139=CARTESIAN_POINT('Ctrl Pts',(-18.4831003913738,-2.48,17.1390467918496));
#8140=CARTESIAN_POINT('Ctrl Pts',(-18.4831003913738,-2.5,16.9501985708648));
#8141=CARTESIAN_POINT('Ctrl Pts',(-18.4831003913738,-2.48,16.9501985708648));
#8142=CARTESIAN_POINT('Ctrl Pts',(-18.4831003913738,-2.5,16.0135113947799));
#8143=CARTESIAN_POINT('Ctrl Pts',(-18.4831003913738,-2.48,16.0135113947799));
#8144=CARTESIAN_POINT('Ctrl Pts',(-19.2460472041527,-2.5,15.250564582001));
#8145=CARTESIAN_POINT('Ctrl Pts',(-19.2460472041527,-2.48,15.250564582001));
#8146=CARTESIAN_POINT('Ctrl Pts',(-20.1827343802376,-2.5,15.250564582001));
#8147=CARTESIAN_POINT('Ctrl Pts',(-20.1827343802376,-2.48,15.250564582001));
#8148=CARTESIAN_POINT('Ctrl Pts',(-21.1194215563225,-2.5,15.250564582001));
#8149=CARTESIAN_POINT('Ctrl Pts',(-21.1194215563225,-2.48,15.250564582001));
#8150=CARTESIAN_POINT('Ctrl Pts',(-21.8823683691013,-2.5,16.0135113947799));
#8151=CARTESIAN_POINT('Ctrl Pts',(-21.8823683691013,-2.48,16.0135113947799));
#8152=CARTESIAN_POINT('Ctrl Pts',(-21.8823683691013,-2.5,16.9501985708648));
#8153=CARTESIAN_POINT('Ctrl Pts',(-21.8823683691013,-2.48,16.9501985708648));
#8154=CARTESIAN_POINT('Ctrl Pts',(-21.8823683691013,-2.5,17.8868857469497));
#8155=CARTESIAN_POINT('Ctrl Pts',(-21.8823683691013,-2.48,17.8868857469497));
#8156=CARTESIAN_POINT('Ctrl Pts',(-21.1194215563225,-2.5,18.6498325597285));
#8157=CARTESIAN_POINT('Ctrl Pts',(-21.1194215563225,-2.48,18.6498325597285));
#8158=CARTESIAN_POINT('Ctrl Pts',(-20.1827343802376,-2.5,18.6498325597285));
#8159=CARTESIAN_POINT('Ctrl Pts',(-20.1827343802376,-2.48,18.6498325597285));
#8160=CARTESIAN_POINT('Ctrl Pts',(-19.9938861592527,-2.5,18.6498325597285));
#8161=CARTESIAN_POINT('Ctrl Pts',(-19.9938861592527,-2.48,18.6498325597285));
#8162=CARTESIAN_POINT('Ctrl Pts',(-19.8125918671073,-2.5,18.6120629155316));
#8163=CARTESIAN_POINT('Ctrl Pts',(-19.8125918671073,-2.48,18.6120629155316));
#8164=CARTESIAN_POINT('Ctrl Pts',(-19.6464054326406,-2.5,18.5591854136558));
#8165=CARTESIAN_POINT('Ctrl Pts',(-19.6464054326406,-2.48,18.5591854136558));
#8166=CARTESIAN_POINT('',(-18.5737475374466,-2.48,17.4865275184618));
#8167=CARTESIAN_POINT('',(-18.5737475374466,-2.5,17.4865275184618));
#8168=CARTESIAN_POINT('Ctrl Pts',(-18.5737475374466,-2.48,17.4865275184618));
#8169=CARTESIAN_POINT('Ctrl Pts',(-18.5208700355708,-2.48,17.3127871551557));
#8170=CARTESIAN_POINT('Ctrl Pts',(-18.4831003913738,-2.48,17.1390467918496));
#8171=CARTESIAN_POINT('Ctrl Pts',(-18.4831003913738,-2.48,16.9501985708648));
#8172=CARTESIAN_POINT('Ctrl Pts',(-18.4831003913738,-2.48,16.0135113947799));
#8173=CARTESIAN_POINT('Ctrl Pts',(-19.2460472041527,-2.48,15.250564582001));
#8174=CARTESIAN_POINT('Ctrl Pts',(-20.1827343802376,-2.48,15.250564582001));
#8175=CARTESIAN_POINT('Ctrl Pts',(-21.1194215563225,-2.48,15.250564582001));
#8176=CARTESIAN_POINT('Ctrl Pts',(-21.8823683691013,-2.48,16.0135113947799));
#8177=CARTESIAN_POINT('Ctrl Pts',(-21.8823683691013,-2.48,16.9501985708648));
#8178=CARTESIAN_POINT('Ctrl Pts',(-21.8823683691013,-2.48,17.8868857469497));
#8179=CARTESIAN_POINT('Ctrl Pts',(-21.1194215563225,-2.48,18.6498325597285));
#8180=CARTESIAN_POINT('Ctrl Pts',(-20.1827343802376,-2.48,18.6498325597285));
#8181=CARTESIAN_POINT('Ctrl Pts',(-19.9938861592527,-2.48,18.6498325597285));
#8182=CARTESIAN_POINT('Ctrl Pts',(-19.8125918671073,-2.48,18.6120629155316));
#8183=CARTESIAN_POINT('Ctrl Pts',(-19.6464054326406,-2.48,18.5591854136558));
#8184=CARTESIAN_POINT('Origin',(-15.1895874173978,-2.5,20.8706876385105));
#8185=CARTESIAN_POINT('',(-15.1895874173978,-2.48,20.8706876385105));
#8186=CARTESIAN_POINT('',(-15.1895874173978,-2.5,20.8706876385105));
#8187=CARTESIAN_POINT('',(-18.5737475374466,-2.48,17.4865275184618));
#8188=CARTESIAN_POINT('Origin',(-15.1895874173978,-2.5,30.6756872720446));
#8189=CARTESIAN_POINT('',(-15.1895874173978,-2.48,30.6756872720446));
#8190=CARTESIAN_POINT('',(-15.1895874173978,-2.5,30.6756872720446));
#8191=CARTESIAN_POINT('',(-15.1895874173978,-2.48,20.8706876385105));
#8192=CARTESIAN_POINT('Origin',(-15.2046952750766,-2.5,30.6756872720446));
#8193=CARTESIAN_POINT('',(-15.2046952750766,-2.48,30.6756872720446));
#8194=CARTESIAN_POINT('',(-15.2046952750766,-2.5,30.6756872720446));
#8195=CARTESIAN_POINT('',(-15.1895874173978,-2.48,30.6756872720446));
#8196=CARTESIAN_POINT('Origin',(-20.3791365300618,-2.5,35.8501285270299));
#8197=CARTESIAN_POINT('',(-20.3791365300618,-2.48,35.8501285270299));
#8198=CARTESIAN_POINT('',(-20.3791365300618,-2.5,35.8501285270299));
#8199=CARTESIAN_POINT('',(-15.2046952750766,-2.48,30.6756872720446));
#8200=CARTESIAN_POINT('Origin',(-36.4916667444903,-2.5,35.8501285270299));
#8201=CARTESIAN_POINT('',(-20.3791365300618,-2.48,35.8501285270299));
#8202=CARTESIAN_POINT('Origin',(-28.2654382383897,-2.48,25.5503465545154));
#8203=CARTESIAN_POINT('Ctrl Pts',(-31.3021176318263,-2.5,23.1444202191683));
#8204=CARTESIAN_POINT('Ctrl Pts',(-31.3021176318263,-2.48,23.1444202191683));
#8205=CARTESIAN_POINT('Ctrl Pts',(-31.5816129988839,-2.5,22.5854294850531));
#8206=CARTESIAN_POINT('Ctrl Pts',(-31.5816129988839,-2.48,22.5854294850531));
#8207=CARTESIAN_POINT('Ctrl Pts',(-32.1557115906779,-2.5,22.200179114244));
#8208=CARTESIAN_POINT('Ctrl Pts',(-32.1557115906779,-2.48,22.200179114244));
#8209=CARTESIAN_POINT('Ctrl Pts',(-32.8204573285446,-2.5,22.200179114244));
#8210=CARTESIAN_POINT('Ctrl Pts',(-32.8204573285446,-2.48,22.200179114244));
#8211=CARTESIAN_POINT('Ctrl Pts',(-33.7571445046295,-2.5,22.200179114244));
#8212=CARTESIAN_POINT('Ctrl Pts',(-33.7571445046295,-2.48,22.200179114244));
#8213=CARTESIAN_POINT('Ctrl Pts',(-34.5200913174083,-2.5,22.9631259270229));
#8214=CARTESIAN_POINT('Ctrl Pts',(-34.5200913174083,-2.48,22.9631259270229));
#8215=CARTESIAN_POINT('Ctrl Pts',(-34.5200913174083,-2.5,23.8998131031077));
#8216=CARTESIAN_POINT('Ctrl Pts',(-34.5200913174083,-2.48,23.8998131031077));
#8217=CARTESIAN_POINT('Ctrl Pts',(-34.5200913174083,-2.5,24.8365002791927));
#8218=CARTESIAN_POINT('Ctrl Pts',(-34.5200913174083,-2.48,24.8365002791927));
#8219=CARTESIAN_POINT('Ctrl Pts',(-33.7571445046295,-2.5,25.5994470919715));
#8220=CARTESIAN_POINT('Ctrl Pts',(-33.7571445046295,-2.48,25.5994470919715));
#8221=CARTESIAN_POINT('Ctrl Pts',(-32.8204573285446,-2.5,25.5994470919715));
#8222=CARTESIAN_POINT('Ctrl Pts',(-32.8204573285446,-2.48,25.5994470919715));
#8223=CARTESIAN_POINT('Ctrl Pts',(-32.1557115906779,-2.5,25.5994470919715));
#8224=CARTESIAN_POINT('Ctrl Pts',(-32.1557115906779,-2.48,25.5994470919715));
#8225=CARTESIAN_POINT('Ctrl Pts',(-31.5891669277233,-2.5,25.2141967211624));
#8226=CARTESIAN_POINT('Ctrl Pts',(-31.5891669277233,-2.48,25.2141967211624));
#8227=CARTESIAN_POINT('Ctrl Pts',(-31.3096715606657,-2.5,24.6627599158866));
#8228=CARTESIAN_POINT('Ctrl Pts',(-31.3096715606657,-2.48,24.6627599158866));
#8229=CARTESIAN_POINT('',(-31.3021176318263,-2.48,23.1444202191683));
#8230=CARTESIAN_POINT('',(-31.3021176318263,-2.5,23.1444202191683));
#8231=CARTESIAN_POINT('',(-31.3096715606657,-2.48,24.6627599158866));
#8232=CARTESIAN_POINT('Ctrl Pts',(-31.3021176318263,-2.48,23.1444202191683));
#8233=CARTESIAN_POINT('Ctrl Pts',(-31.5816129988839,-2.48,22.5854294850531));
#8234=CARTESIAN_POINT('Ctrl Pts',(-32.1557115906779,-2.48,22.200179114244));
#8235=CARTESIAN_POINT('Ctrl Pts',(-32.8204573285446,-2.48,22.200179114244));
#8236=CARTESIAN_POINT('Ctrl Pts',(-33.7571445046295,-2.48,22.200179114244));
#8237=CARTESIAN_POINT('Ctrl Pts',(-34.5200913174083,-2.48,22.9631259270229));
#8238=CARTESIAN_POINT('Ctrl Pts',(-34.5200913174083,-2.48,23.8998131031077));
#8239=CARTESIAN_POINT('Ctrl Pts',(-34.5200913174083,-2.48,24.8365002791927));
#8240=CARTESIAN_POINT('Ctrl Pts',(-33.7571445046295,-2.48,25.5994470919715));
#8241=CARTESIAN_POINT('Ctrl Pts',(-32.8204573285446,-2.48,25.5994470919715));
#8242=CARTESIAN_POINT('Ctrl Pts',(-32.1557115906779,-2.48,25.5994470919715));
#8243=CARTESIAN_POINT('Ctrl Pts',(-31.5891669277233,-2.48,25.2141967211624));
#8244=CARTESIAN_POINT('Ctrl Pts',(-31.3096715606657,-2.48,24.6627599158866));
#8245=CARTESIAN_POINT('',(-31.3096715606657,-2.5,24.6627599158866));
#8246=CARTESIAN_POINT('Origin',(-26.7168828263138,-2.5,23.1444202191683));
#8247=CARTESIAN_POINT('',(-26.7168828263138,-2.48,23.1444202191683));
#8248=CARTESIAN_POINT('',(-26.7168828263138,-2.5,23.1444202191683));
#8249=CARTESIAN_POINT('',(-31.3021176318263,-2.48,23.1444202191683));
#8250=CARTESIAN_POINT('Origin',(-22.9927959084924,-2.5,19.4203333013468));
#8251=CARTESIAN_POINT('',(-22.9927959084924,-2.48,19.4203333013468));
#8252=CARTESIAN_POINT('',(-22.9927959084924,-2.5,19.4203333013468));
#8253=CARTESIAN_POINT('',(-26.7168828263138,-2.48,23.1444202191683));
#8254=CARTESIAN_POINT('Origin',(-19.6086357884436,-2.5,22.8044934213955));
#8255=CARTESIAN_POINT('',(-19.6086357884436,-2.48,22.8044934213955));
#8256=CARTESIAN_POINT('',(-19.6086357884436,-2.5,22.8044934213955));
#8257=CARTESIAN_POINT('',(-22.9927959084924,-2.48,19.4203333013468));
#8258=CARTESIAN_POINT('Origin',(-19.6086357884436,-2.5,26.891168923508));
#8259=CARTESIAN_POINT('',(-19.6086357884436,-2.48,26.891168923508));
#8260=CARTESIAN_POINT('',(-19.6086357884436,-2.5,26.891168923508));
#8261=CARTESIAN_POINT('',(-19.6086357884436,-2.48,22.8044934213955));
#8262=CARTESIAN_POINT('Ctrl Pts',(-21.1194215563225,-2.5,26.8911689235079));
#8263=CARTESIAN_POINT('Ctrl Pts',(-21.1194215563225,-2.48,26.8911689235079));
#8264=CARTESIAN_POINT('Ctrl Pts',(-21.6784122904377,-2.5,27.1706642905656));
#8265=CARTESIAN_POINT('Ctrl Pts',(-21.6784122904377,-2.48,27.1706642905656));
#8266=CARTESIAN_POINT('Ctrl Pts',(-22.0636626612468,-2.5,27.7372089535202));
#8267=CARTESIAN_POINT('Ctrl Pts',(-22.0636626612468,-2.48,27.7372089535202));
#8268=CARTESIAN_POINT('Ctrl Pts',(-22.0636626612468,-2.5,28.4019546913869));
#8269=CARTESIAN_POINT('Ctrl Pts',(-22.0636626612468,-2.48,28.4019546913869));
#8270=CARTESIAN_POINT('Ctrl Pts',(-22.0636626612468,-2.5,29.3386418674718));
#8271=CARTESIAN_POINT('Ctrl Pts',(-22.0636626612468,-2.48,29.3386418674718));
#8272=CARTESIAN_POINT('Ctrl Pts',(-21.300715848468,-2.5,30.1015886802506));
#8273=CARTESIAN_POINT('Ctrl Pts',(-21.300715848468,-2.48,30.1015886802506));
#8274=CARTESIAN_POINT('Ctrl Pts',(-20.3640286723831,-2.5,30.1015886802506));
#8275=CARTESIAN_POINT('Ctrl Pts',(-20.3640286723831,-2.48,30.1015886802506));
#8276=CARTESIAN_POINT('Ctrl Pts',(-19.4273414962981,-2.5,30.1015886802506));
#8277=CARTESIAN_POINT('Ctrl Pts',(-19.4273414962981,-2.48,30.1015886802506));
#8278=CARTESIAN_POINT('Ctrl Pts',(-18.6643946835193,-2.5,29.3386418674718));
#8279=CARTESIAN_POINT('Ctrl Pts',(-18.6643946835193,-2.48,29.3386418674718));
#8280=CARTESIAN_POINT('Ctrl Pts',(-18.6643946835193,-2.5,28.4019546913869));
#8281=CARTESIAN_POINT('Ctrl Pts',(-18.6643946835193,-2.48,28.4019546913869));
#8282=CARTESIAN_POINT('Ctrl Pts',(-18.6643946835193,-2.5,27.7372089535202));
#8283=CARTESIAN_POINT('Ctrl Pts',(-18.6643946835193,-2.48,27.7372089535202));
#8284=CARTESIAN_POINT('Ctrl Pts',(-19.0496450543284,-2.5,27.1706642905656));
#8285=CARTESIAN_POINT('Ctrl Pts',(-19.0496450543284,-2.48,27.1706642905656));
#8286=CARTESIAN_POINT('Ctrl Pts',(-19.6086357884436,-2.5,26.891168923508));
#8287=CARTESIAN_POINT('Ctrl Pts',(-19.6086357884436,-2.48,26.891168923508));
#8288=CARTESIAN_POINT('',(-21.1194215563225,-2.48,26.8911689235079));
#8289=CARTESIAN_POINT('',(-21.1194215563225,-2.5,26.8911689235079));
#8290=CARTESIAN_POINT('Ctrl Pts',(-21.1194215563225,-2.48,26.8911689235079));
#8291=CARTESIAN_POINT('Ctrl Pts',(-21.6784122904377,-2.48,27.1706642905656));
#8292=CARTESIAN_POINT('Ctrl Pts',(-22.0636626612468,-2.48,27.7372089535202));
#8293=CARTESIAN_POINT('Ctrl Pts',(-22.0636626612468,-2.48,28.4019546913869));
#8294=CARTESIAN_POINT('Ctrl Pts',(-22.0636626612468,-2.48,29.3386418674718));
#8295=CARTESIAN_POINT('Ctrl Pts',(-21.300715848468,-2.48,30.1015886802506));
#8296=CARTESIAN_POINT('Ctrl Pts',(-20.3640286723831,-2.48,30.1015886802506));
#8297=CARTESIAN_POINT('Ctrl Pts',(-19.4273414962981,-2.48,30.1015886802506));
#8298=CARTESIAN_POINT('Ctrl Pts',(-18.6643946835193,-2.48,29.3386418674718));
#8299=CARTESIAN_POINT('Ctrl Pts',(-18.6643946835193,-2.48,28.4019546913869));
#8300=CARTESIAN_POINT('Ctrl Pts',(-18.6643946835193,-2.48,27.7372089535202));
#8301=CARTESIAN_POINT('Ctrl Pts',(-19.0496450543284,-2.48,27.1706642905656));
#8302=CARTESIAN_POINT('Ctrl Pts',(-19.6086357884436,-2.48,26.891168923508));
#8303=CARTESIAN_POINT('Origin',(-21.1194215563225,-2.5,23.4314695150653));
#8304=CARTESIAN_POINT('',(-21.1194215563225,-2.48,23.4314695150653));
#8305=CARTESIAN_POINT('',(-21.1194215563225,-2.5,23.4314695150653));
#8306=CARTESIAN_POINT('',(-21.1194215563225,-2.48,26.891168923508));
#8307=CARTESIAN_POINT('Origin',(-22.9927959084924,-2.5,21.5580951628954));
#8308=CARTESIAN_POINT('',(-22.9927959084924,-2.48,21.5580951628954));
#8309=CARTESIAN_POINT('',(-22.9927959084924,-2.5,21.5580951628954));
#8310=CARTESIAN_POINT('',(-21.1194215563225,-2.48,23.4314695150653));
#8311=CARTESIAN_POINT('Origin',(-26.0974606614835,-2.5,24.6627599158866));
#8312=CARTESIAN_POINT('',(-26.0974606614835,-2.48,24.6627599158866));
#8313=CARTESIAN_POINT('',(-26.0974606614835,-2.5,24.6627599158866));
#8314=CARTESIAN_POINT('',(-22.9927959084924,-2.48,21.5580951628954));
#8315=CARTESIAN_POINT('Origin',(-31.3096715606657,-2.5,24.6627599158866));
#8316=CARTESIAN_POINT('',(-26.0974606614835,-2.48,24.6627599158866));
#8317=CARTESIAN_POINT('Origin',(-26.5922430004638,-2.48,24.7609609907987));
#8318=CARTESIAN_POINT('Origin',(8.66521723646724,-2.5,-11.14349002849));
#8319=CARTESIAN_POINT('',(8.66521723646724,-2.48,-11.14349002849));
#8320=CARTESIAN_POINT('',(8.66521723646724,-2.5,-11.14349002849));
#8321=CARTESIAN_POINT('',(11.0794836182336,-2.48,-11.14349002849));
#8322=CARTESIAN_POINT('',(11.0794836182336,-2.48,-11.14349002849));
#8323=CARTESIAN_POINT('',(11.0794836182336,-2.5,-11.14349002849));
#8324=CARTESIAN_POINT('Origin',(8.66521723646724,-2.5,-22.));
#8325=CARTESIAN_POINT('',(8.66521723646724,-2.48,-22.));
#8326=CARTESIAN_POINT('',(8.66521723646724,-2.5,-22.));
#8327=CARTESIAN_POINT('',(8.66521723646724,-2.48,-11.14349002849));
#8328=CARTESIAN_POINT('Origin',(11.0794836182336,-2.5,-22.));
#8329=CARTESIAN_POINT('',(11.0794836182336,-2.48,-22.));
#8330=CARTESIAN_POINT('',(11.0794836182336,-2.5,-22.));
#8331=CARTESIAN_POINT('',(8.66521723646724,-2.48,-22.));
#8332=CARTESIAN_POINT('Origin',(11.0794836182336,-2.5,-11.14349002849));
#8333=CARTESIAN_POINT('',(11.0794836182336,-2.48,-22.));
#8334=CARTESIAN_POINT('Origin',(9.8723504273504,-2.48,-16.571745014245));
#8335=CARTESIAN_POINT('Ctrl Pts',(20.9557052428241,-2.5,30.4258387388778));
#8336=CARTESIAN_POINT('Ctrl Pts',(20.9557052428241,-2.48,30.4258387388778));
#8337=CARTESIAN_POINT('Ctrl Pts',(21.4648653223458,-2.5,30.1512355499223));
#8338=CARTESIAN_POINT('Ctrl Pts',(21.4648653223458,-2.48,30.1512355499223));
#8339=CARTESIAN_POINT('Ctrl Pts',(21.876770105779,-2.5,29.7622143655686));
#8340=CARTESIAN_POINT('Ctrl Pts',(21.876770105779,-2.48,29.7622143655686));
#8341=CARTESIAN_POINT('Ctrl Pts',(22.1799777935841,-2.5,29.2644960855868));
#8342=CARTESIAN_POINT('Ctrl Pts',(22.1799777935841,-2.48,29.2644960855868));
#8343=CARTESIAN_POINT('Ctrl Pts',(22.4831854813892,-2.5,28.7667778056049));
#8344=CARTESIAN_POINT('Ctrl Pts',(22.4831854813892,-2.48,28.7667778056049));
#8345=CARTESIAN_POINT('Ctrl Pts',(22.6376497751766,-2.5,28.1660833297647));
#8346=CARTESIAN_POINT('Ctrl Pts',(22.6376497751766,-2.48,28.1660833297647));
#8347=CARTESIAN_POINT('Ctrl Pts',(22.6376497751766,-2.5,27.4681335578361));
#8348=CARTESIAN_POINT('Ctrl Pts',(22.6376497751766,-2.48,27.4681335578361));
#8349=CARTESIAN_POINT('',(20.9557052428241,-2.48,30.4258387388778));
#8350=CARTESIAN_POINT('',(20.9557052428241,-2.5,30.4258387388778));
#8351=CARTESIAN_POINT('',(22.6376497751766,-2.48,27.4681335578361));
#8352=CARTESIAN_POINT('Ctrl Pts',(20.9557052428241,-2.48,30.4258387388778));
#8353=CARTESIAN_POINT('Ctrl Pts',(21.4648653223458,-2.48,30.1512355499223));
#8354=CARTESIAN_POINT('Ctrl Pts',(21.876770105779,-2.48,29.7622143655686));
#8355=CARTESIAN_POINT('Ctrl Pts',(22.1799777935841,-2.48,29.2644960855868));
#8356=CARTESIAN_POINT('Ctrl Pts',(22.4831854813892,-2.48,28.7667778056049));
#8357=CARTESIAN_POINT('Ctrl Pts',(22.6376497751766,-2.48,28.1660833297647));
#8358=CARTESIAN_POINT('Ctrl Pts',(22.6376497751766,-2.48,27.4681335578361));
#8359=CARTESIAN_POINT('',(22.6376497751766,-2.5,27.4681335578361));
#8360=CARTESIAN_POINT('Origin',(20.9557052428241,-2.5,30.4315596386477));
#8361=CARTESIAN_POINT('',(20.9557052428241,-2.48,30.4315596386477));
#8362=CARTESIAN_POINT('',(20.9557052428241,-2.5,30.4315596386477));
#8363=CARTESIAN_POINT('',(20.9557052428241,-2.48,30.4258387388778));
#8364=CARTESIAN_POINT('Ctrl Pts',(16.2130793335714,-2.5,29.2587751858169));
#8365=CARTESIAN_POINT('Ctrl Pts',(16.2130793335714,-2.48,29.2587751858169));
#8366=CARTESIAN_POINT('Ctrl Pts',(16.544891520226,-2.5,29.7507725660288));
#8367=CARTESIAN_POINT('Ctrl Pts',(16.544891520226,-2.48,29.7507725660288));
#8368=CARTESIAN_POINT('Ctrl Pts',(16.9682381031991,-2.5,30.1397937503825));
#8369=CARTESIAN_POINT('Ctrl Pts',(16.9682381031991,-2.48,30.1397937503825));
#8370=CARTESIAN_POINT('Ctrl Pts',(17.4945608820305,-2.5,30.4201178391079));
#8371=CARTESIAN_POINT('Ctrl Pts',(17.4945608820305,-2.48,30.4201178391079));
#8372=CARTESIAN_POINT('Ctrl Pts',(18.0208836608619,-2.5,30.7004419278334));
#8373=CARTESIAN_POINT('Ctrl Pts',(18.0208836608619,-2.48,30.7004419278334));
#8374=CARTESIAN_POINT('Ctrl Pts',(18.570090038773,-2.5,30.843464422081));
#8375=CARTESIAN_POINT('Ctrl Pts',(18.570090038773,-2.48,30.843464422081));
#8376=CARTESIAN_POINT('Ctrl Pts',(19.2165517127724,-2.5,30.843464422081));
#8377=CARTESIAN_POINT('Ctrl Pts',(19.2165517127724,-2.48,30.843464422081));
#8378=CARTESIAN_POINT('Ctrl Pts',(19.8630133867719,-2.5,30.843464422081));
#8379=CARTESIAN_POINT('Ctrl Pts',(19.8630133867719,-2.48,30.843464422081));
#8380=CARTESIAN_POINT('Ctrl Pts',(20.4465451633024,-2.5,30.7061628276033));
#8381=CARTESIAN_POINT('Ctrl Pts',(20.4465451633024,-2.48,30.7061628276033));
#8382=CARTESIAN_POINT('Ctrl Pts',(20.9557052428241,-2.5,30.4315596386477));
#8383=CARTESIAN_POINT('Ctrl Pts',(20.9557052428241,-2.48,30.4315596386477));
#8384=CARTESIAN_POINT('',(16.2130793335714,-2.48,29.2587751858169));
#8385=CARTESIAN_POINT('',(16.2130793335714,-2.5,29.2587751858169));
#8386=CARTESIAN_POINT('Ctrl Pts',(16.2130793335714,-2.48,29.2587751858169));
#8387=CARTESIAN_POINT('Ctrl Pts',(16.544891520226,-2.48,29.7507725660288));
#8388=CARTESIAN_POINT('Ctrl Pts',(16.9682381031991,-2.48,30.1397937503825));
#8389=CARTESIAN_POINT('Ctrl Pts',(17.4945608820305,-2.48,30.4201178391079));
#8390=CARTESIAN_POINT('Ctrl Pts',(18.0208836608619,-2.48,30.7004419278334));
#8391=CARTESIAN_POINT('Ctrl Pts',(18.570090038773,-2.48,30.843464422081));
#8392=CARTESIAN_POINT('Ctrl Pts',(19.2165517127724,-2.48,30.843464422081));
#8393=CARTESIAN_POINT('Ctrl Pts',(19.8630133867719,-2.48,30.843464422081));
#8394=CARTESIAN_POINT('Ctrl Pts',(20.4465451633024,-2.48,30.7061628276033));
#8395=CARTESIAN_POINT('Ctrl Pts',(20.9557052428241,-2.48,30.4315596386477));
#8396=CARTESIAN_POINT('Ctrl Pts',(16.1959166342617,-2.5,29.2187288874275));
#8397=CARTESIAN_POINT('Ctrl Pts',(16.1959166342617,-2.48,29.2187288874275));
#8398=CARTESIAN_POINT('Ctrl Pts',(16.2016375340316,-2.5,29.2301706869673));
#8399=CARTESIAN_POINT('Ctrl Pts',(16.2016375340316,-2.48,29.2301706869673));
#8400=CARTESIAN_POINT('Ctrl Pts',(16.2073584338015,-2.5,29.247333386277));
#8401=CARTESIAN_POINT('Ctrl Pts',(16.2073584338015,-2.48,29.247333386277));
#8402=CARTESIAN_POINT('Ctrl Pts',(16.2130793335714,-2.5,29.2587751858169));
#8403=CARTESIAN_POINT('Ctrl Pts',(16.2130793335714,-2.48,29.2587751858169));
#8404=CARTESIAN_POINT('',(16.1959166342617,-2.48,29.2187288874275));
#8405=CARTESIAN_POINT('',(16.1959166342617,-2.5,29.2187288874275));
#8406=CARTESIAN_POINT('Ctrl Pts',(16.1959166342617,-2.48,29.2187288874275));
#8407=CARTESIAN_POINT('Ctrl Pts',(16.2016375340316,-2.48,29.2301706869673));
#8408=CARTESIAN_POINT('Ctrl Pts',(16.2073584338015,-2.48,29.247333386277));
#8409=CARTESIAN_POINT('Ctrl Pts',(16.2130793335714,-2.48,29.2587751858169));
#8410=CARTESIAN_POINT('Ctrl Pts',(16.178753934952,-2.5,29.2644960855868));
#8411=CARTESIAN_POINT('Ctrl Pts',(16.178753934952,-2.48,29.2644960855868));
#8412=CARTESIAN_POINT('Ctrl Pts',(16.1844748347219,-2.5,29.2530542860469));
#8413=CARTESIAN_POINT('Ctrl Pts',(16.1844748347219,-2.48,29.2530542860469));
#8414=CARTESIAN_POINT('Ctrl Pts',(16.1901957344918,-2.5,29.2358915867372));
#8415=CARTESIAN_POINT('Ctrl Pts',(16.1901957344918,-2.48,29.2358915867372));
#8416=CARTESIAN_POINT('Ctrl Pts',(16.1959166342617,-2.5,29.2187288874275));
#8417=CARTESIAN_POINT('Ctrl Pts',(16.1959166342617,-2.48,29.2187288874275));
#8418=CARTESIAN_POINT('',(16.178753934952,-2.48,29.2644960855868));
#8419=CARTESIAN_POINT('',(16.178753934952,-2.5,29.2644960855868));
#8420=CARTESIAN_POINT('Ctrl Pts',(16.178753934952,-2.48,29.2644960855868));
#8421=CARTESIAN_POINT('Ctrl Pts',(16.1844748347219,-2.48,29.2530542860469));
#8422=CARTESIAN_POINT('Ctrl Pts',(16.1901957344918,-2.48,29.2358915867372));
#8423=CARTESIAN_POINT('Ctrl Pts',(16.1959166342617,-2.48,29.2187288874275));
#8424=CARTESIAN_POINT('Ctrl Pts',(11.5677087204071,-2.5,30.414396939338));
#8425=CARTESIAN_POINT('Ctrl Pts',(11.5677087204071,-2.48,30.414396939338));
#8426=CARTESIAN_POINT('Ctrl Pts',(12.0768687999289,-2.5,30.6947210280635));
#8427=CARTESIAN_POINT('Ctrl Pts',(12.0768687999289,-2.48,30.6947210280635));
#8428=CARTESIAN_POINT('Ctrl Pts',(12.6661214762293,-2.5,30.8377435223111));
#8429=CARTESIAN_POINT('Ctrl Pts',(12.6661214762293,-2.48,30.8377435223111));
#8430=CARTESIAN_POINT('Ctrl Pts',(13.2896995511491,-2.5,30.8377435223111));
#8431=CARTESIAN_POINT('Ctrl Pts',(13.2896995511491,-2.48,30.8377435223111));
#8432=CARTESIAN_POINT('Ctrl Pts',(13.9132776260689,-2.5,30.8377435223111));
#8433=CARTESIAN_POINT('Ctrl Pts',(13.9132776260689,-2.48,30.8377435223111));
#8434=CARTESIAN_POINT('Ctrl Pts',(14.4796467032897,-2.5,30.7004419278333));
#8435=CARTESIAN_POINT('Ctrl Pts',(14.4796467032897,-2.48,30.7004419278333));
#8436=CARTESIAN_POINT('Ctrl Pts',(14.9830858830415,-2.5,30.4258387388778));
#8437=CARTESIAN_POINT('Ctrl Pts',(14.9830858830415,-2.48,30.4258387388778));
#8438=CARTESIAN_POINT('Ctrl Pts',(15.4865250627933,-2.5,30.1512355499223));
#8439=CARTESIAN_POINT('Ctrl Pts',(15.4865250627933,-2.48,30.1512355499223));
#8440=CARTESIAN_POINT('Ctrl Pts',(15.8869880466867,-2.5,29.7622143655686));
#8441=CARTESIAN_POINT('Ctrl Pts',(15.8869880466867,-2.48,29.7622143655686));
#8442=CARTESIAN_POINT('Ctrl Pts',(16.178753934952,-2.5,29.2644960855868));
#8443=CARTESIAN_POINT('Ctrl Pts',(16.178753934952,-2.48,29.2644960855868));
#8444=CARTESIAN_POINT('',(11.5677087204071,-2.48,30.414396939338));
#8445=CARTESIAN_POINT('',(11.5677087204071,-2.5,30.414396939338));
#8446=CARTESIAN_POINT('Ctrl Pts',(11.5677087204071,-2.48,30.414396939338));
#8447=CARTESIAN_POINT('Ctrl Pts',(12.0768687999289,-2.48,30.6947210280635));
#8448=CARTESIAN_POINT('Ctrl Pts',(12.6661214762293,-2.48,30.8377435223111));
#8449=CARTESIAN_POINT('Ctrl Pts',(13.2896995511491,-2.48,30.8377435223111));
#8450=CARTESIAN_POINT('Ctrl Pts',(13.9132776260689,-2.48,30.8377435223111));
#8451=CARTESIAN_POINT('Ctrl Pts',(14.4796467032897,-2.48,30.7004419278333));
#8452=CARTESIAN_POINT('Ctrl Pts',(14.9830858830415,-2.48,30.4258387388778));
#8453=CARTESIAN_POINT('Ctrl Pts',(15.4865250627933,-2.48,30.1512355499223));
#8454=CARTESIAN_POINT('Ctrl Pts',(15.8869880466867,-2.48,29.7622143655686));
#8455=CARTESIAN_POINT('Ctrl Pts',(16.178753934952,-2.48,29.2644960855868));
#8456=CARTESIAN_POINT('Ctrl Pts',(10.6123184588327,-2.5,29.5677037733918));
#8457=CARTESIAN_POINT('Ctrl Pts',(10.6123184588327,-2.48,29.5677037733918));
#8458=CARTESIAN_POINT('Ctrl Pts',(10.8754798482484,-2.5,29.9052368598163));
#8459=CARTESIAN_POINT('Ctrl Pts',(10.8754798482484,-2.48,29.9052368598163));
#8460=CARTESIAN_POINT('Ctrl Pts',(11.1786875360535,-2.5,30.2027236478515));
#8461=CARTESIAN_POINT('Ctrl Pts',(11.1786875360535,-2.48,30.2027236478515));
#8462=CARTESIAN_POINT('Ctrl Pts',(11.5677087204072,-2.5,30.414396939338));
#8463=CARTESIAN_POINT('Ctrl Pts',(11.5677087204072,-2.48,30.414396939338));
#8464=CARTESIAN_POINT('',(10.6123184588327,-2.48,29.5677037733918));
#8465=CARTESIAN_POINT('',(10.6123184588327,-2.5,29.5677037733918));
#8466=CARTESIAN_POINT('Ctrl Pts',(10.6123184588327,-2.48,29.5677037733918));
#8467=CARTESIAN_POINT('Ctrl Pts',(10.8754798482484,-2.48,29.9052368598163));
#8468=CARTESIAN_POINT('Ctrl Pts',(11.1786875360535,-2.48,30.2027236478515));
#8469=CARTESIAN_POINT('Ctrl Pts',(11.5677087204072,-2.48,30.414396939338));
#8470=CARTESIAN_POINT('Origin',(10.6123184588327,-2.5,30.6489538299042));
#8471=CARTESIAN_POINT('',(10.6123184588327,-2.48,30.6489538299042));
#8472=CARTESIAN_POINT('',(10.6123184588327,-2.5,30.6489538299042));
#8473=CARTESIAN_POINT('',(10.6123184588327,-2.48,29.5677037733918));
#8474=CARTESIAN_POINT('Origin',(8.93037392648019,-2.5,30.6489538299042));
#8475=CARTESIAN_POINT('',(8.93037392648019,-2.48,30.6489538299042));
#8476=CARTESIAN_POINT('',(8.93037392648019,-2.5,30.6489538299042));
#8477=CARTESIAN_POINT('',(10.6123184588327,-2.48,30.6489538299042));
#8478=CARTESIAN_POINT('Origin',(8.93037392648019,-2.5,21.7586755874692));
#8479=CARTESIAN_POINT('',(8.93037392648019,-2.48,21.7586755874692));
#8480=CARTESIAN_POINT('',(8.93037392648019,-2.5,21.7586755874692));
#8481=CARTESIAN_POINT('',(8.93037392648019,-2.48,30.6489538299042));
#8482=CARTESIAN_POINT('Origin',(10.6123184588327,-2.5,21.7586755874692));
#8483=CARTESIAN_POINT('',(10.6123184588327,-2.48,21.7586755874692));
#8484=CARTESIAN_POINT('',(10.6123184588327,-2.5,21.7586755874692));
#8485=CARTESIAN_POINT('',(8.93037392648019,-2.48,21.7586755874692));
#8486=CARTESIAN_POINT('Origin',(10.6123184588327,-2.5,27.1477631707213));
#8487=CARTESIAN_POINT('',(10.6123184588327,-2.48,27.1477631707213));
#8488=CARTESIAN_POINT('',(10.6123184588327,-2.5,27.1477631707213));
#8489=CARTESIAN_POINT('',(10.6123184588327,-2.48,21.7586755874692));
#8490=CARTESIAN_POINT('Ctrl Pts',(10.6123184588327,-2.5,27.1477631707213));
#8491=CARTESIAN_POINT('Ctrl Pts',(10.6123026833685,-2.5,27.7965268300692));
#8492=CARTESIAN_POINT('Ctrl Pts',(10.9098052468679,-2.5,28.269059525623));
#8493=CARTESIAN_POINT('Ctrl Pts',(10.6123184588327,-2.48,27.1477631707213));
#8494=CARTESIAN_POINT('Ctrl Pts',(10.6123026833685,-2.48,27.7965268300692));
#8495=CARTESIAN_POINT('Ctrl Pts',(10.9098052468679,-2.48,28.269059525623));
#8496=CARTESIAN_POINT('',(10.9098052468679,-2.48,28.269059525623));
#8497=CARTESIAN_POINT('',(10.9098052468679,-2.5,28.269059525623));
#8498=CARTESIAN_POINT('Origin',(16.0046743332397,-2.48,24.6024284215344));
#8499=CARTESIAN_POINT('Ctrl Pts',(11.6935685153451,-2.5,29.001334696171));
#8500=CARTESIAN_POINT('Ctrl Pts',(11.6935685153451,-2.48,29.001334696171));
#8501=CARTESIAN_POINT('Ctrl Pts',(11.3731981282303,-2.5,28.8239868033039));
#8502=CARTESIAN_POINT('Ctrl Pts',(11.3731981282303,-2.48,28.8239868033039));
#8503=CARTESIAN_POINT('Ctrl Pts',(11.1100367388146,-2.5,28.5837090129679));
#8504=CARTESIAN_POINT('Ctrl Pts',(11.1100367388146,-2.48,28.5837090129679));
#8505=CARTESIAN_POINT('Ctrl Pts',(10.9098052468679,-2.5,28.269059525623));
#8506=CARTESIAN_POINT('Ctrl Pts',(10.9098052468679,-2.48,28.269059525623));
#8507=CARTESIAN_POINT('',(11.6935685153451,-2.48,29.001334696171));
#8508=CARTESIAN_POINT('',(11.6935685153451,-2.5,29.001334696171));
#8509=CARTESIAN_POINT('Ctrl Pts',(11.6935685153451,-2.48,29.001334696171));
#8510=CARTESIAN_POINT('Ctrl Pts',(11.3731981282303,-2.48,28.8239868033039));
#8511=CARTESIAN_POINT('Ctrl Pts',(11.1100367388146,-2.48,28.5837090129679));
#8512=CARTESIAN_POINT('Ctrl Pts',(10.9098052468679,-2.48,28.269059525623));
#8513=CARTESIAN_POINT('Ctrl Pts',(14.3251824095022,-2.5,28.6924061085961));
#8514=CARTESIAN_POINT('Ctrl Pts',(14.3251824095022,-2.48,28.6924061085961));
#8515=CARTESIAN_POINT('Ctrl Pts',(13.9189985258388,-2.5,29.0757063931798));
#8516=CARTESIAN_POINT('Ctrl Pts',(13.9189985258388,-2.48,29.0757063931798));
#8517=CARTESIAN_POINT('Ctrl Pts',(13.4098384463171,-2.5,29.2644960855868));
#8518=CARTESIAN_POINT('Ctrl Pts',(13.4098384463171,-2.48,29.2644960855868));
#8519=CARTESIAN_POINT('Ctrl Pts',(12.7977021709371,-2.5,29.2644960855868));
#8520=CARTESIAN_POINT('Ctrl Pts',(12.7977021709371,-2.48,29.2644960855868));
#8521=CARTESIAN_POINT('Ctrl Pts',(12.3857973875038,-2.5,29.2644960855868));
#8522=CARTESIAN_POINT('Ctrl Pts',(12.3857973875038,-2.48,29.2644960855868));
#8523=CARTESIAN_POINT('Ctrl Pts',(12.0196598022298,-2.5,29.1729616892682));
#8524=CARTESIAN_POINT('Ctrl Pts',(12.0196598022298,-2.48,29.1729616892682));
#8525=CARTESIAN_POINT('Ctrl Pts',(11.6935685153451,-2.5,29.001334696171));
#8526=CARTESIAN_POINT('Ctrl Pts',(11.6935685153451,-2.48,29.001334696171));
#8527=CARTESIAN_POINT('',(14.3251824095022,-2.48,28.6924061085961));
#8528=CARTESIAN_POINT('',(14.3251824095022,-2.5,28.6924061085961));
#8529=CARTESIAN_POINT('Ctrl Pts',(14.3251824095022,-2.48,28.6924061085961));
#8530=CARTESIAN_POINT('Ctrl Pts',(13.9189985258388,-2.48,29.0757063931798));
#8531=CARTESIAN_POINT('Ctrl Pts',(13.4098384463171,-2.48,29.2644960855868));
#8532=CARTESIAN_POINT('Ctrl Pts',(12.7977021709371,-2.48,29.2644960855868));
#8533=CARTESIAN_POINT('Ctrl Pts',(12.3857973875038,-2.48,29.2644960855868));
#8534=CARTESIAN_POINT('Ctrl Pts',(12.0196598022298,-2.48,29.1729616892682));
#8535=CARTESIAN_POINT('Ctrl Pts',(11.6935685153451,-2.48,29.001334696171));
#8536=CARTESIAN_POINT('Ctrl Pts',(14.9315977851123,-2.5,27.1306004714116));
#8537=CARTESIAN_POINT('Ctrl Pts',(14.9315977851123,-2.48,27.1306004714116));
#8538=CARTESIAN_POINT('Ctrl Pts',(14.9315977851123,-2.5,27.7942248447207));
#8539=CARTESIAN_POINT('Ctrl Pts',(14.9315977851123,-2.48,27.7942248447207));
#8540=CARTESIAN_POINT('Ctrl Pts',(14.7313662931656,-2.5,28.3148267237823));
#8541=CARTESIAN_POINT('Ctrl Pts',(14.7313662931656,-2.48,28.3148267237823));
#8542=CARTESIAN_POINT('Ctrl Pts',(14.3251824095022,-2.5,28.6924061085961));
#8543=CARTESIAN_POINT('Ctrl Pts',(14.3251824095022,-2.48,28.6924061085961));
#8544=CARTESIAN_POINT('',(14.9315977851123,-2.48,27.1306004714116));
#8545=CARTESIAN_POINT('',(14.9315977851123,-2.5,27.1306004714116));
#8546=CARTESIAN_POINT('Ctrl Pts',(14.9315977851123,-2.48,27.1306004714116));
#8547=CARTESIAN_POINT('Ctrl Pts',(14.9315977851123,-2.48,27.7942248447207));
#8548=CARTESIAN_POINT('Ctrl Pts',(14.7313662931656,-2.48,28.3148267237823));
#8549=CARTESIAN_POINT('Ctrl Pts',(14.3251824095022,-2.48,28.6924061085961));
#8550=CARTESIAN_POINT('Origin',(14.9315977851123,-2.5,21.7586755874692));
#8551=CARTESIAN_POINT('',(14.9315977851123,-2.48,21.7586755874692));
#8552=CARTESIAN_POINT('',(14.9315977851123,-2.5,21.7586755874692));
#8553=CARTESIAN_POINT('',(14.9315977851123,-2.48,27.1306004714116));
#8554=CARTESIAN_POINT('Origin',(16.6135423174649,-2.5,21.7586755874692));
#8555=CARTESIAN_POINT('',(16.6135423174649,-2.48,21.7586755874692));
#8556=CARTESIAN_POINT('',(16.6135423174649,-2.5,21.7586755874692));
#8557=CARTESIAN_POINT('',(14.9315977851123,-2.48,21.7586755874692));
#8558=CARTESIAN_POINT('Origin',(16.6135423174649,-2.5,27.1477631707213));
#8559=CARTESIAN_POINT('',(16.6135423174649,-2.48,27.1477631707213));
#8560=CARTESIAN_POINT('',(16.6135423174649,-2.5,27.1477631707213));
#8561=CARTESIAN_POINT('',(16.6135423174649,-2.48,21.7586755874692));
#8562=CARTESIAN_POINT('Ctrl Pts',(17.706234173517,-2.5,29.001334696171));
#8563=CARTESIAN_POINT('Ctrl Pts',(17.706234173517,-2.48,29.001334696171));
#8564=CARTESIAN_POINT('Ctrl Pts',(17.3744219868625,-2.5,28.8239868033039));
#8565=CARTESIAN_POINT('Ctrl Pts',(17.3744219868625,-2.48,28.8239868033039));
#8566=CARTESIAN_POINT('Ctrl Pts',(17.1112605974467,-2.5,28.577988113198));
#8567=CARTESIAN_POINT('Ctrl Pts',(17.1112605974467,-2.48,28.577988113198));
#8568=CARTESIAN_POINT('Ctrl Pts',(16.9110291055,-2.5,28.269059525623));
#8569=CARTESIAN_POINT('Ctrl Pts',(16.9110291055,-2.48,28.269059525623));
#8570=CARTESIAN_POINT('Ctrl Pts',(16.7107976135533,-2.5,27.960130938048));
#8571=CARTESIAN_POINT('Ctrl Pts',(16.7107976135533,-2.48,27.960130938048));
#8572=CARTESIAN_POINT('Ctrl Pts',(16.6135423174649,-2.5,27.5825515532342));
#8573=CARTESIAN_POINT('Ctrl Pts',(16.6135423174649,-2.48,27.5825515532342));
#8574=CARTESIAN_POINT('Ctrl Pts',(16.6135423174649,-2.5,27.1477631707213));
#8575=CARTESIAN_POINT('Ctrl Pts',(16.6135423174649,-2.48,27.1477631707213));
#8576=CARTESIAN_POINT('',(17.706234173517,-2.48,29.001334696171));
#8577=CARTESIAN_POINT('',(17.706234173517,-2.5,29.001334696171));
#8578=CARTESIAN_POINT('Ctrl Pts',(17.706234173517,-2.48,29.001334696171));
#8579=CARTESIAN_POINT('Ctrl Pts',(17.3744219868625,-2.48,28.8239868033039));
#8580=CARTESIAN_POINT('Ctrl Pts',(17.1112605974467,-2.48,28.577988113198));
#8581=CARTESIAN_POINT('Ctrl Pts',(16.9110291055,-2.48,28.269059525623));
#8582=CARTESIAN_POINT('Ctrl Pts',(16.7107976135533,-2.48,27.960130938048));
#8583=CARTESIAN_POINT('Ctrl Pts',(16.6135423174649,-2.48,27.5825515532342));
#8584=CARTESIAN_POINT('Ctrl Pts',(16.6135423174649,-2.48,27.1477631707213));
#8585=CARTESIAN_POINT('Ctrl Pts',(20.3264062681343,-2.5,28.6924061085961));
#8586=CARTESIAN_POINT('Ctrl Pts',(20.3264062681343,-2.48,28.6924061085961));
#8587=CARTESIAN_POINT('Ctrl Pts',(19.920222384471,-2.5,29.0757063931798));
#8588=CARTESIAN_POINT('Ctrl Pts',(19.920222384471,-2.48,29.0757063931798));
#8589=CARTESIAN_POINT('Ctrl Pts',(19.4225041044891,-2.5,29.2644960855868));
#8590=CARTESIAN_POINT('Ctrl Pts',(19.4225041044891,-2.48,29.2644960855868));
#8591=CARTESIAN_POINT('Ctrl Pts',(18.8218096286489,-2.5,29.2644960855868));
#8592=CARTESIAN_POINT('Ctrl Pts',(18.8218096286489,-2.48,29.2644960855868));
#8593=CARTESIAN_POINT('Ctrl Pts',(18.4099048452156,-2.5,29.2644960855868));
#8594=CARTESIAN_POINT('Ctrl Pts',(18.4099048452156,-2.48,29.2644960855868));
#8595=CARTESIAN_POINT('Ctrl Pts',(18.0380463601717,-2.5,29.1729616892682));
#8596=CARTESIAN_POINT('Ctrl Pts',(18.0380463601717,-2.48,29.1729616892682));
#8597=CARTESIAN_POINT('Ctrl Pts',(17.706234173517,-2.5,29.001334696171));
#8598=CARTESIAN_POINT('Ctrl Pts',(17.706234173517,-2.48,29.001334696171));
#8599=CARTESIAN_POINT('',(20.3264062681343,-2.48,28.6924061085961));
#8600=CARTESIAN_POINT('',(20.3264062681343,-2.5,28.6924061085961));
#8601=CARTESIAN_POINT('Ctrl Pts',(20.3264062681343,-2.48,28.6924061085961));
#8602=CARTESIAN_POINT('Ctrl Pts',(19.920222384471,-2.48,29.0757063931798));
#8603=CARTESIAN_POINT('Ctrl Pts',(19.4225041044891,-2.48,29.2644960855868));
#8604=CARTESIAN_POINT('Ctrl Pts',(18.8218096286489,-2.48,29.2644960855868));
#8605=CARTESIAN_POINT('Ctrl Pts',(18.4099048452156,-2.48,29.2644960855868));
#8606=CARTESIAN_POINT('Ctrl Pts',(18.0380463601717,-2.48,29.1729616892682));
#8607=CARTESIAN_POINT('Ctrl Pts',(17.706234173517,-2.48,29.001334696171));
#8608=CARTESIAN_POINT('Ctrl Pts',(20.9328216437444,-2.5,27.1306004714116));
#8609=CARTESIAN_POINT('Ctrl Pts',(20.9328216437444,-2.48,27.1306004714116));
#8610=CARTESIAN_POINT('Ctrl Pts',(20.9328216437444,-2.5,27.7942248447207));
#8611=CARTESIAN_POINT('Ctrl Pts',(20.9328216437444,-2.48,27.7942248447207));
#8612=CARTESIAN_POINT('Ctrl Pts',(20.7325901517977,-2.5,28.3148267237823));
#8613=CARTESIAN_POINT('Ctrl Pts',(20.7325901517977,-2.48,28.3148267237823));
#8614=CARTESIAN_POINT('Ctrl Pts',(20.3264062681343,-2.5,28.6924061085961));
#8615=CARTESIAN_POINT('Ctrl Pts',(20.3264062681343,-2.48,28.6924061085961));
#8616=CARTESIAN_POINT('',(20.9328216437444,-2.48,27.1306004714116));
#8617=CARTESIAN_POINT('',(20.9328216437444,-2.5,27.1306004714116));
#8618=CARTESIAN_POINT('Ctrl Pts',(20.9328216437444,-2.48,27.1306004714116));
#8619=CARTESIAN_POINT('Ctrl Pts',(20.9328216437444,-2.48,27.7942248447207));
#8620=CARTESIAN_POINT('Ctrl Pts',(20.7325901517977,-2.48,28.3148267237823));
#8621=CARTESIAN_POINT('Ctrl Pts',(20.3264062681343,-2.48,28.6924061085961));
#8622=CARTESIAN_POINT('Origin',(20.9328216437444,-2.5,21.7586755874692));
#8623=CARTESIAN_POINT('',(20.9328216437444,-2.48,21.7586755874692));
#8624=CARTESIAN_POINT('',(20.9328216437444,-2.5,21.7586755874692));
#8625=CARTESIAN_POINT('',(20.9328216437444,-2.48,27.1306004714116));
#8626=CARTESIAN_POINT('Origin',(22.6376497751766,-2.5,21.7586755874692));
#8627=CARTESIAN_POINT('',(22.6376497751766,-2.48,21.7586755874692));
#8628=CARTESIAN_POINT('',(22.6376497751766,-2.5,21.7586755874692));
#8629=CARTESIAN_POINT('',(20.9328216437444,-2.48,21.7586755874692));
#8630=CARTESIAN_POINT('Origin',(22.6376497751766,-2.5,27.4681335578361));
#8631=CARTESIAN_POINT('',(22.6376497751766,-2.48,21.7586755874692));
#8632=CARTESIAN_POINT('Origin',(15.7840118508284,-2.48,26.3010700047751));
#8633=CARTESIAN_POINT('Ctrl Pts',(4.26211971423633,-2.5,28.9384047987021));
#8634=CARTESIAN_POINT('Ctrl Pts',(4.84320885373484,-2.5,28.5914800150157));
#8635=CARTESIAN_POINT('Ctrl Pts',(5.16030097811168,-2.5,27.965851837818));
#8636=CARTESIAN_POINT('Ctrl Pts',(4.26211971423633,-2.48,28.9384047987021));
#8637=CARTESIAN_POINT('Ctrl Pts',(4.84320885373484,-2.48,28.5914800150157));
#8638=CARTESIAN_POINT('Ctrl Pts',(5.16030097811168,-2.48,27.965851837818));
#8639=CARTESIAN_POINT('',(5.16030097811168,-2.5,27.965851837818));
#8640=CARTESIAN_POINT('',(4.26211971423633,-2.5,28.9384047987021));
#8641=CARTESIAN_POINT('Origin',(-2.35183062517453,-2.5,20.9956292880842));
#8642=CARTESIAN_POINT('',(5.16030097811168,-2.48,27.965851837818));
#8643=CARTESIAN_POINT('',(5.16030097811168,-2.5,27.965851837818));
#8644=CARTESIAN_POINT('',(4.26211971423633,-2.48,28.9384047987021));
#8645=CARTESIAN_POINT('Origin',(-2.35183062517453,-2.48,20.9956292880842));
#8646=CARTESIAN_POINT('',(4.26211971423633,-2.5,28.9384047987021));
#8647=CARTESIAN_POINT('Ctrl Pts',(5.42346236752735,-2.5,26.981857077394));
#8648=CARTESIAN_POINT('Ctrl Pts',(5.42346236752735,-2.48,26.981857077394));
#8649=CARTESIAN_POINT('Ctrl Pts',(5.37769516936812,-2.5,27.347994662668));
#8650=CARTESIAN_POINT('Ctrl Pts',(5.37769516936812,-2.48,27.347994662668));
#8651=CARTESIAN_POINT('Ctrl Pts',(5.30332347235934,-2.5,27.6855277490925));
#8652=CARTESIAN_POINT('Ctrl Pts',(5.30332347235934,-2.48,27.6855277490925));
#8653=CARTESIAN_POINT('Ctrl Pts',(5.16030097811168,-2.5,27.965851837818));
#8654=CARTESIAN_POINT('Ctrl Pts',(5.16030097811168,-2.48,27.965851837818));
#8655=CARTESIAN_POINT('',(5.42346236752735,-2.5,26.981857077394));
#8656=CARTESIAN_POINT('Ctrl Pts',(5.42346236752735,-2.5,26.981857077394));
#8657=CARTESIAN_POINT('Ctrl Pts',(5.37769516936812,-2.5,27.347994662668));
#8658=CARTESIAN_POINT('Ctrl Pts',(5.30332347235934,-2.5,27.6855277490925));
#8659=CARTESIAN_POINT('Ctrl Pts',(5.16030097811168,-2.5,27.965851837818));
#8660=CARTESIAN_POINT('',(5.42346236752735,-2.48,26.981857077394));
#8661=CARTESIAN_POINT('',(5.42346236752735,-2.5,26.981857077394));
#8662=CARTESIAN_POINT('Ctrl Pts',(5.42346236752735,-2.48,26.981857077394));
#8663=CARTESIAN_POINT('Ctrl Pts',(5.37769516936812,-2.48,27.347994662668));
#8664=CARTESIAN_POINT('Ctrl Pts',(5.30332347235934,-2.48,27.6855277490925));
#8665=CARTESIAN_POINT('Ctrl Pts',(5.16030097811168,-2.48,27.965851837818));
#8666=CARTESIAN_POINT('Origin',(0.0458165838150659,-2.5,26.981857077394));
#8667=CARTESIAN_POINT('',(0.0458165838150659,-2.5,26.981857077394));
#8668=CARTESIAN_POINT('',(0.022908291907533,-2.5,26.981857077394));
#8669=CARTESIAN_POINT('',(0.0458165838150659,-2.48,26.981857077394));
#8670=CARTESIAN_POINT('',(0.0458165838150659,-2.5,26.981857077394));
#8671=CARTESIAN_POINT('',(5.42346236752739,-2.48,26.981857077394));
#8672=CARTESIAN_POINT('Ctrl Pts',(0.326140672540509,-2.5,27.8628756419596));
#8673=CARTESIAN_POINT('Ctrl Pts',(0.326140672540509,-2.48,27.8628756419596));
#8674=CARTESIAN_POINT('Ctrl Pts',(0.188839078062726,-2.5,27.5997142525439));
#8675=CARTESIAN_POINT('Ctrl Pts',(0.188839078062726,-2.48,27.5997142525439));
#8676=CARTESIAN_POINT('Ctrl Pts',(0.103025581514116,-2.5,27.3022274645088));
#8677=CARTESIAN_POINT('Ctrl Pts',(0.103025581514116,-2.48,27.3022274645088));
#8678=CARTESIAN_POINT('Ctrl Pts',(0.0458165838150659,-2.5,26.981857077394));
#8679=CARTESIAN_POINT('Ctrl Pts',(0.0458165838150659,-2.48,26.981857077394));
#8680=CARTESIAN_POINT('',(0.326140672540509,-2.5,27.8628756419596));
#8681=CARTESIAN_POINT('Ctrl Pts',(0.326140672540509,-2.5,27.8628756419596));
#8682=CARTESIAN_POINT('Ctrl Pts',(0.188839078062726,-2.5,27.5997142525439));
#8683=CARTESIAN_POINT('Ctrl Pts',(0.103025581514116,-2.5,27.3022274645088));
#8684=CARTESIAN_POINT('Ctrl Pts',(0.0458165838150659,-2.5,26.981857077394));
#8685=CARTESIAN_POINT('',(0.326140672540509,-2.48,27.8628756419596));
#8686=CARTESIAN_POINT('',(0.326140672540509,-2.5,27.8628756419596));
#8687=CARTESIAN_POINT('Ctrl Pts',(0.326140672540509,-2.48,27.8628756419596));
#8688=CARTESIAN_POINT('Ctrl Pts',(0.188839078062726,-2.48,27.5997142525439));
#8689=CARTESIAN_POINT('Ctrl Pts',(0.103025581514116,-2.48,27.3022274645088));
#8690=CARTESIAN_POINT('Ctrl Pts',(0.0458165838150659,-2.48,26.981857077394));
#8691=CARTESIAN_POINT('Ctrl Pts',(0.326140672540506,-2.5,27.8628756419596));
#8692=CARTESIAN_POINT('Ctrl Pts',(0.6832129142748,-2.5,28.5421616440574));
#8693=CARTESIAN_POINT('Ctrl Pts',(1.33301903204408,-2.5,28.9098002998525));
#8694=CARTESIAN_POINT('Ctrl Pts',(0.326140672540506,-2.48,27.8628756419596));
#8695=CARTESIAN_POINT('Ctrl Pts',(0.6832129142748,-2.48,28.5421616440574));
#8696=CARTESIAN_POINT('Ctrl Pts',(1.33301903204408,-2.48,28.9098002998525));
#8697=CARTESIAN_POINT('',(1.33301903204408,-2.5,28.9098002998525));
#8698=CARTESIAN_POINT('Origin',(7.44312349567794,-2.5,21.3454947516818));
#8699=CARTESIAN_POINT('',(1.33301903204408,-2.48,28.9098002998525));
#8700=CARTESIAN_POINT('',(1.33301903204408,-2.5,28.9098002998525));
#8701=CARTESIAN_POINT('Origin',(7.44312349567794,-2.48,21.3454947516818));
#8702=CARTESIAN_POINT('Origin',(1.3444608315839,-2.5,28.9155211996225));
#8703=CARTESIAN_POINT('',(1.3444608315839,-2.5,28.9155211996225));
#8704=CARTESIAN_POINT('',(-4.97642774097415,-2.5,25.7550769133434));
#8705=CARTESIAN_POINT('',(1.3444608315839,-2.48,28.9155211996225));
#8706=CARTESIAN_POINT('',(1.3444608315839,-2.5,28.9155211996225));
#8707=CARTESIAN_POINT('',(1.33301903204408,-2.48,28.9098002998525));
#8708=CARTESIAN_POINT('Ctrl Pts',(4.26211971423633,-2.5,28.9384047987021));
#8709=CARTESIAN_POINT('Ctrl Pts',(4.26211971423633,-2.48,28.9384047987021));
#8710=CARTESIAN_POINT('Ctrl Pts',(3.87881942965257,-2.5,29.1729616892682));
#8711=CARTESIAN_POINT('Ctrl Pts',(3.87881942965257,-2.48,29.1729616892682));
#8712=CARTESIAN_POINT('Ctrl Pts',(3.43258924759986,-2.5,29.2873796846664));
#8713=CARTESIAN_POINT('Ctrl Pts',(3.43258924759986,-2.48,29.2873796846664));
#8714=CARTESIAN_POINT('Ctrl Pts',(2.86049927060918,-2.5,29.2873796846664));
#8715=CARTESIAN_POINT('Ctrl Pts',(2.86049927060918,-2.48,29.2873796846664));
#8716=CARTESIAN_POINT('Ctrl Pts',(2.28840929361851,-2.5,29.2873796846664));
#8717=CARTESIAN_POINT('Ctrl Pts',(2.28840929361851,-2.48,29.2873796846664));
#8718=CARTESIAN_POINT('Ctrl Pts',(1.77924921409683,-2.5,29.1672407894984));
#8719=CARTESIAN_POINT('Ctrl Pts',(1.77924921409683,-2.48,29.1672407894984));
#8720=CARTESIAN_POINT('Ctrl Pts',(1.3444608315839,-2.5,28.9155211996225));
#8721=CARTESIAN_POINT('Ctrl Pts',(1.3444608315839,-2.48,28.9155211996225));
#8722=CARTESIAN_POINT('Ctrl Pts',(4.26211971423633,-2.5,28.9384047987021));
#8723=CARTESIAN_POINT('Ctrl Pts',(3.87881942965257,-2.5,29.1729616892682));
#8724=CARTESIAN_POINT('Ctrl Pts',(3.43258924759986,-2.5,29.2873796846664));
#8725=CARTESIAN_POINT('Ctrl Pts',(2.86049927060918,-2.5,29.2873796846664));
#8726=CARTESIAN_POINT('Ctrl Pts',(2.28840929361851,-2.5,29.2873796846664));
#8727=CARTESIAN_POINT('Ctrl Pts',(1.77924921409683,-2.5,29.1672407894984));
#8728=CARTESIAN_POINT('Ctrl Pts',(1.3444608315839,-2.5,28.9155211996225));
#8729=CARTESIAN_POINT('Ctrl Pts',(4.26211971423633,-2.48,28.9384047987021));
#8730=CARTESIAN_POINT('Ctrl Pts',(3.87881942965257,-2.48,29.1729616892682));
#8731=CARTESIAN_POINT('Ctrl Pts',(3.43258924759986,-2.48,29.2873796846664));
#8732=CARTESIAN_POINT('Ctrl Pts',(2.86049927060918,-2.48,29.2873796846664));
#8733=CARTESIAN_POINT('Ctrl Pts',(2.28840929361851,-2.48,29.2873796846664));
#8734=CARTESIAN_POINT('Ctrl Pts',(1.77924921409683,-2.48,29.1672407894984));
#8735=CARTESIAN_POINT('Ctrl Pts',(1.3444608315839,-2.48,28.9155211996225));
#8736=CARTESIAN_POINT('Origin',(5.4635086659167,-2.5,24.2186624885291));
#8737=CARTESIAN_POINT('',(5.4635086659167,-2.48,24.2186624885291));
#8738=CARTESIAN_POINT('',(5.4635086659167,-2.5,24.2186624885291));
#8739=CARTESIAN_POINT('',(6.550479622199,-2.48,23.1145288329371));
#8740=CARTESIAN_POINT('',(6.550479622199,-2.48,23.1145288329371));
#8741=CARTESIAN_POINT('',(6.550479622199,-2.5,23.1145288329371));
#8742=CARTESIAN_POINT('Ctrl Pts',(5.46350866591671,-2.5,24.2186624885291));
#8743=CARTESIAN_POINT('Ctrl Pts',(5.01506425713007,-2.5,23.6926038727116));
#8744=CARTESIAN_POINT('Ctrl Pts',(4.38797950917425,-2.5,23.4348992200518));
#8745=CARTESIAN_POINT('Ctrl Pts',(5.46350866591671,-2.48,24.2186624885291));
#8746=CARTESIAN_POINT('Ctrl Pts',(5.01506425713007,-2.48,23.6926038727116));
#8747=CARTESIAN_POINT('Ctrl Pts',(4.38797950917425,-2.48,23.4348992200518));
#8748=CARTESIAN_POINT('',(4.38797950917425,-2.48,23.4348992200519));
#8749=CARTESIAN_POINT('',(4.38797950917425,-2.5,23.4348992200519));
#8750=CARTESIAN_POINT('Origin',(-2.51366699970517,-2.48,35.0022827488111));
#8751=CARTESIAN_POINT('Ctrl Pts',(0.360466071159946,-2.5,24.6420090715022));
#8752=CARTESIAN_POINT('Ctrl Pts',(0.360466071159946,-2.48,24.6420090715022));
#8753=CARTESIAN_POINT('Ctrl Pts',(0.606464761265917,-2.5,24.1728952903698));
#8754=CARTESIAN_POINT('Ctrl Pts',(0.606464761265917,-2.48,24.1728952903698));
#8755=CARTESIAN_POINT('Ctrl Pts',(0.961160547000146,-2.5,23.8124786048657));
#8756=CARTESIAN_POINT('Ctrl Pts',(0.961160547000146,-2.48,23.8124786048657));
#8757=CARTESIAN_POINT('Ctrl Pts',(1.42455342836256,-2.5,23.5550381152199));
#8758=CARTESIAN_POINT('Ctrl Pts',(1.42455342836256,-2.48,23.5550381152199));
#8759=CARTESIAN_POINT('Ctrl Pts',(1.88794630972501,-2.5,23.2975976255741));
#8760=CARTESIAN_POINT('Ctrl Pts',(1.88794630972501,-2.48,23.2975976255741));
#8761=CARTESIAN_POINT('Ctrl Pts',(2.41426908855643,-2.5,23.1717378306361));
#8762=CARTESIAN_POINT('Ctrl Pts',(2.41426908855643,-2.48,23.1717378306361));
#8763=CARTESIAN_POINT('Ctrl Pts',(3.01496356439663,-2.5,23.1717378306361));
#8764=CARTESIAN_POINT('Ctrl Pts',(3.01496356439663,-2.48,23.1717378306361));
#8765=CARTESIAN_POINT('Ctrl Pts',(3.51268184437852,-2.5,23.1717378306361));
#8766=CARTESIAN_POINT('Ctrl Pts',(3.51268184437852,-2.48,23.1717378306361));
#8767=CARTESIAN_POINT('Ctrl Pts',(3.97035382597106,-2.5,23.2575513271847));
#8768=CARTESIAN_POINT('Ctrl Pts',(3.97035382597106,-2.48,23.2575513271847));
#8769=CARTESIAN_POINT('Ctrl Pts',(4.38797950917425,-2.5,23.4348992200519));
#8770=CARTESIAN_POINT('Ctrl Pts',(4.38797950917425,-2.48,23.4348992200519));
#8771=CARTESIAN_POINT('',(0.360466071159946,-2.48,24.6420090715022));
#8772=CARTESIAN_POINT('',(0.360466071159946,-2.5,24.6420090715022));
#8773=CARTESIAN_POINT('Ctrl Pts',(0.360466071159946,-2.48,24.6420090715022));
#8774=CARTESIAN_POINT('Ctrl Pts',(0.606464761265917,-2.48,24.1728952903698));
#8775=CARTESIAN_POINT('Ctrl Pts',(0.961160547000146,-2.48,23.8124786048657));
#8776=CARTESIAN_POINT('Ctrl Pts',(1.42455342836256,-2.48,23.5550381152199));
#8777=CARTESIAN_POINT('Ctrl Pts',(1.88794630972501,-2.48,23.2975976255741));
#8778=CARTESIAN_POINT('Ctrl Pts',(2.41426908855643,-2.48,23.1717378306361));
#8779=CARTESIAN_POINT('Ctrl Pts',(3.01496356439663,-2.48,23.1717378306361));
#8780=CARTESIAN_POINT('Ctrl Pts',(3.51268184437852,-2.48,23.1717378306361));
#8781=CARTESIAN_POINT('Ctrl Pts',(3.97035382597106,-2.48,23.2575513271847));
#8782=CARTESIAN_POINT('Ctrl Pts',(4.38797950917425,-2.48,23.4348992200519));
#8783=CARTESIAN_POINT('Ctrl Pts',(0.0572583833548901,-2.5,25.5859575335368));
#8784=CARTESIAN_POINT('Ctrl Pts',(0.0572583833548901,-2.48,25.5859575335368));
#8785=CARTESIAN_POINT('Ctrl Pts',(0.120188280823852,-2.5,25.2484244471123));
#8786=CARTESIAN_POINT('Ctrl Pts',(0.120188280823852,-2.48,25.2484244471123));
#8787=CARTESIAN_POINT('Ctrl Pts',(0.211722677142374,-2.5,24.9280540599975));
#8788=CARTESIAN_POINT('Ctrl Pts',(0.211722677142374,-2.48,24.9280540599975));
#8789=CARTESIAN_POINT('Ctrl Pts',(0.360466071159946,-2.5,24.6420090715022));
#8790=CARTESIAN_POINT('Ctrl Pts',(0.360466071159946,-2.48,24.6420090715022));
#8791=CARTESIAN_POINT('',(0.0572583833548901,-2.48,25.5859575335368));
#8792=CARTESIAN_POINT('',(0.0572583833548901,-2.5,25.5859575335368));
#8793=CARTESIAN_POINT('Ctrl Pts',(0.0572583833548901,-2.48,25.5859575335368));
#8794=CARTESIAN_POINT('Ctrl Pts',(0.120188280823852,-2.48,25.2484244471123));
#8795=CARTESIAN_POINT('Ctrl Pts',(0.211722677142374,-2.48,24.9280540599975));
#8796=CARTESIAN_POINT('Ctrl Pts',(0.360466071159946,-2.48,24.6420090715022));
#8797=CARTESIAN_POINT('Origin',(7.00243070402159,-2.5,25.5859575335367));
#8798=CARTESIAN_POINT('',(7.00243070402159,-2.48,25.5859575335367));
#8799=CARTESIAN_POINT('',(7.00243070402159,-2.5,25.5859575335367));
#8800=CARTESIAN_POINT('',(0.0572583833548901,-2.48,25.5859575335367));
#8801=CARTESIAN_POINT('Ctrl Pts',(6.56192142173879,-2.5,28.7324524069854));
#8802=CARTESIAN_POINT('Ctrl Pts',(6.56192142173879,-2.48,28.7324524069854));
#8803=CARTESIAN_POINT('Ctrl Pts',(6.91661720747302,-2.5,28.0688280336762));
#8804=CARTESIAN_POINT('Ctrl Pts',(6.91661720747302,-2.48,28.0688280336762));
#8805=CARTESIAN_POINT('Ctrl Pts',(7.09396510034011,-2.5,27.3193901638185));
#8806=CARTESIAN_POINT('Ctrl Pts',(7.09396510034011,-2.48,27.3193901638185));
#8807=CARTESIAN_POINT('Ctrl Pts',(7.09396510034011,-2.5,26.4841387974121));
#8808=CARTESIAN_POINT('Ctrl Pts',(7.09396510034011,-2.48,26.4841387974121));
#8809=CARTESIAN_POINT('Ctrl Pts',(7.09396510034011,-2.5,26.3639999022441));
#8810=CARTESIAN_POINT('Ctrl Pts',(7.09396510034011,-2.48,26.3639999022441));
#8811=CARTESIAN_POINT('Ctrl Pts',(7.08824420057024,-2.5,26.2266983077663));
#8812=CARTESIAN_POINT('Ctrl Pts',(7.08824420057024,-2.48,26.2266983077663));
#8813=CARTESIAN_POINT('Ctrl Pts',(7.07680240103041,-2.5,26.0836758135186));
#8814=CARTESIAN_POINT('Ctrl Pts',(7.07680240103041,-2.48,26.0836758135186));
#8815=CARTESIAN_POINT('Ctrl Pts',(7.06536060149059,-2.5,25.940653319271));
#8816=CARTESIAN_POINT('Ctrl Pts',(7.06536060149059,-2.48,25.940653319271));
#8817=CARTESIAN_POINT('Ctrl Pts',(7.03675610264106,-2.5,25.7747472259437));
#8818=CARTESIAN_POINT('Ctrl Pts',(7.03675610264106,-2.48,25.7747472259437));
#8819=CARTESIAN_POINT('Ctrl Pts',(7.00243070402163,-2.5,25.5859575335367));
#8820=CARTESIAN_POINT('Ctrl Pts',(7.00243070402163,-2.48,25.5859575335367));
#8821=CARTESIAN_POINT('',(6.56192142173879,-2.48,28.7324524069854));
#8822=CARTESIAN_POINT('',(6.56192142173879,-2.5,28.7324524069854));
#8823=CARTESIAN_POINT('Ctrl Pts',(6.56192142173879,-2.48,28.7324524069854));
#8824=CARTESIAN_POINT('Ctrl Pts',(6.91661720747302,-2.48,28.0688280336762));
#8825=CARTESIAN_POINT('Ctrl Pts',(7.09396510034011,-2.48,27.3193901638185));
#8826=CARTESIAN_POINT('Ctrl Pts',(7.09396510034011,-2.48,26.4841387974121));
#8827=CARTESIAN_POINT('Ctrl Pts',(7.09396510034011,-2.48,26.3639999022441));
#8828=CARTESIAN_POINT('Ctrl Pts',(7.08824420057024,-2.48,26.2266983077663));
#8829=CARTESIAN_POINT('Ctrl Pts',(7.07680240103041,-2.48,26.0836758135186));
#8830=CARTESIAN_POINT('Ctrl Pts',(7.06536060149059,-2.48,25.940653319271));
#8831=CARTESIAN_POINT('Ctrl Pts',(7.03675610264106,-2.48,25.7747472259437));
#8832=CARTESIAN_POINT('Ctrl Pts',(7.00243070402163,-2.48,25.5859575335367));
#8833=CARTESIAN_POINT('Ctrl Pts',(5.08020838133296,-2.5,30.2828162446301));
#8834=CARTESIAN_POINT('Ctrl Pts',(6.02404422944679,-2.5,29.7301226195549));
#8835=CARTESIAN_POINT('Ctrl Pts',(6.56192142173878,-2.5,28.7324524069854));
#8836=CARTESIAN_POINT('Ctrl Pts',(5.08020838133296,-2.48,30.2828162446301));
#8837=CARTESIAN_POINT('Ctrl Pts',(6.02404422944679,-2.48,29.7301226195549));
#8838=CARTESIAN_POINT('Ctrl Pts',(6.56192142173878,-2.48,28.7324524069854));
#8839=CARTESIAN_POINT('',(5.08020838133298,-2.48,30.2828162446302));
#8840=CARTESIAN_POINT('',(5.08020838133298,-2.5,30.2828162446302));
#8841=CARTESIAN_POINT('Origin',(-58.3477357049491,-2.48,-40.8286265420967));
#8842=CARTESIAN_POINT('Ctrl Pts',(-1.07547977108664,-2.5,28.5779881131979));
#8843=CARTESIAN_POINT('Ctrl Pts',(-1.07547977108664,-2.48,28.5779881131979));
#8844=CARTESIAN_POINT('Ctrl Pts',(-0.669295887423269,-2.5,29.2816587848965));
#8845=CARTESIAN_POINT('Ctrl Pts',(-0.669295887423269,-2.48,29.2816587848965));
#8846=CARTESIAN_POINT('Ctrl Pts',(-0.120089509512207,-2.5,29.8308651628075));
#8847=CARTESIAN_POINT('Ctrl Pts',(-0.120089509512207,-2.48,29.8308651628075));
#8848=CARTESIAN_POINT('Ctrl Pts',(0.572139362646515,-2.5,30.2370490464709));
#8849=CARTESIAN_POINT('Ctrl Pts',(0.572139362646515,-2.48,30.2370490464709));
#8850=CARTESIAN_POINT('Ctrl Pts',(1.26436823480521,-2.5,30.6432329301343));
#8851=CARTESIAN_POINT('Ctrl Pts',(1.26436823480521,-2.48,30.6432329301343));
#8852=CARTESIAN_POINT('Ctrl Pts',(2.07673600213197,-2.5,30.843464422081));
#8853=CARTESIAN_POINT('Ctrl Pts',(2.07673600213197,-2.48,30.843464422081));
#8854=CARTESIAN_POINT('Ctrl Pts',(2.90054556899853,-2.5,30.843464422081));
#8855=CARTESIAN_POINT('Ctrl Pts',(2.90054556899853,-2.48,30.843464422081));
#8856=CARTESIAN_POINT('Ctrl Pts',(3.72435513586509,-2.5,30.843464422081));
#8857=CARTESIAN_POINT('Ctrl Pts',(3.72435513586509,-2.48,30.843464422081));
#8858=CARTESIAN_POINT('Ctrl Pts',(4.45090940664325,-2.5,30.6546747296741));
#8859=CARTESIAN_POINT('Ctrl Pts',(4.45090940664325,-2.48,30.6546747296741));
#8860=CARTESIAN_POINT('Ctrl Pts',(5.08020838133298,-2.5,30.2828162446302));
#8861=CARTESIAN_POINT('Ctrl Pts',(5.08020838133298,-2.48,30.2828162446302));
#8862=CARTESIAN_POINT('',(-1.07547977108664,-2.48,28.5779881131979));
#8863=CARTESIAN_POINT('',(-1.07547977108664,-2.5,28.5779881131979));
#8864=CARTESIAN_POINT('Ctrl Pts',(-1.07547977108664,-2.48,28.5779881131979));
#8865=CARTESIAN_POINT('Ctrl Pts',(-0.669295887423269,-2.48,29.2816587848965));
#8866=CARTESIAN_POINT('Ctrl Pts',(-0.120089509512207,-2.48,29.8308651628075));
#8867=CARTESIAN_POINT('Ctrl Pts',(0.572139362646515,-2.48,30.2370490464709));
#8868=CARTESIAN_POINT('Ctrl Pts',(1.26436823480521,-2.48,30.6432329301343));
#8869=CARTESIAN_POINT('Ctrl Pts',(2.07673600213197,-2.48,30.843464422081));
#8870=CARTESIAN_POINT('Ctrl Pts',(2.90054556899853,-2.48,30.843464422081));
#8871=CARTESIAN_POINT('Ctrl Pts',(3.72435513586509,-2.48,30.843464422081));
#8872=CARTESIAN_POINT('Ctrl Pts',(4.45090940664325,-2.48,30.6546747296741));
#8873=CARTESIAN_POINT('Ctrl Pts',(5.08020838133298,-2.48,30.2828162446302));
#8874=CARTESIAN_POINT('Ctrl Pts',(6.550479622199,-2.5,23.1145288329371));
#8875=CARTESIAN_POINT('Ctrl Pts',(6.550479622199,-2.48,23.1145288329371));
#8876=CARTESIAN_POINT('Ctrl Pts',(6.1271330392259,-2.5,22.6168105529552));
#8877=CARTESIAN_POINT('Ctrl Pts',(6.1271330392259,-2.48,22.6168105529552));
#8878=CARTESIAN_POINT('Ctrl Pts',(5.60653116016436,-2.5,22.2392311681413));
#8879=CARTESIAN_POINT('Ctrl Pts',(5.60653116016436,-2.48,22.2392311681413));
#8880=CARTESIAN_POINT('Ctrl Pts',(4.98867398501446,-2.5,21.9760697787256));
#8881=CARTESIAN_POINT('Ctrl Pts',(4.98867398501446,-2.48,21.9760697787256));
#8882=CARTESIAN_POINT('Ctrl Pts',(4.37081680986456,-2.5,21.7129083893099));
#8883=CARTESIAN_POINT('Ctrl Pts',(4.37081680986456,-2.48,21.7129083893099));
#8884=CARTESIAN_POINT('Ctrl Pts',(3.71291333632526,-2.5,21.581327694602));
#8885=CARTESIAN_POINT('Ctrl Pts',(3.71291333632526,-2.48,21.581327694602));
#8886=CARTESIAN_POINT('Ctrl Pts',(3.01496356439663,-2.5,21.581327694602));
#8887=CARTESIAN_POINT('Ctrl Pts',(3.01496356439663,-2.48,21.581327694602));
#8888=CARTESIAN_POINT('Ctrl Pts',(2.12822410006109,-2.5,21.581327694602));
#8889=CARTESIAN_POINT('Ctrl Pts',(2.12822410006109,-2.48,21.581327694602));
#8890=CARTESIAN_POINT('Ctrl Pts',(1.32729813227416,-2.5,21.7815591865488));
#8891=CARTESIAN_POINT('Ctrl Pts',(1.32729813227416,-2.48,21.7815591865488));
#8892=CARTESIAN_POINT('Ctrl Pts',(0.617906560805741,-2.5,22.1877430702122));
#8893=CARTESIAN_POINT('Ctrl Pts',(0.617906560805741,-2.48,22.1877430702122));
#8894=CARTESIAN_POINT('Ctrl Pts',(-0.0914850106626819,-2.5,22.5939269538756));
#8895=CARTESIAN_POINT('Ctrl Pts',(-0.0914850106626819,-2.48,22.5939269538756));
#8896=CARTESIAN_POINT('Ctrl Pts',(-0.652133188113595,-2.5,23.1488542315565));
#8897=CARTESIAN_POINT('Ctrl Pts',(-0.652133188113595,-2.48,23.1488542315565));
#8898=CARTESIAN_POINT('Ctrl Pts',(-1.06403797154685,-2.5,23.8468040034851));
#8899=CARTESIAN_POINT('Ctrl Pts',(-1.06403797154685,-2.48,23.8468040034851));
#8900=CARTESIAN_POINT('Ctrl Pts',(-1.47594275498009,-2.5,24.5447537754137));
#8901=CARTESIAN_POINT('Ctrl Pts',(-1.47594275498009,-2.48,24.5447537754137));
#8902=CARTESIAN_POINT('Ctrl Pts',(-1.68189514669675,-2.5,25.3456797432007));
#8903=CARTESIAN_POINT('Ctrl Pts',(-1.68189514669675,-2.48,25.3456797432007));
#8904=CARTESIAN_POINT('Ctrl Pts',(-1.68189514669675,-2.5,26.2209774079964));
#8905=CARTESIAN_POINT('Ctrl Pts',(-1.68189514669675,-2.48,26.2209774079964));
#8906=CARTESIAN_POINT('Ctrl Pts',(-1.68189514669675,-2.5,27.0962750727921));
#8907=CARTESIAN_POINT('Ctrl Pts',(-1.68189514669675,-2.48,27.0962750727921));
#8908=CARTESIAN_POINT('Ctrl Pts',(-1.48166365475,-2.5,27.8800383412693));
#8909=CARTESIAN_POINT('Ctrl Pts',(-1.48166365475,-2.48,27.8800383412693));
#8910=CARTESIAN_POINT('Ctrl Pts',(-1.07547977108664,-2.5,28.577988113198));
#8911=CARTESIAN_POINT('Ctrl Pts',(-1.07547977108664,-2.48,28.577988113198));
#8912=CARTESIAN_POINT('Ctrl Pts',(6.550479622199,-2.48,23.1145288329371));
#8913=CARTESIAN_POINT('Ctrl Pts',(6.1271330392259,-2.48,22.6168105529552));
#8914=CARTESIAN_POINT('Ctrl Pts',(5.60653116016436,-2.48,22.2392311681413));
#8915=CARTESIAN_POINT('Ctrl Pts',(4.98867398501446,-2.48,21.9760697787256));
#8916=CARTESIAN_POINT('Ctrl Pts',(4.37081680986456,-2.48,21.7129083893099));
#8917=CARTESIAN_POINT('Ctrl Pts',(3.71291333632526,-2.48,21.581327694602));
#8918=CARTESIAN_POINT('Ctrl Pts',(3.01496356439663,-2.48,21.581327694602));
#8919=CARTESIAN_POINT('Ctrl Pts',(2.12822410006109,-2.48,21.581327694602));
#8920=CARTESIAN_POINT('Ctrl Pts',(1.32729813227416,-2.48,21.7815591865488));
#8921=CARTESIAN_POINT('Ctrl Pts',(0.617906560805741,-2.48,22.1877430702122));
#8922=CARTESIAN_POINT('Ctrl Pts',(-0.0914850106626819,-2.48,22.5939269538756));
#8923=CARTESIAN_POINT('Ctrl Pts',(-0.652133188113595,-2.48,23.1488542315565));
#8924=CARTESIAN_POINT('Ctrl Pts',(-1.06403797154685,-2.48,23.8468040034851));
#8925=CARTESIAN_POINT('Ctrl Pts',(-1.47594275498009,-2.48,24.5447537754137));
#8926=CARTESIAN_POINT('Ctrl Pts',(-1.68189514669675,-2.48,25.3456797432007));
#8927=CARTESIAN_POINT('Ctrl Pts',(-1.68189514669675,-2.48,26.2209774079964));
#8928=CARTESIAN_POINT('Ctrl Pts',(-1.68189514669675,-2.48,27.0962750727921));
#8929=CARTESIAN_POINT('Ctrl Pts',(-1.48166365475,-2.48,27.8800383412693));
#8930=CARTESIAN_POINT('Ctrl Pts',(-1.07547977108664,-2.48,28.577988113198));
#8931=CARTESIAN_POINT('Origin',(2.70603497682168,-2.48,26.2123960583415));
#8932=CARTESIAN_POINT('Ctrl Pts',(19.3679522792023,-2.5,-15.4030555555556));
#8933=CARTESIAN_POINT('Ctrl Pts',(19.3679522792023,-2.48,-15.4030555555556));
#8934=CARTESIAN_POINT('Ctrl Pts',(19.7267604463438,-2.5,-15.4030555555556));
#8935=CARTESIAN_POINT('Ctrl Pts',(19.7267604463438,-2.48,-15.4030555555556));
#8936=CARTESIAN_POINT('Ctrl Pts',(20.0214957264957,-2.5,-15.2877243589744));
#8937=CARTESIAN_POINT('Ctrl Pts',(20.0214957264957,-2.48,-15.2877243589744));
#8938=CARTESIAN_POINT('Ctrl Pts',(20.2521581196581,-2.5,-15.057061965812));
#8939=CARTESIAN_POINT('Ctrl Pts',(20.2521581196581,-2.48,-15.057061965812));
#8940=CARTESIAN_POINT('Ctrl Pts',(20.4828205128205,-2.5,-14.8263995726496));
#8941=CARTESIAN_POINT('Ctrl Pts',(20.4828205128205,-2.48,-14.8263995726496));
#8942=CARTESIAN_POINT('Ctrl Pts',(20.5981517094017,-2.5,-14.5367901234568));
#8943=CARTESIAN_POINT('Ctrl Pts',(20.5981517094017,-2.48,-14.5367901234568));
#8944=CARTESIAN_POINT('Ctrl Pts',(20.5981517094017,-2.5,-14.1882336182336));
#8945=CARTESIAN_POINT('Ctrl Pts',(20.5981517094017,-2.48,-14.1882336182336));
#8946=CARTESIAN_POINT('Ctrl Pts',(20.5981517094017,-2.5,-13.8294254510921));
#8947=CARTESIAN_POINT('Ctrl Pts',(20.5981517094017,-2.48,-13.8294254510921));
#8948=CARTESIAN_POINT('Ctrl Pts',(20.4828205128205,-2.5,-13.5346901709402));
#8949=CARTESIAN_POINT('Ctrl Pts',(20.4828205128205,-2.48,-13.5346901709402));
#8950=CARTESIAN_POINT('Ctrl Pts',(20.2521581196581,-2.5,-13.3040277777778));
#8951=CARTESIAN_POINT('Ctrl Pts',(20.2521581196581,-2.48,-13.3040277777778));
#8952=CARTESIAN_POINT('Ctrl Pts',(20.0214957264957,-2.5,-13.0733653846154));
#8953=CARTESIAN_POINT('Ctrl Pts',(20.0214957264957,-2.48,-13.0733653846154));
#8954=CARTESIAN_POINT('Ctrl Pts',(19.7267604463438,-2.5,-12.9580341880342));
#8955=CARTESIAN_POINT('Ctrl Pts',(19.7267604463438,-2.48,-12.9580341880342));
#8956=CARTESIAN_POINT('Ctrl Pts',(19.3679522792023,-2.5,-12.9580341880342));
#8957=CARTESIAN_POINT('Ctrl Pts',(19.3679522792023,-2.48,-12.9580341880342));
#8958=CARTESIAN_POINT('Ctrl Pts',(19.0193957739791,-2.5,-12.9580341880342));
#8959=CARTESIAN_POINT('Ctrl Pts',(19.0193957739791,-2.48,-12.9580341880342));
#8960=CARTESIAN_POINT('Ctrl Pts',(18.7272234093067,-2.5,-13.0708024691358));
#8961=CARTESIAN_POINT('Ctrl Pts',(18.7272234093067,-2.48,-13.0708024691358));
#8962=CARTESIAN_POINT('Ctrl Pts',(18.4914351851852,-2.5,-13.296339031339));
#8963=CARTESIAN_POINT('Ctrl Pts',(18.4914351851852,-2.48,-13.296339031339));
#8964=CARTESIAN_POINT('Ctrl Pts',(18.2556469610636,-2.5,-13.5218755935423));
#8965=CARTESIAN_POINT('Ctrl Pts',(18.2556469610636,-2.48,-13.5218755935423));
#8966=CARTESIAN_POINT('Ctrl Pts',(18.1377528490028,-2.5,-13.8140479582146));
#8967=CARTESIAN_POINT('Ctrl Pts',(18.1377528490028,-2.48,-13.8140479582146));
#8968=CARTESIAN_POINT('Ctrl Pts',(18.1377528490028,-2.5,-14.1728561253561));
#8969=CARTESIAN_POINT('Ctrl Pts',(18.1377528490028,-2.48,-14.1728561253561));
#8970=CARTESIAN_POINT('Ctrl Pts',(18.1377528490028,-2.5,-14.5214126305793));
#8971=CARTESIAN_POINT('Ctrl Pts',(18.1377528490028,-2.48,-14.5214126305793));
#8972=CARTESIAN_POINT('Ctrl Pts',(18.2556469610636,-2.5,-14.8135849952517));
#8973=CARTESIAN_POINT('Ctrl Pts',(18.2556469610636,-2.48,-14.8135849952517));
#8974=CARTESIAN_POINT('Ctrl Pts',(18.4914351851852,-2.5,-15.0493732193732));
#8975=CARTESIAN_POINT('Ctrl Pts',(18.4914351851852,-2.48,-15.0493732193732));
#8976=CARTESIAN_POINT('Ctrl Pts',(18.7272234093068,-2.5,-15.2851614434947));
#8977=CARTESIAN_POINT('Ctrl Pts',(18.7272234093068,-2.48,-15.2851614434947));
#8978=CARTESIAN_POINT('Ctrl Pts',(19.0193957739791,-2.5,-15.4030555555556));
#8979=CARTESIAN_POINT('Ctrl Pts',(19.0193957739791,-2.48,-15.4030555555556));
#8980=CARTESIAN_POINT('Ctrl Pts',(19.3679522792023,-2.5,-15.4030555555556));
#8981=CARTESIAN_POINT('Ctrl Pts',(19.3679522792023,-2.48,-15.4030555555556));
#8982=CARTESIAN_POINT('',(19.3679522792023,-2.5,-15.4030555555556));
#8983=CARTESIAN_POINT('Ctrl Pts',(19.3679522792023,-2.5,-15.4030555555556));
#8984=CARTESIAN_POINT('Ctrl Pts',(19.7267604463438,-2.5,-15.4030555555556));
#8985=CARTESIAN_POINT('Ctrl Pts',(20.0214957264957,-2.5,-15.2877243589744));
#8986=CARTESIAN_POINT('Ctrl Pts',(20.2521581196581,-2.5,-15.057061965812));
#8987=CARTESIAN_POINT('Ctrl Pts',(20.4828205128205,-2.5,-14.8263995726496));
#8988=CARTESIAN_POINT('Ctrl Pts',(20.5981517094017,-2.5,-14.5367901234568));
#8989=CARTESIAN_POINT('Ctrl Pts',(20.5981517094017,-2.5,-14.1882336182336));
#8990=CARTESIAN_POINT('Ctrl Pts',(20.5981517094017,-2.5,-13.8294254510921));
#8991=CARTESIAN_POINT('Ctrl Pts',(20.4828205128205,-2.5,-13.5346901709402));
#8992=CARTESIAN_POINT('Ctrl Pts',(20.2521581196581,-2.5,-13.3040277777778));
#8993=CARTESIAN_POINT('Ctrl Pts',(20.0214957264957,-2.5,-13.0733653846154));
#8994=CARTESIAN_POINT('Ctrl Pts',(19.7267604463438,-2.5,-12.9580341880342));
#8995=CARTESIAN_POINT('Ctrl Pts',(19.3679522792023,-2.5,-12.9580341880342));
#8996=CARTESIAN_POINT('Ctrl Pts',(19.0193957739791,-2.5,-12.9580341880342));
#8997=CARTESIAN_POINT('Ctrl Pts',(18.7272234093067,-2.5,-13.0708024691358));
#8998=CARTESIAN_POINT('Ctrl Pts',(18.4914351851852,-2.5,-13.296339031339));
#8999=CARTESIAN_POINT('Ctrl Pts',(18.2556469610636,-2.5,-13.5218755935423));
#9000=CARTESIAN_POINT('Ctrl Pts',(18.1377528490028,-2.5,-13.8140479582146));
#9001=CARTESIAN_POINT('Ctrl Pts',(18.1377528490028,-2.5,-14.1728561253561));
#9002=CARTESIAN_POINT('Ctrl Pts',(18.1377528490028,-2.5,-14.5214126305793));
#9003=CARTESIAN_POINT('Ctrl Pts',(18.2556469610636,-2.5,-14.8135849952517));
#9004=CARTESIAN_POINT('Ctrl Pts',(18.4914351851852,-2.5,-15.0493732193732));
#9005=CARTESIAN_POINT('Ctrl Pts',(18.7272234093068,-2.5,-15.2851614434947));
#9006=CARTESIAN_POINT('Ctrl Pts',(19.0193957739791,-2.5,-15.4030555555556));
#9007=CARTESIAN_POINT('Ctrl Pts',(19.3679522792023,-2.5,-15.4030555555556));
#9008=CARTESIAN_POINT('',(19.3679522792023,-2.48,-15.4030555555556));
#9009=CARTESIAN_POINT('',(19.3679522792023,-2.5,-15.4030555555556));
#9010=CARTESIAN_POINT('Ctrl Pts',(19.3679522792023,-2.48,-15.4030555555556));
#9011=CARTESIAN_POINT('Ctrl Pts',(19.7267604463438,-2.48,-15.4030555555556));
#9012=CARTESIAN_POINT('Ctrl Pts',(20.0214957264957,-2.48,-15.2877243589744));
#9013=CARTESIAN_POINT('Ctrl Pts',(20.2521581196581,-2.48,-15.057061965812));
#9014=CARTESIAN_POINT('Ctrl Pts',(20.4828205128205,-2.48,-14.8263995726496));
#9015=CARTESIAN_POINT('Ctrl Pts',(20.5981517094017,-2.48,-14.5367901234568));
#9016=CARTESIAN_POINT('Ctrl Pts',(20.5981517094017,-2.48,-14.1882336182336));
#9017=CARTESIAN_POINT('Ctrl Pts',(20.5981517094017,-2.48,-13.8294254510921));
#9018=CARTESIAN_POINT('Ctrl Pts',(20.4828205128205,-2.48,-13.5346901709402));
#9019=CARTESIAN_POINT('Ctrl Pts',(20.2521581196581,-2.48,-13.3040277777778));
#9020=CARTESIAN_POINT('Ctrl Pts',(20.0214957264957,-2.48,-13.0733653846154));
#9021=CARTESIAN_POINT('Ctrl Pts',(19.7267604463438,-2.48,-12.9580341880342));
#9022=CARTESIAN_POINT('Ctrl Pts',(19.3679522792023,-2.48,-12.9580341880342));
#9023=CARTESIAN_POINT('Ctrl Pts',(19.0193957739791,-2.48,-12.9580341880342));
#9024=CARTESIAN_POINT('Ctrl Pts',(18.7272234093067,-2.48,-13.0708024691358));
#9025=CARTESIAN_POINT('Ctrl Pts',(18.4914351851852,-2.48,-13.296339031339));
#9026=CARTESIAN_POINT('Ctrl Pts',(18.2556469610636,-2.48,-13.5218755935423));
#9027=CARTESIAN_POINT('Ctrl Pts',(18.1377528490028,-2.48,-13.8140479582146));
#9028=CARTESIAN_POINT('Ctrl Pts',(18.1377528490028,-2.48,-14.1728561253561));
#9029=CARTESIAN_POINT('Ctrl Pts',(18.1377528490028,-2.48,-14.5214126305793));
#9030=CARTESIAN_POINT('Ctrl Pts',(18.2556469610636,-2.48,-14.8135849952517));
#9031=CARTESIAN_POINT('Ctrl Pts',(18.4914351851852,-2.48,-15.0493732193732));
#9032=CARTESIAN_POINT('Ctrl Pts',(18.7272234093068,-2.48,-15.2851614434947));
#9033=CARTESIAN_POINT('Ctrl Pts',(19.0193957739791,-2.48,-15.4030555555556));
#9034=CARTESIAN_POINT('Ctrl Pts',(19.3679522792023,-2.48,-15.4030555555556));
#9035=CARTESIAN_POINT('Ctrl Pts',(19.3679522792023,-2.5,-20.1085683760684));
#9036=CARTESIAN_POINT('Ctrl Pts',(19.3679522792023,-2.48,-20.1085683760684));
#9037=CARTESIAN_POINT('Ctrl Pts',(19.6755021367521,-2.5,-20.1085683760684));
#9038=CARTESIAN_POINT('Ctrl Pts',(19.6755021367521,-2.48,-20.1085683760684));
#9039=CARTESIAN_POINT('Ctrl Pts',(19.9471711775878,-2.5,-20.0444954890788));
#9040=CARTESIAN_POINT('Ctrl Pts',(19.9471711775878,-2.48,-20.0444954890788));
#9041=CARTESIAN_POINT('Ctrl Pts',(20.1829594017094,-2.5,-19.9163497150997));
#9042=CARTESIAN_POINT('Ctrl Pts',(20.1829594017094,-2.48,-19.9163497150997));
#9043=CARTESIAN_POINT('Ctrl Pts',(20.4187476258309,-2.5,-19.7882039411206));
#9044=CARTESIAN_POINT('Ctrl Pts',(20.4187476258309,-2.48,-19.7882039411206));
#9045=CARTESIAN_POINT('Ctrl Pts',(20.6058404558404,-2.5,-19.6113627730294));
#9046=CARTESIAN_POINT('Ctrl Pts',(20.6058404558404,-2.48,-19.6113627730294));
#9047=CARTESIAN_POINT('Ctrl Pts',(20.7442378917379,-2.5,-19.3858262108262));
#9048=CARTESIAN_POINT('Ctrl Pts',(20.7442378917379,-2.48,-19.3858262108262));
#9049=CARTESIAN_POINT('Ctrl Pts',(20.8826353276353,-2.5,-19.160289648623));
#9050=CARTESIAN_POINT('Ctrl Pts',(20.8826353276353,-2.48,-19.160289648623));
#9051=CARTESIAN_POINT('Ctrl Pts',(20.951834045584,-2.5,-18.9091239316239));
#9052=CARTESIAN_POINT('Ctrl Pts',(20.951834045584,-2.48,-18.9091239316239));
#9053=CARTESIAN_POINT('Ctrl Pts',(20.951834045584,-2.5,-18.632329059829));
#9054=CARTESIAN_POINT('Ctrl Pts',(20.951834045584,-2.48,-18.632329059829));
#9055=CARTESIAN_POINT('Ctrl Pts',(20.951834045584,-2.5,-18.3452825261158));
#9056=CARTESIAN_POINT('Ctrl Pts',(20.951834045584,-2.48,-18.3452825261158));
#9057=CARTESIAN_POINT('Ctrl Pts',(20.8826353276353,-2.5,-18.0915538936372));
#9058=CARTESIAN_POINT('Ctrl Pts',(20.8826353276353,-2.48,-18.0915538936372));
#9059=CARTESIAN_POINT('Ctrl Pts',(20.7442378917379,-2.5,-17.8711431623931));
#9060=CARTESIAN_POINT('Ctrl Pts',(20.7442378917379,-2.48,-17.8711431623931));
#9061=CARTESIAN_POINT('Ctrl Pts',(20.6058404558404,-2.5,-17.6507324311491));
#9062=CARTESIAN_POINT('Ctrl Pts',(20.6058404558404,-2.48,-17.6507324311491));
#9063=CARTESIAN_POINT('Ctrl Pts',(20.4187476258309,-2.5,-17.4764541785375));
#9064=CARTESIAN_POINT('Ctrl Pts',(20.4187476258309,-2.48,-17.4764541785375));
#9065=CARTESIAN_POINT('Ctrl Pts',(20.1829594017094,-2.5,-17.3483084045584));
#9066=CARTESIAN_POINT('Ctrl Pts',(20.1829594017094,-2.48,-17.3483084045584));
#9067=CARTESIAN_POINT('Ctrl Pts',(19.9471711775878,-2.5,-17.2201626305793));
#9068=CARTESIAN_POINT('Ctrl Pts',(19.9471711775878,-2.48,-17.2201626305793));
#9069=CARTESIAN_POINT('Ctrl Pts',(19.6755021367521,-2.5,-17.1560897435897));
#9070=CARTESIAN_POINT('Ctrl Pts',(19.6755021367521,-2.48,-17.1560897435897));
#9071=CARTESIAN_POINT('Ctrl Pts',(19.3679522792023,-2.5,-17.1560897435897));
#9072=CARTESIAN_POINT('Ctrl Pts',(19.3679522792023,-2.48,-17.1560897435897));
#9073=CARTESIAN_POINT('Ctrl Pts',(19.0604024216524,-2.5,-17.1560897435897));
#9074=CARTESIAN_POINT('Ctrl Pts',(19.0604024216524,-2.48,-17.1560897435897));
#9075=CARTESIAN_POINT('Ctrl Pts',(18.7887333808167,-2.5,-17.2201626305793));
#9076=CARTESIAN_POINT('Ctrl Pts',(18.7887333808167,-2.48,-17.2201626305793));
#9077=CARTESIAN_POINT('Ctrl Pts',(18.5529451566951,-2.5,-17.3483084045584));
#9078=CARTESIAN_POINT('Ctrl Pts',(18.5529451566951,-2.48,-17.3483084045584));
#9079=CARTESIAN_POINT('Ctrl Pts',(18.3171569325736,-2.5,-17.4764541785375));
#9080=CARTESIAN_POINT('Ctrl Pts',(18.3171569325736,-2.48,-17.4764541785375));
#9081=CARTESIAN_POINT('Ctrl Pts',(18.1326270180437,-2.5,-17.6507324311491));
#9082=CARTESIAN_POINT('Ctrl Pts',(18.1326270180437,-2.48,-17.6507324311491));
#9083=CARTESIAN_POINT('Ctrl Pts',(17.9993554131054,-2.5,-17.8711431623931));
#9084=CARTESIAN_POINT('Ctrl Pts',(17.9993554131054,-2.48,-17.8711431623931));
#9085=CARTESIAN_POINT('Ctrl Pts',(17.8660838081671,-2.5,-18.0915538936372));
#9086=CARTESIAN_POINT('Ctrl Pts',(17.8660838081671,-2.48,-18.0915538936372));
#9087=CARTESIAN_POINT('Ctrl Pts',(17.799448005698,-2.5,-18.3452825261158));
#9088=CARTESIAN_POINT('Ctrl Pts',(17.799448005698,-2.48,-18.3452825261158));
#9089=CARTESIAN_POINT('Ctrl Pts',(17.799448005698,-2.5,-18.632329059829));
#9090=CARTESIAN_POINT('Ctrl Pts',(17.799448005698,-2.48,-18.632329059829));
#9091=CARTESIAN_POINT('Ctrl Pts',(17.799448005698,-2.5,-18.9091239316239));
#9092=CARTESIAN_POINT('Ctrl Pts',(17.799448005698,-2.48,-18.9091239316239));
#9093=CARTESIAN_POINT('Ctrl Pts',(17.8660838081671,-2.5,-19.160289648623));
#9094=CARTESIAN_POINT('Ctrl Pts',(17.8660838081671,-2.48,-19.160289648623));
#9095=CARTESIAN_POINT('Ctrl Pts',(17.9993554131054,-2.5,-19.3858262108262));
#9096=CARTESIAN_POINT('Ctrl Pts',(17.9993554131054,-2.48,-19.3858262108262));
#9097=CARTESIAN_POINT('Ctrl Pts',(18.1326270180437,-2.5,-19.6113627730294));
#9098=CARTESIAN_POINT('Ctrl Pts',(18.1326270180437,-2.48,-19.6113627730294));
#9099=CARTESIAN_POINT('Ctrl Pts',(18.3171569325736,-2.5,-19.7882039411206));
#9100=CARTESIAN_POINT('Ctrl Pts',(18.3171569325736,-2.48,-19.7882039411206));
#9101=CARTESIAN_POINT('Ctrl Pts',(18.5529451566951,-2.5,-19.9163497150997));
#9102=CARTESIAN_POINT('Ctrl Pts',(18.5529451566951,-2.48,-19.9163497150997));
#9103=CARTESIAN_POINT('Ctrl Pts',(18.7887333808167,-2.5,-20.0444954890788));
#9104=CARTESIAN_POINT('Ctrl Pts',(18.7887333808167,-2.48,-20.0444954890788));
#9105=CARTESIAN_POINT('Ctrl Pts',(19.0604024216524,-2.5,-20.1085683760684));
#9106=CARTESIAN_POINT('Ctrl Pts',(19.0604024216524,-2.48,-20.1085683760684));
#9107=CARTESIAN_POINT('Ctrl Pts',(19.3679522792023,-2.5,-20.1085683760684));
#9108=CARTESIAN_POINT('Ctrl Pts',(19.3679522792023,-2.48,-20.1085683760684));
#9109=CARTESIAN_POINT('',(19.3679522792023,-2.5,-20.1085683760684));
#9110=CARTESIAN_POINT('Ctrl Pts',(19.3679522792023,-2.5,-20.1085683760684));
#9111=CARTESIAN_POINT('Ctrl Pts',(19.6755021367521,-2.5,-20.1085683760684));
#9112=CARTESIAN_POINT('Ctrl Pts',(19.9471711775878,-2.5,-20.0444954890788));
#9113=CARTESIAN_POINT('Ctrl Pts',(20.1829594017094,-2.5,-19.9163497150997));
#9114=CARTESIAN_POINT('Ctrl Pts',(20.4187476258309,-2.5,-19.7882039411206));
#9115=CARTESIAN_POINT('Ctrl Pts',(20.6058404558404,-2.5,-19.6113627730294));
#9116=CARTESIAN_POINT('Ctrl Pts',(20.7442378917379,-2.5,-19.3858262108262));
#9117=CARTESIAN_POINT('Ctrl Pts',(20.8826353276353,-2.5,-19.160289648623));
#9118=CARTESIAN_POINT('Ctrl Pts',(20.951834045584,-2.5,-18.9091239316239));
#9119=CARTESIAN_POINT('Ctrl Pts',(20.951834045584,-2.5,-18.632329059829));
#9120=CARTESIAN_POINT('Ctrl Pts',(20.951834045584,-2.5,-18.3452825261158));
#9121=CARTESIAN_POINT('Ctrl Pts',(20.8826353276353,-2.5,-18.0915538936372));
#9122=CARTESIAN_POINT('Ctrl Pts',(20.7442378917379,-2.5,-17.8711431623931));
#9123=CARTESIAN_POINT('Ctrl Pts',(20.6058404558404,-2.5,-17.6507324311491));
#9124=CARTESIAN_POINT('Ctrl Pts',(20.4187476258309,-2.5,-17.4764541785375));
#9125=CARTESIAN_POINT('Ctrl Pts',(20.1829594017094,-2.5,-17.3483084045584));
#9126=CARTESIAN_POINT('Ctrl Pts',(19.9471711775878,-2.5,-17.2201626305793));
#9127=CARTESIAN_POINT('Ctrl Pts',(19.6755021367521,-2.5,-17.1560897435897));
#9128=CARTESIAN_POINT('Ctrl Pts',(19.3679522792023,-2.5,-17.1560897435897));
#9129=CARTESIAN_POINT('Ctrl Pts',(19.0604024216524,-2.5,-17.1560897435897));
#9130=CARTESIAN_POINT('Ctrl Pts',(18.7887333808167,-2.5,-17.2201626305793));
#9131=CARTESIAN_POINT('Ctrl Pts',(18.5529451566951,-2.5,-17.3483084045584));
#9132=CARTESIAN_POINT('Ctrl Pts',(18.3171569325736,-2.5,-17.4764541785375));
#9133=CARTESIAN_POINT('Ctrl Pts',(18.1326270180437,-2.5,-17.6507324311491));
#9134=CARTESIAN_POINT('Ctrl Pts',(17.9993554131054,-2.5,-17.8711431623931));
#9135=CARTESIAN_POINT('Ctrl Pts',(17.8660838081671,-2.5,-18.0915538936372));
#9136=CARTESIAN_POINT('Ctrl Pts',(17.799448005698,-2.5,-18.3452825261158));
#9137=CARTESIAN_POINT('Ctrl Pts',(17.799448005698,-2.5,-18.632329059829));
#9138=CARTESIAN_POINT('Ctrl Pts',(17.799448005698,-2.5,-18.9091239316239));
#9139=CARTESIAN_POINT('Ctrl Pts',(17.8660838081671,-2.5,-19.160289648623));
#9140=CARTESIAN_POINT('Ctrl Pts',(17.9993554131054,-2.5,-19.3858262108262));
#9141=CARTESIAN_POINT('Ctrl Pts',(18.1326270180437,-2.5,-19.6113627730294));
#9142=CARTESIAN_POINT('Ctrl Pts',(18.3171569325736,-2.5,-19.7882039411206));
#9143=CARTESIAN_POINT('Ctrl Pts',(18.5529451566951,-2.5,-19.9163497150997));
#9144=CARTESIAN_POINT('Ctrl Pts',(18.7887333808167,-2.5,-20.0444954890788));
#9145=CARTESIAN_POINT('Ctrl Pts',(19.0604024216524,-2.5,-20.1085683760684));
#9146=CARTESIAN_POINT('Ctrl Pts',(19.3679522792023,-2.5,-20.1085683760684));
#9147=CARTESIAN_POINT('',(19.3679522792023,-2.48,-20.1085683760684));
#9148=CARTESIAN_POINT('',(19.3679522792023,-2.5,-20.1085683760684));
#9149=CARTESIAN_POINT('Ctrl Pts',(19.3679522792023,-2.48,-20.1085683760684));
#9150=CARTESIAN_POINT('Ctrl Pts',(19.6755021367521,-2.48,-20.1085683760684));
#9151=CARTESIAN_POINT('Ctrl Pts',(19.9471711775878,-2.48,-20.0444954890788));
#9152=CARTESIAN_POINT('Ctrl Pts',(20.1829594017094,-2.48,-19.9163497150997));
#9153=CARTESIAN_POINT('Ctrl Pts',(20.4187476258309,-2.48,-19.7882039411206));
#9154=CARTESIAN_POINT('Ctrl Pts',(20.6058404558404,-2.48,-19.6113627730294));
#9155=CARTESIAN_POINT('Ctrl Pts',(20.7442378917379,-2.48,-19.3858262108262));
#9156=CARTESIAN_POINT('Ctrl Pts',(20.8826353276353,-2.48,-19.160289648623));
#9157=CARTESIAN_POINT('Ctrl Pts',(20.951834045584,-2.48,-18.9091239316239));
#9158=CARTESIAN_POINT('Ctrl Pts',(20.951834045584,-2.48,-18.632329059829));
#9159=CARTESIAN_POINT('Ctrl Pts',(20.951834045584,-2.48,-18.3452825261158));
#9160=CARTESIAN_POINT('Ctrl Pts',(20.8826353276353,-2.48,-18.0915538936372));
#9161=CARTESIAN_POINT('Ctrl Pts',(20.7442378917379,-2.48,-17.8711431623931));
#9162=CARTESIAN_POINT('Ctrl Pts',(20.6058404558404,-2.48,-17.6507324311491));
#9163=CARTESIAN_POINT('Ctrl Pts',(20.4187476258309,-2.48,-17.4764541785375));
#9164=CARTESIAN_POINT('Ctrl Pts',(20.1829594017094,-2.48,-17.3483084045584));
#9165=CARTESIAN_POINT('Ctrl Pts',(19.9471711775878,-2.48,-17.2201626305793));
#9166=CARTESIAN_POINT('Ctrl Pts',(19.6755021367521,-2.48,-17.1560897435897));
#9167=CARTESIAN_POINT('Ctrl Pts',(19.3679522792023,-2.48,-17.1560897435897));
#9168=CARTESIAN_POINT('Ctrl Pts',(19.0604024216524,-2.48,-17.1560897435897));
#9169=CARTESIAN_POINT('Ctrl Pts',(18.7887333808167,-2.48,-17.2201626305793));
#9170=CARTESIAN_POINT('Ctrl Pts',(18.5529451566951,-2.48,-17.3483084045584));
#9171=CARTESIAN_POINT('Ctrl Pts',(18.3171569325736,-2.48,-17.4764541785375));
#9172=CARTESIAN_POINT('Ctrl Pts',(18.1326270180437,-2.48,-17.6507324311491));
#9173=CARTESIAN_POINT('Ctrl Pts',(17.9993554131054,-2.48,-17.8711431623931));
#9174=CARTESIAN_POINT('Ctrl Pts',(17.8660838081671,-2.48,-18.0915538936372));
#9175=CARTESIAN_POINT('Ctrl Pts',(17.799448005698,-2.48,-18.3452825261158));
#9176=CARTESIAN_POINT('Ctrl Pts',(17.799448005698,-2.48,-18.632329059829));
#9177=CARTESIAN_POINT('Ctrl Pts',(17.799448005698,-2.48,-18.9091239316239));
#9178=CARTESIAN_POINT('Ctrl Pts',(17.8660838081671,-2.48,-19.160289648623));
#9179=CARTESIAN_POINT('Ctrl Pts',(17.9993554131054,-2.48,-19.3858262108262));
#9180=CARTESIAN_POINT('Ctrl Pts',(18.1326270180437,-2.48,-19.6113627730294));
#9181=CARTESIAN_POINT('Ctrl Pts',(18.3171569325736,-2.48,-19.7882039411206));
#9182=CARTESIAN_POINT('Ctrl Pts',(18.5529451566951,-2.48,-19.9163497150997));
#9183=CARTESIAN_POINT('Ctrl Pts',(18.7887333808167,-2.48,-20.0444954890788));
#9184=CARTESIAN_POINT('Ctrl Pts',(19.0604024216524,-2.48,-20.1085683760684));
#9185=CARTESIAN_POINT('Ctrl Pts',(19.3679522792023,-2.48,-20.1085683760684));
#9186=CARTESIAN_POINT('Ctrl Pts',(17.1862281829498,-2.5,-16.2258970160425));
#9187=CARTESIAN_POINT('Ctrl Pts',(17.1862281829498,-2.48,-16.2258970160425));
#9188=CARTESIAN_POINT('Ctrl Pts',(17.0528878727835,-2.5,-16.1512304351798));
#9189=CARTESIAN_POINT('Ctrl Pts',(17.0528878727835,-2.48,-16.1512304351798));
#9190=CARTESIAN_POINT('Ctrl Pts',(16.9292412990278,-2.5,-16.0640427783872));
#9191=CARTESIAN_POINT('Ctrl Pts',(16.9292412990278,-2.48,-16.0640427783872));
#9192=CARTESIAN_POINT('Ctrl Pts',(16.8152884615385,-2.5,-15.9643340455841));
#9193=CARTESIAN_POINT('Ctrl Pts',(16.8152884615385,-2.48,-15.9643340455841));
#9194=CARTESIAN_POINT('Ctrl Pts',(16.5282419278253,-2.5,-15.713168328585));
#9195=CARTESIAN_POINT('Ctrl Pts',(16.5282419278253,-2.48,-15.713168328585));
#9196=CARTESIAN_POINT('Ctrl Pts',(16.3078311965812,-2.5,-15.4081813865147));
#9197=CARTESIAN_POINT('Ctrl Pts',(16.3078311965812,-2.48,-15.4081813865147));
#9198=CARTESIAN_POINT('Ctrl Pts',(16.1540562678063,-2.5,-15.0493732193732));
#9199=CARTESIAN_POINT('Ctrl Pts',(16.1540562678063,-2.48,-15.0493732193732));
#9200=CARTESIAN_POINT('Ctrl Pts',(16.0002813390313,-2.5,-14.6905650522317));
#9201=CARTESIAN_POINT('Ctrl Pts',(16.0002813390313,-2.48,-14.6905650522317));
#9202=CARTESIAN_POINT('Ctrl Pts',(15.9233938746439,-2.5,-14.3163793922127));
#9203=CARTESIAN_POINT('Ctrl Pts',(15.9233938746439,-2.48,-14.3163793922127));
#9204=CARTESIAN_POINT('Ctrl Pts',(15.9233938746439,-2.5,-13.9268162393162));
#9205=CARTESIAN_POINT('Ctrl Pts',(15.9233938746439,-2.48,-13.9268162393162));
#9206=CARTESIAN_POINT('Ctrl Pts',(15.9233938746439,-2.5,-13.3527231718898));
#9207=CARTESIAN_POINT('Ctrl Pts',(15.9233938746439,-2.48,-13.3527231718898));
#9208=CARTESIAN_POINT('Ctrl Pts',(16.0694800569801,-2.5,-12.842702991453));
#9209=CARTESIAN_POINT('Ctrl Pts',(16.0694800569801,-2.48,-12.842702991453));
#9210=CARTESIAN_POINT('Ctrl Pts',(16.3616524216524,-2.5,-12.3967556980057));
#9211=CARTESIAN_POINT('Ctrl Pts',(16.3616524216524,-2.48,-12.3967556980057));
#9212=CARTESIAN_POINT('Ctrl Pts',(16.6538247863248,-2.5,-11.9508084045584));
#9213=CARTESIAN_POINT('Ctrl Pts',(16.6538247863248,-2.48,-11.9508084045584));
#9214=CARTESIAN_POINT('Ctrl Pts',(17.0613283475784,-2.5,-11.5996889838556));
#9215=CARTESIAN_POINT('Ctrl Pts',(17.0613283475784,-2.48,-11.5996889838556));
#9216=CARTESIAN_POINT('Ctrl Pts',(17.5841631054131,-2.5,-11.3433974358974));
#9217=CARTESIAN_POINT('Ctrl Pts',(17.5841631054131,-2.48,-11.3433974358974));
#9218=CARTESIAN_POINT('Ctrl Pts',(18.1069978632479,-2.5,-11.0871058879392));
#9219=CARTESIAN_POINT('Ctrl Pts',(18.1069978632479,-2.48,-11.0871058879392));
#9220=CARTESIAN_POINT('Ctrl Pts',(18.7015942545109,-2.5,-10.9589601139601));
#9221=CARTESIAN_POINT('Ctrl Pts',(18.7015942545109,-2.48,-10.9589601139601));
#9222=CARTESIAN_POINT('Ctrl Pts',(19.3679522792023,-2.5,-10.9589601139601));
#9223=CARTESIAN_POINT('Ctrl Pts',(19.3679522792023,-2.48,-10.9589601139601));
#9224=CARTESIAN_POINT('Ctrl Pts',(20.0445619658119,-2.5,-10.9589601139601));
#9225=CARTESIAN_POINT('Ctrl Pts',(20.0445619658119,-2.48,-10.9589601139601));
#9226=CARTESIAN_POINT('Ctrl Pts',(20.6417212725546,-2.5,-11.0871058879392));
#9227=CARTESIAN_POINT('Ctrl Pts',(20.6417212725546,-2.48,-11.0871058879392));
#9228=CARTESIAN_POINT('Ctrl Pts',(21.1594301994302,-2.5,-11.3433974358974));
#9229=CARTESIAN_POINT('Ctrl Pts',(21.1594301994302,-2.48,-11.3433974358974));
#9230=CARTESIAN_POINT('Ctrl Pts',(21.6771391263058,-2.5,-11.5996889838556));
#9231=CARTESIAN_POINT('Ctrl Pts',(21.6771391263058,-2.48,-11.5996889838556));
#9232=CARTESIAN_POINT('Ctrl Pts',(22.0820797720798,-2.5,-11.9508084045584));
#9233=CARTESIAN_POINT('Ctrl Pts',(22.0820797720798,-2.48,-11.9508084045584));
#9234=CARTESIAN_POINT('Ctrl Pts',(22.3742521367521,-2.5,-12.3967556980057));
#9235=CARTESIAN_POINT('Ctrl Pts',(22.3742521367521,-2.48,-12.3967556980057));
#9236=CARTESIAN_POINT('Ctrl Pts',(22.6664245014245,-2.5,-12.842702991453));
#9237=CARTESIAN_POINT('Ctrl Pts',(22.6664245014245,-2.48,-12.842702991453));
#9238=CARTESIAN_POINT('Ctrl Pts',(22.8125106837607,-2.5,-13.3527231718898));
#9239=CARTESIAN_POINT('Ctrl Pts',(22.8125106837607,-2.48,-13.3527231718898));
#9240=CARTESIAN_POINT('Ctrl Pts',(22.8125106837607,-2.5,-13.9268162393162));
#9241=CARTESIAN_POINT('Ctrl Pts',(22.8125106837607,-2.48,-13.9268162393162));
#9242=CARTESIAN_POINT('Ctrl Pts',(22.8125106837607,-2.5,-14.3163793922127));
#9243=CARTESIAN_POINT('Ctrl Pts',(22.8125106837607,-2.48,-14.3163793922127));
#9244=CARTESIAN_POINT('Ctrl Pts',(22.7381861348528,-2.5,-14.6905650522317));
#9245=CARTESIAN_POINT('Ctrl Pts',(22.7381861348528,-2.48,-14.6905650522317));
#9246=CARTESIAN_POINT('Ctrl Pts',(22.589537037037,-2.5,-15.0493732193732));
#9247=CARTESIAN_POINT('Ctrl Pts',(22.589537037037,-2.48,-15.0493732193732));
#9248=CARTESIAN_POINT('Ctrl Pts',(22.4408879392213,-2.5,-15.4081813865147));
#9249=CARTESIAN_POINT('Ctrl Pts',(22.4408879392213,-2.48,-15.4081813865147));
#9250=CARTESIAN_POINT('Ctrl Pts',(22.2230401234568,-2.5,-15.713168328585));
#9251=CARTESIAN_POINT('Ctrl Pts',(22.2230401234568,-2.48,-15.713168328585));
#9252=CARTESIAN_POINT('Ctrl Pts',(21.9359935897436,-2.5,-15.9643340455841));
#9253=CARTESIAN_POINT('Ctrl Pts',(21.9359935897436,-2.48,-15.9643340455841));
#9254=CARTESIAN_POINT('Ctrl Pts',(21.8216098471695,-2.5,-16.0644198203364));
#9255=CARTESIAN_POINT('Ctrl Pts',(21.8216098471695,-2.48,-16.0644198203364));
#9256=CARTESIAN_POINT('Ctrl Pts',(21.6974589172766,-2.5,-16.151889644802));
#9257=CARTESIAN_POINT('Ctrl Pts',(21.6974589172766,-2.48,-16.151889644802));
#9258=CARTESIAN_POINT('Ctrl Pts',(21.5635408000278,-2.5,-16.2267435189637));
#9259=CARTESIAN_POINT('Ctrl Pts',(21.5635408000278,-2.48,-16.2267435189637));
#9260=CARTESIAN_POINT('',(17.1862281829498,-2.48,-16.2258970160425));
#9261=CARTESIAN_POINT('',(17.1862281829498,-2.5,-16.2258970160425));
#9262=CARTESIAN_POINT('',(21.5635408000279,-2.48,-16.2267435189637));
#9263=CARTESIAN_POINT('Ctrl Pts',(17.1862281829498,-2.48,-16.2258970160425));
#9264=CARTESIAN_POINT('Ctrl Pts',(17.0528878727835,-2.48,-16.1512304351798));
#9265=CARTESIAN_POINT('Ctrl Pts',(16.9292412990278,-2.48,-16.0640427783872));
#9266=CARTESIAN_POINT('Ctrl Pts',(16.8152884615385,-2.48,-15.9643340455841));
#9267=CARTESIAN_POINT('Ctrl Pts',(16.5282419278253,-2.48,-15.713168328585));
#9268=CARTESIAN_POINT('Ctrl Pts',(16.3078311965812,-2.48,-15.4081813865147));
#9269=CARTESIAN_POINT('Ctrl Pts',(16.1540562678063,-2.48,-15.0493732193732));
#9270=CARTESIAN_POINT('Ctrl Pts',(16.0002813390313,-2.48,-14.6905650522317));
#9271=CARTESIAN_POINT('Ctrl Pts',(15.9233938746439,-2.48,-14.3163793922127));
#9272=CARTESIAN_POINT('Ctrl Pts',(15.9233938746439,-2.48,-13.9268162393162));
#9273=CARTESIAN_POINT('Ctrl Pts',(15.9233938746439,-2.48,-13.3527231718898));
#9274=CARTESIAN_POINT('Ctrl Pts',(16.0694800569801,-2.48,-12.842702991453));
#9275=CARTESIAN_POINT('Ctrl Pts',(16.3616524216524,-2.48,-12.3967556980057));
#9276=CARTESIAN_POINT('Ctrl Pts',(16.6538247863248,-2.48,-11.9508084045584));
#9277=CARTESIAN_POINT('Ctrl Pts',(17.0613283475784,-2.48,-11.5996889838556));
#9278=CARTESIAN_POINT('Ctrl Pts',(17.5841631054131,-2.48,-11.3433974358974));
#9279=CARTESIAN_POINT('Ctrl Pts',(18.1069978632479,-2.48,-11.0871058879392));
#9280=CARTESIAN_POINT('Ctrl Pts',(18.7015942545109,-2.48,-10.9589601139601));
#9281=CARTESIAN_POINT('Ctrl Pts',(19.3679522792023,-2.48,-10.9589601139601));
#9282=CARTESIAN_POINT('Ctrl Pts',(20.0445619658119,-2.48,-10.9589601139601));
#9283=CARTESIAN_POINT('Ctrl Pts',(20.6417212725546,-2.48,-11.0871058879392));
#9284=CARTESIAN_POINT('Ctrl Pts',(21.1594301994302,-2.48,-11.3433974358974));
#9285=CARTESIAN_POINT('Ctrl Pts',(21.6771391263058,-2.48,-11.5996889838556));
#9286=CARTESIAN_POINT('Ctrl Pts',(22.0820797720798,-2.48,-11.9508084045584));
#9287=CARTESIAN_POINT('Ctrl Pts',(22.3742521367521,-2.48,-12.3967556980057));
#9288=CARTESIAN_POINT('Ctrl Pts',(22.6664245014245,-2.48,-12.842702991453));
#9289=CARTESIAN_POINT('Ctrl Pts',(22.8125106837607,-2.48,-13.3527231718898));
#9290=CARTESIAN_POINT('Ctrl Pts',(22.8125106837607,-2.48,-13.9268162393162));
#9291=CARTESIAN_POINT('Ctrl Pts',(22.8125106837607,-2.48,-14.3163793922127));
#9292=CARTESIAN_POINT('Ctrl Pts',(22.7381861348528,-2.48,-14.6905650522317));
#9293=CARTESIAN_POINT('Ctrl Pts',(22.589537037037,-2.48,-15.0493732193732));
#9294=CARTESIAN_POINT('Ctrl Pts',(22.4408879392213,-2.48,-15.4081813865147));
#9295=CARTESIAN_POINT('Ctrl Pts',(22.2230401234568,-2.48,-15.713168328585));
#9296=CARTESIAN_POINT('Ctrl Pts',(21.9359935897436,-2.48,-15.9643340455841));
#9297=CARTESIAN_POINT('Ctrl Pts',(21.8216098471695,-2.48,-16.0644198203364));
#9298=CARTESIAN_POINT('Ctrl Pts',(21.6974589172766,-2.48,-16.151889644802));
#9299=CARTESIAN_POINT('Ctrl Pts',(21.5635408000278,-2.48,-16.2267435189637));
#9300=CARTESIAN_POINT('',(21.5635408000279,-2.5,-16.2267435189637));
#9301=CARTESIAN_POINT('Ctrl Pts',(21.5635408000279,-2.5,-16.2267435189637));
#9302=CARTESIAN_POINT('Ctrl Pts',(21.5635408000279,-2.48,-16.2267435189637));
#9303=CARTESIAN_POINT('Ctrl Pts',(21.7604949884991,-2.5,-16.3177737510282));
#9304=CARTESIAN_POINT('Ctrl Pts',(21.7604949884991,-2.48,-16.3177737510282));
#9305=CARTESIAN_POINT('Ctrl Pts',(21.9435929744223,-2.5,-16.4276484184905));
#9306=CARTESIAN_POINT('Ctrl Pts',(21.9435929744223,-2.48,-16.4276484184905));
#9307=CARTESIAN_POINT('Ctrl Pts',(22.1128347578348,-2.5,-16.5563675213675));
#9308=CARTESIAN_POINT('Ctrl Pts',(22.1128347578348,-2.48,-16.5563675213675));
#9309=CARTESIAN_POINT('Ctrl Pts',(22.4767687559354,-2.5,-16.8331623931624));
#9310=CARTESIAN_POINT('Ctrl Pts',(22.4767687559354,-2.48,-16.8331623931624));
#9311=CARTESIAN_POINT('Ctrl Pts',(22.7561265432098,-2.5,-17.1765930674264));
#9312=CARTESIAN_POINT('Ctrl Pts',(22.7561265432098,-2.48,-17.1765930674264));
#9313=CARTESIAN_POINT('Ctrl Pts',(22.9509081196581,-2.5,-17.5866595441595));
#9314=CARTESIAN_POINT('Ctrl Pts',(22.9509081196581,-2.48,-17.5866595441595));
#9315=CARTESIAN_POINT('Ctrl Pts',(23.1456896961064,-2.5,-17.9967260208927));
#9316=CARTESIAN_POINT('Ctrl Pts',(23.1456896961064,-2.48,-17.9967260208927));
#9317=CARTESIAN_POINT('Ctrl Pts',(23.2430804843305,-2.5,-18.4580508072175));
#9318=CARTESIAN_POINT('Ctrl Pts',(23.2430804843305,-2.48,-18.4580508072175));
#9319=CARTESIAN_POINT('Ctrl Pts',(23.2430804843305,-2.5,-18.9706339031339));
#9320=CARTESIAN_POINT('Ctrl Pts',(23.2430804843305,-2.48,-18.9706339031339));
#9321=CARTESIAN_POINT('Ctrl Pts',(23.2430804843305,-2.5,-19.5857336182336));
#9322=CARTESIAN_POINT('Ctrl Pts',(23.2430804843305,-2.48,-19.5857336182336));
#9323=CARTESIAN_POINT('Ctrl Pts',(23.0841797245963,-2.5,-20.1341975308642));
#9324=CARTESIAN_POINT('Ctrl Pts',(23.0841797245963,-2.48,-20.1341975308642));
#9325=CARTESIAN_POINT('Ctrl Pts',(22.7663782051282,-2.5,-20.6160256410256));
#9326=CARTESIAN_POINT('Ctrl Pts',(22.7663782051282,-2.48,-20.6160256410256));
#9327=CARTESIAN_POINT('Ctrl Pts',(22.4485766856601,-2.5,-21.0978537511871));
#9328=CARTESIAN_POINT('Ctrl Pts',(22.4485766856601,-2.48,-21.0978537511871));
#9329=CARTESIAN_POINT('Ctrl Pts',(22.0000664767331,-2.5,-21.4771652421652));
#9330=CARTESIAN_POINT('Ctrl Pts',(22.0000664767331,-2.48,-21.4771652421652));
#9331=CARTESIAN_POINT('Ctrl Pts',(21.4208475783476,-2.5,-21.7539601139601));
#9332=CARTESIAN_POINT('Ctrl Pts',(21.4208475783476,-2.48,-21.7539601139601));
#9333=CARTESIAN_POINT('Ctrl Pts',(20.841628679962,-2.5,-22.030754985755));
#9334=CARTESIAN_POINT('Ctrl Pts',(20.841628679962,-2.48,-22.030754985755));
#9335=CARTESIAN_POINT('Ctrl Pts',(20.1573302469135,-2.5,-22.1691524216524));
#9336=CARTESIAN_POINT('Ctrl Pts',(20.1573302469135,-2.48,-22.1691524216524));
#9337=CARTESIAN_POINT('Ctrl Pts',(19.3679522792023,-2.5,-22.1691524216524));
#9338=CARTESIAN_POINT('Ctrl Pts',(19.3679522792023,-2.48,-22.1691524216524));
#9339=CARTESIAN_POINT('Ctrl Pts',(18.5888259734093,-2.5,-22.1691524216524));
#9340=CARTESIAN_POINT('Ctrl Pts',(18.5888259734093,-2.48,-22.1691524216524));
#9341=CARTESIAN_POINT('Ctrl Pts',(17.90965337132,-2.5,-22.030754985755));
#9342=CARTESIAN_POINT('Ctrl Pts',(17.90965337132,-2.48,-22.030754985755));
#9343=CARTESIAN_POINT('Ctrl Pts',(17.3304344729344,-2.5,-21.7539601139601));
#9344=CARTESIAN_POINT('Ctrl Pts',(17.3304344729344,-2.48,-21.7539601139601));
#9345=CARTESIAN_POINT('Ctrl Pts',(16.7512155745489,-2.5,-21.4771652421652));
#9346=CARTESIAN_POINT('Ctrl Pts',(16.7512155745489,-2.48,-21.4771652421652));
#9347=CARTESIAN_POINT('Ctrl Pts',(16.3001424501424,-2.5,-21.0978537511871));
#9348=CARTESIAN_POINT('Ctrl Pts',(16.3001424501424,-2.48,-21.0978537511871));
#9349=CARTESIAN_POINT('Ctrl Pts',(15.9772150997151,-2.5,-20.6160256410256));
#9350=CARTESIAN_POINT('Ctrl Pts',(15.9772150997151,-2.48,-20.6160256410256));
#9351=CARTESIAN_POINT('Ctrl Pts',(15.6542877492877,-2.5,-20.1341975308642));
#9352=CARTESIAN_POINT('Ctrl Pts',(15.6542877492877,-2.48,-20.1341975308642));
#9353=CARTESIAN_POINT('Ctrl Pts',(15.492824074074,-2.5,-19.5857336182336));
#9354=CARTESIAN_POINT('Ctrl Pts',(15.492824074074,-2.48,-19.5857336182336));
#9355=CARTESIAN_POINT('Ctrl Pts',(15.492824074074,-2.5,-18.9706339031339));
#9356=CARTESIAN_POINT('Ctrl Pts',(15.492824074074,-2.48,-18.9706339031339));
#9357=CARTESIAN_POINT('Ctrl Pts',(15.492824074074,-2.5,-18.4580508072175));
#9358=CARTESIAN_POINT('Ctrl Pts',(15.492824074074,-2.48,-18.4580508072175));
#9359=CARTESIAN_POINT('Ctrl Pts',(15.5927777777778,-2.5,-17.9967260208927));
#9360=CARTESIAN_POINT('Ctrl Pts',(15.5927777777778,-2.48,-17.9967260208927));
#9361=CARTESIAN_POINT('Ctrl Pts',(15.7926851851852,-2.5,-17.5866595441595));
#9362=CARTESIAN_POINT('Ctrl Pts',(15.7926851851852,-2.48,-17.5866595441595));
#9363=CARTESIAN_POINT('Ctrl Pts',(15.9925925925926,-2.5,-17.1765930674264));
#9364=CARTESIAN_POINT('Ctrl Pts',(15.9925925925926,-2.48,-17.1765930674264));
#9365=CARTESIAN_POINT('Ctrl Pts',(16.2745132953466,-2.5,-16.8331623931624));
#9366=CARTESIAN_POINT('Ctrl Pts',(16.2745132953466,-2.48,-16.8331623931624));
#9367=CARTESIAN_POINT('Ctrl Pts',(16.6384472934473,-2.5,-16.5563675213675));
#9368=CARTESIAN_POINT('Ctrl Pts',(16.6384472934473,-2.48,-16.5563675213675));
#9369=CARTESIAN_POINT('Ctrl Pts',(16.8082140150226,-2.5,-16.4272491697468));
#9370=CARTESIAN_POINT('Ctrl Pts',(16.8082140150226,-2.48,-16.4272491697468));
#9371=CARTESIAN_POINT('Ctrl Pts',(16.9908076448087,-2.5,-16.3170923346116));
#9372=CARTESIAN_POINT('Ctrl Pts',(16.9908076448087,-2.48,-16.3170923346116));
#9373=CARTESIAN_POINT('Ctrl Pts',(17.1862281829498,-2.5,-16.2258970160425));
#9374=CARTESIAN_POINT('Ctrl Pts',(17.1862281829498,-2.48,-16.2258970160425));
#9375=CARTESIAN_POINT('Ctrl Pts',(21.5635408000279,-2.48,-16.2267435189637));
#9376=CARTESIAN_POINT('Ctrl Pts',(21.7604949884991,-2.48,-16.3177737510282));
#9377=CARTESIAN_POINT('Ctrl Pts',(21.9435929744223,-2.48,-16.4276484184905));
#9378=CARTESIAN_POINT('Ctrl Pts',(22.1128347578348,-2.48,-16.5563675213675));
#9379=CARTESIAN_POINT('Ctrl Pts',(22.4767687559354,-2.48,-16.8331623931624));
#9380=CARTESIAN_POINT('Ctrl Pts',(22.7561265432098,-2.48,-17.1765930674264));
#9381=CARTESIAN_POINT('Ctrl Pts',(22.9509081196581,-2.48,-17.5866595441595));
#9382=CARTESIAN_POINT('Ctrl Pts',(23.1456896961064,-2.48,-17.9967260208927));
#9383=CARTESIAN_POINT('Ctrl Pts',(23.2430804843305,-2.48,-18.4580508072175));
#9384=CARTESIAN_POINT('Ctrl Pts',(23.2430804843305,-2.48,-18.9706339031339));
#9385=CARTESIAN_POINT('Ctrl Pts',(23.2430804843305,-2.48,-19.5857336182336));
#9386=CARTESIAN_POINT('Ctrl Pts',(23.0841797245963,-2.48,-20.1341975308642));
#9387=CARTESIAN_POINT('Ctrl Pts',(22.7663782051282,-2.48,-20.6160256410256));
#9388=CARTESIAN_POINT('Ctrl Pts',(22.4485766856601,-2.48,-21.0978537511871));
#9389=CARTESIAN_POINT('Ctrl Pts',(22.0000664767331,-2.48,-21.4771652421652));
#9390=CARTESIAN_POINT('Ctrl Pts',(21.4208475783476,-2.48,-21.7539601139601));
#9391=CARTESIAN_POINT('Ctrl Pts',(20.841628679962,-2.48,-22.030754985755));
#9392=CARTESIAN_POINT('Ctrl Pts',(20.1573302469135,-2.48,-22.1691524216524));
#9393=CARTESIAN_POINT('Ctrl Pts',(19.3679522792023,-2.48,-22.1691524216524));
#9394=CARTESIAN_POINT('Ctrl Pts',(18.5888259734093,-2.48,-22.1691524216524));
#9395=CARTESIAN_POINT('Ctrl Pts',(17.90965337132,-2.48,-22.030754985755));
#9396=CARTESIAN_POINT('Ctrl Pts',(17.3304344729344,-2.48,-21.7539601139601));
#9397=CARTESIAN_POINT('Ctrl Pts',(16.7512155745489,-2.48,-21.4771652421652));
#9398=CARTESIAN_POINT('Ctrl Pts',(16.3001424501424,-2.48,-21.0978537511871));
#9399=CARTESIAN_POINT('Ctrl Pts',(15.9772150997151,-2.48,-20.6160256410256));
#9400=CARTESIAN_POINT('Ctrl Pts',(15.6542877492877,-2.48,-20.1341975308642));
#9401=CARTESIAN_POINT('Ctrl Pts',(15.492824074074,-2.48,-19.5857336182336));
#9402=CARTESIAN_POINT('Ctrl Pts',(15.492824074074,-2.48,-18.9706339031339));
#9403=CARTESIAN_POINT('Ctrl Pts',(15.492824074074,-2.48,-18.4580508072175));
#9404=CARTESIAN_POINT('Ctrl Pts',(15.5927777777778,-2.48,-17.9967260208927));
#9405=CARTESIAN_POINT('Ctrl Pts',(15.7926851851852,-2.48,-17.5866595441595));
#9406=CARTESIAN_POINT('Ctrl Pts',(15.9925925925926,-2.48,-17.1765930674264));
#9407=CARTESIAN_POINT('Ctrl Pts',(16.2745132953466,-2.48,-16.8331623931624));
#9408=CARTESIAN_POINT('Ctrl Pts',(16.6384472934473,-2.48,-16.5563675213675));
#9409=CARTESIAN_POINT('Ctrl Pts',(16.8082140150226,-2.48,-16.4272491697468));
#9410=CARTESIAN_POINT('Ctrl Pts',(16.9908076448087,-2.48,-16.3170923346116));
#9411=CARTESIAN_POINT('Ctrl Pts',(17.1862281829498,-2.48,-16.2258970160425));
#9412=CARTESIAN_POINT('Origin',(19.3679522792023,-2.48,-16.5640562678063));
#9413=CARTESIAN_POINT('Ctrl Pts',(-18.4606801994302,-2.5,-16.1719301994302));
#9414=CARTESIAN_POINT('Ctrl Pts',(-18.4606801994302,-2.48,-16.1719301994302));
#9415=CARTESIAN_POINT('Ctrl Pts',(-18.1633820037987,-2.5,-16.1719301994302));
#9416=CARTESIAN_POINT('Ctrl Pts',(-18.1633820037987,-2.48,-16.1719301994302));
#9417=CARTESIAN_POINT('Ctrl Pts',(-17.891712962963,-2.5,-16.1104202279202));
#9418=CARTESIAN_POINT('Ctrl Pts',(-17.891712962963,-2.48,-16.1104202279202));
#9419=CARTESIAN_POINT('Ctrl Pts',(-17.6456730769231,-2.5,-15.9874002849003));
#9420=CARTESIAN_POINT('Ctrl Pts',(-17.6456730769231,-2.48,-15.9874002849003));
#9421=CARTESIAN_POINT('Ctrl Pts',(-17.3996331908832,-2.5,-15.8643803418803));
#9422=CARTESIAN_POINT('Ctrl Pts',(-17.3996331908832,-2.48,-15.8643803418803));
#9423=CARTESIAN_POINT('Ctrl Pts',(-17.204851614435,-2.5,-15.6849762583096));
#9424=CARTESIAN_POINT('Ctrl Pts',(-17.204851614435,-2.48,-15.6849762583096));
#9425=CARTESIAN_POINT('Ctrl Pts',(-17.0613283475784,-2.5,-15.449188034188));
#9426=CARTESIAN_POINT('Ctrl Pts',(-17.0613283475784,-2.48,-15.449188034188));
#9427=CARTESIAN_POINT('Ctrl Pts',(-16.9178050807217,-2.5,-15.2133998100665));
#9428=CARTESIAN_POINT('Ctrl Pts',(-16.9178050807217,-2.48,-15.2133998100665));
#9429=CARTESIAN_POINT('Ctrl Pts',(-16.8460434472934,-2.5,-14.9263532763533));
#9430=CARTESIAN_POINT('Ctrl Pts',(-16.8460434472934,-2.48,-14.9263532763533));
#9431=CARTESIAN_POINT('Ctrl Pts',(-16.8460434472934,-2.5,-14.5880484330484));
#9432=CARTESIAN_POINT('Ctrl Pts',(-16.8460434472934,-2.48,-14.5880484330484));
#9433=CARTESIAN_POINT('Ctrl Pts',(-16.8460434472934,-2.5,-14.2599952516619));
#9434=CARTESIAN_POINT('Ctrl Pts',(-16.8460434472934,-2.48,-14.2599952516619));
#9435=CARTESIAN_POINT('Ctrl Pts',(-16.9178050807217,-2.5,-13.9780745489079));
#9436=CARTESIAN_POINT('Ctrl Pts',(-16.9178050807217,-2.48,-13.9780745489079));
#9437=CARTESIAN_POINT('Ctrl Pts',(-17.0613283475784,-2.5,-13.7422863247863));
#9438=CARTESIAN_POINT('Ctrl Pts',(-17.0613283475784,-2.48,-13.7422863247863));
#9439=CARTESIAN_POINT('Ctrl Pts',(-17.2048516144349,-2.5,-13.5064981006648));
#9440=CARTESIAN_POINT('Ctrl Pts',(-17.2048516144349,-2.48,-13.5064981006648));
#9441=CARTESIAN_POINT('Ctrl Pts',(-17.3996331908832,-2.5,-13.327094017094));
#9442=CARTESIAN_POINT('Ctrl Pts',(-17.3996331908832,-2.48,-13.327094017094));
#9443=CARTESIAN_POINT('Ctrl Pts',(-17.6456730769231,-2.5,-13.2040740740741));
#9444=CARTESIAN_POINT('Ctrl Pts',(-17.6456730769231,-2.48,-13.2040740740741));
#9445=CARTESIAN_POINT('Ctrl Pts',(-17.891712962963,-2.5,-13.0810541310541));
#9446=CARTESIAN_POINT('Ctrl Pts',(-17.891712962963,-2.48,-13.0810541310541));
#9447=CARTESIAN_POINT('Ctrl Pts',(-18.1633820037987,-2.5,-13.0195441595442));
#9448=CARTESIAN_POINT('Ctrl Pts',(-18.1633820037987,-2.48,-13.0195441595442));
#9449=CARTESIAN_POINT('Ctrl Pts',(-18.4606801994302,-2.5,-13.0195441595442));
#9450=CARTESIAN_POINT('Ctrl Pts',(-18.4606801994302,-2.48,-13.0195441595442));
#9451=CARTESIAN_POINT('',(-18.4606801994302,-2.5,-16.1719301994302));
#9452=CARTESIAN_POINT('',(-18.4606801994302,-2.5,-13.0195441595442));
#9453=CARTESIAN_POINT('Ctrl Pts',(-18.4606801994302,-2.5,-16.1719301994302));
#9454=CARTESIAN_POINT('Ctrl Pts',(-18.1633820037987,-2.5,-16.1719301994302));
#9455=CARTESIAN_POINT('Ctrl Pts',(-17.891712962963,-2.5,-16.1104202279202));
#9456=CARTESIAN_POINT('Ctrl Pts',(-17.6456730769231,-2.5,-15.9874002849003));
#9457=CARTESIAN_POINT('Ctrl Pts',(-17.3996331908832,-2.5,-15.8643803418803));
#9458=CARTESIAN_POINT('Ctrl Pts',(-17.204851614435,-2.5,-15.6849762583096));
#9459=CARTESIAN_POINT('Ctrl Pts',(-17.0613283475784,-2.5,-15.449188034188));
#9460=CARTESIAN_POINT('Ctrl Pts',(-16.9178050807217,-2.5,-15.2133998100665));
#9461=CARTESIAN_POINT('Ctrl Pts',(-16.8460434472934,-2.5,-14.9263532763533));
#9462=CARTESIAN_POINT('Ctrl Pts',(-16.8460434472934,-2.5,-14.5880484330484));
#9463=CARTESIAN_POINT('Ctrl Pts',(-16.8460434472934,-2.5,-14.2599952516619));
#9464=CARTESIAN_POINT('Ctrl Pts',(-16.9178050807217,-2.5,-13.9780745489079));
#9465=CARTESIAN_POINT('Ctrl Pts',(-17.0613283475784,-2.5,-13.7422863247863));
#9466=CARTESIAN_POINT('Ctrl Pts',(-17.2048516144349,-2.5,-13.5064981006648));
#9467=CARTESIAN_POINT('Ctrl Pts',(-17.3996331908832,-2.5,-13.327094017094));
#9468=CARTESIAN_POINT('Ctrl Pts',(-17.6456730769231,-2.5,-13.2040740740741));
#9469=CARTESIAN_POINT('Ctrl Pts',(-17.891712962963,-2.5,-13.0810541310541));
#9470=CARTESIAN_POINT('Ctrl Pts',(-18.1633820037987,-2.5,-13.0195441595442));
#9471=CARTESIAN_POINT('Ctrl Pts',(-18.4606801994302,-2.5,-13.0195441595442));
#9472=CARTESIAN_POINT('',(-18.4606801994302,-2.48,-16.1719301994302));
#9473=CARTESIAN_POINT('',(-18.4606801994302,-2.5,-16.1719301994302));
#9474=CARTESIAN_POINT('',(-18.4606801994302,-2.48,-13.0195441595442));
#9475=CARTESIAN_POINT('Ctrl Pts',(-18.4606801994302,-2.48,-16.1719301994302));
#9476=CARTESIAN_POINT('Ctrl Pts',(-18.1633820037987,-2.48,-16.1719301994302));
#9477=CARTESIAN_POINT('Ctrl Pts',(-17.891712962963,-2.48,-16.1104202279202));
#9478=CARTESIAN_POINT('Ctrl Pts',(-17.6456730769231,-2.48,-15.9874002849003));
#9479=CARTESIAN_POINT('Ctrl Pts',(-17.3996331908832,-2.48,-15.8643803418803));
#9480=CARTESIAN_POINT('Ctrl Pts',(-17.204851614435,-2.48,-15.6849762583096));
#9481=CARTESIAN_POINT('Ctrl Pts',(-17.0613283475784,-2.48,-15.449188034188));
#9482=CARTESIAN_POINT('Ctrl Pts',(-16.9178050807217,-2.48,-15.2133998100665));
#9483=CARTESIAN_POINT('Ctrl Pts',(-16.8460434472934,-2.48,-14.9263532763533));
#9484=CARTESIAN_POINT('Ctrl Pts',(-16.8460434472934,-2.48,-14.5880484330484));
#9485=CARTESIAN_POINT('Ctrl Pts',(-16.8460434472934,-2.48,-14.2599952516619));
#9486=CARTESIAN_POINT('Ctrl Pts',(-16.9178050807217,-2.48,-13.9780745489079));
#9487=CARTESIAN_POINT('Ctrl Pts',(-17.0613283475784,-2.48,-13.7422863247863));
#9488=CARTESIAN_POINT('Ctrl Pts',(-17.2048516144349,-2.48,-13.5064981006648));
#9489=CARTESIAN_POINT('Ctrl Pts',(-17.3996331908832,-2.48,-13.327094017094));
#9490=CARTESIAN_POINT('Ctrl Pts',(-17.6456730769231,-2.48,-13.2040740740741));
#9491=CARTESIAN_POINT('Ctrl Pts',(-17.891712962963,-2.48,-13.0810541310541));
#9492=CARTESIAN_POINT('Ctrl Pts',(-18.1633820037987,-2.48,-13.0195441595442));
#9493=CARTESIAN_POINT('Ctrl Pts',(-18.4606801994302,-2.48,-13.0195441595442));
#9494=CARTESIAN_POINT('',(-18.4606801994302,-2.5,-13.0195441595442));
#9495=CARTESIAN_POINT('Origin',(-20.2290918803419,-2.5,-16.1719301994302));
#9496=CARTESIAN_POINT('',(-20.2290918803419,-2.5,-16.1719301994302));
#9497=CARTESIAN_POINT('',(-10.1145459401709,-2.5,-16.1719301994302));
#9498=CARTESIAN_POINT('',(-20.2290918803419,-2.48,-16.1719301994302));
#9499=CARTESIAN_POINT('',(-20.2290918803419,-2.5,-16.1719301994302));
#9500=CARTESIAN_POINT('',(-18.4606801994302,-2.48,-16.1719301994302));
#9501=CARTESIAN_POINT('Origin',(-20.2290918803419,-2.5,-13.0195441595442));
#9502=CARTESIAN_POINT('',(-20.2290918803419,-2.5,-13.0195441595442));
#9503=CARTESIAN_POINT('',(-20.2290918803419,-2.5,-6.50977207977208));
#9504=CARTESIAN_POINT('',(-20.2290918803419,-2.48,-13.0195441595442));
#9505=CARTESIAN_POINT('',(-20.2290918803419,-2.5,-13.0195441595442));
#9506=CARTESIAN_POINT('',(-20.2290918803419,-2.48,-16.1719301994302));
#9507=CARTESIAN_POINT('Origin',(-18.4606801994302,-2.5,-13.0195441595442));
#9508=CARTESIAN_POINT('',(-9.2303400997151,-2.5,-13.0195441595442));
#9509=CARTESIAN_POINT('',(-20.2290918803419,-2.48,-13.0195441595442));
#9510=CARTESIAN_POINT('Origin',(-20.2290918803419,-2.5,-22.));
#9511=CARTESIAN_POINT('',(-20.2290918803419,-2.48,-22.));
#9512=CARTESIAN_POINT('',(-20.2290918803419,-2.5,-22.));
#9513=CARTESIAN_POINT('',(-22.6433582621082,-2.48,-22.));
#9514=CARTESIAN_POINT('',(-22.6433582621082,-2.48,-22.));
#9515=CARTESIAN_POINT('',(-22.6433582621082,-2.5,-22.));
#9516=CARTESIAN_POINT('Origin',(-20.2290918803419,-2.5,-18.0479843304843));
#9517=CARTESIAN_POINT('',(-20.2290918803419,-2.48,-18.0479843304843));
#9518=CARTESIAN_POINT('',(-20.2290918803419,-2.5,-18.0479843304843));
#9519=CARTESIAN_POINT('',(-20.2290918803419,-2.48,-22.));
#9520=CARTESIAN_POINT('Origin',(-18.1069978632479,-2.5,-18.0479843304843));
#9521=CARTESIAN_POINT('',(-18.1069978632479,-2.48,-18.0479843304843));
#9522=CARTESIAN_POINT('',(-18.1069978632479,-2.5,-18.0479843304843));
#9523=CARTESIAN_POINT('',(-20.2290918803419,-2.48,-18.0479843304843));
#9524=CARTESIAN_POINT('Ctrl Pts',(-18.1069978632479,-2.5,-11.14349002849));
#9525=CARTESIAN_POINT('Ctrl Pts',(-18.1069978632479,-2.48,-11.14349002849));
#9526=CARTESIAN_POINT('Ctrl Pts',(-17.4201365147198,-2.5,-11.14349002849));
#9527=CARTESIAN_POINT('Ctrl Pts',(-17.4201365147198,-2.48,-11.14349002849));
#9528=CARTESIAN_POINT('Ctrl Pts',(-16.799910968661,-2.5,-11.2818874643875));
#9529=CARTESIAN_POINT('Ctrl Pts',(-16.799910968661,-2.48,-11.2818874643875));
#9530=CARTESIAN_POINT('Ctrl Pts',(-16.2463212250712,-2.5,-11.5586823361823));
#9531=CARTESIAN_POINT('Ctrl Pts',(-16.2463212250712,-2.48,-11.5586823361823));
#9532=CARTESIAN_POINT('Ctrl Pts',(-15.6927314814815,-2.5,-11.8354772079772));
#9533=CARTESIAN_POINT('Ctrl Pts',(-15.6927314814815,-2.48,-11.8354772079772));
#9534=CARTESIAN_POINT('Ctrl Pts',(-15.2544729344729,-2.5,-12.2327291073124));
#9535=CARTESIAN_POINT('Ctrl Pts',(-15.2544729344729,-2.48,-12.2327291073124));
#9536=CARTESIAN_POINT('Ctrl Pts',(-14.9315455840456,-2.5,-12.750438034188));
#9537=CARTESIAN_POINT('Ctrl Pts',(-14.9315455840456,-2.48,-12.750438034188));
#9538=CARTESIAN_POINT('Ctrl Pts',(-14.6086182336183,-2.5,-13.2681469610636));
#9539=CARTESIAN_POINT('Ctrl Pts',(-14.6086182336183,-2.48,-13.2681469610636));
#9540=CARTESIAN_POINT('Ctrl Pts',(-14.4471545584046,-2.5,-13.8806837606838));
#9541=CARTESIAN_POINT('Ctrl Pts',(-14.4471545584046,-2.48,-13.8806837606838));
#9542=CARTESIAN_POINT('Ctrl Pts',(-14.4471545584046,-2.5,-14.5880484330484));
#9543=CARTESIAN_POINT('Ctrl Pts',(-14.4471545584046,-2.48,-14.5880484330484));
#9544=CARTESIAN_POINT('Ctrl Pts',(-14.4471545584046,-2.5,-15.2954131054131));
#9545=CARTESIAN_POINT('Ctrl Pts',(-14.4471545584046,-2.48,-15.2954131054131));
#9546=CARTESIAN_POINT('Ctrl Pts',(-14.6086182336183,-2.5,-15.9079499050332));
#9547=CARTESIAN_POINT('Ctrl Pts',(-14.6086182336183,-2.48,-15.9079499050332));
#9548=CARTESIAN_POINT('Ctrl Pts',(-14.9315455840456,-2.5,-16.4256588319088));
#9549=CARTESIAN_POINT('Ctrl Pts',(-14.9315455840456,-2.48,-16.4256588319088));
#9550=CARTESIAN_POINT('Ctrl Pts',(-15.2544729344729,-2.5,-16.9433677587844));
#9551=CARTESIAN_POINT('Ctrl Pts',(-15.2544729344729,-2.48,-16.9433677587844));
#9552=CARTESIAN_POINT('Ctrl Pts',(-15.6927314814815,-2.5,-17.3431825735992));
#9553=CARTESIAN_POINT('Ctrl Pts',(-15.6927314814815,-2.48,-17.3431825735992));
#9554=CARTESIAN_POINT('Ctrl Pts',(-16.2463212250712,-2.5,-17.6251032763533));
#9555=CARTESIAN_POINT('Ctrl Pts',(-16.2463212250712,-2.48,-17.6251032763533));
#9556=CARTESIAN_POINT('Ctrl Pts',(-16.799910968661,-2.5,-17.9070239791073));
#9557=CARTESIAN_POINT('Ctrl Pts',(-16.799910968661,-2.48,-17.9070239791073));
#9558=CARTESIAN_POINT('Ctrl Pts',(-17.4201365147198,-2.5,-18.0479843304843));
#9559=CARTESIAN_POINT('Ctrl Pts',(-17.4201365147198,-2.48,-18.0479843304843));
#9560=CARTESIAN_POINT('Ctrl Pts',(-18.1069978632479,-2.5,-18.0479843304843));
#9561=CARTESIAN_POINT('Ctrl Pts',(-18.1069978632479,-2.48,-18.0479843304843));
#9562=CARTESIAN_POINT('',(-18.1069978632479,-2.48,-11.14349002849));
#9563=CARTESIAN_POINT('',(-18.1069978632479,-2.5,-11.14349002849));
#9564=CARTESIAN_POINT('Ctrl Pts',(-18.1069978632479,-2.48,-11.14349002849));
#9565=CARTESIAN_POINT('Ctrl Pts',(-17.4201365147198,-2.48,-11.14349002849));
#9566=CARTESIAN_POINT('Ctrl Pts',(-16.799910968661,-2.48,-11.2818874643875));
#9567=CARTESIAN_POINT('Ctrl Pts',(-16.2463212250712,-2.48,-11.5586823361823));
#9568=CARTESIAN_POINT('Ctrl Pts',(-15.6927314814815,-2.48,-11.8354772079772));
#9569=CARTESIAN_POINT('Ctrl Pts',(-15.2544729344729,-2.48,-12.2327291073124));
#9570=CARTESIAN_POINT('Ctrl Pts',(-14.9315455840456,-2.48,-12.750438034188));
#9571=CARTESIAN_POINT('Ctrl Pts',(-14.6086182336183,-2.48,-13.2681469610636));
#9572=CARTESIAN_POINT('Ctrl Pts',(-14.4471545584046,-2.48,-13.8806837606838));
#9573=CARTESIAN_POINT('Ctrl Pts',(-14.4471545584046,-2.48,-14.5880484330484));
#9574=CARTESIAN_POINT('Ctrl Pts',(-14.4471545584046,-2.48,-15.2954131054131));
#9575=CARTESIAN_POINT('Ctrl Pts',(-14.6086182336183,-2.48,-15.9079499050332));
#9576=CARTESIAN_POINT('Ctrl Pts',(-14.9315455840456,-2.48,-16.4256588319088));
#9577=CARTESIAN_POINT('Ctrl Pts',(-15.2544729344729,-2.48,-16.9433677587844));
#9578=CARTESIAN_POINT('Ctrl Pts',(-15.6927314814815,-2.48,-17.3431825735992));
#9579=CARTESIAN_POINT('Ctrl Pts',(-16.2463212250712,-2.48,-17.6251032763533));
#9580=CARTESIAN_POINT('Ctrl Pts',(-16.799910968661,-2.48,-17.9070239791073));
#9581=CARTESIAN_POINT('Ctrl Pts',(-17.4201365147198,-2.48,-18.0479843304843));
#9582=CARTESIAN_POINT('Ctrl Pts',(-18.1069978632479,-2.48,-18.0479843304843));
#9583=CARTESIAN_POINT('Origin',(-22.6433582621082,-2.5,-11.14349002849));
#9584=CARTESIAN_POINT('',(-22.6433582621082,-2.48,-11.14349002849));
#9585=CARTESIAN_POINT('',(-22.6433582621082,-2.5,-11.14349002849));
#9586=CARTESIAN_POINT('',(-18.1069978632479,-2.48,-11.14349002849));
#9587=CARTESIAN_POINT('Origin',(-22.6433582621082,-2.5,-22.));
#9588=CARTESIAN_POINT('',(-22.6433582621082,-2.48,-11.14349002849));
#9589=CARTESIAN_POINT('Origin',(-18.5452564102564,-2.48,-16.571745014245));
#9590=CARTESIAN_POINT('Origin',(-38.5765511041632,-2.5,19.8282454586741));
#9591=CARTESIAN_POINT('',(-38.5765511041632,-2.48,19.8282454586741));
#9592=CARTESIAN_POINT('',(-38.5765511041632,-2.5,19.8282454586741));
#9593=CARTESIAN_POINT('',(-27.2909814181078,-2.48,19.8282454586741));
#9594=CARTESIAN_POINT('',(-27.2909814181078,-2.48,19.8282454586741));
#9595=CARTESIAN_POINT('',(-27.2909814181078,-2.5,19.8282454586741));
#9596=CARTESIAN_POINT('Origin',(-41.23553405563,-2.5,22.487228410141));
#9597=CARTESIAN_POINT('',(-41.23553405563,-2.48,22.487228410141));
#9598=CARTESIAN_POINT('',(-41.23553405563,-2.5,22.487228410141));
#9599=CARTESIAN_POINT('',(-38.5765511041632,-2.48,19.8282454586741));
#9600=CARTESIAN_POINT('Origin',(-41.2355340556301,-2.5,25.6221088784897));
#9601=CARTESIAN_POINT('',(-41.2355340556301,-2.48,25.6221088784897));
#9602=CARTESIAN_POINT('',(-41.2355340556301,-2.5,25.6221088784897));
#9603=CARTESIAN_POINT('',(-41.2355340556301,-2.48,22.487228410141));
#9604=CARTESIAN_POINT('Ctrl Pts',(-42.746319823509,-2.5,25.6221088784897));
#9605=CARTESIAN_POINT('Ctrl Pts',(-42.746319823509,-2.48,25.6221088784897));
#9606=CARTESIAN_POINT('Ctrl Pts',(-43.3053105576242,-2.5,25.9016042455473));
#9607=CARTESIAN_POINT('Ctrl Pts',(-43.3053105576242,-2.48,25.9016042455473));
#9608=CARTESIAN_POINT('Ctrl Pts',(-43.6905609284333,-2.5,26.4681489085019));
#9609=CARTESIAN_POINT('Ctrl Pts',(-43.6905609284333,-2.48,26.4681489085019));
#9610=CARTESIAN_POINT('Ctrl Pts',(-43.6905609284333,-2.5,27.1328946463686));
#9611=CARTESIAN_POINT('Ctrl Pts',(-43.6905609284333,-2.48,27.1328946463686));
#9612=CARTESIAN_POINT('Ctrl Pts',(-43.6905609284333,-2.5,28.0695818224535));
#9613=CARTESIAN_POINT('Ctrl Pts',(-43.6905609284333,-2.48,28.0695818224535));
#9614=CARTESIAN_POINT('Ctrl Pts',(-42.9276141156544,-2.5,28.8325286352324));
#9615=CARTESIAN_POINT('Ctrl Pts',(-42.9276141156544,-2.48,28.8325286352324));
#9616=CARTESIAN_POINT('Ctrl Pts',(-41.9909269395695,-2.5,28.8325286352324));
#9617=CARTESIAN_POINT('Ctrl Pts',(-41.9909269395695,-2.48,28.8325286352324));
#9618=CARTESIAN_POINT('Ctrl Pts',(-41.0542397634846,-2.5,28.8325286352324));
#9619=CARTESIAN_POINT('Ctrl Pts',(-41.0542397634846,-2.48,28.8325286352324));
#9620=CARTESIAN_POINT('Ctrl Pts',(-40.2912929507058,-2.5,28.0695818224535));
#9621=CARTESIAN_POINT('Ctrl Pts',(-40.2912929507058,-2.48,28.0695818224535));
#9622=CARTESIAN_POINT('Ctrl Pts',(-40.2912929507058,-2.5,27.1328946463686));
#9623=CARTESIAN_POINT('Ctrl Pts',(-40.2912929507058,-2.48,27.1328946463686));
#9624=CARTESIAN_POINT('Ctrl Pts',(-40.2912929507058,-2.5,26.4681489085019));
#9625=CARTESIAN_POINT('Ctrl Pts',(-40.2912929507058,-2.48,26.4681489085019));
#9626=CARTESIAN_POINT('Ctrl Pts',(-40.6765433215149,-2.5,25.9016042455473));
#9627=CARTESIAN_POINT('Ctrl Pts',(-40.6765433215149,-2.48,25.9016042455473));
#9628=CARTESIAN_POINT('Ctrl Pts',(-41.2355340556301,-2.5,25.6221088784897));
#9629=CARTESIAN_POINT('Ctrl Pts',(-41.2355340556301,-2.48,25.6221088784897));
#9630=CARTESIAN_POINT('',(-42.746319823509,-2.48,25.6221088784897));
#9631=CARTESIAN_POINT('',(-42.746319823509,-2.5,25.6221088784897));
#9632=CARTESIAN_POINT('Ctrl Pts',(-42.746319823509,-2.48,25.6221088784897));
#9633=CARTESIAN_POINT('Ctrl Pts',(-43.3053105576242,-2.48,25.9016042455473));
#9634=CARTESIAN_POINT('Ctrl Pts',(-43.6905609284333,-2.48,26.4681489085019));
#9635=CARTESIAN_POINT('Ctrl Pts',(-43.6905609284333,-2.48,27.1328946463686));
#9636=CARTESIAN_POINT('Ctrl Pts',(-43.6905609284333,-2.48,28.0695818224535));
#9637=CARTESIAN_POINT('Ctrl Pts',(-42.9276141156544,-2.48,28.8325286352324));
#9638=CARTESIAN_POINT('Ctrl Pts',(-41.9909269395695,-2.48,28.8325286352324));
#9639=CARTESIAN_POINT('Ctrl Pts',(-41.0542397634846,-2.48,28.8325286352324));
#9640=CARTESIAN_POINT('Ctrl Pts',(-40.2912929507058,-2.48,28.0695818224535));
#9641=CARTESIAN_POINT('Ctrl Pts',(-40.2912929507058,-2.48,27.1328946463686));
#9642=CARTESIAN_POINT('Ctrl Pts',(-40.2912929507058,-2.48,26.4681489085019));
#9643=CARTESIAN_POINT('Ctrl Pts',(-40.6765433215149,-2.48,25.9016042455473));
#9644=CARTESIAN_POINT('Ctrl Pts',(-41.2355340556301,-2.48,25.6221088784897));
#9645=CARTESIAN_POINT('Origin',(-42.746319823509,-2.5,21.8602523164713));
#9646=CARTESIAN_POINT('',(-42.746319823509,-2.48,21.8602523164713));
#9647=CARTESIAN_POINT('',(-42.746319823509,-2.5,21.8602523164713));
#9648=CARTESIAN_POINT('',(-42.746319823509,-2.48,25.6221088784897));
#9649=CARTESIAN_POINT('Origin',(-39.2035271978329,-2.5,18.3174596907952));
#9650=CARTESIAN_POINT('',(-39.2035271978329,-2.48,18.3174596907952));
#9651=CARTESIAN_POINT('',(-39.2035271978329,-2.5,18.3174596907952));
#9652=CARTESIAN_POINT('',(-42.746319823509,-2.48,21.8602523164712));
#9653=CARTESIAN_POINT('Origin',(-27.9179575117776,-2.5,18.3174596907952));
#9654=CARTESIAN_POINT('',(-27.9179575117776,-2.48,18.3174596907952));
#9655=CARTESIAN_POINT('',(-27.9179575117776,-2.5,18.3174596907952));
#9656=CARTESIAN_POINT('',(-39.2035271978329,-2.48,18.3174596907952));
#9657=CARTESIAN_POINT('Origin',(-24.0654538036863,-2.5,14.464955982704));
#9658=CARTESIAN_POINT('',(-24.0654538036863,-2.48,14.464955982704));
#9659=CARTESIAN_POINT('',(-24.0654538036863,-2.5,14.464955982704));
#9660=CARTESIAN_POINT('',(-27.9179575117776,-2.48,18.3174596907952));
#9661=CARTESIAN_POINT('Origin',(-24.0654538036863,-2.5,11.3602912297129));
#9662=CARTESIAN_POINT('',(-24.0654538036863,-2.48,11.3602912297129));
#9663=CARTESIAN_POINT('',(-24.0654538036863,-2.5,11.3602912297129));
#9664=CARTESIAN_POINT('',(-24.0654538036863,-2.48,14.464955982704));
#9665=CARTESIAN_POINT('Ctrl Pts',(-22.5546680358075,-2.5,11.3602912297129));
#9666=CARTESIAN_POINT('Ctrl Pts',(-22.5546680358075,-2.48,11.3602912297129));
#9667=CARTESIAN_POINT('Ctrl Pts',(-21.9956773016923,-2.5,11.0807958626553));
#9668=CARTESIAN_POINT('Ctrl Pts',(-21.9956773016923,-2.48,11.0807958626553));
#9669=CARTESIAN_POINT('Ctrl Pts',(-21.6104269308831,-2.5,10.5142511997007));
#9670=CARTESIAN_POINT('Ctrl Pts',(-21.6104269308831,-2.48,10.5142511997007));
#9671=CARTESIAN_POINT('Ctrl Pts',(-21.6104269308831,-2.5,9.84950546183395));
#9672=CARTESIAN_POINT('Ctrl Pts',(-21.6104269308831,-2.48,9.84950546183395));
#9673=CARTESIAN_POINT('Ctrl Pts',(-21.6104269308831,-2.5,8.91281828574902));
#9674=CARTESIAN_POINT('Ctrl Pts',(-21.6104269308831,-2.48,8.91281828574902));
#9675=CARTESIAN_POINT('Ctrl Pts',(-22.373373743662,-2.5,8.14987147297019));
#9676=CARTESIAN_POINT('Ctrl Pts',(-22.373373743662,-2.48,8.14987147297019));
#9677=CARTESIAN_POINT('Ctrl Pts',(-23.3100609197469,-2.5,8.14987147297019));
#9678=CARTESIAN_POINT('Ctrl Pts',(-23.3100609197469,-2.48,8.14987147297019));
#9679=CARTESIAN_POINT('Ctrl Pts',(-24.2467480958318,-2.5,8.14987147297019));
#9680=CARTESIAN_POINT('Ctrl Pts',(-24.2467480958318,-2.48,8.14987147297019));
#9681=CARTESIAN_POINT('Ctrl Pts',(-25.0096949086107,-2.5,8.91281828574902));
#9682=CARTESIAN_POINT('Ctrl Pts',(-25.0096949086107,-2.48,8.91281828574902));
#9683=CARTESIAN_POINT('Ctrl Pts',(-25.0096949086107,-2.5,9.84950546183395));
#9684=CARTESIAN_POINT('Ctrl Pts',(-25.0096949086107,-2.48,9.84950546183395));
#9685=CARTESIAN_POINT('Ctrl Pts',(-25.0096949086107,-2.5,10.5142511997007));
#9686=CARTESIAN_POINT('Ctrl Pts',(-25.0096949086107,-2.48,10.5142511997007));
#9687=CARTESIAN_POINT('Ctrl Pts',(-24.6244445378016,-2.5,11.0807958626553));
#9688=CARTESIAN_POINT('Ctrl Pts',(-24.6244445378016,-2.48,11.0807958626553));
#9689=CARTESIAN_POINT('Ctrl Pts',(-24.0654538036863,-2.5,11.3602912297129));
#9690=CARTESIAN_POINT('Ctrl Pts',(-24.0654538036863,-2.48,11.3602912297129));
#9691=CARTESIAN_POINT('',(-22.5546680358075,-2.48,11.3602912297129));
#9692=CARTESIAN_POINT('',(-22.5546680358075,-2.5,11.3602912297129));
#9693=CARTESIAN_POINT('Ctrl Pts',(-22.5546680358075,-2.48,11.3602912297129));
#9694=CARTESIAN_POINT('Ctrl Pts',(-21.9956773016923,-2.48,11.0807958626553));
#9695=CARTESIAN_POINT('Ctrl Pts',(-21.6104269308831,-2.48,10.5142511997007));
#9696=CARTESIAN_POINT('Ctrl Pts',(-21.6104269308831,-2.48,9.84950546183395));
#9697=CARTESIAN_POINT('Ctrl Pts',(-21.6104269308831,-2.48,8.91281828574902));
#9698=CARTESIAN_POINT('Ctrl Pts',(-22.373373743662,-2.48,8.14987147297019));
#9699=CARTESIAN_POINT('Ctrl Pts',(-23.3100609197469,-2.48,8.14987147297019));
#9700=CARTESIAN_POINT('Ctrl Pts',(-24.2467480958318,-2.48,8.14987147297019));
#9701=CARTESIAN_POINT('Ctrl Pts',(-25.0096949086107,-2.48,8.91281828574902));
#9702=CARTESIAN_POINT('Ctrl Pts',(-25.0096949086107,-2.48,9.84950546183395));
#9703=CARTESIAN_POINT('Ctrl Pts',(-25.0096949086107,-2.48,10.5142511997007));
#9704=CARTESIAN_POINT('Ctrl Pts',(-24.6244445378016,-2.48,11.0807958626553));
#9705=CARTESIAN_POINT('Ctrl Pts',(-24.0654538036863,-2.48,11.3602912297129));
#9706=CARTESIAN_POINT('Origin',(-22.5546680358075,-2.5,15.0919320763737));
#9707=CARTESIAN_POINT('',(-22.5546680358075,-2.48,15.0919320763737));
#9708=CARTESIAN_POINT('',(-22.5546680358075,-2.5,15.0919320763737));
#9709=CARTESIAN_POINT('',(-22.5546680358075,-2.48,11.3602912297129));
#9710=CARTESIAN_POINT('Origin',(-27.2909814181078,-2.5,19.8282454586741));
#9711=CARTESIAN_POINT('',(-22.5546680358075,-2.48,15.0919320763737));
#9712=CARTESIAN_POINT('Origin',(-32.6504939296582,-2.48,18.4912000541013));
#9713=CARTESIAN_POINT('Origin',(0.,-2.5,0.));
#9714=CARTESIAN_POINT('Origin',(0.,-2.5,0.));
#9715=CARTESIAN_POINT('Origin',(0.,-2.5,0.));
#9716=CARTESIAN_POINT('Origin',(0.,-2.5,0.));
#9717=CARTESIAN_POINT('Origin',(0.,-2.5,0.));
#9718=CARTESIAN_POINT('Origin',(70.,31.6,-20.));
#9719=CARTESIAN_POINT('',(70.,31.6,-20.));
#9720=CARTESIAN_POINT('Origin',(72.5,31.6,20.));
#9721=CARTESIAN_POINT('',(70.,31.6,20.));
#9722=CARTESIAN_POINT('Origin',(70.,31.6,45.));
#9723=CARTESIAN_POINT('',(70.,31.6,-45.));
#9724=CARTESIAN_POINT('Origin',(-70.,31.6,-20.));
#9725=CARTESIAN_POINT('',(-70.,31.6,-20.));
#9726=CARTESIAN_POINT('Origin',(-70.,31.6,-45.));
#9727=CARTESIAN_POINT('',(-70.,31.6,-45.));
#9728=CARTESIAN_POINT('Origin',(70.,31.6,-45.));
#9729=CARTESIAN_POINT('Origin',(70.,31.6,45.));
#9730=CARTESIAN_POINT('',(70.,31.6,45.));
#9731=CARTESIAN_POINT('Origin',(-70.,31.6,45.));
#9732=CARTESIAN_POINT('',(-70.,31.6,45.));
#9733=CARTESIAN_POINT('Origin',(-70.,31.6,20.));
#9734=CARTESIAN_POINT('',(-70.,31.6,20.));
#9735=CARTESIAN_POINT('Origin',(-72.5,31.6,20.));
#9736=CARTESIAN_POINT('Origin',(72.5,0.,47.5));
#9737=CARTESIAN_POINT('Origin',(75.,31.6,-50.));
#9738=CARTESIAN_POINT('',(73.,21.6,-50.));
#9739=CARTESIAN_POINT('',(73.,31.6,-50.));
#9740=CARTESIAN_POINT('Origin',(75.,21.6,-50.));
#9741=CARTESIAN_POINT('Origin',(75.,21.6,-50.));
#9742=CARTESIAN_POINT('Origin',(-75.,31.6,-50.));
#9743=CARTESIAN_POINT('',(-77.,21.6,-50.));
#9744=CARTESIAN_POINT('',(-77.,31.6,-50.));
#9745=CARTESIAN_POINT('Origin',(-75.,21.6,-50.));
#9746=CARTESIAN_POINT('Origin',(-75.,21.6,-50.));
#9747=CARTESIAN_POINT('Origin',(75.,31.6,50.));
#9748=CARTESIAN_POINT('',(73.,21.6,50.));
#9749=CARTESIAN_POINT('',(73.,31.6,50.));
#9750=CARTESIAN_POINT('Origin',(75.,21.6,50.));
#9751=CARTESIAN_POINT('Origin',(75.,21.6,50.));
#9752=CARTESIAN_POINT('Origin',(-75.,31.6,50.));
#9753=CARTESIAN_POINT('',(-77.,21.6,50.));
#9754=CARTESIAN_POINT('',(-77.,31.6,50.));
#9755=CARTESIAN_POINT('Origin',(-75.,21.6,50.));
#9756=CARTESIAN_POINT('Origin',(-75.,21.6,50.));
#9757=CARTESIAN_POINT('Origin',(-75.,0.,50.));
#9758=CARTESIAN_POINT('Origin',(0.,-2.5,0.));
#9759=UNCERTAINTY_MEASURE_WITH_UNIT(LENGTH_MEASURE(0.01),#9763,
'DISTANCE_ACCURACY_VALUE',
'Maximum model space distance between geometric entities at asserted c
onnectivities');
#9760=UNCERTAINTY_MEASURE_WITH_UNIT(LENGTH_MEASURE(0.01),#9763,
'DISTANCE_ACCURACY_VALUE',
'Maximum model space distance between geometric entities at asserted c
onnectivities');
#9761=(
GEOMETRIC_REPRESENTATION_CONTEXT(3)
GLOBAL_UNCERTAINTY_ASSIGNED_CONTEXT((#9759))
GLOBAL_UNIT_ASSIGNED_CONTEXT((#9763,#9765,#9766))
REPRESENTATION_CONTEXT('','3D')
);
#9762=(
GEOMETRIC_REPRESENTATION_CONTEXT(3)
GLOBAL_UNCERTAINTY_ASSIGNED_CONTEXT((#9760))
GLOBAL_UNIT_ASSIGNED_CONTEXT((#9763,#9765,#9766))
REPRESENTATION_CONTEXT('','3D')
);
#9763=(
LENGTH_UNIT()
NAMED_UNIT(*)
SI_UNIT(.MILLI.,.METRE.)
);
#9764=(
LENGTH_UNIT()
NAMED_UNIT(*)
SI_UNIT(.CENTI.,.METRE.)
);
#9765=(
NAMED_UNIT(*)
PLANE_ANGLE_UNIT()
SI_UNIT($,.RADIAN.)
);
#9766=(
NAMED_UNIT(*)
SI_UNIT($,.STERADIAN.)
SOLID_ANGLE_UNIT()
);
#9767=SHAPE_DEFINITION_REPRESENTATION(#9768,#9769);
#9768=PRODUCT_DEFINITION_SHAPE('',$,#9771);
#9769=SHAPE_REPRESENTATION('',(#4655),#9761);
#9770=PRODUCT_DEFINITION_CONTEXT('part definition',#9775,'design');
#9771=PRODUCT_DEFINITION('Deckel','Deckel',#9772,#9770);
#9772=PRODUCT_DEFINITION_FORMATION('',$,#9777);
#9773=PRODUCT_RELATED_PRODUCT_CATEGORY('Deckel','Deckel',(#9777));
#9774=APPLICATION_PROTOCOL_DEFINITION('international standard',
'automotive_design',2009,#9775);
#9775=APPLICATION_CONTEXT(
'Core Data for Automotive Mechanical Design Process');
#9776=PRODUCT_CONTEXT('part definition',#9775,'mechanical');
#9777=PRODUCT('Deckel','Deckel',$,(#9776));
#9778=PRESENTATION_STYLE_ASSIGNMENT((#9779));
#9779=SURFACE_STYLE_USAGE(.BOTH.,#9782);
#9780=SURFACE_STYLE_RENDERING_WITH_PROPERTIES($,#9786,(#9781));
#9781=SURFACE_STYLE_TRANSPARENT(0.);
#9782=SURFACE_SIDE_STYLE('',(#9783,#9780));
#9783=SURFACE_STYLE_FILL_AREA(#9784);
#9784=FILL_AREA_STYLE('',(#9785));
#9785=FILL_AREA_STYLE_COLOUR('',#9786);
#9786=COLOUR_RGB('',0.250980392156863,0.250980392156863,0.250980392156863);
ENDSEC;
END-ISO-10303-21;
