$date
	Wed Dec 23 13:51:26 2020
$end
$version
	Icarus Verilog
$end
$timescale
	1ns
$end
$scope module ICARUS_TB $end
$var wire 1 ! out $end
$var wire 1 " dir_out $end
$var reg 1 # clk $end
$var reg 32 $ clk_cmp [31:0] $end
$var reg 1 % dir $end
$scope module stepper_pulser $end
$var wire 1 # CLK $end
$var wire 32 & CLK_CMP [31:0] $end
$var wire 1 % DIR $end
$var reg 1 " DIR_OUT $end
$var reg 1 ! PULS $end
$var reg 32 ' clk_cmp_temp [31:0] $end
$var reg 32 ( ctr [31:0] $end
$upscope $end
$upscope $end
$enddefinitions $end
#0
$dumpvars
b0 (
b1000 '
b0 &
0%
b0 $
1#
0"
0!
$end
#10
0#
#20
1!
b1010 (
1#
#30
0#
#40
0!
1#
#50
0#
#60
b0 (
1#
#70
0#
#80
1!
b1010 (
1#
#90
0#
#100
0!
1#
#110
0#
#120
b0 (
1#
#130
0#
#140
1!
b1010 (
1#
#150
0#
#160
0!
1#
#170
0#
#180
b0 (
1#
#190
0#
#200
1!
b1010 (
1#
#210
0#
#220
0!
1#
#230
0#
#240
b0 (
1#
#250
0#
#260
1!
b1010 (
1#
#270
0#
#280
0!
1#
#290
0#
#300
b0 (
1#
#310
0#
#320
1!
b1010 (
1#
#330
0#
#340
0!
1#
#350
0#
#360
b0 (
1#
#370
0#
#380
1!
b1010 (
1#
#390
0#
#400
0!
1#
#410
0#
#420
b0 (
1#
#430
0#
#440
1!
b1010 (
1#
#450
0#
#460
0!
1#
#470
0#
#480
b0 (
1#
#490
0#
#500
1!
b1 (
1#
b110010000 $
b110010000 &
#510
0#
#520
b10 (
1#
#530
0#
#540
b11 (
1#
#550
0#
#560
b100 (
1#
#570
0#
#580
0!
b101 (
1#
#590
0#
#600
b110 (
1#
#610
0#
#620
b111 (
1#
#630
0#
#640
b1000 (
1#
#650
0#
#660
b1100 '
b0 (
1#
#670
0#
#680
1!
b1 (
1#
#690
0#
#700
b10 (
1#
#710
0#
#720
b11 (
1#
#730
0#
#740
b100 (
1#
#750
0#
#760
0!
b101 (
1#
#770
0#
#780
b110 (
1#
#790
0#
#800
b111 (
1#
#810
0#
#820
b1000 (
1#
#830
0#
#840
b1001 (
1#
#850
0#
#860
b1010 (
1#
#870
0#
#880
b1011 (
1#
#890
0#
#900
b1100 (
1#
#910
0#
#920
b0 (
1#
#930
0#
#940
1!
b1 (
1#
#950
0#
#960
b10 (
1#
#970
0#
#980
b11 (
1#
#990
0#
#1000
b100 (
1#
#1010
0#
#1020
0!
b101 (
1#
#1030
0#
#1040
b110 (
1#
#1050
0#
#1060
b111 (
1#
#1070
0#
#1080
b1000 (
1#
#1090
0#
#1100
b1001 (
1#
#1110
0#
#1120
b1010 (
1#
#1130
0#
#1140
b1011 (
1#
#1150
0#
#1160
b1100 (
1#
#1170
0#
#1180
b0 (
1#
#1190
0#
#1200
1!
b1 (
1#
#1210
0#
#1220
b10 (
1#
#1230
0#
#1240
b11 (
1#
#1250
0#
#1260
b100 (
1#
#1270
0#
#1280
0!
b101 (
1#
#1290
0#
#1300
b110 (
1#
#1310
0#
#1320
b111 (
1#
#1330
0#
#1340
b1000 (
1#
#1350
0#
#1360
b1001 (
1#
#1370
0#
#1380
b1010 (
1#
#1390
0#
#1400
b1011 (
1#
#1410
0#
#1420
b1100 (
1#
#1430
0#
#1440
b0 (
1#
#1450
0#
#1460
1!
b1 (
1#
#1470
0#
#1480
b10 (
1#
#1490
0#
#1500
b11 (
1#
#1510
0#
#1520
b100 (
1#
#1530
0#
#1540
0!
b101 (
1#
#1550
0#
#1560
b110 (
1#
#1570
0#
#1580
b111 (
1#
#1590
0#
#1600
b1000 (
1#
#1610
0#
#1620
b1001 (
1#
#1630
0#
#1640
b1010 (
1#
#1650
0#
#1660
b1011 (
1#
#1670
0#
#1680
b1100 (
1#
#1690
0#
#1700
b0 (
1#
#1710
0#
#1720
1!
b1 (
1#
#1730
0#
#1740
b10 (
1#
#1750
0#
#1760
b11 (
1#
#1770
0#
#1780
b100 (
1#
#1790
0#
#1800
0!
b101 (
1#
#1810
0#
#1820
b110 (
1#
#1830
0#
#1840
b111 (
1#
#1850
0#
#1860
b1000 (
1#
#1870
0#
#1880
b1001 (
1#
#1890
0#
#1900
b1010 (
1#
#1910
0#
#1920
b1011 (
1#
#1930
0#
#1940
b1100 (
1#
#1950
0#
#1960
b0 (
1#
#1970
0#
#1980
1!
b1 (
1#
#1990
0#
#2000
b10 (
1#
#2010
0#
#2020
b11 (
1#
#2030
0#
#2040
b100 (
1#
#2050
0#
#2060
0!
b101 (
1#
#2070
0#
#2080
b110 (
1#
#2090
0#
#2100
b111 (
1#
#2110
0#
#2120
b1000 (
1#
#2130
0#
#2140
b1001 (
1#
#2150
0#
#2160
b1010 (
1#
#2170
0#
#2180
b1011 (
1#
#2190
0#
#2200
b1100 (
1#
#2210
0#
#2220
b0 (
1#
#2230
0#
#2240
1!
b1 (
1#
#2250
0#
#2260
b10 (
1#
#2270
0#
#2280
b11 (
1#
#2290
0#
#2300
b100 (
1#
#2310
0#
#2320
0!
b101 (
1#
#2330
0#
#2340
b110 (
1#
#2350
0#
#2360
b111 (
1#
#2370
0#
#2380
b1000 (
1#
#2390
0#
#2400
b1001 (
1#
#2410
0#
#2420
b1010 (
1#
#2430
0#
#2440
b1011 (
1#
#2450
0#
#2460
b1100 (
1#
#2470
0#
#2480
b0 (
1#
#2490
0#
#2500
1!
b1 (
1#
#2510
0#
#2520
b10 (
1#
#2530
0#
#2540
b11 (
1#
#2550
0#
#2560
b100 (
1#
#2570
0#
#2580
0!
b101 (
1#
#2590
0#
#2600
b110 (
1#
#2610
0#
#2620
b111 (
1#
#2630
0#
#2640
b1000 (
1#
#2650
0#
#2660
b1001 (
1#
#2670
0#
#2680
b1010 (
1#
#2690
0#
#2700
b1011 (
1#
#2710
0#
#2720
b1100 (
1#
#2730
0#
#2740
b0 (
1#
#2750
0#
#2760
1!
b1 (
1#
#2770
0#
#2780
b10 (
1#
#2790
0#
#2800
b11 (
1#
#2810
0#
#2820
b100 (
1#
#2830
0#
#2840
0!
b101 (
1#
#2850
0#
#2860
b110 (
1#
#2870
0#
#2880
b111 (
1#
#2890
0#
#2900
b1000 (
1#
#2910
0#
#2920
b1001 (
1#
#2930
0#
#2940
b1010 (
1#
#2950
0#
#2960
b1011 (
1#
#2970
0#
#2980
b1100 (
1#
#2990
0#
#3000
b0 (
1#
#3010
0#
#3020
1!
b1 (
1#
#3030
0#
#3040
b10 (
1#
#3050
0#
#3060
b11 (
1#
#3070
0#
#3080
b100 (
1#
#3090
0#
#3100
0!
b101 (
1#
#3110
0#
#3120
b110 (
1#
#3130
0#
#3140
b111 (
1#
#3150
0#
#3160
b1000 (
1#
#3170
0#
#3180
b1001 (
1#
#3190
0#
#3200
b1010 (
1#
#3210
0#
#3220
b1011 (
1#
#3230
0#
#3240
b1100 (
1#
#3250
0#
#3260
b0 (
1#
#3270
0#
#3280
1!
b1 (
1#
#3290
0#
#3300
b10 (
1#
#3310
0#
#3320
b11 (
1#
#3330
0#
#3340
b100 (
1#
#3350
0#
#3360
0!
b101 (
1#
#3370
0#
#3380
b110 (
1#
#3390
0#
#3400
b111 (
1#
#3410
0#
#3420
b1000 (
1#
#3430
0#
#3440
b1001 (
1#
#3450
0#
#3460
b1010 (
1#
#3470
0#
#3480
b1011 (
1#
#3490
0#
#3500
b1100 (
1#
#3510
0#
#3520
b0 (
1#
#3530
0#
#3540
1!
b1 (
1#
#3550
0#
#3560
b10 (
1#
#3570
0#
#3580
b11 (
1#
#3590
0#
#3600
b100 (
1#
#3610
0#
#3620
0!
b101 (
1#
#3630
0#
#3640
b110 (
1#
#3650
0#
#3660
b111 (
1#
#3670
0#
#3680
b1000 (
1#
#3690
0#
#3700
b1001 (
1#
#3710
0#
#3720
b1010 (
1#
#3730
0#
#3740
b1011 (
1#
#3750
0#
#3760
b1100 (
1#
#3770
0#
#3780
b0 (
1#
#3790
0#
#3800
1!
b1 (
1#
#3810
0#
#3820
b10 (
1#
#3830
0#
#3840
b11 (
1#
#3850
0#
#3860
b100 (
1#
#3870
0#
#3880
0!
b101 (
1#
#3890
0#
#3900
b110 (
1#
#3910
0#
#3920
b111 (
1#
#3930
0#
#3940
b1000 (
1#
#3950
0#
#3960
b1001 (
1#
#3970
0#
#3980
b1010 (
1#
#3990
0#
#4000
b1011 (
1#
#4010
0#
#4020
b1100 (
1#
#4030
0#
#4040
b0 (
1#
#4050
0#
#4060
1!
b1 (
1#
#4070
0#
#4080
b10 (
1#
#4090
0#
#4100
b11 (
1#
#4110
0#
#4120
b100 (
1#
#4130
0#
#4140
0!
b101 (
1#
#4150
0#
#4160
b110 (
1#
#4170
0#
#4180
b111 (
1#
#4190
0#
#4200
b1000 (
1#
#4210
0#
#4220
b1001 (
1#
#4230
0#
#4240
b1010 (
1#
#4250
0#
#4260
b1011 (
1#
#4270
0#
#4280
b1100 (
1#
#4290
0#
#4300
b0 (
1#
#4310
0#
#4320
1!
b1 (
1#
#4330
0#
#4340
b10 (
1#
#4350
0#
#4360
b11 (
1#
#4370
0#
#4380
b100 (
1#
#4390
0#
#4400
0!
b101 (
1#
#4410
0#
#4420
b110 (
1#
#4430
0#
#4440
b111 (
1#
#4450
0#
#4460
b1000 (
1#
#4470
0#
#4480
b1001 (
1#
#4490
0#
#4500
b1010 (
1#
#4510
0#
#4520
b1011 (
1#
#4530
0#
#4540
b1100 (
1#
#4550
0#
#4560
b0 (
1#
#4570
0#
#4580
1!
b1 (
1#
#4590
0#
#4600
b10 (
1#
#4610
0#
#4620
b11 (
1#
#4630
0#
#4640
b100 (
1#
#4650
0#
#4660
0!
b101 (
1#
#4670
0#
#4680
b110 (
1#
#4690
0#
#4700
b111 (
1#
#4710
0#
#4720
b1000 (
1#
#4730
0#
#4740
b1001 (
1#
#4750
0#
#4760
b1010 (
1#
#4770
0#
#4780
b1011 (
1#
#4790
0#
#4800
b1100 (
1#
#4810
0#
#4820
b0 (
1#
#4830
0#
#4840
1!
b1 (
1#
#4850
0#
#4860
b10 (
1#
#4870
0#
#4880
b11 (
1#
#4890
0#
#4900
b100 (
1#
#4910
0#
#4920
0!
b101 (
1#
#4930
0#
#4940
b110 (
1#
#4950
0#
#4960
b111 (
1#
#4970
0#
#4980
b1000 (
1#
#4990
0#
#5000
b1001 (
1#
#5010
0#
#5020
b1010 (
1#
#5030
0#
#5040
b1011 (
1#
#5050
0#
#5060
b1100 (
1#
#5070
0#
#5080
b0 (
1#
#5090
0#
#5100
1!
b1 (
1#
#5110
0#
#5120
b10 (
1#
#5130
0#
#5140
b11 (
1#
#5150
0#
#5160
b100 (
1#
#5170
0#
#5180
0!
b101 (
1#
#5190
0#
#5200
b110 (
1#
#5210
0#
#5220
b111 (
1#
#5230
0#
#5240
b1000 (
1#
#5250
0#
#5260
b1001 (
1#
#5270
0#
#5280
b1010 (
1#
#5290
0#
#5300
b1011 (
1#
#5310
0#
#5320
b1100 (
1#
#5330
0#
#5340
b0 (
1#
#5350
0#
#5360
1!
b1 (
1#
#5370
0#
#5380
b10 (
1#
#5390
0#
#5400
b11 (
1#
#5410
0#
#5420
b100 (
1#
#5430
0#
#5440
0!
b101 (
1#
#5450
0#
#5460
b110 (
1#
#5470
0#
#5480
b111 (
1#
#5490
0#
#5500
b1000 (
1#
#5510
0#
#5520
b1001 (
1#
#5530
0#
#5540
b1010 (
1#
#5550
0#
#5560
b1011 (
1#
#5570
0#
#5580
b1100 (
1#
#5590
0#
#5600
b0 (
1#
#5610
0#
#5620
1!
b1 (
1#
#5630
0#
#5640
b10 (
1#
#5650
0#
#5660
b11 (
1#
#5670
0#
#5680
b100 (
1#
#5690
0#
#5700
0!
b101 (
1#
#5710
0#
#5720
b110 (
1#
#5730
0#
#5740
b111 (
1#
#5750
0#
#5760
b1000 (
1#
#5770
0#
#5780
b1001 (
1#
#5790
0#
#5800
b1010 (
1#
#5810
0#
#5820
b1011 (
1#
#5830
0#
#5840
b1100 (
1#
#5850
0#
#5860
b0 (
1#
#5870
0#
#5880
1!
b1 (
1#
#5890
0#
#5900
b10 (
1#
#5910
0#
#5920
b11 (
1#
#5930
0#
#5940
b100 (
1#
#5950
0#
#5960
0!
b101 (
1#
#5970
0#
#5980
b110 (
1#
#5990
0#
#6000
b111 (
1#
#6010
0#
#6020
b1000 (
1#
#6030
0#
#6040
b1001 (
1#
#6050
0#
#6060
b1010 (
1#
#6070
0#
#6080
b1011 (
1#
#6090
0#
#6100
b1100 (
1#
#6110
0#
#6120
b0 (
1#
#6130
0#
#6140
1!
b1 (
1#
#6150
0#
#6160
b10 (
1#
#6170
0#
#6180
b11 (
1#
#6190
0#
#6200
b100 (
1#
#6210
0#
#6220
0!
b101 (
1#
#6230
0#
#6240
b110 (
1#
#6250
0#
#6260
b111 (
1#
#6270
0#
#6280
b1000 (
1#
#6290
0#
#6300
b1001 (
1#
#6310
0#
#6320
b1010 (
1#
#6330
0#
#6340
b1011 (
1#
#6350
0#
#6360
b1100 (
1#
#6370
0#
#6380
b0 (
1#
#6390
0#
#6400
1!
b1 (
1#
#6410
0#
#6420
b10 (
1#
#6430
0#
#6440
b11 (
1#
#6450
0#
#6460
b100 (
1#
#6470
0#
#6480
0!
b101 (
1#
#6490
0#
#6500
b110 (
1#
#6510
0#
#6520
b111 (
1#
#6530
0#
#6540
b1000 (
1#
#6550
0#
#6560
b1001 (
1#
#6570
0#
#6580
b1010 (
1#
#6590
0#
#6600
b1011 (
1#
#6610
0#
#6620
b1100 (
1#
#6630
0#
#6640
b0 (
1#
#6650
0#
#6660
1!
b1 (
1#
#6670
0#
#6680
b10 (
1#
#6690
0#
#6700
b11 (
1#
#6710
0#
#6720
b100 (
1#
#6730
0#
#6740
0!
b101 (
1#
#6750
0#
#6760
b110 (
1#
#6770
0#
#6780
b111 (
1#
#6790
0#
#6800
b1000 (
1#
#6810
0#
#6820
b1001 (
1#
#6830
0#
#6840
b1010 (
1#
#6850
0#
#6860
b1011 (
1#
#6870
0#
#6880
b1100 (
1#
#6890
0#
#6900
b0 (
1#
#6910
0#
#6920
1!
b1 (
1#
#6930
0#
#6940
b10 (
1#
#6950
0#
#6960
b11 (
1#
#6970
0#
#6980
b100 (
1#
#6990
0#
#7000
0!
b101 (
1#
#7010
0#
#7020
b110 (
1#
#7030
0#
#7040
b111 (
1#
#7050
0#
#7060
b1000 (
1#
#7070
0#
#7080
b1001 (
1#
#7090
0#
#7100
b1010 (
1#
#7110
0#
#7120
b1011 (
1#
#7130
0#
#7140
b1100 (
1#
#7150
0#
#7160
b0 (
1#
#7170
0#
#7180
1!
b1 (
1#
#7190
0#
#7200
b10 (
1#
#7210
0#
#7220
b11 (
1#
#7230
0#
#7240
b100 (
1#
#7250
0#
#7260
0!
b101 (
1#
#7270
0#
#7280
b110 (
1#
#7290
0#
#7300
b111 (
1#
#7310
0#
#7320
b1000 (
1#
#7330
0#
#7340
b1001 (
1#
#7350
0#
#7360
b1010 (
1#
#7370
0#
#7380
b1011 (
1#
#7390
0#
#7400
b1100 (
1#
#7410
0#
#7420
b0 (
1#
#7430
0#
#7440
1!
b1 (
1#
#7450
0#
#7460
b10 (
1#
#7470
0#
#7480
b11 (
1#
#7490
0#
#7500
b100 (
1#
#7510
0#
#7520
0!
b101 (
1#
#7530
0#
#7540
b110 (
1#
#7550
0#
#7560
b111 (
1#
#7570
0#
#7580
b1000 (
1#
#7590
0#
#7600
b1001 (
1#
#7610
0#
#7620
b1010 (
1#
#7630
0#
#7640
b1011 (
1#
#7650
0#
#7660
b1100 (
1#
#7670
0#
#7680
b0 (
1#
#7690
0#
#7700
1!
b1 (
1#
#7710
0#
#7720
b10 (
1#
#7730
0#
#7740
b11 (
1#
#7750
0#
#7760
b100 (
1#
#7770
0#
#7780
0!
b101 (
1#
#7790
0#
#7800
b110 (
1#
#7810
0#
#7820
b111 (
1#
#7830
0#
#7840
b1000 (
1#
#7850
0#
#7860
b1001 (
1#
#7870
0#
#7880
b1010 (
1#
#7890
0#
#7900
b1011 (
1#
#7910
0#
#7920
b1100 (
1#
#7930
0#
#7940
b0 (
1#
#7950
0#
#7960
1!
b1 (
1#
#7970
0#
#7980
b10 (
1#
#7990
0#
#8000
b11 (
1#
#8010
0#
#8020
b100 (
1#
#8030
0#
#8040
0!
b101 (
1#
#8050
0#
#8060
b110 (
1#
#8070
0#
#8080
b111 (
1#
#8090
0#
#8100
b1000 (
1#
#8110
0#
#8120
b1001 (
1#
#8130
0#
#8140
b1010 (
1#
#8150
0#
#8160
b1011 (
1#
#8170
0#
#8180
b1100 (
1#
#8190
0#
#8200
b0 (
1#
#8210
0#
#8220
1!
b1 (
1#
#8230
0#
#8240
b10 (
1#
#8250
0#
#8260
b11 (
1#
#8270
0#
#8280
b100 (
1#
#8290
0#
#8300
0!
b101 (
1#
#8310
0#
#8320
b110 (
1#
#8330
0#
#8340
b111 (
1#
#8350
0#
#8360
b1000 (
1#
#8370
0#
#8380
b1001 (
1#
#8390
0#
#8400
b1010 (
1#
#8410
0#
#8420
b1011 (
1#
#8430
0#
#8440
b1100 (
1#
#8450
0#
#8460
b0 (
1#
#8470
0#
#8480
1!
b1 (
1#
#8490
0#
#8500
b10 (
1#
#8510
0#
#8520
b11 (
1#
#8530
0#
#8540
b100 (
1#
#8550
0#
#8560
0!
b101 (
1#
#8570
0#
#8580
b110 (
1#
#8590
0#
#8600
b111 (
1#
#8610
0#
#8620
b1000 (
1#
#8630
0#
#8640
b1001 (
1#
#8650
0#
#8660
b1010 (
1#
#8670
0#
#8680
b1011 (
1#
#8690
0#
#8700
b1100 (
1#
#8710
0#
#8720
b0 (
1#
#8730
0#
#8740
1!
b1 (
1#
#8750
0#
#8760
b10 (
1#
#8770
0#
#8780
b11 (
1#
#8790
0#
#8800
b100 (
1#
#8810
0#
#8820
0!
b101 (
1#
#8830
0#
#8840
b110 (
1#
#8850
0#
#8860
b111 (
1#
#8870
0#
#8880
b1000 (
1#
#8890
0#
#8900
b1001 (
1#
#8910
0#
#8920
b1010 (
1#
#8930
0#
#8940
b1011 (
1#
#8950
0#
#8960
b1100 (
1#
#8970
0#
#8980
b0 (
1#
#8990
0#
#9000
1!
b1 (
1#
#9010
0#
#9020
b10 (
1#
#9030
0#
#9040
b11 (
1#
#9050
0#
#9060
b100 (
1#
#9070
0#
#9080
0!
b101 (
1#
#9090
0#
#9100
b110 (
1#
#9110
0#
#9120
b111 (
1#
#9130
0#
#9140
b1000 (
1#
#9150
0#
#9160
b1001 (
1#
#9170
0#
#9180
b1010 (
1#
#9190
0#
#9200
b1011 (
1#
#9210
0#
#9220
b1100 (
1#
#9230
0#
#9240
b0 (
1#
#9250
0#
#9260
1!
b1 (
1#
#9270
0#
#9280
b10 (
1#
#9290
0#
#9300
b11 (
1#
#9310
0#
#9320
b100 (
1#
#9330
0#
#9340
0!
b101 (
1#
#9350
0#
#9360
b110 (
1#
#9370
0#
#9380
b111 (
1#
#9390
0#
#9400
b1000 (
1#
#9410
0#
#9420
b1001 (
1#
#9430
0#
#9440
b1010 (
1#
#9450
0#
#9460
b1011 (
1#
#9470
0#
#9480
b1100 (
1#
#9490
0#
#9500
b0 (
1#
#9510
0#
#9520
1!
b1 (
1#
#9530
0#
#9540
b10 (
1#
#9550
0#
#9560
b11 (
1#
#9570
0#
#9580
b100 (
1#
#9590
0#
#9600
0!
b101 (
1#
#9610
0#
#9620
b110 (
1#
#9630
0#
#9640
b111 (
1#
#9650
0#
#9660
b1000 (
1#
#9670
0#
#9680
b1001 (
1#
#9690
0#
#9700
b1010 (
1#
#9710
0#
#9720
b1011 (
1#
#9730
0#
#9740
b1100 (
1#
#9750
0#
#9760
b0 (
1#
#9770
0#
#9780
1!
b1 (
1#
#9790
0#
#9800
b10 (
1#
#9810
0#
#9820
b11 (
1#
#9830
0#
#9840
b100 (
1#
#9850
0#
#9860
0!
b101 (
1#
#9870
0#
#9880
b110 (
1#
#9890
0#
#9900
b111 (
1#
#9910
0#
#9920
b1000 (
1#
#9930
0#
#9940
b1001 (
1#
#9950
0#
#9960
b1010 (
1#
#9970
0#
#9980
b1011 (
1#
#9990
0#
#10000
b1100 (
1#
#10010
0#
#10020
b0 (
1#
#10030
0#
#10040
1!
b1 (
1#
#10050
0#
#10060
b10 (
1#
#10070
0#
#10080
b11 (
1#
#10090
0#
#10100
b100 (
1#
#10110
0#
#10120
0!
b101 (
1#
#10130
0#
#10140
b110 (
1#
#10150
0#
#10160
b111 (
1#
#10170
0#
#10180
b1000 (
1#
#10190
0#
#10200
b1001 (
1#
#10210
0#
#10220
b1010 (
1#
#10230
0#
#10240
b1011 (
1#
#10250
0#
#10260
b1100 (
1#
#10270
0#
#10280
b0 (
1#
#10290
0#
#10300
1!
b1 (
1#
#10310
0#
#10320
b10 (
1#
#10330
0#
#10340
b11 (
1#
#10350
0#
#10360
b100 (
1#
#10370
0#
#10380
0!
b101 (
1#
#10390
0#
#10400
b110 (
1#
#10410
0#
#10420
b111 (
1#
#10430
0#
#10440
b1000 (
1#
#10450
0#
#10460
b1001 (
1#
#10470
0#
#10480
b1010 (
1#
#10490
0#
#10500
b1011 (
1#
#10510
0#
#10520
b1100 (
1#
#10530
0#
#10540
b0 (
1#
#10550
0#
#10560
1!
b1 (
1#
#10570
0#
#10580
b10 (
1#
#10590
0#
#10600
b11 (
1#
#10610
0#
#10620
b100 (
1#
#10630
0#
#10640
0!
b101 (
1#
#10650
0#
#10660
b110 (
1#
#10670
0#
#10680
b111 (
1#
#10690
0#
#10700
b1000 (
1#
#10710
0#
#10720
b1001 (
1#
#10730
0#
#10740
b1010 (
1#
#10750
0#
#10760
b1011 (
1#
#10770
0#
#10780
b1100 (
1#
#10790
0#
#10800
b0 (
1#
#10810
0#
#10820
1!
b1 (
1#
#10830
0#
#10840
b10 (
1#
#10850
0#
#10860
b11 (
1#
#10870
0#
#10880
b100 (
1#
#10890
0#
#10900
0!
b101 (
1#
#10910
0#
#10920
b110 (
1#
#10930
0#
#10940
b111 (
1#
#10950
0#
#10960
b1000 (
1#
#10970
0#
#10980
b1001 (
1#
#10990
0#
#11000
b1010 (
1#
#11010
0#
#11020
b1011 (
1#
#11030
0#
#11040
b1100 (
1#
#11050
0#
#11060
b0 (
1#
#11070
0#
#11080
1!
b1 (
1#
#11090
0#
#11100
b10 (
1#
#11110
0#
#11120
b11 (
1#
#11130
0#
#11140
b100 (
1#
#11150
0#
#11160
0!
b101 (
1#
#11170
0#
#11180
b110 (
1#
#11190
0#
#11200
b111 (
1#
#11210
0#
#11220
b1000 (
1#
#11230
0#
#11240
b1001 (
1#
#11250
0#
#11260
b1010 (
1#
#11270
0#
#11280
b1011 (
1#
#11290
0#
#11300
b1100 (
1#
#11310
0#
#11320
b0 (
1#
#11330
0#
#11340
1!
b1 (
1#
#11350
0#
#11360
b10 (
1#
#11370
0#
#11380
b11 (
1#
#11390
0#
#11400
b100 (
1#
#11410
0#
#11420
0!
b101 (
1#
#11430
0#
#11440
b110 (
1#
#11450
0#
#11460
b111 (
1#
#11470
0#
#11480
b1000 (
1#
#11490
0#
#11500
b1001 (
1#
#11510
0#
#11520
b1010 (
1#
#11530
0#
#11540
b1011 (
1#
#11550
0#
#11560
b1100 (
1#
#11570
0#
#11580
b0 (
1#
#11590
0#
#11600
1!
b1 (
1#
#11610
0#
#11620
b10 (
1#
#11630
0#
#11640
b11 (
1#
#11650
0#
#11660
b100 (
1#
#11670
0#
#11680
0!
b101 (
1#
#11690
0#
#11700
b110 (
1#
#11710
0#
#11720
b111 (
1#
#11730
0#
#11740
b1000 (
1#
#11750
0#
#11760
b1001 (
1#
#11770
0#
#11780
b1010 (
1#
#11790
0#
#11800
b1011 (
1#
#11810
0#
#11820
b1100 (
1#
#11830
0#
#11840
b0 (
1#
#11850
0#
#11860
1!
b1 (
1#
#11870
0#
#11880
b10 (
1#
#11890
0#
#11900
b11 (
1#
#11910
0#
#11920
b100 (
1#
#11930
0#
#11940
0!
b101 (
1#
#11950
0#
#11960
b110 (
1#
#11970
0#
#11980
b111 (
1#
#11990
0#
#12000
b1000 (
1#
#12010
0#
#12020
b1001 (
1#
#12030
0#
#12040
b1010 (
1#
#12050
0#
#12060
b1011 (
1#
#12070
0#
#12080
b1100 (
1#
#12090
0#
#12100
b0 (
1#
#12110
0#
#12120
1!
b1 (
1#
#12130
0#
#12140
b10 (
1#
#12150
0#
#12160
b11 (
1#
#12170
0#
#12180
b100 (
1#
#12190
0#
#12200
0!
b101 (
1#
#12210
0#
#12220
b110 (
1#
#12230
0#
#12240
b111 (
1#
#12250
0#
#12260
b1000 (
1#
#12270
0#
#12280
b1001 (
1#
#12290
0#
#12300
b1010 (
1#
#12310
0#
#12320
b1011 (
1#
#12330
0#
#12340
b1100 (
1#
#12350
0#
#12360
b0 (
1#
#12370
0#
#12380
1!
b1 (
1#
#12390
0#
#12400
b10 (
1#
#12410
0#
#12420
b11 (
1#
#12430
0#
#12440
b100 (
1#
#12450
0#
#12460
0!
b101 (
1#
#12470
0#
#12480
b110 (
1#
#12490
0#
#12500
b111 (
1#
#12510
0#
#12520
b1000 (
1#
#12530
0#
#12540
b1001 (
1#
#12550
0#
#12560
b1010 (
1#
#12570
0#
#12580
b1011 (
1#
#12590
0#
#12600
b1100 (
1#
#12610
0#
#12620
b0 (
1#
#12630
0#
#12640
1!
b1 (
1#
#12650
0#
#12660
b10 (
1#
#12670
0#
#12680
b11 (
1#
#12690
0#
#12700
b100 (
1#
#12710
0#
#12720
0!
b101 (
1#
#12730
0#
#12740
b110 (
1#
#12750
0#
#12760
b111 (
1#
#12770
0#
#12780
b1000 (
1#
#12790
0#
#12800
b1001 (
1#
#12810
0#
#12820
b1010 (
1#
#12830
0#
#12840
b1011 (
1#
#12850
0#
#12860
b1100 (
1#
#12870
0#
#12880
b0 (
1#
#12890
0#
#12900
1!
b1 (
1#
#12910
0#
#12920
b10 (
1#
#12930
0#
#12940
b11 (
1#
#12950
0#
#12960
b100 (
1#
#12970
0#
#12980
0!
b101 (
1#
#12990
0#
#13000
b110 (
1#
#13010
0#
#13020
b111 (
1#
#13030
0#
#13040
b1000 (
1#
#13050
0#
#13060
b1001 (
1#
#13070
0#
#13080
b1010 (
1#
#13090
0#
#13100
b1011 (
1#
#13110
0#
#13120
b1100 (
1#
#13130
0#
#13140
b0 (
1#
#13150
0#
#13160
1!
b1 (
1#
#13170
0#
#13180
b10 (
1#
#13190
0#
#13200
b11 (
1#
#13210
0#
#13220
b100 (
1#
#13230
0#
#13240
0!
b101 (
1#
#13250
0#
#13260
b110 (
1#
#13270
0#
#13280
b111 (
1#
#13290
0#
#13300
b1000 (
1#
#13310
0#
#13320
b1001 (
1#
#13330
0#
#13340
b1010 (
1#
#13350
0#
#13360
b1011 (
1#
#13370
0#
#13380
b1100 (
1#
#13390
0#
#13400
b0 (
1#
#13410
0#
#13420
1!
b1 (
1#
#13430
0#
#13440
b10 (
1#
#13450
0#
#13460
b11 (
1#
#13470
0#
#13480
b100 (
1#
#13490
0#
#13500
0!
b101 (
1#
#13510
0#
#13520
b110 (
1#
#13530
0#
#13540
b111 (
1#
#13550
0#
#13560
b1000 (
1#
#13570
0#
#13580
b1001 (
1#
#13590
0#
#13600
b1010 (
1#
#13610
0#
#13620
b1011 (
1#
#13630
0#
#13640
b1100 (
1#
#13650
0#
#13660
b0 (
1#
#13670
0#
#13680
1!
b1 (
1#
#13690
0#
#13700
b10 (
1#
#13710
0#
#13720
b11 (
1#
#13730
0#
#13740
b100 (
1#
#13750
0#
#13760
0!
b101 (
1#
#13770
0#
#13780
b110 (
1#
#13790
0#
#13800
b111 (
1#
#13810
0#
#13820
b1000 (
1#
#13830
0#
#13840
b1001 (
1#
#13850
0#
#13860
b1010 (
1#
#13870
0#
#13880
b1011 (
1#
#13890
0#
#13900
b1100 (
1#
#13910
0#
#13920
b0 (
1#
#13930
0#
#13940
1!
b1 (
1#
#13950
0#
#13960
b10 (
1#
#13970
0#
#13980
b11 (
1#
#13990
0#
#14000
b100 (
1#
#14010
0#
#14020
0!
b101 (
1#
#14030
0#
#14040
b110 (
1#
#14050
0#
#14060
b111 (
1#
#14070
0#
#14080
b1000 (
1#
#14090
0#
#14100
b1001 (
1#
#14110
0#
#14120
b1010 (
1#
#14130
0#
#14140
b1011 (
1#
#14150
0#
#14160
b1100 (
1#
#14170
0#
#14180
b0 (
1#
#14190
0#
#14200
1!
b1 (
1#
#14210
0#
#14220
b10 (
1#
#14230
0#
#14240
b11 (
1#
#14250
0#
#14260
b100 (
1#
#14270
0#
#14280
0!
b101 (
1#
#14290
0#
#14300
b110 (
1#
#14310
0#
#14320
b111 (
1#
#14330
0#
#14340
b1000 (
1#
#14350
0#
#14360
b1001 (
1#
#14370
0#
#14380
b1010 (
1#
#14390
0#
#14400
b1011 (
1#
#14410
0#
#14420
b1100 (
1#
#14430
0#
#14440
b0 (
1#
#14450
0#
#14460
1!
b1 (
1#
#14470
0#
#14480
b10 (
1#
#14490
0#
#14500
b11 (
1#
#14510
0#
#14520
b100 (
1#
#14530
0#
#14540
0!
b101 (
1#
#14550
0#
#14560
b110 (
1#
#14570
0#
#14580
b111 (
1#
#14590
0#
#14600
b1000 (
1#
#14610
0#
#14620
b1001 (
1#
#14630
0#
#14640
b1010 (
1#
#14650
0#
#14660
b1011 (
1#
#14670
0#
#14680
b1100 (
1#
#14690
0#
#14700
b0 (
1#
#14710
0#
#14720
1!
b1 (
1#
#14730
0#
#14740
b10 (
1#
#14750
0#
#14760
b11 (
1#
#14770
0#
#14780
b100 (
1#
#14790
0#
#14800
0!
b101 (
1#
#14810
0#
#14820
b110 (
1#
#14830
0#
#14840
b111 (
1#
#14850
0#
#14860
b1000 (
1#
#14870
0#
#14880
b1001 (
1#
#14890
0#
#14900
b1010 (
1#
#14910
0#
#14920
b1011 (
1#
#14930
0#
#14940
b1100 (
1#
#14950
0#
#14960
b0 (
1#
#14970
0#
#14980
1!
b1 (
1#
#14990
0#
#15000
b10 (
1#
#15010
0#
#15020
b11 (
1#
#15030
0#
#15040
b100 (
1#
#15050
0#
#15060
0!
b101 (
1#
#15070
0#
#15080
b110 (
1#
#15090
0#
#15100
b111 (
1#
#15110
0#
#15120
b1000 (
1#
#15130
0#
#15140
b1001 (
1#
#15150
0#
#15160
b1010 (
1#
#15170
0#
#15180
b1011 (
1#
#15190
0#
#15200
b1100 (
1#
#15210
0#
#15220
b0 (
1#
#15230
0#
#15240
1!
b1 (
1#
#15250
0#
#15260
b10 (
1#
#15270
0#
#15280
b11 (
1#
#15290
0#
#15300
b100 (
1#
#15310
0#
#15320
0!
b101 (
1#
#15330
0#
#15340
b110 (
1#
#15350
0#
#15360
b111 (
1#
#15370
0#
#15380
b1000 (
1#
#15390
0#
#15400
b1001 (
1#
#15410
0#
#15420
b1010 (
1#
#15430
0#
#15440
b1011 (
1#
#15450
0#
#15460
b1100 (
1#
#15470
0#
#15480
b0 (
1#
#15490
0#
#15500
1!
b1 (
1#
#15510
0#
#15520
b10 (
1#
#15530
0#
#15540
b11 (
1#
#15550
0#
#15560
b100 (
1#
#15570
0#
#15580
0!
b101 (
1#
#15590
0#
#15600
b110 (
1#
#15610
0#
#15620
b111 (
1#
#15630
0#
#15640
b1000 (
1#
#15650
0#
#15660
b1001 (
1#
#15670
0#
#15680
b1010 (
1#
#15690
0#
#15700
b1011 (
1#
#15710
0#
#15720
b1100 (
1#
#15730
0#
#15740
b0 (
1#
#15750
0#
#15760
1!
b1 (
1#
#15770
0#
#15780
b10 (
1#
#15790
0#
#15800
b11 (
1#
#15810
0#
#15820
b100 (
1#
#15830
0#
#15840
0!
b101 (
1#
#15850
0#
#15860
b110 (
1#
#15870
0#
#15880
b111 (
1#
#15890
0#
#15900
b1000 (
1#
#15910
0#
#15920
b1001 (
1#
#15930
0#
#15940
b1010 (
1#
#15950
0#
#15960
b1011 (
1#
#15970
0#
#15980
b1100 (
1#
#15990
0#
#16000
b0 (
1#
#16010
0#
#16020
1!
b1 (
1#
#16030
0#
#16040
b10 (
1#
#16050
0#
#16060
b11 (
1#
#16070
0#
#16080
b100 (
1#
#16090
0#
#16100
0!
b101 (
1#
#16110
0#
#16120
b110 (
1#
#16130
0#
#16140
b111 (
1#
#16150
0#
#16160
b1000 (
1#
#16170
0#
#16180
b1001 (
1#
#16190
0#
#16200
b1010 (
1#
#16210
0#
#16220
b1011 (
1#
#16230
0#
#16240
b1100 (
1#
#16250
0#
#16260
b0 (
1#
#16270
0#
#16280
1!
b1 (
1#
#16290
0#
#16300
b10 (
1#
#16310
0#
#16320
b11 (
1#
#16330
0#
#16340
b100 (
1#
#16350
0#
#16360
0!
b101 (
1#
#16370
0#
#16380
b110 (
1#
#16390
0#
#16400
b111 (
1#
#16410
0#
#16420
b1000 (
1#
#16430
0#
#16440
b1001 (
1#
#16450
0#
#16460
b1010 (
1#
#16470
0#
#16480
b1011 (
1#
#16490
0#
#16500
b1100 (
1#
#16510
0#
#16520
b0 (
1#
#16530
0#
#16540
1!
b1 (
1#
#16550
0#
#16560
b10 (
1#
#16570
0#
#16580
b11 (
1#
#16590
0#
#16600
b100 (
1#
#16610
0#
#16620
0!
b101 (
1#
#16630
0#
#16640
b110 (
1#
#16650
0#
#16660
b111 (
1#
#16670
0#
#16680
b1000 (
1#
#16690
0#
#16700
b1001 (
1#
#16710
0#
#16720
b1010 (
1#
#16730
0#
#16740
b1011 (
1#
#16750
0#
#16760
b1100 (
1#
#16770
0#
#16780
b0 (
1#
#16790
0#
#16800
1!
b1 (
1#
#16810
0#
#16820
b10 (
1#
#16830
0#
#16840
b11 (
1#
#16850
0#
#16860
b100 (
1#
#16870
0#
#16880
0!
b101 (
1#
#16890
0#
#16900
b110 (
1#
#16910
0#
#16920
b111 (
1#
#16930
0#
#16940
b1000 (
1#
#16950
0#
#16960
b1001 (
1#
#16970
0#
#16980
b1010 (
1#
#16990
0#
#17000
b1011 (
1#
#17010
0#
#17020
b1100 (
1#
#17030
0#
#17040
b0 (
1#
#17050
0#
#17060
1!
b1 (
1#
#17070
0#
#17080
b10 (
1#
#17090
0#
#17100
b11 (
1#
#17110
0#
#17120
b100 (
1#
#17130
0#
#17140
0!
b101 (
1#
#17150
0#
#17160
b110 (
1#
#17170
0#
#17180
b111 (
1#
#17190
0#
#17200
b1000 (
1#
#17210
0#
#17220
b1001 (
1#
#17230
0#
#17240
b1010 (
1#
#17250
0#
#17260
b1011 (
1#
#17270
0#
#17280
b1100 (
1#
#17290
0#
#17300
b0 (
1#
#17310
0#
#17320
1!
b1 (
1#
#17330
0#
#17340
b10 (
1#
#17350
0#
#17360
b11 (
1#
#17370
0#
#17380
b100 (
1#
#17390
0#
#17400
0!
b101 (
1#
#17410
0#
#17420
b110 (
1#
#17430
0#
#17440
b111 (
1#
#17450
0#
#17460
b1000 (
1#
#17470
0#
#17480
b1001 (
1#
#17490
0#
#17500
b1010 (
1#
#17510
0#
#17520
b1011 (
1#
#17530
0#
#17540
b1100 (
1#
#17550
0#
#17560
b0 (
1#
#17570
0#
#17580
1!
b1 (
1#
#17590
0#
#17600
b10 (
1#
#17610
0#
#17620
b11 (
1#
#17630
0#
#17640
b100 (
1#
#17650
0#
#17660
0!
b101 (
1#
#17670
0#
#17680
b110 (
1#
#17690
0#
#17700
b111 (
1#
#17710
0#
#17720
b1000 (
1#
#17730
0#
#17740
b1001 (
1#
#17750
0#
#17760
b1010 (
1#
#17770
0#
#17780
b1011 (
1#
#17790
0#
#17800
b1100 (
1#
#17810
0#
#17820
b0 (
1#
#17830
0#
#17840
1!
b1 (
1#
#17850
0#
#17860
b10 (
1#
#17870
0#
#17880
b11 (
1#
#17890
0#
#17900
b100 (
1#
#17910
0#
#17920
0!
b101 (
1#
#17930
0#
#17940
b110 (
1#
#17950
0#
#17960
b111 (
1#
#17970
0#
#17980
b1000 (
1#
#17990
0#
#18000
b1001 (
1#
#18010
0#
#18020
b1010 (
1#
#18030
0#
#18040
b1011 (
1#
#18050
0#
#18060
b1100 (
1#
#18070
0#
#18080
b0 (
1#
#18090
0#
#18100
1!
b1 (
1#
#18110
0#
#18120
b10 (
1#
#18130
0#
#18140
b11 (
1#
#18150
0#
#18160
b100 (
1#
#18170
0#
#18180
0!
b101 (
1#
#18190
0#
#18200
b110 (
1#
#18210
0#
#18220
b111 (
1#
#18230
0#
#18240
b1000 (
1#
#18250
0#
#18260
b1001 (
1#
#18270
0#
#18280
b1010 (
1#
#18290
0#
#18300
b1011 (
1#
#18310
0#
#18320
b1100 (
1#
#18330
0#
#18340
b0 (
1#
#18350
0#
#18360
1!
b1 (
1#
#18370
0#
#18380
b10 (
1#
#18390
0#
#18400
b11 (
1#
#18410
0#
#18420
b100 (
1#
#18430
0#
#18440
0!
b101 (
1#
#18450
0#
#18460
b110 (
1#
#18470
0#
#18480
b111 (
1#
#18490
0#
#18500
b1000 (
1#
#18510
0#
#18520
b1001 (
1#
#18530
0#
#18540
b1010 (
1#
#18550
0#
#18560
b1011 (
1#
#18570
0#
#18580
b1100 (
1#
#18590
0#
#18600
b0 (
1#
#18610
0#
#18620
1!
b1 (
1#
#18630
0#
#18640
b10 (
1#
#18650
0#
#18660
b11 (
1#
#18670
0#
#18680
b100 (
1#
#18690
0#
#18700
0!
b101 (
1#
#18710
0#
#18720
b110 (
1#
#18730
0#
#18740
b111 (
1#
#18750
0#
#18760
b1000 (
1#
#18770
0#
#18780
b1001 (
1#
#18790
0#
#18800
b1010 (
1#
#18810
0#
#18820
b1011 (
1#
#18830
0#
#18840
b1100 (
1#
#18850
0#
#18860
b0 (
1#
#18870
0#
#18880
1!
b1 (
1#
#18890
0#
#18900
b10 (
1#
#18910
0#
#18920
b11 (
1#
#18930
0#
#18940
b100 (
1#
#18950
0#
#18960
0!
b101 (
1#
#18970
0#
#18980
b110 (
1#
#18990
0#
#19000
b111 (
1#
#19010
0#
#19020
b1000 (
1#
#19030
0#
#19040
b1001 (
1#
#19050
0#
#19060
b1010 (
1#
#19070
0#
#19080
b1011 (
1#
#19090
0#
#19100
b1100 (
1#
#19110
0#
#19120
b0 (
1#
#19130
0#
#19140
1!
b1 (
1#
#19150
0#
#19160
b10 (
1#
#19170
0#
#19180
b11 (
1#
#19190
0#
#19200
b100 (
1#
#19210
0#
#19220
0!
b101 (
1#
#19230
0#
#19240
b110 (
1#
#19250
0#
#19260
b111 (
1#
#19270
0#
#19280
b1000 (
1#
#19290
0#
#19300
b1001 (
1#
#19310
0#
#19320
b1010 (
1#
#19330
0#
#19340
b1011 (
1#
#19350
0#
#19360
b1100 (
1#
#19370
0#
#19380
b0 (
1#
#19390
0#
#19400
1!
b1 (
1#
#19410
0#
#19420
b10 (
1#
#19430
0#
#19440
b11 (
1#
#19450
0#
#19460
b100 (
1#
#19470
0#
#19480
0!
b101 (
1#
#19490
0#
#19500
b110 (
1#
#19510
0#
#19520
b111 (
1#
#19530
0#
#19540
b1000 (
1#
#19550
0#
#19560
b1001 (
1#
#19570
0#
#19580
b1010 (
1#
#19590
0#
#19600
b1011 (
1#
#19610
0#
#19620
b1100 (
1#
#19630
0#
#19640
b0 (
1#
#19650
0#
#19660
1!
b1 (
1#
#19670
0#
#19680
b10 (
1#
#19690
0#
#19700
b11 (
1#
#19710
0#
#19720
b100 (
1#
#19730
0#
#19740
0!
b101 (
1#
#19750
0#
#19760
b110 (
1#
#19770
0#
#19780
b111 (
1#
#19790
0#
#19800
b1000 (
1#
#19810
0#
#19820
b1001 (
1#
#19830
0#
#19840
b1010 (
1#
#19850
0#
#19860
b1011 (
1#
#19870
0#
#19880
b1100 (
1#
#19890
0#
#19900
b0 (
1#
#19910
0#
#19920
1!
b1 (
1#
#19930
0#
#19940
b10 (
1#
#19950
0#
#19960
b11 (
1#
#19970
0#
#19980
b100 (
1#
#19990
0#
#20000
0!
b101 (
1#
#20010
0#
#20020
b110 (
1#
#20030
0#
#20040
b111 (
1#
#20050
0#
#20060
b1000 (
1#
#20070
0#
#20080
b1001 (
1#
#20090
0#
#20100
b1010 (
1#
#20110
0#
#20120
b1011 (
1#
#20130
0#
#20140
b1100 (
1#
#20150
0#
#20160
b0 (
1#
#20170
0#
#20180
1!
b1 (
1#
#20190
0#
#20200
b10 (
1#
#20210
0#
#20220
b11 (
1#
#20230
0#
#20240
b100 (
1#
#20250
0#
#20260
0!
b101 (
1#
#20270
0#
#20280
b110 (
1#
#20290
0#
#20300
b111 (
1#
#20310
0#
#20320
b1000 (
1#
#20330
0#
#20340
b1001 (
1#
#20350
0#
#20360
b1010 (
1#
#20370
0#
#20380
b1011 (
1#
#20390
0#
#20400
b1100 (
1#
#20410
0#
#20420
b0 (
1#
#20430
0#
#20440
1!
b1 (
1#
#20450
0#
#20460
b10 (
1#
#20470
0#
#20480
b11 (
1#
#20490
0#
#20500
b100 (
1#
#20510
0#
#20520
0!
b101 (
1#
#20530
0#
#20540
b110 (
1#
#20550
0#
#20560
b111 (
1#
#20570
0#
#20580
b1000 (
1#
#20590
0#
#20600
b1001 (
1#
#20610
0#
#20620
b1010 (
1#
#20630
0#
#20640
b1011 (
1#
#20650
0#
#20660
b1100 (
1#
#20670
0#
#20680
b0 (
1#
#20690
0#
#20700
1!
b1 (
1#
#20710
0#
#20720
b10 (
1#
#20730
0#
#20740
b11 (
1#
#20750
0#
#20760
b100 (
1#
#20770
0#
#20780
0!
b101 (
1#
#20790
0#
#20800
b110 (
1#
#20810
0#
#20820
b111 (
1#
#20830
0#
#20840
b1000 (
1#
#20850
0#
#20860
b1001 (
1#
#20870
0#
#20880
b1010 (
1#
#20890
0#
#20900
b1011 (
1#
#20910
0#
#20920
b1100 (
1#
#20930
0#
#20940
b0 (
1#
#20950
0#
#20960
1!
b1 (
1#
#20970
0#
#20980
b10 (
1#
#20990
0#
#21000
b11 (
1#
#21010
0#
#21020
b100 (
1#
#21030
0#
#21040
0!
b101 (
1#
#21050
0#
#21060
b110 (
1#
#21070
0#
#21080
b111 (
1#
#21090
0#
#21100
b1000 (
1#
#21110
0#
#21120
b1001 (
1#
#21130
0#
#21140
b1010 (
1#
#21150
0#
#21160
b1011 (
1#
#21170
0#
#21180
b1100 (
1#
#21190
0#
#21200
b0 (
1#
#21210
0#
#21220
1!
b1 (
1#
#21230
0#
#21240
b10 (
1#
#21250
0#
#21260
b11 (
1#
#21270
0#
#21280
b100 (
1#
#21290
0#
#21300
0!
b101 (
1#
#21310
0#
#21320
b110 (
1#
#21330
0#
#21340
b111 (
1#
#21350
0#
#21360
b1000 (
1#
#21370
0#
#21380
b1001 (
1#
#21390
0#
#21400
b1010 (
1#
#21410
0#
#21420
b1011 (
1#
#21430
0#
#21440
b1100 (
1#
#21450
0#
#21460
b0 (
1#
#21470
0#
#21480
1!
b1 (
1#
#21490
0#
#21500
b10 (
1#
#21510
0#
#21520
b11 (
1#
#21530
0#
#21540
b100 (
1#
#21550
0#
#21560
0!
b101 (
1#
#21570
0#
#21580
b110 (
1#
#21590
0#
#21600
b111 (
1#
#21610
0#
#21620
b1000 (
1#
#21630
0#
#21640
b1001 (
1#
#21650
0#
#21660
b1010 (
1#
#21670
0#
#21680
b1011 (
1#
#21690
0#
#21700
b1100 (
1#
#21710
0#
#21720
b0 (
1#
#21730
0#
#21740
1!
b1 (
1#
#21750
0#
#21760
b10 (
1#
#21770
0#
#21780
b11 (
1#
#21790
0#
#21800
b100 (
1#
#21810
0#
#21820
0!
b101 (
1#
#21830
0#
#21840
b110 (
1#
#21850
0#
#21860
b111 (
1#
#21870
0#
#21880
b1000 (
1#
#21890
0#
#21900
b1001 (
1#
#21910
0#
#21920
b1010 (
1#
#21930
0#
#21940
b1011 (
1#
#21950
0#
#21960
b1100 (
1#
#21970
0#
#21980
b0 (
1#
#21990
0#
#22000
1!
b1 (
1#
#22010
0#
#22020
b10 (
1#
#22030
0#
#22040
b11 (
1#
#22050
0#
#22060
b100 (
1#
#22070
0#
#22080
0!
b101 (
1#
#22090
0#
#22100
b110 (
1#
#22110
0#
#22120
b111 (
1#
#22130
0#
#22140
b1000 (
1#
#22150
0#
#22160
b1001 (
1#
#22170
0#
#22180
b1010 (
1#
#22190
0#
#22200
b1011 (
1#
#22210
0#
#22220
b1100 (
1#
#22230
0#
#22240
b0 (
1#
#22250
0#
#22260
1!
b1 (
1#
#22270
0#
#22280
b10 (
1#
#22290
0#
#22300
b11 (
1#
#22310
0#
#22320
b100 (
1#
#22330
0#
#22340
0!
b101 (
1#
#22350
0#
#22360
b110 (
1#
#22370
0#
#22380
b111 (
1#
#22390
0#
#22400
b1000 (
1#
#22410
0#
#22420
b1001 (
1#
#22430
0#
#22440
b1010 (
1#
#22450
0#
#22460
b1011 (
1#
#22470
0#
#22480
b1100 (
1#
#22490
0#
#22500
b0 (
1#
#22510
0#
#22520
1!
b1 (
1#
#22530
0#
#22540
b10 (
1#
#22550
0#
#22560
b11 (
1#
#22570
0#
#22580
b100 (
1#
#22590
0#
#22600
0!
b101 (
1#
#22610
0#
#22620
b110 (
1#
#22630
0#
#22640
b111 (
1#
#22650
0#
#22660
b1000 (
1#
#22670
0#
#22680
b1001 (
1#
#22690
0#
#22700
b1010 (
1#
#22710
0#
#22720
b1011 (
1#
#22730
0#
#22740
b1100 (
1#
#22750
0#
#22760
b0 (
1#
#22770
0#
#22780
1!
b1 (
1#
#22790
0#
#22800
b10 (
1#
#22810
0#
#22820
b11 (
1#
#22830
0#
#22840
b100 (
1#
#22850
0#
#22860
0!
b101 (
1#
#22870
0#
#22880
b110 (
1#
#22890
0#
#22900
b111 (
1#
#22910
0#
#22920
b1000 (
1#
#22930
0#
#22940
b1001 (
1#
#22950
0#
#22960
b1010 (
1#
#22970
0#
#22980
b1011 (
1#
#22990
0#
#23000
b1100 (
1#
#23010
0#
#23020
b0 (
1#
#23030
0#
#23040
1!
b1 (
1#
#23050
0#
#23060
b10 (
1#
#23070
0#
#23080
b11 (
1#
#23090
0#
#23100
b100 (
1#
#23110
0#
#23120
0!
b101 (
1#
#23130
0#
#23140
b110 (
1#
#23150
0#
#23160
b111 (
1#
#23170
0#
#23180
b1000 (
1#
#23190
0#
#23200
b1001 (
1#
#23210
0#
#23220
b1010 (
1#
#23230
0#
#23240
b1011 (
1#
#23250
0#
#23260
b1100 (
1#
#23270
0#
#23280
b0 (
1#
#23290
0#
#23300
1!
b1 (
1#
#23310
0#
#23320
b10 (
1#
#23330
0#
#23340
b11 (
1#
#23350
0#
#23360
b100 (
1#
#23370
0#
#23380
0!
b101 (
1#
#23390
0#
#23400
b110 (
1#
#23410
0#
#23420
b111 (
1#
#23430
0#
#23440
b1000 (
1#
#23450
0#
#23460
b1001 (
1#
#23470
0#
#23480
b1010 (
1#
#23490
0#
#23500
b1011 (
1#
#23510
0#
#23520
b1100 (
1#
#23530
0#
#23540
b0 (
1#
#23550
0#
#23560
1!
b1 (
1#
#23570
0#
#23580
b10 (
1#
#23590
0#
#23600
b11 (
1#
#23610
0#
#23620
b100 (
1#
#23630
0#
#23640
0!
b101 (
1#
#23650
0#
#23660
b110 (
1#
#23670
0#
#23680
b111 (
1#
#23690
0#
#23700
b1000 (
1#
#23710
0#
#23720
b1001 (
1#
#23730
0#
#23740
b1010 (
1#
#23750
0#
#23760
b1011 (
1#
#23770
0#
#23780
b1100 (
1#
#23790
0#
#23800
b0 (
1#
#23810
0#
#23820
1!
b1 (
1#
#23830
0#
#23840
b10 (
1#
#23850
0#
#23860
b11 (
1#
#23870
0#
#23880
b100 (
1#
#23890
0#
#23900
0!
b101 (
1#
#23910
0#
#23920
b110 (
1#
#23930
0#
#23940
b111 (
1#
#23950
0#
#23960
b1000 (
1#
#23970
0#
#23980
b1001 (
1#
#23990
0#
#24000
b1010 (
1#
#24010
0#
#24020
b1011 (
1#
#24030
0#
#24040
b1100 (
1#
#24050
0#
#24060
b0 (
1#
#24070
0#
#24080
1!
b1 (
1#
#24090
0#
#24100
b10 (
1#
#24110
0#
#24120
b11 (
1#
#24130
0#
#24140
b100 (
1#
#24150
0#
#24160
0!
b101 (
1#
#24170
0#
#24180
b110 (
1#
#24190
0#
#24200
b111 (
1#
#24210
0#
#24220
b1000 (
1#
#24230
0#
#24240
b1001 (
1#
#24250
0#
#24260
b1010 (
1#
#24270
0#
#24280
b1011 (
1#
#24290
0#
#24300
b1100 (
1#
#24310
0#
#24320
b0 (
1#
#24330
0#
#24340
1!
b1 (
1#
#24350
0#
#24360
b10 (
1#
#24370
0#
#24380
b11 (
1#
#24390
0#
#24400
b100 (
1#
#24410
0#
#24420
0!
b101 (
1#
#24430
0#
#24440
b110 (
1#
#24450
0#
#24460
b111 (
1#
#24470
0#
#24480
b1000 (
1#
#24490
0#
#24500
b1001 (
1#
#24510
0#
#24520
b1010 (
1#
#24530
0#
#24540
b1011 (
1#
#24550
0#
#24560
b1100 (
1#
#24570
0#
#24580
b0 (
1#
#24590
0#
#24600
1!
b1 (
1#
#24610
0#
#24620
b10 (
1#
#24630
0#
#24640
b11 (
1#
#24650
0#
#24660
b100 (
1#
#24670
0#
#24680
0!
b101 (
1#
#24690
0#
#24700
b110 (
1#
#24710
0#
#24720
b111 (
1#
#24730
0#
#24740
b1000 (
1#
#24750
0#
#24760
b1001 (
1#
#24770
0#
#24780
b1010 (
1#
#24790
0#
#24800
b1011 (
1#
#24810
0#
#24820
b1100 (
1#
#24830
0#
#24840
b0 (
1#
#24850
0#
#24860
1!
b1 (
1#
#24870
0#
#24880
b10 (
1#
#24890
0#
#24900
b11 (
1#
#24910
0#
#24920
b100 (
1#
#24930
0#
#24940
0!
b101 (
1#
#24950
0#
#24960
b110 (
1#
#24970
0#
#24980
b111 (
1#
#24990
0#
#25000
b1000 (
1#
#25010
0#
#25020
b1001 (
1#
#25030
0#
#25040
b1010 (
1#
#25050
0#
#25060
b1011 (
1#
#25070
0#
#25080
b1100 (
1#
#25090
0#
#25100
b0 (
1#
#25110
0#
#25120
1!
b1 (
1#
#25130
0#
#25140
b10 (
1#
#25150
0#
#25160
b11 (
1#
#25170
0#
#25180
b100 (
1#
#25190
0#
#25200
0!
b101 (
1#
#25210
0#
#25220
b110 (
1#
#25230
0#
#25240
b111 (
1#
#25250
0#
#25260
b1000 (
1#
#25270
0#
#25280
b1001 (
1#
#25290
0#
#25300
b1010 (
1#
#25310
0#
#25320
b1011 (
1#
#25330
0#
#25340
b1100 (
1#
#25350
0#
#25360
b0 (
1#
#25370
0#
#25380
1!
b1 (
1#
#25390
0#
#25400
b10 (
1#
#25410
0#
#25420
b11 (
1#
#25430
0#
#25440
b100 (
1#
#25450
0#
#25460
0!
b101 (
1#
#25470
0#
#25480
b110 (
1#
#25490
0#
#25500
b111 (
1#
#25510
0#
#25520
b1000 (
1#
#25530
0#
#25540
b1001 (
1#
#25550
0#
#25560
b1010 (
1#
#25570
0#
#25580
b1011 (
1#
#25590
0#
#25600
b1100 (
1#
#25610
0#
#25620
b0 (
1#
#25630
0#
#25640
1!
b1 (
1#
#25650
0#
#25660
b10 (
1#
#25670
0#
#25680
b11 (
1#
#25690
0#
#25700
b100 (
1#
#25710
0#
#25720
0!
b101 (
1#
#25730
0#
#25740
b110 (
1#
#25750
0#
#25760
b111 (
1#
#25770
0#
#25780
b1000 (
1#
#25790
0#
#25800
b1001 (
1#
#25810
0#
#25820
b1010 (
1#
#25830
0#
#25840
b1011 (
1#
#25850
0#
#25860
b1100 (
1#
#25870
0#
#25880
b0 (
1#
#25890
0#
#25900
1!
b1 (
1#
#25910
0#
#25920
b10 (
1#
#25930
0#
#25940
b11 (
1#
#25950
0#
#25960
b100 (
1#
#25970
0#
#25980
0!
b101 (
1#
#25990
0#
#26000
b110 (
1#
#26010
0#
#26020
b111 (
1#
#26030
0#
#26040
b1000 (
1#
#26050
0#
#26060
b1001 (
1#
#26070
0#
#26080
b1010 (
1#
#26090
0#
#26100
b1011 (
1#
#26110
0#
#26120
b1100 (
1#
#26130
0#
#26140
b0 (
1#
#26150
0#
#26160
1!
b1 (
1#
#26170
0#
#26180
b10 (
1#
#26190
0#
#26200
b11 (
1#
#26210
0#
#26220
b100 (
1#
#26230
0#
#26240
0!
b101 (
1#
#26250
0#
#26260
b110 (
1#
#26270
0#
#26280
b111 (
1#
#26290
0#
#26300
b1000 (
1#
#26310
0#
#26320
b1001 (
1#
#26330
0#
#26340
b1010 (
1#
#26350
0#
#26360
b1011 (
1#
#26370
0#
#26380
b1100 (
1#
#26390
0#
#26400
b0 (
1#
#26410
0#
#26420
1!
b1 (
1#
#26430
0#
#26440
b10 (
1#
#26450
0#
#26460
b11 (
1#
#26470
0#
#26480
b100 (
1#
#26490
0#
#26500
0!
b101 (
1#
#26510
0#
#26520
b110 (
1#
#26530
0#
#26540
b111 (
1#
#26550
0#
#26560
b1000 (
1#
#26570
0#
#26580
b1001 (
1#
#26590
0#
#26600
b1010 (
1#
#26610
0#
#26620
b1011 (
1#
#26630
0#
#26640
b1100 (
1#
#26650
0#
#26660
b0 (
1#
#26670
0#
#26680
1!
b1 (
1#
#26690
0#
#26700
b10 (
1#
#26710
0#
#26720
b11 (
1#
#26730
0#
#26740
b100 (
1#
#26750
0#
#26760
0!
b101 (
1#
#26770
0#
#26780
b110 (
1#
#26790
0#
#26800
b111 (
1#
#26810
0#
#26820
b1000 (
1#
#26830
0#
#26840
b1001 (
1#
#26850
0#
#26860
b1010 (
1#
#26870
0#
#26880
b1011 (
1#
#26890
0#
#26900
b1100 (
1#
#26910
0#
#26920
b0 (
1#
#26930
0#
#26940
1!
b1 (
1#
#26950
0#
#26960
b10 (
1#
#26970
0#
#26980
b11 (
1#
#26990
0#
#27000
b100 (
1#
#27010
0#
#27020
0!
b101 (
1#
#27030
0#
#27040
b110 (
1#
#27050
0#
#27060
b111 (
1#
#27070
0#
#27080
b1000 (
1#
#27090
0#
#27100
b1001 (
1#
#27110
0#
#27120
b1010 (
1#
#27130
0#
#27140
b1011 (
1#
#27150
0#
#27160
b1100 (
1#
#27170
0#
#27180
b0 (
1#
#27190
0#
#27200
1!
b1 (
1#
#27210
0#
#27220
b10 (
1#
#27230
0#
#27240
b11 (
1#
#27250
0#
#27260
b100 (
1#
#27270
0#
#27280
0!
b101 (
1#
#27290
0#
#27300
b110 (
1#
#27310
0#
#27320
b111 (
1#
#27330
0#
#27340
b1000 (
1#
#27350
0#
#27360
b1001 (
1#
#27370
0#
#27380
b1010 (
1#
#27390
0#
#27400
b1011 (
1#
#27410
0#
#27420
b1100 (
1#
#27430
0#
#27440
b0 (
1#
#27450
0#
#27460
1!
b1 (
1#
#27470
0#
#27480
b10 (
1#
#27490
0#
#27500
b11 (
1#
#27510
0#
#27520
b100 (
1#
#27530
0#
#27540
0!
b101 (
1#
#27550
0#
#27560
b110 (
1#
#27570
0#
#27580
b111 (
1#
#27590
0#
#27600
b1000 (
1#
#27610
0#
#27620
b1001 (
1#
#27630
0#
#27640
b1010 (
1#
#27650
0#
#27660
b1011 (
1#
#27670
0#
#27680
b1100 (
1#
#27690
0#
#27700
b0 (
1#
#27710
0#
#27720
1!
b1 (
1#
#27730
0#
#27740
b10 (
1#
#27750
0#
#27760
b11 (
1#
#27770
0#
#27780
b100 (
1#
#27790
0#
#27800
0!
b101 (
1#
#27810
0#
#27820
b110 (
1#
#27830
0#
#27840
b111 (
1#
#27850
0#
#27860
b1000 (
1#
#27870
0#
#27880
b1001 (
1#
#27890
0#
#27900
b1010 (
1#
#27910
0#
#27920
b1011 (
1#
#27930
0#
#27940
b1100 (
1#
#27950
0#
#27960
b0 (
1#
#27970
0#
#27980
1!
b1 (
1#
#27990
0#
#28000
b10 (
1#
#28010
0#
#28020
b11 (
1#
#28030
0#
#28040
b100 (
1#
#28050
0#
#28060
0!
b101 (
1#
#28070
0#
#28080
b110 (
1#
#28090
0#
#28100
b111 (
1#
#28110
0#
#28120
b1000 (
1#
#28130
0#
#28140
b1001 (
1#
#28150
0#
#28160
b1010 (
1#
#28170
0#
#28180
b1011 (
1#
#28190
0#
#28200
b1100 (
1#
#28210
0#
#28220
b0 (
1#
#28230
0#
#28240
1!
b1 (
1#
#28250
0#
#28260
b10 (
1#
#28270
0#
#28280
b11 (
1#
#28290
0#
#28300
b100 (
1#
#28310
0#
#28320
0!
b101 (
1#
#28330
0#
#28340
b110 (
1#
#28350
0#
#28360
b111 (
1#
#28370
0#
#28380
b1000 (
1#
#28390
0#
#28400
b1001 (
1#
#28410
0#
#28420
b1010 (
1#
#28430
0#
#28440
b1011 (
1#
#28450
0#
#28460
b1100 (
1#
#28470
0#
#28480
b0 (
1#
#28490
0#
#28500
1!
b1 (
1#
#28510
0#
#28520
b10 (
1#
#28530
0#
#28540
b11 (
1#
#28550
0#
#28560
b100 (
1#
#28570
0#
#28580
0!
b101 (
1#
#28590
0#
#28600
b110 (
1#
#28610
0#
#28620
b111 (
1#
#28630
0#
#28640
b1000 (
1#
#28650
0#
#28660
b1001 (
1#
#28670
0#
#28680
b1010 (
1#
#28690
0#
#28700
b1011 (
1#
#28710
0#
#28720
b1100 (
1#
#28730
0#
#28740
b0 (
1#
#28750
0#
#28760
1!
b1 (
1#
#28770
0#
#28780
b10 (
1#
#28790
0#
#28800
b11 (
1#
#28810
0#
#28820
b100 (
1#
#28830
0#
#28840
0!
b101 (
1#
#28850
0#
#28860
b110 (
1#
#28870
0#
#28880
b111 (
1#
#28890
0#
#28900
b1000 (
1#
#28910
0#
#28920
b1001 (
1#
#28930
0#
#28940
b1010 (
1#
#28950
0#
#28960
b1011 (
1#
#28970
0#
#28980
b1100 (
1#
#28990
0#
#29000
b0 (
1#
#29010
0#
#29020
1!
b1 (
1#
#29030
0#
#29040
b10 (
1#
#29050
0#
#29060
b11 (
1#
#29070
0#
#29080
b100 (
1#
#29090
0#
#29100
0!
b101 (
1#
#29110
0#
#29120
b110 (
1#
#29130
0#
#29140
b111 (
1#
#29150
0#
#29160
b1000 (
1#
#29170
0#
#29180
b1001 (
1#
#29190
0#
#29200
b1010 (
1#
#29210
0#
#29220
b1011 (
1#
#29230
0#
#29240
b1100 (
1#
#29250
0#
#29260
b0 (
1#
#29270
0#
#29280
1!
b1 (
1#
#29290
0#
#29300
b10 (
1#
#29310
0#
#29320
b11 (
1#
#29330
0#
#29340
b100 (
1#
#29350
0#
#29360
0!
b101 (
1#
#29370
0#
#29380
b110 (
1#
#29390
0#
#29400
b111 (
1#
#29410
0#
#29420
b1000 (
1#
#29430
0#
#29440
b1001 (
1#
#29450
0#
#29460
b1010 (
1#
#29470
0#
#29480
b1011 (
1#
#29490
0#
#29500
b1100 (
1#
#29510
0#
#29520
b0 (
1#
#29530
0#
#29540
1!
b1 (
1#
#29550
0#
#29560
b10 (
1#
#29570
0#
#29580
b11 (
1#
#29590
0#
#29600
b100 (
1#
#29610
0#
#29620
0!
b101 (
1#
#29630
0#
#29640
b110 (
1#
#29650
0#
#29660
b111 (
1#
#29670
0#
#29680
b1000 (
1#
#29690
0#
#29700
b1001 (
1#
#29710
0#
#29720
b1010 (
1#
#29730
0#
#29740
b1011 (
1#
#29750
0#
#29760
b1100 (
1#
#29770
0#
#29780
b0 (
1#
#29790
0#
#29800
1!
b1 (
1#
#29810
0#
#29820
b10 (
1#
#29830
0#
#29840
b11 (
1#
#29850
0#
#29860
b100 (
1#
#29870
0#
#29880
0!
b101 (
1#
#29890
0#
#29900
b110 (
1#
#29910
0#
#29920
b111 (
1#
#29930
0#
#29940
b1000 (
1#
#29950
0#
#29960
b1001 (
1#
#29970
0#
#29980
b1010 (
1#
#29990
0#
#30000
b1011 (
1#
#30010
0#
#30020
b1100 (
1#
#30030
0#
#30040
b0 (
1#
#30050
0#
#30060
1!
b1 (
1#
#30070
0#
#30080
b10 (
1#
#30090
0#
#30100
b11 (
1#
#30110
0#
#30120
b100 (
1#
#30130
0#
#30140
0!
b101 (
1#
#30150
0#
#30160
b110 (
1#
#30170
0#
#30180
b111 (
1#
#30190
0#
#30200
b1000 (
1#
#30210
0#
#30220
b1001 (
1#
#30230
0#
#30240
b1010 (
1#
#30250
0#
#30260
b1011 (
1#
#30270
0#
#30280
b1100 (
1#
#30290
0#
#30300
b0 (
1#
#30310
0#
#30320
1!
b1 (
1#
#30330
0#
#30340
b10 (
1#
#30350
0#
#30360
b11 (
1#
#30370
0#
#30380
b100 (
1#
#30390
0#
#30400
0!
b101 (
1#
#30410
0#
#30420
b110 (
1#
#30430
0#
#30440
b111 (
1#
#30450
0#
#30460
b1000 (
1#
#30470
0#
#30480
b1001 (
1#
#30490
0#
#30500
b1010 (
1#
#30510
0#
#30520
b1011 (
1#
#30530
0#
#30540
b1100 (
1#
#30550
0#
#30560
b0 (
1#
#30570
0#
#30580
1!
b1 (
1#
#30590
0#
#30600
b10 (
1#
#30610
0#
#30620
b11 (
1#
#30630
0#
#30640
b100 (
1#
#30650
0#
#30660
0!
b101 (
1#
#30670
0#
#30680
b110 (
1#
#30690
0#
#30700
b111 (
1#
#30710
0#
#30720
b1000 (
1#
#30730
0#
#30740
b1001 (
1#
#30750
0#
#30760
b1010 (
1#
#30770
0#
#30780
b1011 (
1#
#30790
0#
#30800
b1100 (
1#
#30810
0#
#30820
b0 (
1#
#30830
0#
#30840
1!
b1 (
1#
#30850
0#
#30860
b10 (
1#
#30870
0#
#30880
b11 (
1#
#30890
0#
#30900
b100 (
1#
#30910
0#
#30920
0!
b101 (
1#
#30930
0#
#30940
b110 (
1#
#30950
0#
#30960
b111 (
1#
#30970
0#
#30980
b1000 (
1#
#30990
0#
#31000
b1001 (
1#
#31010
0#
#31020
b1010 (
1#
#31030
0#
#31040
b1011 (
1#
#31050
0#
#31060
b1100 (
1#
#31070
0#
#31080
b0 (
1#
#31090
0#
#31100
1!
b1 (
1#
#31110
0#
#31120
b10 (
1#
#31130
0#
#31140
b11 (
1#
#31150
0#
#31160
b100 (
1#
#31170
0#
#31180
0!
b101 (
1#
#31190
0#
#31200
b110 (
1#
#31210
0#
#31220
b111 (
1#
#31230
0#
#31240
b1000 (
1#
#31250
0#
#31260
b1001 (
1#
#31270
0#
#31280
b1010 (
1#
#31290
0#
#31300
b1011 (
1#
#31310
0#
#31320
b1100 (
1#
#31330
0#
#31340
b0 (
1#
#31350
0#
#31360
1!
b1 (
1#
#31370
0#
#31380
b10 (
1#
#31390
0#
#31400
b11 (
1#
#31410
0#
#31420
b100 (
1#
#31430
0#
#31440
0!
b101 (
1#
#31450
0#
#31460
b110 (
1#
#31470
0#
#31480
b111 (
1#
#31490
0#
#31500
b1000 (
1#
#31510
0#
#31520
b1001 (
1#
#31530
0#
#31540
b1010 (
1#
#31550
0#
#31560
b1011 (
1#
#31570
0#
#31580
b1100 (
1#
#31590
0#
#31600
b0 (
1#
#31610
0#
#31620
1!
b1 (
1#
#31630
0#
#31640
b10 (
1#
#31650
0#
#31660
b11 (
1#
#31670
0#
#31680
b100 (
1#
#31690
0#
#31700
0!
b101 (
1#
#31710
0#
#31720
b110 (
1#
#31730
0#
#31740
b111 (
1#
#31750
0#
#31760
b1000 (
1#
#31770
0#
#31780
b1001 (
1#
#31790
0#
#31800
b1010 (
1#
#31810
0#
#31820
b1011 (
1#
#31830
0#
#31840
b1100 (
1#
#31850
0#
#31860
b0 (
1#
#31870
0#
#31880
1!
b1 (
1#
#31890
0#
#31900
b10 (
1#
#31910
0#
#31920
b11 (
1#
#31930
0#
#31940
b100 (
1#
#31950
0#
#31960
0!
b101 (
1#
#31970
0#
#31980
b110 (
1#
#31990
0#
#32000
b111 (
1#
#32010
0#
#32020
b1000 (
1#
#32030
0#
#32040
b1001 (
1#
#32050
0#
#32060
b1010 (
1#
#32070
0#
#32080
b1011 (
1#
#32090
0#
#32100
b1100 (
1#
#32110
0#
#32120
b0 (
1#
#32130
0#
#32140
1!
b1 (
1#
#32150
0#
#32160
b10 (
1#
#32170
0#
#32180
b11 (
1#
#32190
0#
#32200
b100 (
1#
#32210
0#
#32220
0!
b101 (
1#
#32230
0#
#32240
b110 (
1#
#32250
0#
#32260
b111 (
1#
#32270
0#
#32280
b1000 (
1#
#32290
0#
#32300
b1001 (
1#
#32310
0#
#32320
b1010 (
1#
#32330
0#
#32340
b1011 (
1#
#32350
0#
#32360
b1100 (
1#
#32370
0#
#32380
b0 (
1#
#32390
0#
#32400
1!
b1 (
1#
#32410
0#
#32420
b10 (
1#
#32430
0#
#32440
b11 (
1#
#32450
0#
#32460
b100 (
1#
#32470
0#
#32480
0!
b101 (
1#
#32490
0#
#32500
b110 (
1#
#32510
0#
#32520
b111 (
1#
#32530
0#
#32540
b1000 (
1#
#32550
0#
#32560
b1001 (
1#
#32570
0#
#32580
b1010 (
1#
#32590
0#
#32600
b1011 (
1#
#32610
0#
#32620
b1100 (
1#
#32630
0#
#32640
b0 (
1#
#32650
0#
#32660
1!
b1 (
1#
#32670
0#
#32680
b10 (
1#
#32690
0#
#32700
b11 (
1#
#32710
0#
#32720
b100 (
1#
#32730
0#
#32740
0!
b101 (
1#
#32750
0#
#32760
b110 (
1#
#32770
0#
#32780
b111 (
1#
#32790
0#
#32800
b1000 (
1#
#32810
0#
#32820
b1001 (
1#
#32830
0#
#32840
b1010 (
1#
#32850
0#
#32860
b1011 (
1#
#32870
0#
#32880
b1100 (
1#
#32890
0#
#32900
b0 (
1#
#32910
0#
#32920
1!
b1 (
1#
#32930
0#
#32940
b10 (
1#
#32950
0#
#32960
b11 (
1#
#32970
0#
#32980
b100 (
1#
#32990
0#
#33000
0!
b101 (
1#
#33010
0#
#33020
b110 (
1#
#33030
0#
#33040
b111 (
1#
#33050
0#
#33060
b1000 (
1#
#33070
0#
#33080
b1001 (
1#
#33090
0#
#33100
b1010 (
1#
#33110
0#
#33120
b1011 (
1#
#33130
0#
#33140
b1100 (
1#
#33150
0#
#33160
b0 (
1#
#33170
0#
#33180
1!
b1 (
1#
#33190
0#
#33200
b10 (
1#
#33210
0#
#33220
b11 (
1#
#33230
0#
#33240
b100 (
1#
#33250
0#
#33260
0!
b101 (
1#
#33270
0#
#33280
b110 (
1#
#33290
0#
#33300
b111 (
1#
#33310
0#
#33320
b1000 (
1#
#33330
0#
#33340
b1001 (
1#
#33350
0#
#33360
b1010 (
1#
#33370
0#
#33380
b1011 (
1#
#33390
0#
#33400
b1100 (
1#
#33410
0#
#33420
b0 (
1#
#33430
0#
#33440
1!
b1 (
1#
#33450
0#
#33460
b10 (
1#
#33470
0#
#33480
b11 (
1#
#33490
0#
#33500
b100 (
1#
#33510
0#
#33520
0!
b101 (
1#
#33530
0#
#33540
b110 (
1#
#33550
0#
#33560
b111 (
1#
#33570
0#
#33580
b1000 (
1#
#33590
0#
#33600
b1001 (
1#
#33610
0#
#33620
b1010 (
1#
#33630
0#
#33640
b1011 (
1#
#33650
0#
#33660
b1100 (
1#
#33670
0#
#33680
b0 (
1#
#33690
0#
#33700
1!
b1 (
1#
#33710
0#
#33720
b10 (
1#
#33730
0#
#33740
b11 (
1#
#33750
0#
#33760
b100 (
1#
#33770
0#
#33780
0!
b101 (
1#
#33790
0#
#33800
b110 (
1#
#33810
0#
#33820
b111 (
1#
#33830
0#
#33840
b1000 (
1#
#33850
0#
#33860
b1001 (
1#
#33870
0#
#33880
b1010 (
1#
#33890
0#
#33900
b1011 (
1#
#33910
0#
#33920
b1100 (
1#
#33930
0#
#33940
b0 (
1#
#33950
0#
#33960
1!
b1 (
1#
#33970
0#
#33980
b10 (
1#
#33990
0#
#34000
b11 (
1#
#34010
0#
#34020
b100 (
1#
#34030
0#
#34040
0!
b101 (
1#
#34050
0#
#34060
b110 (
1#
#34070
0#
#34080
b111 (
1#
#34090
0#
#34100
b1000 (
1#
#34110
0#
#34120
b1001 (
1#
#34130
0#
#34140
b1010 (
1#
#34150
0#
#34160
b1011 (
1#
#34170
0#
#34180
b1100 (
1#
#34190
0#
#34200
b0 (
1#
#34210
0#
#34220
1!
b1 (
1#
#34230
0#
#34240
b10 (
1#
#34250
0#
#34260
b11 (
1#
#34270
0#
#34280
b100 (
1#
#34290
0#
#34300
0!
b101 (
1#
#34310
0#
#34320
b110 (
1#
#34330
0#
#34340
b111 (
1#
#34350
0#
#34360
b1000 (
1#
#34370
0#
#34380
b1001 (
1#
#34390
0#
#34400
b1010 (
1#
#34410
0#
#34420
b1011 (
1#
#34430
0#
#34440
b1100 (
1#
#34450
0#
#34460
b0 (
1#
#34470
0#
#34480
1!
b1 (
1#
#34490
0#
#34500
b10 (
1#
#34510
0#
#34520
b11 (
1#
#34530
0#
#34540
b100 (
1#
#34550
0#
#34560
0!
b101 (
1#
#34570
0#
#34580
b110 (
1#
#34590
0#
#34600
b111 (
1#
#34610
0#
#34620
b1000 (
1#
#34630
0#
#34640
b1001 (
1#
#34650
0#
#34660
b1010 (
1#
#34670
0#
#34680
b1011 (
1#
#34690
0#
#34700
b1100 (
1#
#34710
0#
#34720
b0 (
1#
#34730
0#
#34740
1!
b1 (
1#
#34750
0#
#34760
b10 (
1#
#34770
0#
#34780
b11 (
1#
#34790
0#
#34800
b100 (
1#
#34810
0#
#34820
0!
b101 (
1#
#34830
0#
#34840
b110 (
1#
#34850
0#
#34860
b111 (
1#
#34870
0#
#34880
b1000 (
1#
#34890
0#
#34900
b1001 (
1#
#34910
0#
#34920
b1010 (
1#
#34930
0#
#34940
b1011 (
1#
#34950
0#
#34960
b1100 (
1#
#34970
0#
#34980
b0 (
1#
#34990
0#
#35000
1!
b1 (
1#
#35010
0#
#35020
b10 (
1#
#35030
0#
#35040
b11 (
1#
#35050
0#
#35060
b100 (
1#
#35070
0#
#35080
0!
b101 (
1#
#35090
0#
#35100
b110 (
1#
#35110
0#
#35120
b111 (
1#
#35130
0#
#35140
b1000 (
1#
#35150
0#
#35160
b1001 (
1#
#35170
0#
#35180
b1010 (
1#
#35190
0#
#35200
b1011 (
1#
#35210
0#
#35220
b1100 (
1#
#35230
0#
#35240
b0 (
1#
#35250
0#
#35260
1!
b1 (
1#
#35270
0#
#35280
b10 (
1#
#35290
0#
#35300
b11 (
1#
#35310
0#
#35320
b100 (
1#
#35330
0#
#35340
0!
b101 (
1#
#35350
0#
#35360
b110 (
1#
#35370
0#
#35380
b111 (
1#
#35390
0#
#35400
b1000 (
1#
#35410
0#
#35420
b1001 (
1#
#35430
0#
#35440
b1010 (
1#
#35450
0#
#35460
b1011 (
1#
#35470
0#
#35480
b1100 (
1#
#35490
0#
#35500
b0 (
1#
#35510
0#
#35520
1!
b1 (
1#
#35530
0#
#35540
b10 (
1#
#35550
0#
#35560
b11 (
1#
#35570
0#
#35580
b100 (
1#
#35590
0#
#35600
0!
b101 (
1#
#35610
0#
#35620
b110 (
1#
#35630
0#
#35640
b111 (
1#
#35650
0#
#35660
b1000 (
1#
#35670
0#
#35680
b1001 (
1#
#35690
0#
#35700
b1010 (
1#
#35710
0#
#35720
b1011 (
1#
#35730
0#
#35740
b1100 (
1#
#35750
0#
#35760
b0 (
1#
#35770
0#
#35780
1!
b1 (
1#
#35790
0#
#35800
b10 (
1#
#35810
0#
#35820
b11 (
1#
#35830
0#
#35840
b100 (
1#
#35850
0#
#35860
0!
b101 (
1#
#35870
0#
#35880
b110 (
1#
#35890
0#
#35900
b111 (
1#
#35910
0#
#35920
b1000 (
1#
#35930
0#
#35940
b1001 (
1#
#35950
0#
#35960
b1010 (
1#
#35970
0#
#35980
b1011 (
1#
#35990
0#
#36000
b1100 (
1#
#36010
0#
#36020
b0 (
1#
#36030
0#
#36040
1!
b1 (
1#
#36050
0#
#36060
b10 (
1#
#36070
0#
#36080
b11 (
1#
#36090
0#
#36100
b100 (
1#
#36110
0#
#36120
0!
b101 (
1#
#36130
0#
#36140
b110 (
1#
#36150
0#
#36160
b111 (
1#
#36170
0#
#36180
b1000 (
1#
#36190
0#
#36200
b1001 (
1#
#36210
0#
#36220
b1010 (
1#
#36230
0#
#36240
b1011 (
1#
#36250
0#
#36260
b1100 (
1#
#36270
0#
#36280
b0 (
1#
#36290
0#
#36300
1!
b1 (
1#
#36310
0#
#36320
b10 (
1#
#36330
0#
#36340
b11 (
1#
#36350
0#
#36360
b100 (
1#
#36370
0#
#36380
0!
b101 (
1#
#36390
0#
#36400
b110 (
1#
#36410
0#
#36420
b111 (
1#
#36430
0#
#36440
b1000 (
1#
#36450
0#
#36460
b1001 (
1#
#36470
0#
#36480
b1010 (
1#
#36490
0#
#36500
b1011 (
1#
#36510
0#
#36520
b1100 (
1#
#36530
0#
#36540
b0 (
1#
#36550
0#
#36560
1!
b1 (
1#
#36570
0#
#36580
b10 (
1#
#36590
0#
#36600
b11 (
1#
#36610
0#
#36620
b100 (
1#
#36630
0#
#36640
0!
b101 (
1#
#36650
0#
#36660
b110 (
1#
#36670
0#
#36680
b111 (
1#
#36690
0#
#36700
b1000 (
1#
#36710
0#
#36720
b1001 (
1#
#36730
0#
#36740
b1010 (
1#
#36750
0#
#36760
b1011 (
1#
#36770
0#
#36780
b1100 (
1#
#36790
0#
#36800
b0 (
1#
#36810
0#
#36820
1!
b1 (
1#
#36830
0#
#36840
b10 (
1#
#36850
0#
#36860
b11 (
1#
#36870
0#
#36880
b100 (
1#
#36890
0#
#36900
0!
b101 (
1#
#36910
0#
#36920
b110 (
1#
#36930
0#
#36940
b111 (
1#
#36950
0#
#36960
b1000 (
1#
#36970
0#
#36980
b1001 (
1#
#36990
0#
#37000
b1010 (
1#
#37010
0#
#37020
b1011 (
1#
#37030
0#
#37040
b1100 (
1#
#37050
0#
#37060
b0 (
1#
#37070
0#
#37080
1!
b1 (
1#
#37090
0#
#37100
b10 (
1#
#37110
0#
#37120
b11 (
1#
#37130
0#
#37140
b100 (
1#
#37150
0#
#37160
0!
b101 (
1#
#37170
0#
#37180
b110 (
1#
#37190
0#
#37200
b111 (
1#
#37210
0#
#37220
b1000 (
1#
#37230
0#
#37240
b1001 (
1#
#37250
0#
#37260
b1010 (
1#
#37270
0#
#37280
b1011 (
1#
#37290
0#
#37300
b1100 (
1#
#37310
0#
#37320
b0 (
1#
#37330
0#
#37340
1!
b1 (
1#
#37350
0#
#37360
b10 (
1#
#37370
0#
#37380
b11 (
1#
#37390
0#
#37400
b100 (
1#
#37410
0#
#37420
0!
b101 (
1#
#37430
0#
#37440
b110 (
1#
#37450
0#
#37460
b111 (
1#
#37470
0#
#37480
b1000 (
1#
#37490
0#
#37500
b1001 (
1#
#37510
0#
#37520
b1010 (
1#
#37530
0#
#37540
b1011 (
1#
#37550
0#
#37560
b1100 (
1#
#37570
0#
#37580
b0 (
1#
#37590
0#
#37600
1!
b1 (
1#
#37610
0#
#37620
b10 (
1#
#37630
0#
#37640
b11 (
1#
#37650
0#
#37660
b100 (
1#
#37670
0#
#37680
0!
b101 (
1#
#37690
0#
#37700
b110 (
1#
#37710
0#
#37720
b111 (
1#
#37730
0#
#37740
b1000 (
1#
#37750
0#
#37760
b1001 (
1#
#37770
0#
#37780
b1010 (
1#
#37790
0#
#37800
b1011 (
1#
#37810
0#
#37820
b1100 (
1#
#37830
0#
#37840
b0 (
1#
#37850
0#
#37860
1!
b1 (
1#
#37870
0#
#37880
b10 (
1#
#37890
0#
#37900
b11 (
1#
#37910
0#
#37920
b100 (
1#
#37930
0#
#37940
0!
b101 (
1#
#37950
0#
#37960
b110 (
1#
#37970
0#
#37980
b111 (
1#
#37990
0#
#38000
b1000 (
1#
#38010
0#
#38020
b1001 (
1#
#38030
0#
#38040
b1010 (
1#
#38050
0#
#38060
b1011 (
1#
#38070
0#
#38080
b1100 (
1#
#38090
0#
#38100
b0 (
1#
#38110
0#
#38120
1!
b1 (
1#
#38130
0#
#38140
b10 (
1#
#38150
0#
#38160
b11 (
1#
#38170
0#
#38180
b100 (
1#
#38190
0#
#38200
0!
b101 (
1#
#38210
0#
#38220
b110 (
1#
#38230
0#
#38240
b111 (
1#
#38250
0#
#38260
b1000 (
1#
#38270
0#
#38280
b1001 (
1#
#38290
0#
#38300
b1010 (
1#
#38310
0#
#38320
b1011 (
1#
#38330
0#
#38340
b1100 (
1#
#38350
0#
#38360
b0 (
1#
#38370
0#
#38380
1!
b1 (
1#
#38390
0#
#38400
b10 (
1#
#38410
0#
#38420
b11 (
1#
#38430
0#
#38440
b100 (
1#
#38450
0#
#38460
0!
b101 (
1#
#38470
0#
#38480
b110 (
1#
#38490
0#
#38500
b111 (
1#
#38510
0#
#38520
b1000 (
1#
#38530
0#
#38540
b1001 (
1#
#38550
0#
#38560
b1010 (
1#
#38570
0#
#38580
b1011 (
1#
#38590
0#
#38600
b1100 (
1#
#38610
0#
#38620
b0 (
1#
#38630
0#
#38640
1!
b1 (
1#
#38650
0#
#38660
b10 (
1#
#38670
0#
#38680
b11 (
1#
#38690
0#
#38700
b100 (
1#
#38710
0#
#38720
0!
b101 (
1#
#38730
0#
#38740
b110 (
1#
#38750
0#
#38760
b111 (
1#
#38770
0#
#38780
b1000 (
1#
#38790
0#
#38800
b1001 (
1#
#38810
0#
#38820
b1010 (
1#
#38830
0#
#38840
b1011 (
1#
#38850
0#
#38860
b1100 (
1#
#38870
0#
#38880
b0 (
1#
#38890
0#
#38900
1!
b1 (
1#
#38910
0#
#38920
b10 (
1#
#38930
0#
#38940
b11 (
1#
#38950
0#
#38960
b100 (
1#
#38970
0#
#38980
0!
b101 (
1#
#38990
0#
#39000
b110 (
1#
#39010
0#
#39020
b111 (
1#
#39030
0#
#39040
b1000 (
1#
#39050
0#
#39060
b1001 (
1#
#39070
0#
#39080
b1010 (
1#
#39090
0#
#39100
b1011 (
1#
#39110
0#
#39120
b1100 (
1#
#39130
0#
#39140
b0 (
1#
#39150
0#
#39160
1!
b1 (
1#
#39170
0#
#39180
b10 (
1#
#39190
0#
#39200
b11 (
1#
#39210
0#
#39220
b100 (
1#
#39230
0#
#39240
0!
b101 (
1#
#39250
0#
#39260
b110 (
1#
#39270
0#
#39280
b111 (
1#
#39290
0#
#39300
b1000 (
1#
#39310
0#
#39320
b1001 (
1#
#39330
0#
#39340
b1010 (
1#
#39350
0#
#39360
b1011 (
1#
#39370
0#
#39380
b1100 (
1#
#39390
0#
#39400
b0 (
1#
#39410
0#
#39420
1!
b1 (
1#
#39430
0#
#39440
b10 (
1#
#39450
0#
#39460
b11 (
1#
#39470
0#
#39480
b100 (
1#
#39490
0#
#39500
0!
b101 (
1#
#39510
0#
#39520
b110 (
1#
#39530
0#
#39540
b111 (
1#
#39550
0#
#39560
b1000 (
1#
#39570
0#
#39580
b1001 (
1#
#39590
0#
#39600
b1010 (
1#
#39610
0#
#39620
b1011 (
1#
#39630
0#
#39640
b1100 (
1#
#39650
0#
#39660
b0 (
1#
#39670
0#
#39680
1!
b1 (
1#
#39690
0#
#39700
b10 (
1#
#39710
0#
#39720
b11 (
1#
#39730
0#
#39740
b100 (
1#
#39750
0#
#39760
0!
b101 (
1#
#39770
0#
#39780
b110 (
1#
#39790
0#
#39800
b111 (
1#
#39810
0#
#39820
b1000 (
1#
#39830
0#
#39840
b1001 (
1#
#39850
0#
#39860
b1010 (
1#
#39870
0#
#39880
b1011 (
1#
#39890
0#
#39900
b1100 (
1#
#39910
0#
#39920
b0 (
1#
#39930
0#
#39940
1!
b1 (
1#
#39950
0#
#39960
b10 (
1#
#39970
0#
#39980
b11 (
1#
#39990
0#
#40000
b100 (
1#
#40010
0#
#40020
0!
b101 (
1#
#40030
0#
#40040
b110 (
1#
#40050
0#
#40060
b111 (
1#
#40070
0#
#40080
b1000 (
1#
#40090
0#
#40100
b1001 (
1#
#40110
0#
#40120
b1010 (
1#
#40130
0#
#40140
b1011 (
1#
#40150
0#
#40160
b1100 (
1#
#40170
0#
#40180
b0 (
1#
#40190
0#
#40200
1!
b1 (
1#
#40210
0#
#40220
b10 (
1#
#40230
0#
#40240
b11 (
1#
#40250
0#
#40260
b100 (
1#
#40270
0#
#40280
0!
b101 (
1#
#40290
0#
#40300
b110 (
1#
#40310
0#
#40320
b111 (
1#
#40330
0#
#40340
b1000 (
1#
#40350
0#
#40360
b1001 (
1#
#40370
0#
#40380
b1010 (
1#
#40390
0#
#40400
b1011 (
1#
#40410
0#
#40420
b1100 (
1#
#40430
0#
#40440
b0 (
1#
#40450
0#
#40460
1!
b1 (
1#
#40470
0#
#40480
b10 (
1#
#40490
0#
#40500
b11 (
1#
#40510
0#
#40520
b100 (
1#
#40530
0#
#40540
0!
b101 (
1#
#40550
0#
#40560
b110 (
1#
#40570
0#
#40580
b111 (
1#
#40590
0#
#40600
b1000 (
1#
#40610
0#
#40620
b1001 (
1#
#40630
0#
#40640
b1010 (
1#
#40650
0#
#40660
b1011 (
1#
#40670
0#
#40680
b1100 (
1#
#40690
0#
#40700
b0 (
1#
#40710
0#
#40720
1!
b1 (
1#
#40730
0#
#40740
b10 (
1#
#40750
0#
#40760
b11 (
1#
#40770
0#
#40780
b100 (
1#
#40790
0#
#40800
0!
b101 (
1#
#40810
0#
#40820
b110 (
1#
#40830
0#
#40840
b111 (
1#
#40850
0#
#40860
b1000 (
1#
#40870
0#
#40880
b1001 (
1#
#40890
0#
#40900
b1010 (
1#
#40910
0#
#40920
b1011 (
1#
#40930
0#
#40940
b1100 (
1#
#40950
0#
#40960
b0 (
1#
#40970
0#
#40980
1!
b1 (
1#
#40990
0#
#41000
b10 (
1#
#41010
0#
#41020
b11 (
1#
#41030
0#
#41040
b100 (
1#
#41050
0#
#41060
0!
b101 (
1#
#41070
0#
#41080
b110 (
1#
#41090
0#
#41100
b111 (
1#
#41110
0#
#41120
b1000 (
1#
#41130
0#
#41140
b1001 (
1#
#41150
0#
#41160
b1010 (
1#
#41170
0#
#41180
b1011 (
1#
#41190
0#
#41200
b1100 (
1#
#41210
0#
#41220
b0 (
1#
#41230
0#
#41240
1!
b1 (
1#
#41250
0#
#41260
b10 (
1#
#41270
0#
#41280
b11 (
1#
#41290
0#
#41300
b100 (
1#
#41310
0#
#41320
0!
b101 (
1#
#41330
0#
#41340
b110 (
1#
#41350
0#
#41360
b111 (
1#
#41370
0#
#41380
b1000 (
1#
#41390
0#
#41400
b1001 (
1#
#41410
0#
#41420
b1010 (
1#
#41430
0#
#41440
b1011 (
1#
#41450
0#
#41460
b1100 (
1#
#41470
0#
#41480
b0 (
1#
#41490
0#
#41500
1!
b1 (
1#
#41510
0#
#41520
b10 (
1#
#41530
0#
#41540
b11 (
1#
#41550
0#
#41560
b100 (
1#
#41570
0#
#41580
0!
b101 (
1#
#41590
0#
#41600
b110 (
1#
#41610
0#
#41620
b111 (
1#
#41630
0#
#41640
b1000 (
1#
#41650
0#
#41660
b1001 (
1#
#41670
0#
#41680
b1010 (
1#
#41690
0#
#41700
b1011 (
1#
#41710
0#
#41720
b1100 (
1#
#41730
0#
#41740
b0 (
1#
#41750
0#
#41760
1!
b1 (
1#
#41770
0#
#41780
b10 (
1#
#41790
0#
#41800
b11 (
1#
#41810
0#
#41820
b100 (
1#
#41830
0#
#41840
0!
b101 (
1#
#41850
0#
#41860
b110 (
1#
#41870
0#
#41880
b111 (
1#
#41890
0#
#41900
b1000 (
1#
#41910
0#
#41920
b1001 (
1#
#41930
0#
#41940
b1010 (
1#
#41950
0#
#41960
b1011 (
1#
#41970
0#
#41980
b1100 (
1#
#41990
0#
#42000
b0 (
1#
#42010
0#
#42020
1!
b1 (
1#
#42030
0#
#42040
b10 (
1#
#42050
0#
#42060
b11 (
1#
#42070
0#
#42080
b100 (
1#
#42090
0#
#42100
0!
b101 (
1#
#42110
0#
#42120
b110 (
1#
#42130
0#
#42140
b111 (
1#
#42150
0#
#42160
b1000 (
1#
#42170
0#
#42180
b1001 (
1#
#42190
0#
#42200
b1010 (
1#
#42210
0#
#42220
b1011 (
1#
#42230
0#
#42240
b1100 (
1#
#42250
0#
#42260
b0 (
1#
#42270
0#
#42280
1!
b1 (
1#
#42290
0#
#42300
b10 (
1#
#42310
0#
#42320
b11 (
1#
#42330
0#
#42340
b100 (
1#
#42350
0#
#42360
0!
b101 (
1#
#42370
0#
#42380
b110 (
1#
#42390
0#
#42400
b111 (
1#
#42410
0#
#42420
b1000 (
1#
#42430
0#
#42440
b1001 (
1#
#42450
0#
#42460
b1010 (
1#
#42470
0#
#42480
b1011 (
1#
#42490
0#
#42500
b1100 (
1#
#42510
0#
#42520
b0 (
1#
#42530
0#
#42540
1!
b1 (
1#
#42550
0#
#42560
b10 (
1#
#42570
0#
#42580
b11 (
1#
#42590
0#
#42600
b100 (
1#
#42610
0#
#42620
0!
b101 (
1#
#42630
0#
#42640
b110 (
1#
#42650
0#
#42660
b111 (
1#
#42670
0#
#42680
b1000 (
1#
#42690
0#
#42700
b1001 (
1#
#42710
0#
#42720
b1010 (
1#
#42730
0#
#42740
b1011 (
1#
#42750
0#
#42760
b1100 (
1#
#42770
0#
#42780
b0 (
1#
#42790
0#
#42800
1!
b1 (
1#
#42810
0#
#42820
b10 (
1#
#42830
0#
#42840
b11 (
1#
#42850
0#
#42860
b100 (
1#
#42870
0#
#42880
0!
b101 (
1#
#42890
0#
#42900
b110 (
1#
#42910
0#
#42920
b111 (
1#
#42930
0#
#42940
b1000 (
1#
#42950
0#
#42960
b1001 (
1#
#42970
0#
#42980
b1010 (
1#
#42990
0#
#43000
b1011 (
1#
#43010
0#
#43020
b1100 (
1#
#43030
0#
#43040
b0 (
1#
#43050
0#
#43060
1!
b1 (
1#
#43070
0#
#43080
b10 (
1#
#43090
0#
#43100
b11 (
1#
#43110
0#
#43120
b100 (
1#
#43130
0#
#43140
0!
b101 (
1#
#43150
0#
#43160
b110 (
1#
#43170
0#
#43180
b111 (
1#
#43190
0#
#43200
b1000 (
1#
#43210
0#
#43220
b1001 (
1#
#43230
0#
#43240
b1010 (
1#
#43250
0#
#43260
b1011 (
1#
#43270
0#
#43280
b1100 (
1#
#43290
0#
#43300
b0 (
1#
#43310
0#
#43320
1!
b1 (
1#
#43330
0#
#43340
b10 (
1#
#43350
0#
#43360
b11 (
1#
#43370
0#
#43380
b100 (
1#
#43390
0#
#43400
0!
b101 (
1#
#43410
0#
#43420
b110 (
1#
#43430
0#
#43440
b111 (
1#
#43450
0#
#43460
b1000 (
1#
#43470
0#
#43480
b1001 (
1#
#43490
0#
#43500
b1010 (
1#
#43510
0#
#43520
b1011 (
1#
#43530
0#
#43540
b1100 (
1#
#43550
0#
#43560
b0 (
1#
#43570
0#
#43580
1!
b1 (
1#
#43590
0#
#43600
b10 (
1#
#43610
0#
#43620
b11 (
1#
#43630
0#
#43640
b100 (
1#
#43650
0#
#43660
0!
b101 (
1#
#43670
0#
#43680
b110 (
1#
#43690
0#
#43700
b111 (
1#
#43710
0#
#43720
b1000 (
1#
#43730
0#
#43740
b1001 (
1#
#43750
0#
#43760
b1010 (
1#
#43770
0#
#43780
b1011 (
1#
#43790
0#
#43800
b1100 (
1#
#43810
0#
#43820
b0 (
1#
#43830
0#
#43840
1!
b1 (
1#
#43850
0#
#43860
b10 (
1#
#43870
0#
#43880
b11 (
1#
#43890
0#
#43900
b100 (
1#
#43910
0#
#43920
0!
b101 (
1#
#43930
0#
#43940
b110 (
1#
#43950
0#
#43960
b111 (
1#
#43970
0#
#43980
b1000 (
1#
#43990
0#
#44000
b1001 (
1#
#44010
0#
#44020
b1010 (
1#
#44030
0#
#44040
b1011 (
1#
#44050
0#
#44060
b1100 (
1#
#44070
0#
#44080
b0 (
1#
#44090
0#
#44100
1!
b1 (
1#
#44110
0#
#44120
b10 (
1#
#44130
0#
#44140
b11 (
1#
#44150
0#
#44160
b100 (
1#
#44170
0#
#44180
0!
b101 (
1#
#44190
0#
#44200
b110 (
1#
#44210
0#
#44220
b111 (
1#
#44230
0#
#44240
b1000 (
1#
#44250
0#
#44260
b1001 (
1#
#44270
0#
#44280
b1010 (
1#
#44290
0#
#44300
b1011 (
1#
#44310
0#
#44320
b1100 (
1#
#44330
0#
#44340
b0 (
1#
#44350
0#
#44360
1!
b1 (
1#
#44370
0#
#44380
b10 (
1#
#44390
0#
#44400
b11 (
1#
#44410
0#
#44420
b100 (
1#
#44430
0#
#44440
0!
b101 (
1#
#44450
0#
#44460
b110 (
1#
#44470
0#
#44480
b111 (
1#
#44490
0#
#44500
b1000 (
1#
#44510
0#
#44520
b1001 (
1#
#44530
0#
#44540
b1010 (
1#
#44550
0#
#44560
b1011 (
1#
#44570
0#
#44580
b1100 (
1#
#44590
0#
#44600
b0 (
1#
#44610
0#
#44620
1!
b1 (
1#
#44630
0#
#44640
b10 (
1#
#44650
0#
#44660
b11 (
1#
#44670
0#
#44680
b100 (
1#
#44690
0#
#44700
0!
b101 (
1#
#44710
0#
#44720
b110 (
1#
#44730
0#
#44740
b111 (
1#
#44750
0#
#44760
b1000 (
1#
#44770
0#
#44780
b1001 (
1#
#44790
0#
#44800
b1010 (
1#
#44810
0#
#44820
b1011 (
1#
#44830
0#
#44840
b1100 (
1#
#44850
0#
#44860
b0 (
1#
#44870
0#
#44880
1!
b1 (
1#
#44890
0#
#44900
b10 (
1#
#44910
0#
#44920
b11 (
1#
#44930
0#
#44940
b100 (
1#
#44950
0#
#44960
0!
b101 (
1#
#44970
0#
#44980
b110 (
1#
#44990
0#
#45000
b111 (
1#
#45010
0#
#45020
b1000 (
1#
#45030
0#
#45040
b1001 (
1#
#45050
0#
#45060
b1010 (
1#
#45070
0#
#45080
b1011 (
1#
#45090
0#
#45100
b1100 (
1#
#45110
0#
#45120
b0 (
1#
#45130
0#
#45140
1!
b1 (
1#
#45150
0#
#45160
b10 (
1#
#45170
0#
#45180
b11 (
1#
#45190
0#
#45200
b100 (
1#
#45210
0#
#45220
0!
b101 (
1#
#45230
0#
#45240
b110 (
1#
#45250
0#
#45260
b111 (
1#
#45270
0#
#45280
b1000 (
1#
#45290
0#
#45300
b1001 (
1#
#45310
0#
#45320
b1010 (
1#
#45330
0#
#45340
b1011 (
1#
#45350
0#
#45360
b1100 (
1#
#45370
0#
#45380
b0 (
1#
#45390
0#
#45400
1!
b1 (
1#
#45410
0#
#45420
b10 (
1#
#45430
0#
#45440
b11 (
1#
#45450
0#
#45460
b100 (
1#
#45470
0#
#45480
0!
b101 (
1#
#45490
0#
#45500
b110 (
1#
#45510
0#
#45520
b111 (
1#
#45530
0#
#45540
b1000 (
1#
#45550
0#
#45560
b1001 (
1#
#45570
0#
#45580
b1010 (
1#
#45590
0#
#45600
b1011 (
1#
#45610
0#
#45620
b1100 (
1#
#45630
0#
#45640
b0 (
1#
#45650
0#
#45660
1!
b1 (
1#
#45670
0#
#45680
b10 (
1#
#45690
0#
#45700
b11 (
1#
#45710
0#
#45720
b100 (
1#
#45730
0#
#45740
0!
b101 (
1#
#45750
0#
#45760
b110 (
1#
#45770
0#
#45780
b111 (
1#
#45790
0#
#45800
b1000 (
1#
#45810
0#
#45820
b1001 (
1#
#45830
0#
#45840
b1010 (
1#
#45850
0#
#45860
b1011 (
1#
#45870
0#
#45880
b1100 (
1#
#45890
0#
#45900
b0 (
1#
#45910
0#
#45920
1!
b1 (
1#
#45930
0#
#45940
b10 (
1#
#45950
0#
#45960
b11 (
1#
#45970
0#
#45980
b100 (
1#
#45990
0#
#46000
0!
b101 (
1#
#46010
0#
#46020
b110 (
1#
#46030
0#
#46040
b111 (
1#
#46050
0#
#46060
b1000 (
1#
#46070
0#
#46080
b1001 (
1#
#46090
0#
#46100
b1010 (
1#
#46110
0#
#46120
b1011 (
1#
#46130
0#
#46140
b1100 (
1#
#46150
0#
#46160
b0 (
1#
#46170
0#
#46180
1!
b1 (
1#
#46190
0#
#46200
b10 (
1#
#46210
0#
#46220
b11 (
1#
#46230
0#
#46240
b100 (
1#
#46250
0#
#46260
0!
b101 (
1#
#46270
0#
#46280
b110 (
1#
#46290
0#
#46300
b111 (
1#
#46310
0#
#46320
b1000 (
1#
#46330
0#
#46340
b1001 (
1#
#46350
0#
#46360
b1010 (
1#
#46370
0#
#46380
b1011 (
1#
#46390
0#
#46400
b1100 (
1#
#46410
0#
#46420
b0 (
1#
#46430
0#
#46440
1!
b1 (
1#
#46450
0#
#46460
b10 (
1#
#46470
0#
#46480
b11 (
1#
#46490
0#
#46500
b100 (
1#
#46510
0#
#46520
0!
b101 (
1#
#46530
0#
#46540
b110 (
1#
#46550
0#
#46560
b111 (
1#
#46570
0#
#46580
b1000 (
1#
#46590
0#
#46600
b1001 (
1#
#46610
0#
#46620
b1010 (
1#
#46630
0#
#46640
b1011 (
1#
#46650
0#
#46660
b1100 (
1#
#46670
0#
#46680
b0 (
1#
#46690
0#
#46700
1!
b1 (
1#
#46710
0#
#46720
b10 (
1#
#46730
0#
#46740
b11 (
1#
#46750
0#
#46760
b100 (
1#
#46770
0#
#46780
0!
b101 (
1#
#46790
0#
#46800
b110 (
1#
#46810
0#
#46820
b111 (
1#
#46830
0#
#46840
b1000 (
1#
#46850
0#
#46860
b1001 (
1#
#46870
0#
#46880
b1010 (
1#
#46890
0#
#46900
b1011 (
1#
#46910
0#
#46920
b1100 (
1#
#46930
0#
#46940
b0 (
1#
#46950
0#
#46960
1!
b1 (
1#
#46970
0#
#46980
b10 (
1#
#46990
0#
#47000
b11 (
1#
#47010
0#
#47020
b100 (
1#
#47030
0#
#47040
0!
b101 (
1#
#47050
0#
#47060
b110 (
1#
#47070
0#
#47080
b111 (
1#
#47090
0#
#47100
b1000 (
1#
#47110
0#
#47120
b1001 (
1#
#47130
0#
#47140
b1010 (
1#
#47150
0#
#47160
b1011 (
1#
#47170
0#
#47180
b1100 (
1#
#47190
0#
#47200
b0 (
1#
#47210
0#
#47220
1!
b1 (
1#
#47230
0#
#47240
b10 (
1#
#47250
0#
#47260
b11 (
1#
#47270
0#
#47280
b100 (
1#
#47290
0#
#47300
0!
b101 (
1#
#47310
0#
#47320
b110 (
1#
#47330
0#
#47340
b111 (
1#
#47350
0#
#47360
b1000 (
1#
#47370
0#
#47380
b1001 (
1#
#47390
0#
#47400
b1010 (
1#
#47410
0#
#47420
b1011 (
1#
#47430
0#
#47440
b1100 (
1#
#47450
0#
#47460
b0 (
1#
#47470
0#
#47480
1!
b1 (
1#
#47490
0#
#47500
b10 (
1#
#47510
0#
#47520
b11 (
1#
#47530
0#
#47540
b100 (
1#
#47550
0#
#47560
0!
b101 (
1#
#47570
0#
#47580
b110 (
1#
#47590
0#
#47600
b111 (
1#
#47610
0#
#47620
b1000 (
1#
#47630
0#
#47640
b1001 (
1#
#47650
0#
#47660
b1010 (
1#
#47670
0#
#47680
b1011 (
1#
#47690
0#
#47700
b1100 (
1#
#47710
0#
#47720
b0 (
1#
#47730
0#
#47740
1!
b1 (
1#
#47750
0#
#47760
b10 (
1#
#47770
0#
#47780
b11 (
1#
#47790
0#
#47800
b100 (
1#
#47810
0#
#47820
0!
b101 (
1#
#47830
0#
#47840
b110 (
1#
#47850
0#
#47860
b111 (
1#
#47870
0#
#47880
b1000 (
1#
#47890
0#
#47900
b1001 (
1#
#47910
0#
#47920
b1010 (
1#
#47930
0#
#47940
b1011 (
1#
#47950
0#
#47960
b1100 (
1#
#47970
0#
#47980
b0 (
1#
#47990
0#
#48000
1!
b1 (
1#
#48010
0#
#48020
b10 (
1#
#48030
0#
#48040
b11 (
1#
#48050
0#
#48060
b100 (
1#
#48070
0#
#48080
0!
b101 (
1#
#48090
0#
#48100
b110 (
1#
#48110
0#
#48120
b111 (
1#
#48130
0#
#48140
b1000 (
1#
#48150
0#
#48160
b1001 (
1#
#48170
0#
#48180
b1010 (
1#
#48190
0#
#48200
b1011 (
1#
#48210
0#
#48220
b1100 (
1#
#48230
0#
#48240
b0 (
1#
#48250
0#
#48260
1!
b1 (
1#
#48270
0#
#48280
b10 (
1#
#48290
0#
#48300
b11 (
1#
#48310
0#
#48320
b100 (
1#
#48330
0#
#48340
0!
b101 (
1#
#48350
0#
#48360
b110 (
1#
#48370
0#
#48380
b111 (
1#
#48390
0#
#48400
b1000 (
1#
#48410
0#
#48420
b1001 (
1#
#48430
0#
#48440
b1010 (
1#
#48450
0#
#48460
b1011 (
1#
#48470
0#
#48480
b1100 (
1#
#48490
0#
#48500
b0 (
1#
#48510
0#
#48520
1!
b1 (
1#
#48530
0#
#48540
b10 (
1#
#48550
0#
#48560
b11 (
1#
#48570
0#
#48580
b100 (
1#
#48590
0#
#48600
0!
b101 (
1#
#48610
0#
#48620
b110 (
1#
#48630
0#
#48640
b111 (
1#
#48650
0#
#48660
b1000 (
1#
#48670
0#
#48680
b1001 (
1#
#48690
0#
#48700
b1010 (
1#
#48710
0#
#48720
b1011 (
1#
#48730
0#
#48740
b1100 (
1#
#48750
0#
#48760
b0 (
1#
#48770
0#
#48780
1!
b1 (
1#
#48790
0#
#48800
b10 (
1#
#48810
0#
#48820
b11 (
1#
#48830
0#
#48840
b100 (
1#
#48850
0#
#48860
0!
b101 (
1#
#48870
0#
#48880
b110 (
1#
#48890
0#
#48900
b111 (
1#
#48910
0#
#48920
b1000 (
1#
#48930
0#
#48940
b1001 (
1#
#48950
0#
#48960
b1010 (
1#
#48970
0#
#48980
b1011 (
1#
#48990
0#
#49000
b1100 (
1#
#49010
0#
#49020
b0 (
1#
#49030
0#
#49040
1!
b1 (
1#
#49050
0#
#49060
b10 (
1#
#49070
0#
#49080
b11 (
1#
#49090
0#
#49100
b100 (
1#
#49110
0#
#49120
0!
b101 (
1#
#49130
0#
#49140
b110 (
1#
#49150
0#
#49160
b111 (
1#
#49170
0#
#49180
b1000 (
1#
#49190
0#
#49200
b1001 (
1#
#49210
0#
#49220
b1010 (
1#
#49230
0#
#49240
b1011 (
1#
#49250
0#
#49260
b1100 (
1#
#49270
0#
#49280
b0 (
1#
#49290
0#
#49300
1!
b1 (
1#
#49310
0#
#49320
b10 (
1#
#49330
0#
#49340
b11 (
1#
#49350
0#
#49360
b100 (
1#
#49370
0#
#49380
0!
b101 (
1#
#49390
0#
#49400
b110 (
1#
#49410
0#
#49420
b111 (
1#
#49430
0#
#49440
b1000 (
1#
#49450
0#
#49460
b1001 (
1#
#49470
0#
#49480
b1010 (
1#
#49490
0#
#49500
b1011 (
1#
#49510
0#
#49520
b1100 (
1#
#49530
0#
#49540
b0 (
1#
#49550
0#
#49560
1!
b1 (
1#
#49570
0#
#49580
b10 (
1#
#49590
0#
#49600
b11 (
1#
#49610
0#
#49620
b100 (
1#
#49630
0#
#49640
0!
b101 (
1#
#49650
0#
#49660
b110 (
1#
#49670
0#
#49680
b111 (
1#
#49690
0#
#49700
b1000 (
1#
#49710
0#
#49720
b1001 (
1#
#49730
0#
#49740
b1010 (
1#
#49750
0#
#49760
b1011 (
1#
#49770
0#
#49780
b1100 (
1#
#49790
0#
#49800
b0 (
1#
#49810
0#
#49820
1!
b1 (
1#
#49830
0#
#49840
b10 (
1#
#49850
0#
#49860
b11 (
1#
#49870
0#
#49880
b100 (
1#
#49890
0#
#49900
0!
b101 (
1#
#49910
0#
#49920
b110 (
1#
#49930
0#
#49940
b111 (
1#
#49950
0#
#49960
b1000 (
1#
#49970
0#
#49980
b1001 (
1#
#49990
0#
#50000
b1010 (
1#
#50010
0#
#50020
b1011 (
1#
#50030
0#
#50040
b1100 (
1#
#50050
0#
#50060
b0 (
1#
#50070
0#
#50080
1!
b1 (
1#
#50090
0#
#50100
b10 (
1#
#50110
0#
#50120
b11 (
1#
#50130
0#
#50140
b100 (
1#
#50150
0#
#50160
0!
b101 (
1#
#50170
0#
#50180
b110 (
1#
#50190
0#
#50200
b111 (
1#
#50210
0#
#50220
b1000 (
1#
#50230
0#
#50240
b1001 (
1#
#50250
0#
#50260
b1010 (
1#
#50270
0#
#50280
b1011 (
1#
#50290
0#
#50300
b1100 (
1#
#50310
0#
#50320
b0 (
1#
#50330
0#
#50340
1!
b1 (
1#
#50350
0#
#50360
b10 (
1#
#50370
0#
#50380
b11 (
1#
#50390
0#
#50400
b100 (
1#
#50410
0#
#50420
0!
b101 (
1#
#50430
0#
#50440
b110 (
1#
#50450
0#
#50460
b111 (
1#
#50470
0#
#50480
b1000 (
1#
#50490
0#
#50500
b1001 (
1#
#50510
0#
#50520
b1010 (
1#
#50530
0#
#50540
b1011 (
1#
#50550
0#
#50560
b1100 (
1#
#50570
0#
#50580
b0 (
1#
#50590
0#
#50600
1!
b1 (
1#
#50610
0#
#50620
b10 (
1#
#50630
0#
#50640
b11 (
1#
#50650
0#
#50660
b100 (
1#
#50670
0#
#50680
0!
b101 (
1#
#50690
0#
#50700
b110 (
1#
#50710
0#
#50720
b111 (
1#
#50730
0#
#50740
b1000 (
1#
#50750
0#
#50760
b1001 (
1#
#50770
0#
#50780
b1010 (
1#
#50790
0#
#50800
b1011 (
1#
#50810
0#
#50820
b1100 (
1#
#50830
0#
#50840
b0 (
1#
#50850
0#
#50860
1!
b1 (
1#
#50870
0#
#50880
b10 (
1#
#50890
0#
#50900
b11 (
1#
#50910
0#
#50920
b100 (
1#
#50930
0#
#50940
0!
b101 (
1#
#50950
0#
#50960
b110 (
1#
#50970
0#
#50980
b111 (
1#
#50990
0#
#51000
b1000 (
1#
#51010
0#
#51020
b1001 (
1#
#51030
0#
#51040
b1010 (
1#
#51050
0#
#51060
b1011 (
1#
#51070
0#
#51080
b1100 (
1#
#51090
0#
#51100
b0 (
1#
#51110
0#
#51120
1!
b1 (
1#
#51130
0#
#51140
b10 (
1#
#51150
0#
#51160
b11 (
1#
#51170
0#
#51180
b100 (
1#
#51190
0#
#51200
0!
b101 (
1#
#51210
0#
#51220
b110 (
1#
#51230
0#
#51240
b111 (
1#
#51250
0#
#51260
b1000 (
1#
#51270
0#
#51280
b1001 (
1#
#51290
0#
#51300
b1010 (
1#
#51310
0#
#51320
b1011 (
1#
#51330
0#
#51340
b1100 (
1#
#51350
0#
#51360
b0 (
1#
#51370
0#
#51380
1!
b1 (
1#
#51390
0#
#51400
b10 (
1#
#51410
0#
#51420
b11 (
1#
#51430
0#
#51440
b100 (
1#
#51450
0#
#51460
0!
b101 (
1#
#51470
0#
#51480
b110 (
1#
#51490
0#
#51500
b111 (
1#
#51510
0#
#51520
b1000 (
1#
#51530
0#
#51540
b1001 (
1#
#51550
0#
#51560
b1010 (
1#
#51570
0#
#51580
b1011 (
1#
#51590
0#
#51600
b1100 (
1#
#51610
0#
#51620
b0 (
1#
#51630
0#
#51640
1!
b1 (
1#
#51650
0#
#51660
b10 (
1#
#51670
0#
#51680
b11 (
1#
#51690
0#
#51700
b100 (
1#
#51710
0#
#51720
0!
b101 (
1#
#51730
0#
#51740
b110 (
1#
#51750
0#
#51760
b111 (
1#
#51770
0#
#51780
b1000 (
1#
#51790
0#
#51800
b1001 (
1#
#51810
0#
#51820
b1010 (
1#
#51830
0#
#51840
b1011 (
1#
#51850
0#
#51860
b1100 (
1#
#51870
0#
#51880
b0 (
1#
#51890
0#
#51900
1!
b1 (
1#
#51910
0#
#51920
b10 (
1#
#51930
0#
#51940
b11 (
1#
#51950
0#
#51960
b100 (
1#
#51970
0#
#51980
0!
b101 (
1#
#51990
0#
#52000
b110 (
1#
#52010
0#
#52020
b111 (
1#
#52030
0#
#52040
b1000 (
1#
#52050
0#
#52060
b1001 (
1#
#52070
0#
#52080
b1010 (
1#
#52090
0#
#52100
b1011 (
1#
#52110
0#
#52120
b1100 (
1#
#52130
0#
#52140
b0 (
1#
#52150
0#
#52160
1!
b1 (
1#
#52170
0#
#52180
b10 (
1#
#52190
0#
#52200
b11 (
1#
#52210
0#
#52220
b100 (
1#
#52230
0#
#52240
0!
b101 (
1#
#52250
0#
#52260
b110 (
1#
#52270
0#
#52280
b111 (
1#
#52290
0#
#52300
b1000 (
1#
#52310
0#
#52320
b1001 (
1#
#52330
0#
#52340
b1010 (
1#
#52350
0#
#52360
b1011 (
1#
#52370
0#
#52380
b1100 (
1#
#52390
0#
#52400
b0 (
1#
#52410
0#
#52420
1!
b1 (
1#
#52430
0#
#52440
b10 (
1#
#52450
0#
#52460
b11 (
1#
#52470
0#
#52480
b100 (
1#
#52490
0#
#52500
0!
b101 (
1#
#52510
0#
#52520
b110 (
1#
#52530
0#
#52540
b111 (
1#
#52550
0#
#52560
b1000 (
1#
#52570
0#
#52580
b1001 (
1#
#52590
0#
#52600
b1010 (
1#
#52610
0#
#52620
b1011 (
1#
#52630
0#
#52640
b1100 (
1#
#52650
0#
#52660
b0 (
1#
#52670
0#
#52680
1!
b1 (
1#
#52690
0#
#52700
b10 (
1#
#52710
0#
#52720
b11 (
1#
#52730
0#
#52740
b100 (
1#
#52750
0#
#52760
0!
b101 (
1#
#52770
0#
#52780
b110 (
1#
#52790
0#
#52800
b111 (
1#
#52810
0#
#52820
b1000 (
1#
#52830
0#
#52840
b1001 (
1#
#52850
0#
#52860
b1010 (
1#
#52870
0#
#52880
b1011 (
1#
#52890
0#
#52900
b1100 (
1#
#52910
0#
#52920
b0 (
1#
#52930
0#
#52940
1!
b1 (
1#
#52950
0#
#52960
b10 (
1#
#52970
0#
#52980
b11 (
1#
#52990
0#
#53000
b100 (
1#
#53010
0#
#53020
0!
b101 (
1#
#53030
0#
#53040
b110 (
1#
#53050
0#
#53060
b111 (
1#
#53070
0#
#53080
b1000 (
1#
#53090
0#
#53100
b1001 (
1#
#53110
0#
#53120
b1010 (
1#
#53130
0#
#53140
b1011 (
1#
#53150
0#
#53160
b1100 (
1#
#53170
0#
#53180
b0 (
1#
#53190
0#
#53200
1!
b1 (
1#
#53210
0#
#53220
b10 (
1#
#53230
0#
#53240
b11 (
1#
#53250
0#
#53260
b100 (
1#
#53270
0#
#53280
0!
b101 (
1#
#53290
0#
#53300
b110 (
1#
#53310
0#
#53320
b111 (
1#
#53330
0#
#53340
b1000 (
1#
#53350
0#
#53360
b1001 (
1#
#53370
0#
#53380
b1010 (
1#
#53390
0#
#53400
b1011 (
1#
#53410
0#
#53420
b1100 (
1#
#53430
0#
#53440
b0 (
1#
#53450
0#
#53460
1!
b1 (
1#
#53470
0#
#53480
b10 (
1#
#53490
0#
#53500
b11 (
1#
#53510
0#
#53520
b100 (
1#
#53530
0#
#53540
0!
b101 (
1#
#53550
0#
#53560
b110 (
1#
#53570
0#
#53580
b111 (
1#
#53590
0#
#53600
b1000 (
1#
#53610
0#
#53620
b1001 (
1#
#53630
0#
#53640
b1010 (
1#
#53650
0#
#53660
b1011 (
1#
#53670
0#
#53680
b1100 (
1#
#53690
0#
#53700
b0 (
1#
#53710
0#
#53720
1!
b1 (
1#
#53730
0#
#53740
b10 (
1#
#53750
0#
#53760
b11 (
1#
#53770
0#
#53780
b100 (
1#
#53790
0#
#53800
0!
b101 (
1#
#53810
0#
#53820
b110 (
1#
#53830
0#
#53840
b111 (
1#
#53850
0#
#53860
b1000 (
1#
#53870
0#
#53880
b1001 (
1#
#53890
0#
#53900
b1010 (
1#
#53910
0#
#53920
b1011 (
1#
#53930
0#
#53940
b1100 (
1#
#53950
0#
#53960
b0 (
1#
#53970
0#
#53980
1!
b1 (
1#
#53990
0#
#54000
b10 (
1#
#54010
0#
#54020
b11 (
1#
#54030
0#
#54040
b100 (
1#
#54050
0#
#54060
0!
b101 (
1#
#54070
0#
#54080
b110 (
1#
#54090
0#
#54100
b111 (
1#
#54110
0#
#54120
b1000 (
1#
#54130
0#
#54140
b1001 (
1#
#54150
0#
#54160
b1010 (
1#
#54170
0#
#54180
b1011 (
1#
#54190
0#
#54200
b1100 (
1#
#54210
0#
#54220
b0 (
1#
#54230
0#
#54240
1!
b1 (
1#
#54250
0#
#54260
b10 (
1#
#54270
0#
#54280
b11 (
1#
#54290
0#
#54300
b100 (
1#
#54310
0#
#54320
0!
b101 (
1#
#54330
0#
#54340
b110 (
1#
#54350
0#
#54360
b111 (
1#
#54370
0#
#54380
b1000 (
1#
#54390
0#
#54400
b1001 (
1#
#54410
0#
#54420
b1010 (
1#
#54430
0#
#54440
b1011 (
1#
#54450
0#
#54460
b1100 (
1#
#54470
0#
#54480
b0 (
1#
#54490
0#
#54500
1!
b1 (
1#
#54510
0#
#54520
b10 (
1#
#54530
0#
#54540
b11 (
1#
#54550
0#
#54560
b100 (
1#
#54570
0#
#54580
0!
b101 (
1#
#54590
0#
#54600
b110 (
1#
#54610
0#
#54620
b111 (
1#
#54630
0#
#54640
b1000 (
1#
#54650
0#
#54660
b1001 (
1#
#54670
0#
#54680
b1010 (
1#
#54690
0#
#54700
b1011 (
1#
#54710
0#
#54720
b1100 (
1#
#54730
0#
#54740
b0 (
1#
#54750
0#
#54760
1!
b1 (
1#
#54770
0#
#54780
b10 (
1#
#54790
0#
#54800
b11 (
1#
#54810
0#
#54820
b100 (
1#
#54830
0#
#54840
0!
b101 (
1#
#54850
0#
#54860
b110 (
1#
#54870
0#
#54880
b111 (
1#
#54890
0#
#54900
b1000 (
1#
#54910
0#
#54920
b1001 (
1#
#54930
0#
#54940
b1010 (
1#
#54950
0#
#54960
b1011 (
1#
#54970
0#
#54980
b1100 (
1#
#54990
0#
#55000
b0 (
1#
#55010
0#
#55020
1!
b1 (
1#
#55030
0#
#55040
b10 (
1#
#55050
0#
#55060
b11 (
1#
#55070
0#
#55080
b100 (
1#
#55090
0#
#55100
0!
b101 (
1#
#55110
0#
#55120
b110 (
1#
#55130
0#
#55140
b111 (
1#
#55150
0#
#55160
b1000 (
1#
#55170
0#
#55180
b1001 (
1#
#55190
0#
#55200
b1010 (
1#
#55210
0#
#55220
b1011 (
1#
#55230
0#
#55240
b1100 (
1#
#55250
0#
#55260
b0 (
1#
#55270
0#
#55280
1!
b1 (
1#
#55290
0#
#55300
b10 (
1#
#55310
0#
#55320
b11 (
1#
#55330
0#
#55340
b100 (
1#
#55350
0#
#55360
0!
b101 (
1#
#55370
0#
#55380
b110 (
1#
#55390
0#
#55400
b111 (
1#
#55410
0#
#55420
b1000 (
1#
#55430
0#
#55440
b1001 (
1#
#55450
0#
#55460
b1010 (
1#
#55470
0#
#55480
b1011 (
1#
#55490
0#
#55500
b1100 (
1#
#55510
0#
#55520
b0 (
1#
#55530
0#
#55540
1!
b1 (
1#
#55550
0#
#55560
b10 (
1#
#55570
0#
#55580
b11 (
1#
#55590
0#
#55600
b100 (
1#
#55610
0#
#55620
0!
b101 (
1#
#55630
0#
#55640
b110 (
1#
#55650
0#
#55660
b111 (
1#
#55670
0#
#55680
b1000 (
1#
#55690
0#
#55700
b1001 (
1#
#55710
0#
#55720
b1010 (
1#
#55730
0#
#55740
b1011 (
1#
#55750
0#
#55760
b1100 (
1#
#55770
0#
#55780
b0 (
1#
#55790
0#
#55800
1!
b1 (
1#
#55810
0#
#55820
b10 (
1#
#55830
0#
#55840
b11 (
1#
#55850
0#
#55860
b100 (
1#
#55870
0#
#55880
0!
b101 (
1#
#55890
0#
#55900
b110 (
1#
#55910
0#
#55920
b111 (
1#
#55930
0#
#55940
b1000 (
1#
#55950
0#
#55960
b1001 (
1#
#55970
0#
#55980
b1010 (
1#
#55990
0#
#56000
b1011 (
1#
#56010
0#
#56020
b1100 (
1#
#56030
0#
#56040
b0 (
1#
#56050
0#
#56060
1!
b1 (
1#
#56070
0#
#56080
b10 (
1#
#56090
0#
#56100
b11 (
1#
#56110
0#
#56120
b100 (
1#
#56130
0#
#56140
0!
b101 (
1#
#56150
0#
#56160
b110 (
1#
#56170
0#
#56180
b111 (
1#
#56190
0#
#56200
b1000 (
1#
#56210
0#
#56220
b1001 (
1#
#56230
0#
#56240
b1010 (
1#
#56250
0#
#56260
b1011 (
1#
#56270
0#
#56280
b1100 (
1#
#56290
0#
#56300
b0 (
1#
#56310
0#
#56320
1!
b1 (
1#
#56330
0#
#56340
b10 (
1#
#56350
0#
#56360
b11 (
1#
#56370
0#
#56380
b100 (
1#
#56390
0#
#56400
0!
b101 (
1#
#56410
0#
#56420
b110 (
1#
#56430
0#
#56440
b111 (
1#
#56450
0#
#56460
b1000 (
1#
#56470
0#
#56480
b1001 (
1#
#56490
0#
#56500
b1010 (
1#
#56510
0#
#56520
b1011 (
1#
#56530
0#
#56540
b1100 (
1#
#56550
0#
#56560
b0 (
1#
#56570
0#
#56580
1!
b1 (
1#
#56590
0#
#56600
b10 (
1#
#56610
0#
#56620
b11 (
1#
#56630
0#
#56640
b100 (
1#
#56650
0#
#56660
0!
b101 (
1#
#56670
0#
#56680
b110 (
1#
#56690
0#
#56700
b111 (
1#
#56710
0#
#56720
b1000 (
1#
#56730
0#
#56740
b1001 (
1#
#56750
0#
#56760
b1010 (
1#
#56770
0#
#56780
b1011 (
1#
#56790
0#
#56800
b1100 (
1#
#56810
0#
#56820
b0 (
1#
#56830
0#
#56840
1!
b1 (
1#
#56850
0#
#56860
b10 (
1#
#56870
0#
#56880
b11 (
1#
#56890
0#
#56900
b100 (
1#
#56910
0#
#56920
0!
b101 (
1#
#56930
0#
#56940
b110 (
1#
#56950
0#
#56960
b111 (
1#
#56970
0#
#56980
b1000 (
1#
#56990
0#
#57000
b1001 (
1#
#57010
0#
#57020
b1010 (
1#
#57030
0#
#57040
b1011 (
1#
#57050
0#
#57060
b1100 (
1#
#57070
0#
#57080
b0 (
1#
#57090
0#
#57100
1!
b1 (
1#
#57110
0#
#57120
b10 (
1#
#57130
0#
#57140
b11 (
1#
#57150
0#
#57160
b100 (
1#
#57170
0#
#57180
0!
b101 (
1#
#57190
0#
#57200
b110 (
1#
#57210
0#
#57220
b111 (
1#
#57230
0#
#57240
b1000 (
1#
#57250
0#
#57260
b1001 (
1#
#57270
0#
#57280
b1010 (
1#
#57290
0#
#57300
b1011 (
1#
#57310
0#
#57320
b1100 (
1#
#57330
0#
#57340
b0 (
1#
#57350
0#
#57360
1!
b1 (
1#
#57370
0#
#57380
b10 (
1#
#57390
0#
#57400
b11 (
1#
#57410
0#
#57420
b100 (
1#
#57430
0#
#57440
0!
b101 (
1#
#57450
0#
#57460
b110 (
1#
#57470
0#
#57480
b111 (
1#
#57490
0#
#57500
b1000 (
1#
#57510
0#
#57520
b1001 (
1#
#57530
0#
#57540
b1010 (
1#
#57550
0#
#57560
b1011 (
1#
#57570
0#
#57580
b1100 (
1#
#57590
0#
#57600
b0 (
1#
#57610
0#
#57620
1!
b1 (
1#
#57630
0#
#57640
b10 (
1#
#57650
0#
#57660
b11 (
1#
#57670
0#
#57680
b100 (
1#
#57690
0#
#57700
0!
b101 (
1#
#57710
0#
#57720
b110 (
1#
#57730
0#
#57740
b111 (
1#
#57750
0#
#57760
b1000 (
1#
#57770
0#
#57780
b1001 (
1#
#57790
0#
#57800
b1010 (
1#
#57810
0#
#57820
b1011 (
1#
#57830
0#
#57840
b1100 (
1#
#57850
0#
#57860
b0 (
1#
#57870
0#
#57880
1!
b1 (
1#
#57890
0#
#57900
b10 (
1#
#57910
0#
#57920
b11 (
1#
#57930
0#
#57940
b100 (
1#
#57950
0#
#57960
0!
b101 (
1#
#57970
0#
#57980
b110 (
1#
#57990
0#
#58000
b111 (
1#
#58010
0#
#58020
b1000 (
1#
#58030
0#
#58040
b1001 (
1#
#58050
0#
#58060
b1010 (
1#
#58070
0#
#58080
b1011 (
1#
#58090
0#
#58100
b1100 (
1#
#58110
0#
#58120
b0 (
1#
#58130
0#
#58140
1!
b1 (
1#
#58150
0#
#58160
b10 (
1#
#58170
0#
#58180
b11 (
1#
#58190
0#
#58200
b100 (
1#
#58210
0#
#58220
0!
b101 (
1#
#58230
0#
#58240
b110 (
1#
#58250
0#
#58260
b111 (
1#
#58270
0#
#58280
b1000 (
1#
#58290
0#
#58300
b1001 (
1#
#58310
0#
#58320
b1010 (
1#
#58330
0#
#58340
b1011 (
1#
#58350
0#
#58360
b1100 (
1#
#58370
0#
#58380
b0 (
1#
#58390
0#
#58400
1!
b1 (
1#
#58410
0#
#58420
b10 (
1#
#58430
0#
#58440
b11 (
1#
#58450
0#
#58460
b100 (
1#
#58470
0#
#58480
0!
b101 (
1#
#58490
0#
#58500
b110 (
1#
#58510
0#
#58520
b111 (
1#
#58530
0#
#58540
b1000 (
1#
#58550
0#
#58560
b1001 (
1#
#58570
0#
#58580
b1010 (
1#
#58590
0#
#58600
b1011 (
1#
#58610
0#
#58620
b1100 (
1#
#58630
0#
#58640
b0 (
1#
#58650
0#
#58660
1!
b1 (
1#
#58670
0#
#58680
b10 (
1#
#58690
0#
#58700
b11 (
1#
#58710
0#
#58720
b100 (
1#
#58730
0#
#58740
0!
b101 (
1#
#58750
0#
#58760
b110 (
1#
#58770
0#
#58780
b111 (
1#
#58790
0#
#58800
b1000 (
1#
#58810
0#
#58820
b1001 (
1#
#58830
0#
#58840
b1010 (
1#
#58850
0#
#58860
b1011 (
1#
#58870
0#
#58880
b1100 (
1#
#58890
0#
#58900
b0 (
1#
#58910
0#
#58920
1!
b1 (
1#
#58930
0#
#58940
b10 (
1#
#58950
0#
#58960
b11 (
1#
#58970
0#
#58980
b100 (
1#
#58990
0#
#59000
0!
b101 (
1#
#59010
0#
#59020
b110 (
1#
#59030
0#
#59040
b111 (
1#
#59050
0#
#59060
b1000 (
1#
#59070
0#
#59080
b1001 (
1#
#59090
0#
#59100
b1010 (
1#
#59110
0#
#59120
b1011 (
1#
#59130
0#
#59140
b1100 (
1#
#59150
0#
#59160
b0 (
1#
#59170
0#
#59180
1!
b1 (
1#
#59190
0#
#59200
b10 (
1#
#59210
0#
#59220
b11 (
1#
#59230
0#
#59240
b100 (
1#
#59250
0#
#59260
0!
b101 (
1#
#59270
0#
#59280
b110 (
1#
#59290
0#
#59300
b111 (
1#
#59310
0#
#59320
b1000 (
1#
#59330
0#
#59340
b1001 (
1#
#59350
0#
#59360
b1010 (
1#
#59370
0#
#59380
b1011 (
1#
#59390
0#
#59400
b1100 (
1#
#59410
0#
#59420
b0 (
1#
#59430
0#
#59440
1!
b1 (
1#
#59450
0#
#59460
b10 (
1#
#59470
0#
#59480
b11 (
1#
#59490
0#
#59500
b100 (
1#
#59510
0#
#59520
0!
b101 (
1#
#59530
0#
#59540
b110 (
1#
#59550
0#
#59560
b111 (
1#
#59570
0#
#59580
b1000 (
1#
#59590
0#
#59600
b1001 (
1#
#59610
0#
#59620
b1010 (
1#
#59630
0#
#59640
b1011 (
1#
#59650
0#
#59660
b1100 (
1#
#59670
0#
#59680
b0 (
1#
#59690
0#
#59700
1!
b1 (
1#
#59710
0#
#59720
b10 (
1#
#59730
0#
#59740
b11 (
1#
#59750
0#
#59760
b100 (
1#
#59770
0#
#59780
0!
b101 (
1#
#59790
0#
#59800
b110 (
1#
#59810
0#
#59820
b111 (
1#
#59830
0#
#59840
b1000 (
1#
#59850
0#
#59860
b1001 (
1#
#59870
0#
#59880
b1010 (
1#
#59890
0#
#59900
b1011 (
1#
#59910
0#
#59920
b1100 (
1#
#59930
0#
#59940
b0 (
1#
#59950
0#
#59960
1!
b1 (
1#
#59970
0#
#59980
b10 (
1#
#59990
0#
#60000
b11 (
1#
#60010
0#
#60020
b100 (
1#
#60030
0#
#60040
0!
b101 (
1#
#60050
0#
#60060
b110 (
1#
#60070
0#
#60080
b111 (
1#
#60090
0#
#60100
b1000 (
1#
#60110
0#
#60120
b1001 (
1#
#60130
0#
#60140
b1010 (
1#
#60150
0#
#60160
b1011 (
1#
#60170
0#
#60180
b1100 (
1#
#60190
0#
#60200
b0 (
1#
#60210
0#
#60220
1!
b1 (
1#
#60230
0#
#60240
b10 (
1#
#60250
0#
#60260
b11 (
1#
#60270
0#
#60280
b100 (
1#
#60290
0#
#60300
0!
b101 (
1#
#60310
0#
#60320
b110 (
1#
#60330
0#
#60340
b111 (
1#
#60350
0#
#60360
b1000 (
1#
#60370
0#
#60380
b1001 (
1#
#60390
0#
#60400
b1010 (
1#
#60410
0#
#60420
b1011 (
1#
#60430
0#
#60440
b1100 (
1#
#60450
0#
#60460
b0 (
1#
#60470
0#
#60480
1!
b1 (
1#
#60490
0#
#60500
b10 (
1#
#60510
0#
#60520
b11 (
1#
#60530
0#
#60540
b100 (
1#
#60550
0#
#60560
0!
b101 (
1#
#60570
0#
#60580
b110 (
1#
#60590
0#
#60600
b111 (
1#
#60610
0#
#60620
b1000 (
1#
#60630
0#
#60640
b1001 (
1#
#60650
0#
#60660
b1010 (
1#
#60670
0#
#60680
b1011 (
1#
#60690
0#
#60700
b1100 (
1#
#60710
0#
#60720
b0 (
1#
#60730
0#
#60740
1!
b1 (
1#
#60750
0#
#60760
b10 (
1#
#60770
0#
#60780
b11 (
1#
#60790
0#
#60800
b100 (
1#
#60810
0#
#60820
0!
b101 (
1#
#60830
0#
#60840
b110 (
1#
#60850
0#
#60860
b111 (
1#
#60870
0#
#60880
b1000 (
1#
#60890
0#
#60900
b1001 (
1#
#60910
0#
#60920
b1010 (
1#
#60930
0#
#60940
b1011 (
1#
#60950
0#
#60960
b1100 (
1#
#60970
0#
#60980
b0 (
1#
#60990
0#
#61000
1!
b1 (
1#
#61010
0#
#61020
b10 (
1#
#61030
0#
#61040
b11 (
1#
#61050
0#
#61060
b100 (
1#
#61070
0#
#61080
0!
b101 (
1#
#61090
0#
#61100
b110 (
1#
#61110
0#
#61120
b111 (
1#
#61130
0#
#61140
b1000 (
1#
#61150
0#
#61160
b1001 (
1#
#61170
0#
#61180
b1010 (
1#
#61190
0#
#61200
b1011 (
1#
#61210
0#
#61220
b1100 (
1#
#61230
0#
#61240
b0 (
1#
#61250
0#
#61260
1!
b1 (
1#
#61270
0#
#61280
b10 (
1#
#61290
0#
#61300
b11 (
1#
#61310
0#
#61320
b100 (
1#
#61330
0#
#61340
0!
b101 (
1#
#61350
0#
#61360
b110 (
1#
#61370
0#
#61380
b111 (
1#
#61390
0#
#61400
b1000 (
1#
#61410
0#
#61420
b1001 (
1#
#61430
0#
#61440
b1010 (
1#
#61450
0#
#61460
b1011 (
1#
#61470
0#
#61480
b1100 (
1#
#61490
0#
#61500
b0 (
1#
#61510
0#
#61520
1!
b1 (
1#
#61530
0#
#61540
b10 (
1#
#61550
0#
#61560
b11 (
1#
#61570
0#
#61580
b100 (
1#
#61590
0#
#61600
0!
b101 (
1#
#61610
0#
#61620
b110 (
1#
#61630
0#
#61640
b111 (
1#
#61650
0#
#61660
b1000 (
1#
#61670
0#
#61680
b1001 (
1#
#61690
0#
#61700
b1010 (
1#
#61710
0#
#61720
b1011 (
1#
#61730
0#
#61740
b1100 (
1#
#61750
0#
#61760
b0 (
1#
#61770
0#
#61780
1!
b1 (
1#
#61790
0#
#61800
b10 (
1#
#61810
0#
#61820
b11 (
1#
#61830
0#
#61840
b100 (
1#
#61850
0#
#61860
0!
b101 (
1#
#61870
0#
#61880
b110 (
1#
#61890
0#
#61900
b111 (
1#
#61910
0#
#61920
b1000 (
1#
#61930
0#
#61940
b1001 (
1#
#61950
0#
#61960
b1010 (
1#
#61970
0#
#61980
b1011 (
1#
#61990
0#
#62000
b1100 (
1#
#62010
0#
#62020
b0 (
1#
#62030
0#
#62040
1!
b1 (
1#
#62050
0#
#62060
b10 (
1#
#62070
0#
#62080
b11 (
1#
#62090
0#
#62100
b100 (
1#
#62110
0#
#62120
0!
b101 (
1#
#62130
0#
#62140
b110 (
1#
#62150
0#
#62160
b111 (
1#
#62170
0#
#62180
b1000 (
1#
#62190
0#
#62200
b1001 (
1#
#62210
0#
#62220
b1010 (
1#
#62230
0#
#62240
b1011 (
1#
#62250
0#
#62260
b1100 (
1#
#62270
0#
#62280
b0 (
1#
#62290
0#
#62300
1!
b1 (
1#
#62310
0#
#62320
b10 (
1#
#62330
0#
#62340
b11 (
1#
#62350
0#
#62360
b100 (
1#
#62370
0#
#62380
0!
b101 (
1#
#62390
0#
#62400
b110 (
1#
#62410
0#
#62420
b111 (
1#
#62430
0#
#62440
b1000 (
1#
#62450
0#
#62460
b1001 (
1#
#62470
0#
#62480
b1010 (
1#
#62490
0#
#62500
b1011 (
1#
#62510
0#
#62520
b1100 (
1#
#62530
0#
#62540
b0 (
1#
#62550
0#
#62560
1!
b1 (
1#
#62570
0#
#62580
b10 (
1#
#62590
0#
#62600
b11 (
1#
#62610
0#
#62620
b100 (
1#
#62630
0#
#62640
0!
b101 (
1#
#62650
0#
#62660
b110 (
1#
#62670
0#
#62680
b111 (
1#
#62690
0#
#62700
b1000 (
1#
#62710
0#
#62720
b1001 (
1#
#62730
0#
#62740
b1010 (
1#
#62750
0#
#62760
b1011 (
1#
#62770
0#
#62780
b1100 (
1#
#62790
0#
#62800
b0 (
1#
#62810
0#
#62820
1!
b1 (
1#
#62830
0#
#62840
b10 (
1#
#62850
0#
#62860
b11 (
1#
#62870
0#
#62880
b100 (
1#
#62890
0#
#62900
0!
b101 (
1#
#62910
0#
#62920
b110 (
1#
#62930
0#
#62940
b111 (
1#
#62950
0#
#62960
b1000 (
1#
#62970
0#
#62980
b1001 (
1#
#62990
0#
#63000
b1010 (
1#
#63010
0#
#63020
b1011 (
1#
#63030
0#
#63040
b1100 (
1#
#63050
0#
#63060
b0 (
1#
#63070
0#
#63080
1!
b1 (
1#
#63090
0#
#63100
b10 (
1#
#63110
0#
#63120
b11 (
1#
#63130
0#
#63140
b100 (
1#
#63150
0#
#63160
0!
b101 (
1#
#63170
0#
#63180
b110 (
1#
#63190
0#
#63200
b111 (
1#
#63210
0#
#63220
b1000 (
1#
#63230
0#
#63240
b1001 (
1#
#63250
0#
#63260
b1010 (
1#
#63270
0#
#63280
b1011 (
1#
#63290
0#
#63300
b1100 (
1#
#63310
0#
#63320
b0 (
1#
#63330
0#
#63340
1!
b1 (
1#
#63350
0#
#63360
b10 (
1#
#63370
0#
#63380
b11 (
1#
#63390
0#
#63400
b100 (
1#
#63410
0#
#63420
0!
b101 (
1#
#63430
0#
#63440
b110 (
1#
#63450
0#
#63460
b111 (
1#
#63470
0#
#63480
b1000 (
1#
#63490
0#
#63500
b1001 (
1#
#63510
0#
#63520
b1010 (
1#
#63530
0#
#63540
b1011 (
1#
#63550
0#
#63560
b1100 (
1#
#63570
0#
#63580
b0 (
1#
#63590
0#
#63600
1!
b1 (
1#
#63610
0#
#63620
b10 (
1#
#63630
0#
#63640
b11 (
1#
#63650
0#
#63660
b100 (
1#
#63670
0#
#63680
0!
b101 (
1#
#63690
0#
#63700
b110 (
1#
#63710
0#
#63720
b111 (
1#
#63730
0#
#63740
b1000 (
1#
#63750
0#
#63760
b1001 (
1#
#63770
0#
#63780
b1010 (
1#
#63790
0#
#63800
b1011 (
1#
#63810
0#
#63820
b1100 (
1#
#63830
0#
#63840
b0 (
1#
#63850
0#
#63860
1!
b1 (
1#
#63870
0#
#63880
b10 (
1#
#63890
0#
#63900
b11 (
1#
#63910
0#
#63920
b100 (
1#
#63930
0#
#63940
0!
b101 (
1#
#63950
0#
#63960
b110 (
1#
#63970
0#
#63980
b111 (
1#
#63990
0#
#64000
b1000 (
1#
#64010
0#
#64020
b1001 (
1#
#64030
0#
#64040
b1010 (
1#
#64050
0#
#64060
b1011 (
1#
#64070
0#
#64080
b1100 (
1#
#64090
0#
#64100
b0 (
1#
#64110
0#
#64120
1!
b1 (
1#
#64130
0#
#64140
b10 (
1#
#64150
0#
#64160
b11 (
1#
#64170
0#
#64180
b100 (
1#
#64190
0#
#64200
0!
b101 (
1#
#64210
0#
#64220
b110 (
1#
#64230
0#
#64240
b111 (
1#
#64250
0#
#64260
b1000 (
1#
#64270
0#
#64280
b1001 (
1#
#64290
0#
#64300
b1010 (
1#
#64310
0#
#64320
b1011 (
1#
#64330
0#
#64340
b1100 (
1#
#64350
0#
#64360
b0 (
1#
#64370
0#
#64380
1!
b1 (
1#
#64390
0#
#64400
b10 (
1#
#64410
0#
#64420
b11 (
1#
#64430
0#
#64440
b100 (
1#
#64450
0#
#64460
0!
b101 (
1#
#64470
0#
#64480
b110 (
1#
#64490
0#
#64500
b111 (
1#
#64510
0#
#64520
b1000 (
1#
#64530
0#
#64540
b1001 (
1#
#64550
0#
#64560
b1010 (
1#
#64570
0#
#64580
b1011 (
1#
#64590
0#
#64600
b1100 (
1#
#64610
0#
#64620
b0 (
1#
#64630
0#
#64640
1!
b1 (
1#
#64650
0#
#64660
b10 (
1#
#64670
0#
#64680
b11 (
1#
#64690
0#
#64700
b100 (
1#
#64710
0#
#64720
0!
b101 (
1#
#64730
0#
#64740
b110 (
1#
#64750
0#
#64760
b111 (
1#
#64770
0#
#64780
b1000 (
1#
#64790
0#
#64800
b1001 (
1#
#64810
0#
#64820
b1010 (
1#
#64830
0#
#64840
b1011 (
1#
#64850
0#
#64860
b1100 (
1#
#64870
0#
#64880
b0 (
1#
#64890
0#
#64900
1!
b1 (
1#
#64910
0#
#64920
b10 (
1#
#64930
0#
#64940
b11 (
1#
#64950
0#
#64960
b100 (
1#
#64970
0#
#64980
0!
b101 (
1#
#64990
0#
#65000
b110 (
1#
#65010
0#
#65020
b111 (
1#
#65030
0#
#65040
b1000 (
1#
#65050
0#
#65060
b1001 (
1#
#65070
0#
#65080
b1010 (
1#
#65090
0#
#65100
b1011 (
1#
#65110
0#
#65120
b1100 (
1#
#65130
0#
#65140
b0 (
1#
#65150
0#
#65160
1!
b1 (
1#
#65170
0#
#65180
b10 (
1#
#65190
0#
#65200
b11 (
1#
#65210
0#
#65220
b100 (
1#
#65230
0#
#65240
0!
b101 (
1#
#65250
0#
#65260
b110 (
1#
#65270
0#
#65280
b111 (
1#
#65290
0#
#65300
b1000 (
1#
#65310
0#
#65320
b1001 (
1#
#65330
0#
#65340
b1010 (
1#
#65350
0#
#65360
b1011 (
1#
#65370
0#
#65380
b1100 (
1#
#65390
0#
#65400
b0 (
1#
#65410
0#
#65420
1!
b1 (
1#
#65430
0#
#65440
b10 (
1#
#65450
0#
#65460
b11 (
1#
#65470
0#
#65480
b100 (
1#
#65490
0#
#65500
0!
b101 (
1#
#65510
0#
#65520
b110 (
1#
#65530
0#
#65540
b111 (
1#
#65550
0#
#65560
b1000 (
1#
#65570
0#
#65580
b1001 (
1#
#65590
0#
#65600
b1010 (
1#
#65610
0#
#65620
b1011 (
1#
#65630
0#
#65640
b1100 (
1#
#65650
0#
#65660
b0 (
1#
#65670
0#
#65680
1!
b1 (
1#
#65690
0#
#65700
b10 (
1#
#65710
0#
#65720
b11 (
1#
#65730
0#
#65740
b100 (
1#
#65750
0#
#65760
0!
b101 (
1#
#65770
0#
#65780
b110 (
1#
#65790
0#
#65800
b111 (
1#
#65810
0#
#65820
b1000 (
1#
#65830
0#
#65840
b1001 (
1#
#65850
0#
#65860
b1010 (
1#
#65870
0#
#65880
b1011 (
1#
#65890
0#
#65900
b1100 (
1#
#65910
0#
#65920
b0 (
1#
#65930
0#
#65940
1!
b1 (
1#
#65950
0#
#65960
b10 (
1#
#65970
0#
#65980
b11 (
1#
#65990
0#
#66000
b100 (
1#
#66010
0#
#66020
0!
b101 (
1#
#66030
0#
#66040
b110 (
1#
#66050
0#
#66060
b111 (
1#
#66070
0#
#66080
b1000 (
1#
#66090
0#
#66100
b1001 (
1#
#66110
0#
#66120
b1010 (
1#
#66130
0#
#66140
b1011 (
1#
#66150
0#
#66160
b1100 (
1#
#66170
0#
#66180
b0 (
1#
#66190
0#
#66200
1!
b1 (
1#
#66210
0#
#66220
b10 (
1#
#66230
0#
#66240
b11 (
1#
#66250
0#
#66260
b100 (
1#
#66270
0#
#66280
0!
b101 (
1#
#66290
0#
#66300
b110 (
1#
#66310
0#
#66320
b111 (
1#
#66330
0#
#66340
b1000 (
1#
#66350
0#
#66360
b1001 (
1#
#66370
0#
#66380
b1010 (
1#
#66390
0#
#66400
b1011 (
1#
#66410
0#
#66420
b1100 (
1#
#66430
0#
#66440
b0 (
1#
#66450
0#
#66460
1!
b1 (
1#
#66470
0#
#66480
b10 (
1#
#66490
0#
#66500
b11 (
1#
#66510
0#
#66520
b100 (
1#
#66530
0#
#66540
0!
b101 (
1#
#66550
0#
#66560
b110 (
1#
#66570
0#
#66580
b111 (
1#
#66590
0#
#66600
b1000 (
1#
#66610
0#
#66620
b1001 (
1#
#66630
0#
#66640
b1010 (
1#
#66650
0#
#66660
b1011 (
1#
#66670
0#
#66680
b1100 (
1#
#66690
0#
#66700
b0 (
1#
#66710
0#
#66720
1!
b1 (
1#
#66730
0#
#66740
b10 (
1#
#66750
0#
#66760
b11 (
1#
#66770
0#
#66780
b100 (
1#
#66790
0#
#66800
0!
b101 (
1#
#66810
0#
#66820
b110 (
1#
#66830
0#
#66840
b111 (
1#
#66850
0#
#66860
b1000 (
1#
#66870
0#
#66880
b1001 (
1#
#66890
0#
#66900
b1010 (
1#
#66910
0#
#66920
b1011 (
1#
#66930
0#
#66940
b1100 (
1#
#66950
0#
#66960
b0 (
1#
#66970
0#
#66980
1!
b1 (
1#
#66990
0#
#67000
b10 (
1#
#67010
0#
#67020
b11 (
1#
#67030
0#
#67040
b100 (
1#
#67050
0#
#67060
0!
b101 (
1#
#67070
0#
#67080
b110 (
1#
#67090
0#
#67100
b111 (
1#
#67110
0#
#67120
b1000 (
1#
#67130
0#
#67140
b1001 (
1#
#67150
0#
#67160
b1010 (
1#
#67170
0#
#67180
b1011 (
1#
#67190
0#
#67200
b1100 (
1#
#67210
0#
#67220
b0 (
1#
#67230
0#
#67240
1!
b1 (
1#
#67250
0#
#67260
b10 (
1#
#67270
0#
#67280
b11 (
1#
#67290
0#
#67300
b100 (
1#
#67310
0#
#67320
0!
b101 (
1#
#67330
0#
#67340
b110 (
1#
#67350
0#
#67360
b111 (
1#
#67370
0#
#67380
b1000 (
1#
#67390
0#
#67400
b1001 (
1#
#67410
0#
#67420
b1010 (
1#
#67430
0#
#67440
b1011 (
1#
#67450
0#
#67460
b1100 (
1#
#67470
0#
#67480
b0 (
1#
#67490
0#
#67500
1!
b1 (
1#
#67510
0#
#67520
b10 (
1#
#67530
0#
#67540
b11 (
1#
#67550
0#
#67560
b100 (
1#
#67570
0#
#67580
0!
b101 (
1#
#67590
0#
#67600
b110 (
1#
#67610
0#
#67620
b111 (
1#
#67630
0#
#67640
b1000 (
1#
#67650
0#
#67660
b1001 (
1#
#67670
0#
#67680
b1010 (
1#
#67690
0#
#67700
b1011 (
1#
#67710
0#
#67720
b1100 (
1#
#67730
0#
#67740
b0 (
1#
#67750
0#
#67760
1!
b1 (
1#
#67770
0#
#67780
b10 (
1#
#67790
0#
#67800
b11 (
1#
#67810
0#
#67820
b100 (
1#
#67830
0#
#67840
0!
b101 (
1#
#67850
0#
#67860
b110 (
1#
#67870
0#
#67880
b111 (
1#
#67890
0#
#67900
b1000 (
1#
#67910
0#
#67920
b1001 (
1#
#67930
0#
#67940
b1010 (
1#
#67950
0#
#67960
b1011 (
1#
#67970
0#
#67980
b1100 (
1#
#67990
0#
#68000
b0 (
1#
#68010
0#
#68020
1!
b1 (
1#
#68030
0#
#68040
b10 (
1#
#68050
0#
#68060
b11 (
1#
#68070
0#
#68080
b100 (
1#
#68090
0#
#68100
0!
b101 (
1#
#68110
0#
#68120
b110 (
1#
#68130
0#
#68140
b111 (
1#
#68150
0#
#68160
b1000 (
1#
#68170
0#
#68180
b1001 (
1#
#68190
0#
#68200
b1010 (
1#
#68210
0#
#68220
b1011 (
1#
#68230
0#
#68240
b1100 (
1#
#68250
0#
#68260
b0 (
1#
#68270
0#
#68280
1!
b1 (
1#
#68290
0#
#68300
b10 (
1#
#68310
0#
#68320
b11 (
1#
#68330
0#
#68340
b100 (
1#
#68350
0#
#68360
0!
b101 (
1#
#68370
0#
#68380
b110 (
1#
#68390
0#
#68400
b111 (
1#
#68410
0#
#68420
b1000 (
1#
#68430
0#
#68440
b1001 (
1#
#68450
0#
#68460
b1010 (
1#
#68470
0#
#68480
b1011 (
1#
#68490
0#
#68500
b1100 (
1#
#68510
0#
#68520
b0 (
1#
#68530
0#
#68540
1!
b1 (
1#
#68550
0#
#68560
b10 (
1#
#68570
0#
#68580
b11 (
1#
#68590
0#
#68600
b100 (
1#
#68610
0#
#68620
0!
b101 (
1#
#68630
0#
#68640
b110 (
1#
#68650
0#
#68660
b111 (
1#
#68670
0#
#68680
b1000 (
1#
#68690
0#
#68700
b1001 (
1#
#68710
0#
#68720
b1010 (
1#
#68730
0#
#68740
b1011 (
1#
#68750
0#
#68760
b1100 (
1#
#68770
0#
#68780
b0 (
1#
#68790
0#
#68800
1!
b1 (
1#
#68810
0#
#68820
b10 (
1#
#68830
0#
#68840
b11 (
1#
#68850
0#
#68860
b100 (
1#
#68870
0#
#68880
0!
b101 (
1#
#68890
0#
#68900
b110 (
1#
#68910
0#
#68920
b111 (
1#
#68930
0#
#68940
b1000 (
1#
#68950
0#
#68960
b1001 (
1#
#68970
0#
#68980
b1010 (
1#
#68990
0#
#69000
b1011 (
1#
#69010
0#
#69020
b1100 (
1#
#69030
0#
#69040
b0 (
1#
#69050
0#
#69060
1!
b1 (
1#
#69070
0#
#69080
b10 (
1#
#69090
0#
#69100
b11 (
1#
#69110
0#
#69120
b100 (
1#
#69130
0#
#69140
0!
b101 (
1#
#69150
0#
#69160
b110 (
1#
#69170
0#
#69180
b111 (
1#
#69190
0#
#69200
b1000 (
1#
#69210
0#
#69220
b1001 (
1#
#69230
0#
#69240
b1010 (
1#
#69250
0#
#69260
b1011 (
1#
#69270
0#
#69280
b1100 (
1#
#69290
0#
#69300
b0 (
1#
#69310
0#
#69320
1!
b1 (
1#
#69330
0#
#69340
b10 (
1#
#69350
0#
#69360
b11 (
1#
#69370
0#
#69380
b100 (
1#
#69390
0#
#69400
0!
b101 (
1#
#69410
0#
#69420
b110 (
1#
#69430
0#
#69440
b111 (
1#
#69450
0#
#69460
b1000 (
1#
#69470
0#
#69480
b1001 (
1#
#69490
0#
#69500
b1010 (
1#
#69510
0#
#69520
b1011 (
1#
#69530
0#
#69540
b1100 (
1#
#69550
0#
#69560
b0 (
1#
#69570
0#
#69580
1!
b1 (
1#
#69590
0#
#69600
b10 (
1#
#69610
0#
#69620
b11 (
1#
#69630
0#
#69640
b100 (
1#
#69650
0#
#69660
0!
b101 (
1#
#69670
0#
#69680
b110 (
1#
#69690
0#
#69700
b111 (
1#
#69710
0#
#69720
b1000 (
1#
#69730
0#
#69740
b1001 (
1#
#69750
0#
#69760
b1010 (
1#
#69770
0#
#69780
b1011 (
1#
#69790
0#
#69800
b1100 (
1#
#69810
0#
#69820
b0 (
1#
#69830
0#
#69840
1!
b1 (
1#
#69850
0#
#69860
b10 (
1#
#69870
0#
#69880
b11 (
1#
#69890
0#
#69900
b100 (
1#
#69910
0#
#69920
0!
b101 (
1#
#69930
0#
#69940
b110 (
1#
#69950
0#
#69960
b111 (
1#
#69970
0#
#69980
b1000 (
1#
#69990
0#
#70000
b1001 (
1#
#70010
0#
#70020
b1010 (
1#
#70030
0#
#70040
b1011 (
1#
#70050
0#
#70060
b1100 (
1#
#70070
0#
#70080
b0 (
1#
#70090
0#
#70100
1!
b1 (
1#
#70110
0#
#70120
b10 (
1#
#70130
0#
#70140
b11 (
1#
#70150
0#
#70160
b100 (
1#
#70170
0#
#70180
0!
b101 (
1#
#70190
0#
#70200
b110 (
1#
#70210
0#
#70220
b111 (
1#
#70230
0#
#70240
b1000 (
1#
#70250
0#
#70260
b1001 (
1#
#70270
0#
#70280
b1010 (
1#
#70290
0#
#70300
b1011 (
1#
#70310
0#
#70320
b1100 (
1#
#70330
0#
#70340
b0 (
1#
#70350
0#
#70360
1!
b1 (
1#
#70370
0#
#70380
b10 (
1#
#70390
0#
#70400
b11 (
1#
#70410
0#
#70420
b100 (
1#
#70430
0#
#70440
0!
b101 (
1#
#70450
0#
#70460
b110 (
1#
#70470
0#
#70480
b111 (
1#
#70490
0#
#70500
b1000 (
1#
#70510
0#
#70520
b1001 (
1#
#70530
0#
#70540
b1010 (
1#
#70550
0#
#70560
b1011 (
1#
#70570
0#
#70580
b1100 (
1#
#70590
0#
#70600
b0 (
1#
#70610
0#
#70620
1!
b1 (
1#
#70630
0#
#70640
b10 (
1#
#70650
0#
#70660
b11 (
1#
#70670
0#
#70680
b100 (
1#
#70690
0#
#70700
0!
b101 (
1#
#70710
0#
#70720
b110 (
1#
#70730
0#
#70740
b111 (
1#
#70750
0#
#70760
b1000 (
1#
#70770
0#
#70780
b1001 (
1#
#70790
0#
#70800
b1010 (
1#
#70810
0#
#70820
b1011 (
1#
#70830
0#
#70840
b1100 (
1#
#70850
0#
#70860
b0 (
1#
#70870
0#
#70880
1!
b1 (
1#
#70890
0#
#70900
b10 (
1#
#70910
0#
#70920
b11 (
1#
#70930
0#
#70940
b100 (
1#
#70950
0#
#70960
0!
b101 (
1#
#70970
0#
#70980
b110 (
1#
#70990
0#
#71000
b111 (
1#
#71010
0#
#71020
b1000 (
1#
#71030
0#
#71040
b1001 (
1#
#71050
0#
#71060
b1010 (
1#
#71070
0#
#71080
b1011 (
1#
#71090
0#
#71100
b1100 (
1#
#71110
0#
#71120
b0 (
1#
#71130
0#
#71140
1!
b1 (
1#
#71150
0#
#71160
b10 (
1#
#71170
0#
#71180
b11 (
1#
#71190
0#
#71200
b100 (
1#
#71210
0#
#71220
0!
b101 (
1#
#71230
0#
#71240
b110 (
1#
#71250
0#
#71260
b111 (
1#
#71270
0#
#71280
b1000 (
1#
#71290
0#
#71300
b1001 (
1#
#71310
0#
#71320
b1010 (
1#
#71330
0#
#71340
b1011 (
1#
#71350
0#
#71360
b1100 (
1#
#71370
0#
#71380
b0 (
1#
#71390
0#
#71400
1!
b1 (
1#
#71410
0#
#71420
b10 (
1#
#71430
0#
#71440
b11 (
1#
#71450
0#
#71460
b100 (
1#
#71470
0#
#71480
0!
b101 (
1#
#71490
0#
#71500
b110 (
1#
#71510
0#
#71520
b111 (
1#
#71530
0#
#71540
b1000 (
1#
#71550
0#
#71560
b1001 (
1#
#71570
0#
#71580
b1010 (
1#
#71590
0#
#71600
b1011 (
1#
#71610
0#
#71620
b1100 (
1#
#71630
0#
#71640
b0 (
1#
#71650
0#
#71660
1!
b1 (
1#
#71670
0#
#71680
b10 (
1#
#71690
0#
#71700
b11 (
1#
#71710
0#
#71720
b100 (
1#
#71730
0#
#71740
0!
b101 (
1#
#71750
0#
#71760
b110 (
1#
#71770
0#
#71780
b111 (
1#
#71790
0#
#71800
b1000 (
1#
#71810
0#
#71820
b1001 (
1#
#71830
0#
#71840
b1010 (
1#
#71850
0#
#71860
b1011 (
1#
#71870
0#
#71880
b1100 (
1#
#71890
0#
#71900
b0 (
1#
#71910
0#
#71920
1!
b1 (
1#
#71930
0#
#71940
b10 (
1#
#71950
0#
#71960
b11 (
1#
#71970
0#
#71980
b100 (
1#
#71990
0#
#72000
0!
b101 (
1#
#72010
0#
#72020
b110 (
1#
#72030
0#
#72040
b111 (
1#
#72050
0#
#72060
b1000 (
1#
#72070
0#
#72080
b1001 (
1#
#72090
0#
#72100
b1010 (
1#
#72110
0#
#72120
b1011 (
1#
#72130
0#
#72140
b1100 (
1#
#72150
0#
#72160
b0 (
1#
#72170
0#
#72180
1!
b1 (
1#
#72190
0#
#72200
b10 (
1#
#72210
0#
#72220
b11 (
1#
#72230
0#
#72240
b100 (
1#
#72250
0#
#72260
0!
b101 (
1#
#72270
0#
#72280
b110 (
1#
#72290
0#
#72300
b111 (
1#
#72310
0#
#72320
b1000 (
1#
#72330
0#
#72340
b1001 (
1#
#72350
0#
#72360
b1010 (
1#
#72370
0#
#72380
b1011 (
1#
#72390
0#
#72400
b1100 (
1#
#72410
0#
#72420
b0 (
1#
#72430
0#
#72440
1!
b1 (
1#
#72450
0#
#72460
b10 (
1#
#72470
0#
#72480
b11 (
1#
#72490
0#
#72500
b100 (
1#
#72510
0#
#72520
0!
b101 (
1#
#72530
0#
#72540
b110 (
1#
#72550
0#
#72560
b111 (
1#
#72570
0#
#72580
b1000 (
1#
#72590
0#
#72600
b1001 (
1#
#72610
0#
#72620
b1010 (
1#
#72630
0#
#72640
b1011 (
1#
#72650
0#
#72660
b1100 (
1#
#72670
0#
#72680
b0 (
1#
#72690
0#
#72700
1!
b1 (
1#
#72710
0#
#72720
b10 (
1#
#72730
0#
#72740
b11 (
1#
#72750
0#
#72760
b100 (
1#
#72770
0#
#72780
0!
b101 (
1#
#72790
0#
#72800
b110 (
1#
#72810
0#
#72820
b111 (
1#
#72830
0#
#72840
b1000 (
1#
#72850
0#
#72860
b1001 (
1#
#72870
0#
#72880
b1010 (
1#
#72890
0#
#72900
b1011 (
1#
#72910
0#
#72920
b1100 (
1#
#72930
0#
#72940
b0 (
1#
#72950
0#
#72960
1!
b1 (
1#
#72970
0#
#72980
b10 (
1#
#72990
0#
#73000
b11 (
1#
#73010
0#
#73020
b100 (
1#
#73030
0#
#73040
0!
b101 (
1#
#73050
0#
#73060
b110 (
1#
#73070
0#
#73080
b111 (
1#
#73090
0#
#73100
b1000 (
1#
#73110
0#
#73120
b1001 (
1#
#73130
0#
#73140
b1010 (
1#
#73150
0#
#73160
b1011 (
1#
#73170
0#
#73180
b1100 (
1#
#73190
0#
#73200
b0 (
1#
#73210
0#
#73220
1!
b1 (
1#
#73230
0#
#73240
b10 (
1#
#73250
0#
#73260
b11 (
1#
#73270
0#
#73280
b100 (
1#
#73290
0#
#73300
0!
b101 (
1#
#73310
0#
#73320
b110 (
1#
#73330
0#
#73340
b111 (
1#
#73350
0#
#73360
b1000 (
1#
#73370
0#
#73380
b1001 (
1#
#73390
0#
#73400
b1010 (
1#
#73410
0#
#73420
b1011 (
1#
#73430
0#
#73440
b1100 (
1#
#73450
0#
#73460
b0 (
1#
#73470
0#
#73480
1!
b1 (
1#
#73490
0#
#73500
b10 (
1#
#73510
0#
#73520
b11 (
1#
#73530
0#
#73540
b100 (
1#
#73550
0#
#73560
0!
b101 (
1#
#73570
0#
#73580
b110 (
1#
#73590
0#
#73600
b111 (
1#
#73610
0#
#73620
b1000 (
1#
#73630
0#
#73640
b1001 (
1#
#73650
0#
#73660
b1010 (
1#
#73670
0#
#73680
b1011 (
1#
#73690
0#
#73700
b1100 (
1#
#73710
0#
#73720
b0 (
1#
#73730
0#
#73740
1!
b1 (
1#
#73750
0#
#73760
b10 (
1#
#73770
0#
#73780
b11 (
1#
#73790
0#
#73800
b100 (
1#
#73810
0#
#73820
0!
b101 (
1#
#73830
0#
#73840
b110 (
1#
#73850
0#
#73860
b111 (
1#
#73870
0#
#73880
b1000 (
1#
#73890
0#
#73900
b1001 (
1#
#73910
0#
#73920
b1010 (
1#
#73930
0#
#73940
b1011 (
1#
#73950
0#
#73960
b1100 (
1#
#73970
0#
#73980
b0 (
1#
#73990
0#
#74000
1!
b1 (
1#
#74010
0#
#74020
b10 (
1#
#74030
0#
#74040
b11 (
1#
#74050
0#
#74060
b100 (
1#
#74070
0#
#74080
0!
b101 (
1#
#74090
0#
#74100
b110 (
1#
#74110
0#
#74120
b111 (
1#
#74130
0#
#74140
b1000 (
1#
#74150
0#
#74160
b1001 (
1#
#74170
0#
#74180
b1010 (
1#
#74190
0#
#74200
b1011 (
1#
#74210
0#
#74220
b1100 (
1#
#74230
0#
#74240
b0 (
1#
#74250
0#
#74260
1!
b1 (
1#
#74270
0#
#74280
b10 (
1#
#74290
0#
#74300
b11 (
1#
#74310
0#
#74320
b100 (
1#
#74330
0#
#74340
0!
b101 (
1#
#74350
0#
#74360
b110 (
1#
#74370
0#
#74380
b111 (
1#
#74390
0#
#74400
b1000 (
1#
#74410
0#
#74420
b1001 (
1#
#74430
0#
#74440
b1010 (
1#
#74450
0#
#74460
b1011 (
1#
#74470
0#
#74480
b1100 (
1#
#74490
0#
#74500
b0 (
1#
#74510
0#
#74520
1!
b1 (
1#
#74530
0#
#74540
b10 (
1#
#74550
0#
#74560
b11 (
1#
#74570
0#
#74580
b100 (
1#
#74590
0#
#74600
0!
b101 (
1#
#74610
0#
#74620
b110 (
1#
#74630
0#
#74640
b111 (
1#
#74650
0#
#74660
b1000 (
1#
#74670
0#
#74680
b1001 (
1#
#74690
0#
#74700
b1010 (
1#
#74710
0#
#74720
b1011 (
1#
#74730
0#
#74740
b1100 (
1#
#74750
0#
#74760
b0 (
1#
#74770
0#
#74780
1!
b1 (
1#
#74790
0#
#74800
b10 (
1#
#74810
0#
#74820
b11 (
1#
#74830
0#
#74840
b100 (
1#
#74850
0#
#74860
0!
b101 (
1#
#74870
0#
#74880
b110 (
1#
#74890
0#
#74900
b111 (
1#
#74910
0#
#74920
b1000 (
1#
#74930
0#
#74940
b1001 (
1#
#74950
0#
#74960
b1010 (
1#
#74970
0#
#74980
b1011 (
1#
#74990
0#
#75000
b1100 (
1#
#75010
0#
#75020
b0 (
1#
#75030
0#
#75040
1!
b1 (
1#
#75050
0#
#75060
b10 (
1#
#75070
0#
#75080
b11 (
1#
#75090
0#
#75100
b100 (
1#
#75110
0#
#75120
0!
b101 (
1#
#75130
0#
#75140
b110 (
1#
#75150
0#
#75160
b111 (
1#
#75170
0#
#75180
b1000 (
1#
#75190
0#
#75200
b1001 (
1#
#75210
0#
#75220
b1010 (
1#
#75230
0#
#75240
b1011 (
1#
#75250
0#
#75260
b1100 (
1#
#75270
0#
#75280
b0 (
1#
#75290
0#
#75300
1!
b1 (
1#
#75310
0#
#75320
b10 (
1#
#75330
0#
#75340
b11 (
1#
#75350
0#
#75360
b100 (
1#
#75370
0#
#75380
0!
b101 (
1#
#75390
0#
#75400
b110 (
1#
#75410
0#
#75420
b111 (
1#
#75430
0#
#75440
b1000 (
1#
#75450
0#
#75460
b1001 (
1#
#75470
0#
#75480
b1010 (
1#
#75490
0#
#75500
b1011 (
1#
#75510
0#
#75520
b1100 (
1#
#75530
0#
#75540
b0 (
1#
#75550
0#
#75560
1!
b1 (
1#
#75570
0#
#75580
b10 (
1#
#75590
0#
#75600
b11 (
1#
#75610
0#
#75620
b100 (
1#
#75630
0#
#75640
0!
b101 (
1#
#75650
0#
#75660
b110 (
1#
#75670
0#
#75680
b111 (
1#
#75690
0#
#75700
b1000 (
1#
#75710
0#
#75720
b1001 (
1#
#75730
0#
#75740
b1010 (
1#
#75750
0#
#75760
b1011 (
1#
#75770
0#
#75780
b1100 (
1#
#75790
0#
#75800
b0 (
1#
#75810
0#
#75820
1!
b1 (
1#
#75830
0#
#75840
b10 (
1#
#75850
0#
#75860
b11 (
1#
#75870
0#
#75880
b100 (
1#
#75890
0#
#75900
0!
b101 (
1#
#75910
0#
#75920
b110 (
1#
#75930
0#
#75940
b111 (
1#
#75950
0#
#75960
b1000 (
1#
#75970
0#
#75980
b1001 (
1#
#75990
0#
#76000
b1010 (
1#
#76010
0#
#76020
b1011 (
1#
#76030
0#
#76040
b1100 (
1#
#76050
0#
#76060
b0 (
1#
#76070
0#
#76080
1!
b1 (
1#
#76090
0#
#76100
b10 (
1#
#76110
0#
#76120
b11 (
1#
#76130
0#
#76140
b100 (
1#
#76150
0#
#76160
0!
b101 (
1#
#76170
0#
#76180
b110 (
1#
#76190
0#
#76200
b111 (
1#
#76210
0#
#76220
b1000 (
1#
#76230
0#
#76240
b1001 (
1#
#76250
0#
#76260
b1010 (
1#
#76270
0#
#76280
b1011 (
1#
#76290
0#
#76300
b1100 (
1#
#76310
0#
#76320
b0 (
1#
#76330
0#
#76340
1!
b1 (
1#
#76350
0#
#76360
b10 (
1#
#76370
0#
#76380
b11 (
1#
#76390
0#
#76400
b100 (
1#
#76410
0#
#76420
0!
b101 (
1#
#76430
0#
#76440
b110 (
1#
#76450
0#
#76460
b111 (
1#
#76470
0#
#76480
b1000 (
1#
#76490
0#
#76500
b1001 (
1#
#76510
0#
#76520
b1010 (
1#
#76530
0#
#76540
b1011 (
1#
#76550
0#
#76560
b1100 (
1#
#76570
0#
#76580
b0 (
1#
#76590
0#
#76600
1!
b1 (
1#
#76610
0#
#76620
b10 (
1#
#76630
0#
#76640
b11 (
1#
#76650
0#
#76660
b100 (
1#
#76670
0#
#76680
0!
b101 (
1#
#76690
0#
#76700
b110 (
1#
#76710
0#
#76720
b111 (
1#
#76730
0#
#76740
b1000 (
1#
#76750
0#
#76760
b1001 (
1#
#76770
0#
#76780
b1010 (
1#
#76790
0#
#76800
b1011 (
1#
#76810
0#
#76820
b1100 (
1#
#76830
0#
#76840
b0 (
1#
#76850
0#
#76860
1!
b1 (
1#
#76870
0#
#76880
b10 (
1#
#76890
0#
#76900
b11 (
1#
#76910
0#
#76920
b100 (
1#
#76930
0#
#76940
0!
b101 (
1#
#76950
0#
#76960
b110 (
1#
#76970
0#
#76980
b111 (
1#
#76990
0#
#77000
b1000 (
1#
#77010
0#
#77020
b1001 (
1#
#77030
0#
#77040
b1010 (
1#
#77050
0#
#77060
b1011 (
1#
#77070
0#
#77080
b1100 (
1#
#77090
0#
#77100
b0 (
1#
#77110
0#
#77120
1!
b1 (
1#
#77130
0#
#77140
b10 (
1#
#77150
0#
#77160
b11 (
1#
#77170
0#
#77180
b100 (
1#
#77190
0#
#77200
0!
b101 (
1#
#77210
0#
#77220
b110 (
1#
#77230
0#
#77240
b111 (
1#
#77250
0#
#77260
b1000 (
1#
#77270
0#
#77280
b1001 (
1#
#77290
0#
#77300
b1010 (
1#
#77310
0#
#77320
b1011 (
1#
#77330
0#
#77340
b1100 (
1#
#77350
0#
#77360
b0 (
1#
#77370
0#
#77380
1!
b1 (
1#
#77390
0#
#77400
b10 (
1#
#77410
0#
#77420
b11 (
1#
#77430
0#
#77440
b100 (
1#
#77450
0#
#77460
0!
b101 (
1#
#77470
0#
#77480
b110 (
1#
#77490
0#
#77500
b111 (
1#
#77510
0#
#77520
b1000 (
1#
#77530
0#
#77540
b1001 (
1#
#77550
0#
#77560
b1010 (
1#
#77570
0#
#77580
b1011 (
1#
#77590
0#
#77600
b1100 (
1#
#77610
0#
#77620
b0 (
1#
#77630
0#
#77640
1!
b1 (
1#
#77650
0#
#77660
b10 (
1#
#77670
0#
#77680
b11 (
1#
#77690
0#
#77700
b100 (
1#
#77710
0#
#77720
0!
b101 (
1#
#77730
0#
#77740
b110 (
1#
#77750
0#
#77760
b111 (
1#
#77770
0#
#77780
b1000 (
1#
#77790
0#
#77800
b1001 (
1#
#77810
0#
#77820
b1010 (
1#
#77830
0#
#77840
b1011 (
1#
#77850
0#
#77860
b1100 (
1#
#77870
0#
#77880
b0 (
1#
#77890
0#
#77900
1!
b1 (
1#
#77910
0#
#77920
b10 (
1#
#77930
0#
#77940
b11 (
1#
#77950
0#
#77960
b100 (
1#
#77970
0#
#77980
0!
b101 (
1#
#77990
0#
#78000
b110 (
1#
#78010
0#
#78020
b111 (
1#
#78030
0#
#78040
b1000 (
1#
#78050
0#
#78060
b1001 (
1#
#78070
0#
#78080
b1010 (
1#
#78090
0#
#78100
b1011 (
1#
#78110
0#
#78120
b1100 (
1#
#78130
0#
#78140
b0 (
1#
#78150
0#
#78160
1!
b1 (
1#
#78170
0#
#78180
b10 (
1#
#78190
0#
#78200
b11 (
1#
#78210
0#
#78220
b100 (
1#
#78230
0#
#78240
0!
b101 (
1#
#78250
0#
#78260
b110 (
1#
#78270
0#
#78280
b111 (
1#
#78290
0#
#78300
b1000 (
1#
#78310
0#
#78320
b1001 (
1#
#78330
0#
#78340
b1010 (
1#
#78350
0#
#78360
b1011 (
1#
#78370
0#
#78380
b1100 (
1#
#78390
0#
#78400
b0 (
1#
#78410
0#
#78420
1!
b1 (
1#
#78430
0#
#78440
b10 (
1#
#78450
0#
#78460
b11 (
1#
#78470
0#
#78480
b100 (
1#
#78490
0#
#78500
0!
b101 (
1#
#78510
0#
#78520
b110 (
1#
#78530
0#
#78540
b111 (
1#
#78550
0#
#78560
b1000 (
1#
#78570
0#
#78580
b1001 (
1#
#78590
0#
#78600
b1010 (
1#
#78610
0#
#78620
b1011 (
1#
#78630
0#
#78640
b1100 (
1#
#78650
0#
#78660
b0 (
1#
#78670
0#
#78680
1!
b1 (
1#
#78690
0#
#78700
b10 (
1#
#78710
0#
#78720
b11 (
1#
#78730
0#
#78740
b100 (
1#
#78750
0#
#78760
0!
b101 (
1#
#78770
0#
#78780
b110 (
1#
#78790
0#
#78800
b111 (
1#
#78810
0#
#78820
b1000 (
1#
#78830
0#
#78840
b1001 (
1#
#78850
0#
#78860
b1010 (
1#
#78870
0#
#78880
b1011 (
1#
#78890
0#
#78900
b1100 (
1#
#78910
0#
#78920
b0 (
1#
#78930
0#
#78940
1!
b1 (
1#
#78950
0#
#78960
b10 (
1#
#78970
0#
#78980
b11 (
1#
#78990
0#
#79000
b100 (
1#
#79010
0#
#79020
0!
b101 (
1#
#79030
0#
#79040
b110 (
1#
#79050
0#
#79060
b111 (
1#
#79070
0#
#79080
b1000 (
1#
#79090
0#
#79100
b1001 (
1#
#79110
0#
#79120
b1010 (
1#
#79130
0#
#79140
b1011 (
1#
#79150
0#
#79160
b1100 (
1#
#79170
0#
#79180
b0 (
1#
#79190
0#
#79200
1!
b1 (
1#
#79210
0#
#79220
b10 (
1#
#79230
0#
#79240
b11 (
1#
#79250
0#
#79260
b100 (
1#
#79270
0#
#79280
0!
b101 (
1#
#79290
0#
#79300
b110 (
1#
#79310
0#
#79320
b111 (
1#
#79330
0#
#79340
b1000 (
1#
#79350
0#
#79360
b1001 (
1#
#79370
0#
#79380
b1010 (
1#
#79390
0#
#79400
b1011 (
1#
#79410
0#
#79420
b1100 (
1#
#79430
0#
#79440
b0 (
1#
#79450
0#
#79460
1!
b1 (
1#
#79470
0#
#79480
b10 (
1#
#79490
0#
#79500
b11 (
1#
#79510
0#
#79520
b100 (
1#
#79530
0#
#79540
0!
b101 (
1#
#79550
0#
#79560
b110 (
1#
#79570
0#
#79580
b111 (
1#
#79590
0#
#79600
b1000 (
1#
#79610
0#
#79620
b1001 (
1#
#79630
0#
#79640
b1010 (
1#
#79650
0#
#79660
b1011 (
1#
#79670
0#
#79680
b1100 (
1#
#79690
0#
#79700
b0 (
1#
#79710
0#
#79720
1!
b1 (
1#
#79730
0#
#79740
b10 (
1#
#79750
0#
#79760
b11 (
1#
#79770
0#
#79780
b100 (
1#
#79790
0#
#79800
0!
b101 (
1#
#79810
0#
#79820
b110 (
1#
#79830
0#
#79840
b111 (
1#
#79850
0#
#79860
b1000 (
1#
#79870
0#
#79880
b1001 (
1#
#79890
0#
#79900
b1010 (
1#
#79910
0#
#79920
b1011 (
1#
#79930
0#
#79940
b1100 (
1#
#79950
0#
#79960
b0 (
1#
#79970
0#
#79980
1!
b1 (
1#
#79990
0#
#80000
b10 (
1#
#80010
0#
#80020
b11 (
1#
#80030
0#
#80040
b100 (
1#
#80050
0#
#80060
0!
b101 (
1#
#80070
0#
#80080
b110 (
1#
#80090
0#
#80100
b111 (
1#
#80110
0#
#80120
b1000 (
1#
#80130
0#
#80140
b1001 (
1#
#80150
0#
#80160
b1010 (
1#
#80170
0#
#80180
b1011 (
1#
#80190
0#
#80200
b1100 (
1#
#80210
0#
#80220
b0 (
1#
#80230
0#
#80240
1!
b1 (
1#
#80250
0#
#80260
b10 (
1#
#80270
0#
#80280
b11 (
1#
#80290
0#
#80300
b100 (
1#
#80310
0#
#80320
0!
b101 (
1#
#80330
0#
#80340
b110 (
1#
#80350
0#
#80360
b111 (
1#
#80370
0#
#80380
b1000 (
1#
#80390
0#
#80400
b1001 (
1#
#80410
0#
#80420
b1010 (
1#
#80430
0#
#80440
b1011 (
1#
#80450
0#
#80460
b1100 (
1#
#80470
0#
#80480
b0 (
1#
#80490
0#
#80500
1!
b1 (
1#
#80510
0#
#80520
b10 (
1#
#80530
0#
#80540
b11 (
1#
#80550
0#
#80560
b100 (
1#
#80570
0#
#80580
0!
b101 (
1#
#80590
0#
#80600
b110 (
1#
#80610
0#
#80620
b111 (
1#
#80630
0#
#80640
b1000 (
1#
#80650
0#
#80660
b1001 (
1#
#80670
0#
#80680
b1010 (
1#
#80690
0#
#80700
b1011 (
1#
#80710
0#
#80720
b1100 (
1#
#80730
0#
#80740
b0 (
1#
#80750
0#
#80760
1!
b1 (
1#
#80770
0#
#80780
b10 (
1#
#80790
0#
#80800
b11 (
1#
#80810
0#
#80820
b100 (
1#
#80830
0#
#80840
0!
b101 (
1#
#80850
0#
#80860
b110 (
1#
#80870
0#
#80880
b111 (
1#
#80890
0#
#80900
b1000 (
1#
#80910
0#
#80920
b1001 (
1#
#80930
0#
#80940
b1010 (
1#
#80950
0#
#80960
b1011 (
1#
#80970
0#
#80980
b1100 (
1#
#80990
0#
#81000
b0 (
1#
#81010
0#
#81020
1!
b1 (
1#
#81030
0#
#81040
b10 (
1#
#81050
0#
#81060
b11 (
1#
#81070
0#
#81080
b100 (
1#
#81090
0#
#81100
0!
b101 (
1#
#81110
0#
#81120
b110 (
1#
#81130
0#
#81140
b111 (
1#
#81150
0#
#81160
b1000 (
1#
#81170
0#
#81180
b1001 (
1#
#81190
0#
#81200
b1010 (
1#
#81210
0#
#81220
b1011 (
1#
#81230
0#
#81240
b1100 (
1#
#81250
0#
#81260
b0 (
1#
#81270
0#
#81280
1!
b1 (
1#
#81290
0#
#81300
b10 (
1#
#81310
0#
#81320
b11 (
1#
#81330
0#
#81340
b100 (
1#
#81350
0#
#81360
0!
b101 (
1#
#81370
0#
#81380
b110 (
1#
#81390
0#
#81400
b111 (
1#
#81410
0#
#81420
b1000 (
1#
#81430
0#
#81440
b1001 (
1#
#81450
0#
#81460
b1010 (
1#
#81470
0#
#81480
b1011 (
1#
#81490
0#
#81500
b1100 (
1#
#81510
0#
#81520
b0 (
1#
#81530
0#
#81540
1!
b1 (
1#
#81550
0#
#81560
b10 (
1#
#81570
0#
#81580
b11 (
1#
#81590
0#
#81600
b100 (
1#
#81610
0#
#81620
0!
b101 (
1#
#81630
0#
#81640
b110 (
1#
#81650
0#
#81660
b111 (
1#
#81670
0#
#81680
b1000 (
1#
#81690
0#
#81700
b1001 (
1#
#81710
0#
#81720
b1010 (
1#
#81730
0#
#81740
b1011 (
1#
#81750
0#
#81760
b1100 (
1#
#81770
0#
#81780
b0 (
1#
#81790
0#
#81800
1!
b1 (
1#
#81810
0#
#81820
b10 (
1#
#81830
0#
#81840
b11 (
1#
#81850
0#
#81860
b100 (
1#
#81870
0#
#81880
0!
b101 (
1#
#81890
0#
#81900
b110 (
1#
#81910
0#
#81920
b111 (
1#
#81930
0#
#81940
b1000 (
1#
#81950
0#
#81960
b1001 (
1#
#81970
0#
#81980
b1010 (
1#
#81990
0#
#82000
b1011 (
1#
#82010
0#
#82020
b1100 (
1#
#82030
0#
#82040
b0 (
1#
#82050
0#
#82060
1!
b1 (
1#
#82070
0#
#82080
b10 (
1#
#82090
0#
#82100
b11 (
1#
#82110
0#
#82120
b100 (
1#
#82130
0#
#82140
0!
b101 (
1#
#82150
0#
#82160
b110 (
1#
#82170
0#
#82180
b111 (
1#
#82190
0#
#82200
b1000 (
1#
#82210
0#
#82220
b1001 (
1#
#82230
0#
#82240
b1010 (
1#
#82250
0#
#82260
b1011 (
1#
#82270
0#
#82280
b1100 (
1#
#82290
0#
#82300
b0 (
1#
#82310
0#
#82320
1!
b1 (
1#
#82330
0#
#82340
b10 (
1#
#82350
0#
#82360
b11 (
1#
#82370
0#
#82380
b100 (
1#
#82390
0#
#82400
0!
b101 (
1#
#82410
0#
#82420
b110 (
1#
#82430
0#
#82440
b111 (
1#
#82450
0#
#82460
b1000 (
1#
#82470
0#
#82480
b1001 (
1#
#82490
0#
#82500
b1010 (
1#
#82510
0#
#82520
b1011 (
1#
#82530
0#
#82540
b1100 (
1#
#82550
0#
#82560
b0 (
1#
#82570
0#
#82580
1!
b1 (
1#
#82590
0#
#82600
b10 (
1#
#82610
0#
#82620
b11 (
1#
#82630
0#
#82640
b100 (
1#
#82650
0#
#82660
0!
b101 (
1#
#82670
0#
#82680
b110 (
1#
#82690
0#
#82700
b111 (
1#
#82710
0#
#82720
b1000 (
1#
#82730
0#
#82740
b1001 (
1#
#82750
0#
#82760
b1010 (
1#
#82770
0#
#82780
b1011 (
1#
#82790
0#
#82800
b1100 (
1#
#82810
0#
#82820
b0 (
1#
#82830
0#
#82840
1!
b1 (
1#
#82850
0#
#82860
b10 (
1#
#82870
0#
#82880
b11 (
1#
#82890
0#
#82900
b100 (
1#
#82910
0#
#82920
0!
b101 (
1#
#82930
0#
#82940
b110 (
1#
#82950
0#
#82960
b111 (
1#
#82970
0#
#82980
b1000 (
1#
#82990
0#
#83000
b1001 (
1#
#83010
0#
#83020
b1010 (
1#
#83030
0#
#83040
b1011 (
1#
#83050
0#
#83060
b1100 (
1#
#83070
0#
#83080
b0 (
1#
#83090
0#
#83100
1!
b1 (
1#
#83110
0#
#83120
b10 (
1#
#83130
0#
#83140
b11 (
1#
#83150
0#
#83160
b100 (
1#
#83170
0#
#83180
0!
b101 (
1#
#83190
0#
#83200
b110 (
1#
#83210
0#
#83220
b111 (
1#
#83230
0#
#83240
b1000 (
1#
#83250
0#
#83260
b1001 (
1#
#83270
0#
#83280
b1010 (
1#
#83290
0#
#83300
b1011 (
1#
#83310
0#
#83320
b1100 (
1#
#83330
0#
#83340
b0 (
1#
#83350
0#
#83360
1!
b1 (
1#
#83370
0#
#83380
b10 (
1#
#83390
0#
#83400
b11 (
1#
#83410
0#
#83420
b100 (
1#
#83430
0#
#83440
0!
b101 (
1#
#83450
0#
#83460
b110 (
1#
#83470
0#
#83480
b111 (
1#
#83490
0#
#83500
b1000 (
1#
#83510
0#
#83520
b1001 (
1#
#83530
0#
#83540
b1010 (
1#
#83550
0#
#83560
b1011 (
1#
#83570
0#
#83580
b1100 (
1#
#83590
0#
#83600
b0 (
1#
#83610
0#
#83620
1!
b1 (
1#
#83630
0#
#83640
b10 (
1#
#83650
0#
#83660
b11 (
1#
#83670
0#
#83680
b100 (
1#
#83690
0#
#83700
0!
b101 (
1#
#83710
0#
#83720
b110 (
1#
#83730
0#
#83740
b111 (
1#
#83750
0#
#83760
b1000 (
1#
#83770
0#
#83780
b1001 (
1#
#83790
0#
#83800
b1010 (
1#
#83810
0#
#83820
b1011 (
1#
#83830
0#
#83840
b1100 (
1#
#83850
0#
#83860
b0 (
1#
#83870
0#
#83880
1!
b1 (
1#
#83890
0#
#83900
b10 (
1#
#83910
0#
#83920
b11 (
1#
#83930
0#
#83940
b100 (
1#
#83950
0#
#83960
0!
b101 (
1#
#83970
0#
#83980
b110 (
1#
#83990
0#
#84000
b111 (
1#
#84010
0#
#84020
b1000 (
1#
#84030
0#
#84040
b1001 (
1#
#84050
0#
#84060
b1010 (
1#
#84070
0#
#84080
b1011 (
1#
#84090
0#
#84100
b1100 (
1#
#84110
0#
#84120
b0 (
1#
#84130
0#
#84140
1!
b1 (
1#
#84150
0#
#84160
b10 (
1#
#84170
0#
#84180
b11 (
1#
#84190
0#
#84200
b100 (
1#
#84210
0#
#84220
0!
b101 (
1#
#84230
0#
#84240
b110 (
1#
#84250
0#
#84260
b111 (
1#
#84270
0#
#84280
b1000 (
1#
#84290
0#
#84300
b1001 (
1#
#84310
0#
#84320
b1010 (
1#
#84330
0#
#84340
b1011 (
1#
#84350
0#
#84360
b1100 (
1#
#84370
0#
#84380
b0 (
1#
#84390
0#
#84400
1!
b1 (
1#
#84410
0#
#84420
b10 (
1#
#84430
0#
#84440
b11 (
1#
#84450
0#
#84460
b100 (
1#
#84470
0#
#84480
0!
b101 (
1#
#84490
0#
#84500
b110 (
1#
#84510
0#
#84520
b111 (
1#
#84530
0#
#84540
b1000 (
1#
#84550
0#
#84560
b1001 (
1#
#84570
0#
#84580
b1010 (
1#
#84590
0#
#84600
b1011 (
1#
#84610
0#
#84620
b1100 (
1#
#84630
0#
#84640
b0 (
1#
#84650
0#
#84660
1!
b1 (
1#
#84670
0#
#84680
b10 (
1#
#84690
0#
#84700
b11 (
1#
#84710
0#
#84720
b100 (
1#
#84730
0#
#84740
0!
b101 (
1#
#84750
0#
#84760
b110 (
1#
#84770
0#
#84780
b111 (
1#
#84790
0#
#84800
b1000 (
1#
#84810
0#
#84820
b1001 (
1#
#84830
0#
#84840
b1010 (
1#
#84850
0#
#84860
b1011 (
1#
#84870
0#
#84880
b1100 (
1#
#84890
0#
#84900
b0 (
1#
#84910
0#
#84920
1!
b1 (
1#
#84930
0#
#84940
b10 (
1#
#84950
0#
#84960
b11 (
1#
#84970
0#
#84980
b100 (
1#
#84990
0#
#85000
0!
b101 (
1#
#85010
0#
#85020
b110 (
1#
#85030
0#
#85040
b111 (
1#
#85050
0#
#85060
b1000 (
1#
#85070
0#
#85080
b1001 (
1#
#85090
0#
#85100
b1010 (
1#
#85110
0#
#85120
b1011 (
1#
#85130
0#
#85140
b1100 (
1#
#85150
0#
#85160
b0 (
1#
#85170
0#
#85180
1!
b1 (
1#
#85190
0#
#85200
b10 (
1#
#85210
0#
#85220
b11 (
1#
#85230
0#
#85240
b100 (
1#
#85250
0#
#85260
0!
b101 (
1#
#85270
0#
#85280
b110 (
1#
#85290
0#
#85300
b111 (
1#
#85310
0#
#85320
b1000 (
1#
#85330
0#
#85340
b1001 (
1#
#85350
0#
#85360
b1010 (
1#
#85370
0#
#85380
b1011 (
1#
#85390
0#
#85400
b1100 (
1#
#85410
0#
#85420
b0 (
1#
#85430
0#
#85440
1!
b1 (
1#
#85450
0#
#85460
b10 (
1#
#85470
0#
#85480
b11 (
1#
#85490
0#
#85500
b100 (
1#
#85510
0#
#85520
0!
b101 (
1#
#85530
0#
#85540
b110 (
1#
#85550
0#
#85560
b111 (
1#
#85570
0#
#85580
b1000 (
1#
#85590
0#
#85600
b1001 (
1#
#85610
0#
#85620
b1010 (
1#
#85630
0#
#85640
b1011 (
1#
#85650
0#
#85660
b1100 (
1#
#85670
0#
#85680
b0 (
1#
#85690
0#
#85700
1!
b1 (
1#
#85710
0#
#85720
b10 (
1#
#85730
0#
#85740
b11 (
1#
#85750
0#
#85760
b100 (
1#
#85770
0#
#85780
0!
b101 (
1#
#85790
0#
#85800
b110 (
1#
#85810
0#
#85820
b111 (
1#
#85830
0#
#85840
b1000 (
1#
#85850
0#
#85860
b1001 (
1#
#85870
0#
#85880
b1010 (
1#
#85890
0#
#85900
b1011 (
1#
#85910
0#
#85920
b1100 (
1#
#85930
0#
#85940
b0 (
1#
#85950
0#
#85960
1!
b1 (
1#
#85970
0#
#85980
b10 (
1#
#85990
0#
#86000
b11 (
1#
#86010
0#
#86020
b100 (
1#
#86030
0#
#86040
0!
b101 (
1#
#86050
0#
#86060
b110 (
1#
#86070
0#
#86080
b111 (
1#
#86090
0#
#86100
b1000 (
1#
#86110
0#
#86120
b1001 (
1#
#86130
0#
#86140
b1010 (
1#
#86150
0#
#86160
b1011 (
1#
#86170
0#
#86180
b1100 (
1#
#86190
0#
#86200
b0 (
1#
#86210
0#
#86220
1!
b1 (
1#
#86230
0#
#86240
b10 (
1#
#86250
0#
#86260
b11 (
1#
#86270
0#
#86280
b100 (
1#
#86290
0#
#86300
0!
b101 (
1#
#86310
0#
#86320
b110 (
1#
#86330
0#
#86340
b111 (
1#
#86350
0#
#86360
b1000 (
1#
#86370
0#
#86380
b1001 (
1#
#86390
0#
#86400
b1010 (
1#
#86410
0#
#86420
b1011 (
1#
#86430
0#
#86440
b1100 (
1#
#86450
0#
#86460
b0 (
1#
#86470
0#
#86480
1!
b1 (
1#
#86490
0#
#86500
b10 (
1#
#86510
0#
#86520
b11 (
1#
#86530
0#
#86540
b100 (
1#
#86550
0#
#86560
0!
b101 (
1#
#86570
0#
#86580
b110 (
1#
#86590
0#
#86600
b111 (
1#
#86610
0#
#86620
b1000 (
1#
#86630
0#
#86640
b1001 (
1#
#86650
0#
#86660
b1010 (
1#
#86670
0#
#86680
b1011 (
1#
#86690
0#
#86700
b1100 (
1#
#86710
0#
#86720
b0 (
1#
#86730
0#
#86740
1!
b1 (
1#
#86750
0#
#86760
b10 (
1#
#86770
0#
#86780
b11 (
1#
#86790
0#
#86800
b100 (
1#
#86810
0#
#86820
0!
b101 (
1#
#86830
0#
#86840
b110 (
1#
#86850
0#
#86860
b111 (
1#
#86870
0#
#86880
b1000 (
1#
#86890
0#
#86900
b1001 (
1#
#86910
0#
#86920
b1010 (
1#
#86930
0#
#86940
b1011 (
1#
#86950
0#
#86960
b1100 (
1#
#86970
0#
#86980
b0 (
1#
#86990
0#
#87000
1!
b1 (
1#
#87010
0#
#87020
b10 (
1#
#87030
0#
#87040
b11 (
1#
#87050
0#
#87060
b100 (
1#
#87070
0#
#87080
0!
b101 (
1#
#87090
0#
#87100
b110 (
1#
#87110
0#
#87120
b111 (
1#
#87130
0#
#87140
b1000 (
1#
#87150
0#
#87160
b1001 (
1#
#87170
0#
#87180
b1010 (
1#
#87190
0#
#87200
b1011 (
1#
#87210
0#
#87220
b1100 (
1#
#87230
0#
#87240
b0 (
1#
#87250
0#
#87260
1!
b1 (
1#
#87270
0#
#87280
b10 (
1#
#87290
0#
#87300
b11 (
1#
#87310
0#
#87320
b100 (
1#
#87330
0#
#87340
0!
b101 (
1#
#87350
0#
#87360
b110 (
1#
#87370
0#
#87380
b111 (
1#
#87390
0#
#87400
b1000 (
1#
#87410
0#
#87420
b1001 (
1#
#87430
0#
#87440
b1010 (
1#
#87450
0#
#87460
b1011 (
1#
#87470
0#
#87480
b1100 (
1#
#87490
0#
#87500
b0 (
1#
#87510
0#
#87520
1!
b1 (
1#
#87530
0#
#87540
b10 (
1#
#87550
0#
#87560
b11 (
1#
#87570
0#
#87580
b100 (
1#
#87590
0#
#87600
0!
b101 (
1#
#87610
0#
#87620
b110 (
1#
#87630
0#
#87640
b111 (
1#
#87650
0#
#87660
b1000 (
1#
#87670
0#
#87680
b1001 (
1#
#87690
0#
#87700
b1010 (
1#
#87710
0#
#87720
b1011 (
1#
#87730
0#
#87740
b1100 (
1#
#87750
0#
#87760
b0 (
1#
#87770
0#
#87780
1!
b1 (
1#
#87790
0#
#87800
b10 (
1#
#87810
0#
#87820
b11 (
1#
#87830
0#
#87840
b100 (
1#
#87850
0#
#87860
0!
b101 (
1#
#87870
0#
#87880
b110 (
1#
#87890
0#
#87900
b111 (
1#
#87910
0#
#87920
b1000 (
1#
#87930
0#
#87940
b1001 (
1#
#87950
0#
#87960
b1010 (
1#
#87970
0#
#87980
b1011 (
1#
#87990
0#
#88000
b1100 (
1#
#88010
0#
#88020
b0 (
1#
#88030
0#
#88040
1!
b1 (
1#
#88050
0#
#88060
b10 (
1#
#88070
0#
#88080
b11 (
1#
#88090
0#
#88100
b100 (
1#
#88110
0#
#88120
0!
b101 (
1#
#88130
0#
#88140
b110 (
1#
#88150
0#
#88160
b111 (
1#
#88170
0#
#88180
b1000 (
1#
#88190
0#
#88200
b1001 (
1#
#88210
0#
#88220
b1010 (
1#
#88230
0#
#88240
b1011 (
1#
#88250
0#
#88260
b1100 (
1#
#88270
0#
#88280
b0 (
1#
#88290
0#
#88300
1!
b1 (
1#
#88310
0#
#88320
b10 (
1#
#88330
0#
#88340
b11 (
1#
#88350
0#
#88360
b100 (
1#
#88370
0#
#88380
0!
b101 (
1#
#88390
0#
#88400
b110 (
1#
#88410
0#
#88420
b111 (
1#
#88430
0#
#88440
b1000 (
1#
#88450
0#
#88460
b1001 (
1#
#88470
0#
#88480
b1010 (
1#
#88490
0#
#88500
b1011 (
1#
#88510
0#
#88520
b1100 (
1#
#88530
0#
#88540
b0 (
1#
#88550
0#
#88560
1!
b1 (
1#
#88570
0#
#88580
b10 (
1#
#88590
0#
#88600
b11 (
1#
#88610
0#
#88620
b100 (
1#
#88630
0#
#88640
0!
b101 (
1#
#88650
0#
#88660
b110 (
1#
#88670
0#
#88680
b111 (
1#
#88690
0#
#88700
b1000 (
1#
#88710
0#
#88720
b1001 (
1#
#88730
0#
#88740
b1010 (
1#
#88750
0#
#88760
b1011 (
1#
#88770
0#
#88780
b1100 (
1#
#88790
0#
#88800
b0 (
1#
#88810
0#
#88820
1!
b1 (
1#
#88830
0#
#88840
b10 (
1#
#88850
0#
#88860
b11 (
1#
#88870
0#
#88880
b100 (
1#
#88890
0#
#88900
0!
b101 (
1#
#88910
0#
#88920
b110 (
1#
#88930
0#
#88940
b111 (
1#
#88950
0#
#88960
b1000 (
1#
#88970
0#
#88980
b1001 (
1#
#88990
0#
#89000
b1010 (
1#
#89010
0#
#89020
b1011 (
1#
#89030
0#
#89040
b1100 (
1#
#89050
0#
#89060
b0 (
1#
#89070
0#
#89080
1!
b1 (
1#
#89090
0#
#89100
b10 (
1#
#89110
0#
#89120
b11 (
1#
#89130
0#
#89140
b100 (
1#
#89150
0#
#89160
0!
b101 (
1#
#89170
0#
#89180
b110 (
1#
#89190
0#
#89200
b111 (
1#
#89210
0#
#89220
b1000 (
1#
#89230
0#
#89240
b1001 (
1#
#89250
0#
#89260
b1010 (
1#
#89270
0#
#89280
b1011 (
1#
#89290
0#
#89300
b1100 (
1#
#89310
0#
#89320
b0 (
1#
#89330
0#
#89340
1!
b1 (
1#
#89350
0#
#89360
b10 (
1#
#89370
0#
#89380
b11 (
1#
#89390
0#
#89400
b100 (
1#
#89410
0#
#89420
0!
b101 (
1#
#89430
0#
#89440
b110 (
1#
#89450
0#
#89460
b111 (
1#
#89470
0#
#89480
b1000 (
1#
#89490
0#
#89500
b1001 (
1#
#89510
0#
#89520
b1010 (
1#
#89530
0#
#89540
b1011 (
1#
#89550
0#
#89560
b1100 (
1#
#89570
0#
#89580
b0 (
1#
#89590
0#
#89600
1!
b1 (
1#
#89610
0#
#89620
b10 (
1#
#89630
0#
#89640
b11 (
1#
#89650
0#
#89660
b100 (
1#
#89670
0#
#89680
0!
b101 (
1#
#89690
0#
#89700
b110 (
1#
#89710
0#
#89720
b111 (
1#
#89730
0#
#89740
b1000 (
1#
#89750
0#
#89760
b1001 (
1#
#89770
0#
#89780
b1010 (
1#
#89790
0#
#89800
b1011 (
1#
#89810
0#
#89820
b1100 (
1#
#89830
0#
#89840
b0 (
1#
#89850
0#
#89860
1!
b1 (
1#
#89870
0#
#89880
b10 (
1#
#89890
0#
#89900
b11 (
1#
#89910
0#
#89920
b100 (
1#
#89930
0#
#89940
0!
b101 (
1#
#89950
0#
#89960
b110 (
1#
#89970
0#
#89980
b111 (
1#
#89990
0#
#90000
b1000 (
1#
#90010
0#
#90020
b1001 (
1#
#90030
0#
#90040
b1010 (
1#
#90050
0#
#90060
b1011 (
1#
#90070
0#
#90080
b1100 (
1#
#90090
0#
#90100
b0 (
1#
#90110
0#
#90120
1!
b1 (
1#
#90130
0#
#90140
b10 (
1#
#90150
0#
#90160
b11 (
1#
#90170
0#
#90180
b100 (
1#
#90190
0#
#90200
0!
b101 (
1#
#90210
0#
#90220
b110 (
1#
#90230
0#
#90240
b111 (
1#
#90250
0#
#90260
b1000 (
1#
#90270
0#
#90280
b1001 (
1#
#90290
0#
#90300
b1010 (
1#
#90310
0#
#90320
b1011 (
1#
#90330
0#
#90340
b1100 (
1#
#90350
0#
#90360
b0 (
1#
#90370
0#
#90380
1!
b1 (
1#
#90390
0#
#90400
b10 (
1#
#90410
0#
#90420
b11 (
1#
#90430
0#
#90440
b100 (
1#
#90450
0#
#90460
0!
b101 (
1#
#90470
0#
#90480
b110 (
1#
#90490
0#
#90500
b111 (
1#
#90510
0#
#90520
b1000 (
1#
#90530
0#
#90540
b1001 (
1#
#90550
0#
#90560
b1010 (
1#
#90570
0#
#90580
b1011 (
1#
#90590
0#
#90600
b1100 (
1#
#90610
0#
#90620
b0 (
1#
#90630
0#
#90640
1!
b1 (
1#
#90650
0#
#90660
b10 (
1#
#90670
0#
#90680
b11 (
1#
#90690
0#
#90700
b100 (
1#
#90710
0#
#90720
0!
b101 (
1#
#90730
0#
#90740
b110 (
1#
#90750
0#
#90760
b111 (
1#
#90770
0#
#90780
b1000 (
1#
#90790
0#
#90800
b1001 (
1#
#90810
0#
#90820
b1010 (
1#
#90830
0#
#90840
b1011 (
1#
#90850
0#
#90860
b1100 (
1#
#90870
0#
#90880
b0 (
1#
#90890
0#
#90900
1!
b1 (
1#
#90910
0#
#90920
b10 (
1#
#90930
0#
#90940
b11 (
1#
#90950
0#
#90960
b100 (
1#
#90970
0#
#90980
0!
b101 (
1#
#90990
0#
#91000
b110 (
1#
#91010
0#
#91020
b111 (
1#
#91030
0#
#91040
b1000 (
1#
#91050
0#
#91060
b1001 (
1#
#91070
0#
#91080
b1010 (
1#
#91090
0#
#91100
b1011 (
1#
#91110
0#
#91120
b1100 (
1#
#91130
0#
#91140
b0 (
1#
#91150
0#
#91160
1!
b1 (
1#
#91170
0#
#91180
b10 (
1#
#91190
0#
#91200
b11 (
1#
#91210
0#
#91220
b100 (
1#
#91230
0#
#91240
0!
b101 (
1#
#91250
0#
#91260
b110 (
1#
#91270
0#
#91280
b111 (
1#
#91290
0#
#91300
b1000 (
1#
#91310
0#
#91320
b1001 (
1#
#91330
0#
#91340
b1010 (
1#
#91350
0#
#91360
b1011 (
1#
#91370
0#
#91380
b1100 (
1#
#91390
0#
#91400
b0 (
1#
#91410
0#
#91420
1!
b1 (
1#
#91430
0#
#91440
b10 (
1#
#91450
0#
#91460
b11 (
1#
#91470
0#
#91480
b100 (
1#
#91490
0#
#91500
0!
b101 (
1#
#91510
0#
#91520
b110 (
1#
#91530
0#
#91540
b111 (
1#
#91550
0#
#91560
b1000 (
1#
#91570
0#
#91580
b1001 (
1#
#91590
0#
#91600
b1010 (
1#
#91610
0#
#91620
b1011 (
1#
#91630
0#
#91640
b1100 (
1#
#91650
0#
#91660
b0 (
1#
#91670
0#
#91680
1!
b1 (
1#
#91690
0#
#91700
b10 (
1#
#91710
0#
#91720
b11 (
1#
#91730
0#
#91740
b100 (
1#
#91750
0#
#91760
0!
b101 (
1#
#91770
0#
#91780
b110 (
1#
#91790
0#
#91800
b111 (
1#
#91810
0#
#91820
b1000 (
1#
#91830
0#
#91840
b1001 (
1#
#91850
0#
#91860
b1010 (
1#
#91870
0#
#91880
b1011 (
1#
#91890
0#
#91900
b1100 (
1#
#91910
0#
#91920
b0 (
1#
#91930
0#
#91940
1!
b1 (
1#
#91950
0#
#91960
b10 (
1#
#91970
0#
#91980
b11 (
1#
#91990
0#
#92000
b100 (
1#
#92010
0#
#92020
0!
b101 (
1#
#92030
0#
#92040
b110 (
1#
#92050
0#
#92060
b111 (
1#
#92070
0#
#92080
b1000 (
1#
#92090
0#
#92100
b1001 (
1#
#92110
0#
#92120
b1010 (
1#
#92130
0#
#92140
b1011 (
1#
#92150
0#
#92160
b1100 (
1#
#92170
0#
#92180
b0 (
1#
#92190
0#
#92200
1!
b1 (
1#
#92210
0#
#92220
b10 (
1#
#92230
0#
#92240
b11 (
1#
#92250
0#
#92260
b100 (
1#
#92270
0#
#92280
0!
b101 (
1#
#92290
0#
#92300
b110 (
1#
#92310
0#
#92320
b111 (
1#
#92330
0#
#92340
b1000 (
1#
#92350
0#
#92360
b1001 (
1#
#92370
0#
#92380
b1010 (
1#
#92390
0#
#92400
b1011 (
1#
#92410
0#
#92420
b1100 (
1#
#92430
0#
#92440
b0 (
1#
#92450
0#
#92460
1!
b1 (
1#
#92470
0#
#92480
b10 (
1#
#92490
0#
#92500
b11 (
1#
#92510
0#
#92520
b100 (
1#
#92530
0#
#92540
0!
b101 (
1#
#92550
0#
#92560
b110 (
1#
#92570
0#
#92580
b111 (
1#
#92590
0#
#92600
b1000 (
1#
#92610
0#
#92620
b1001 (
1#
#92630
0#
#92640
b1010 (
1#
#92650
0#
#92660
b1011 (
1#
#92670
0#
#92680
b1100 (
1#
#92690
0#
#92700
b0 (
1#
#92710
0#
#92720
1!
b1 (
1#
#92730
0#
#92740
b10 (
1#
#92750
0#
#92760
b11 (
1#
#92770
0#
#92780
b100 (
1#
#92790
0#
#92800
0!
b101 (
1#
#92810
0#
#92820
b110 (
1#
#92830
0#
#92840
b111 (
1#
#92850
0#
#92860
b1000 (
1#
#92870
0#
#92880
b1001 (
1#
#92890
0#
#92900
b1010 (
1#
#92910
0#
#92920
b1011 (
1#
#92930
0#
#92940
b1100 (
1#
#92950
0#
#92960
b0 (
1#
#92970
0#
#92980
1!
b1 (
1#
#92990
0#
#93000
b10 (
1#
#93010
0#
#93020
b11 (
1#
#93030
0#
#93040
b100 (
1#
#93050
0#
#93060
0!
b101 (
1#
#93070
0#
#93080
b110 (
1#
#93090
0#
#93100
b111 (
1#
#93110
0#
#93120
b1000 (
1#
#93130
0#
#93140
b1001 (
1#
#93150
0#
#93160
b1010 (
1#
#93170
0#
#93180
b1011 (
1#
#93190
0#
#93200
b1100 (
1#
#93210
0#
#93220
b0 (
1#
#93230
0#
#93240
1!
b1 (
1#
#93250
0#
#93260
b10 (
1#
#93270
0#
#93280
b11 (
1#
#93290
0#
#93300
b100 (
1#
#93310
0#
#93320
0!
b101 (
1#
#93330
0#
#93340
b110 (
1#
#93350
0#
#93360
b111 (
1#
#93370
0#
#93380
b1000 (
1#
#93390
0#
#93400
b1001 (
1#
#93410
0#
#93420
b1010 (
1#
#93430
0#
#93440
b1011 (
1#
#93450
0#
#93460
b1100 (
1#
#93470
0#
#93480
b0 (
1#
#93490
0#
#93500
1!
b1 (
1#
#93510
0#
#93520
b10 (
1#
#93530
0#
#93540
b11 (
1#
#93550
0#
#93560
b100 (
1#
#93570
0#
#93580
0!
b101 (
1#
#93590
0#
#93600
b110 (
1#
#93610
0#
#93620
b111 (
1#
#93630
0#
#93640
b1000 (
1#
#93650
0#
#93660
b1001 (
1#
#93670
0#
#93680
b1010 (
1#
#93690
0#
#93700
b1011 (
1#
#93710
0#
#93720
b1100 (
1#
#93730
0#
#93740
b0 (
1#
#93750
0#
#93760
1!
b1 (
1#
#93770
0#
#93780
b10 (
1#
#93790
0#
#93800
b11 (
1#
#93810
0#
#93820
b100 (
1#
#93830
0#
#93840
0!
b101 (
1#
#93850
0#
#93860
b110 (
1#
#93870
0#
#93880
b111 (
1#
#93890
0#
#93900
b1000 (
1#
#93910
0#
#93920
b1001 (
1#
#93930
0#
#93940
b1010 (
1#
#93950
0#
#93960
b1011 (
1#
#93970
0#
#93980
b1100 (
1#
#93990
0#
#94000
b0 (
1#
#94010
0#
#94020
1!
b1 (
1#
#94030
0#
#94040
b10 (
1#
#94050
0#
#94060
b11 (
1#
#94070
0#
#94080
b100 (
1#
#94090
0#
#94100
0!
b101 (
1#
#94110
0#
#94120
b110 (
1#
#94130
0#
#94140
b111 (
1#
#94150
0#
#94160
b1000 (
1#
#94170
0#
#94180
b1001 (
1#
#94190
0#
#94200
b1010 (
1#
#94210
0#
#94220
b1011 (
1#
#94230
0#
#94240
b1100 (
1#
#94250
0#
#94260
b0 (
1#
#94270
0#
#94280
1!
b1 (
1#
#94290
0#
#94300
b10 (
1#
#94310
0#
#94320
b11 (
1#
#94330
0#
#94340
b100 (
1#
#94350
0#
#94360
0!
b101 (
1#
#94370
0#
#94380
b110 (
1#
#94390
0#
#94400
b111 (
1#
#94410
0#
#94420
b1000 (
1#
#94430
0#
#94440
b1001 (
1#
#94450
0#
#94460
b1010 (
1#
#94470
0#
#94480
b1011 (
1#
#94490
0#
#94500
b1100 (
1#
#94510
0#
#94520
b0 (
1#
#94530
0#
#94540
1!
b1 (
1#
#94550
0#
#94560
b10 (
1#
#94570
0#
#94580
b11 (
1#
#94590
0#
#94600
b100 (
1#
#94610
0#
#94620
0!
b101 (
1#
#94630
0#
#94640
b110 (
1#
#94650
0#
#94660
b111 (
1#
#94670
0#
#94680
b1000 (
1#
#94690
0#
#94700
b1001 (
1#
#94710
0#
#94720
b1010 (
1#
#94730
0#
#94740
b1011 (
1#
#94750
0#
#94760
b1100 (
1#
#94770
0#
#94780
b0 (
1#
#94790
0#
#94800
1!
b1 (
1#
#94810
0#
#94820
b10 (
1#
#94830
0#
#94840
b11 (
1#
#94850
0#
#94860
b100 (
1#
#94870
0#
#94880
0!
b101 (
1#
#94890
0#
#94900
b110 (
1#
#94910
0#
#94920
b111 (
1#
#94930
0#
#94940
b1000 (
1#
#94950
0#
#94960
b1001 (
1#
#94970
0#
#94980
b1010 (
1#
#94990
0#
#95000
b1011 (
1#
#95010
0#
#95020
b1100 (
1#
#95030
0#
#95040
b0 (
1#
#95050
0#
#95060
1!
b1 (
1#
#95070
0#
#95080
b10 (
1#
#95090
0#
#95100
b11 (
1#
#95110
0#
#95120
b100 (
1#
#95130
0#
#95140
0!
b101 (
1#
#95150
0#
#95160
b110 (
1#
#95170
0#
#95180
b111 (
1#
#95190
0#
#95200
b1000 (
1#
#95210
0#
#95220
b1001 (
1#
#95230
0#
#95240
b1010 (
1#
#95250
0#
#95260
b1011 (
1#
#95270
0#
#95280
b1100 (
1#
#95290
0#
#95300
b0 (
1#
#95310
0#
#95320
1!
b1 (
1#
#95330
0#
#95340
b10 (
1#
#95350
0#
#95360
b11 (
1#
#95370
0#
#95380
b100 (
1#
#95390
0#
#95400
0!
b101 (
1#
#95410
0#
#95420
b110 (
1#
#95430
0#
#95440
b111 (
1#
#95450
0#
#95460
b1000 (
1#
#95470
0#
#95480
b1001 (
1#
#95490
0#
#95500
b1010 (
1#
#95510
0#
#95520
b1011 (
1#
#95530
0#
#95540
b1100 (
1#
#95550
0#
#95560
b0 (
1#
#95570
0#
#95580
1!
b1 (
1#
#95590
0#
#95600
b10 (
1#
#95610
0#
#95620
b11 (
1#
#95630
0#
#95640
b100 (
1#
#95650
0#
#95660
0!
b101 (
1#
#95670
0#
#95680
b110 (
1#
#95690
0#
#95700
b111 (
1#
#95710
0#
#95720
b1000 (
1#
#95730
0#
#95740
b1001 (
1#
#95750
0#
#95760
b1010 (
1#
#95770
0#
#95780
b1011 (
1#
#95790
0#
#95800
b1100 (
1#
#95810
0#
#95820
b0 (
1#
#95830
0#
#95840
1!
b1 (
1#
#95850
0#
#95860
b10 (
1#
#95870
0#
#95880
b11 (
1#
#95890
0#
#95900
b100 (
1#
#95910
0#
#95920
0!
b101 (
1#
#95930
0#
#95940
b110 (
1#
#95950
0#
#95960
b111 (
1#
#95970
0#
#95980
b1000 (
1#
#95990
0#
#96000
b1001 (
1#
#96010
0#
#96020
b1010 (
1#
#96030
0#
#96040
b1011 (
1#
#96050
0#
#96060
b1100 (
1#
#96070
0#
#96080
b0 (
1#
#96090
0#
#96100
1!
b1 (
1#
#96110
0#
#96120
b10 (
1#
#96130
0#
#96140
b11 (
1#
#96150
0#
#96160
b100 (
1#
#96170
0#
#96180
0!
b101 (
1#
#96190
0#
#96200
b110 (
1#
#96210
0#
#96220
b111 (
1#
#96230
0#
#96240
b1000 (
1#
#96250
0#
#96260
b1001 (
1#
#96270
0#
#96280
b1010 (
1#
#96290
0#
#96300
b1011 (
1#
#96310
0#
#96320
b1100 (
1#
#96330
0#
#96340
b0 (
1#
#96350
0#
#96360
1!
b1 (
1#
#96370
0#
#96380
b10 (
1#
#96390
0#
#96400
b11 (
1#
#96410
0#
#96420
b100 (
1#
#96430
0#
#96440
0!
b101 (
1#
#96450
0#
#96460
b110 (
1#
#96470
0#
#96480
b111 (
1#
#96490
0#
#96500
b1000 (
1#
#96510
0#
#96520
b1001 (
1#
#96530
0#
#96540
b1010 (
1#
#96550
0#
#96560
b1011 (
1#
#96570
0#
#96580
b1100 (
1#
#96590
0#
#96600
b0 (
1#
#96610
0#
#96620
1!
b1 (
1#
#96630
0#
#96640
b10 (
1#
#96650
0#
#96660
b11 (
1#
#96670
0#
#96680
b100 (
1#
#96690
0#
#96700
0!
b101 (
1#
#96710
0#
#96720
b110 (
1#
#96730
0#
#96740
b111 (
1#
#96750
0#
#96760
b1000 (
1#
#96770
0#
#96780
b1001 (
1#
#96790
0#
#96800
b1010 (
1#
#96810
0#
#96820
b1011 (
1#
#96830
0#
#96840
b1100 (
1#
#96850
0#
#96860
b0 (
1#
#96870
0#
#96880
1!
b1 (
1#
#96890
0#
#96900
b10 (
1#
#96910
0#
#96920
b11 (
1#
#96930
0#
#96940
b100 (
1#
#96950
0#
#96960
0!
b101 (
1#
#96970
0#
#96980
b110 (
1#
#96990
0#
#97000
b111 (
1#
#97010
0#
#97020
b1000 (
1#
#97030
0#
#97040
b1001 (
1#
#97050
0#
#97060
b1010 (
1#
#97070
0#
#97080
b1011 (
1#
#97090
0#
#97100
b1100 (
1#
#97110
0#
#97120
b0 (
1#
#97130
0#
#97140
1!
b1 (
1#
#97150
0#
#97160
b10 (
1#
#97170
0#
#97180
b11 (
1#
#97190
0#
#97200
b100 (
1#
#97210
0#
#97220
0!
b101 (
1#
#97230
0#
#97240
b110 (
1#
#97250
0#
#97260
b111 (
1#
#97270
0#
#97280
b1000 (
1#
#97290
0#
#97300
b1001 (
1#
#97310
0#
#97320
b1010 (
1#
#97330
0#
#97340
b1011 (
1#
#97350
0#
#97360
b1100 (
1#
#97370
0#
#97380
b0 (
1#
#97390
0#
#97400
1!
b1 (
1#
#97410
0#
#97420
b10 (
1#
#97430
0#
#97440
b11 (
1#
#97450
0#
#97460
b100 (
1#
#97470
0#
#97480
0!
b101 (
1#
#97490
0#
#97500
b110 (
1#
#97510
0#
#97520
b111 (
1#
#97530
0#
#97540
b1000 (
1#
#97550
0#
#97560
b1001 (
1#
#97570
0#
#97580
b1010 (
1#
#97590
0#
#97600
b1011 (
1#
#97610
0#
#97620
b1100 (
1#
#97630
0#
#97640
b0 (
1#
#97650
0#
#97660
1!
b1 (
1#
#97670
0#
#97680
b10 (
1#
#97690
0#
#97700
b11 (
1#
#97710
0#
#97720
b100 (
1#
#97730
0#
#97740
0!
b101 (
1#
#97750
0#
#97760
b110 (
1#
#97770
0#
#97780
b111 (
1#
#97790
0#
#97800
b1000 (
1#
#97810
0#
#97820
b1001 (
1#
#97830
0#
#97840
b1010 (
1#
#97850
0#
#97860
b1011 (
1#
#97870
0#
#97880
b1100 (
1#
#97890
0#
#97900
b0 (
1#
#97910
0#
#97920
1!
b1 (
1#
#97930
0#
#97940
b10 (
1#
#97950
0#
#97960
b11 (
1#
#97970
0#
#97980
b100 (
1#
#97990
0#
#98000
0!
b101 (
1#
#98010
0#
#98020
b110 (
1#
#98030
0#
#98040
b111 (
1#
#98050
0#
#98060
b1000 (
1#
#98070
0#
#98080
b1001 (
1#
#98090
0#
#98100
b1010 (
1#
#98110
0#
#98120
b1011 (
1#
#98130
0#
#98140
b1100 (
1#
#98150
0#
#98160
b0 (
1#
#98170
0#
#98180
1!
b1 (
1#
#98190
0#
#98200
b10 (
1#
#98210
0#
#98220
b11 (
1#
#98230
0#
#98240
b100 (
1#
#98250
0#
#98260
0!
b101 (
1#
#98270
0#
#98280
b110 (
1#
#98290
0#
#98300
b111 (
1#
#98310
0#
#98320
b1000 (
1#
#98330
0#
#98340
b1001 (
1#
#98350
0#
#98360
b1010 (
1#
#98370
0#
#98380
b1011 (
1#
#98390
0#
#98400
b1100 (
1#
#98410
0#
#98420
b0 (
1#
#98430
0#
#98440
1!
b1 (
1#
#98450
0#
#98460
b10 (
1#
#98470
0#
#98480
b11 (
1#
#98490
0#
#98500
b100 (
1#
#98510
0#
#98520
0!
b101 (
1#
#98530
0#
#98540
b110 (
1#
#98550
0#
#98560
b111 (
1#
#98570
0#
#98580
b1000 (
1#
#98590
0#
#98600
b1001 (
1#
#98610
0#
#98620
b1010 (
1#
#98630
0#
#98640
b1011 (
1#
#98650
0#
#98660
b1100 (
1#
#98670
0#
#98680
b0 (
1#
#98690
0#
#98700
1!
b1 (
1#
#98710
0#
#98720
b10 (
1#
#98730
0#
#98740
b11 (
1#
#98750
0#
#98760
b100 (
1#
#98770
0#
#98780
0!
b101 (
1#
#98790
0#
#98800
b110 (
1#
#98810
0#
#98820
b111 (
1#
#98830
0#
#98840
b1000 (
1#
#98850
0#
#98860
b1001 (
1#
#98870
0#
#98880
b1010 (
1#
#98890
0#
#98900
b1011 (
1#
#98910
0#
#98920
b1100 (
1#
#98930
0#
#98940
b0 (
1#
#98950
0#
#98960
1!
b1 (
1#
#98970
0#
#98980
b10 (
1#
#98990
0#
#99000
b11 (
1#
#99010
0#
#99020
b100 (
1#
#99030
0#
#99040
0!
b101 (
1#
#99050
0#
#99060
b110 (
1#
#99070
0#
#99080
b111 (
1#
#99090
0#
#99100
b1000 (
1#
#99110
0#
#99120
b1001 (
1#
#99130
0#
#99140
b1010 (
1#
#99150
0#
#99160
b1011 (
1#
#99170
0#
#99180
b1100 (
1#
#99190
0#
#99200
b0 (
1#
#99210
0#
#99220
1!
b1 (
1#
#99230
0#
#99240
b10 (
1#
#99250
0#
#99260
b11 (
1#
#99270
0#
#99280
b100 (
1#
#99290
0#
#99300
0!
b101 (
1#
#99310
0#
#99320
b110 (
1#
#99330
0#
#99340
b111 (
1#
#99350
0#
#99360
b1000 (
1#
#99370
0#
#99380
b1001 (
1#
#99390
0#
#99400
b1010 (
1#
#99410
0#
#99420
b1011 (
1#
#99430
0#
#99440
b1100 (
1#
#99450
0#
#99460
b0 (
1#
#99470
0#
#99480
1!
b1 (
1#
#99490
0#
#99500
b10 (
1#
#99510
0#
#99520
b11 (
1#
#99530
0#
#99540
b100 (
1#
#99550
0#
#99560
0!
b101 (
1#
#99570
0#
#99580
b110 (
1#
#99590
0#
#99600
b111 (
1#
#99610
0#
#99620
b1000 (
1#
#99630
0#
#99640
b1001 (
1#
#99650
0#
#99660
b1010 (
1#
#99670
0#
#99680
b1011 (
1#
#99690
0#
#99700
b1100 (
1#
#99710
0#
#99720
b0 (
1#
#99730
0#
#99740
1!
b1 (
1#
#99750
0#
#99760
b10 (
1#
#99770
0#
#99780
b11 (
1#
#99790
0#
#99800
b100 (
1#
#99810
0#
#99820
0!
b101 (
1#
#99830
0#
#99840
b110 (
1#
#99850
0#
#99860
b111 (
1#
#99870
0#
#99880
b1000 (
1#
#99890
0#
#99900
b1001 (
1#
#99910
0#
#99920
b1010 (
1#
#99930
0#
#99940
b1011 (
1#
#99950
0#
#99960
b1100 (
1#
#99970
0#
#99980
b0 (
1#
#99990
0#
#100000
1!
b1 (
1#
#100010
0#
#100020
b10 (
1#
#100030
0#
#100040
b11 (
1#
#100050
0#
#100060
b100 (
1#
#100070
0#
#100080
0!
b101 (
1#
#100090
0#
#100100
b110 (
1#
#100110
0#
#100120
b111 (
1#
#100130
0#
#100140
b1000 (
1#
#100150
0#
#100160
b1001 (
1#
#100170
0#
#100180
b1010 (
1#
#100190
0#
#100200
b1011 (
1#
#100210
0#
#100220
b1100 (
1#
#100230
0#
#100240
b0 (
1#
#100250
0#
#100260
1!
b1 (
1#
#100270
0#
#100280
b10 (
1#
#100290
0#
#100300
b11 (
1#
#100310
0#
#100320
b100 (
1#
#100330
0#
#100340
0!
b101 (
1#
#100350
0#
#100360
b110 (
1#
#100370
0#
#100380
b111 (
1#
#100390
0#
#100400
b1000 (
1#
#100410
0#
#100420
b1001 (
1#
#100430
0#
#100440
b1010 (
1#
#100450
0#
#100460
b1011 (
1#
#100470
0#
#100480
b1100 (
1#
#100490
0#
#100500
b0 (
1#
