$date
	Wed Dec 23 14:38:47 2020
$end
$version
	Icarus Verilog
$end
$timescale
	1ns
$end
$scope module ICARUS_TB $end
$var wire 32 ! position [31:0] $end
$var reg 1 " clk $end
$var reg 1 # dir $end
$var reg 1 $ puls $end
$var reg 1 % reset $end
$scope module stepper_position $end
$var wire 1 " CLK $end
$var wire 1 # DIR $end
$var wire 1 $ PULS $end
$var wire 1 % RESET $end
$var wire 1 & puls_fe $end
$var wire 1 ' puls_re $end
$var reg 32 ( POSITION [31:0] $end
$var reg 1 ) hri1 $end
$var reg 1 * hri2 $end
$upscope $end
$upscope $end
$enddefinitions $end
#0
$dumpvars
0*
1)
b0 (
1'
0&
0%
1$
0#
1"
b0 !
$end
#10
0"
#20
0'
1*
1"
#30
0"
#40
1"
#50
0"
#60
1"
#70
0"
#80
1"
#90
0"
#100
1"
#110
0"
#120
1"
#130
0"
#140
1"
#150
0"
#160
1"
#170
0"
#180
1"
#190
0"
#200
1&
0)
1"
0$
#210
0"
#220
0&
b11111111111111111111111111111111 !
b11111111111111111111111111111111 (
0*
1"
#230
0"
#240
1"
#250
0"
#260
1"
#270
0"
#280
1"
#290
0"
#300
1'
1)
1"
1$
#310
0"
#320
0'
1*
1"
#330
0"
#340
1"
#350
0"
#360
1"
#370
0"
#380
1"
#390
0"
#400
1&
0)
1"
0$
#410
0"
#420
0&
b11111111111111111111111111111110 !
b11111111111111111111111111111110 (
0*
1"
#430
0"
#440
1"
#450
0"
#460
1"
#470
0"
#480
1"
#490
0"
#500
1'
1)
1"
1$
#510
0"
#520
0'
1*
1"
#530
0"
#540
1"
#550
0"
#560
1"
#570
0"
#580
1"
#590
0"
#600
1&
0)
1"
0$
#610
0"
#620
0&
b11111111111111111111111111111101 !
b11111111111111111111111111111101 (
0*
1"
#630
0"
#640
1"
#650
0"
#660
1"
#670
0"
#680
1"
#690
0"
#700
1'
1)
1"
1$
#710
0"
#720
0'
1*
1"
#730
0"
#740
1"
#750
0"
#760
1"
#770
0"
#780
1"
#790
0"
#800
1&
0)
1"
0$
#810
0"
#820
0&
b11111111111111111111111111111100 !
b11111111111111111111111111111100 (
0*
1"
#830
0"
#840
1"
#850
0"
#860
1"
#870
0"
#880
1"
#890
0"
#900
1'
1)
1"
1$
#910
0"
#920
0'
1*
1"
#930
0"
#940
1"
#950
0"
#960
1"
#970
0"
#980
1"
#990
0"
#1000
1&
0)
1"
0$
#1010
0"
#1020
0&
b11111111111111111111111111111011 !
b11111111111111111111111111111011 (
0*
1"
#1030
0"
#1040
1"
#1050
0"
#1060
1"
#1070
0"
#1080
1"
#1090
0"
#1100
1"
1#
#1110
0"
#1120
1"
#1130
0"
#1140
1"
#1150
0"
#1160
1"
#1170
0"
#1180
1"
#1190
0"
#1200
1'
1)
1"
1$
#1210
0"
#1220
0'
1*
1"
#1230
0"
#1240
1"
#1250
0"
#1260
1"
#1270
0"
#1280
1"
#1290
0"
#1300
1&
0)
1"
0$
#1310
0"
#1320
0&
b11111111111111111111111111111100 !
b11111111111111111111111111111100 (
0*
1"
#1330
0"
#1340
1"
#1350
0"
#1360
1"
#1370
0"
#1380
1"
#1390
0"
#1400
1'
1)
1"
1$
#1410
0"
#1420
0'
1*
1"
#1430
0"
#1440
1"
#1450
0"
#1460
1"
#1470
0"
#1480
1"
#1490
0"
#1500
1&
0)
1"
0$
#1510
0"
#1520
0&
b11111111111111111111111111111101 !
b11111111111111111111111111111101 (
0*
1"
#1530
0"
#1540
1"
#1550
0"
#1560
1"
#1570
0"
#1580
1"
#1590
0"
#1600
1'
1)
1"
1$
#1610
0"
#1620
0'
1*
1"
#1630
0"
#1640
1"
#1650
0"
#1660
1"
#1670
0"
#1680
1"
#1690
0"
#1700
1&
0)
1"
0$
#1710
0"
#1720
0&
b11111111111111111111111111111110 !
b11111111111111111111111111111110 (
0*
1"
#1730
0"
#1740
1"
#1750
0"
#1760
1"
#1770
0"
#1780
1"
#1790
0"
#1800
1'
1)
1"
1$
#1810
0"
#1820
0'
1*
1"
#1830
0"
#1840
1"
#1850
0"
#1860
1"
#1870
0"
#1880
1"
#1890
0"
#1900
1&
0)
1"
0$
#1910
0"
#1920
0&
b11111111111111111111111111111111 !
b11111111111111111111111111111111 (
0*
1"
#1930
0"
#1940
1"
#1950
0"
#1960
1"
#1970
0"
#1980
1"
#1990
0"
#2000
1'
1)
1"
1$
#2010
0"
#2020
0'
1*
1"
#2030
0"
#2040
1"
#2050
0"
#2060
1"
#2070
0"
#2080
1"
#2090
0"
#2100
1&
0)
1"
0$
#2110
0"
#2120
0&
b0 !
b0 (
0*
1"
#2130
0"
#2140
1"
#2150
0"
#2160
1"
#2170
0"
#2180
1"
#2190
0"
#2200
1'
1)
1"
1$
#2210
0"
#2220
0'
1*
1"
#2230
0"
#2240
1"
#2250
0"
#2260
1"
#2270
0"
#2280
1"
#2290
0"
#2300
1&
0)
1"
0$
#2310
0"
#2320
0&
b1 !
b1 (
0*
1"
#2330
0"
#2340
1"
#2350
0"
#2360
1"
#2370
0"
#2380
1"
#2390
0"
#2400
1'
1)
1"
1$
#2410
0"
#2420
0'
1*
1"
#2430
0"
#2440
1"
#2450
0"
#2460
1"
#2470
0"
#2480
1"
#2490
0"
#2500
1&
0)
1"
0$
#2510
0"
#2520
0&
b10 !
b10 (
0*
1"
#2530
0"
#2540
1"
#2550
0"
#2560
1"
#2570
0"
#2580
1"
#2590
0"
#2600
1'
1)
1"
1$
#2610
0"
#2620
0'
1*
1"
#2630
0"
#2640
1"
#2650
0"
#2660
1"
#2670
0"
#2680
1"
#2690
0"
#2700
1&
0)
1"
0$
#2710
0"
#2720
0&
b11 !
b11 (
0*
1"
#2730
0"
#2740
1"
#2750
0"
#2760
1"
#2770
0"
#2780
1"
#2790
0"
#2800
1'
1)
1"
1$
#2810
0"
#2820
0'
1*
1"
#2830
0"
#2840
1"
#2850
0"
#2860
1"
#2870
0"
#2880
1"
#2890
0"
#2900
1&
0)
1"
0$
#2910
0"
#2920
0&
b100 !
b100 (
0*
1"
#2930
0"
#2940
1"
#2950
0"
#2960
1"
#2970
0"
#2980
1"
#2990
0"
#3000
b0 !
b0 (
1"
1%
#3010
0"
#3020
1"
#3030
0"
#3040
1"
#3050
0"
#3060
1"
#3070
0"
#3080
1"
#3090
0"
#3100
1"
#3110
0"
#3120
1"
#3130
0"
#3140
1"
#3150
0"
#3160
1"
#3170
0"
#3180
1"
#3190
0"
#3200
1"
#3210
0"
#3220
1"
#3230
0"
#3240
1"
#3250
0"
#3260
1"
#3270
0"
#3280
1"
#3290
0"
#3300
1"
#3310
0"
#3320
1"
#3330
0"
#3340
1"
#3350
0"
#3360
1"
#3370
0"
#3380
1"
#3390
0"
#3400
1"
#3410
0"
#3420
1"
#3430
0"
#3440
1"
#3450
0"
#3460
1"
#3470
0"
#3480
1"
#3490
0"
#3500
1"
#3510
0"
#3520
1"
#3530
0"
#3540
1"
#3550
0"
#3560
1"
#3570
0"
#3580
1"
#3590
0"
#3600
1"
#3610
0"
#3620
1"
#3630
0"
#3640
1"
#3650
0"
#3660
1"
#3670
0"
#3680
1"
#3690
0"
#3700
1"
#3710
0"
#3720
1"
#3730
0"
#3740
1"
#3750
0"
#3760
1"
#3770
0"
#3780
1"
#3790
0"
#3800
1"
#3810
0"
#3820
1"
#3830
0"
#3840
1"
#3850
0"
#3860
1"
#3870
0"
#3880
1"
#3890
0"
#3900
1"
#3910
0"
#3920
1"
#3930
0"
#3940
1"
#3950
0"
#3960
1"
#3970
0"
#3980
1"
#3990
0"
#4000
1"
#4010
0"
#4020
1"
#4030
0"
#4040
1"
#4050
0"
#4060
1"
#4070
0"
#4080
1"
#4090
0"
#4100
1"
#4110
0"
#4120
1"
#4130
0"
#4140
1"
#4150
0"
#4160
1"
#4170
0"
#4180
1"
#4190
0"
#4200
1"
#4210
0"
#4220
1"
#4230
0"
#4240
1"
#4250
0"
#4260
1"
#4270
0"
#4280
1"
#4290
0"
#4300
1"
#4310
0"
#4320
1"
#4330
0"
#4340
1"
#4350
0"
#4360
1"
#4370
0"
#4380
1"
#4390
0"
#4400
1"
#4410
0"
#4420
1"
#4430
0"
#4440
1"
#4450
0"
#4460
1"
#4470
0"
#4480
1"
#4490
0"
#4500
1"
#4510
0"
#4520
1"
#4530
0"
#4540
1"
#4550
0"
#4560
1"
#4570
0"
#4580
1"
#4590
0"
#4600
1"
#4610
0"
#4620
1"
#4630
0"
#4640
1"
#4650
0"
#4660
1"
#4670
0"
#4680
1"
#4690
0"
#4700
1"
#4710
0"
#4720
1"
#4730
0"
#4740
1"
#4750
0"
#4760
1"
#4770
0"
#4780
1"
#4790
0"
#4800
1"
#4810
0"
#4820
1"
#4830
0"
#4840
1"
#4850
0"
#4860
1"
#4870
0"
#4880
1"
#4890
0"
#4900
1"
#4910
0"
#4920
1"
#4930
0"
#4940
1"
#4950
0"
#4960
1"
#4970
0"
#4980
1"
#4990
0"
#5000
1"
#5010
0"
#5020
1"
#5030
0"
#5040
1"
#5050
0"
#5060
1"
#5070
0"
#5080
1"
#5090
0"
#5100
1"
#5110
0"
#5120
1"
#5130
0"
#5140
1"
#5150
0"
#5160
1"
#5170
0"
#5180
1"
#5190
0"
#5200
1"
#5210
0"
#5220
1"
#5230
0"
#5240
1"
#5250
0"
#5260
1"
#5270
0"
#5280
1"
#5290
0"
#5300
1"
#5310
0"
#5320
1"
#5330
0"
#5340
1"
#5350
0"
#5360
1"
#5370
0"
#5380
1"
#5390
0"
#5400
1"
#5410
0"
#5420
1"
#5430
0"
#5440
1"
#5450
0"
#5460
1"
#5470
0"
#5480
1"
#5490
0"
#5500
1"
#5510
0"
#5520
1"
#5530
0"
#5540
1"
#5550
0"
#5560
1"
#5570
0"
#5580
1"
#5590
0"
#5600
1"
#5610
0"
#5620
1"
#5630
0"
#5640
1"
#5650
0"
#5660
1"
#5670
0"
#5680
1"
#5690
0"
#5700
1"
#5710
0"
#5720
1"
#5730
0"
#5740
1"
#5750
0"
#5760
1"
#5770
0"
#5780
1"
#5790
0"
#5800
1"
#5810
0"
#5820
1"
#5830
0"
#5840
1"
#5850
0"
#5860
1"
#5870
0"
#5880
1"
#5890
0"
#5900
1"
#5910
0"
#5920
1"
#5930
0"
#5940
1"
#5950
0"
#5960
1"
#5970
0"
#5980
1"
#5990
0"
#6000
1"
#6010
0"
#6020
1"
#6030
0"
#6040
1"
#6050
0"
#6060
1"
#6070
0"
#6080
1"
#6090
0"
#6100
1"
#6110
0"
#6120
1"
#6130
0"
#6140
1"
#6150
0"
#6160
1"
#6170
0"
#6180
1"
#6190
0"
#6200
1"
#6210
0"
#6220
1"
#6230
0"
#6240
1"
#6250
0"
#6260
1"
#6270
0"
#6280
1"
#6290
0"
#6300
1"
#6310
0"
#6320
1"
#6330
0"
#6340
1"
#6350
0"
#6360
1"
#6370
0"
#6380
1"
#6390
0"
#6400
1"
#6410
0"
#6420
1"
#6430
0"
#6440
1"
#6450
0"
#6460
1"
#6470
0"
#6480
1"
#6490
0"
#6500
1"
#6510
0"
#6520
1"
#6530
0"
#6540
1"
#6550
0"
#6560
1"
#6570
0"
#6580
1"
#6590
0"
#6600
1"
#6610
0"
#6620
1"
#6630
0"
#6640
1"
#6650
0"
#6660
1"
#6670
0"
#6680
1"
#6690
0"
#6700
1"
#6710
0"
#6720
1"
#6730
0"
#6740
1"
#6750
0"
#6760
1"
#6770
0"
#6780
1"
#6790
0"
#6800
1"
#6810
0"
#6820
1"
#6830
0"
#6840
1"
#6850
0"
#6860
1"
#6870
0"
#6880
1"
#6890
0"
#6900
1"
#6910
0"
#6920
1"
#6930
0"
#6940
1"
#6950
0"
#6960
1"
#6970
0"
#6980
1"
#6990
0"
#7000
1"
#7010
0"
#7020
1"
#7030
0"
#7040
1"
#7050
0"
#7060
1"
#7070
0"
#7080
1"
#7090
0"
#7100
1"
#7110
0"
#7120
1"
#7130
0"
#7140
1"
#7150
0"
#7160
1"
#7170
0"
#7180
1"
#7190
0"
#7200
1"
#7210
0"
#7220
1"
#7230
0"
#7240
1"
#7250
0"
#7260
1"
#7270
0"
#7280
1"
#7290
0"
#7300
1"
#7310
0"
#7320
1"
#7330
0"
#7340
1"
#7350
0"
#7360
1"
#7370
0"
#7380
1"
#7390
0"
#7400
1"
#7410
0"
#7420
1"
#7430
0"
#7440
1"
#7450
0"
#7460
1"
#7470
0"
#7480
1"
#7490
0"
#7500
1"
#7510
0"
#7520
1"
#7530
0"
#7540
1"
#7550
0"
#7560
1"
#7570
0"
#7580
1"
#7590
0"
#7600
1"
#7610
0"
#7620
1"
#7630
0"
#7640
1"
#7650
0"
#7660
1"
#7670
0"
#7680
1"
#7690
0"
#7700
1"
#7710
0"
#7720
1"
#7730
0"
#7740
1"
#7750
0"
#7760
1"
#7770
0"
#7780
1"
#7790
0"
#7800
1"
#7810
0"
#7820
1"
#7830
0"
#7840
1"
#7850
0"
#7860
1"
#7870
0"
#7880
1"
#7890
0"
#7900
1"
#7910
0"
#7920
1"
#7930
0"
#7940
1"
#7950
0"
#7960
1"
#7970
0"
#7980
1"
#7990
0"
#8000
1"
#8010
0"
#8020
1"
#8030
0"
#8040
1"
#8050
0"
#8060
1"
#8070
0"
#8080
1"
#8090
0"
#8100
1"
#8110
0"
#8120
1"
#8130
0"
#8140
1"
#8150
0"
#8160
1"
#8170
0"
#8180
1"
#8190
0"
#8200
1"
#8210
0"
#8220
1"
#8230
0"
#8240
1"
#8250
0"
#8260
1"
#8270
0"
#8280
1"
#8290
0"
#8300
1"
#8310
0"
#8320
1"
#8330
0"
#8340
1"
#8350
0"
#8360
1"
#8370
0"
#8380
1"
#8390
0"
#8400
1"
#8410
0"
#8420
1"
#8430
0"
#8440
1"
#8450
0"
#8460
1"
#8470
0"
#8480
1"
#8490
0"
#8500
1"
#8510
0"
#8520
1"
#8530
0"
#8540
1"
#8550
0"
#8560
1"
#8570
0"
#8580
1"
#8590
0"
#8600
1"
#8610
0"
#8620
1"
#8630
0"
#8640
1"
#8650
0"
#8660
1"
#8670
0"
#8680
1"
#8690
0"
#8700
1"
#8710
0"
#8720
1"
#8730
0"
#8740
1"
#8750
0"
#8760
1"
#8770
0"
#8780
1"
#8790
0"
#8800
1"
#8810
0"
#8820
1"
#8830
0"
#8840
1"
#8850
0"
#8860
1"
#8870
0"
#8880
1"
#8890
0"
#8900
1"
#8910
0"
#8920
1"
#8930
0"
#8940
1"
#8950
0"
#8960
1"
#8970
0"
#8980
1"
#8990
0"
#9000
1"
#9010
0"
#9020
1"
#9030
0"
#9040
1"
#9050
0"
#9060
1"
#9070
0"
#9080
1"
#9090
0"
#9100
1"
#9110
0"
#9120
1"
#9130
0"
#9140
1"
#9150
0"
#9160
1"
#9170
0"
#9180
1"
#9190
0"
#9200
1"
#9210
0"
#9220
1"
#9230
0"
#9240
1"
#9250
0"
#9260
1"
#9270
0"
#9280
1"
#9290
0"
#9300
1"
#9310
0"
#9320
1"
#9330
0"
#9340
1"
#9350
0"
#9360
1"
#9370
0"
#9380
1"
#9390
0"
#9400
1"
#9410
0"
#9420
1"
#9430
0"
#9440
1"
#9450
0"
#9460
1"
#9470
0"
#9480
1"
#9490
0"
#9500
1"
#9510
0"
#9520
1"
#9530
0"
#9540
1"
#9550
0"
#9560
1"
#9570
0"
#9580
1"
#9590
0"
#9600
1"
#9610
0"
#9620
1"
#9630
0"
#9640
1"
#9650
0"
#9660
1"
#9670
0"
#9680
1"
#9690
0"
#9700
1"
#9710
0"
#9720
1"
#9730
0"
#9740
1"
#9750
0"
#9760
1"
#9770
0"
#9780
1"
#9790
0"
#9800
1"
#9810
0"
#9820
1"
#9830
0"
#9840
1"
#9850
0"
#9860
1"
#9870
0"
#9880
1"
#9890
0"
#9900
1"
#9910
0"
#9920
1"
#9930
0"
#9940
1"
#9950
0"
#9960
1"
#9970
0"
#9980
1"
#9990
0"
#10000
1"
#10010
0"
#10020
1"
#10030
0"
#10040
1"
#10050
0"
#10060
1"
#10070
0"
#10080
1"
#10090
0"
#10100
1"
#10110
0"
#10120
1"
#10130
0"
#10140
1"
#10150
0"
#10160
1"
#10170
0"
#10180
1"
#10190
0"
#10200
1"
#10210
0"
#10220
1"
#10230
0"
#10240
1"
#10250
0"
#10260
1"
#10270
0"
#10280
1"
#10290
0"
#10300
1"
#10310
0"
#10320
1"
#10330
0"
#10340
1"
#10350
0"
#10360
1"
#10370
0"
#10380
1"
#10390
0"
#10400
1"
#10410
0"
#10420
1"
#10430
0"
#10440
1"
#10450
0"
#10460
1"
#10470
0"
#10480
1"
#10490
0"
#10500
1"
#10510
0"
#10520
1"
#10530
0"
#10540
1"
#10550
0"
#10560
1"
#10570
0"
#10580
1"
#10590
0"
#10600
1"
#10610
0"
#10620
1"
#10630
0"
#10640
1"
#10650
0"
#10660
1"
#10670
0"
#10680
1"
#10690
0"
#10700
1"
#10710
0"
#10720
1"
#10730
0"
#10740
1"
#10750
0"
#10760
1"
#10770
0"
#10780
1"
#10790
0"
#10800
1"
#10810
0"
#10820
1"
#10830
0"
#10840
1"
#10850
0"
#10860
1"
#10870
0"
#10880
1"
#10890
0"
#10900
1"
#10910
0"
#10920
1"
#10930
0"
#10940
1"
#10950
0"
#10960
1"
#10970
0"
#10980
1"
#10990
0"
#11000
1"
#11010
0"
#11020
1"
#11030
0"
#11040
1"
#11050
0"
#11060
1"
#11070
0"
#11080
1"
#11090
0"
#11100
1"
#11110
0"
#11120
1"
#11130
0"
#11140
1"
#11150
0"
#11160
1"
#11170
0"
#11180
1"
#11190
0"
#11200
1"
#11210
0"
#11220
1"
#11230
0"
#11240
1"
#11250
0"
#11260
1"
#11270
0"
#11280
1"
#11290
0"
#11300
1"
#11310
0"
#11320
1"
#11330
0"
#11340
1"
#11350
0"
#11360
1"
#11370
0"
#11380
1"
#11390
0"
#11400
1"
#11410
0"
#11420
1"
#11430
0"
#11440
1"
#11450
0"
#11460
1"
#11470
0"
#11480
1"
#11490
0"
#11500
1"
#11510
0"
#11520
1"
#11530
0"
#11540
1"
#11550
0"
#11560
1"
#11570
0"
#11580
1"
#11590
0"
#11600
1"
#11610
0"
#11620
1"
#11630
0"
#11640
1"
#11650
0"
#11660
1"
#11670
0"
#11680
1"
#11690
0"
#11700
1"
#11710
0"
#11720
1"
#11730
0"
#11740
1"
#11750
0"
#11760
1"
#11770
0"
#11780
1"
#11790
0"
#11800
1"
#11810
0"
#11820
1"
#11830
0"
#11840
1"
#11850
0"
#11860
1"
#11870
0"
#11880
1"
#11890
0"
#11900
1"
#11910
0"
#11920
1"
#11930
0"
#11940
1"
#11950
0"
#11960
1"
#11970
0"
#11980
1"
#11990
0"
#12000
1"
#12010
0"
#12020
1"
#12030
0"
#12040
1"
#12050
0"
#12060
1"
#12070
0"
#12080
1"
#12090
0"
#12100
1"
#12110
0"
#12120
1"
#12130
0"
#12140
1"
#12150
0"
#12160
1"
#12170
0"
#12180
1"
#12190
0"
#12200
1"
#12210
0"
#12220
1"
#12230
0"
#12240
1"
#12250
0"
#12260
1"
#12270
0"
#12280
1"
#12290
0"
#12300
1"
#12310
0"
#12320
1"
#12330
0"
#12340
1"
#12350
0"
#12360
1"
#12370
0"
#12380
1"
#12390
0"
#12400
1"
#12410
0"
#12420
1"
#12430
0"
#12440
1"
#12450
0"
#12460
1"
#12470
0"
#12480
1"
#12490
0"
#12500
1"
#12510
0"
#12520
1"
#12530
0"
#12540
1"
#12550
0"
#12560
1"
#12570
0"
#12580
1"
#12590
0"
#12600
1"
#12610
0"
#12620
1"
#12630
0"
#12640
1"
#12650
0"
#12660
1"
#12670
0"
#12680
1"
#12690
0"
#12700
1"
#12710
0"
#12720
1"
#12730
0"
#12740
1"
#12750
0"
#12760
1"
#12770
0"
#12780
1"
#12790
0"
#12800
1"
#12810
0"
#12820
1"
#12830
0"
#12840
1"
#12850
0"
#12860
1"
#12870
0"
#12880
1"
#12890
0"
#12900
1"
#12910
0"
#12920
1"
#12930
0"
#12940
1"
#12950
0"
#12960
1"
#12970
0"
#12980
1"
#12990
0"
#13000
1"
#13010
0"
#13020
1"
#13030
0"
#13040
1"
#13050
0"
#13060
1"
#13070
0"
#13080
1"
#13090
0"
#13100
1"
#13110
0"
#13120
1"
#13130
0"
#13140
1"
#13150
0"
#13160
1"
#13170
0"
#13180
1"
#13190
0"
#13200
1"
#13210
0"
#13220
1"
#13230
0"
#13240
1"
#13250
0"
#13260
1"
#13270
0"
#13280
1"
#13290
0"
#13300
1"
#13310
0"
#13320
1"
#13330
0"
#13340
1"
#13350
0"
#13360
1"
#13370
0"
#13380
1"
#13390
0"
#13400
1"
#13410
0"
#13420
1"
#13430
0"
#13440
1"
#13450
0"
#13460
1"
#13470
0"
#13480
1"
#13490
0"
#13500
1"
#13510
0"
#13520
1"
#13530
0"
#13540
1"
#13550
0"
#13560
1"
#13570
0"
#13580
1"
#13590
0"
#13600
1"
#13610
0"
#13620
1"
#13630
0"
#13640
1"
#13650
0"
#13660
1"
#13670
0"
#13680
1"
#13690
0"
#13700
1"
#13710
0"
#13720
1"
#13730
0"
#13740
1"
#13750
0"
#13760
1"
#13770
0"
#13780
1"
#13790
0"
#13800
1"
#13810
0"
#13820
1"
#13830
0"
#13840
1"
#13850
0"
#13860
1"
#13870
0"
#13880
1"
#13890
0"
#13900
1"
#13910
0"
#13920
1"
#13930
0"
#13940
1"
#13950
0"
#13960
1"
#13970
0"
#13980
1"
#13990
0"
#14000
1"
#14010
0"
#14020
1"
#14030
0"
#14040
1"
#14050
0"
#14060
1"
#14070
0"
#14080
1"
#14090
0"
#14100
1"
#14110
0"
#14120
1"
#14130
0"
#14140
1"
#14150
0"
#14160
1"
#14170
0"
#14180
1"
#14190
0"
#14200
1"
#14210
0"
#14220
1"
#14230
0"
#14240
1"
#14250
0"
#14260
1"
#14270
0"
#14280
1"
#14290
0"
#14300
1"
#14310
0"
#14320
1"
#14330
0"
#14340
1"
#14350
0"
#14360
1"
#14370
0"
#14380
1"
#14390
0"
#14400
1"
#14410
0"
#14420
1"
#14430
0"
#14440
1"
#14450
0"
#14460
1"
#14470
0"
#14480
1"
#14490
0"
#14500
1"
#14510
0"
#14520
1"
#14530
0"
#14540
1"
#14550
0"
#14560
1"
#14570
0"
#14580
1"
#14590
0"
#14600
1"
#14610
0"
#14620
1"
#14630
0"
#14640
1"
#14650
0"
#14660
1"
#14670
0"
#14680
1"
#14690
0"
#14700
1"
#14710
0"
#14720
1"
#14730
0"
#14740
1"
#14750
0"
#14760
1"
#14770
0"
#14780
1"
#14790
0"
#14800
1"
#14810
0"
#14820
1"
#14830
0"
#14840
1"
#14850
0"
#14860
1"
#14870
0"
#14880
1"
#14890
0"
#14900
1"
#14910
0"
#14920
1"
#14930
0"
#14940
1"
#14950
0"
#14960
1"
#14970
0"
#14980
1"
#14990
0"
#15000
1"
#15010
0"
#15020
1"
#15030
0"
#15040
1"
#15050
0"
#15060
1"
#15070
0"
#15080
1"
#15090
0"
#15100
1"
#15110
0"
#15120
1"
#15130
0"
#15140
1"
#15150
0"
#15160
1"
#15170
0"
#15180
1"
#15190
0"
#15200
1"
#15210
0"
#15220
1"
#15230
0"
#15240
1"
#15250
0"
#15260
1"
#15270
0"
#15280
1"
#15290
0"
#15300
1"
#15310
0"
#15320
1"
#15330
0"
#15340
1"
#15350
0"
#15360
1"
#15370
0"
#15380
1"
#15390
0"
#15400
1"
#15410
0"
#15420
1"
#15430
0"
#15440
1"
#15450
0"
#15460
1"
#15470
0"
#15480
1"
#15490
0"
#15500
1"
#15510
0"
#15520
1"
#15530
0"
#15540
1"
#15550
0"
#15560
1"
#15570
0"
#15580
1"
#15590
0"
#15600
1"
#15610
0"
#15620
1"
#15630
0"
#15640
1"
#15650
0"
#15660
1"
#15670
0"
#15680
1"
#15690
0"
#15700
1"
#15710
0"
#15720
1"
#15730
0"
#15740
1"
#15750
0"
#15760
1"
#15770
0"
#15780
1"
#15790
0"
#15800
1"
#15810
0"
#15820
1"
#15830
0"
#15840
1"
#15850
0"
#15860
1"
#15870
0"
#15880
1"
#15890
0"
#15900
1"
#15910
0"
#15920
1"
#15930
0"
#15940
1"
#15950
0"
#15960
1"
#15970
0"
#15980
1"
#15990
0"
#16000
1"
#16010
0"
#16020
1"
#16030
0"
#16040
1"
#16050
0"
#16060
1"
#16070
0"
#16080
1"
#16090
0"
#16100
1"
#16110
0"
#16120
1"
#16130
0"
#16140
1"
#16150
0"
#16160
1"
#16170
0"
#16180
1"
#16190
0"
#16200
1"
#16210
0"
#16220
1"
#16230
0"
#16240
1"
#16250
0"
#16260
1"
#16270
0"
#16280
1"
#16290
0"
#16300
1"
#16310
0"
#16320
1"
#16330
0"
#16340
1"
#16350
0"
#16360
1"
#16370
0"
#16380
1"
#16390
0"
#16400
1"
#16410
0"
#16420
1"
#16430
0"
#16440
1"
#16450
0"
#16460
1"
#16470
0"
#16480
1"
#16490
0"
#16500
1"
#16510
0"
#16520
1"
#16530
0"
#16540
1"
#16550
0"
#16560
1"
#16570
0"
#16580
1"
#16590
0"
#16600
1"
#16610
0"
#16620
1"
#16630
0"
#16640
1"
#16650
0"
#16660
1"
#16670
0"
#16680
1"
#16690
0"
#16700
1"
#16710
0"
#16720
1"
#16730
0"
#16740
1"
#16750
0"
#16760
1"
#16770
0"
#16780
1"
#16790
0"
#16800
1"
#16810
0"
#16820
1"
#16830
0"
#16840
1"
#16850
0"
#16860
1"
#16870
0"
#16880
1"
#16890
0"
#16900
1"
#16910
0"
#16920
1"
#16930
0"
#16940
1"
#16950
0"
#16960
1"
#16970
0"
#16980
1"
#16990
0"
#17000
1"
#17010
0"
#17020
1"
#17030
0"
#17040
1"
#17050
0"
#17060
1"
#17070
0"
#17080
1"
#17090
0"
#17100
1"
#17110
0"
#17120
1"
#17130
0"
#17140
1"
#17150
0"
#17160
1"
#17170
0"
#17180
1"
#17190
0"
#17200
1"
#17210
0"
#17220
1"
#17230
0"
#17240
1"
#17250
0"
#17260
1"
#17270
0"
#17280
1"
#17290
0"
#17300
1"
#17310
0"
#17320
1"
#17330
0"
#17340
1"
#17350
0"
#17360
1"
#17370
0"
#17380
1"
#17390
0"
#17400
1"
#17410
0"
#17420
1"
#17430
0"
#17440
1"
#17450
0"
#17460
1"
#17470
0"
#17480
1"
#17490
0"
#17500
1"
#17510
0"
#17520
1"
#17530
0"
#17540
1"
#17550
0"
#17560
1"
#17570
0"
#17580
1"
#17590
0"
#17600
1"
#17610
0"
#17620
1"
#17630
0"
#17640
1"
#17650
0"
#17660
1"
#17670
0"
#17680
1"
#17690
0"
#17700
1"
#17710
0"
#17720
1"
#17730
0"
#17740
1"
#17750
0"
#17760
1"
#17770
0"
#17780
1"
#17790
0"
#17800
1"
#17810
0"
#17820
1"
#17830
0"
#17840
1"
#17850
0"
#17860
1"
#17870
0"
#17880
1"
#17890
0"
#17900
1"
#17910
0"
#17920
1"
#17930
0"
#17940
1"
#17950
0"
#17960
1"
#17970
0"
#17980
1"
#17990
0"
#18000
1"
#18010
0"
#18020
1"
#18030
0"
#18040
1"
#18050
0"
#18060
1"
#18070
0"
#18080
1"
#18090
0"
#18100
1"
#18110
0"
#18120
1"
#18130
0"
#18140
1"
#18150
0"
#18160
1"
#18170
0"
#18180
1"
#18190
0"
#18200
1"
#18210
0"
#18220
1"
#18230
0"
#18240
1"
#18250
0"
#18260
1"
#18270
0"
#18280
1"
#18290
0"
#18300
1"
#18310
0"
#18320
1"
#18330
0"
#18340
1"
#18350
0"
#18360
1"
#18370
0"
#18380
1"
#18390
0"
#18400
1"
#18410
0"
#18420
1"
#18430
0"
#18440
1"
#18450
0"
#18460
1"
#18470
0"
#18480
1"
#18490
0"
#18500
1"
#18510
0"
#18520
1"
#18530
0"
#18540
1"
#18550
0"
#18560
1"
#18570
0"
#18580
1"
#18590
0"
#18600
1"
#18610
0"
#18620
1"
#18630
0"
#18640
1"
#18650
0"
#18660
1"
#18670
0"
#18680
1"
#18690
0"
#18700
1"
#18710
0"
#18720
1"
#18730
0"
#18740
1"
#18750
0"
#18760
1"
#18770
0"
#18780
1"
#18790
0"
#18800
1"
#18810
0"
#18820
1"
#18830
0"
#18840
1"
#18850
0"
#18860
1"
#18870
0"
#18880
1"
#18890
0"
#18900
1"
#18910
0"
#18920
1"
#18930
0"
#18940
1"
#18950
0"
#18960
1"
#18970
0"
#18980
1"
#18990
0"
#19000
1"
#19010
0"
#19020
1"
#19030
0"
#19040
1"
#19050
0"
#19060
1"
#19070
0"
#19080
1"
#19090
0"
#19100
1"
#19110
0"
#19120
1"
#19130
0"
#19140
1"
#19150
0"
#19160
1"
#19170
0"
#19180
1"
#19190
0"
#19200
1"
#19210
0"
#19220
1"
#19230
0"
#19240
1"
#19250
0"
#19260
1"
#19270
0"
#19280
1"
#19290
0"
#19300
1"
#19310
0"
#19320
1"
#19330
0"
#19340
1"
#19350
0"
#19360
1"
#19370
0"
#19380
1"
#19390
0"
#19400
1"
#19410
0"
#19420
1"
#19430
0"
#19440
1"
#19450
0"
#19460
1"
#19470
0"
#19480
1"
#19490
0"
#19500
1"
#19510
0"
#19520
1"
#19530
0"
#19540
1"
#19550
0"
#19560
1"
#19570
0"
#19580
1"
#19590
0"
#19600
1"
#19610
0"
#19620
1"
#19630
0"
#19640
1"
#19650
0"
#19660
1"
#19670
0"
#19680
1"
#19690
0"
#19700
1"
#19710
0"
#19720
1"
#19730
0"
#19740
1"
#19750
0"
#19760
1"
#19770
0"
#19780
1"
#19790
0"
#19800
1"
#19810
0"
#19820
1"
#19830
0"
#19840
1"
#19850
0"
#19860
1"
#19870
0"
#19880
1"
#19890
0"
#19900
1"
#19910
0"
#19920
1"
#19930
0"
#19940
1"
#19950
0"
#19960
1"
#19970
0"
#19980
1"
#19990
0"
#20000
1"
#20010
0"
#20020
1"
#20030
0"
#20040
1"
#20050
0"
#20060
1"
#20070
0"
#20080
1"
#20090
0"
#20100
1"
#20110
0"
#20120
1"
#20130
0"
#20140
1"
#20150
0"
#20160
1"
#20170
0"
#20180
1"
#20190
0"
#20200
1"
#20210
0"
#20220
1"
#20230
0"
#20240
1"
#20250
0"
#20260
1"
#20270
0"
#20280
1"
#20290
0"
#20300
1"
#20310
0"
#20320
1"
#20330
0"
#20340
1"
#20350
0"
#20360
1"
#20370
0"
#20380
1"
#20390
0"
#20400
1"
#20410
0"
#20420
1"
#20430
0"
#20440
1"
#20450
0"
#20460
1"
#20470
0"
#20480
1"
#20490
0"
#20500
1"
#20510
0"
#20520
1"
#20530
0"
#20540
1"
#20550
0"
#20560
1"
#20570
0"
#20580
1"
#20590
0"
#20600
1"
#20610
0"
#20620
1"
#20630
0"
#20640
1"
#20650
0"
#20660
1"
#20670
0"
#20680
1"
#20690
0"
#20700
1"
#20710
0"
#20720
1"
#20730
0"
#20740
1"
#20750
0"
#20760
1"
#20770
0"
#20780
1"
#20790
0"
#20800
1"
#20810
0"
#20820
1"
#20830
0"
#20840
1"
#20850
0"
#20860
1"
#20870
0"
#20880
1"
#20890
0"
#20900
1"
#20910
0"
#20920
1"
#20930
0"
#20940
1"
#20950
0"
#20960
1"
#20970
0"
#20980
1"
#20990
0"
#21000
1"
#21010
0"
#21020
1"
#21030
0"
#21040
1"
#21050
0"
#21060
1"
#21070
0"
#21080
1"
#21090
0"
#21100
1"
#21110
0"
#21120
1"
#21130
0"
#21140
1"
#21150
0"
#21160
1"
#21170
0"
#21180
1"
#21190
0"
#21200
1"
#21210
0"
#21220
1"
#21230
0"
#21240
1"
#21250
0"
#21260
1"
#21270
0"
#21280
1"
#21290
0"
#21300
1"
#21310
0"
#21320
1"
#21330
0"
#21340
1"
#21350
0"
#21360
1"
#21370
0"
#21380
1"
#21390
0"
#21400
1"
#21410
0"
#21420
1"
#21430
0"
#21440
1"
#21450
0"
#21460
1"
#21470
0"
#21480
1"
#21490
0"
#21500
1"
#21510
0"
#21520
1"
#21530
0"
#21540
1"
#21550
0"
#21560
1"
#21570
0"
#21580
1"
#21590
0"
#21600
1"
#21610
0"
#21620
1"
#21630
0"
#21640
1"
#21650
0"
#21660
1"
#21670
0"
#21680
1"
#21690
0"
#21700
1"
#21710
0"
#21720
1"
#21730
0"
#21740
1"
#21750
0"
#21760
1"
#21770
0"
#21780
1"
#21790
0"
#21800
1"
#21810
0"
#21820
1"
#21830
0"
#21840
1"
#21850
0"
#21860
1"
#21870
0"
#21880
1"
#21890
0"
#21900
1"
#21910
0"
#21920
1"
#21930
0"
#21940
1"
#21950
0"
#21960
1"
#21970
0"
#21980
1"
#21990
0"
#22000
1"
#22010
0"
#22020
1"
#22030
0"
#22040
1"
#22050
0"
#22060
1"
#22070
0"
#22080
1"
#22090
0"
#22100
1"
#22110
0"
#22120
1"
#22130
0"
#22140
1"
#22150
0"
#22160
1"
#22170
0"
#22180
1"
#22190
0"
#22200
1"
#22210
0"
#22220
1"
#22230
0"
#22240
1"
#22250
0"
#22260
1"
#22270
0"
#22280
1"
#22290
0"
#22300
1"
#22310
0"
#22320
1"
#22330
0"
#22340
1"
#22350
0"
#22360
1"
#22370
0"
#22380
1"
#22390
0"
#22400
1"
#22410
0"
#22420
1"
#22430
0"
#22440
1"
#22450
0"
#22460
1"
#22470
0"
#22480
1"
#22490
0"
#22500
1"
#22510
0"
#22520
1"
#22530
0"
#22540
1"
#22550
0"
#22560
1"
#22570
0"
#22580
1"
#22590
0"
#22600
1"
#22610
0"
#22620
1"
#22630
0"
#22640
1"
#22650
0"
#22660
1"
#22670
0"
#22680
1"
#22690
0"
#22700
1"
#22710
0"
#22720
1"
#22730
0"
#22740
1"
#22750
0"
#22760
1"
#22770
0"
#22780
1"
#22790
0"
#22800
1"
#22810
0"
#22820
1"
#22830
0"
#22840
1"
#22850
0"
#22860
1"
#22870
0"
#22880
1"
#22890
0"
#22900
1"
#22910
0"
#22920
1"
#22930
0"
#22940
1"
#22950
0"
#22960
1"
#22970
0"
#22980
1"
#22990
0"
#23000
1"
#23010
0"
#23020
1"
#23030
0"
#23040
1"
#23050
0"
#23060
1"
#23070
0"
#23080
1"
#23090
0"
#23100
1"
#23110
0"
#23120
1"
#23130
0"
#23140
1"
#23150
0"
#23160
1"
#23170
0"
#23180
1"
#23190
0"
#23200
1"
#23210
0"
#23220
1"
#23230
0"
#23240
1"
#23250
0"
#23260
1"
#23270
0"
#23280
1"
#23290
0"
#23300
1"
#23310
0"
#23320
1"
#23330
0"
#23340
1"
#23350
0"
#23360
1"
#23370
0"
#23380
1"
#23390
0"
#23400
1"
#23410
0"
#23420
1"
#23430
0"
#23440
1"
#23450
0"
#23460
1"
#23470
0"
#23480
1"
#23490
0"
#23500
1"
#23510
0"
#23520
1"
#23530
0"
#23540
1"
#23550
0"
#23560
1"
#23570
0"
#23580
1"
#23590
0"
#23600
1"
#23610
0"
#23620
1"
#23630
0"
#23640
1"
#23650
0"
#23660
1"
#23670
0"
#23680
1"
#23690
0"
#23700
1"
#23710
0"
#23720
1"
#23730
0"
#23740
1"
#23750
0"
#23760
1"
#23770
0"
#23780
1"
#23790
0"
#23800
1"
#23810
0"
#23820
1"
#23830
0"
#23840
1"
#23850
0"
#23860
1"
#23870
0"
#23880
1"
#23890
0"
#23900
1"
#23910
0"
#23920
1"
#23930
0"
#23940
1"
#23950
0"
#23960
1"
#23970
0"
#23980
1"
#23990
0"
#24000
1"
#24010
0"
#24020
1"
#24030
0"
#24040
1"
#24050
0"
#24060
1"
#24070
0"
#24080
1"
#24090
0"
#24100
1"
#24110
0"
#24120
1"
#24130
0"
#24140
1"
#24150
0"
#24160
1"
#24170
0"
#24180
1"
#24190
0"
#24200
1"
#24210
0"
#24220
1"
#24230
0"
#24240
1"
#24250
0"
#24260
1"
#24270
0"
#24280
1"
#24290
0"
#24300
1"
#24310
0"
#24320
1"
#24330
0"
#24340
1"
#24350
0"
#24360
1"
#24370
0"
#24380
1"
#24390
0"
#24400
1"
#24410
0"
#24420
1"
#24430
0"
#24440
1"
#24450
0"
#24460
1"
#24470
0"
#24480
1"
#24490
0"
#24500
1"
#24510
0"
#24520
1"
#24530
0"
#24540
1"
#24550
0"
#24560
1"
#24570
0"
#24580
1"
#24590
0"
#24600
1"
#24610
0"
#24620
1"
#24630
0"
#24640
1"
#24650
0"
#24660
1"
#24670
0"
#24680
1"
#24690
0"
#24700
1"
#24710
0"
#24720
1"
#24730
0"
#24740
1"
#24750
0"
#24760
1"
#24770
0"
#24780
1"
#24790
0"
#24800
1"
#24810
0"
#24820
1"
#24830
0"
#24840
1"
#24850
0"
#24860
1"
#24870
0"
#24880
1"
#24890
0"
#24900
1"
#24910
0"
#24920
1"
#24930
0"
#24940
1"
#24950
0"
#24960
1"
#24970
0"
#24980
1"
#24990
0"
#25000
1"
#25010
0"
#25020
1"
#25030
0"
#25040
1"
#25050
0"
#25060
1"
#25070
0"
#25080
1"
#25090
0"
#25100
1"
#25110
0"
#25120
1"
#25130
0"
#25140
1"
#25150
0"
#25160
1"
#25170
0"
#25180
1"
#25190
0"
#25200
1"
#25210
0"
#25220
1"
#25230
0"
#25240
1"
#25250
0"
#25260
1"
#25270
0"
#25280
1"
#25290
0"
#25300
1"
#25310
0"
#25320
1"
#25330
0"
#25340
1"
#25350
0"
#25360
1"
#25370
0"
#25380
1"
#25390
0"
#25400
1"
#25410
0"
#25420
1"
#25430
0"
#25440
1"
#25450
0"
#25460
1"
#25470
0"
#25480
1"
#25490
0"
#25500
1"
#25510
0"
#25520
1"
#25530
0"
#25540
1"
#25550
0"
#25560
1"
#25570
0"
#25580
1"
#25590
0"
#25600
1"
#25610
0"
#25620
1"
#25630
0"
#25640
1"
#25650
0"
#25660
1"
#25670
0"
#25680
1"
#25690
0"
#25700
1"
#25710
0"
#25720
1"
#25730
0"
#25740
1"
#25750
0"
#25760
1"
#25770
0"
#25780
1"
#25790
0"
#25800
1"
#25810
0"
#25820
1"
#25830
0"
#25840
1"
#25850
0"
#25860
1"
#25870
0"
#25880
1"
#25890
0"
#25900
1"
#25910
0"
#25920
1"
#25930
0"
#25940
1"
#25950
0"
#25960
1"
#25970
0"
#25980
1"
#25990
0"
#26000
1"
#26010
0"
#26020
1"
#26030
0"
#26040
1"
#26050
0"
#26060
1"
#26070
0"
#26080
1"
#26090
0"
#26100
1"
#26110
0"
#26120
1"
#26130
0"
#26140
1"
#26150
0"
#26160
1"
#26170
0"
#26180
1"
#26190
0"
#26200
1"
#26210
0"
#26220
1"
#26230
0"
#26240
1"
#26250
0"
#26260
1"
#26270
0"
#26280
1"
#26290
0"
#26300
1"
#26310
0"
#26320
1"
#26330
0"
#26340
1"
#26350
0"
#26360
1"
#26370
0"
#26380
1"
#26390
0"
#26400
1"
#26410
0"
#26420
1"
#26430
0"
#26440
1"
#26450
0"
#26460
1"
#26470
0"
#26480
1"
#26490
0"
#26500
1"
#26510
0"
#26520
1"
#26530
0"
#26540
1"
#26550
0"
#26560
1"
#26570
0"
#26580
1"
#26590
0"
#26600
1"
#26610
0"
#26620
1"
#26630
0"
#26640
1"
#26650
0"
#26660
1"
#26670
0"
#26680
1"
#26690
0"
#26700
1"
#26710
0"
#26720
1"
#26730
0"
#26740
1"
#26750
0"
#26760
1"
#26770
0"
#26780
1"
#26790
0"
#26800
1"
#26810
0"
#26820
1"
#26830
0"
#26840
1"
#26850
0"
#26860
1"
#26870
0"
#26880
1"
#26890
0"
#26900
1"
#26910
0"
#26920
1"
#26930
0"
#26940
1"
#26950
0"
#26960
1"
#26970
0"
#26980
1"
#26990
0"
#27000
1"
#27010
0"
#27020
1"
#27030
0"
#27040
1"
#27050
0"
#27060
1"
#27070
0"
#27080
1"
#27090
0"
#27100
1"
#27110
0"
#27120
1"
#27130
0"
#27140
1"
#27150
0"
#27160
1"
#27170
0"
#27180
1"
#27190
0"
#27200
1"
#27210
0"
#27220
1"
#27230
0"
#27240
1"
#27250
0"
#27260
1"
#27270
0"
#27280
1"
#27290
0"
#27300
1"
#27310
0"
#27320
1"
#27330
0"
#27340
1"
#27350
0"
#27360
1"
#27370
0"
#27380
1"
#27390
0"
#27400
1"
#27410
0"
#27420
1"
#27430
0"
#27440
1"
#27450
0"
#27460
1"
#27470
0"
#27480
1"
#27490
0"
#27500
1"
#27510
0"
#27520
1"
#27530
0"
#27540
1"
#27550
0"
#27560
1"
#27570
0"
#27580
1"
#27590
0"
#27600
1"
#27610
0"
#27620
1"
#27630
0"
#27640
1"
#27650
0"
#27660
1"
#27670
0"
#27680
1"
#27690
0"
#27700
1"
#27710
0"
#27720
1"
#27730
0"
#27740
1"
#27750
0"
#27760
1"
#27770
0"
#27780
1"
#27790
0"
#27800
1"
#27810
0"
#27820
1"
#27830
0"
#27840
1"
#27850
0"
#27860
1"
#27870
0"
#27880
1"
#27890
0"
#27900
1"
#27910
0"
#27920
1"
#27930
0"
#27940
1"
#27950
0"
#27960
1"
#27970
0"
#27980
1"
#27990
0"
#28000
1"
#28010
0"
#28020
1"
#28030
0"
#28040
1"
#28050
0"
#28060
1"
#28070
0"
#28080
1"
#28090
0"
#28100
1"
#28110
0"
#28120
1"
#28130
0"
#28140
1"
#28150
0"
#28160
1"
#28170
0"
#28180
1"
#28190
0"
#28200
1"
#28210
0"
#28220
1"
#28230
0"
#28240
1"
#28250
0"
#28260
1"
#28270
0"
#28280
1"
#28290
0"
#28300
1"
#28310
0"
#28320
1"
#28330
0"
#28340
1"
#28350
0"
#28360
1"
#28370
0"
#28380
1"
#28390
0"
#28400
1"
#28410
0"
#28420
1"
#28430
0"
#28440
1"
#28450
0"
#28460
1"
#28470
0"
#28480
1"
#28490
0"
#28500
1"
#28510
0"
#28520
1"
#28530
0"
#28540
1"
#28550
0"
#28560
1"
#28570
0"
#28580
1"
#28590
0"
#28600
1"
#28610
0"
#28620
1"
#28630
0"
#28640
1"
#28650
0"
#28660
1"
#28670
0"
#28680
1"
#28690
0"
#28700
1"
#28710
0"
#28720
1"
#28730
0"
#28740
1"
#28750
0"
#28760
1"
#28770
0"
#28780
1"
#28790
0"
#28800
1"
#28810
0"
#28820
1"
#28830
0"
#28840
1"
#28850
0"
#28860
1"
#28870
0"
#28880
1"
#28890
0"
#28900
1"
#28910
0"
#28920
1"
#28930
0"
#28940
1"
#28950
0"
#28960
1"
#28970
0"
#28980
1"
#28990
0"
#29000
1"
#29010
0"
#29020
1"
#29030
0"
#29040
1"
#29050
0"
#29060
1"
#29070
0"
#29080
1"
#29090
0"
#29100
1"
#29110
0"
#29120
1"
#29130
0"
#29140
1"
#29150
0"
#29160
1"
#29170
0"
#29180
1"
#29190
0"
#29200
1"
#29210
0"
#29220
1"
#29230
0"
#29240
1"
#29250
0"
#29260
1"
#29270
0"
#29280
1"
#29290
0"
#29300
1"
#29310
0"
#29320
1"
#29330
0"
#29340
1"
#29350
0"
#29360
1"
#29370
0"
#29380
1"
#29390
0"
#29400
1"
#29410
0"
#29420
1"
#29430
0"
#29440
1"
#29450
0"
#29460
1"
#29470
0"
#29480
1"
#29490
0"
#29500
1"
#29510
0"
#29520
1"
#29530
0"
#29540
1"
#29550
0"
#29560
1"
#29570
0"
#29580
1"
#29590
0"
#29600
1"
#29610
0"
#29620
1"
#29630
0"
#29640
1"
#29650
0"
#29660
1"
#29670
0"
#29680
1"
#29690
0"
#29700
1"
#29710
0"
#29720
1"
#29730
0"
#29740
1"
#29750
0"
#29760
1"
#29770
0"
#29780
1"
#29790
0"
#29800
1"
#29810
0"
#29820
1"
#29830
0"
#29840
1"
#29850
0"
#29860
1"
#29870
0"
#29880
1"
#29890
0"
#29900
1"
#29910
0"
#29920
1"
#29930
0"
#29940
1"
#29950
0"
#29960
1"
#29970
0"
#29980
1"
#29990
0"
#30000
1"
#30010
0"
#30020
1"
#30030
0"
#30040
1"
#30050
0"
#30060
1"
#30070
0"
#30080
1"
#30090
0"
#30100
1"
#30110
0"
#30120
1"
#30130
0"
#30140
1"
#30150
0"
#30160
1"
#30170
0"
#30180
1"
#30190
0"
#30200
1"
#30210
0"
#30220
1"
#30230
0"
#30240
1"
#30250
0"
#30260
1"
#30270
0"
#30280
1"
#30290
0"
#30300
1"
#30310
0"
#30320
1"
#30330
0"
#30340
1"
#30350
0"
#30360
1"
#30370
0"
#30380
1"
#30390
0"
#30400
1"
#30410
0"
#30420
1"
#30430
0"
#30440
1"
#30450
0"
#30460
1"
#30470
0"
#30480
1"
#30490
0"
#30500
1"
#30510
0"
#30520
1"
#30530
0"
#30540
1"
#30550
0"
#30560
1"
#30570
0"
#30580
1"
#30590
0"
#30600
1"
#30610
0"
#30620
1"
#30630
0"
#30640
1"
#30650
0"
#30660
1"
#30670
0"
#30680
1"
#30690
0"
#30700
1"
#30710
0"
#30720
1"
#30730
0"
#30740
1"
#30750
0"
#30760
1"
#30770
0"
#30780
1"
#30790
0"
#30800
1"
#30810
0"
#30820
1"
#30830
0"
#30840
1"
#30850
0"
#30860
1"
#30870
0"
#30880
1"
#30890
0"
#30900
1"
#30910
0"
#30920
1"
#30930
0"
#30940
1"
#30950
0"
#30960
1"
#30970
0"
#30980
1"
#30990
0"
#31000
1"
#31010
0"
#31020
1"
#31030
0"
#31040
1"
#31050
0"
#31060
1"
#31070
0"
#31080
1"
#31090
0"
#31100
1"
#31110
0"
#31120
1"
#31130
0"
#31140
1"
#31150
0"
#31160
1"
#31170
0"
#31180
1"
#31190
0"
#31200
1"
#31210
0"
#31220
1"
#31230
0"
#31240
1"
#31250
0"
#31260
1"
#31270
0"
#31280
1"
#31290
0"
#31300
1"
#31310
0"
#31320
1"
#31330
0"
#31340
1"
#31350
0"
#31360
1"
#31370
0"
#31380
1"
#31390
0"
#31400
1"
#31410
0"
#31420
1"
#31430
0"
#31440
1"
#31450
0"
#31460
1"
#31470
0"
#31480
1"
#31490
0"
#31500
1"
#31510
0"
#31520
1"
#31530
0"
#31540
1"
#31550
0"
#31560
1"
#31570
0"
#31580
1"
#31590
0"
#31600
1"
#31610
0"
#31620
1"
#31630
0"
#31640
1"
#31650
0"
#31660
1"
#31670
0"
#31680
1"
#31690
0"
#31700
1"
#31710
0"
#31720
1"
#31730
0"
#31740
1"
#31750
0"
#31760
1"
#31770
0"
#31780
1"
#31790
0"
#31800
1"
#31810
0"
#31820
1"
#31830
0"
#31840
1"
#31850
0"
#31860
1"
#31870
0"
#31880
1"
#31890
0"
#31900
1"
#31910
0"
#31920
1"
#31930
0"
#31940
1"
#31950
0"
#31960
1"
#31970
0"
#31980
1"
#31990
0"
#32000
1"
#32010
0"
#32020
1"
#32030
0"
#32040
1"
#32050
0"
#32060
1"
#32070
0"
#32080
1"
#32090
0"
#32100
1"
#32110
0"
#32120
1"
#32130
0"
#32140
1"
#32150
0"
#32160
1"
#32170
0"
#32180
1"
#32190
0"
#32200
1"
#32210
0"
#32220
1"
#32230
0"
#32240
1"
#32250
0"
#32260
1"
#32270
0"
#32280
1"
#32290
0"
#32300
1"
#32310
0"
#32320
1"
#32330
0"
#32340
1"
#32350
0"
#32360
1"
#32370
0"
#32380
1"
#32390
0"
#32400
1"
#32410
0"
#32420
1"
#32430
0"
#32440
1"
#32450
0"
#32460
1"
#32470
0"
#32480
1"
#32490
0"
#32500
1"
#32510
0"
#32520
1"
#32530
0"
#32540
1"
#32550
0"
#32560
1"
#32570
0"
#32580
1"
#32590
0"
#32600
1"
#32610
0"
#32620
1"
#32630
0"
#32640
1"
#32650
0"
#32660
1"
#32670
0"
#32680
1"
#32690
0"
#32700
1"
#32710
0"
#32720
1"
#32730
0"
#32740
1"
#32750
0"
#32760
1"
#32770
0"
#32780
1"
#32790
0"
#32800
1"
#32810
0"
#32820
1"
#32830
0"
#32840
1"
#32850
0"
#32860
1"
#32870
0"
#32880
1"
#32890
0"
#32900
1"
#32910
0"
#32920
1"
#32930
0"
#32940
1"
#32950
0"
#32960
1"
#32970
0"
#32980
1"
#32990
0"
#33000
1"
#33010
0"
#33020
1"
#33030
0"
#33040
1"
#33050
0"
#33060
1"
#33070
0"
#33080
1"
#33090
0"
#33100
1"
#33110
0"
#33120
1"
#33130
0"
#33140
1"
#33150
0"
#33160
1"
#33170
0"
#33180
1"
#33190
0"
#33200
1"
#33210
0"
#33220
1"
#33230
0"
#33240
1"
#33250
0"
#33260
1"
#33270
0"
#33280
1"
#33290
0"
#33300
1"
#33310
0"
#33320
1"
#33330
0"
#33340
1"
#33350
0"
#33360
1"
#33370
0"
#33380
1"
#33390
0"
#33400
1"
#33410
0"
#33420
1"
#33430
0"
#33440
1"
#33450
0"
#33460
1"
#33470
0"
#33480
1"
#33490
0"
#33500
1"
#33510
0"
#33520
1"
#33530
0"
#33540
1"
#33550
0"
#33560
1"
#33570
0"
#33580
1"
#33590
0"
#33600
1"
#33610
0"
#33620
1"
#33630
0"
#33640
1"
#33650
0"
#33660
1"
#33670
0"
#33680
1"
#33690
0"
#33700
1"
#33710
0"
#33720
1"
#33730
0"
#33740
1"
#33750
0"
#33760
1"
#33770
0"
#33780
1"
#33790
0"
#33800
1"
#33810
0"
#33820
1"
#33830
0"
#33840
1"
#33850
0"
#33860
1"
#33870
0"
#33880
1"
#33890
0"
#33900
1"
#33910
0"
#33920
1"
#33930
0"
#33940
1"
#33950
0"
#33960
1"
#33970
0"
#33980
1"
#33990
0"
#34000
1"
#34010
0"
#34020
1"
#34030
0"
#34040
1"
#34050
0"
#34060
1"
#34070
0"
#34080
1"
#34090
0"
#34100
1"
#34110
0"
#34120
1"
#34130
0"
#34140
1"
#34150
0"
#34160
1"
#34170
0"
#34180
1"
#34190
0"
#34200
1"
#34210
0"
#34220
1"
#34230
0"
#34240
1"
#34250
0"
#34260
1"
#34270
0"
#34280
1"
#34290
0"
#34300
1"
#34310
0"
#34320
1"
#34330
0"
#34340
1"
#34350
0"
#34360
1"
#34370
0"
#34380
1"
#34390
0"
#34400
1"
#34410
0"
#34420
1"
#34430
0"
#34440
1"
#34450
0"
#34460
1"
#34470
0"
#34480
1"
#34490
0"
#34500
1"
#34510
0"
#34520
1"
#34530
0"
#34540
1"
#34550
0"
#34560
1"
#34570
0"
#34580
1"
#34590
0"
#34600
1"
#34610
0"
#34620
1"
#34630
0"
#34640
1"
#34650
0"
#34660
1"
#34670
0"
#34680
1"
#34690
0"
#34700
1"
#34710
0"
#34720
1"
#34730
0"
#34740
1"
#34750
0"
#34760
1"
#34770
0"
#34780
1"
#34790
0"
#34800
1"
#34810
0"
#34820
1"
#34830
0"
#34840
1"
#34850
0"
#34860
1"
#34870
0"
#34880
1"
#34890
0"
#34900
1"
#34910
0"
#34920
1"
#34930
0"
#34940
1"
#34950
0"
#34960
1"
#34970
0"
#34980
1"
#34990
0"
#35000
1"
#35010
0"
#35020
1"
#35030
0"
#35040
1"
#35050
0"
#35060
1"
#35070
0"
#35080
1"
#35090
0"
#35100
1"
#35110
0"
#35120
1"
#35130
0"
#35140
1"
#35150
0"
#35160
1"
#35170
0"
#35180
1"
#35190
0"
#35200
1"
#35210
0"
#35220
1"
#35230
0"
#35240
1"
#35250
0"
#35260
1"
#35270
0"
#35280
1"
#35290
0"
#35300
1"
#35310
0"
#35320
1"
#35330
0"
#35340
1"
#35350
0"
#35360
1"
#35370
0"
#35380
1"
#35390
0"
#35400
1"
#35410
0"
#35420
1"
#35430
0"
#35440
1"
#35450
0"
#35460
1"
#35470
0"
#35480
1"
#35490
0"
#35500
1"
#35510
0"
#35520
1"
#35530
0"
#35540
1"
#35550
0"
#35560
1"
#35570
0"
#35580
1"
#35590
0"
#35600
1"
#35610
0"
#35620
1"
#35630
0"
#35640
1"
#35650
0"
#35660
1"
#35670
0"
#35680
1"
#35690
0"
#35700
1"
#35710
0"
#35720
1"
#35730
0"
#35740
1"
#35750
0"
#35760
1"
#35770
0"
#35780
1"
#35790
0"
#35800
1"
#35810
0"
#35820
1"
#35830
0"
#35840
1"
#35850
0"
#35860
1"
#35870
0"
#35880
1"
#35890
0"
#35900
1"
#35910
0"
#35920
1"
#35930
0"
#35940
1"
#35950
0"
#35960
1"
#35970
0"
#35980
1"
#35990
0"
#36000
1"
#36010
0"
#36020
1"
#36030
0"
#36040
1"
#36050
0"
#36060
1"
#36070
0"
#36080
1"
#36090
0"
#36100
1"
#36110
0"
#36120
1"
#36130
0"
#36140
1"
#36150
0"
#36160
1"
#36170
0"
#36180
1"
#36190
0"
#36200
1"
#36210
0"
#36220
1"
#36230
0"
#36240
1"
#36250
0"
#36260
1"
#36270
0"
#36280
1"
#36290
0"
#36300
1"
#36310
0"
#36320
1"
#36330
0"
#36340
1"
#36350
0"
#36360
1"
#36370
0"
#36380
1"
#36390
0"
#36400
1"
#36410
0"
#36420
1"
#36430
0"
#36440
1"
#36450
0"
#36460
1"
#36470
0"
#36480
1"
#36490
0"
#36500
1"
#36510
0"
#36520
1"
#36530
0"
#36540
1"
#36550
0"
#36560
1"
#36570
0"
#36580
1"
#36590
0"
#36600
1"
#36610
0"
#36620
1"
#36630
0"
#36640
1"
#36650
0"
#36660
1"
#36670
0"
#36680
1"
#36690
0"
#36700
1"
#36710
0"
#36720
1"
#36730
0"
#36740
1"
#36750
0"
#36760
1"
#36770
0"
#36780
1"
#36790
0"
#36800
1"
#36810
0"
#36820
1"
#36830
0"
#36840
1"
#36850
0"
#36860
1"
#36870
0"
#36880
1"
#36890
0"
#36900
1"
#36910
0"
#36920
1"
#36930
0"
#36940
1"
#36950
0"
#36960
1"
#36970
0"
#36980
1"
#36990
0"
#37000
1"
#37010
0"
#37020
1"
#37030
0"
#37040
1"
#37050
0"
#37060
1"
#37070
0"
#37080
1"
#37090
0"
#37100
1"
#37110
0"
#37120
1"
#37130
0"
#37140
1"
#37150
0"
#37160
1"
#37170
0"
#37180
1"
#37190
0"
#37200
1"
#37210
0"
#37220
1"
#37230
0"
#37240
1"
#37250
0"
#37260
1"
#37270
0"
#37280
1"
#37290
0"
#37300
1"
#37310
0"
#37320
1"
#37330
0"
#37340
1"
#37350
0"
#37360
1"
#37370
0"
#37380
1"
#37390
0"
#37400
1"
#37410
0"
#37420
1"
#37430
0"
#37440
1"
#37450
0"
#37460
1"
#37470
0"
#37480
1"
#37490
0"
#37500
1"
#37510
0"
#37520
1"
#37530
0"
#37540
1"
#37550
0"
#37560
1"
#37570
0"
#37580
1"
#37590
0"
#37600
1"
#37610
0"
#37620
1"
#37630
0"
#37640
1"
#37650
0"
#37660
1"
#37670
0"
#37680
1"
#37690
0"
#37700
1"
#37710
0"
#37720
1"
#37730
0"
#37740
1"
#37750
0"
#37760
1"
#37770
0"
#37780
1"
#37790
0"
#37800
1"
#37810
0"
#37820
1"
#37830
0"
#37840
1"
#37850
0"
#37860
1"
#37870
0"
#37880
1"
#37890
0"
#37900
1"
#37910
0"
#37920
1"
#37930
0"
#37940
1"
#37950
0"
#37960
1"
#37970
0"
#37980
1"
#37990
0"
#38000
1"
#38010
0"
#38020
1"
#38030
0"
#38040
1"
#38050
0"
#38060
1"
#38070
0"
#38080
1"
#38090
0"
#38100
1"
#38110
0"
#38120
1"
#38130
0"
#38140
1"
#38150
0"
#38160
1"
#38170
0"
#38180
1"
#38190
0"
#38200
1"
#38210
0"
#38220
1"
#38230
0"
#38240
1"
#38250
0"
#38260
1"
#38270
0"
#38280
1"
#38290
0"
#38300
1"
#38310
0"
#38320
1"
#38330
0"
#38340
1"
#38350
0"
#38360
1"
#38370
0"
#38380
1"
#38390
0"
#38400
1"
#38410
0"
#38420
1"
#38430
0"
#38440
1"
#38450
0"
#38460
1"
#38470
0"
#38480
1"
#38490
0"
#38500
1"
#38510
0"
#38520
1"
#38530
0"
#38540
1"
#38550
0"
#38560
1"
#38570
0"
#38580
1"
#38590
0"
#38600
1"
#38610
0"
#38620
1"
#38630
0"
#38640
1"
#38650
0"
#38660
1"
#38670
0"
#38680
1"
#38690
0"
#38700
1"
#38710
0"
#38720
1"
#38730
0"
#38740
1"
#38750
0"
#38760
1"
#38770
0"
#38780
1"
#38790
0"
#38800
1"
#38810
0"
#38820
1"
#38830
0"
#38840
1"
#38850
0"
#38860
1"
#38870
0"
#38880
1"
#38890
0"
#38900
1"
#38910
0"
#38920
1"
#38930
0"
#38940
1"
#38950
0"
#38960
1"
#38970
0"
#38980
1"
#38990
0"
#39000
1"
#39010
0"
#39020
1"
#39030
0"
#39040
1"
#39050
0"
#39060
1"
#39070
0"
#39080
1"
#39090
0"
#39100
1"
#39110
0"
#39120
1"
#39130
0"
#39140
1"
#39150
0"
#39160
1"
#39170
0"
#39180
1"
#39190
0"
#39200
1"
#39210
0"
#39220
1"
#39230
0"
#39240
1"
#39250
0"
#39260
1"
#39270
0"
#39280
1"
#39290
0"
#39300
1"
#39310
0"
#39320
1"
#39330
0"
#39340
1"
#39350
0"
#39360
1"
#39370
0"
#39380
1"
#39390
0"
#39400
1"
#39410
0"
#39420
1"
#39430
0"
#39440
1"
#39450
0"
#39460
1"
#39470
0"
#39480
1"
#39490
0"
#39500
1"
#39510
0"
#39520
1"
#39530
0"
#39540
1"
#39550
0"
#39560
1"
#39570
0"
#39580
1"
#39590
0"
#39600
1"
#39610
0"
#39620
1"
#39630
0"
#39640
1"
#39650
0"
#39660
1"
#39670
0"
#39680
1"
#39690
0"
#39700
1"
#39710
0"
#39720
1"
#39730
0"
#39740
1"
#39750
0"
#39760
1"
#39770
0"
#39780
1"
#39790
0"
#39800
1"
#39810
0"
#39820
1"
#39830
0"
#39840
1"
#39850
0"
#39860
1"
#39870
0"
#39880
1"
#39890
0"
#39900
1"
#39910
0"
#39920
1"
#39930
0"
#39940
1"
#39950
0"
#39960
1"
#39970
0"
#39980
1"
#39990
0"
#40000
1"
#40010
0"
#40020
1"
#40030
0"
#40040
1"
#40050
0"
#40060
1"
#40070
0"
#40080
1"
#40090
0"
#40100
1"
#40110
0"
#40120
1"
#40130
0"
#40140
1"
#40150
0"
#40160
1"
#40170
0"
#40180
1"
#40190
0"
#40200
1"
#40210
0"
#40220
1"
#40230
0"
#40240
1"
#40250
0"
#40260
1"
#40270
0"
#40280
1"
#40290
0"
#40300
1"
#40310
0"
#40320
1"
#40330
0"
#40340
1"
#40350
0"
#40360
1"
#40370
0"
#40380
1"
#40390
0"
#40400
1"
#40410
0"
#40420
1"
#40430
0"
#40440
1"
#40450
0"
#40460
1"
#40470
0"
#40480
1"
#40490
0"
#40500
1"
#40510
0"
#40520
1"
#40530
0"
#40540
1"
#40550
0"
#40560
1"
#40570
0"
#40580
1"
#40590
0"
#40600
1"
#40610
0"
#40620
1"
#40630
0"
#40640
1"
#40650
0"
#40660
1"
#40670
0"
#40680
1"
#40690
0"
#40700
1"
#40710
0"
#40720
1"
#40730
0"
#40740
1"
#40750
0"
#40760
1"
#40770
0"
#40780
1"
#40790
0"
#40800
1"
#40810
0"
#40820
1"
#40830
0"
#40840
1"
#40850
0"
#40860
1"
#40870
0"
#40880
1"
#40890
0"
#40900
1"
#40910
0"
#40920
1"
#40930
0"
#40940
1"
#40950
0"
#40960
1"
#40970
0"
#40980
1"
#40990
0"
#41000
1"
#41010
0"
#41020
1"
#41030
0"
#41040
1"
#41050
0"
#41060
1"
#41070
0"
#41080
1"
#41090
0"
#41100
1"
#41110
0"
#41120
1"
#41130
0"
#41140
1"
#41150
0"
#41160
1"
#41170
0"
#41180
1"
#41190
0"
#41200
1"
#41210
0"
#41220
1"
#41230
0"
#41240
1"
#41250
0"
#41260
1"
#41270
0"
#41280
1"
#41290
0"
#41300
1"
#41310
0"
#41320
1"
#41330
0"
#41340
1"
#41350
0"
#41360
1"
#41370
0"
#41380
1"
#41390
0"
#41400
1"
#41410
0"
#41420
1"
#41430
0"
#41440
1"
#41450
0"
#41460
1"
#41470
0"
#41480
1"
#41490
0"
#41500
1"
#41510
0"
#41520
1"
#41530
0"
#41540
1"
#41550
0"
#41560
1"
#41570
0"
#41580
1"
#41590
0"
#41600
1"
#41610
0"
#41620
1"
#41630
0"
#41640
1"
#41650
0"
#41660
1"
#41670
0"
#41680
1"
#41690
0"
#41700
1"
#41710
0"
#41720
1"
#41730
0"
#41740
1"
#41750
0"
#41760
1"
#41770
0"
#41780
1"
#41790
0"
#41800
1"
#41810
0"
#41820
1"
#41830
0"
#41840
1"
#41850
0"
#41860
1"
#41870
0"
#41880
1"
#41890
0"
#41900
1"
#41910
0"
#41920
1"
#41930
0"
#41940
1"
#41950
0"
#41960
1"
#41970
0"
#41980
1"
#41990
0"
#42000
1"
#42010
0"
#42020
1"
#42030
0"
#42040
1"
#42050
0"
#42060
1"
#42070
0"
#42080
1"
#42090
0"
#42100
1"
#42110
0"
#42120
1"
#42130
0"
#42140
1"
#42150
0"
#42160
1"
#42170
0"
#42180
1"
#42190
0"
#42200
1"
#42210
0"
#42220
1"
#42230
0"
#42240
1"
#42250
0"
#42260
1"
#42270
0"
#42280
1"
#42290
0"
#42300
1"
#42310
0"
#42320
1"
#42330
0"
#42340
1"
#42350
0"
#42360
1"
#42370
0"
#42380
1"
#42390
0"
#42400
1"
#42410
0"
#42420
1"
#42430
0"
#42440
1"
#42450
0"
#42460
1"
#42470
0"
#42480
1"
#42490
0"
#42500
1"
#42510
0"
#42520
1"
#42530
0"
#42540
1"
#42550
0"
#42560
1"
#42570
0"
#42580
1"
#42590
0"
#42600
1"
#42610
0"
#42620
1"
#42630
0"
#42640
1"
#42650
0"
#42660
1"
#42670
0"
#42680
1"
#42690
0"
#42700
1"
#42710
0"
#42720
1"
#42730
0"
#42740
1"
#42750
0"
#42760
1"
#42770
0"
#42780
1"
#42790
0"
#42800
1"
#42810
0"
#42820
1"
#42830
0"
#42840
1"
#42850
0"
#42860
1"
#42870
0"
#42880
1"
#42890
0"
#42900
1"
#42910
0"
#42920
1"
#42930
0"
#42940
1"
#42950
0"
#42960
1"
#42970
0"
#42980
1"
#42990
0"
#43000
1"
#43010
0"
#43020
1"
#43030
0"
#43040
1"
#43050
0"
#43060
1"
#43070
0"
#43080
1"
#43090
0"
#43100
1"
#43110
0"
#43120
1"
#43130
0"
#43140
1"
#43150
0"
#43160
1"
#43170
0"
#43180
1"
#43190
0"
#43200
1"
#43210
0"
#43220
1"
#43230
0"
#43240
1"
#43250
0"
#43260
1"
#43270
0"
#43280
1"
#43290
0"
#43300
1"
#43310
0"
#43320
1"
#43330
0"
#43340
1"
#43350
0"
#43360
1"
#43370
0"
#43380
1"
#43390
0"
#43400
1"
#43410
0"
#43420
1"
#43430
0"
#43440
1"
#43450
0"
#43460
1"
#43470
0"
#43480
1"
#43490
0"
#43500
1"
#43510
0"
#43520
1"
#43530
0"
#43540
1"
#43550
0"
#43560
1"
#43570
0"
#43580
1"
#43590
0"
#43600
1"
#43610
0"
#43620
1"
#43630
0"
#43640
1"
#43650
0"
#43660
1"
#43670
0"
#43680
1"
#43690
0"
#43700
1"
#43710
0"
#43720
1"
#43730
0"
#43740
1"
#43750
0"
#43760
1"
#43770
0"
#43780
1"
#43790
0"
#43800
1"
#43810
0"
#43820
1"
#43830
0"
#43840
1"
#43850
0"
#43860
1"
#43870
0"
#43880
1"
#43890
0"
#43900
1"
#43910
0"
#43920
1"
#43930
0"
#43940
1"
#43950
0"
#43960
1"
#43970
0"
#43980
1"
#43990
0"
#44000
1"
#44010
0"
#44020
1"
#44030
0"
#44040
1"
#44050
0"
#44060
1"
#44070
0"
#44080
1"
#44090
0"
#44100
1"
#44110
0"
#44120
1"
#44130
0"
#44140
1"
#44150
0"
#44160
1"
#44170
0"
#44180
1"
#44190
0"
#44200
1"
#44210
0"
#44220
1"
#44230
0"
#44240
1"
#44250
0"
#44260
1"
#44270
0"
#44280
1"
#44290
0"
#44300
1"
#44310
0"
#44320
1"
#44330
0"
#44340
1"
#44350
0"
#44360
1"
#44370
0"
#44380
1"
#44390
0"
#44400
1"
#44410
0"
#44420
1"
#44430
0"
#44440
1"
#44450
0"
#44460
1"
#44470
0"
#44480
1"
#44490
0"
#44500
1"
#44510
0"
#44520
1"
#44530
0"
#44540
1"
#44550
0"
#44560
1"
#44570
0"
#44580
1"
#44590
0"
#44600
1"
#44610
0"
#44620
1"
#44630
0"
#44640
1"
#44650
0"
#44660
1"
#44670
0"
#44680
1"
#44690
0"
#44700
1"
#44710
0"
#44720
1"
#44730
0"
#44740
1"
#44750
0"
#44760
1"
#44770
0"
#44780
1"
#44790
0"
#44800
1"
#44810
0"
#44820
1"
#44830
0"
#44840
1"
#44850
0"
#44860
1"
#44870
0"
#44880
1"
#44890
0"
#44900
1"
#44910
0"
#44920
1"
#44930
0"
#44940
1"
#44950
0"
#44960
1"
#44970
0"
#44980
1"
#44990
0"
#45000
1"
#45010
0"
#45020
1"
#45030
0"
#45040
1"
#45050
0"
#45060
1"
#45070
0"
#45080
1"
#45090
0"
#45100
1"
#45110
0"
#45120
1"
#45130
0"
#45140
1"
#45150
0"
#45160
1"
#45170
0"
#45180
1"
#45190
0"
#45200
1"
#45210
0"
#45220
1"
#45230
0"
#45240
1"
#45250
0"
#45260
1"
#45270
0"
#45280
1"
#45290
0"
#45300
1"
#45310
0"
#45320
1"
#45330
0"
#45340
1"
#45350
0"
#45360
1"
#45370
0"
#45380
1"
#45390
0"
#45400
1"
#45410
0"
#45420
1"
#45430
0"
#45440
1"
#45450
0"
#45460
1"
#45470
0"
#45480
1"
#45490
0"
#45500
1"
#45510
0"
#45520
1"
#45530
0"
#45540
1"
#45550
0"
#45560
1"
#45570
0"
#45580
1"
#45590
0"
#45600
1"
#45610
0"
#45620
1"
#45630
0"
#45640
1"
#45650
0"
#45660
1"
#45670
0"
#45680
1"
#45690
0"
#45700
1"
#45710
0"
#45720
1"
#45730
0"
#45740
1"
#45750
0"
#45760
1"
#45770
0"
#45780
1"
#45790
0"
#45800
1"
#45810
0"
#45820
1"
#45830
0"
#45840
1"
#45850
0"
#45860
1"
#45870
0"
#45880
1"
#45890
0"
#45900
1"
#45910
0"
#45920
1"
#45930
0"
#45940
1"
#45950
0"
#45960
1"
#45970
0"
#45980
1"
#45990
0"
#46000
1"
#46010
0"
#46020
1"
#46030
0"
#46040
1"
#46050
0"
#46060
1"
#46070
0"
#46080
1"
#46090
0"
#46100
1"
#46110
0"
#46120
1"
#46130
0"
#46140
1"
#46150
0"
#46160
1"
#46170
0"
#46180
1"
#46190
0"
#46200
1"
#46210
0"
#46220
1"
#46230
0"
#46240
1"
#46250
0"
#46260
1"
#46270
0"
#46280
1"
#46290
0"
#46300
1"
#46310
0"
#46320
1"
#46330
0"
#46340
1"
#46350
0"
#46360
1"
#46370
0"
#46380
1"
#46390
0"
#46400
1"
#46410
0"
#46420
1"
#46430
0"
#46440
1"
#46450
0"
#46460
1"
#46470
0"
#46480
1"
#46490
0"
#46500
1"
#46510
0"
#46520
1"
#46530
0"
#46540
1"
#46550
0"
#46560
1"
#46570
0"
#46580
1"
#46590
0"
#46600
1"
#46610
0"
#46620
1"
#46630
0"
#46640
1"
#46650
0"
#46660
1"
#46670
0"
#46680
1"
#46690
0"
#46700
1"
#46710
0"
#46720
1"
#46730
0"
#46740
1"
#46750
0"
#46760
1"
#46770
0"
#46780
1"
#46790
0"
#46800
1"
#46810
0"
#46820
1"
#46830
0"
#46840
1"
#46850
0"
#46860
1"
#46870
0"
#46880
1"
#46890
0"
#46900
1"
#46910
0"
#46920
1"
#46930
0"
#46940
1"
#46950
0"
#46960
1"
#46970
0"
#46980
1"
#46990
0"
#47000
1"
#47010
0"
#47020
1"
#47030
0"
#47040
1"
#47050
0"
#47060
1"
#47070
0"
#47080
1"
#47090
0"
#47100
1"
#47110
0"
#47120
1"
#47130
0"
#47140
1"
#47150
0"
#47160
1"
#47170
0"
#47180
1"
#47190
0"
#47200
1"
#47210
0"
#47220
1"
#47230
0"
#47240
1"
#47250
0"
#47260
1"
#47270
0"
#47280
1"
#47290
0"
#47300
1"
#47310
0"
#47320
1"
#47330
0"
#47340
1"
#47350
0"
#47360
1"
#47370
0"
#47380
1"
#47390
0"
#47400
1"
#47410
0"
#47420
1"
#47430
0"
#47440
1"
#47450
0"
#47460
1"
#47470
0"
#47480
1"
#47490
0"
#47500
1"
#47510
0"
#47520
1"
#47530
0"
#47540
1"
#47550
0"
#47560
1"
#47570
0"
#47580
1"
#47590
0"
#47600
1"
#47610
0"
#47620
1"
#47630
0"
#47640
1"
#47650
0"
#47660
1"
#47670
0"
#47680
1"
#47690
0"
#47700
1"
#47710
0"
#47720
1"
#47730
0"
#47740
1"
#47750
0"
#47760
1"
#47770
0"
#47780
1"
#47790
0"
#47800
1"
#47810
0"
#47820
1"
#47830
0"
#47840
1"
#47850
0"
#47860
1"
#47870
0"
#47880
1"
#47890
0"
#47900
1"
#47910
0"
#47920
1"
#47930
0"
#47940
1"
#47950
0"
#47960
1"
#47970
0"
#47980
1"
#47990
0"
#48000
1"
#48010
0"
#48020
1"
#48030
0"
#48040
1"
#48050
0"
#48060
1"
#48070
0"
#48080
1"
#48090
0"
#48100
1"
#48110
0"
#48120
1"
#48130
0"
#48140
1"
#48150
0"
#48160
1"
#48170
0"
#48180
1"
#48190
0"
#48200
1"
#48210
0"
#48220
1"
#48230
0"
#48240
1"
#48250
0"
#48260
1"
#48270
0"
#48280
1"
#48290
0"
#48300
1"
#48310
0"
#48320
1"
#48330
0"
#48340
1"
#48350
0"
#48360
1"
#48370
0"
#48380
1"
#48390
0"
#48400
1"
#48410
0"
#48420
1"
#48430
0"
#48440
1"
#48450
0"
#48460
1"
#48470
0"
#48480
1"
#48490
0"
#48500
1"
#48510
0"
#48520
1"
#48530
0"
#48540
1"
#48550
0"
#48560
1"
#48570
0"
#48580
1"
#48590
0"
#48600
1"
#48610
0"
#48620
1"
#48630
0"
#48640
1"
#48650
0"
#48660
1"
#48670
0"
#48680
1"
#48690
0"
#48700
1"
#48710
0"
#48720
1"
#48730
0"
#48740
1"
#48750
0"
#48760
1"
#48770
0"
#48780
1"
#48790
0"
#48800
1"
#48810
0"
#48820
1"
#48830
0"
#48840
1"
#48850
0"
#48860
1"
#48870
0"
#48880
1"
#48890
0"
#48900
1"
#48910
0"
#48920
1"
#48930
0"
#48940
1"
#48950
0"
#48960
1"
#48970
0"
#48980
1"
#48990
0"
#49000
1"
#49010
0"
#49020
1"
#49030
0"
#49040
1"
#49050
0"
#49060
1"
#49070
0"
#49080
1"
#49090
0"
#49100
1"
#49110
0"
#49120
1"
#49130
0"
#49140
1"
#49150
0"
#49160
1"
#49170
0"
#49180
1"
#49190
0"
#49200
1"
#49210
0"
#49220
1"
#49230
0"
#49240
1"
#49250
0"
#49260
1"
#49270
0"
#49280
1"
#49290
0"
#49300
1"
#49310
0"
#49320
1"
#49330
0"
#49340
1"
#49350
0"
#49360
1"
#49370
0"
#49380
1"
#49390
0"
#49400
1"
#49410
0"
#49420
1"
#49430
0"
#49440
1"
#49450
0"
#49460
1"
#49470
0"
#49480
1"
#49490
0"
#49500
1"
#49510
0"
#49520
1"
#49530
0"
#49540
1"
#49550
0"
#49560
1"
#49570
0"
#49580
1"
#49590
0"
#49600
1"
#49610
0"
#49620
1"
#49630
0"
#49640
1"
#49650
0"
#49660
1"
#49670
0"
#49680
1"
#49690
0"
#49700
1"
#49710
0"
#49720
1"
#49730
0"
#49740
1"
#49750
0"
#49760
1"
#49770
0"
#49780
1"
#49790
0"
#49800
1"
#49810
0"
#49820
1"
#49830
0"
#49840
1"
#49850
0"
#49860
1"
#49870
0"
#49880
1"
#49890
0"
#49900
1"
#49910
0"
#49920
1"
#49930
0"
#49940
1"
#49950
0"
#49960
1"
#49970
0"
#49980
1"
#49990
0"
#50000
1"
#50010
0"
#50020
1"
#50030
0"
#50040
1"
#50050
0"
#50060
1"
#50070
0"
#50080
1"
#50090
0"
#50100
1"
#50110
0"
#50120
1"
#50130
0"
#50140
1"
#50150
0"
#50160
1"
#50170
0"
#50180
1"
#50190
0"
#50200
1"
#50210
0"
#50220
1"
#50230
0"
#50240
1"
#50250
0"
#50260
1"
#50270
0"
#50280
1"
#50290
0"
#50300
1"
#50310
0"
#50320
1"
#50330
0"
#50340
1"
#50350
0"
#50360
1"
#50370
0"
#50380
1"
#50390
0"
#50400
1"
#50410
0"
#50420
1"
#50430
0"
#50440
1"
#50450
0"
#50460
1"
#50470
0"
#50480
1"
#50490
0"
#50500
1"
#50510
0"
#50520
1"
#50530
0"
#50540
1"
#50550
0"
#50560
1"
#50570
0"
#50580
1"
#50590
0"
#50600
1"
#50610
0"
#50620
1"
#50630
0"
#50640
1"
#50650
0"
#50660
1"
#50670
0"
#50680
1"
#50690
0"
#50700
1"
#50710
0"
#50720
1"
#50730
0"
#50740
1"
#50750
0"
#50760
1"
#50770
0"
#50780
1"
#50790
0"
#50800
1"
#50810
0"
#50820
1"
#50830
0"
#50840
1"
#50850
0"
#50860
1"
#50870
0"
#50880
1"
#50890
0"
#50900
1"
#50910
0"
#50920
1"
#50930
0"
#50940
1"
#50950
0"
#50960
1"
#50970
0"
#50980
1"
#50990
0"
#51000
1"
#51010
0"
#51020
1"
#51030
0"
#51040
1"
#51050
0"
#51060
1"
#51070
0"
#51080
1"
#51090
0"
#51100
1"
#51110
0"
#51120
1"
#51130
0"
#51140
1"
#51150
0"
#51160
1"
#51170
0"
#51180
1"
#51190
0"
#51200
1"
#51210
0"
#51220
1"
#51230
0"
#51240
1"
#51250
0"
#51260
1"
#51270
0"
#51280
1"
#51290
0"
#51300
1"
#51310
0"
#51320
1"
#51330
0"
#51340
1"
#51350
0"
#51360
1"
#51370
0"
#51380
1"
#51390
0"
#51400
1"
#51410
0"
#51420
1"
#51430
0"
#51440
1"
#51450
0"
#51460
1"
#51470
0"
#51480
1"
#51490
0"
#51500
1"
#51510
0"
#51520
1"
#51530
0"
#51540
1"
#51550
0"
#51560
1"
#51570
0"
#51580
1"
#51590
0"
#51600
1"
#51610
0"
#51620
1"
#51630
0"
#51640
1"
#51650
0"
#51660
1"
#51670
0"
#51680
1"
#51690
0"
#51700
1"
#51710
0"
#51720
1"
#51730
0"
#51740
1"
#51750
0"
#51760
1"
#51770
0"
#51780
1"
#51790
0"
#51800
1"
#51810
0"
#51820
1"
#51830
0"
#51840
1"
#51850
0"
#51860
1"
#51870
0"
#51880
1"
#51890
0"
#51900
1"
#51910
0"
#51920
1"
#51930
0"
#51940
1"
#51950
0"
#51960
1"
#51970
0"
#51980
1"
#51990
0"
#52000
1"
#52010
0"
#52020
1"
#52030
0"
#52040
1"
#52050
0"
#52060
1"
#52070
0"
#52080
1"
#52090
0"
#52100
1"
#52110
0"
#52120
1"
#52130
0"
#52140
1"
#52150
0"
#52160
1"
#52170
0"
#52180
1"
#52190
0"
#52200
1"
#52210
0"
#52220
1"
#52230
0"
#52240
1"
#52250
0"
#52260
1"
#52270
0"
#52280
1"
#52290
0"
#52300
1"
#52310
0"
#52320
1"
#52330
0"
#52340
1"
#52350
0"
#52360
1"
#52370
0"
#52380
1"
#52390
0"
#52400
1"
#52410
0"
#52420
1"
#52430
0"
#52440
1"
#52450
0"
#52460
1"
#52470
0"
#52480
1"
#52490
0"
#52500
1"
#52510
0"
#52520
1"
#52530
0"
#52540
1"
#52550
0"
#52560
1"
#52570
0"
#52580
1"
#52590
0"
#52600
1"
#52610
0"
#52620
1"
#52630
0"
#52640
1"
#52650
0"
#52660
1"
#52670
0"
#52680
1"
#52690
0"
#52700
1"
#52710
0"
#52720
1"
#52730
0"
#52740
1"
#52750
0"
#52760
1"
#52770
0"
#52780
1"
#52790
0"
#52800
1"
#52810
0"
#52820
1"
#52830
0"
#52840
1"
#52850
0"
#52860
1"
#52870
0"
#52880
1"
#52890
0"
#52900
1"
#52910
0"
#52920
1"
#52930
0"
#52940
1"
#52950
0"
#52960
1"
#52970
0"
#52980
1"
#52990
0"
#53000
1"
#53010
0"
#53020
1"
#53030
0"
#53040
1"
#53050
0"
#53060
1"
#53070
0"
#53080
1"
#53090
0"
#53100
1"
#53110
0"
#53120
1"
#53130
0"
#53140
1"
#53150
0"
#53160
1"
#53170
0"
#53180
1"
#53190
0"
#53200
1"
#53210
0"
#53220
1"
#53230
0"
#53240
1"
#53250
0"
#53260
1"
#53270
0"
#53280
1"
#53290
0"
#53300
1"
#53310
0"
#53320
1"
#53330
0"
#53340
1"
#53350
0"
#53360
1"
#53370
0"
#53380
1"
#53390
0"
#53400
1"
#53410
0"
#53420
1"
#53430
0"
#53440
1"
#53450
0"
#53460
1"
#53470
0"
#53480
1"
#53490
0"
#53500
1"
#53510
0"
#53520
1"
#53530
0"
#53540
1"
#53550
0"
#53560
1"
#53570
0"
#53580
1"
#53590
0"
#53600
1"
#53610
0"
#53620
1"
#53630
0"
#53640
1"
#53650
0"
#53660
1"
#53670
0"
#53680
1"
#53690
0"
#53700
1"
#53710
0"
#53720
1"
#53730
0"
#53740
1"
#53750
0"
#53760
1"
#53770
0"
#53780
1"
#53790
0"
#53800
1"
#53810
0"
#53820
1"
#53830
0"
#53840
1"
#53850
0"
#53860
1"
#53870
0"
#53880
1"
#53890
0"
#53900
1"
#53910
0"
#53920
1"
#53930
0"
#53940
1"
#53950
0"
#53960
1"
#53970
0"
#53980
1"
#53990
0"
#54000
1"
#54010
0"
#54020
1"
#54030
0"
#54040
1"
#54050
0"
#54060
1"
#54070
0"
#54080
1"
#54090
0"
#54100
1"
#54110
0"
#54120
1"
#54130
0"
#54140
1"
#54150
0"
#54160
1"
#54170
0"
#54180
1"
#54190
0"
#54200
1"
#54210
0"
#54220
1"
#54230
0"
#54240
1"
#54250
0"
#54260
1"
#54270
0"
#54280
1"
#54290
0"
#54300
1"
#54310
0"
#54320
1"
#54330
0"
#54340
1"
#54350
0"
#54360
1"
#54370
0"
#54380
1"
#54390
0"
#54400
1"
#54410
0"
#54420
1"
#54430
0"
#54440
1"
#54450
0"
#54460
1"
#54470
0"
#54480
1"
#54490
0"
#54500
1"
#54510
0"
#54520
1"
#54530
0"
#54540
1"
#54550
0"
#54560
1"
#54570
0"
#54580
1"
#54590
0"
#54600
1"
#54610
0"
#54620
1"
#54630
0"
#54640
1"
#54650
0"
#54660
1"
#54670
0"
#54680
1"
#54690
0"
#54700
1"
#54710
0"
#54720
1"
#54730
0"
#54740
1"
#54750
0"
#54760
1"
#54770
0"
#54780
1"
#54790
0"
#54800
1"
#54810
0"
#54820
1"
#54830
0"
#54840
1"
#54850
0"
#54860
1"
#54870
0"
#54880
1"
#54890
0"
#54900
1"
#54910
0"
#54920
1"
#54930
0"
#54940
1"
#54950
0"
#54960
1"
#54970
0"
#54980
1"
#54990
0"
#55000
1"
#55010
0"
#55020
1"
#55030
0"
#55040
1"
#55050
0"
#55060
1"
#55070
0"
#55080
1"
#55090
0"
#55100
1"
#55110
0"
#55120
1"
#55130
0"
#55140
1"
#55150
0"
#55160
1"
#55170
0"
#55180
1"
#55190
0"
#55200
1"
#55210
0"
#55220
1"
#55230
0"
#55240
1"
#55250
0"
#55260
1"
#55270
0"
#55280
1"
#55290
0"
#55300
1"
#55310
0"
#55320
1"
#55330
0"
#55340
1"
#55350
0"
#55360
1"
#55370
0"
#55380
1"
#55390
0"
#55400
1"
#55410
0"
#55420
1"
#55430
0"
#55440
1"
#55450
0"
#55460
1"
#55470
0"
#55480
1"
#55490
0"
#55500
1"
#55510
0"
#55520
1"
#55530
0"
#55540
1"
#55550
0"
#55560
1"
#55570
0"
#55580
1"
#55590
0"
#55600
1"
#55610
0"
#55620
1"
#55630
0"
#55640
1"
#55650
0"
#55660
1"
#55670
0"
#55680
1"
#55690
0"
#55700
1"
#55710
0"
#55720
1"
#55730
0"
#55740
1"
#55750
0"
#55760
1"
#55770
0"
#55780
1"
#55790
0"
#55800
1"
#55810
0"
#55820
1"
#55830
0"
#55840
1"
#55850
0"
#55860
1"
#55870
0"
#55880
1"
#55890
0"
#55900
1"
#55910
0"
#55920
1"
#55930
0"
#55940
1"
#55950
0"
#55960
1"
#55970
0"
#55980
1"
#55990
0"
#56000
1"
#56010
0"
#56020
1"
#56030
0"
#56040
1"
#56050
0"
#56060
1"
#56070
0"
#56080
1"
#56090
0"
#56100
1"
#56110
0"
#56120
1"
#56130
0"
#56140
1"
#56150
0"
#56160
1"
#56170
0"
#56180
1"
#56190
0"
#56200
1"
#56210
0"
#56220
1"
#56230
0"
#56240
1"
#56250
0"
#56260
1"
#56270
0"
#56280
1"
#56290
0"
#56300
1"
#56310
0"
#56320
1"
#56330
0"
#56340
1"
#56350
0"
#56360
1"
#56370
0"
#56380
1"
#56390
0"
#56400
1"
#56410
0"
#56420
1"
#56430
0"
#56440
1"
#56450
0"
#56460
1"
#56470
0"
#56480
1"
#56490
0"
#56500
1"
#56510
0"
#56520
1"
#56530
0"
#56540
1"
#56550
0"
#56560
1"
#56570
0"
#56580
1"
#56590
0"
#56600
1"
#56610
0"
#56620
1"
#56630
0"
#56640
1"
#56650
0"
#56660
1"
#56670
0"
#56680
1"
#56690
0"
#56700
1"
#56710
0"
#56720
1"
#56730
0"
#56740
1"
#56750
0"
#56760
1"
#56770
0"
#56780
1"
#56790
0"
#56800
1"
#56810
0"
#56820
1"
#56830
0"
#56840
1"
#56850
0"
#56860
1"
#56870
0"
#56880
1"
#56890
0"
#56900
1"
#56910
0"
#56920
1"
#56930
0"
#56940
1"
#56950
0"
#56960
1"
#56970
0"
#56980
1"
#56990
0"
#57000
1"
#57010
0"
#57020
1"
#57030
0"
#57040
1"
#57050
0"
#57060
1"
#57070
0"
#57080
1"
#57090
0"
#57100
1"
#57110
0"
#57120
1"
#57130
0"
#57140
1"
#57150
0"
#57160
1"
#57170
0"
#57180
1"
#57190
0"
#57200
1"
#57210
0"
#57220
1"
#57230
0"
#57240
1"
#57250
0"
#57260
1"
#57270
0"
#57280
1"
#57290
0"
#57300
1"
#57310
0"
#57320
1"
#57330
0"
#57340
1"
#57350
0"
#57360
1"
#57370
0"
#57380
1"
#57390
0"
#57400
1"
#57410
0"
#57420
1"
#57430
0"
#57440
1"
#57450
0"
#57460
1"
#57470
0"
#57480
1"
#57490
0"
#57500
1"
#57510
0"
#57520
1"
#57530
0"
#57540
1"
#57550
0"
#57560
1"
#57570
0"
#57580
1"
#57590
0"
#57600
1"
#57610
0"
#57620
1"
#57630
0"
#57640
1"
#57650
0"
#57660
1"
#57670
0"
#57680
1"
#57690
0"
#57700
1"
#57710
0"
#57720
1"
#57730
0"
#57740
1"
#57750
0"
#57760
1"
#57770
0"
#57780
1"
#57790
0"
#57800
1"
#57810
0"
#57820
1"
#57830
0"
#57840
1"
#57850
0"
#57860
1"
#57870
0"
#57880
1"
#57890
0"
#57900
1"
#57910
0"
#57920
1"
#57930
0"
#57940
1"
#57950
0"
#57960
1"
#57970
0"
#57980
1"
#57990
0"
#58000
1"
#58010
0"
#58020
1"
#58030
0"
#58040
1"
#58050
0"
#58060
1"
#58070
0"
#58080
1"
#58090
0"
#58100
1"
#58110
0"
#58120
1"
#58130
0"
#58140
1"
#58150
0"
#58160
1"
#58170
0"
#58180
1"
#58190
0"
#58200
1"
#58210
0"
#58220
1"
#58230
0"
#58240
1"
#58250
0"
#58260
1"
#58270
0"
#58280
1"
#58290
0"
#58300
1"
#58310
0"
#58320
1"
#58330
0"
#58340
1"
#58350
0"
#58360
1"
#58370
0"
#58380
1"
#58390
0"
#58400
1"
#58410
0"
#58420
1"
#58430
0"
#58440
1"
#58450
0"
#58460
1"
#58470
0"
#58480
1"
#58490
0"
#58500
1"
#58510
0"
#58520
1"
#58530
0"
#58540
1"
#58550
0"
#58560
1"
#58570
0"
#58580
1"
#58590
0"
#58600
1"
#58610
0"
#58620
1"
#58630
0"
#58640
1"
#58650
0"
#58660
1"
#58670
0"
#58680
1"
#58690
0"
#58700
1"
#58710
0"
#58720
1"
#58730
0"
#58740
1"
#58750
0"
#58760
1"
#58770
0"
#58780
1"
#58790
0"
#58800
1"
#58810
0"
#58820
1"
#58830
0"
#58840
1"
#58850
0"
#58860
1"
#58870
0"
#58880
1"
#58890
0"
#58900
1"
#58910
0"
#58920
1"
#58930
0"
#58940
1"
#58950
0"
#58960
1"
#58970
0"
#58980
1"
#58990
0"
#59000
1"
#59010
0"
#59020
1"
#59030
0"
#59040
1"
#59050
0"
#59060
1"
#59070
0"
#59080
1"
#59090
0"
#59100
1"
#59110
0"
#59120
1"
#59130
0"
#59140
1"
#59150
0"
#59160
1"
#59170
0"
#59180
1"
#59190
0"
#59200
1"
#59210
0"
#59220
1"
#59230
0"
#59240
1"
#59250
0"
#59260
1"
#59270
0"
#59280
1"
#59290
0"
#59300
1"
#59310
0"
#59320
1"
#59330
0"
#59340
1"
#59350
0"
#59360
1"
#59370
0"
#59380
1"
#59390
0"
#59400
1"
#59410
0"
#59420
1"
#59430
0"
#59440
1"
#59450
0"
#59460
1"
#59470
0"
#59480
1"
#59490
0"
#59500
1"
#59510
0"
#59520
1"
#59530
0"
#59540
1"
#59550
0"
#59560
1"
#59570
0"
#59580
1"
#59590
0"
#59600
1"
#59610
0"
#59620
1"
#59630
0"
#59640
1"
#59650
0"
#59660
1"
#59670
0"
#59680
1"
#59690
0"
#59700
1"
#59710
0"
#59720
1"
#59730
0"
#59740
1"
#59750
0"
#59760
1"
#59770
0"
#59780
1"
#59790
0"
#59800
1"
#59810
0"
#59820
1"
#59830
0"
#59840
1"
#59850
0"
#59860
1"
#59870
0"
#59880
1"
#59890
0"
#59900
1"
#59910
0"
#59920
1"
#59930
0"
#59940
1"
#59950
0"
#59960
1"
#59970
0"
#59980
1"
#59990
0"
#60000
1"
#60010
0"
#60020
1"
#60030
0"
#60040
1"
#60050
0"
#60060
1"
#60070
0"
#60080
1"
#60090
0"
#60100
1"
#60110
0"
#60120
1"
#60130
0"
#60140
1"
#60150
0"
#60160
1"
#60170
0"
#60180
1"
#60190
0"
#60200
1"
#60210
0"
#60220
1"
#60230
0"
#60240
1"
#60250
0"
#60260
1"
#60270
0"
#60280
1"
#60290
0"
#60300
1"
#60310
0"
#60320
1"
#60330
0"
#60340
1"
#60350
0"
#60360
1"
#60370
0"
#60380
1"
#60390
0"
#60400
1"
#60410
0"
#60420
1"
#60430
0"
#60440
1"
#60450
0"
#60460
1"
#60470
0"
#60480
1"
#60490
0"
#60500
1"
#60510
0"
#60520
1"
#60530
0"
#60540
1"
#60550
0"
#60560
1"
#60570
0"
#60580
1"
#60590
0"
#60600
1"
#60610
0"
#60620
1"
#60630
0"
#60640
1"
#60650
0"
#60660
1"
#60670
0"
#60680
1"
#60690
0"
#60700
1"
#60710
0"
#60720
1"
#60730
0"
#60740
1"
#60750
0"
#60760
1"
#60770
0"
#60780
1"
#60790
0"
#60800
1"
#60810
0"
#60820
1"
#60830
0"
#60840
1"
#60850
0"
#60860
1"
#60870
0"
#60880
1"
#60890
0"
#60900
1"
#60910
0"
#60920
1"
#60930
0"
#60940
1"
#60950
0"
#60960
1"
#60970
0"
#60980
1"
#60990
0"
#61000
1"
#61010
0"
#61020
1"
#61030
0"
#61040
1"
#61050
0"
#61060
1"
#61070
0"
#61080
1"
#61090
0"
#61100
1"
#61110
0"
#61120
1"
#61130
0"
#61140
1"
#61150
0"
#61160
1"
#61170
0"
#61180
1"
#61190
0"
#61200
1"
#61210
0"
#61220
1"
#61230
0"
#61240
1"
#61250
0"
#61260
1"
#61270
0"
#61280
1"
#61290
0"
#61300
1"
#61310
0"
#61320
1"
#61330
0"
#61340
1"
#61350
0"
#61360
1"
#61370
0"
#61380
1"
#61390
0"
#61400
1"
#61410
0"
#61420
1"
#61430
0"
#61440
1"
#61450
0"
#61460
1"
#61470
0"
#61480
1"
#61490
0"
#61500
1"
#61510
0"
#61520
1"
#61530
0"
#61540
1"
#61550
0"
#61560
1"
#61570
0"
#61580
1"
#61590
0"
#61600
1"
#61610
0"
#61620
1"
#61630
0"
#61640
1"
#61650
0"
#61660
1"
#61670
0"
#61680
1"
#61690
0"
#61700
1"
#61710
0"
#61720
1"
#61730
0"
#61740
1"
#61750
0"
#61760
1"
#61770
0"
#61780
1"
#61790
0"
#61800
1"
#61810
0"
#61820
1"
#61830
0"
#61840
1"
#61850
0"
#61860
1"
#61870
0"
#61880
1"
#61890
0"
#61900
1"
#61910
0"
#61920
1"
#61930
0"
#61940
1"
#61950
0"
#61960
1"
#61970
0"
#61980
1"
#61990
0"
#62000
1"
#62010
0"
#62020
1"
#62030
0"
#62040
1"
#62050
0"
#62060
1"
#62070
0"
#62080
1"
#62090
0"
#62100
1"
#62110
0"
#62120
1"
#62130
0"
#62140
1"
#62150
0"
#62160
1"
#62170
0"
#62180
1"
#62190
0"
#62200
1"
#62210
0"
#62220
1"
#62230
0"
#62240
1"
#62250
0"
#62260
1"
#62270
0"
#62280
1"
#62290
0"
#62300
1"
#62310
0"
#62320
1"
#62330
0"
#62340
1"
#62350
0"
#62360
1"
#62370
0"
#62380
1"
#62390
0"
#62400
1"
#62410
0"
#62420
1"
#62430
0"
#62440
1"
#62450
0"
#62460
1"
#62470
0"
#62480
1"
#62490
0"
#62500
1"
#62510
0"
#62520
1"
#62530
0"
#62540
1"
#62550
0"
#62560
1"
#62570
0"
#62580
1"
#62590
0"
#62600
1"
#62610
0"
#62620
1"
#62630
0"
#62640
1"
#62650
0"
#62660
1"
#62670
0"
#62680
1"
#62690
0"
#62700
1"
#62710
0"
#62720
1"
#62730
0"
#62740
1"
#62750
0"
#62760
1"
#62770
0"
#62780
1"
#62790
0"
#62800
1"
#62810
0"
#62820
1"
#62830
0"
#62840
1"
#62850
0"
#62860
1"
#62870
0"
#62880
1"
#62890
0"
#62900
1"
#62910
0"
#62920
1"
#62930
0"
#62940
1"
#62950
0"
#62960
1"
#62970
0"
#62980
1"
#62990
0"
#63000
1"
#63010
0"
#63020
1"
#63030
0"
#63040
1"
#63050
0"
#63060
1"
#63070
0"
#63080
1"
#63090
0"
#63100
1"
#63110
0"
#63120
1"
#63130
0"
#63140
1"
#63150
0"
#63160
1"
#63170
0"
#63180
1"
#63190
0"
#63200
1"
#63210
0"
#63220
1"
#63230
0"
#63240
1"
#63250
0"
#63260
1"
#63270
0"
#63280
1"
#63290
0"
#63300
1"
#63310
0"
#63320
1"
#63330
0"
#63340
1"
#63350
0"
#63360
1"
#63370
0"
#63380
1"
#63390
0"
#63400
1"
#63410
0"
#63420
1"
#63430
0"
#63440
1"
#63450
0"
#63460
1"
#63470
0"
#63480
1"
#63490
0"
#63500
1"
#63510
0"
#63520
1"
#63530
0"
#63540
1"
#63550
0"
#63560
1"
#63570
0"
#63580
1"
#63590
0"
#63600
1"
#63610
0"
#63620
1"
#63630
0"
#63640
1"
#63650
0"
#63660
1"
#63670
0"
#63680
1"
#63690
0"
#63700
1"
#63710
0"
#63720
1"
#63730
0"
#63740
1"
#63750
0"
#63760
1"
#63770
0"
#63780
1"
#63790
0"
#63800
1"
#63810
0"
#63820
1"
#63830
0"
#63840
1"
#63850
0"
#63860
1"
#63870
0"
#63880
1"
#63890
0"
#63900
1"
#63910
0"
#63920
1"
#63930
0"
#63940
1"
#63950
0"
#63960
1"
#63970
0"
#63980
1"
#63990
0"
#64000
1"
#64010
0"
#64020
1"
#64030
0"
#64040
1"
#64050
0"
#64060
1"
#64070
0"
#64080
1"
#64090
0"
#64100
1"
#64110
0"
#64120
1"
#64130
0"
#64140
1"
#64150
0"
#64160
1"
#64170
0"
#64180
1"
#64190
0"
#64200
1"
#64210
0"
#64220
1"
#64230
0"
#64240
1"
#64250
0"
#64260
1"
#64270
0"
#64280
1"
#64290
0"
#64300
1"
#64310
0"
#64320
1"
#64330
0"
#64340
1"
#64350
0"
#64360
1"
#64370
0"
#64380
1"
#64390
0"
#64400
1"
#64410
0"
#64420
1"
#64430
0"
#64440
1"
#64450
0"
#64460
1"
#64470
0"
#64480
1"
#64490
0"
#64500
1"
#64510
0"
#64520
1"
#64530
0"
#64540
1"
#64550
0"
#64560
1"
#64570
0"
#64580
1"
#64590
0"
#64600
1"
#64610
0"
#64620
1"
#64630
0"
#64640
1"
#64650
0"
#64660
1"
#64670
0"
#64680
1"
#64690
0"
#64700
1"
#64710
0"
#64720
1"
#64730
0"
#64740
1"
#64750
0"
#64760
1"
#64770
0"
#64780
1"
#64790
0"
#64800
1"
#64810
0"
#64820
1"
#64830
0"
#64840
1"
#64850
0"
#64860
1"
#64870
0"
#64880
1"
#64890
0"
#64900
1"
#64910
0"
#64920
1"
#64930
0"
#64940
1"
#64950
0"
#64960
1"
#64970
0"
#64980
1"
#64990
0"
#65000
1"
#65010
0"
#65020
1"
#65030
0"
#65040
1"
#65050
0"
#65060
1"
#65070
0"
#65080
1"
#65090
0"
#65100
1"
#65110
0"
#65120
1"
#65130
0"
#65140
1"
#65150
0"
#65160
1"
#65170
0"
#65180
1"
#65190
0"
#65200
1"
#65210
0"
#65220
1"
#65230
0"
#65240
1"
#65250
0"
#65260
1"
#65270
0"
#65280
1"
#65290
0"
#65300
1"
#65310
0"
#65320
1"
#65330
0"
#65340
1"
#65350
0"
#65360
1"
#65370
0"
#65380
1"
#65390
0"
#65400
1"
#65410
0"
#65420
1"
#65430
0"
#65440
1"
#65450
0"
#65460
1"
#65470
0"
#65480
1"
#65490
0"
#65500
1"
#65510
0"
#65520
1"
#65530
0"
#65540
1"
#65550
0"
#65560
1"
#65570
0"
#65580
1"
#65590
0"
#65600
1"
#65610
0"
#65620
1"
#65630
0"
#65640
1"
#65650
0"
#65660
1"
#65670
0"
#65680
1"
#65690
0"
#65700
1"
#65710
0"
#65720
1"
#65730
0"
#65740
1"
#65750
0"
#65760
1"
#65770
0"
#65780
1"
#65790
0"
#65800
1"
#65810
0"
#65820
1"
#65830
0"
#65840
1"
#65850
0"
#65860
1"
#65870
0"
#65880
1"
#65890
0"
#65900
1"
#65910
0"
#65920
1"
#65930
0"
#65940
1"
#65950
0"
#65960
1"
#65970
0"
#65980
1"
#65990
0"
#66000
1"
#66010
0"
#66020
1"
#66030
0"
#66040
1"
#66050
0"
#66060
1"
#66070
0"
#66080
1"
#66090
0"
#66100
1"
#66110
0"
#66120
1"
#66130
0"
#66140
1"
#66150
0"
#66160
1"
#66170
0"
#66180
1"
#66190
0"
#66200
1"
#66210
0"
#66220
1"
#66230
0"
#66240
1"
#66250
0"
#66260
1"
#66270
0"
#66280
1"
#66290
0"
#66300
1"
#66310
0"
#66320
1"
#66330
0"
#66340
1"
#66350
0"
#66360
1"
#66370
0"
#66380
1"
#66390
0"
#66400
1"
#66410
0"
#66420
1"
#66430
0"
#66440
1"
#66450
0"
#66460
1"
#66470
0"
#66480
1"
#66490
0"
#66500
1"
#66510
0"
#66520
1"
#66530
0"
#66540
1"
#66550
0"
#66560
1"
#66570
0"
#66580
1"
#66590
0"
#66600
1"
#66610
0"
#66620
1"
#66630
0"
#66640
1"
#66650
0"
#66660
1"
#66670
0"
#66680
1"
#66690
0"
#66700
1"
#66710
0"
#66720
1"
#66730
0"
#66740
1"
#66750
0"
#66760
1"
#66770
0"
#66780
1"
#66790
0"
#66800
1"
#66810
0"
#66820
1"
#66830
0"
#66840
1"
#66850
0"
#66860
1"
#66870
0"
#66880
1"
#66890
0"
#66900
1"
#66910
0"
#66920
1"
#66930
0"
#66940
1"
#66950
0"
#66960
1"
#66970
0"
#66980
1"
#66990
0"
#67000
1"
#67010
0"
#67020
1"
#67030
0"
#67040
1"
#67050
0"
#67060
1"
#67070
0"
#67080
1"
#67090
0"
#67100
1"
#67110
0"
#67120
1"
#67130
0"
#67140
1"
#67150
0"
#67160
1"
#67170
0"
#67180
1"
#67190
0"
#67200
1"
#67210
0"
#67220
1"
#67230
0"
#67240
1"
#67250
0"
#67260
1"
#67270
0"
#67280
1"
#67290
0"
#67300
1"
#67310
0"
#67320
1"
#67330
0"
#67340
1"
#67350
0"
#67360
1"
#67370
0"
#67380
1"
#67390
0"
#67400
1"
#67410
0"
#67420
1"
#67430
0"
#67440
1"
#67450
0"
#67460
1"
#67470
0"
#67480
1"
#67490
0"
#67500
1"
#67510
0"
#67520
1"
#67530
0"
#67540
1"
#67550
0"
#67560
1"
#67570
0"
#67580
1"
#67590
0"
#67600
1"
#67610
0"
#67620
1"
#67630
0"
#67640
1"
#67650
0"
#67660
1"
#67670
0"
#67680
1"
#67690
0"
#67700
1"
#67710
0"
#67720
1"
#67730
0"
#67740
1"
#67750
0"
#67760
1"
#67770
0"
#67780
1"
#67790
0"
#67800
1"
#67810
0"
#67820
1"
#67830
0"
#67840
1"
#67850
0"
#67860
1"
#67870
0"
#67880
1"
#67890
0"
#67900
1"
#67910
0"
#67920
1"
#67930
0"
#67940
1"
#67950
0"
#67960
1"
#67970
0"
#67980
1"
#67990
0"
#68000
1"
#68010
0"
#68020
1"
#68030
0"
#68040
1"
#68050
0"
#68060
1"
#68070
0"
#68080
1"
#68090
0"
#68100
1"
#68110
0"
#68120
1"
#68130
0"
#68140
1"
#68150
0"
#68160
1"
#68170
0"
#68180
1"
#68190
0"
#68200
1"
#68210
0"
#68220
1"
#68230
0"
#68240
1"
#68250
0"
#68260
1"
#68270
0"
#68280
1"
#68290
0"
#68300
1"
#68310
0"
#68320
1"
#68330
0"
#68340
1"
#68350
0"
#68360
1"
#68370
0"
#68380
1"
#68390
0"
#68400
1"
#68410
0"
#68420
1"
#68430
0"
#68440
1"
#68450
0"
#68460
1"
#68470
0"
#68480
1"
#68490
0"
#68500
1"
#68510
0"
#68520
1"
#68530
0"
#68540
1"
#68550
0"
#68560
1"
#68570
0"
#68580
1"
#68590
0"
#68600
1"
#68610
0"
#68620
1"
#68630
0"
#68640
1"
#68650
0"
#68660
1"
#68670
0"
#68680
1"
#68690
0"
#68700
1"
#68710
0"
#68720
1"
#68730
0"
#68740
1"
#68750
0"
#68760
1"
#68770
0"
#68780
1"
#68790
0"
#68800
1"
#68810
0"
#68820
1"
#68830
0"
#68840
1"
#68850
0"
#68860
1"
#68870
0"
#68880
1"
#68890
0"
#68900
1"
#68910
0"
#68920
1"
#68930
0"
#68940
1"
#68950
0"
#68960
1"
#68970
0"
#68980
1"
#68990
0"
#69000
1"
#69010
0"
#69020
1"
#69030
0"
#69040
1"
#69050
0"
#69060
1"
#69070
0"
#69080
1"
#69090
0"
#69100
1"
#69110
0"
#69120
1"
#69130
0"
#69140
1"
#69150
0"
#69160
1"
#69170
0"
#69180
1"
#69190
0"
#69200
1"
#69210
0"
#69220
1"
#69230
0"
#69240
1"
#69250
0"
#69260
1"
#69270
0"
#69280
1"
#69290
0"
#69300
1"
#69310
0"
#69320
1"
#69330
0"
#69340
1"
#69350
0"
#69360
1"
#69370
0"
#69380
1"
#69390
0"
#69400
1"
#69410
0"
#69420
1"
#69430
0"
#69440
1"
#69450
0"
#69460
1"
#69470
0"
#69480
1"
#69490
0"
#69500
1"
#69510
0"
#69520
1"
#69530
0"
#69540
1"
#69550
0"
#69560
1"
#69570
0"
#69580
1"
#69590
0"
#69600
1"
#69610
0"
#69620
1"
#69630
0"
#69640
1"
#69650
0"
#69660
1"
#69670
0"
#69680
1"
#69690
0"
#69700
1"
#69710
0"
#69720
1"
#69730
0"
#69740
1"
#69750
0"
#69760
1"
#69770
0"
#69780
1"
#69790
0"
#69800
1"
#69810
0"
#69820
1"
#69830
0"
#69840
1"
#69850
0"
#69860
1"
#69870
0"
#69880
1"
#69890
0"
#69900
1"
#69910
0"
#69920
1"
#69930
0"
#69940
1"
#69950
0"
#69960
1"
#69970
0"
#69980
1"
#69990
0"
#70000
1"
#70010
0"
#70020
1"
#70030
0"
#70040
1"
#70050
0"
#70060
1"
#70070
0"
#70080
1"
#70090
0"
#70100
1"
#70110
0"
#70120
1"
#70130
0"
#70140
1"
#70150
0"
#70160
1"
#70170
0"
#70180
1"
#70190
0"
#70200
1"
#70210
0"
#70220
1"
#70230
0"
#70240
1"
#70250
0"
#70260
1"
#70270
0"
#70280
1"
#70290
0"
#70300
1"
#70310
0"
#70320
1"
#70330
0"
#70340
1"
#70350
0"
#70360
1"
#70370
0"
#70380
1"
#70390
0"
#70400
1"
#70410
0"
#70420
1"
#70430
0"
#70440
1"
#70450
0"
#70460
1"
#70470
0"
#70480
1"
#70490
0"
#70500
1"
#70510
0"
#70520
1"
#70530
0"
#70540
1"
#70550
0"
#70560
1"
#70570
0"
#70580
1"
#70590
0"
#70600
1"
#70610
0"
#70620
1"
#70630
0"
#70640
1"
#70650
0"
#70660
1"
#70670
0"
#70680
1"
#70690
0"
#70700
1"
#70710
0"
#70720
1"
#70730
0"
#70740
1"
#70750
0"
#70760
1"
#70770
0"
#70780
1"
#70790
0"
#70800
1"
#70810
0"
#70820
1"
#70830
0"
#70840
1"
#70850
0"
#70860
1"
#70870
0"
#70880
1"
#70890
0"
#70900
1"
#70910
0"
#70920
1"
#70930
0"
#70940
1"
#70950
0"
#70960
1"
#70970
0"
#70980
1"
#70990
0"
#71000
1"
#71010
0"
#71020
1"
#71030
0"
#71040
1"
#71050
0"
#71060
1"
#71070
0"
#71080
1"
#71090
0"
#71100
1"
#71110
0"
#71120
1"
#71130
0"
#71140
1"
#71150
0"
#71160
1"
#71170
0"
#71180
1"
#71190
0"
#71200
1"
#71210
0"
#71220
1"
#71230
0"
#71240
1"
#71250
0"
#71260
1"
#71270
0"
#71280
1"
#71290
0"
#71300
1"
#71310
0"
#71320
1"
#71330
0"
#71340
1"
#71350
0"
#71360
1"
#71370
0"
#71380
1"
#71390
0"
#71400
1"
#71410
0"
#71420
1"
#71430
0"
#71440
1"
#71450
0"
#71460
1"
#71470
0"
#71480
1"
#71490
0"
#71500
1"
#71510
0"
#71520
1"
#71530
0"
#71540
1"
#71550
0"
#71560
1"
#71570
0"
#71580
1"
#71590
0"
#71600
1"
#71610
0"
#71620
1"
#71630
0"
#71640
1"
#71650
0"
#71660
1"
#71670
0"
#71680
1"
#71690
0"
#71700
1"
#71710
0"
#71720
1"
#71730
0"
#71740
1"
#71750
0"
#71760
1"
#71770
0"
#71780
1"
#71790
0"
#71800
1"
#71810
0"
#71820
1"
#71830
0"
#71840
1"
#71850
0"
#71860
1"
#71870
0"
#71880
1"
#71890
0"
#71900
1"
#71910
0"
#71920
1"
#71930
0"
#71940
1"
#71950
0"
#71960
1"
#71970
0"
#71980
1"
#71990
0"
#72000
1"
#72010
0"
#72020
1"
#72030
0"
#72040
1"
#72050
0"
#72060
1"
#72070
0"
#72080
1"
#72090
0"
#72100
1"
#72110
0"
#72120
1"
#72130
0"
#72140
1"
#72150
0"
#72160
1"
#72170
0"
#72180
1"
#72190
0"
#72200
1"
#72210
0"
#72220
1"
#72230
0"
#72240
1"
#72250
0"
#72260
1"
#72270
0"
#72280
1"
#72290
0"
#72300
1"
#72310
0"
#72320
1"
#72330
0"
#72340
1"
#72350
0"
#72360
1"
#72370
0"
#72380
1"
#72390
0"
#72400
1"
#72410
0"
#72420
1"
#72430
0"
#72440
1"
#72450
0"
#72460
1"
#72470
0"
#72480
1"
#72490
0"
#72500
1"
#72510
0"
#72520
1"
#72530
0"
#72540
1"
#72550
0"
#72560
1"
#72570
0"
#72580
1"
#72590
0"
#72600
1"
#72610
0"
#72620
1"
#72630
0"
#72640
1"
#72650
0"
#72660
1"
#72670
0"
#72680
1"
#72690
0"
#72700
1"
#72710
0"
#72720
1"
#72730
0"
#72740
1"
#72750
0"
#72760
1"
#72770
0"
#72780
1"
#72790
0"
#72800
1"
#72810
0"
#72820
1"
#72830
0"
#72840
1"
#72850
0"
#72860
1"
#72870
0"
#72880
1"
#72890
0"
#72900
1"
#72910
0"
#72920
1"
#72930
0"
#72940
1"
#72950
0"
#72960
1"
#72970
0"
#72980
1"
#72990
0"
#73000
1"
#73010
0"
#73020
1"
#73030
0"
#73040
1"
#73050
0"
#73060
1"
#73070
0"
#73080
1"
#73090
0"
#73100
1"
#73110
0"
#73120
1"
#73130
0"
#73140
1"
#73150
0"
#73160
1"
#73170
0"
#73180
1"
#73190
0"
#73200
1"
#73210
0"
#73220
1"
#73230
0"
#73240
1"
#73250
0"
#73260
1"
#73270
0"
#73280
1"
#73290
0"
#73300
1"
#73310
0"
#73320
1"
#73330
0"
#73340
1"
#73350
0"
#73360
1"
#73370
0"
#73380
1"
#73390
0"
#73400
1"
#73410
0"
#73420
1"
#73430
0"
#73440
1"
#73450
0"
#73460
1"
#73470
0"
#73480
1"
#73490
0"
#73500
1"
#73510
0"
#73520
1"
#73530
0"
#73540
1"
#73550
0"
#73560
1"
#73570
0"
#73580
1"
#73590
0"
#73600
1"
#73610
0"
#73620
1"
#73630
0"
#73640
1"
#73650
0"
#73660
1"
#73670
0"
#73680
1"
#73690
0"
#73700
1"
#73710
0"
#73720
1"
#73730
0"
#73740
1"
#73750
0"
#73760
1"
#73770
0"
#73780
1"
#73790
0"
#73800
1"
#73810
0"
#73820
1"
#73830
0"
#73840
1"
#73850
0"
#73860
1"
#73870
0"
#73880
1"
#73890
0"
#73900
1"
#73910
0"
#73920
1"
#73930
0"
#73940
1"
#73950
0"
#73960
1"
#73970
0"
#73980
1"
#73990
0"
#74000
1"
#74010
0"
#74020
1"
#74030
0"
#74040
1"
#74050
0"
#74060
1"
#74070
0"
#74080
1"
#74090
0"
#74100
1"
#74110
0"
#74120
1"
#74130
0"
#74140
1"
#74150
0"
#74160
1"
#74170
0"
#74180
1"
#74190
0"
#74200
1"
#74210
0"
#74220
1"
#74230
0"
#74240
1"
#74250
0"
#74260
1"
#74270
0"
#74280
1"
#74290
0"
#74300
1"
#74310
0"
#74320
1"
#74330
0"
#74340
1"
#74350
0"
#74360
1"
#74370
0"
#74380
1"
#74390
0"
#74400
1"
#74410
0"
#74420
1"
#74430
0"
#74440
1"
#74450
0"
#74460
1"
#74470
0"
#74480
1"
#74490
0"
#74500
1"
#74510
0"
#74520
1"
#74530
0"
#74540
1"
#74550
0"
#74560
1"
#74570
0"
#74580
1"
#74590
0"
#74600
1"
#74610
0"
#74620
1"
#74630
0"
#74640
1"
#74650
0"
#74660
1"
#74670
0"
#74680
1"
#74690
0"
#74700
1"
#74710
0"
#74720
1"
#74730
0"
#74740
1"
#74750
0"
#74760
1"
#74770
0"
#74780
1"
#74790
0"
#74800
1"
#74810
0"
#74820
1"
#74830
0"
#74840
1"
#74850
0"
#74860
1"
#74870
0"
#74880
1"
#74890
0"
#74900
1"
#74910
0"
#74920
1"
#74930
0"
#74940
1"
#74950
0"
#74960
1"
#74970
0"
#74980
1"
#74990
0"
#75000
1"
#75010
0"
#75020
1"
#75030
0"
#75040
1"
#75050
0"
#75060
1"
#75070
0"
#75080
1"
#75090
0"
#75100
1"
#75110
0"
#75120
1"
#75130
0"
#75140
1"
#75150
0"
#75160
1"
#75170
0"
#75180
1"
#75190
0"
#75200
1"
#75210
0"
#75220
1"
#75230
0"
#75240
1"
#75250
0"
#75260
1"
#75270
0"
#75280
1"
#75290
0"
#75300
1"
#75310
0"
#75320
1"
#75330
0"
#75340
1"
#75350
0"
#75360
1"
#75370
0"
#75380
1"
#75390
0"
#75400
1"
#75410
0"
#75420
1"
#75430
0"
#75440
1"
#75450
0"
#75460
1"
#75470
0"
#75480
1"
#75490
0"
#75500
1"
#75510
0"
#75520
1"
#75530
0"
#75540
1"
#75550
0"
#75560
1"
#75570
0"
#75580
1"
#75590
0"
#75600
1"
#75610
0"
#75620
1"
#75630
0"
#75640
1"
#75650
0"
#75660
1"
#75670
0"
#75680
1"
#75690
0"
#75700
1"
#75710
0"
#75720
1"
#75730
0"
#75740
1"
#75750
0"
#75760
1"
#75770
0"
#75780
1"
#75790
0"
#75800
1"
#75810
0"
#75820
1"
#75830
0"
#75840
1"
#75850
0"
#75860
1"
#75870
0"
#75880
1"
#75890
0"
#75900
1"
#75910
0"
#75920
1"
#75930
0"
#75940
1"
#75950
0"
#75960
1"
#75970
0"
#75980
1"
#75990
0"
#76000
1"
#76010
0"
#76020
1"
#76030
0"
#76040
1"
#76050
0"
#76060
1"
#76070
0"
#76080
1"
#76090
0"
#76100
1"
#76110
0"
#76120
1"
#76130
0"
#76140
1"
#76150
0"
#76160
1"
#76170
0"
#76180
1"
#76190
0"
#76200
1"
#76210
0"
#76220
1"
#76230
0"
#76240
1"
#76250
0"
#76260
1"
#76270
0"
#76280
1"
#76290
0"
#76300
1"
#76310
0"
#76320
1"
#76330
0"
#76340
1"
#76350
0"
#76360
1"
#76370
0"
#76380
1"
#76390
0"
#76400
1"
#76410
0"
#76420
1"
#76430
0"
#76440
1"
#76450
0"
#76460
1"
#76470
0"
#76480
1"
#76490
0"
#76500
1"
#76510
0"
#76520
1"
#76530
0"
#76540
1"
#76550
0"
#76560
1"
#76570
0"
#76580
1"
#76590
0"
#76600
1"
#76610
0"
#76620
1"
#76630
0"
#76640
1"
#76650
0"
#76660
1"
#76670
0"
#76680
1"
#76690
0"
#76700
1"
#76710
0"
#76720
1"
#76730
0"
#76740
1"
#76750
0"
#76760
1"
#76770
0"
#76780
1"
#76790
0"
#76800
1"
#76810
0"
#76820
1"
#76830
0"
#76840
1"
#76850
0"
#76860
1"
#76870
0"
#76880
1"
#76890
0"
#76900
1"
#76910
0"
#76920
1"
#76930
0"
#76940
1"
#76950
0"
#76960
1"
#76970
0"
#76980
1"
#76990
0"
#77000
1"
#77010
0"
#77020
1"
#77030
0"
#77040
1"
#77050
0"
#77060
1"
#77070
0"
#77080
1"
#77090
0"
#77100
1"
#77110
0"
#77120
1"
#77130
0"
#77140
1"
#77150
0"
#77160
1"
#77170
0"
#77180
1"
#77190
0"
#77200
1"
#77210
0"
#77220
1"
#77230
0"
#77240
1"
#77250
0"
#77260
1"
#77270
0"
#77280
1"
#77290
0"
#77300
1"
#77310
0"
#77320
1"
#77330
0"
#77340
1"
#77350
0"
#77360
1"
#77370
0"
#77380
1"
#77390
0"
#77400
1"
#77410
0"
#77420
1"
#77430
0"
#77440
1"
#77450
0"
#77460
1"
#77470
0"
#77480
1"
#77490
0"
#77500
1"
#77510
0"
#77520
1"
#77530
0"
#77540
1"
#77550
0"
#77560
1"
#77570
0"
#77580
1"
#77590
0"
#77600
1"
#77610
0"
#77620
1"
#77630
0"
#77640
1"
#77650
0"
#77660
1"
#77670
0"
#77680
1"
#77690
0"
#77700
1"
#77710
0"
#77720
1"
#77730
0"
#77740
1"
#77750
0"
#77760
1"
#77770
0"
#77780
1"
#77790
0"
#77800
1"
#77810
0"
#77820
1"
#77830
0"
#77840
1"
#77850
0"
#77860
1"
#77870
0"
#77880
1"
#77890
0"
#77900
1"
#77910
0"
#77920
1"
#77930
0"
#77940
1"
#77950
0"
#77960
1"
#77970
0"
#77980
1"
#77990
0"
#78000
1"
#78010
0"
#78020
1"
#78030
0"
#78040
1"
#78050
0"
#78060
1"
#78070
0"
#78080
1"
#78090
0"
#78100
1"
#78110
0"
#78120
1"
#78130
0"
#78140
1"
#78150
0"
#78160
1"
#78170
0"
#78180
1"
#78190
0"
#78200
1"
#78210
0"
#78220
1"
#78230
0"
#78240
1"
#78250
0"
#78260
1"
#78270
0"
#78280
1"
#78290
0"
#78300
1"
#78310
0"
#78320
1"
#78330
0"
#78340
1"
#78350
0"
#78360
1"
#78370
0"
#78380
1"
#78390
0"
#78400
1"
#78410
0"
#78420
1"
#78430
0"
#78440
1"
#78450
0"
#78460
1"
#78470
0"
#78480
1"
#78490
0"
#78500
1"
#78510
0"
#78520
1"
#78530
0"
#78540
1"
#78550
0"
#78560
1"
#78570
0"
#78580
1"
#78590
0"
#78600
1"
#78610
0"
#78620
1"
#78630
0"
#78640
1"
#78650
0"
#78660
1"
#78670
0"
#78680
1"
#78690
0"
#78700
1"
#78710
0"
#78720
1"
#78730
0"
#78740
1"
#78750
0"
#78760
1"
#78770
0"
#78780
1"
#78790
0"
#78800
1"
#78810
0"
#78820
1"
#78830
0"
#78840
1"
#78850
0"
#78860
1"
#78870
0"
#78880
1"
#78890
0"
#78900
1"
#78910
0"
#78920
1"
#78930
0"
#78940
1"
#78950
0"
#78960
1"
#78970
0"
#78980
1"
#78990
0"
#79000
1"
#79010
0"
#79020
1"
#79030
0"
#79040
1"
#79050
0"
#79060
1"
#79070
0"
#79080
1"
#79090
0"
#79100
1"
#79110
0"
#79120
1"
#79130
0"
#79140
1"
#79150
0"
#79160
1"
#79170
0"
#79180
1"
#79190
0"
#79200
1"
#79210
0"
#79220
1"
#79230
0"
#79240
1"
#79250
0"
#79260
1"
#79270
0"
#79280
1"
#79290
0"
#79300
1"
#79310
0"
#79320
1"
#79330
0"
#79340
1"
#79350
0"
#79360
1"
#79370
0"
#79380
1"
#79390
0"
#79400
1"
#79410
0"
#79420
1"
#79430
0"
#79440
1"
#79450
0"
#79460
1"
#79470
0"
#79480
1"
#79490
0"
#79500
1"
#79510
0"
#79520
1"
#79530
0"
#79540
1"
#79550
0"
#79560
1"
#79570
0"
#79580
1"
#79590
0"
#79600
1"
#79610
0"
#79620
1"
#79630
0"
#79640
1"
#79650
0"
#79660
1"
#79670
0"
#79680
1"
#79690
0"
#79700
1"
#79710
0"
#79720
1"
#79730
0"
#79740
1"
#79750
0"
#79760
1"
#79770
0"
#79780
1"
#79790
0"
#79800
1"
#79810
0"
#79820
1"
#79830
0"
#79840
1"
#79850
0"
#79860
1"
#79870
0"
#79880
1"
#79890
0"
#79900
1"
#79910
0"
#79920
1"
#79930
0"
#79940
1"
#79950
0"
#79960
1"
#79970
0"
#79980
1"
#79990
0"
#80000
1"
#80010
0"
#80020
1"
#80030
0"
#80040
1"
#80050
0"
#80060
1"
#80070
0"
#80080
1"
#80090
0"
#80100
1"
#80110
0"
#80120
1"
#80130
0"
#80140
1"
#80150
0"
#80160
1"
#80170
0"
#80180
1"
#80190
0"
#80200
1"
#80210
0"
#80220
1"
#80230
0"
#80240
1"
#80250
0"
#80260
1"
#80270
0"
#80280
1"
#80290
0"
#80300
1"
#80310
0"
#80320
1"
#80330
0"
#80340
1"
#80350
0"
#80360
1"
#80370
0"
#80380
1"
#80390
0"
#80400
1"
#80410
0"
#80420
1"
#80430
0"
#80440
1"
#80450
0"
#80460
1"
#80470
0"
#80480
1"
#80490
0"
#80500
1"
#80510
0"
#80520
1"
#80530
0"
#80540
1"
#80550
0"
#80560
1"
#80570
0"
#80580
1"
#80590
0"
#80600
1"
#80610
0"
#80620
1"
#80630
0"
#80640
1"
#80650
0"
#80660
1"
#80670
0"
#80680
1"
#80690
0"
#80700
1"
#80710
0"
#80720
1"
#80730
0"
#80740
1"
#80750
0"
#80760
1"
#80770
0"
#80780
1"
#80790
0"
#80800
1"
#80810
0"
#80820
1"
#80830
0"
#80840
1"
#80850
0"
#80860
1"
#80870
0"
#80880
1"
#80890
0"
#80900
1"
#80910
0"
#80920
1"
#80930
0"
#80940
1"
#80950
0"
#80960
1"
#80970
0"
#80980
1"
#80990
0"
#81000
1"
#81010
0"
#81020
1"
#81030
0"
#81040
1"
#81050
0"
#81060
1"
#81070
0"
#81080
1"
#81090
0"
#81100
1"
#81110
0"
#81120
1"
#81130
0"
#81140
1"
#81150
0"
#81160
1"
#81170
0"
#81180
1"
#81190
0"
#81200
1"
#81210
0"
#81220
1"
#81230
0"
#81240
1"
#81250
0"
#81260
1"
#81270
0"
#81280
1"
#81290
0"
#81300
1"
#81310
0"
#81320
1"
#81330
0"
#81340
1"
#81350
0"
#81360
1"
#81370
0"
#81380
1"
#81390
0"
#81400
1"
#81410
0"
#81420
1"
#81430
0"
#81440
1"
#81450
0"
#81460
1"
#81470
0"
#81480
1"
#81490
0"
#81500
1"
#81510
0"
#81520
1"
#81530
0"
#81540
1"
#81550
0"
#81560
1"
#81570
0"
#81580
1"
#81590
0"
#81600
1"
#81610
0"
#81620
1"
#81630
0"
#81640
1"
#81650
0"
#81660
1"
#81670
0"
#81680
1"
#81690
0"
#81700
1"
#81710
0"
#81720
1"
#81730
0"
#81740
1"
#81750
0"
#81760
1"
#81770
0"
#81780
1"
#81790
0"
#81800
1"
#81810
0"
#81820
1"
#81830
0"
#81840
1"
#81850
0"
#81860
1"
#81870
0"
#81880
1"
#81890
0"
#81900
1"
#81910
0"
#81920
1"
#81930
0"
#81940
1"
#81950
0"
#81960
1"
#81970
0"
#81980
1"
#81990
0"
#82000
1"
#82010
0"
#82020
1"
#82030
0"
#82040
1"
#82050
0"
#82060
1"
#82070
0"
#82080
1"
#82090
0"
#82100
1"
#82110
0"
#82120
1"
#82130
0"
#82140
1"
#82150
0"
#82160
1"
#82170
0"
#82180
1"
#82190
0"
#82200
1"
#82210
0"
#82220
1"
#82230
0"
#82240
1"
#82250
0"
#82260
1"
#82270
0"
#82280
1"
#82290
0"
#82300
1"
#82310
0"
#82320
1"
#82330
0"
#82340
1"
#82350
0"
#82360
1"
#82370
0"
#82380
1"
#82390
0"
#82400
1"
#82410
0"
#82420
1"
#82430
0"
#82440
1"
#82450
0"
#82460
1"
#82470
0"
#82480
1"
#82490
0"
#82500
1"
#82510
0"
#82520
1"
#82530
0"
#82540
1"
#82550
0"
#82560
1"
#82570
0"
#82580
1"
#82590
0"
#82600
1"
#82610
0"
#82620
1"
#82630
0"
#82640
1"
#82650
0"
#82660
1"
#82670
0"
#82680
1"
#82690
0"
#82700
1"
#82710
0"
#82720
1"
#82730
0"
#82740
1"
#82750
0"
#82760
1"
#82770
0"
#82780
1"
#82790
0"
#82800
1"
#82810
0"
#82820
1"
#82830
0"
#82840
1"
#82850
0"
#82860
1"
#82870
0"
#82880
1"
#82890
0"
#82900
1"
#82910
0"
#82920
1"
#82930
0"
#82940
1"
#82950
0"
#82960
1"
#82970
0"
#82980
1"
#82990
0"
#83000
1"
#83010
0"
#83020
1"
#83030
0"
#83040
1"
#83050
0"
#83060
1"
#83070
0"
#83080
1"
#83090
0"
#83100
1"
#83110
0"
#83120
1"
#83130
0"
#83140
1"
#83150
0"
#83160
1"
#83170
0"
#83180
1"
#83190
0"
#83200
1"
#83210
0"
#83220
1"
#83230
0"
#83240
1"
#83250
0"
#83260
1"
#83270
0"
#83280
1"
#83290
0"
#83300
1"
#83310
0"
#83320
1"
#83330
0"
#83340
1"
#83350
0"
#83360
1"
#83370
0"
#83380
1"
#83390
0"
#83400
1"
#83410
0"
#83420
1"
#83430
0"
#83440
1"
#83450
0"
#83460
1"
#83470
0"
#83480
1"
#83490
0"
#83500
1"
#83510
0"
#83520
1"
#83530
0"
#83540
1"
#83550
0"
#83560
1"
#83570
0"
#83580
1"
#83590
0"
#83600
1"
#83610
0"
#83620
1"
#83630
0"
#83640
1"
#83650
0"
#83660
1"
#83670
0"
#83680
1"
#83690
0"
#83700
1"
#83710
0"
#83720
1"
#83730
0"
#83740
1"
#83750
0"
#83760
1"
#83770
0"
#83780
1"
#83790
0"
#83800
1"
#83810
0"
#83820
1"
#83830
0"
#83840
1"
#83850
0"
#83860
1"
#83870
0"
#83880
1"
#83890
0"
#83900
1"
#83910
0"
#83920
1"
#83930
0"
#83940
1"
#83950
0"
#83960
1"
#83970
0"
#83980
1"
#83990
0"
#84000
1"
#84010
0"
#84020
1"
#84030
0"
#84040
1"
#84050
0"
#84060
1"
#84070
0"
#84080
1"
#84090
0"
#84100
1"
#84110
0"
#84120
1"
#84130
0"
#84140
1"
#84150
0"
#84160
1"
#84170
0"
#84180
1"
#84190
0"
#84200
1"
#84210
0"
#84220
1"
#84230
0"
#84240
1"
#84250
0"
#84260
1"
#84270
0"
#84280
1"
#84290
0"
#84300
1"
#84310
0"
#84320
1"
#84330
0"
#84340
1"
#84350
0"
#84360
1"
#84370
0"
#84380
1"
#84390
0"
#84400
1"
#84410
0"
#84420
1"
#84430
0"
#84440
1"
#84450
0"
#84460
1"
#84470
0"
#84480
1"
#84490
0"
#84500
1"
#84510
0"
#84520
1"
#84530
0"
#84540
1"
#84550
0"
#84560
1"
#84570
0"
#84580
1"
#84590
0"
#84600
1"
#84610
0"
#84620
1"
#84630
0"
#84640
1"
#84650
0"
#84660
1"
#84670
0"
#84680
1"
#84690
0"
#84700
1"
#84710
0"
#84720
1"
#84730
0"
#84740
1"
#84750
0"
#84760
1"
#84770
0"
#84780
1"
#84790
0"
#84800
1"
#84810
0"
#84820
1"
#84830
0"
#84840
1"
#84850
0"
#84860
1"
#84870
0"
#84880
1"
#84890
0"
#84900
1"
#84910
0"
#84920
1"
#84930
0"
#84940
1"
#84950
0"
#84960
1"
#84970
0"
#84980
1"
#84990
0"
#85000
1"
#85010
0"
#85020
1"
#85030
0"
#85040
1"
#85050
0"
#85060
1"
#85070
0"
#85080
1"
#85090
0"
#85100
1"
#85110
0"
#85120
1"
#85130
0"
#85140
1"
#85150
0"
#85160
1"
#85170
0"
#85180
1"
#85190
0"
#85200
1"
#85210
0"
#85220
1"
#85230
0"
#85240
1"
#85250
0"
#85260
1"
#85270
0"
#85280
1"
#85290
0"
#85300
1"
#85310
0"
#85320
1"
#85330
0"
#85340
1"
#85350
0"
#85360
1"
#85370
0"
#85380
1"
#85390
0"
#85400
1"
#85410
0"
#85420
1"
#85430
0"
#85440
1"
#85450
0"
#85460
1"
#85470
0"
#85480
1"
#85490
0"
#85500
1"
#85510
0"
#85520
1"
#85530
0"
#85540
1"
#85550
0"
#85560
1"
#85570
0"
#85580
1"
#85590
0"
#85600
1"
#85610
0"
#85620
1"
#85630
0"
#85640
1"
#85650
0"
#85660
1"
#85670
0"
#85680
1"
#85690
0"
#85700
1"
#85710
0"
#85720
1"
#85730
0"
#85740
1"
#85750
0"
#85760
1"
#85770
0"
#85780
1"
#85790
0"
#85800
1"
#85810
0"
#85820
1"
#85830
0"
#85840
1"
#85850
0"
#85860
1"
#85870
0"
#85880
1"
#85890
0"
#85900
1"
#85910
0"
#85920
1"
#85930
0"
#85940
1"
#85950
0"
#85960
1"
#85970
0"
#85980
1"
#85990
0"
#86000
1"
#86010
0"
#86020
1"
#86030
0"
#86040
1"
#86050
0"
#86060
1"
#86070
0"
#86080
1"
#86090
0"
#86100
1"
#86110
0"
#86120
1"
#86130
0"
#86140
1"
#86150
0"
#86160
1"
#86170
0"
#86180
1"
#86190
0"
#86200
1"
#86210
0"
#86220
1"
#86230
0"
#86240
1"
#86250
0"
#86260
1"
#86270
0"
#86280
1"
#86290
0"
#86300
1"
#86310
0"
#86320
1"
#86330
0"
#86340
1"
#86350
0"
#86360
1"
#86370
0"
#86380
1"
#86390
0"
#86400
1"
#86410
0"
#86420
1"
#86430
0"
#86440
1"
#86450
0"
#86460
1"
#86470
0"
#86480
1"
#86490
0"
#86500
1"
#86510
0"
#86520
1"
#86530
0"
#86540
1"
#86550
0"
#86560
1"
#86570
0"
#86580
1"
#86590
0"
#86600
1"
#86610
0"
#86620
1"
#86630
0"
#86640
1"
#86650
0"
#86660
1"
#86670
0"
#86680
1"
#86690
0"
#86700
1"
#86710
0"
#86720
1"
#86730
0"
#86740
1"
#86750
0"
#86760
1"
#86770
0"
#86780
1"
#86790
0"
#86800
1"
#86810
0"
#86820
1"
#86830
0"
#86840
1"
#86850
0"
#86860
1"
#86870
0"
#86880
1"
#86890
0"
#86900
1"
#86910
0"
#86920
1"
#86930
0"
#86940
1"
#86950
0"
#86960
1"
#86970
0"
#86980
1"
#86990
0"
#87000
1"
#87010
0"
#87020
1"
#87030
0"
#87040
1"
#87050
0"
#87060
1"
#87070
0"
#87080
1"
#87090
0"
#87100
1"
#87110
0"
#87120
1"
#87130
0"
#87140
1"
#87150
0"
#87160
1"
#87170
0"
#87180
1"
#87190
0"
#87200
1"
#87210
0"
#87220
1"
#87230
0"
#87240
1"
#87250
0"
#87260
1"
#87270
0"
#87280
1"
#87290
0"
#87300
1"
#87310
0"
#87320
1"
#87330
0"
#87340
1"
#87350
0"
#87360
1"
#87370
0"
#87380
1"
#87390
0"
#87400
1"
#87410
0"
#87420
1"
#87430
0"
#87440
1"
#87450
0"
#87460
1"
#87470
0"
#87480
1"
#87490
0"
#87500
1"
#87510
0"
#87520
1"
#87530
0"
#87540
1"
#87550
0"
#87560
1"
#87570
0"
#87580
1"
#87590
0"
#87600
1"
#87610
0"
#87620
1"
#87630
0"
#87640
1"
#87650
0"
#87660
1"
#87670
0"
#87680
1"
#87690
0"
#87700
1"
#87710
0"
#87720
1"
#87730
0"
#87740
1"
#87750
0"
#87760
1"
#87770
0"
#87780
1"
#87790
0"
#87800
1"
#87810
0"
#87820
1"
#87830
0"
#87840
1"
#87850
0"
#87860
1"
#87870
0"
#87880
1"
#87890
0"
#87900
1"
#87910
0"
#87920
1"
#87930
0"
#87940
1"
#87950
0"
#87960
1"
#87970
0"
#87980
1"
#87990
0"
#88000
1"
#88010
0"
#88020
1"
#88030
0"
#88040
1"
#88050
0"
#88060
1"
#88070
0"
#88080
1"
#88090
0"
#88100
1"
#88110
0"
#88120
1"
#88130
0"
#88140
1"
#88150
0"
#88160
1"
#88170
0"
#88180
1"
#88190
0"
#88200
1"
#88210
0"
#88220
1"
#88230
0"
#88240
1"
#88250
0"
#88260
1"
#88270
0"
#88280
1"
#88290
0"
#88300
1"
#88310
0"
#88320
1"
#88330
0"
#88340
1"
#88350
0"
#88360
1"
#88370
0"
#88380
1"
#88390
0"
#88400
1"
#88410
0"
#88420
1"
#88430
0"
#88440
1"
#88450
0"
#88460
1"
#88470
0"
#88480
1"
#88490
0"
#88500
1"
#88510
0"
#88520
1"
#88530
0"
#88540
1"
#88550
0"
#88560
1"
#88570
0"
#88580
1"
#88590
0"
#88600
1"
#88610
0"
#88620
1"
#88630
0"
#88640
1"
#88650
0"
#88660
1"
#88670
0"
#88680
1"
#88690
0"
#88700
1"
#88710
0"
#88720
1"
#88730
0"
#88740
1"
#88750
0"
#88760
1"
#88770
0"
#88780
1"
#88790
0"
#88800
1"
#88810
0"
#88820
1"
#88830
0"
#88840
1"
#88850
0"
#88860
1"
#88870
0"
#88880
1"
#88890
0"
#88900
1"
#88910
0"
#88920
1"
#88930
0"
#88940
1"
#88950
0"
#88960
1"
#88970
0"
#88980
1"
#88990
0"
#89000
1"
#89010
0"
#89020
1"
#89030
0"
#89040
1"
#89050
0"
#89060
1"
#89070
0"
#89080
1"
#89090
0"
#89100
1"
#89110
0"
#89120
1"
#89130
0"
#89140
1"
#89150
0"
#89160
1"
#89170
0"
#89180
1"
#89190
0"
#89200
1"
#89210
0"
#89220
1"
#89230
0"
#89240
1"
#89250
0"
#89260
1"
#89270
0"
#89280
1"
#89290
0"
#89300
1"
#89310
0"
#89320
1"
#89330
0"
#89340
1"
#89350
0"
#89360
1"
#89370
0"
#89380
1"
#89390
0"
#89400
1"
#89410
0"
#89420
1"
#89430
0"
#89440
1"
#89450
0"
#89460
1"
#89470
0"
#89480
1"
#89490
0"
#89500
1"
#89510
0"
#89520
1"
#89530
0"
#89540
1"
#89550
0"
#89560
1"
#89570
0"
#89580
1"
#89590
0"
#89600
1"
#89610
0"
#89620
1"
#89630
0"
#89640
1"
#89650
0"
#89660
1"
#89670
0"
#89680
1"
#89690
0"
#89700
1"
#89710
0"
#89720
1"
#89730
0"
#89740
1"
#89750
0"
#89760
1"
#89770
0"
#89780
1"
#89790
0"
#89800
1"
#89810
0"
#89820
1"
#89830
0"
#89840
1"
#89850
0"
#89860
1"
#89870
0"
#89880
1"
#89890
0"
#89900
1"
#89910
0"
#89920
1"
#89930
0"
#89940
1"
#89950
0"
#89960
1"
#89970
0"
#89980
1"
#89990
0"
#90000
1"
#90010
0"
#90020
1"
#90030
0"
#90040
1"
#90050
0"
#90060
1"
#90070
0"
#90080
1"
#90090
0"
#90100
1"
#90110
0"
#90120
1"
#90130
0"
#90140
1"
#90150
0"
#90160
1"
#90170
0"
#90180
1"
#90190
0"
#90200
1"
#90210
0"
#90220
1"
#90230
0"
#90240
1"
#90250
0"
#90260
1"
#90270
0"
#90280
1"
#90290
0"
#90300
1"
#90310
0"
#90320
1"
#90330
0"
#90340
1"
#90350
0"
#90360
1"
#90370
0"
#90380
1"
#90390
0"
#90400
1"
#90410
0"
#90420
1"
#90430
0"
#90440
1"
#90450
0"
#90460
1"
#90470
0"
#90480
1"
#90490
0"
#90500
1"
#90510
0"
#90520
1"
#90530
0"
#90540
1"
#90550
0"
#90560
1"
#90570
0"
#90580
1"
#90590
0"
#90600
1"
#90610
0"
#90620
1"
#90630
0"
#90640
1"
#90650
0"
#90660
1"
#90670
0"
#90680
1"
#90690
0"
#90700
1"
#90710
0"
#90720
1"
#90730
0"
#90740
1"
#90750
0"
#90760
1"
#90770
0"
#90780
1"
#90790
0"
#90800
1"
#90810
0"
#90820
1"
#90830
0"
#90840
1"
#90850
0"
#90860
1"
#90870
0"
#90880
1"
#90890
0"
#90900
1"
#90910
0"
#90920
1"
#90930
0"
#90940
1"
#90950
0"
#90960
1"
#90970
0"
#90980
1"
#90990
0"
#91000
1"
#91010
0"
#91020
1"
#91030
0"
#91040
1"
#91050
0"
#91060
1"
#91070
0"
#91080
1"
#91090
0"
#91100
1"
#91110
0"
#91120
1"
#91130
0"
#91140
1"
#91150
0"
#91160
1"
#91170
0"
#91180
1"
#91190
0"
#91200
1"
#91210
0"
#91220
1"
#91230
0"
#91240
1"
#91250
0"
#91260
1"
#91270
0"
#91280
1"
#91290
0"
#91300
1"
#91310
0"
#91320
1"
#91330
0"
#91340
1"
#91350
0"
#91360
1"
#91370
0"
#91380
1"
#91390
0"
#91400
1"
#91410
0"
#91420
1"
#91430
0"
#91440
1"
#91450
0"
#91460
1"
#91470
0"
#91480
1"
#91490
0"
#91500
1"
#91510
0"
#91520
1"
#91530
0"
#91540
1"
#91550
0"
#91560
1"
#91570
0"
#91580
1"
#91590
0"
#91600
1"
#91610
0"
#91620
1"
#91630
0"
#91640
1"
#91650
0"
#91660
1"
#91670
0"
#91680
1"
#91690
0"
#91700
1"
#91710
0"
#91720
1"
#91730
0"
#91740
1"
#91750
0"
#91760
1"
#91770
0"
#91780
1"
#91790
0"
#91800
1"
#91810
0"
#91820
1"
#91830
0"
#91840
1"
#91850
0"
#91860
1"
#91870
0"
#91880
1"
#91890
0"
#91900
1"
#91910
0"
#91920
1"
#91930
0"
#91940
1"
#91950
0"
#91960
1"
#91970
0"
#91980
1"
#91990
0"
#92000
1"
#92010
0"
#92020
1"
#92030
0"
#92040
1"
#92050
0"
#92060
1"
#92070
0"
#92080
1"
#92090
0"
#92100
1"
#92110
0"
#92120
1"
#92130
0"
#92140
1"
#92150
0"
#92160
1"
#92170
0"
#92180
1"
#92190
0"
#92200
1"
#92210
0"
#92220
1"
#92230
0"
#92240
1"
#92250
0"
#92260
1"
#92270
0"
#92280
1"
#92290
0"
#92300
1"
#92310
0"
#92320
1"
#92330
0"
#92340
1"
#92350
0"
#92360
1"
#92370
0"
#92380
1"
#92390
0"
#92400
1"
#92410
0"
#92420
1"
#92430
0"
#92440
1"
#92450
0"
#92460
1"
#92470
0"
#92480
1"
#92490
0"
#92500
1"
#92510
0"
#92520
1"
#92530
0"
#92540
1"
#92550
0"
#92560
1"
#92570
0"
#92580
1"
#92590
0"
#92600
1"
#92610
0"
#92620
1"
#92630
0"
#92640
1"
#92650
0"
#92660
1"
#92670
0"
#92680
1"
#92690
0"
#92700
1"
#92710
0"
#92720
1"
#92730
0"
#92740
1"
#92750
0"
#92760
1"
#92770
0"
#92780
1"
#92790
0"
#92800
1"
#92810
0"
#92820
1"
#92830
0"
#92840
1"
#92850
0"
#92860
1"
#92870
0"
#92880
1"
#92890
0"
#92900
1"
#92910
0"
#92920
1"
#92930
0"
#92940
1"
#92950
0"
#92960
1"
#92970
0"
#92980
1"
#92990
0"
#93000
1"
#93010
0"
#93020
1"
#93030
0"
#93040
1"
#93050
0"
#93060
1"
#93070
0"
#93080
1"
#93090
0"
#93100
1"
#93110
0"
#93120
1"
#93130
0"
#93140
1"
#93150
0"
#93160
1"
#93170
0"
#93180
1"
#93190
0"
#93200
1"
#93210
0"
#93220
1"
#93230
0"
#93240
1"
#93250
0"
#93260
1"
#93270
0"
#93280
1"
#93290
0"
#93300
1"
#93310
0"
#93320
1"
#93330
0"
#93340
1"
#93350
0"
#93360
1"
#93370
0"
#93380
1"
#93390
0"
#93400
1"
#93410
0"
#93420
1"
#93430
0"
#93440
1"
#93450
0"
#93460
1"
#93470
0"
#93480
1"
#93490
0"
#93500
1"
#93510
0"
#93520
1"
#93530
0"
#93540
1"
#93550
0"
#93560
1"
#93570
0"
#93580
1"
#93590
0"
#93600
1"
#93610
0"
#93620
1"
#93630
0"
#93640
1"
#93650
0"
#93660
1"
#93670
0"
#93680
1"
#93690
0"
#93700
1"
#93710
0"
#93720
1"
#93730
0"
#93740
1"
#93750
0"
#93760
1"
#93770
0"
#93780
1"
#93790
0"
#93800
1"
#93810
0"
#93820
1"
#93830
0"
#93840
1"
#93850
0"
#93860
1"
#93870
0"
#93880
1"
#93890
0"
#93900
1"
#93910
0"
#93920
1"
#93930
0"
#93940
1"
#93950
0"
#93960
1"
#93970
0"
#93980
1"
#93990
0"
#94000
1"
#94010
0"
#94020
1"
#94030
0"
#94040
1"
#94050
0"
#94060
1"
#94070
0"
#94080
1"
#94090
0"
#94100
1"
#94110
0"
#94120
1"
#94130
0"
#94140
1"
#94150
0"
#94160
1"
#94170
0"
#94180
1"
#94190
0"
#94200
1"
#94210
0"
#94220
1"
#94230
0"
#94240
1"
#94250
0"
#94260
1"
#94270
0"
#94280
1"
#94290
0"
#94300
1"
#94310
0"
#94320
1"
#94330
0"
#94340
1"
#94350
0"
#94360
1"
#94370
0"
#94380
1"
#94390
0"
#94400
1"
#94410
0"
#94420
1"
#94430
0"
#94440
1"
#94450
0"
#94460
1"
#94470
0"
#94480
1"
#94490
0"
#94500
1"
#94510
0"
#94520
1"
#94530
0"
#94540
1"
#94550
0"
#94560
1"
#94570
0"
#94580
1"
#94590
0"
#94600
1"
#94610
0"
#94620
1"
#94630
0"
#94640
1"
#94650
0"
#94660
1"
#94670
0"
#94680
1"
#94690
0"
#94700
1"
#94710
0"
#94720
1"
#94730
0"
#94740
1"
#94750
0"
#94760
1"
#94770
0"
#94780
1"
#94790
0"
#94800
1"
#94810
0"
#94820
1"
#94830
0"
#94840
1"
#94850
0"
#94860
1"
#94870
0"
#94880
1"
#94890
0"
#94900
1"
#94910
0"
#94920
1"
#94930
0"
#94940
1"
#94950
0"
#94960
1"
#94970
0"
#94980
1"
#94990
0"
#95000
1"
#95010
0"
#95020
1"
#95030
0"
#95040
1"
#95050
0"
#95060
1"
#95070
0"
#95080
1"
#95090
0"
#95100
1"
#95110
0"
#95120
1"
#95130
0"
#95140
1"
#95150
0"
#95160
1"
#95170
0"
#95180
1"
#95190
0"
#95200
1"
#95210
0"
#95220
1"
#95230
0"
#95240
1"
#95250
0"
#95260
1"
#95270
0"
#95280
1"
#95290
0"
#95300
1"
#95310
0"
#95320
1"
#95330
0"
#95340
1"
#95350
0"
#95360
1"
#95370
0"
#95380
1"
#95390
0"
#95400
1"
#95410
0"
#95420
1"
#95430
0"
#95440
1"
#95450
0"
#95460
1"
#95470
0"
#95480
1"
#95490
0"
#95500
1"
#95510
0"
#95520
1"
#95530
0"
#95540
1"
#95550
0"
#95560
1"
#95570
0"
#95580
1"
#95590
0"
#95600
1"
#95610
0"
#95620
1"
#95630
0"
#95640
1"
#95650
0"
#95660
1"
#95670
0"
#95680
1"
#95690
0"
#95700
1"
#95710
0"
#95720
1"
#95730
0"
#95740
1"
#95750
0"
#95760
1"
#95770
0"
#95780
1"
#95790
0"
#95800
1"
#95810
0"
#95820
1"
#95830
0"
#95840
1"
#95850
0"
#95860
1"
#95870
0"
#95880
1"
#95890
0"
#95900
1"
#95910
0"
#95920
1"
#95930
0"
#95940
1"
#95950
0"
#95960
1"
#95970
0"
#95980
1"
#95990
0"
#96000
1"
#96010
0"
#96020
1"
#96030
0"
#96040
1"
#96050
0"
#96060
1"
#96070
0"
#96080
1"
#96090
0"
#96100
1"
#96110
0"
#96120
1"
#96130
0"
#96140
1"
#96150
0"
#96160
1"
#96170
0"
#96180
1"
#96190
0"
#96200
1"
#96210
0"
#96220
1"
#96230
0"
#96240
1"
#96250
0"
#96260
1"
#96270
0"
#96280
1"
#96290
0"
#96300
1"
#96310
0"
#96320
1"
#96330
0"
#96340
1"
#96350
0"
#96360
1"
#96370
0"
#96380
1"
#96390
0"
#96400
1"
#96410
0"
#96420
1"
#96430
0"
#96440
1"
#96450
0"
#96460
1"
#96470
0"
#96480
1"
#96490
0"
#96500
1"
#96510
0"
#96520
1"
#96530
0"
#96540
1"
#96550
0"
#96560
1"
#96570
0"
#96580
1"
#96590
0"
#96600
1"
#96610
0"
#96620
1"
#96630
0"
#96640
1"
#96650
0"
#96660
1"
#96670
0"
#96680
1"
#96690
0"
#96700
1"
#96710
0"
#96720
1"
#96730
0"
#96740
1"
#96750
0"
#96760
1"
#96770
0"
#96780
1"
#96790
0"
#96800
1"
#96810
0"
#96820
1"
#96830
0"
#96840
1"
#96850
0"
#96860
1"
#96870
0"
#96880
1"
#96890
0"
#96900
1"
#96910
0"
#96920
1"
#96930
0"
#96940
1"
#96950
0"
#96960
1"
#96970
0"
#96980
1"
#96990
0"
#97000
1"
#97010
0"
#97020
1"
#97030
0"
#97040
1"
#97050
0"
#97060
1"
#97070
0"
#97080
1"
#97090
0"
#97100
1"
#97110
0"
#97120
1"
#97130
0"
#97140
1"
#97150
0"
#97160
1"
#97170
0"
#97180
1"
#97190
0"
#97200
1"
#97210
0"
#97220
1"
#97230
0"
#97240
1"
#97250
0"
#97260
1"
#97270
0"
#97280
1"
#97290
0"
#97300
1"
#97310
0"
#97320
1"
#97330
0"
#97340
1"
#97350
0"
#97360
1"
#97370
0"
#97380
1"
#97390
0"
#97400
1"
#97410
0"
#97420
1"
#97430
0"
#97440
1"
#97450
0"
#97460
1"
#97470
0"
#97480
1"
#97490
0"
#97500
1"
#97510
0"
#97520
1"
#97530
0"
#97540
1"
#97550
0"
#97560
1"
#97570
0"
#97580
1"
#97590
0"
#97600
1"
#97610
0"
#97620
1"
#97630
0"
#97640
1"
#97650
0"
#97660
1"
#97670
0"
#97680
1"
#97690
0"
#97700
1"
#97710
0"
#97720
1"
#97730
0"
#97740
1"
#97750
0"
#97760
1"
#97770
0"
#97780
1"
#97790
0"
#97800
1"
#97810
0"
#97820
1"
#97830
0"
#97840
1"
#97850
0"
#97860
1"
#97870
0"
#97880
1"
#97890
0"
#97900
1"
#97910
0"
#97920
1"
#97930
0"
#97940
1"
#97950
0"
#97960
1"
#97970
0"
#97980
1"
#97990
0"
#98000
1"
#98010
0"
#98020
1"
#98030
0"
#98040
1"
#98050
0"
#98060
1"
#98070
0"
#98080
1"
#98090
0"
#98100
1"
#98110
0"
#98120
1"
#98130
0"
#98140
1"
#98150
0"
#98160
1"
#98170
0"
#98180
1"
#98190
0"
#98200
1"
#98210
0"
#98220
1"
#98230
0"
#98240
1"
#98250
0"
#98260
1"
#98270
0"
#98280
1"
#98290
0"
#98300
1"
#98310
0"
#98320
1"
#98330
0"
#98340
1"
#98350
0"
#98360
1"
#98370
0"
#98380
1"
#98390
0"
#98400
1"
#98410
0"
#98420
1"
#98430
0"
#98440
1"
#98450
0"
#98460
1"
#98470
0"
#98480
1"
#98490
0"
#98500
1"
#98510
0"
#98520
1"
#98530
0"
#98540
1"
#98550
0"
#98560
1"
#98570
0"
#98580
1"
#98590
0"
#98600
1"
#98610
0"
#98620
1"
#98630
0"
#98640
1"
#98650
0"
#98660
1"
#98670
0"
#98680
1"
#98690
0"
#98700
1"
#98710
0"
#98720
1"
#98730
0"
#98740
1"
#98750
0"
#98760
1"
#98770
0"
#98780
1"
#98790
0"
#98800
1"
#98810
0"
#98820
1"
#98830
0"
#98840
1"
#98850
0"
#98860
1"
#98870
0"
#98880
1"
#98890
0"
#98900
1"
#98910
0"
#98920
1"
#98930
0"
#98940
1"
#98950
0"
#98960
1"
#98970
0"
#98980
1"
#98990
0"
#99000
1"
#99010
0"
#99020
1"
#99030
0"
#99040
1"
#99050
0"
#99060
1"
#99070
0"
#99080
1"
#99090
0"
#99100
1"
#99110
0"
#99120
1"
#99130
0"
#99140
1"
#99150
0"
#99160
1"
#99170
0"
#99180
1"
#99190
0"
#99200
1"
#99210
0"
#99220
1"
#99230
0"
#99240
1"
#99250
0"
#99260
1"
#99270
0"
#99280
1"
#99290
0"
#99300
1"
#99310
0"
#99320
1"
#99330
0"
#99340
1"
#99350
0"
#99360
1"
#99370
0"
#99380
1"
#99390
0"
#99400
1"
#99410
0"
#99420
1"
#99430
0"
#99440
1"
#99450
0"
#99460
1"
#99470
0"
#99480
1"
#99490
0"
#99500
1"
#99510
0"
#99520
1"
#99530
0"
#99540
1"
#99550
0"
#99560
1"
#99570
0"
#99580
1"
#99590
0"
#99600
1"
#99610
0"
#99620
1"
#99630
0"
#99640
1"
#99650
0"
#99660
1"
#99670
0"
#99680
1"
#99690
0"
#99700
1"
#99710
0"
#99720
1"
#99730
0"
#99740
1"
#99750
0"
#99760
1"
#99770
0"
#99780
1"
#99790
0"
#99800
1"
#99810
0"
#99820
1"
#99830
0"
#99840
1"
#99850
0"
#99860
1"
#99870
0"
#99880
1"
#99890
0"
#99900
1"
#99910
0"
#99920
1"
#99930
0"
#99940
1"
#99950
0"
#99960
1"
#99970
0"
#99980
1"
#99990
0"
#100000
1"
#100010
0"
#100020
1"
#100030
0"
#100040
1"
#100050
0"
#100060
1"
#100070
0"
#100080
1"
#100090
0"
#100100
1"
#100110
0"
#100120
1"
#100130
0"
#100140
1"
#100150
0"
#100160
1"
#100170
0"
#100180
1"
#100190
0"
#100200
1"
#100210
0"
#100220
1"
#100230
0"
#100240
1"
#100250
0"
#100260
1"
#100270
0"
#100280
1"
#100290
0"
#100300
1"
#100310
0"
#100320
1"
#100330
0"
#100340
1"
#100350
0"
#100360
1"
#100370
0"
#100380
1"
#100390
0"
#100400
1"
#100410
0"
#100420
1"
#100430
0"
#100440
1"
#100450
0"
#100460
1"
#100470
0"
#100480
1"
#100490
0"
#100500
1"
#100510
0"
#100520
1"
#100530
0"
#100540
1"
#100550
0"
#100560
1"
#100570
0"
#100580
1"
#100590
0"
#100600
1"
#100610
0"
#100620
1"
#100630
0"
#100640
1"
#100650
0"
#100660
1"
#100670
0"
#100680
1"
#100690
0"
#100700
1"
#100710
0"
#100720
1"
#100730
0"
#100740
1"
#100750
0"
#100760
1"
#100770
0"
#100780
1"
#100790
0"
#100800
1"
#100810
0"
#100820
1"
#100830
0"
#100840
1"
#100850
0"
#100860
1"
#100870
0"
#100880
1"
#100890
0"
#100900
1"
#100910
0"
#100920
1"
#100930
0"
#100940
1"
#100950
0"
#100960
1"
#100970
0"
#100980
1"
#100990
0"
#101000
1"
#101010
0"
#101020
1"
#101030
0"
#101040
1"
#101050
0"
#101060
1"
#101070
0"
#101080
1"
#101090
0"
#101100
1"
#101110
0"
#101120
1"
#101130
0"
#101140
1"
#101150
0"
#101160
1"
#101170
0"
#101180
1"
#101190
0"
#101200
1"
#101210
0"
#101220
1"
#101230
0"
#101240
1"
#101250
0"
#101260
1"
#101270
0"
#101280
1"
#101290
0"
#101300
1"
#101310
0"
#101320
1"
#101330
0"
#101340
1"
#101350
0"
#101360
1"
#101370
0"
#101380
1"
#101390
0"
#101400
1"
#101410
0"
#101420
1"
#101430
0"
#101440
1"
#101450
0"
#101460
1"
#101470
0"
#101480
1"
#101490
0"
#101500
1"
#101510
0"
#101520
1"
#101530
0"
#101540
1"
#101550
0"
#101560
1"
#101570
0"
#101580
1"
#101590
0"
#101600
1"
#101610
0"
#101620
1"
#101630
0"
#101640
1"
#101650
0"
#101660
1"
#101670
0"
#101680
1"
#101690
0"
#101700
1"
#101710
0"
#101720
1"
#101730
0"
#101740
1"
#101750
0"
#101760
1"
#101770
0"
#101780
1"
#101790
0"
#101800
1"
#101810
0"
#101820
1"
#101830
0"
#101840
1"
#101850
0"
#101860
1"
#101870
0"
#101880
1"
#101890
0"
#101900
1"
#101910
0"
#101920
1"
#101930
0"
#101940
1"
#101950
0"
#101960
1"
#101970
0"
#101980
1"
#101990
0"
#102000
1"
#102010
0"
#102020
1"
#102030
0"
#102040
1"
#102050
0"
#102060
1"
#102070
0"
#102080
1"
#102090
0"
#102100
1"
#102110
0"
#102120
1"
#102130
0"
#102140
1"
#102150
0"
#102160
1"
#102170
0"
#102180
1"
#102190
0"
#102200
1"
#102210
0"
#102220
1"
#102230
0"
#102240
1"
#102250
0"
#102260
1"
#102270
0"
#102280
1"
#102290
0"
#102300
1"
#102310
0"
#102320
1"
#102330
0"
#102340
1"
#102350
0"
#102360
1"
#102370
0"
#102380
1"
#102390
0"
#102400
1"
#102410
0"
#102420
1"
#102430
0"
#102440
1"
#102450
0"
#102460
1"
#102470
0"
#102480
1"
#102490
0"
#102500
1"
#102510
0"
#102520
1"
#102530
0"
#102540
1"
#102550
0"
#102560
1"
#102570
0"
#102580
1"
#102590
0"
#102600
1"
#102610
0"
#102620
1"
#102630
0"
#102640
1"
#102650
0"
#102660
1"
#102670
0"
#102680
1"
#102690
0"
#102700
1"
#102710
0"
#102720
1"
#102730
0"
#102740
1"
#102750
0"
#102760
1"
#102770
0"
#102780
1"
#102790
0"
#102800
1"
#102810
0"
#102820
1"
#102830
0"
#102840
1"
#102850
0"
#102860
1"
#102870
0"
#102880
1"
#102890
0"
#102900
1"
#102910
0"
#102920
1"
#102930
0"
#102940
1"
#102950
0"
#102960
1"
#102970
0"
#102980
1"
#102990
0"
#103000
1"
#103010
0"
#103020
1"
#103030
0"
#103040
1"
#103050
0"
#103060
1"
#103070
0"
#103080
1"
#103090
0"
#103100
1"
#103110
0"
#103120
1"
#103130
0"
#103140
1"
#103150
0"
#103160
1"
#103170
0"
#103180
1"
#103190
0"
#103200
1"
#103210
0"
#103220
1"
#103230
0"
#103240
1"
#103250
0"
#103260
1"
#103270
0"
#103280
1"
#103290
0"
#103300
1"
#103310
0"
#103320
1"
#103330
0"
#103340
1"
#103350
0"
#103360
1"
#103370
0"
#103380
1"
#103390
0"
#103400
1"
#103410
0"
#103420
1"
#103430
0"
#103440
1"
#103450
0"
#103460
1"
#103470
0"
#103480
1"
#103490
0"
#103500
1"
#103510
0"
#103520
1"
#103530
0"
#103540
1"
#103550
0"
#103560
1"
#103570
0"
#103580
1"
#103590
0"
#103600
1"
#103610
0"
#103620
1"
#103630
0"
#103640
1"
#103650
0"
#103660
1"
#103670
0"
#103680
1"
#103690
0"
#103700
1"
#103710
0"
#103720
1"
#103730
0"
#103740
1"
#103750
0"
#103760
1"
#103770
0"
#103780
1"
#103790
0"
#103800
1"
#103810
0"
#103820
1"
#103830
0"
#103840
1"
#103850
0"
#103860
1"
#103870
0"
#103880
1"
#103890
0"
#103900
1"
#103910
0"
#103920
1"
#103930
0"
#103940
1"
#103950
0"
#103960
1"
#103970
0"
#103980
1"
#103990
0"
#104000
1"
#104010
0"
#104020
1"
#104030
0"
#104040
1"
#104050
0"
#104060
1"
#104070
0"
#104080
1"
#104090
0"
#104100
1"
#104110
0"
#104120
1"
#104130
0"
#104140
1"
#104150
0"
#104160
1"
#104170
0"
#104180
1"
#104190
0"
#104200
1"
#104210
0"
#104220
1"
#104230
0"
#104240
1"
#104250
0"
#104260
1"
#104270
0"
#104280
1"
#104290
0"
#104300
1"
#104310
0"
#104320
1"
#104330
0"
#104340
1"
#104350
0"
#104360
1"
#104370
0"
#104380
1"
#104390
0"
#104400
1"
#104410
0"
#104420
1"
#104430
0"
#104440
1"
#104450
0"
#104460
1"
#104470
0"
#104480
1"
#104490
0"
#104500
1"
#104510
0"
#104520
1"
#104530
0"
#104540
1"
#104550
0"
#104560
1"
#104570
0"
#104580
1"
#104590
0"
#104600
1"
#104610
0"
#104620
1"
#104630
0"
#104640
1"
#104650
0"
#104660
1"
#104670
0"
#104680
1"
#104690
0"
#104700
1"
#104710
0"
#104720
1"
#104730
0"
#104740
1"
#104750
0"
#104760
1"
#104770
0"
#104780
1"
#104790
0"
#104800
1"
#104810
0"
#104820
1"
#104830
0"
#104840
1"
#104850
0"
#104860
1"
#104870
0"
#104880
1"
#104890
0"
#104900
1"
#104910
0"
#104920
1"
#104930
0"
#104940
1"
#104950
0"
#104960
1"
#104970
0"
#104980
1"
#104990
0"
#105000
1"
#105010
0"
#105020
1"
#105030
0"
#105040
1"
#105050
0"
#105060
1"
#105070
0"
#105080
1"
#105090
0"
#105100
1"
#105110
0"
#105120
1"
#105130
0"
#105140
1"
#105150
0"
#105160
1"
#105170
0"
#105180
1"
#105190
0"
#105200
1"
#105210
0"
#105220
1"
#105230
0"
#105240
1"
#105250
0"
#105260
1"
#105270
0"
#105280
1"
#105290
0"
#105300
1"
#105310
0"
#105320
1"
#105330
0"
#105340
1"
#105350
0"
#105360
1"
#105370
0"
#105380
1"
#105390
0"
#105400
1"
#105410
0"
#105420
1"
#105430
0"
#105440
1"
#105450
0"
#105460
1"
#105470
0"
#105480
1"
#105490
0"
#105500
1"
#105510
0"
#105520
1"
#105530
0"
#105540
1"
#105550
0"
#105560
1"
#105570
0"
#105580
1"
#105590
0"
#105600
1"
#105610
0"
#105620
1"
#105630
0"
#105640
1"
#105650
0"
#105660
1"
#105670
0"
#105680
1"
#105690
0"
#105700
1"
#105710
0"
#105720
1"
#105730
0"
#105740
1"
#105750
0"
#105760
1"
#105770
0"
#105780
1"
#105790
0"
#105800
1"
#105810
0"
#105820
1"
#105830
0"
#105840
1"
#105850
0"
#105860
1"
#105870
0"
#105880
1"
#105890
0"
#105900
1"
#105910
0"
#105920
1"
#105930
0"
#105940
1"
#105950
0"
#105960
1"
#105970
0"
#105980
1"
#105990
0"
#106000
1"
#106010
0"
#106020
1"
#106030
0"
#106040
1"
#106050
0"
#106060
1"
#106070
0"
#106080
1"
#106090
0"
#106100
1"
#106110
0"
#106120
1"
#106130
0"
#106140
1"
#106150
0"
#106160
1"
#106170
0"
#106180
1"
#106190
0"
#106200
1"
#106210
0"
#106220
1"
#106230
0"
#106240
1"
#106250
0"
#106260
1"
#106270
0"
#106280
1"
#106290
0"
#106300
1"
#106310
0"
#106320
1"
#106330
0"
#106340
1"
#106350
0"
#106360
1"
#106370
0"
#106380
1"
#106390
0"
#106400
1"
#106410
0"
#106420
1"
#106430
0"
#106440
1"
#106450
0"
#106460
1"
#106470
0"
#106480
1"
#106490
0"
#106500
1"
#106510
0"
#106520
1"
#106530
0"
#106540
1"
#106550
0"
#106560
1"
#106570
0"
#106580
1"
#106590
0"
#106600
1"
#106610
0"
#106620
1"
#106630
0"
#106640
1"
#106650
0"
#106660
1"
#106670
0"
#106680
1"
#106690
0"
#106700
1"
#106710
0"
#106720
1"
#106730
0"
#106740
1"
#106750
0"
#106760
1"
#106770
0"
#106780
1"
#106790
0"
#106800
1"
#106810
0"
#106820
1"
#106830
0"
#106840
1"
#106850
0"
#106860
1"
#106870
0"
#106880
1"
#106890
0"
#106900
1"
#106910
0"
#106920
1"
#106930
0"
#106940
1"
#106950
0"
#106960
1"
#106970
0"
#106980
1"
#106990
0"
#107000
1"
#107010
0"
#107020
1"
#107030
0"
#107040
1"
#107050
0"
#107060
1"
#107070
0"
#107080
1"
#107090
0"
#107100
1"
#107110
0"
#107120
1"
#107130
0"
#107140
1"
#107150
0"
#107160
1"
#107170
0"
#107180
1"
#107190
0"
#107200
1"
#107210
0"
#107220
1"
#107230
0"
#107240
1"
#107250
0"
#107260
1"
#107270
0"
#107280
1"
#107290
0"
#107300
1"
#107310
0"
#107320
1"
#107330
0"
#107340
1"
#107350
0"
#107360
1"
#107370
0"
#107380
1"
#107390
0"
#107400
1"
#107410
0"
#107420
1"
#107430
0"
#107440
1"
#107450
0"
#107460
1"
#107470
0"
#107480
1"
#107490
0"
#107500
1"
#107510
0"
#107520
1"
#107530
0"
#107540
1"
#107550
0"
#107560
1"
#107570
0"
#107580
1"
#107590
0"
#107600
1"
#107610
0"
#107620
1"
#107630
0"
#107640
1"
#107650
0"
#107660
1"
#107670
0"
#107680
1"
#107690
0"
#107700
1"
#107710
0"
#107720
1"
#107730
0"
#107740
1"
#107750
0"
#107760
1"
#107770
0"
#107780
1"
#107790
0"
#107800
1"
#107810
0"
#107820
1"
#107830
0"
#107840
1"
#107850
0"
#107860
1"
#107870
0"
#107880
1"
#107890
0"
#107900
1"
#107910
0"
#107920
1"
#107930
0"
#107940
1"
#107950
0"
#107960
1"
#107970
0"
#107980
1"
#107990
0"
#108000
1"
#108010
0"
#108020
1"
#108030
0"
#108040
1"
#108050
0"
#108060
1"
#108070
0"
#108080
1"
#108090
0"
#108100
1"
#108110
0"
#108120
1"
#108130
0"
#108140
1"
#108150
0"
#108160
1"
#108170
0"
#108180
1"
#108190
0"
#108200
1"
#108210
0"
#108220
1"
#108230
0"
#108240
1"
#108250
0"
#108260
1"
#108270
0"
#108280
1"
#108290
0"
#108300
1"
#108310
0"
#108320
1"
#108330
0"
#108340
1"
#108350
0"
#108360
1"
#108370
0"
#108380
1"
#108390
0"
#108400
1"
#108410
0"
#108420
1"
#108430
0"
#108440
1"
#108450
0"
#108460
1"
#108470
0"
#108480
1"
#108490
0"
#108500
1"
#108510
0"
#108520
1"
#108530
0"
#108540
1"
#108550
0"
#108560
1"
#108570
0"
#108580
1"
#108590
0"
#108600
1"
#108610
0"
#108620
1"
#108630
0"
#108640
1"
#108650
0"
#108660
1"
#108670
0"
#108680
1"
#108690
0"
#108700
1"
#108710
0"
#108720
1"
#108730
0"
#108740
1"
#108750
0"
#108760
1"
#108770
0"
#108780
1"
#108790
0"
#108800
1"
#108810
0"
#108820
1"
#108830
0"
#108840
1"
#108850
0"
#108860
1"
#108870
0"
#108880
1"
#108890
0"
#108900
1"
#108910
0"
#108920
1"
#108930
0"
#108940
1"
#108950
0"
#108960
1"
#108970
0"
#108980
1"
#108990
0"
#109000
1"
#109010
0"
#109020
1"
#109030
0"
#109040
1"
#109050
0"
#109060
1"
#109070
0"
#109080
1"
#109090
0"
#109100
1"
#109110
0"
#109120
1"
#109130
0"
#109140
1"
#109150
0"
#109160
1"
#109170
0"
#109180
1"
#109190
0"
#109200
1"
#109210
0"
#109220
1"
#109230
0"
#109240
1"
#109250
0"
#109260
1"
#109270
0"
#109280
1"
#109290
0"
#109300
1"
#109310
0"
#109320
1"
#109330
0"
#109340
1"
#109350
0"
#109360
1"
#109370
0"
#109380
1"
#109390
0"
#109400
1"
#109410
0"
#109420
1"
#109430
0"
#109440
1"
#109450
0"
#109460
1"
#109470
0"
#109480
1"
#109490
0"
#109500
1"
#109510
0"
#109520
1"
#109530
0"
#109540
1"
#109550
0"
#109560
1"
#109570
0"
#109580
1"
#109590
0"
#109600
1"
#109610
0"
#109620
1"
#109630
0"
#109640
1"
#109650
0"
#109660
1"
#109670
0"
#109680
1"
#109690
0"
#109700
1"
#109710
0"
#109720
1"
#109730
0"
#109740
1"
#109750
0"
#109760
1"
#109770
0"
#109780
1"
#109790
0"
#109800
1"
#109810
0"
#109820
1"
#109830
0"
#109840
1"
#109850
0"
#109860
1"
#109870
0"
#109880
1"
#109890
0"
#109900
1"
#109910
0"
#109920
1"
#109930
0"
#109940
1"
#109950
0"
#109960
1"
#109970
0"
#109980
1"
#109990
0"
#110000
1"
#110010
0"
#110020
1"
#110030
0"
#110040
1"
#110050
0"
#110060
1"
#110070
0"
#110080
1"
#110090
0"
#110100
1"
#110110
0"
#110120
1"
#110130
0"
#110140
1"
#110150
0"
#110160
1"
#110170
0"
#110180
1"
#110190
0"
#110200
1"
#110210
0"
#110220
1"
#110230
0"
#110240
1"
#110250
0"
#110260
1"
#110270
0"
#110280
1"
#110290
0"
#110300
1"
#110310
0"
#110320
1"
#110330
0"
#110340
1"
#110350
0"
#110360
1"
#110370
0"
#110380
1"
#110390
0"
#110400
1"
#110410
0"
#110420
1"
#110430
0"
#110440
1"
#110450
0"
#110460
1"
#110470
0"
#110480
1"
#110490
0"
#110500
1"
#110510
0"
#110520
1"
#110530
0"
#110540
1"
#110550
0"
#110560
1"
#110570
0"
#110580
1"
#110590
0"
#110600
1"
#110610
0"
#110620
1"
#110630
0"
#110640
1"
#110650
0"
#110660
1"
#110670
0"
#110680
1"
#110690
0"
#110700
1"
#110710
0"
#110720
1"
#110730
0"
#110740
1"
#110750
0"
#110760
1"
#110770
0"
#110780
1"
#110790
0"
#110800
1"
#110810
0"
#110820
1"
#110830
0"
#110840
1"
#110850
0"
#110860
1"
#110870
0"
#110880
1"
#110890
0"
#110900
1"
#110910
0"
#110920
1"
#110930
0"
#110940
1"
#110950
0"
#110960
1"
#110970
0"
#110980
1"
#110990
0"
#111000
1"
#111010
0"
#111020
1"
#111030
0"
#111040
1"
#111050
0"
#111060
1"
#111070
0"
#111080
1"
#111090
0"
#111100
1"
#111110
0"
#111120
1"
#111130
0"
#111140
1"
#111150
0"
#111160
1"
#111170
0"
#111180
1"
#111190
0"
#111200
1"
#111210
0"
#111220
1"
#111230
0"
#111240
1"
#111250
0"
#111260
1"
#111270
0"
#111280
1"
#111290
0"
#111300
1"
#111310
0"
#111320
1"
#111330
0"
#111340
1"
#111350
0"
#111360
1"
#111370
0"
#111380
1"
#111390
0"
#111400
1"
#111410
0"
#111420
1"
#111430
0"
#111440
1"
#111450
0"
#111460
1"
#111470
0"
#111480
1"
#111490
0"
#111500
1"
#111510
0"
#111520
1"
#111530
0"
#111540
1"
#111550
0"
#111560
1"
#111570
0"
#111580
1"
#111590
0"
#111600
1"
#111610
0"
#111620
1"
#111630
0"
#111640
1"
#111650
0"
#111660
1"
#111670
0"
#111680
1"
#111690
0"
#111700
1"
#111710
0"
#111720
1"
#111730
0"
#111740
1"
#111750
0"
#111760
1"
#111770
0"
#111780
1"
#111790
0"
#111800
1"
#111810
0"
#111820
1"
#111830
0"
#111840
1"
#111850
0"
#111860
1"
#111870
0"
#111880
1"
#111890
0"
#111900
1"
#111910
0"
#111920
1"
#111930
0"
#111940
1"
#111950
0"
#111960
1"
#111970
0"
#111980
1"
#111990
0"
#112000
1"
#112010
0"
#112020
1"
#112030
0"
#112040
1"
#112050
0"
#112060
1"
#112070
0"
#112080
1"
#112090
0"
#112100
1"
#112110
0"
#112120
1"
#112130
0"
#112140
1"
#112150
0"
#112160
1"
#112170
0"
#112180
1"
#112190
0"
#112200
1"
#112210
0"
#112220
1"
#112230
0"
#112240
1"
#112250
0"
#112260
1"
#112270
0"
#112280
1"
#112290
0"
#112300
1"
#112310
0"
#112320
1"
#112330
0"
#112340
1"
#112350
0"
#112360
1"
#112370
0"
#112380
1"
#112390
0"
#112400
1"
#112410
0"
#112420
1"
#112430
0"
#112440
1"
#112450
0"
#112460
1"
#112470
0"
#112480
1"
#112490
0"
#112500
1"
#112510
0"
#112520
1"
#112530
0"
#112540
1"
#112550
0"
#112560
1"
#112570
0"
#112580
1"
#112590
0"
#112600
1"
#112610
0"
#112620
1"
#112630
0"
#112640
1"
#112650
0"
#112660
1"
#112670
0"
#112680
1"
#112690
0"
#112700
1"
#112710
0"
#112720
1"
#112730
0"
#112740
1"
#112750
0"
#112760
1"
#112770
0"
#112780
1"
#112790
0"
#112800
1"
#112810
0"
#112820
1"
#112830
0"
#112840
1"
#112850
0"
#112860
1"
#112870
0"
#112880
1"
#112890
0"
#112900
1"
#112910
0"
#112920
1"
#112930
0"
#112940
1"
#112950
0"
#112960
1"
#112970
0"
#112980
1"
#112990
0"
#113000
1"
#113010
0"
#113020
1"
#113030
0"
#113040
1"
#113050
0"
#113060
1"
#113070
0"
#113080
1"
#113090
0"
#113100
1"
#113110
0"
#113120
1"
#113130
0"
#113140
1"
#113150
0"
#113160
1"
#113170
0"
#113180
1"
#113190
0"
#113200
1"
#113210
0"
#113220
1"
#113230
0"
#113240
1"
#113250
0"
#113260
1"
#113270
0"
#113280
1"
#113290
0"
#113300
1"
#113310
0"
#113320
1"
#113330
0"
#113340
1"
#113350
0"
#113360
1"
#113370
0"
#113380
1"
#113390
0"
#113400
1"
#113410
0"
#113420
1"
#113430
0"
#113440
1"
#113450
0"
#113460
1"
#113470
0"
#113480
1"
#113490
0"
#113500
1"
#113510
0"
#113520
1"
#113530
0"
#113540
1"
#113550
0"
#113560
1"
#113570
0"
#113580
1"
#113590
0"
#113600
1"
#113610
0"
#113620
1"
#113630
0"
#113640
1"
#113650
0"
#113660
1"
#113670
0"
#113680
1"
#113690
0"
#113700
1"
#113710
0"
#113720
1"
#113730
0"
#113740
1"
#113750
0"
#113760
1"
#113770
0"
#113780
1"
#113790
0"
#113800
1"
#113810
0"
#113820
1"
#113830
0"
#113840
1"
#113850
0"
#113860
1"
#113870
0"
#113880
1"
#113890
0"
#113900
1"
#113910
0"
#113920
1"
#113930
0"
#113940
1"
#113950
0"
#113960
1"
#113970
0"
#113980
1"
#113990
0"
#114000
1"
#114010
0"
#114020
1"
#114030
0"
#114040
1"
#114050
0"
#114060
1"
#114070
0"
#114080
1"
#114090
0"
#114100
1"
#114110
0"
#114120
1"
#114130
0"
#114140
1"
#114150
0"
#114160
1"
#114170
0"
#114180
1"
#114190
0"
#114200
1"
#114210
0"
#114220
1"
#114230
0"
#114240
1"
#114250
0"
#114260
1"
#114270
0"
#114280
1"
#114290
0"
#114300
1"
#114310
0"
#114320
1"
#114330
0"
#114340
1"
#114350
0"
#114360
1"
#114370
0"
#114380
1"
#114390
0"
#114400
1"
#114410
0"
#114420
1"
#114430
0"
#114440
1"
#114450
0"
#114460
1"
#114470
0"
#114480
1"
#114490
0"
#114500
1"
#114510
0"
#114520
1"
#114530
0"
#114540
1"
#114550
0"
#114560
1"
#114570
0"
#114580
1"
#114590
0"
#114600
1"
#114610
0"
#114620
1"
#114630
0"
#114640
1"
#114650
0"
#114660
1"
#114670
0"
#114680
1"
#114690
0"
#114700
1"
#114710
0"
#114720
1"
#114730
0"
#114740
1"
#114750
0"
#114760
1"
#114770
0"
#114780
1"
#114790
0"
#114800
1"
#114810
0"
#114820
1"
#114830
0"
#114840
1"
#114850
0"
#114860
1"
#114870
0"
#114880
1"
#114890
0"
#114900
1"
#114910
0"
#114920
1"
#114930
0"
#114940
1"
#114950
0"
#114960
1"
#114970
0"
#114980
1"
#114990
0"
#115000
1"
#115010
0"
#115020
1"
#115030
0"
#115040
1"
#115050
0"
#115060
1"
#115070
0"
#115080
1"
#115090
0"
#115100
1"
#115110
0"
#115120
1"
#115130
0"
#115140
1"
#115150
0"
#115160
1"
#115170
0"
#115180
1"
#115190
0"
#115200
1"
#115210
0"
#115220
1"
#115230
0"
#115240
1"
#115250
0"
#115260
1"
#115270
0"
#115280
1"
#115290
0"
#115300
1"
#115310
0"
#115320
1"
#115330
0"
#115340
1"
#115350
0"
#115360
1"
#115370
0"
#115380
1"
#115390
0"
#115400
1"
#115410
0"
#115420
1"
#115430
0"
#115440
1"
#115450
0"
#115460
1"
#115470
0"
#115480
1"
#115490
0"
#115500
1"
#115510
0"
#115520
1"
#115530
0"
#115540
1"
#115550
0"
#115560
1"
#115570
0"
#115580
1"
#115590
0"
#115600
1"
#115610
0"
#115620
1"
#115630
0"
#115640
1"
#115650
0"
#115660
1"
#115670
0"
#115680
1"
#115690
0"
#115700
1"
#115710
0"
#115720
1"
#115730
0"
#115740
1"
#115750
0"
#115760
1"
#115770
0"
#115780
1"
#115790
0"
#115800
1"
#115810
0"
#115820
1"
#115830
0"
#115840
1"
#115850
0"
#115860
1"
#115870
0"
#115880
1"
#115890
0"
#115900
1"
#115910
0"
#115920
1"
#115930
0"
#115940
1"
#115950
0"
#115960
1"
#115970
0"
#115980
1"
#115990
0"
#116000
1"
#116010
0"
#116020
1"
#116030
0"
#116040
1"
#116050
0"
#116060
1"
#116070
0"
#116080
1"
#116090
0"
#116100
1"
#116110
0"
#116120
1"
#116130
0"
#116140
1"
#116150
0"
#116160
1"
#116170
0"
#116180
1"
#116190
0"
#116200
1"
#116210
0"
#116220
1"
#116230
0"
#116240
1"
#116250
0"
#116260
1"
#116270
0"
#116280
1"
#116290
0"
#116300
1"
#116310
0"
#116320
1"
#116330
0"
#116340
1"
#116350
0"
#116360
1"
#116370
0"
#116380
1"
#116390
0"
#116400
1"
#116410
0"
#116420
1"
#116430
0"
#116440
1"
#116450
0"
#116460
1"
#116470
0"
#116480
1"
#116490
0"
#116500
1"
#116510
0"
#116520
1"
#116530
0"
#116540
1"
#116550
0"
#116560
1"
#116570
0"
#116580
1"
#116590
0"
#116600
1"
#116610
0"
#116620
1"
#116630
0"
#116640
1"
#116650
0"
#116660
1"
#116670
0"
#116680
1"
#116690
0"
#116700
1"
#116710
0"
#116720
1"
#116730
0"
#116740
1"
#116750
0"
#116760
1"
#116770
0"
#116780
1"
#116790
0"
#116800
1"
#116810
0"
#116820
1"
#116830
0"
#116840
1"
#116850
0"
#116860
1"
#116870
0"
#116880
1"
#116890
0"
#116900
1"
#116910
0"
#116920
1"
#116930
0"
#116940
1"
#116950
0"
#116960
1"
#116970
0"
#116980
1"
#116990
0"
#117000
1"
#117010
0"
#117020
1"
#117030
0"
#117040
1"
#117050
0"
#117060
1"
#117070
0"
#117080
1"
#117090
0"
#117100
1"
#117110
0"
#117120
1"
#117130
0"
#117140
1"
#117150
0"
#117160
1"
#117170
0"
#117180
1"
#117190
0"
#117200
1"
#117210
0"
#117220
1"
#117230
0"
#117240
1"
#117250
0"
#117260
1"
#117270
0"
#117280
1"
#117290
0"
#117300
1"
#117310
0"
#117320
1"
#117330
0"
#117340
1"
#117350
0"
#117360
1"
#117370
0"
#117380
1"
#117390
0"
#117400
1"
#117410
0"
#117420
1"
#117430
0"
#117440
1"
#117450
0"
#117460
1"
#117470
0"
#117480
1"
#117490
0"
#117500
1"
#117510
0"
#117520
1"
#117530
0"
#117540
1"
#117550
0"
#117560
1"
#117570
0"
#117580
1"
#117590
0"
#117600
1"
#117610
0"
#117620
1"
#117630
0"
#117640
1"
#117650
0"
#117660
1"
#117670
0"
#117680
1"
#117690
0"
#117700
1"
#117710
0"
#117720
1"
#117730
0"
#117740
1"
#117750
0"
#117760
1"
#117770
0"
#117780
1"
#117790
0"
#117800
1"
#117810
0"
#117820
1"
#117830
0"
#117840
1"
#117850
0"
#117860
1"
#117870
0"
#117880
1"
#117890
0"
#117900
1"
#117910
0"
#117920
1"
#117930
0"
#117940
1"
#117950
0"
#117960
1"
#117970
0"
#117980
1"
#117990
0"
#118000
1"
#118010
0"
#118020
1"
#118030
0"
#118040
1"
#118050
0"
#118060
1"
#118070
0"
#118080
1"
#118090
0"
#118100
1"
#118110
0"
#118120
1"
#118130
0"
#118140
1"
#118150
0"
#118160
1"
#118170
0"
#118180
1"
#118190
0"
#118200
1"
#118210
0"
#118220
1"
#118230
0"
#118240
1"
#118250
0"
#118260
1"
#118270
0"
#118280
1"
#118290
0"
#118300
1"
#118310
0"
#118320
1"
#118330
0"
#118340
1"
#118350
0"
#118360
1"
#118370
0"
#118380
1"
#118390
0"
#118400
1"
#118410
0"
#118420
1"
#118430
0"
#118440
1"
#118450
0"
#118460
1"
#118470
0"
#118480
1"
#118490
0"
#118500
1"
#118510
0"
#118520
1"
#118530
0"
#118540
1"
#118550
0"
#118560
1"
#118570
0"
#118580
1"
#118590
0"
#118600
1"
#118610
0"
#118620
1"
#118630
0"
#118640
1"
#118650
0"
#118660
1"
#118670
0"
#118680
1"
#118690
0"
#118700
1"
#118710
0"
#118720
1"
#118730
0"
#118740
1"
#118750
0"
#118760
1"
#118770
0"
#118780
1"
#118790
0"
#118800
1"
#118810
0"
#118820
1"
#118830
0"
#118840
1"
#118850
0"
#118860
1"
#118870
0"
#118880
1"
#118890
0"
#118900
1"
#118910
0"
#118920
1"
#118930
0"
#118940
1"
#118950
0"
#118960
1"
#118970
0"
#118980
1"
#118990
0"
#119000
1"
#119010
0"
#119020
1"
#119030
0"
#119040
1"
#119050
0"
#119060
1"
#119070
0"
#119080
1"
#119090
0"
#119100
1"
#119110
0"
#119120
1"
#119130
0"
#119140
1"
#119150
0"
#119160
1"
#119170
0"
#119180
1"
#119190
0"
#119200
1"
#119210
0"
#119220
1"
#119230
0"
#119240
1"
#119250
0"
#119260
1"
#119270
0"
#119280
1"
#119290
0"
#119300
1"
#119310
0"
#119320
1"
#119330
0"
#119340
1"
#119350
0"
#119360
1"
#119370
0"
#119380
1"
#119390
0"
#119400
1"
#119410
0"
#119420
1"
#119430
0"
#119440
1"
#119450
0"
#119460
1"
#119470
0"
#119480
1"
#119490
0"
#119500
1"
#119510
0"
#119520
1"
#119530
0"
#119540
1"
#119550
0"
#119560
1"
#119570
0"
#119580
1"
#119590
0"
#119600
1"
#119610
0"
#119620
1"
#119630
0"
#119640
1"
#119650
0"
#119660
1"
#119670
0"
#119680
1"
#119690
0"
#119700
1"
#119710
0"
#119720
1"
#119730
0"
#119740
1"
#119750
0"
#119760
1"
#119770
0"
#119780
1"
#119790
0"
#119800
1"
#119810
0"
#119820
1"
#119830
0"
#119840
1"
#119850
0"
#119860
1"
#119870
0"
#119880
1"
#119890
0"
#119900
1"
#119910
0"
#119920
1"
#119930
0"
#119940
1"
#119950
0"
#119960
1"
#119970
0"
#119980
1"
#119990
0"
#120000
1"
#120010
0"
#120020
1"
#120030
0"
#120040
1"
#120050
0"
#120060
1"
#120070
0"
#120080
1"
#120090
0"
#120100
1"
#120110
0"
#120120
1"
#120130
0"
#120140
1"
#120150
0"
#120160
1"
#120170
0"
#120180
1"
#120190
0"
#120200
1"
#120210
0"
#120220
1"
#120230
0"
#120240
1"
#120250
0"
#120260
1"
#120270
0"
#120280
1"
#120290
0"
#120300
1"
#120310
0"
#120320
1"
#120330
0"
#120340
1"
#120350
0"
#120360
1"
#120370
0"
#120380
1"
#120390
0"
#120400
1"
#120410
0"
#120420
1"
#120430
0"
#120440
1"
#120450
0"
#120460
1"
#120470
0"
#120480
1"
#120490
0"
#120500
1"
#120510
0"
#120520
1"
#120530
0"
#120540
1"
#120550
0"
#120560
1"
#120570
0"
#120580
1"
#120590
0"
#120600
1"
#120610
0"
#120620
1"
#120630
0"
#120640
1"
#120650
0"
#120660
1"
#120670
0"
#120680
1"
#120690
0"
#120700
1"
#120710
0"
#120720
1"
#120730
0"
#120740
1"
#120750
0"
#120760
1"
#120770
0"
#120780
1"
#120790
0"
#120800
1"
#120810
0"
#120820
1"
#120830
0"
#120840
1"
#120850
0"
#120860
1"
#120870
0"
#120880
1"
#120890
0"
#120900
1"
#120910
0"
#120920
1"
#120930
0"
#120940
1"
#120950
0"
#120960
1"
#120970
0"
#120980
1"
#120990
0"
#121000
1"
#121010
0"
#121020
1"
#121030
0"
#121040
1"
#121050
0"
#121060
1"
#121070
0"
#121080
1"
#121090
0"
#121100
1"
#121110
0"
#121120
1"
#121130
0"
#121140
1"
#121150
0"
#121160
1"
#121170
0"
#121180
1"
#121190
0"
#121200
1"
#121210
0"
#121220
1"
#121230
0"
#121240
1"
#121250
0"
#121260
1"
#121270
0"
#121280
1"
#121290
0"
#121300
1"
#121310
0"
#121320
1"
#121330
0"
#121340
1"
#121350
0"
#121360
1"
#121370
0"
#121380
1"
#121390
0"
#121400
1"
#121410
0"
#121420
1"
#121430
0"
#121440
1"
#121450
0"
#121460
1"
#121470
0"
#121480
1"
#121490
0"
#121500
1"
#121510
0"
#121520
1"
#121530
0"
#121540
1"
#121550
0"
#121560
1"
#121570
0"
#121580
1"
#121590
0"
#121600
1"
#121610
0"
#121620
1"
#121630
0"
#121640
1"
#121650
0"
#121660
1"
#121670
0"
#121680
1"
#121690
0"
#121700
1"
#121710
0"
#121720
1"
#121730
0"
#121740
1"
#121750
0"
#121760
1"
#121770
0"
#121780
1"
#121790
0"
#121800
1"
#121810
0"
#121820
1"
#121830
0"
#121840
1"
#121850
0"
#121860
1"
#121870
0"
#121880
1"
#121890
0"
#121900
1"
#121910
0"
#121920
1"
#121930
0"
#121940
1"
#121950
0"
#121960
1"
#121970
0"
#121980
1"
#121990
0"
#122000
1"
#122010
0"
#122020
1"
#122030
0"
#122040
1"
#122050
0"
#122060
1"
#122070
0"
#122080
1"
#122090
0"
#122100
1"
#122110
0"
#122120
1"
#122130
0"
#122140
1"
#122150
0"
#122160
1"
#122170
0"
#122180
1"
#122190
0"
#122200
1"
#122210
0"
#122220
1"
#122230
0"
#122240
1"
#122250
0"
#122260
1"
#122270
0"
#122280
1"
#122290
0"
#122300
1"
#122310
0"
#122320
1"
#122330
0"
#122340
1"
#122350
0"
#122360
1"
#122370
0"
#122380
1"
#122390
0"
#122400
1"
#122410
0"
#122420
1"
#122430
0"
#122440
1"
#122450
0"
#122460
1"
#122470
0"
#122480
1"
#122490
0"
#122500
1"
#122510
0"
#122520
1"
#122530
0"
#122540
1"
#122550
0"
#122560
1"
#122570
0"
#122580
1"
#122590
0"
#122600
1"
#122610
0"
#122620
1"
#122630
0"
#122640
1"
#122650
0"
#122660
1"
#122670
0"
#122680
1"
#122690
0"
#122700
1"
#122710
0"
#122720
1"
#122730
0"
#122740
1"
#122750
0"
#122760
1"
#122770
0"
#122780
1"
#122790
0"
#122800
1"
#122810
0"
#122820
1"
#122830
0"
#122840
1"
#122850
0"
#122860
1"
#122870
0"
#122880
1"
#122890
0"
#122900
1"
#122910
0"
#122920
1"
#122930
0"
#122940
1"
#122950
0"
#122960
1"
#122970
0"
#122980
1"
#122990
0"
#123000
1"
#123010
0"
#123020
1"
#123030
0"
#123040
1"
#123050
0"
#123060
1"
#123070
0"
#123080
1"
#123090
0"
#123100
1"
#123110
0"
#123120
1"
#123130
0"
#123140
1"
#123150
0"
#123160
1"
#123170
0"
#123180
1"
#123190
0"
#123200
1"
#123210
0"
#123220
1"
#123230
0"
#123240
1"
#123250
0"
#123260
1"
#123270
0"
#123280
1"
#123290
0"
#123300
1"
#123310
0"
#123320
1"
#123330
0"
#123340
1"
#123350
0"
#123360
1"
#123370
0"
#123380
1"
#123390
0"
#123400
1"
#123410
0"
#123420
1"
#123430
0"
#123440
1"
#123450
0"
#123460
1"
#123470
0"
#123480
1"
#123490
0"
#123500
1"
#123510
0"
#123520
1"
#123530
0"
#123540
1"
#123550
0"
#123560
1"
#123570
0"
#123580
1"
#123590
0"
#123600
1"
#123610
0"
#123620
1"
#123630
0"
#123640
1"
#123650
0"
#123660
1"
#123670
0"
#123680
1"
#123690
0"
#123700
1"
#123710
0"
#123720
1"
#123730
0"
#123740
1"
#123750
0"
#123760
1"
#123770
0"
#123780
1"
#123790
0"
#123800
1"
#123810
0"
#123820
1"
#123830
0"
#123840
1"
#123850
0"
#123860
1"
#123870
0"
#123880
1"
#123890
0"
#123900
1"
#123910
0"
#123920
1"
#123930
0"
#123940
1"
#123950
0"
#123960
1"
#123970
0"
#123980
1"
#123990
0"
#124000
1"
#124010
0"
#124020
1"
#124030
0"
#124040
1"
#124050
0"
#124060
1"
#124070
0"
#124080
1"
#124090
0"
#124100
1"
#124110
0"
#124120
1"
#124130
0"
#124140
1"
#124150
0"
#124160
1"
#124170
0"
#124180
1"
#124190
0"
#124200
1"
#124210
0"
#124220
1"
#124230
0"
#124240
1"
#124250
0"
#124260
1"
#124270
0"
#124280
1"
#124290
0"
#124300
1"
#124310
0"
#124320
1"
#124330
0"
#124340
1"
#124350
0"
#124360
1"
#124370
0"
#124380
1"
#124390
0"
#124400
1"
#124410
0"
#124420
1"
#124430
0"
#124440
1"
#124450
0"
#124460
1"
#124470
0"
#124480
1"
#124490
0"
#124500
1"
#124510
0"
#124520
1"
#124530
0"
#124540
1"
#124550
0"
#124560
1"
#124570
0"
#124580
1"
#124590
0"
#124600
1"
#124610
0"
#124620
1"
#124630
0"
#124640
1"
#124650
0"
#124660
1"
#124670
0"
#124680
1"
#124690
0"
#124700
1"
#124710
0"
#124720
1"
#124730
0"
#124740
1"
#124750
0"
#124760
1"
#124770
0"
#124780
1"
#124790
0"
#124800
1"
#124810
0"
#124820
1"
#124830
0"
#124840
1"
#124850
0"
#124860
1"
#124870
0"
#124880
1"
#124890
0"
#124900
1"
#124910
0"
#124920
1"
#124930
0"
#124940
1"
#124950
0"
#124960
1"
#124970
0"
#124980
1"
#124990
0"
#125000
1"
#125010
0"
#125020
1"
#125030
0"
#125040
1"
#125050
0"
#125060
1"
#125070
0"
#125080
1"
#125090
0"
#125100
1"
#125110
0"
#125120
1"
#125130
0"
#125140
1"
#125150
0"
#125160
1"
#125170
0"
#125180
1"
#125190
0"
#125200
1"
#125210
0"
#125220
1"
#125230
0"
#125240
1"
#125250
0"
#125260
1"
#125270
0"
#125280
1"
#125290
0"
#125300
1"
#125310
0"
#125320
1"
#125330
0"
#125340
1"
#125350
0"
#125360
1"
#125370
0"
#125380
1"
#125390
0"
#125400
1"
#125410
0"
#125420
1"
#125430
0"
#125440
1"
#125450
0"
#125460
1"
#125470
0"
#125480
1"
#125490
0"
#125500
1"
#125510
0"
#125520
1"
#125530
0"
#125540
1"
#125550
0"
#125560
1"
#125570
0"
#125580
1"
#125590
0"
#125600
1"
#125610
0"
#125620
1"
#125630
0"
#125640
1"
#125650
0"
#125660
1"
#125670
0"
#125680
1"
#125690
0"
#125700
1"
#125710
0"
#125720
1"
#125730
0"
#125740
1"
#125750
0"
#125760
1"
#125770
0"
#125780
1"
#125790
0"
#125800
1"
#125810
0"
#125820
1"
#125830
0"
#125840
1"
#125850
0"
#125860
1"
#125870
0"
#125880
1"
#125890
0"
#125900
1"
#125910
0"
#125920
1"
#125930
0"
#125940
1"
#125950
0"
#125960
1"
#125970
0"
#125980
1"
#125990
0"
#126000
1"
#126010
0"
#126020
1"
#126030
0"
#126040
1"
#126050
0"
#126060
1"
#126070
0"
#126080
1"
#126090
0"
#126100
1"
#126110
0"
#126120
1"
#126130
0"
#126140
1"
#126150
0"
#126160
1"
#126170
0"
#126180
1"
#126190
0"
#126200
1"
#126210
0"
#126220
1"
#126230
0"
#126240
1"
#126250
0"
#126260
1"
#126270
0"
#126280
1"
#126290
0"
#126300
1"
#126310
0"
#126320
1"
#126330
0"
#126340
1"
#126350
0"
#126360
1"
#126370
0"
#126380
1"
#126390
0"
#126400
1"
#126410
0"
#126420
1"
#126430
0"
#126440
1"
#126450
0"
#126460
1"
#126470
0"
#126480
1"
#126490
0"
#126500
1"
#126510
0"
#126520
1"
#126530
0"
#126540
1"
#126550
0"
#126560
1"
#126570
0"
#126580
1"
#126590
0"
#126600
1"
#126610
0"
#126620
1"
#126630
0"
#126640
1"
#126650
0"
#126660
1"
#126670
0"
#126680
1"
#126690
0"
#126700
1"
#126710
0"
#126720
1"
#126730
0"
#126740
1"
#126750
0"
#126760
1"
#126770
0"
#126780
1"
#126790
0"
#126800
1"
#126810
0"
#126820
1"
#126830
0"
#126840
1"
#126850
0"
#126860
1"
#126870
0"
#126880
1"
#126890
0"
#126900
1"
#126910
0"
#126920
1"
#126930
0"
#126940
1"
#126950
0"
#126960
1"
#126970
0"
#126980
1"
#126990
0"
#127000
1"
#127010
0"
#127020
1"
#127030
0"
#127040
1"
#127050
0"
#127060
1"
#127070
0"
#127080
1"
#127090
0"
#127100
1"
#127110
0"
#127120
1"
#127130
0"
#127140
1"
#127150
0"
#127160
1"
#127170
0"
#127180
1"
#127190
0"
#127200
1"
#127210
0"
#127220
1"
#127230
0"
#127240
1"
#127250
0"
#127260
1"
#127270
0"
#127280
1"
#127290
0"
#127300
1"
#127310
0"
#127320
1"
#127330
0"
#127340
1"
#127350
0"
#127360
1"
#127370
0"
#127380
1"
#127390
0"
#127400
1"
#127410
0"
#127420
1"
#127430
0"
#127440
1"
#127450
0"
#127460
1"
#127470
0"
#127480
1"
#127490
0"
#127500
1"
#127510
0"
#127520
1"
#127530
0"
#127540
1"
#127550
0"
#127560
1"
#127570
0"
#127580
1"
#127590
0"
#127600
1"
#127610
0"
#127620
1"
#127630
0"
#127640
1"
#127650
0"
#127660
1"
#127670
0"
#127680
1"
#127690
0"
#127700
1"
#127710
0"
#127720
1"
#127730
0"
#127740
1"
#127750
0"
#127760
1"
#127770
0"
#127780
1"
#127790
0"
#127800
1"
#127810
0"
#127820
1"
#127830
0"
#127840
1"
#127850
0"
#127860
1"
#127870
0"
#127880
1"
#127890
0"
#127900
1"
#127910
0"
#127920
1"
#127930
0"
#127940
1"
#127950
0"
#127960
1"
#127970
0"
#127980
1"
#127990
0"
#128000
1"
#128010
0"
#128020
1"
#128030
0"
#128040
1"
#128050
0"
#128060
1"
#128070
0"
#128080
1"
#128090
0"
#128100
1"
#128110
0"
#128120
1"
#128130
0"
#128140
1"
#128150
0"
#128160
1"
#128170
0"
#128180
1"
#128190
0"
#128200
1"
#128210
0"
#128220
1"
#128230
0"
#128240
1"
#128250
0"
#128260
1"
#128270
0"
#128280
1"
#128290
0"
#128300
1"
#128310
0"
#128320
1"
#128330
0"
#128340
1"
#128350
0"
#128360
1"
#128370
0"
#128380
1"
#128390
0"
#128400
1"
#128410
0"
#128420
1"
#128430
0"
#128440
1"
#128450
0"
#128460
1"
#128470
0"
#128480
1"
#128490
0"
#128500
1"
#128510
0"
#128520
1"
#128530
0"
#128540
1"
#128550
0"
#128560
1"
#128570
0"
#128580
1"
#128590
0"
#128600
1"
#128610
0"
#128620
1"
#128630
0"
#128640
1"
#128650
0"
#128660
1"
#128670
0"
#128680
1"
#128690
0"
#128700
1"
#128710
0"
#128720
1"
#128730
0"
#128740
1"
#128750
0"
#128760
1"
#128770
0"
#128780
1"
#128790
0"
#128800
1"
#128810
0"
#128820
1"
#128830
0"
#128840
1"
#128850
0"
#128860
1"
#128870
0"
#128880
1"
#128890
0"
#128900
1"
#128910
0"
#128920
1"
#128930
0"
#128940
1"
#128950
0"
#128960
1"
#128970
0"
#128980
1"
#128990
0"
#129000
1"
#129010
0"
#129020
1"
#129030
0"
#129040
1"
#129050
0"
#129060
1"
#129070
0"
#129080
1"
#129090
0"
#129100
1"
#129110
0"
#129120
1"
#129130
0"
#129140
1"
#129150
0"
#129160
1"
#129170
0"
#129180
1"
#129190
0"
#129200
1"
#129210
0"
#129220
1"
#129230
0"
#129240
1"
#129250
0"
#129260
1"
#129270
0"
#129280
1"
#129290
0"
#129300
1"
#129310
0"
#129320
1"
#129330
0"
#129340
1"
#129350
0"
#129360
1"
#129370
0"
#129380
1"
#129390
0"
#129400
1"
#129410
0"
#129420
1"
#129430
0"
#129440
1"
#129450
0"
#129460
1"
#129470
0"
#129480
1"
#129490
0"
#129500
1"
#129510
0"
#129520
1"
#129530
0"
#129540
1"
#129550
0"
#129560
1"
#129570
0"
#129580
1"
#129590
0"
#129600
1"
#129610
0"
#129620
1"
#129630
0"
#129640
1"
#129650
0"
#129660
1"
#129670
0"
#129680
1"
#129690
0"
#129700
1"
#129710
0"
#129720
1"
#129730
0"
#129740
1"
#129750
0"
#129760
1"
#129770
0"
#129780
1"
#129790
0"
#129800
1"
#129810
0"
#129820
1"
#129830
0"
#129840
1"
#129850
0"
#129860
1"
#129870
0"
#129880
1"
#129890
0"
#129900
1"
#129910
0"
#129920
1"
#129930
0"
#129940
1"
#129950
0"
#129960
1"
#129970
0"
#129980
1"
#129990
0"
#130000
1"
#130010
0"
#130020
1"
#130030
0"
#130040
1"
#130050
0"
#130060
1"
#130070
0"
#130080
1"
#130090
0"
#130100
1"
#130110
0"
#130120
1"
#130130
0"
#130140
1"
#130150
0"
#130160
1"
#130170
0"
#130180
1"
#130190
0"
#130200
1"
#130210
0"
#130220
1"
#130230
0"
#130240
1"
#130250
0"
#130260
1"
#130270
0"
#130280
1"
#130290
0"
#130300
1"
#130310
0"
#130320
1"
#130330
0"
#130340
1"
#130350
0"
#130360
1"
#130370
0"
#130380
1"
#130390
0"
#130400
1"
#130410
0"
#130420
1"
#130430
0"
#130440
1"
#130450
0"
#130460
1"
#130470
0"
#130480
1"
#130490
0"
#130500
1"
#130510
0"
#130520
1"
#130530
0"
#130540
1"
#130550
0"
#130560
1"
#130570
0"
#130580
1"
#130590
0"
#130600
1"
#130610
0"
#130620
1"
#130630
0"
#130640
1"
#130650
0"
#130660
1"
#130670
0"
#130680
1"
#130690
0"
#130700
1"
#130710
0"
#130720
1"
#130730
0"
#130740
1"
#130750
0"
#130760
1"
#130770
0"
#130780
1"
#130790
0"
#130800
1"
#130810
0"
#130820
1"
#130830
0"
#130840
1"
#130850
0"
#130860
1"
#130870
0"
#130880
1"
#130890
0"
#130900
1"
#130910
0"
#130920
1"
#130930
0"
#130940
1"
#130950
0"
#130960
1"
#130970
0"
#130980
1"
#130990
0"
#131000
1"
#131010
0"
#131020
1"
#131030
0"
#131040
1"
#131050
0"
#131060
1"
#131070
0"
#131080
1"
#131090
0"
#131100
1"
#131110
0"
#131120
1"
#131130
0"
#131140
1"
#131150
0"
#131160
1"
#131170
0"
#131180
1"
#131190
0"
#131200
1"
#131210
0"
#131220
1"
#131230
0"
#131240
1"
#131250
0"
#131260
1"
#131270
0"
#131280
1"
#131290
0"
#131300
1"
#131310
0"
#131320
1"
#131330
0"
#131340
1"
#131350
0"
#131360
1"
#131370
0"
#131380
1"
#131390
0"
#131400
1"
#131410
0"
#131420
1"
#131430
0"
#131440
1"
#131450
0"
#131460
1"
#131470
0"
#131480
1"
#131490
0"
#131500
1"
#131510
0"
#131520
1"
#131530
0"
#131540
1"
#131550
0"
#131560
1"
#131570
0"
#131580
1"
#131590
0"
#131600
1"
#131610
0"
#131620
1"
#131630
0"
#131640
1"
#131650
0"
#131660
1"
#131670
0"
#131680
1"
#131690
0"
#131700
1"
#131710
0"
#131720
1"
#131730
0"
#131740
1"
#131750
0"
#131760
1"
#131770
0"
#131780
1"
#131790
0"
#131800
1"
#131810
0"
#131820
1"
#131830
0"
#131840
1"
#131850
0"
#131860
1"
#131870
0"
#131880
1"
#131890
0"
#131900
1"
#131910
0"
#131920
1"
#131930
0"
#131940
1"
#131950
0"
#131960
1"
#131970
0"
#131980
1"
#131990
0"
#132000
1"
#132010
0"
#132020
1"
#132030
0"
#132040
1"
#132050
0"
#132060
1"
#132070
0"
#132080
1"
#132090
0"
#132100
1"
#132110
0"
#132120
1"
#132130
0"
#132140
1"
#132150
0"
#132160
1"
#132170
0"
#132180
1"
#132190
0"
#132200
1"
#132210
0"
#132220
1"
#132230
0"
#132240
1"
#132250
0"
#132260
1"
#132270
0"
#132280
1"
#132290
0"
#132300
1"
#132310
0"
#132320
1"
#132330
0"
#132340
1"
#132350
0"
#132360
1"
#132370
0"
#132380
1"
#132390
0"
#132400
1"
#132410
0"
#132420
1"
#132430
0"
#132440
1"
#132450
0"
#132460
1"
#132470
0"
#132480
1"
#132490
0"
#132500
1"
#132510
0"
#132520
1"
#132530
0"
#132540
1"
#132550
0"
#132560
1"
#132570
0"
#132580
1"
#132590
0"
#132600
1"
#132610
0"
#132620
1"
#132630
0"
#132640
1"
#132650
0"
#132660
1"
#132670
0"
#132680
1"
#132690
0"
#132700
1"
#132710
0"
#132720
1"
#132730
0"
#132740
1"
#132750
0"
#132760
1"
#132770
0"
#132780
1"
#132790
0"
#132800
1"
#132810
0"
#132820
1"
#132830
0"
#132840
1"
#132850
0"
#132860
1"
#132870
0"
#132880
1"
#132890
0"
#132900
1"
#132910
0"
#132920
1"
#132930
0"
#132940
1"
#132950
0"
#132960
1"
#132970
0"
#132980
1"
#132990
0"
#133000
1"
#133010
0"
#133020
1"
#133030
0"
#133040
1"
#133050
0"
#133060
1"
#133070
0"
#133080
1"
#133090
0"
#133100
1"
#133110
0"
#133120
1"
#133130
0"
#133140
1"
#133150
0"
#133160
1"
#133170
0"
#133180
1"
#133190
0"
#133200
1"
#133210
0"
#133220
1"
#133230
0"
#133240
1"
#133250
0"
#133260
1"
#133270
0"
#133280
1"
#133290
0"
#133300
1"
#133310
0"
#133320
1"
#133330
0"
#133340
1"
#133350
0"
#133360
1"
#133370
0"
#133380
1"
#133390
0"
#133400
1"
#133410
0"
#133420
1"
#133430
0"
#133440
1"
#133450
0"
#133460
1"
#133470
0"
#133480
1"
#133490
0"
#133500
1"
#133510
0"
#133520
1"
#133530
0"
#133540
1"
#133550
0"
#133560
1"
#133570
0"
#133580
1"
#133590
0"
#133600
1"
#133610
0"
#133620
1"
#133630
0"
#133640
1"
#133650
0"
#133660
1"
#133670
0"
#133680
1"
#133690
0"
#133700
1"
#133710
0"
#133720
1"
#133730
0"
#133740
1"
#133750
0"
#133760
1"
#133770
0"
#133780
1"
#133790
0"
#133800
1"
#133810
0"
#133820
1"
#133830
0"
#133840
1"
#133850
0"
#133860
1"
#133870
0"
#133880
1"
#133890
0"
#133900
1"
#133910
0"
#133920
1"
#133930
0"
#133940
1"
#133950
0"
#133960
1"
#133970
0"
#133980
1"
#133990
0"
#134000
1"
#134010
0"
#134020
1"
#134030
0"
#134040
1"
#134050
0"
#134060
1"
#134070
0"
#134080
1"
#134090
0"
#134100
1"
#134110
0"
#134120
1"
#134130
0"
#134140
1"
#134150
0"
#134160
1"
#134170
0"
#134180
1"
#134190
0"
#134200
1"
#134210
0"
#134220
1"
#134230
0"
#134240
1"
#134250
0"
#134260
1"
#134270
0"
#134280
1"
#134290
0"
#134300
1"
#134310
0"
#134320
1"
#134330
0"
#134340
1"
#134350
0"
#134360
1"
#134370
0"
#134380
1"
#134390
0"
#134400
1"
#134410
0"
#134420
1"
#134430
0"
#134440
1"
#134450
0"
#134460
1"
#134470
0"
#134480
1"
#134490
0"
#134500
1"
#134510
0"
#134520
1"
#134530
0"
#134540
1"
#134550
0"
#134560
1"
#134570
0"
#134580
1"
#134590
0"
#134600
1"
#134610
0"
#134620
1"
#134630
0"
#134640
1"
#134650
0"
#134660
1"
#134670
0"
#134680
1"
#134690
0"
#134700
1"
#134710
0"
#134720
1"
#134730
0"
#134740
1"
#134750
0"
#134760
1"
#134770
0"
#134780
1"
#134790
0"
#134800
1"
#134810
0"
#134820
1"
#134830
0"
#134840
1"
#134850
0"
#134860
1"
#134870
0"
#134880
1"
#134890
0"
#134900
1"
#134910
0"
#134920
1"
#134930
0"
#134940
1"
#134950
0"
#134960
1"
#134970
0"
#134980
1"
#134990
0"
#135000
1"
#135010
0"
#135020
1"
#135030
0"
#135040
1"
#135050
0"
#135060
1"
#135070
0"
#135080
1"
#135090
0"
#135100
1"
#135110
0"
#135120
1"
#135130
0"
#135140
1"
#135150
0"
#135160
1"
#135170
0"
#135180
1"
#135190
0"
#135200
1"
#135210
0"
#135220
1"
#135230
0"
#135240
1"
#135250
0"
#135260
1"
#135270
0"
#135280
1"
#135290
0"
#135300
1"
#135310
0"
#135320
1"
#135330
0"
#135340
1"
#135350
0"
#135360
1"
#135370
0"
#135380
1"
#135390
0"
#135400
1"
#135410
0"
#135420
1"
#135430
0"
#135440
1"
#135450
0"
#135460
1"
#135470
0"
#135480
1"
#135490
0"
#135500
1"
#135510
0"
#135520
1"
#135530
0"
#135540
1"
#135550
0"
#135560
1"
#135570
0"
#135580
1"
#135590
0"
#135600
1"
#135610
0"
#135620
1"
#135630
0"
#135640
1"
#135650
0"
#135660
1"
#135670
0"
#135680
1"
#135690
0"
#135700
1"
#135710
0"
#135720
1"
#135730
0"
#135740
1"
#135750
0"
#135760
1"
#135770
0"
#135780
1"
#135790
0"
#135800
1"
#135810
0"
#135820
1"
#135830
0"
#135840
1"
#135850
0"
#135860
1"
#135870
0"
#135880
1"
#135890
0"
#135900
1"
#135910
0"
#135920
1"
#135930
0"
#135940
1"
#135950
0"
#135960
1"
#135970
0"
#135980
1"
#135990
0"
#136000
1"
#136010
0"
#136020
1"
#136030
0"
#136040
1"
#136050
0"
#136060
1"
#136070
0"
#136080
1"
#136090
0"
#136100
1"
#136110
0"
#136120
1"
#136130
0"
#136140
1"
#136150
0"
#136160
1"
#136170
0"
#136180
1"
#136190
0"
#136200
1"
#136210
0"
#136220
1"
#136230
0"
#136240
1"
#136250
0"
#136260
1"
#136270
0"
#136280
1"
#136290
0"
#136300
1"
#136310
0"
#136320
1"
#136330
0"
#136340
1"
#136350
0"
#136360
1"
#136370
0"
#136380
1"
#136390
0"
#136400
1"
#136410
0"
#136420
1"
#136430
0"
#136440
1"
#136450
0"
#136460
1"
#136470
0"
#136480
1"
#136490
0"
#136500
1"
#136510
0"
#136520
1"
#136530
0"
#136540
1"
#136550
0"
#136560
1"
#136570
0"
#136580
1"
#136590
0"
#136600
1"
#136610
0"
#136620
1"
#136630
0"
#136640
1"
#136650
0"
#136660
1"
#136670
0"
#136680
1"
#136690
0"
#136700
1"
#136710
0"
#136720
1"
#136730
0"
#136740
1"
#136750
0"
#136760
1"
#136770
0"
#136780
1"
#136790
0"
#136800
1"
#136810
0"
#136820
1"
#136830
0"
#136840
1"
#136850
0"
#136860
1"
#136870
0"
#136880
1"
#136890
0"
#136900
1"
#136910
0"
#136920
1"
#136930
0"
#136940
1"
#136950
0"
#136960
1"
#136970
0"
#136980
1"
#136990
0"
#137000
1"
#137010
0"
#137020
1"
#137030
0"
#137040
1"
#137050
0"
#137060
1"
#137070
0"
#137080
1"
#137090
0"
#137100
1"
#137110
0"
#137120
1"
#137130
0"
#137140
1"
#137150
0"
#137160
1"
#137170
0"
#137180
1"
#137190
0"
#137200
1"
#137210
0"
#137220
1"
#137230
0"
#137240
1"
#137250
0"
#137260
1"
#137270
0"
#137280
1"
#137290
0"
#137300
1"
#137310
0"
#137320
1"
#137330
0"
#137340
1"
#137350
0"
#137360
1"
#137370
0"
#137380
1"
#137390
0"
#137400
1"
#137410
0"
#137420
1"
#137430
0"
#137440
1"
#137450
0"
#137460
1"
#137470
0"
#137480
1"
#137490
0"
#137500
1"
#137510
0"
#137520
1"
#137530
0"
#137540
1"
#137550
0"
#137560
1"
#137570
0"
#137580
1"
#137590
0"
#137600
1"
#137610
0"
#137620
1"
#137630
0"
#137640
1"
#137650
0"
#137660
1"
#137670
0"
#137680
1"
#137690
0"
#137700
1"
#137710
0"
#137720
1"
#137730
0"
#137740
1"
#137750
0"
#137760
1"
#137770
0"
#137780
1"
#137790
0"
#137800
1"
#137810
0"
#137820
1"
#137830
0"
#137840
1"
#137850
0"
#137860
1"
#137870
0"
#137880
1"
#137890
0"
#137900
1"
#137910
0"
#137920
1"
#137930
0"
#137940
1"
#137950
0"
#137960
1"
#137970
0"
#137980
1"
#137990
0"
#138000
1"
#138010
0"
#138020
1"
#138030
0"
#138040
1"
#138050
0"
#138060
1"
#138070
0"
#138080
1"
#138090
0"
#138100
1"
#138110
0"
#138120
1"
#138130
0"
#138140
1"
#138150
0"
#138160
1"
#138170
0"
#138180
1"
#138190
0"
#138200
1"
#138210
0"
#138220
1"
#138230
0"
#138240
1"
#138250
0"
#138260
1"
#138270
0"
#138280
1"
#138290
0"
#138300
1"
#138310
0"
#138320
1"
#138330
0"
#138340
1"
#138350
0"
#138360
1"
#138370
0"
#138380
1"
#138390
0"
#138400
1"
#138410
0"
#138420
1"
#138430
0"
#138440
1"
#138450
0"
#138460
1"
#138470
0"
#138480
1"
#138490
0"
#138500
1"
#138510
0"
#138520
1"
#138530
0"
#138540
1"
#138550
0"
#138560
1"
#138570
0"
#138580
1"
#138590
0"
#138600
1"
#138610
0"
#138620
1"
#138630
0"
#138640
1"
#138650
0"
#138660
1"
#138670
0"
#138680
1"
#138690
0"
#138700
1"
#138710
0"
#138720
1"
#138730
0"
#138740
1"
#138750
0"
#138760
1"
#138770
0"
#138780
1"
#138790
0"
#138800
1"
#138810
0"
#138820
1"
#138830
0"
#138840
1"
#138850
0"
#138860
1"
#138870
0"
#138880
1"
#138890
0"
#138900
1"
#138910
0"
#138920
1"
#138930
0"
#138940
1"
#138950
0"
#138960
1"
#138970
0"
#138980
1"
#138990
0"
#139000
1"
#139010
0"
#139020
1"
#139030
0"
#139040
1"
#139050
0"
#139060
1"
#139070
0"
#139080
1"
#139090
0"
#139100
1"
#139110
0"
#139120
1"
#139130
0"
#139140
1"
#139150
0"
#139160
1"
#139170
0"
#139180
1"
#139190
0"
#139200
1"
#139210
0"
#139220
1"
#139230
0"
#139240
1"
#139250
0"
#139260
1"
#139270
0"
#139280
1"
#139290
0"
#139300
1"
#139310
0"
#139320
1"
#139330
0"
#139340
1"
#139350
0"
#139360
1"
#139370
0"
#139380
1"
#139390
0"
#139400
1"
#139410
0"
#139420
1"
#139430
0"
#139440
1"
#139450
0"
#139460
1"
#139470
0"
#139480
1"
#139490
0"
#139500
1"
#139510
0"
#139520
1"
#139530
0"
#139540
1"
#139550
0"
#139560
1"
#139570
0"
#139580
1"
#139590
0"
#139600
1"
#139610
0"
#139620
1"
#139630
0"
#139640
1"
#139650
0"
#139660
1"
#139670
0"
#139680
1"
#139690
0"
#139700
1"
#139710
0"
#139720
1"
#139730
0"
#139740
1"
#139750
0"
#139760
1"
#139770
0"
#139780
1"
#139790
0"
#139800
1"
#139810
0"
#139820
1"
#139830
0"
#139840
1"
#139850
0"
#139860
1"
#139870
0"
#139880
1"
#139890
0"
#139900
1"
#139910
0"
#139920
1"
#139930
0"
#139940
1"
#139950
0"
#139960
1"
#139970
0"
#139980
1"
#139990
0"
#140000
1"
#140010
0"
#140020
1"
#140030
0"
#140040
1"
#140050
0"
#140060
1"
#140070
0"
#140080
1"
#140090
0"
#140100
1"
#140110
0"
#140120
1"
#140130
0"
#140140
1"
#140150
0"
#140160
1"
#140170
0"
#140180
1"
#140190
0"
#140200
1"
#140210
0"
#140220
1"
#140230
0"
#140240
1"
#140250
0"
#140260
1"
#140270
0"
#140280
1"
#140290
0"
#140300
1"
#140310
0"
#140320
1"
#140330
0"
#140340
1"
#140350
0"
#140360
1"
#140370
0"
#140380
1"
#140390
0"
#140400
1"
#140410
0"
#140420
1"
#140430
0"
#140440
1"
#140450
0"
#140460
1"
#140470
0"
#140480
1"
#140490
0"
#140500
1"
#140510
0"
#140520
1"
#140530
0"
#140540
1"
#140550
0"
#140560
1"
#140570
0"
#140580
1"
#140590
0"
#140600
1"
#140610
0"
#140620
1"
#140630
0"
#140640
1"
#140650
0"
#140660
1"
#140670
0"
#140680
1"
#140690
0"
#140700
1"
#140710
0"
#140720
1"
#140730
0"
#140740
1"
#140750
0"
#140760
1"
#140770
0"
#140780
1"
#140790
0"
#140800
1"
#140810
0"
#140820
1"
#140830
0"
#140840
1"
#140850
0"
#140860
1"
#140870
0"
#140880
1"
#140890
0"
#140900
1"
#140910
0"
#140920
1"
#140930
0"
#140940
1"
#140950
0"
#140960
1"
#140970
0"
#140980
1"
#140990
0"
#141000
1"
#141010
0"
#141020
1"
#141030
0"
#141040
1"
#141050
0"
#141060
1"
#141070
0"
#141080
1"
#141090
0"
#141100
1"
#141110
0"
#141120
1"
#141130
0"
#141140
1"
#141150
0"
#141160
1"
#141170
0"
#141180
1"
#141190
0"
#141200
1"
#141210
0"
#141220
1"
#141230
0"
#141240
1"
#141250
0"
#141260
1"
#141270
0"
#141280
1"
#141290
0"
#141300
1"
#141310
0"
#141320
1"
#141330
0"
#141340
1"
#141350
0"
#141360
1"
#141370
0"
#141380
1"
#141390
0"
#141400
1"
#141410
0"
#141420
1"
#141430
0"
#141440
1"
#141450
0"
#141460
1"
#141470
0"
#141480
1"
#141490
0"
#141500
1"
#141510
0"
#141520
1"
#141530
0"
#141540
1"
#141550
0"
#141560
1"
#141570
0"
#141580
1"
#141590
0"
#141600
1"
#141610
0"
#141620
1"
#141630
0"
#141640
1"
#141650
0"
#141660
1"
#141670
0"
#141680
1"
#141690
0"
#141700
1"
#141710
0"
#141720
1"
#141730
0"
#141740
1"
#141750
0"
#141760
1"
#141770
0"
#141780
1"
#141790
0"
#141800
1"
#141810
0"
#141820
1"
#141830
0"
#141840
1"
#141850
0"
#141860
1"
#141870
0"
#141880
1"
#141890
0"
#141900
1"
#141910
0"
#141920
1"
#141930
0"
#141940
1"
#141950
0"
#141960
1"
#141970
0"
#141980
1"
#141990
0"
#142000
1"
#142010
0"
#142020
1"
#142030
0"
#142040
1"
#142050
0"
#142060
1"
#142070
0"
#142080
1"
#142090
0"
#142100
1"
#142110
0"
#142120
1"
#142130
0"
#142140
1"
#142150
0"
#142160
1"
#142170
0"
#142180
1"
#142190
0"
#142200
1"
#142210
0"
#142220
1"
#142230
0"
#142240
1"
#142250
0"
#142260
1"
#142270
0"
#142280
1"
#142290
0"
#142300
1"
#142310
0"
#142320
1"
#142330
0"
#142340
1"
#142350
0"
#142360
1"
#142370
0"
#142380
1"
#142390
0"
#142400
1"
#142410
0"
#142420
1"
#142430
0"
#142440
1"
#142450
0"
#142460
1"
#142470
0"
#142480
1"
#142490
0"
#142500
1"
#142510
0"
#142520
1"
#142530
0"
#142540
1"
#142550
0"
#142560
1"
#142570
0"
#142580
1"
#142590
0"
#142600
1"
#142610
0"
#142620
1"
#142630
0"
#142640
1"
#142650
0"
#142660
1"
#142670
0"
#142680
1"
#142690
0"
#142700
1"
#142710
0"
#142720
1"
#142730
0"
#142740
1"
#142750
0"
#142760
1"
#142770
0"
#142780
1"
#142790
0"
#142800
1"
#142810
0"
#142820
1"
#142830
0"
#142840
1"
#142850
0"
#142860
1"
#142870
0"
#142880
1"
#142890
0"
#142900
1"
#142910
0"
#142920
1"
#142930
0"
#142940
1"
#142950
0"
#142960
1"
#142970
0"
#142980
1"
#142990
0"
#143000
1"
#143010
0"
#143020
1"
#143030
0"
#143040
1"
#143050
0"
#143060
1"
#143070
0"
#143080
1"
#143090
0"
#143100
1"
#143110
0"
#143120
1"
#143130
0"
#143140
1"
#143150
0"
#143160
1"
#143170
0"
#143180
1"
#143190
0"
#143200
1"
#143210
0"
#143220
1"
#143230
0"
#143240
1"
#143250
0"
#143260
1"
#143270
0"
#143280
1"
#143290
0"
#143300
1"
#143310
0"
#143320
1"
#143330
0"
#143340
1"
#143350
0"
#143360
1"
#143370
0"
#143380
1"
#143390
0"
#143400
1"
#143410
0"
#143420
1"
#143430
0"
#143440
1"
#143450
0"
#143460
1"
#143470
0"
#143480
1"
#143490
0"
#143500
1"
#143510
0"
#143520
1"
#143530
0"
#143540
1"
#143550
0"
#143560
1"
#143570
0"
#143580
1"
#143590
0"
#143600
1"
#143610
0"
#143620
1"
#143630
0"
#143640
1"
#143650
0"
#143660
1"
#143670
0"
#143680
1"
#143690
0"
#143700
1"
#143710
0"
#143720
1"
#143730
0"
#143740
1"
#143750
0"
#143760
1"
#143770
0"
#143780
1"
#143790
0"
#143800
1"
#143810
0"
#143820
1"
#143830
0"
#143840
1"
#143850
0"
#143860
1"
#143870
0"
#143880
1"
#143890
0"
#143900
1"
#143910
0"
#143920
1"
#143930
0"
#143940
1"
#143950
0"
#143960
1"
#143970
0"
#143980
1"
#143990
0"
#144000
1"
#144010
0"
#144020
1"
#144030
0"
#144040
1"
#144050
0"
#144060
1"
#144070
0"
#144080
1"
#144090
0"
#144100
1"
#144110
0"
#144120
1"
#144130
0"
#144140
1"
#144150
0"
#144160
1"
#144170
0"
#144180
1"
#144190
0"
#144200
1"
#144210
0"
#144220
1"
#144230
0"
#144240
1"
#144250
0"
#144260
1"
#144270
0"
#144280
1"
#144290
0"
#144300
1"
#144310
0"
#144320
1"
#144330
0"
#144340
1"
#144350
0"
#144360
1"
#144370
0"
#144380
1"
#144390
0"
#144400
1"
#144410
0"
#144420
1"
#144430
0"
#144440
1"
#144450
0"
#144460
1"
#144470
0"
#144480
1"
#144490
0"
#144500
1"
#144510
0"
#144520
1"
#144530
0"
#144540
1"
#144550
0"
#144560
1"
#144570
0"
#144580
1"
#144590
0"
#144600
1"
#144610
0"
#144620
1"
#144630
0"
#144640
1"
#144650
0"
#144660
1"
#144670
0"
#144680
1"
#144690
0"
#144700
1"
#144710
0"
#144720
1"
#144730
0"
#144740
1"
#144750
0"
#144760
1"
#144770
0"
#144780
1"
#144790
0"
#144800
1"
#144810
0"
#144820
1"
#144830
0"
#144840
1"
#144850
0"
#144860
1"
#144870
0"
#144880
1"
#144890
0"
#144900
1"
#144910
0"
#144920
1"
#144930
0"
#144940
1"
#144950
0"
#144960
1"
#144970
0"
#144980
1"
#144990
0"
#145000
1"
#145010
0"
#145020
1"
#145030
0"
#145040
1"
#145050
0"
#145060
1"
#145070
0"
#145080
1"
#145090
0"
#145100
1"
#145110
0"
#145120
1"
#145130
0"
#145140
1"
#145150
0"
#145160
1"
#145170
0"
#145180
1"
#145190
0"
#145200
1"
#145210
0"
#145220
1"
#145230
0"
#145240
1"
#145250
0"
#145260
1"
#145270
0"
#145280
1"
#145290
0"
#145300
1"
#145310
0"
#145320
1"
#145330
0"
#145340
1"
#145350
0"
#145360
1"
#145370
0"
#145380
1"
#145390
0"
#145400
1"
#145410
0"
#145420
1"
#145430
0"
#145440
1"
#145450
0"
#145460
1"
#145470
0"
#145480
1"
#145490
0"
#145500
1"
#145510
0"
#145520
1"
#145530
0"
#145540
1"
#145550
0"
#145560
1"
#145570
0"
#145580
1"
#145590
0"
#145600
1"
#145610
0"
#145620
1"
#145630
0"
#145640
1"
#145650
0"
#145660
1"
#145670
0"
#145680
1"
#145690
0"
#145700
1"
#145710
0"
#145720
1"
#145730
0"
#145740
1"
#145750
0"
#145760
1"
#145770
0"
#145780
1"
#145790
0"
#145800
1"
#145810
0"
#145820
1"
#145830
0"
#145840
1"
#145850
0"
#145860
1"
#145870
0"
#145880
1"
#145890
0"
#145900
1"
#145910
0"
#145920
1"
#145930
0"
#145940
1"
#145950
0"
#145960
1"
#145970
0"
#145980
1"
#145990
0"
#146000
1"
#146010
0"
#146020
1"
#146030
0"
#146040
1"
#146050
0"
#146060
1"
#146070
0"
#146080
1"
#146090
0"
#146100
1"
#146110
0"
#146120
1"
#146130
0"
#146140
1"
#146150
0"
#146160
1"
#146170
0"
#146180
1"
#146190
0"
#146200
1"
#146210
0"
#146220
1"
#146230
0"
#146240
1"
#146250
0"
#146260
1"
#146270
0"
#146280
1"
#146290
0"
#146300
1"
#146310
0"
#146320
1"
#146330
0"
#146340
1"
#146350
0"
#146360
1"
#146370
0"
#146380
1"
#146390
0"
#146400
1"
#146410
0"
#146420
1"
#146430
0"
#146440
1"
#146450
0"
#146460
1"
#146470
0"
#146480
1"
#146490
0"
#146500
1"
#146510
0"
#146520
1"
#146530
0"
#146540
1"
#146550
0"
#146560
1"
#146570
0"
#146580
1"
#146590
0"
#146600
1"
#146610
0"
#146620
1"
#146630
0"
#146640
1"
#146650
0"
#146660
1"
#146670
0"
#146680
1"
#146690
0"
#146700
1"
#146710
0"
#146720
1"
#146730
0"
#146740
1"
#146750
0"
#146760
1"
#146770
0"
#146780
1"
#146790
0"
#146800
1"
#146810
0"
#146820
1"
#146830
0"
#146840
1"
#146850
0"
#146860
1"
#146870
0"
#146880
1"
#146890
0"
#146900
1"
#146910
0"
#146920
1"
#146930
0"
#146940
1"
#146950
0"
#146960
1"
#146970
0"
#146980
1"
#146990
0"
#147000
1"
#147010
0"
#147020
1"
#147030
0"
#147040
1"
#147050
0"
#147060
1"
#147070
0"
#147080
1"
#147090
0"
#147100
1"
#147110
0"
#147120
1"
#147130
0"
#147140
1"
#147150
0"
#147160
1"
#147170
0"
#147180
1"
#147190
0"
#147200
1"
#147210
0"
#147220
1"
#147230
0"
#147240
1"
#147250
0"
#147260
1"
#147270
0"
#147280
1"
#147290
0"
#147300
1"
#147310
0"
#147320
1"
#147330
0"
#147340
1"
#147350
0"
#147360
1"
#147370
0"
#147380
1"
#147390
0"
#147400
1"
#147410
0"
#147420
1"
#147430
0"
#147440
1"
#147450
0"
#147460
1"
#147470
0"
#147480
1"
#147490
0"
#147500
1"
#147510
0"
#147520
1"
#147530
0"
#147540
1"
#147550
0"
#147560
1"
#147570
0"
#147580
1"
#147590
0"
#147600
1"
#147610
0"
#147620
1"
#147630
0"
#147640
1"
#147650
0"
#147660
1"
#147670
0"
#147680
1"
#147690
0"
#147700
1"
#147710
0"
#147720
1"
#147730
0"
#147740
1"
#147750
0"
#147760
1"
#147770
0"
#147780
1"
#147790
0"
#147800
1"
#147810
0"
#147820
1"
#147830
0"
#147840
1"
#147850
0"
#147860
1"
#147870
0"
#147880
1"
#147890
0"
#147900
1"
#147910
0"
#147920
1"
#147930
0"
#147940
1"
#147950
0"
#147960
1"
#147970
0"
#147980
1"
#147990
0"
#148000
1"
#148010
0"
#148020
1"
#148030
0"
#148040
1"
#148050
0"
#148060
1"
#148070
0"
#148080
1"
#148090
0"
#148100
1"
#148110
0"
#148120
1"
#148130
0"
#148140
1"
#148150
0"
#148160
1"
#148170
0"
#148180
1"
#148190
0"
#148200
1"
#148210
0"
#148220
1"
#148230
0"
#148240
1"
#148250
0"
#148260
1"
#148270
0"
#148280
1"
#148290
0"
#148300
1"
#148310
0"
#148320
1"
#148330
0"
#148340
1"
#148350
0"
#148360
1"
#148370
0"
#148380
1"
#148390
0"
#148400
1"
#148410
0"
#148420
1"
#148430
0"
#148440
1"
#148450
0"
#148460
1"
#148470
0"
#148480
1"
#148490
0"
#148500
1"
#148510
0"
#148520
1"
#148530
0"
#148540
1"
#148550
0"
#148560
1"
#148570
0"
#148580
1"
#148590
0"
#148600
1"
#148610
0"
#148620
1"
#148630
0"
#148640
1"
#148650
0"
#148660
1"
#148670
0"
#148680
1"
#148690
0"
#148700
1"
#148710
0"
#148720
1"
#148730
0"
#148740
1"
#148750
0"
#148760
1"
#148770
0"
#148780
1"
#148790
0"
#148800
1"
#148810
0"
#148820
1"
#148830
0"
#148840
1"
#148850
0"
#148860
1"
#148870
0"
#148880
1"
#148890
0"
#148900
1"
#148910
0"
#148920
1"
#148930
0"
#148940
1"
#148950
0"
#148960
1"
#148970
0"
#148980
1"
#148990
0"
#149000
1"
#149010
0"
#149020
1"
#149030
0"
#149040
1"
#149050
0"
#149060
1"
#149070
0"
#149080
1"
#149090
0"
#149100
1"
#149110
0"
#149120
1"
#149130
0"
#149140
1"
#149150
0"
#149160
1"
#149170
0"
#149180
1"
#149190
0"
#149200
1"
#149210
0"
#149220
1"
#149230
0"
#149240
1"
#149250
0"
#149260
1"
#149270
0"
#149280
1"
#149290
0"
#149300
1"
#149310
0"
#149320
1"
#149330
0"
#149340
1"
#149350
0"
#149360
1"
#149370
0"
#149380
1"
#149390
0"
#149400
1"
#149410
0"
#149420
1"
#149430
0"
#149440
1"
#149450
0"
#149460
1"
#149470
0"
#149480
1"
#149490
0"
#149500
1"
#149510
0"
#149520
1"
#149530
0"
#149540
1"
#149550
0"
#149560
1"
#149570
0"
#149580
1"
#149590
0"
#149600
1"
#149610
0"
#149620
1"
#149630
0"
#149640
1"
#149650
0"
#149660
1"
#149670
0"
#149680
1"
#149690
0"
#149700
1"
#149710
0"
#149720
1"
#149730
0"
#149740
1"
#149750
0"
#149760
1"
#149770
0"
#149780
1"
#149790
0"
#149800
1"
#149810
0"
#149820
1"
#149830
0"
#149840
1"
#149850
0"
#149860
1"
#149870
0"
#149880
1"
#149890
0"
#149900
1"
#149910
0"
#149920
1"
#149930
0"
#149940
1"
#149950
0"
#149960
1"
#149970
0"
#149980
1"
#149990
0"
#150000
1"
#150010
0"
#150020
1"
#150030
0"
#150040
1"
#150050
0"
#150060
1"
#150070
0"
#150080
1"
#150090
0"
#150100
1"
#150110
0"
#150120
1"
#150130
0"
#150140
1"
#150150
0"
#150160
1"
#150170
0"
#150180
1"
#150190
0"
#150200
1"
#150210
0"
#150220
1"
#150230
0"
#150240
1"
#150250
0"
#150260
1"
#150270
0"
#150280
1"
#150290
0"
#150300
1"
#150310
0"
#150320
1"
#150330
0"
#150340
1"
#150350
0"
#150360
1"
#150370
0"
#150380
1"
#150390
0"
#150400
1"
#150410
0"
#150420
1"
#150430
0"
#150440
1"
#150450
0"
#150460
1"
#150470
0"
#150480
1"
#150490
0"
#150500
1"
#150510
0"
#150520
1"
#150530
0"
#150540
1"
#150550
0"
#150560
1"
#150570
0"
#150580
1"
#150590
0"
#150600
1"
#150610
0"
#150620
1"
#150630
0"
#150640
1"
#150650
0"
#150660
1"
#150670
0"
#150680
1"
#150690
0"
#150700
1"
#150710
0"
#150720
1"
#150730
0"
#150740
1"
#150750
0"
#150760
1"
#150770
0"
#150780
1"
#150790
0"
#150800
1"
#150810
0"
#150820
1"
#150830
0"
#150840
1"
#150850
0"
#150860
1"
#150870
0"
#150880
1"
#150890
0"
#150900
1"
#150910
0"
#150920
1"
#150930
0"
#150940
1"
#150950
0"
#150960
1"
#150970
0"
#150980
1"
#150990
0"
#151000
1"
#151010
0"
#151020
1"
#151030
0"
#151040
1"
#151050
0"
#151060
1"
#151070
0"
#151080
1"
#151090
0"
#151100
1"
#151110
0"
#151120
1"
#151130
0"
#151140
1"
#151150
0"
#151160
1"
#151170
0"
#151180
1"
#151190
0"
#151200
1"
#151210
0"
#151220
1"
#151230
0"
#151240
1"
#151250
0"
#151260
1"
#151270
0"
#151280
1"
#151290
0"
#151300
1"
#151310
0"
#151320
1"
#151330
0"
#151340
1"
#151350
0"
#151360
1"
#151370
0"
#151380
1"
#151390
0"
#151400
1"
#151410
0"
#151420
1"
#151430
0"
#151440
1"
#151450
0"
#151460
1"
#151470
0"
#151480
1"
#151490
0"
#151500
1"
#151510
0"
#151520
1"
#151530
0"
#151540
1"
#151550
0"
#151560
1"
#151570
0"
#151580
1"
#151590
0"
#151600
1"
#151610
0"
#151620
1"
#151630
0"
#151640
1"
#151650
0"
#151660
1"
#151670
0"
#151680
1"
#151690
0"
#151700
1"
#151710
0"
#151720
1"
#151730
0"
#151740
1"
#151750
0"
#151760
1"
#151770
0"
#151780
1"
#151790
0"
#151800
1"
#151810
0"
#151820
1"
#151830
0"
#151840
1"
#151850
0"
#151860
1"
#151870
0"
#151880
1"
#151890
0"
#151900
1"
#151910
0"
#151920
1"
#151930
0"
#151940
1"
#151950
0"
#151960
1"
#151970
0"
#151980
1"
#151990
0"
#152000
1"
#152010
0"
#152020
1"
#152030
0"
#152040
1"
#152050
0"
#152060
1"
#152070
0"
#152080
1"
#152090
0"
#152100
1"
#152110
0"
#152120
1"
#152130
0"
#152140
1"
#152150
0"
#152160
1"
#152170
0"
#152180
1"
#152190
0"
#152200
1"
#152210
0"
#152220
1"
#152230
0"
#152240
1"
#152250
0"
#152260
1"
#152270
0"
#152280
1"
#152290
0"
#152300
1"
#152310
0"
#152320
1"
#152330
0"
#152340
1"
#152350
0"
#152360
1"
#152370
0"
#152380
1"
#152390
0"
#152400
1"
#152410
0"
#152420
1"
#152430
0"
#152440
1"
#152450
0"
#152460
1"
#152470
0"
#152480
1"
#152490
0"
#152500
1"
#152510
0"
#152520
1"
#152530
0"
#152540
1"
#152550
0"
#152560
1"
#152570
0"
#152580
1"
#152590
0"
#152600
1"
#152610
0"
#152620
1"
#152630
0"
#152640
1"
#152650
0"
#152660
1"
#152670
0"
#152680
1"
#152690
0"
#152700
1"
#152710
0"
#152720
1"
#152730
0"
#152740
1"
#152750
0"
#152760
1"
#152770
0"
#152780
1"
#152790
0"
#152800
1"
#152810
0"
#152820
1"
#152830
0"
#152840
1"
#152850
0"
#152860
1"
#152870
0"
#152880
1"
#152890
0"
#152900
1"
#152910
0"
#152920
1"
#152930
0"
#152940
1"
#152950
0"
#152960
1"
#152970
0"
#152980
1"
#152990
0"
#153000
1"
#153010
0"
#153020
1"
#153030
0"
#153040
1"
#153050
0"
#153060
1"
#153070
0"
#153080
1"
#153090
0"
#153100
1"
#153110
0"
#153120
1"
#153130
0"
#153140
1"
#153150
0"
#153160
1"
#153170
0"
#153180
1"
#153190
0"
#153200
1"
#153210
0"
#153220
1"
#153230
0"
#153240
1"
#153250
0"
#153260
1"
#153270
0"
#153280
1"
#153290
0"
#153300
1"
#153310
0"
#153320
1"
#153330
0"
#153340
1"
#153350
0"
#153360
1"
#153370
0"
#153380
1"
#153390
0"
#153400
1"
#153410
0"
#153420
1"
#153430
0"
#153440
1"
#153450
0"
#153460
1"
#153470
0"
#153480
1"
#153490
0"
#153500
1"
#153510
0"
#153520
1"
#153530
0"
#153540
1"
#153550
0"
#153560
1"
#153570
0"
#153580
1"
#153590
0"
#153600
1"
#153610
0"
#153620
1"
#153630
0"
#153640
1"
#153650
0"
#153660
1"
#153670
0"
#153680
1"
#153690
0"
#153700
1"
#153710
0"
#153720
1"
#153730
0"
#153740
1"
#153750
0"
#153760
1"
#153770
0"
#153780
1"
#153790
0"
#153800
1"
#153810
0"
#153820
1"
#153830
0"
#153840
1"
#153850
0"
#153860
1"
#153870
0"
#153880
1"
#153890
0"
#153900
1"
#153910
0"
#153920
1"
#153930
0"
#153940
1"
#153950
0"
#153960
1"
#153970
0"
#153980
1"
#153990
0"
#154000
1"
#154010
0"
#154020
1"
#154030
0"
#154040
1"
#154050
0"
#154060
1"
#154070
0"
#154080
1"
#154090
0"
#154100
1"
#154110
0"
#154120
1"
#154130
0"
#154140
1"
#154150
0"
#154160
1"
#154170
0"
#154180
1"
#154190
0"
#154200
1"
#154210
0"
#154220
1"
#154230
0"
#154240
1"
#154250
0"
#154260
1"
#154270
0"
#154280
1"
#154290
0"
#154300
1"
#154310
0"
#154320
1"
#154330
0"
#154340
1"
#154350
0"
#154360
1"
#154370
0"
#154380
1"
#154390
0"
#154400
1"
#154410
0"
#154420
1"
#154430
0"
#154440
1"
#154450
0"
#154460
1"
#154470
0"
#154480
1"
#154490
0"
#154500
1"
#154510
0"
#154520
1"
#154530
0"
#154540
1"
#154550
0"
#154560
1"
#154570
0"
#154580
1"
#154590
0"
#154600
1"
#154610
0"
#154620
1"
#154630
0"
#154640
1"
#154650
0"
#154660
1"
#154670
0"
#154680
1"
#154690
0"
#154700
1"
#154710
0"
#154720
1"
#154730
0"
#154740
1"
#154750
0"
#154760
1"
#154770
0"
#154780
1"
#154790
0"
#154800
1"
#154810
0"
#154820
1"
#154830
0"
#154840
1"
#154850
0"
#154860
1"
#154870
0"
#154880
1"
#154890
0"
#154900
1"
#154910
0"
#154920
1"
#154930
0"
#154940
1"
#154950
0"
#154960
1"
#154970
0"
#154980
1"
#154990
0"
#155000
1"
#155010
0"
#155020
1"
#155030
0"
#155040
1"
#155050
0"
#155060
1"
#155070
0"
#155080
1"
#155090
0"
#155100
1"
#155110
0"
#155120
1"
#155130
0"
#155140
1"
#155150
0"
#155160
1"
#155170
0"
#155180
1"
#155190
0"
#155200
1"
#155210
0"
#155220
1"
#155230
0"
#155240
1"
#155250
0"
#155260
1"
#155270
0"
#155280
1"
#155290
0"
#155300
1"
#155310
0"
#155320
1"
#155330
0"
#155340
1"
#155350
0"
#155360
1"
#155370
0"
#155380
1"
#155390
0"
#155400
1"
#155410
0"
#155420
1"
#155430
0"
#155440
1"
#155450
0"
#155460
1"
#155470
0"
#155480
1"
#155490
0"
#155500
1"
#155510
0"
#155520
1"
#155530
0"
#155540
1"
#155550
0"
#155560
1"
#155570
0"
#155580
1"
#155590
0"
#155600
1"
#155610
0"
#155620
1"
#155630
0"
#155640
1"
#155650
0"
#155660
1"
#155670
0"
#155680
1"
#155690
0"
#155700
1"
#155710
0"
#155720
1"
#155730
0"
#155740
1"
#155750
0"
#155760
1"
#155770
0"
#155780
1"
#155790
0"
#155800
1"
#155810
0"
#155820
1"
#155830
0"
#155840
1"
#155850
0"
#155860
1"
#155870
0"
#155880
1"
#155890
0"
#155900
1"
#155910
0"
#155920
1"
#155930
0"
#155940
1"
#155950
0"
#155960
1"
#155970
0"
#155980
1"
#155990
0"
#156000
1"
#156010
0"
#156020
1"
#156030
0"
#156040
1"
#156050
0"
#156060
1"
#156070
0"
#156080
1"
#156090
0"
#156100
1"
#156110
0"
#156120
1"
#156130
0"
#156140
1"
#156150
0"
#156160
1"
#156170
0"
#156180
1"
#156190
0"
#156200
1"
#156210
0"
#156220
1"
#156230
0"
#156240
1"
#156250
0"
#156260
1"
#156270
0"
#156280
1"
#156290
0"
#156300
1"
#156310
0"
#156320
1"
#156330
0"
#156340
1"
#156350
0"
#156360
1"
#156370
0"
#156380
1"
#156390
0"
#156400
1"
#156410
0"
#156420
1"
#156430
0"
#156440
1"
#156450
0"
#156460
1"
#156470
0"
#156480
1"
#156490
0"
#156500
1"
#156510
0"
#156520
1"
#156530
0"
#156540
1"
#156550
0"
#156560
1"
#156570
0"
#156580
1"
#156590
0"
#156600
1"
#156610
0"
#156620
1"
#156630
0"
#156640
1"
#156650
0"
#156660
1"
#156670
0"
#156680
1"
#156690
0"
#156700
1"
#156710
0"
#156720
1"
#156730
0"
#156740
1"
#156750
0"
#156760
1"
#156770
0"
#156780
1"
#156790
0"
#156800
1"
#156810
0"
#156820
1"
#156830
0"
#156840
1"
#156850
0"
#156860
1"
#156870
0"
#156880
1"
#156890
0"
#156900
1"
#156910
0"
#156920
1"
#156930
0"
#156940
1"
#156950
0"
#156960
1"
#156970
0"
#156980
1"
#156990
0"
#157000
1"
#157010
0"
#157020
1"
#157030
0"
#157040
1"
#157050
0"
#157060
1"
#157070
0"
#157080
1"
#157090
0"
#157100
1"
#157110
0"
#157120
1"
#157130
0"
#157140
1"
#157150
0"
#157160
1"
#157170
0"
#157180
1"
#157190
0"
#157200
1"
#157210
0"
#157220
1"
#157230
0"
#157240
1"
#157250
0"
#157260
1"
#157270
0"
#157280
1"
#157290
0"
#157300
1"
#157310
0"
#157320
1"
#157330
0"
#157340
1"
#157350
0"
#157360
1"
#157370
0"
#157380
1"
#157390
0"
#157400
1"
#157410
0"
#157420
1"
#157430
0"
#157440
1"
#157450
0"
#157460
1"
#157470
0"
#157480
1"
#157490
0"
#157500
1"
#157510
0"
#157520
1"
#157530
0"
#157540
1"
#157550
0"
#157560
1"
#157570
0"
#157580
1"
#157590
0"
#157600
1"
#157610
0"
#157620
1"
#157630
0"
#157640
1"
#157650
0"
#157660
1"
#157670
0"
#157680
1"
#157690
0"
#157700
1"
#157710
0"
#157720
1"
#157730
0"
#157740
1"
#157750
0"
#157760
1"
#157770
0"
#157780
1"
#157790
0"
#157800
1"
#157810
0"
#157820
1"
#157830
0"
#157840
1"
#157850
0"
#157860
1"
#157870
0"
#157880
1"
#157890
0"
#157900
1"
#157910
0"
#157920
1"
#157930
0"
#157940
1"
#157950
0"
#157960
1"
#157970
0"
#157980
1"
#157990
0"
#158000
1"
#158010
0"
#158020
1"
#158030
0"
#158040
1"
#158050
0"
#158060
1"
#158070
0"
#158080
1"
#158090
0"
#158100
1"
#158110
0"
#158120
1"
#158130
0"
#158140
1"
#158150
0"
#158160
1"
#158170
0"
#158180
1"
#158190
0"
#158200
1"
#158210
0"
#158220
1"
#158230
0"
#158240
1"
#158250
0"
#158260
1"
#158270
0"
#158280
1"
#158290
0"
#158300
1"
#158310
0"
#158320
1"
#158330
0"
#158340
1"
#158350
0"
#158360
1"
#158370
0"
#158380
1"
#158390
0"
#158400
1"
#158410
0"
#158420
1"
#158430
0"
#158440
1"
#158450
0"
#158460
1"
#158470
0"
#158480
1"
#158490
0"
#158500
1"
#158510
0"
#158520
1"
#158530
0"
#158540
1"
#158550
0"
#158560
1"
#158570
0"
#158580
1"
#158590
0"
#158600
1"
#158610
0"
#158620
1"
#158630
0"
#158640
1"
#158650
0"
#158660
1"
#158670
0"
#158680
1"
#158690
0"
#158700
1"
#158710
0"
#158720
1"
#158730
0"
#158740
1"
#158750
0"
#158760
1"
#158770
0"
#158780
1"
#158790
0"
#158800
1"
#158810
0"
#158820
1"
#158830
0"
#158840
1"
#158850
0"
#158860
1"
#158870
0"
#158880
1"
#158890
0"
#158900
1"
#158910
0"
#158920
1"
#158930
0"
#158940
1"
#158950
0"
#158960
1"
#158970
0"
#158980
1"
#158990
0"
#159000
1"
#159010
0"
#159020
1"
#159030
0"
#159040
1"
#159050
0"
#159060
1"
#159070
0"
#159080
1"
#159090
0"
#159100
1"
#159110
0"
#159120
1"
#159130
0"
#159140
1"
#159150
0"
#159160
1"
#159170
0"
#159180
1"
#159190
0"
#159200
1"
#159210
0"
#159220
1"
#159230
0"
#159240
1"
#159250
0"
#159260
1"
#159270
0"
#159280
1"
#159290
0"
#159300
1"
#159310
0"
#159320
1"
#159330
0"
#159340
1"
#159350
0"
#159360
1"
#159370
0"
#159380
1"
#159390
0"
#159400
1"
#159410
0"
#159420
1"
#159430
0"
#159440
1"
#159450
0"
#159460
1"
#159470
0"
#159480
1"
#159490
0"
#159500
1"
#159510
0"
#159520
1"
#159530
0"
#159540
1"
#159550
0"
#159560
1"
#159570
0"
#159580
1"
#159590
0"
#159600
1"
#159610
0"
#159620
1"
#159630
0"
#159640
1"
#159650
0"
#159660
1"
#159670
0"
#159680
1"
#159690
0"
#159700
1"
#159710
0"
#159720
1"
#159730
0"
#159740
1"
#159750
0"
#159760
1"
#159770
0"
#159780
1"
#159790
0"
#159800
1"
#159810
0"
#159820
1"
#159830
0"
#159840
1"
#159850
0"
#159860
1"
#159870
0"
#159880
1"
#159890
0"
#159900
1"
#159910
0"
#159920
1"
#159930
0"
#159940
1"
#159950
0"
#159960
1"
#159970
0"
#159980
1"
#159990
0"
#160000
1"
#160010
0"
#160020
1"
#160030
0"
#160040
1"
#160050
0"
#160060
1"
#160070
0"
#160080
1"
#160090
0"
#160100
1"
#160110
0"
#160120
1"
#160130
0"
#160140
1"
#160150
0"
#160160
1"
#160170
0"
#160180
1"
#160190
0"
#160200
1"
#160210
0"
#160220
1"
#160230
0"
#160240
1"
#160250
0"
#160260
1"
#160270
0"
#160280
1"
#160290
0"
#160300
1"
#160310
0"
#160320
1"
#160330
0"
#160340
1"
#160350
0"
#160360
1"
#160370
0"
#160380
1"
#160390
0"
#160400
1"
#160410
0"
#160420
1"
#160430
0"
#160440
1"
#160450
0"
#160460
1"
#160470
0"
#160480
1"
#160490
0"
#160500
1"
#160510
0"
#160520
1"
#160530
0"
#160540
1"
#160550
0"
#160560
1"
#160570
0"
#160580
1"
#160590
0"
#160600
1"
#160610
0"
#160620
1"
#160630
0"
#160640
1"
#160650
0"
#160660
1"
#160670
0"
#160680
1"
#160690
0"
#160700
1"
#160710
0"
#160720
1"
#160730
0"
#160740
1"
#160750
0"
#160760
1"
#160770
0"
#160780
1"
#160790
0"
#160800
1"
#160810
0"
#160820
1"
#160830
0"
#160840
1"
#160850
0"
#160860
1"
#160870
0"
#160880
1"
#160890
0"
#160900
1"
#160910
0"
#160920
1"
#160930
0"
#160940
1"
#160950
0"
#160960
1"
#160970
0"
#160980
1"
#160990
0"
#161000
1"
#161010
0"
#161020
1"
#161030
0"
#161040
1"
#161050
0"
#161060
1"
#161070
0"
#161080
1"
#161090
0"
#161100
1"
#161110
0"
#161120
1"
#161130
0"
#161140
1"
#161150
0"
#161160
1"
#161170
0"
#161180
1"
#161190
0"
#161200
1"
#161210
0"
#161220
1"
#161230
0"
#161240
1"
#161250
0"
#161260
1"
#161270
0"
#161280
1"
#161290
0"
#161300
1"
#161310
0"
#161320
1"
#161330
0"
#161340
1"
#161350
0"
#161360
1"
#161370
0"
#161380
1"
#161390
0"
#161400
1"
#161410
0"
#161420
1"
#161430
0"
#161440
1"
#161450
0"
#161460
1"
#161470
0"
#161480
1"
#161490
0"
#161500
1"
#161510
0"
#161520
1"
#161530
0"
#161540
1"
#161550
0"
#161560
1"
#161570
0"
#161580
1"
#161590
0"
#161600
1"
#161610
0"
#161620
1"
#161630
0"
#161640
1"
#161650
0"
#161660
1"
#161670
0"
#161680
1"
#161690
0"
#161700
1"
#161710
0"
#161720
1"
#161730
0"
#161740
1"
#161750
0"
#161760
1"
#161770
0"
#161780
1"
#161790
0"
#161800
1"
#161810
0"
#161820
1"
#161830
0"
#161840
1"
#161850
0"
#161860
1"
#161870
0"
#161880
1"
#161890
0"
#161900
1"
#161910
0"
#161920
1"
#161930
0"
#161940
1"
#161950
0"
#161960
1"
#161970
0"
#161980
1"
#161990
0"
#162000
1"
#162010
0"
#162020
1"
#162030
0"
#162040
1"
#162050
0"
#162060
1"
#162070
0"
#162080
1"
#162090
0"
#162100
1"
#162110
0"
#162120
1"
#162130
0"
#162140
1"
#162150
0"
#162160
1"
#162170
0"
#162180
1"
#162190
0"
#162200
1"
#162210
0"
#162220
1"
#162230
0"
#162240
1"
#162250
0"
#162260
1"
#162270
0"
#162280
1"
#162290
0"
#162300
1"
#162310
0"
#162320
1"
#162330
0"
#162340
1"
#162350
0"
#162360
1"
#162370
0"
#162380
1"
#162390
0"
#162400
1"
#162410
0"
#162420
1"
#162430
0"
#162440
1"
#162450
0"
#162460
1"
#162470
0"
#162480
1"
#162490
0"
#162500
1"
#162510
0"
#162520
1"
#162530
0"
#162540
1"
#162550
0"
#162560
1"
#162570
0"
#162580
1"
#162590
0"
#162600
1"
#162610
0"
#162620
1"
#162630
0"
#162640
1"
#162650
0"
#162660
1"
#162670
0"
#162680
1"
#162690
0"
#162700
1"
#162710
0"
#162720
1"
#162730
0"
#162740
1"
#162750
0"
#162760
1"
#162770
0"
#162780
1"
#162790
0"
#162800
1"
#162810
0"
#162820
1"
#162830
0"
#162840
1"
#162850
0"
#162860
1"
#162870
0"
#162880
1"
#162890
0"
#162900
1"
#162910
0"
#162920
1"
#162930
0"
#162940
1"
#162950
0"
#162960
1"
#162970
0"
#162980
1"
#162990
0"
#163000
1"
#163010
0"
#163020
1"
#163030
0"
#163040
1"
#163050
0"
#163060
1"
#163070
0"
#163080
1"
#163090
0"
#163100
1"
#163110
0"
#163120
1"
#163130
0"
#163140
1"
#163150
0"
#163160
1"
#163170
0"
#163180
1"
#163190
0"
#163200
1"
#163210
0"
#163220
1"
#163230
0"
#163240
1"
#163250
0"
#163260
1"
#163270
0"
#163280
1"
#163290
0"
#163300
1"
#163310
0"
#163320
1"
#163330
0"
#163340
1"
#163350
0"
#163360
1"
#163370
0"
#163380
1"
#163390
0"
#163400
1"
#163410
0"
#163420
1"
#163430
0"
#163440
1"
#163450
0"
#163460
1"
#163470
0"
#163480
1"
#163490
0"
#163500
1"
#163510
0"
#163520
1"
#163530
0"
#163540
1"
#163550
0"
#163560
1"
#163570
0"
#163580
1"
#163590
0"
#163600
1"
#163610
0"
#163620
1"
#163630
0"
#163640
1"
#163650
0"
#163660
1"
#163670
0"
#163680
1"
#163690
0"
#163700
1"
#163710
0"
#163720
1"
#163730
0"
#163740
1"
#163750
0"
#163760
1"
#163770
0"
#163780
1"
#163790
0"
#163800
1"
#163810
0"
#163820
1"
#163830
0"
#163840
1"
#163850
0"
#163860
1"
#163870
0"
#163880
1"
#163890
0"
#163900
1"
#163910
0"
#163920
1"
#163930
0"
#163940
1"
#163950
0"
#163960
1"
#163970
0"
#163980
1"
#163990
0"
#164000
1"
#164010
0"
#164020
1"
#164030
0"
#164040
1"
#164050
0"
#164060
1"
#164070
0"
#164080
1"
#164090
0"
#164100
1"
#164110
0"
#164120
1"
#164130
0"
#164140
1"
#164150
0"
#164160
1"
#164170
0"
#164180
1"
#164190
0"
#164200
1"
#164210
0"
#164220
1"
#164230
0"
#164240
1"
#164250
0"
#164260
1"
#164270
0"
#164280
1"
#164290
0"
#164300
1"
#164310
0"
#164320
1"
#164330
0"
#164340
1"
#164350
0"
#164360
1"
#164370
0"
#164380
1"
#164390
0"
#164400
1"
#164410
0"
#164420
1"
#164430
0"
#164440
1"
#164450
0"
#164460
1"
#164470
0"
#164480
1"
#164490
0"
#164500
1"
#164510
0"
#164520
1"
#164530
0"
#164540
1"
#164550
0"
#164560
1"
#164570
0"
#164580
1"
#164590
0"
#164600
1"
#164610
0"
#164620
1"
#164630
0"
#164640
1"
#164650
0"
#164660
1"
#164670
0"
#164680
1"
#164690
0"
#164700
1"
#164710
0"
#164720
1"
#164730
0"
#164740
1"
#164750
0"
#164760
1"
#164770
0"
#164780
1"
#164790
0"
#164800
1"
#164810
0"
#164820
1"
#164830
0"
#164840
1"
#164850
0"
#164860
1"
#164870
0"
#164880
1"
#164890
0"
#164900
1"
#164910
0"
#164920
1"
#164930
0"
#164940
1"
#164950
0"
#164960
1"
#164970
0"
#164980
1"
#164990
0"
#165000
1"
#165010
0"
#165020
1"
#165030
0"
#165040
1"
#165050
0"
#165060
1"
#165070
0"
#165080
1"
#165090
0"
#165100
1"
#165110
0"
#165120
1"
#165130
0"
#165140
1"
#165150
0"
#165160
1"
#165170
0"
#165180
1"
#165190
0"
#165200
1"
#165210
0"
#165220
1"
#165230
0"
#165240
1"
#165250
0"
#165260
1"
#165270
0"
#165280
1"
#165290
0"
#165300
1"
#165310
0"
#165320
1"
#165330
0"
#165340
1"
#165350
0"
#165360
1"
#165370
0"
#165380
1"
#165390
0"
#165400
1"
#165410
0"
#165420
1"
#165430
0"
#165440
1"
#165450
0"
#165460
1"
#165470
0"
#165480
1"
#165490
0"
#165500
1"
#165510
0"
#165520
1"
#165530
0"
#165540
1"
#165550
0"
#165560
1"
#165570
0"
#165580
1"
#165590
0"
#165600
1"
#165610
0"
#165620
1"
#165630
0"
#165640
1"
#165650
0"
#165660
1"
#165670
0"
#165680
1"
#165690
0"
#165700
1"
#165710
0"
#165720
1"
#165730
0"
#165740
1"
#165750
0"
#165760
1"
#165770
0"
#165780
1"
#165790
0"
#165800
1"
#165810
0"
#165820
1"
#165830
0"
#165840
1"
#165850
0"
#165860
1"
#165870
0"
#165880
1"
#165890
0"
#165900
1"
#165910
0"
#165920
1"
#165930
0"
#165940
1"
#165950
0"
#165960
1"
#165970
0"
#165980
1"
#165990
0"
#166000
1"
#166010
0"
#166020
1"
#166030
0"
#166040
1"
#166050
0"
#166060
1"
#166070
0"
#166080
1"
#166090
0"
#166100
1"
#166110
0"
#166120
1"
#166130
0"
#166140
1"
#166150
0"
#166160
1"
#166170
0"
#166180
1"
#166190
0"
#166200
1"
#166210
0"
#166220
1"
#166230
0"
#166240
1"
#166250
0"
#166260
1"
#166270
0"
#166280
1"
#166290
0"
#166300
1"
#166310
0"
#166320
1"
#166330
0"
#166340
1"
#166350
0"
#166360
1"
#166370
0"
#166380
1"
#166390
0"
#166400
1"
#166410
0"
#166420
1"
#166430
0"
#166440
1"
#166450
0"
#166460
1"
#166470
0"
#166480
1"
#166490
0"
#166500
1"
#166510
0"
#166520
1"
#166530
0"
#166540
1"
#166550
0"
#166560
1"
#166570
0"
#166580
1"
#166590
0"
#166600
1"
#166610
0"
#166620
1"
#166630
0"
#166640
1"
#166650
0"
#166660
1"
#166670
0"
#166680
1"
#166690
0"
#166700
1"
#166710
0"
#166720
1"
#166730
0"
#166740
1"
#166750
0"
#166760
1"
#166770
0"
#166780
1"
#166790
0"
#166800
1"
#166810
0"
#166820
1"
#166830
0"
#166840
1"
#166850
0"
#166860
1"
#166870
0"
#166880
1"
#166890
0"
#166900
1"
#166910
0"
#166920
1"
#166930
0"
#166940
1"
#166950
0"
#166960
1"
#166970
0"
#166980
1"
#166990
0"
#167000
1"
#167010
0"
#167020
1"
#167030
0"
#167040
1"
#167050
0"
#167060
1"
#167070
0"
#167080
1"
#167090
0"
#167100
1"
#167110
0"
#167120
1"
#167130
0"
#167140
1"
#167150
0"
#167160
1"
#167170
0"
#167180
1"
#167190
0"
#167200
1"
#167210
0"
#167220
1"
#167230
0"
#167240
1"
#167250
0"
#167260
1"
#167270
0"
#167280
1"
#167290
0"
#167300
1"
#167310
0"
#167320
1"
#167330
0"
#167340
1"
#167350
0"
#167360
1"
#167370
0"
#167380
1"
#167390
0"
#167400
1"
#167410
0"
#167420
1"
#167430
0"
#167440
1"
#167450
0"
#167460
1"
#167470
0"
#167480
1"
#167490
0"
#167500
1"
#167510
0"
#167520
1"
#167530
0"
#167540
1"
#167550
0"
#167560
1"
#167570
0"
#167580
1"
#167590
0"
#167600
1"
#167610
0"
#167620
1"
#167630
0"
#167640
1"
#167650
0"
#167660
1"
#167670
0"
#167680
1"
#167690
0"
#167700
1"
#167710
0"
#167720
1"
#167730
0"
#167740
1"
#167750
0"
#167760
1"
#167770
0"
#167780
1"
#167790
0"
#167800
1"
#167810
0"
#167820
1"
#167830
0"
#167840
1"
#167850
0"
#167860
1"
#167870
0"
#167880
1"
#167890
0"
#167900
1"
#167910
0"
#167920
1"
#167930
0"
#167940
1"
#167950
0"
#167960
1"
#167970
0"
#167980
1"
#167990
0"
#168000
1"
#168010
0"
#168020
1"
#168030
0"
#168040
1"
#168050
0"
#168060
1"
#168070
0"
#168080
1"
#168090
0"
#168100
1"
#168110
0"
#168120
1"
#168130
0"
#168140
1"
#168150
0"
#168160
1"
#168170
0"
#168180
1"
#168190
0"
#168200
1"
#168210
0"
#168220
1"
#168230
0"
#168240
1"
#168250
0"
#168260
1"
#168270
0"
#168280
1"
#168290
0"
#168300
1"
#168310
0"
#168320
1"
#168330
0"
#168340
1"
#168350
0"
#168360
1"
#168370
0"
#168380
1"
#168390
0"
#168400
1"
#168410
0"
#168420
1"
#168430
0"
#168440
1"
#168450
0"
#168460
1"
#168470
0"
#168480
1"
#168490
0"
#168500
1"
#168510
0"
#168520
1"
#168530
0"
#168540
1"
#168550
0"
#168560
1"
#168570
0"
#168580
1"
#168590
0"
#168600
1"
#168610
0"
#168620
1"
#168630
0"
#168640
1"
#168650
0"
#168660
1"
#168670
0"
#168680
1"
#168690
0"
#168700
1"
#168710
0"
#168720
1"
#168730
0"
#168740
1"
#168750
0"
#168760
1"
#168770
0"
#168780
1"
#168790
0"
#168800
1"
#168810
0"
#168820
1"
#168830
0"
#168840
1"
#168850
0"
#168860
1"
#168870
0"
#168880
1"
#168890
0"
#168900
1"
#168910
0"
#168920
1"
#168930
0"
#168940
1"
#168950
0"
#168960
1"
#168970
0"
#168980
1"
#168990
0"
#169000
1"
#169010
0"
#169020
1"
#169030
0"
#169040
1"
#169050
0"
#169060
1"
#169070
0"
#169080
1"
#169090
0"
#169100
1"
#169110
0"
#169120
1"
#169130
0"
#169140
1"
#169150
0"
#169160
1"
#169170
0"
#169180
1"
#169190
0"
#169200
1"
#169210
0"
#169220
1"
#169230
0"
#169240
1"
#169250
0"
#169260
1"
#169270
0"
#169280
1"
#169290
0"
#169300
1"
#169310
0"
#169320
1"
#169330
0"
#169340
1"
#169350
0"
#169360
1"
#169370
0"
#169380
1"
#169390
0"
#169400
1"
#169410
0"
#169420
1"
#169430
0"
#169440
1"
#169450
0"
#169460
1"
#169470
0"
#169480
1"
#169490
0"
#169500
1"
#169510
0"
#169520
1"
#169530
0"
#169540
1"
#169550
0"
#169560
1"
#169570
0"
#169580
1"
#169590
0"
#169600
1"
#169610
0"
#169620
1"
#169630
0"
#169640
1"
#169650
0"
#169660
1"
#169670
0"
#169680
1"
#169690
0"
#169700
1"
#169710
0"
#169720
1"
#169730
0"
#169740
1"
#169750
0"
#169760
1"
#169770
0"
#169780
1"
#169790
0"
#169800
1"
#169810
0"
#169820
1"
#169830
0"
#169840
1"
#169850
0"
#169860
1"
#169870
0"
#169880
1"
#169890
0"
#169900
1"
#169910
0"
#169920
1"
#169930
0"
#169940
1"
#169950
0"
#169960
1"
#169970
0"
#169980
1"
#169990
0"
#170000
1"
#170010
0"
#170020
1"
#170030
0"
#170040
1"
#170050
0"
#170060
1"
#170070
0"
#170080
1"
#170090
0"
#170100
1"
#170110
0"
#170120
1"
#170130
0"
#170140
1"
#170150
0"
#170160
1"
#170170
0"
#170180
1"
#170190
0"
#170200
1"
#170210
0"
#170220
1"
#170230
0"
#170240
1"
#170250
0"
#170260
1"
#170270
0"
#170280
1"
#170290
0"
#170300
1"
#170310
0"
#170320
1"
#170330
0"
#170340
1"
#170350
0"
#170360
1"
#170370
0"
#170380
1"
#170390
0"
#170400
1"
#170410
0"
#170420
1"
#170430
0"
#170440
1"
#170450
0"
#170460
1"
#170470
0"
#170480
1"
#170490
0"
#170500
1"
#170510
0"
#170520
1"
#170530
0"
#170540
1"
#170550
0"
#170560
1"
#170570
0"
#170580
1"
#170590
0"
#170600
1"
#170610
0"
#170620
1"
#170630
0"
#170640
1"
#170650
0"
#170660
1"
#170670
0"
#170680
1"
#170690
0"
#170700
1"
#170710
0"
#170720
1"
#170730
0"
#170740
1"
#170750
0"
#170760
1"
#170770
0"
#170780
1"
#170790
0"
#170800
1"
#170810
0"
#170820
1"
#170830
0"
#170840
1"
#170850
0"
#170860
1"
#170870
0"
#170880
1"
#170890
0"
#170900
1"
#170910
0"
#170920
1"
#170930
0"
#170940
1"
#170950
0"
#170960
1"
#170970
0"
#170980
1"
#170990
0"
#171000
1"
#171010
0"
#171020
1"
#171030
0"
#171040
1"
#171050
0"
#171060
1"
#171070
0"
#171080
1"
#171090
0"
#171100
1"
#171110
0"
#171120
1"
#171130
0"
#171140
1"
#171150
0"
#171160
1"
#171170
0"
#171180
1"
#171190
0"
#171200
1"
#171210
0"
#171220
1"
#171230
0"
#171240
1"
#171250
0"
#171260
1"
#171270
0"
#171280
1"
#171290
0"
#171300
1"
#171310
0"
#171320
1"
#171330
0"
#171340
1"
#171350
0"
#171360
1"
#171370
0"
#171380
1"
#171390
0"
#171400
1"
#171410
0"
#171420
1"
#171430
0"
#171440
1"
#171450
0"
#171460
1"
#171470
0"
#171480
1"
#171490
0"
#171500
1"
#171510
0"
#171520
1"
#171530
0"
#171540
1"
#171550
0"
#171560
1"
#171570
0"
#171580
1"
#171590
0"
#171600
1"
#171610
0"
#171620
1"
#171630
0"
#171640
1"
#171650
0"
#171660
1"
#171670
0"
#171680
1"
#171690
0"
#171700
1"
#171710
0"
#171720
1"
#171730
0"
#171740
1"
#171750
0"
#171760
1"
#171770
0"
#171780
1"
#171790
0"
#171800
1"
#171810
0"
#171820
1"
#171830
0"
#171840
1"
#171850
0"
#171860
1"
#171870
0"
#171880
1"
#171890
0"
#171900
1"
#171910
0"
#171920
1"
#171930
0"
#171940
1"
#171950
0"
#171960
1"
#171970
0"
#171980
1"
#171990
0"
#172000
1"
#172010
0"
#172020
1"
#172030
0"
#172040
1"
#172050
0"
#172060
1"
#172070
0"
#172080
1"
#172090
0"
#172100
1"
#172110
0"
#172120
1"
#172130
0"
#172140
1"
#172150
0"
#172160
1"
#172170
0"
#172180
1"
#172190
0"
#172200
1"
#172210
0"
#172220
1"
#172230
0"
#172240
1"
#172250
0"
#172260
1"
#172270
0"
#172280
1"
#172290
0"
#172300
1"
#172310
0"
#172320
1"
#172330
0"
#172340
1"
#172350
0"
#172360
1"
#172370
0"
#172380
1"
#172390
0"
#172400
1"
#172410
0"
#172420
1"
#172430
0"
#172440
1"
#172450
0"
#172460
1"
#172470
0"
#172480
1"
#172490
0"
#172500
1"
#172510
0"
#172520
1"
#172530
0"
#172540
1"
#172550
0"
#172560
1"
#172570
0"
#172580
1"
#172590
0"
#172600
1"
#172610
0"
#172620
1"
#172630
0"
#172640
1"
#172650
0"
#172660
1"
#172670
0"
#172680
1"
#172690
0"
#172700
1"
#172710
0"
#172720
1"
#172730
0"
#172740
1"
#172750
0"
#172760
1"
#172770
0"
#172780
1"
#172790
0"
#172800
1"
#172810
0"
#172820
1"
#172830
0"
#172840
1"
#172850
0"
#172860
1"
#172870
0"
#172880
1"
#172890
0"
#172900
1"
#172910
0"
#172920
1"
#172930
0"
#172940
1"
#172950
0"
#172960
1"
#172970
0"
#172980
1"
#172990
0"
#173000
1"
#173010
0"
#173020
1"
#173030
0"
#173040
1"
#173050
0"
#173060
1"
#173070
0"
#173080
1"
#173090
0"
#173100
1"
#173110
0"
#173120
1"
#173130
0"
#173140
1"
#173150
0"
#173160
1"
#173170
0"
#173180
1"
#173190
0"
#173200
1"
#173210
0"
#173220
1"
#173230
0"
#173240
1"
#173250
0"
#173260
1"
#173270
0"
#173280
1"
#173290
0"
#173300
1"
#173310
0"
#173320
1"
#173330
0"
#173340
1"
#173350
0"
#173360
1"
#173370
0"
#173380
1"
#173390
0"
#173400
1"
#173410
0"
#173420
1"
#173430
0"
#173440
1"
#173450
0"
#173460
1"
#173470
0"
#173480
1"
#173490
0"
#173500
1"
#173510
0"
#173520
1"
#173530
0"
#173540
1"
#173550
0"
#173560
1"
#173570
0"
#173580
1"
#173590
0"
#173600
1"
#173610
0"
#173620
1"
#173630
0"
#173640
1"
#173650
0"
#173660
1"
#173670
0"
#173680
1"
#173690
0"
#173700
1"
#173710
0"
#173720
1"
#173730
0"
#173740
1"
#173750
0"
#173760
1"
#173770
0"
#173780
1"
#173790
0"
#173800
1"
#173810
0"
#173820
1"
#173830
0"
#173840
1"
#173850
0"
#173860
1"
#173870
0"
#173880
1"
#173890
0"
#173900
1"
#173910
0"
#173920
1"
#173930
0"
#173940
1"
#173950
0"
#173960
1"
#173970
0"
#173980
1"
#173990
0"
#174000
1"
#174010
0"
#174020
1"
#174030
0"
#174040
1"
#174050
0"
#174060
1"
#174070
0"
#174080
1"
#174090
0"
#174100
1"
#174110
0"
#174120
1"
#174130
0"
#174140
1"
#174150
0"
#174160
1"
#174170
0"
#174180
1"
#174190
0"
#174200
1"
#174210
0"
#174220
1"
#174230
0"
#174240
1"
#174250
0"
#174260
1"
#174270
0"
#174280
1"
#174290
0"
#174300
1"
#174310
0"
#174320
1"
#174330
0"
#174340
1"
#174350
0"
#174360
1"
#174370
0"
#174380
1"
#174390
0"
#174400
1"
#174410
0"
#174420
1"
#174430
0"
#174440
1"
#174450
0"
#174460
1"
#174470
0"
#174480
1"
#174490
0"
#174500
1"
#174510
0"
#174520
1"
#174530
0"
#174540
1"
#174550
0"
#174560
1"
#174570
0"
#174580
1"
#174590
0"
#174600
1"
#174610
0"
#174620
1"
#174630
0"
#174640
1"
#174650
0"
#174660
1"
#174670
0"
#174680
1"
#174690
0"
#174700
1"
#174710
0"
#174720
1"
#174730
0"
#174740
1"
#174750
0"
#174760
1"
#174770
0"
#174780
1"
#174790
0"
#174800
1"
#174810
0"
#174820
1"
#174830
0"
#174840
1"
#174850
0"
#174860
1"
#174870
0"
#174880
1"
#174890
0"
#174900
1"
#174910
0"
#174920
1"
#174930
0"
#174940
1"
#174950
0"
#174960
1"
#174970
0"
#174980
1"
#174990
0"
#175000
1"
#175010
0"
#175020
1"
#175030
0"
#175040
1"
#175050
0"
#175060
1"
#175070
0"
#175080
1"
#175090
0"
#175100
1"
#175110
0"
#175120
1"
#175130
0"
#175140
1"
#175150
0"
#175160
1"
#175170
0"
#175180
1"
#175190
0"
#175200
1"
#175210
0"
#175220
1"
#175230
0"
#175240
1"
#175250
0"
#175260
1"
#175270
0"
#175280
1"
#175290
0"
#175300
1"
#175310
0"
#175320
1"
#175330
0"
#175340
1"
#175350
0"
#175360
1"
#175370
0"
#175380
1"
#175390
0"
#175400
1"
#175410
0"
#175420
1"
#175430
0"
#175440
1"
#175450
0"
#175460
1"
#175470
0"
#175480
1"
#175490
0"
#175500
1"
#175510
0"
#175520
1"
#175530
0"
#175540
1"
#175550
0"
#175560
1"
#175570
0"
#175580
1"
#175590
0"
#175600
1"
#175610
0"
#175620
1"
#175630
0"
#175640
1"
#175650
0"
#175660
1"
#175670
0"
#175680
1"
#175690
0"
#175700
1"
#175710
0"
#175720
1"
#175730
0"
#175740
1"
#175750
0"
#175760
1"
#175770
0"
#175780
1"
#175790
0"
#175800
1"
#175810
0"
#175820
1"
#175830
0"
#175840
1"
#175850
0"
#175860
1"
#175870
0"
#175880
1"
#175890
0"
#175900
1"
#175910
0"
#175920
1"
#175930
0"
#175940
1"
#175950
0"
#175960
1"
#175970
0"
#175980
1"
#175990
0"
#176000
1"
#176010
0"
#176020
1"
#176030
0"
#176040
1"
#176050
0"
#176060
1"
#176070
0"
#176080
1"
#176090
0"
#176100
1"
#176110
0"
#176120
1"
#176130
0"
#176140
1"
#176150
0"
#176160
1"
#176170
0"
#176180
1"
#176190
0"
#176200
1"
#176210
0"
#176220
1"
#176230
0"
#176240
1"
#176250
0"
#176260
1"
#176270
0"
#176280
1"
#176290
0"
#176300
1"
#176310
0"
#176320
1"
#176330
0"
#176340
1"
#176350
0"
#176360
1"
#176370
0"
#176380
1"
#176390
0"
#176400
1"
#176410
0"
#176420
1"
#176430
0"
#176440
1"
#176450
0"
#176460
1"
#176470
0"
#176480
1"
#176490
0"
#176500
1"
#176510
0"
#176520
1"
#176530
0"
#176540
1"
#176550
0"
#176560
1"
#176570
0"
#176580
1"
#176590
0"
#176600
1"
#176610
0"
#176620
1"
#176630
0"
#176640
1"
#176650
0"
#176660
1"
#176670
0"
#176680
1"
#176690
0"
#176700
1"
#176710
0"
#176720
1"
#176730
0"
#176740
1"
#176750
0"
#176760
1"
#176770
0"
#176780
1"
#176790
0"
#176800
1"
#176810
0"
#176820
1"
#176830
0"
#176840
1"
#176850
0"
#176860
1"
#176870
0"
#176880
1"
#176890
0"
#176900
1"
#176910
0"
#176920
1"
#176930
0"
#176940
1"
#176950
0"
#176960
1"
#176970
0"
#176980
1"
#176990
0"
#177000
1"
#177010
0"
#177020
1"
#177030
0"
#177040
1"
#177050
0"
#177060
1"
#177070
0"
#177080
1"
#177090
0"
#177100
1"
#177110
0"
#177120
1"
#177130
0"
#177140
1"
#177150
0"
#177160
1"
#177170
0"
#177180
1"
#177190
0"
#177200
1"
#177210
0"
#177220
1"
#177230
0"
#177240
1"
#177250
0"
#177260
1"
#177270
0"
#177280
1"
#177290
0"
#177300
1"
#177310
0"
#177320
1"
#177330
0"
#177340
1"
#177350
0"
#177360
1"
#177370
0"
#177380
1"
#177390
0"
#177400
1"
#177410
0"
#177420
1"
#177430
0"
#177440
1"
#177450
0"
#177460
1"
#177470
0"
#177480
1"
#177490
0"
#177500
1"
#177510
0"
#177520
1"
#177530
0"
#177540
1"
#177550
0"
#177560
1"
#177570
0"
#177580
1"
#177590
0"
#177600
1"
#177610
0"
#177620
1"
#177630
0"
#177640
1"
#177650
0"
#177660
1"
#177670
0"
#177680
1"
#177690
0"
#177700
1"
#177710
0"
#177720
1"
#177730
0"
#177740
1"
#177750
0"
#177760
1"
#177770
0"
#177780
1"
#177790
0"
#177800
1"
#177810
0"
#177820
1"
#177830
0"
#177840
1"
#177850
0"
#177860
1"
#177870
0"
#177880
1"
#177890
0"
#177900
1"
#177910
0"
#177920
1"
#177930
0"
#177940
1"
#177950
0"
#177960
1"
#177970
0"
#177980
1"
#177990
0"
#178000
1"
#178010
0"
#178020
1"
#178030
0"
#178040
1"
#178050
0"
#178060
1"
#178070
0"
#178080
1"
#178090
0"
#178100
1"
#178110
0"
#178120
1"
#178130
0"
#178140
1"
#178150
0"
#178160
1"
#178170
0"
#178180
1"
#178190
0"
#178200
1"
#178210
0"
#178220
1"
#178230
0"
#178240
1"
#178250
0"
#178260
1"
#178270
0"
#178280
1"
#178290
0"
#178300
1"
#178310
0"
#178320
1"
#178330
0"
#178340
1"
#178350
0"
#178360
1"
#178370
0"
#178380
1"
#178390
0"
#178400
1"
#178410
0"
#178420
1"
#178430
0"
#178440
1"
#178450
0"
#178460
1"
#178470
0"
#178480
1"
#178490
0"
#178500
1"
#178510
0"
#178520
1"
#178530
0"
#178540
1"
#178550
0"
#178560
1"
#178570
0"
#178580
1"
#178590
0"
#178600
1"
#178610
0"
#178620
1"
#178630
0"
#178640
1"
#178650
0"
#178660
1"
#178670
0"
#178680
1"
#178690
0"
#178700
1"
#178710
0"
#178720
1"
#178730
0"
#178740
1"
#178750
0"
#178760
1"
#178770
0"
#178780
1"
#178790
0"
#178800
1"
#178810
0"
#178820
1"
#178830
0"
#178840
1"
#178850
0"
#178860
1"
#178870
0"
#178880
1"
#178890
0"
#178900
1"
#178910
0"
#178920
1"
#178930
0"
#178940
1"
#178950
0"
#178960
1"
#178970
0"
#178980
1"
#178990
0"
#179000
1"
#179010
0"
#179020
1"
#179030
0"
#179040
1"
#179050
0"
#179060
1"
#179070
0"
#179080
1"
#179090
0"
#179100
1"
#179110
0"
#179120
1"
#179130
0"
#179140
1"
#179150
0"
#179160
1"
#179170
0"
#179180
1"
#179190
0"
#179200
1"
#179210
0"
#179220
1"
#179230
0"
#179240
1"
#179250
0"
#179260
1"
#179270
0"
#179280
1"
#179290
0"
#179300
1"
#179310
0"
#179320
1"
#179330
0"
#179340
1"
#179350
0"
#179360
1"
#179370
0"
#179380
1"
#179390
0"
#179400
1"
#179410
0"
#179420
1"
#179430
0"
#179440
1"
#179450
0"
#179460
1"
#179470
0"
#179480
1"
#179490
0"
#179500
1"
#179510
0"
#179520
1"
#179530
0"
#179540
1"
#179550
0"
#179560
1"
#179570
0"
#179580
1"
#179590
0"
#179600
1"
#179610
0"
#179620
1"
#179630
0"
#179640
1"
#179650
0"
#179660
1"
#179670
0"
#179680
1"
#179690
0"
#179700
1"
#179710
0"
#179720
1"
#179730
0"
#179740
1"
#179750
0"
#179760
1"
#179770
0"
#179780
1"
#179790
0"
#179800
1"
#179810
0"
#179820
1"
#179830
0"
#179840
1"
#179850
0"
#179860
1"
#179870
0"
#179880
1"
#179890
0"
#179900
1"
#179910
0"
#179920
1"
#179930
0"
#179940
1"
#179950
0"
#179960
1"
#179970
0"
#179980
1"
#179990
0"
#180000
1"
#180010
0"
#180020
1"
#180030
0"
#180040
1"
#180050
0"
#180060
1"
#180070
0"
#180080
1"
#180090
0"
#180100
1"
#180110
0"
#180120
1"
#180130
0"
#180140
1"
#180150
0"
#180160
1"
#180170
0"
#180180
1"
#180190
0"
#180200
1"
#180210
0"
#180220
1"
#180230
0"
#180240
1"
#180250
0"
#180260
1"
#180270
0"
#180280
1"
#180290
0"
#180300
1"
#180310
0"
#180320
1"
#180330
0"
#180340
1"
#180350
0"
#180360
1"
#180370
0"
#180380
1"
#180390
0"
#180400
1"
#180410
0"
#180420
1"
#180430
0"
#180440
1"
#180450
0"
#180460
1"
#180470
0"
#180480
1"
#180490
0"
#180500
1"
#180510
0"
#180520
1"
#180530
0"
#180540
1"
#180550
0"
#180560
1"
#180570
0"
#180580
1"
#180590
0"
#180600
1"
#180610
0"
#180620
1"
#180630
0"
#180640
1"
#180650
0"
#180660
1"
#180670
0"
#180680
1"
#180690
0"
#180700
1"
#180710
0"
#180720
1"
#180730
0"
#180740
1"
#180750
0"
#180760
1"
#180770
0"
#180780
1"
#180790
0"
#180800
1"
#180810
0"
#180820
1"
#180830
0"
#180840
1"
#180850
0"
#180860
1"
#180870
0"
#180880
1"
#180890
0"
#180900
1"
#180910
0"
#180920
1"
#180930
0"
#180940
1"
#180950
0"
#180960
1"
#180970
0"
#180980
1"
#180990
0"
#181000
1"
#181010
0"
#181020
1"
#181030
0"
#181040
1"
#181050
0"
#181060
1"
#181070
0"
#181080
1"
#181090
0"
#181100
1"
#181110
0"
#181120
1"
#181130
0"
#181140
1"
#181150
0"
#181160
1"
#181170
0"
#181180
1"
#181190
0"
#181200
1"
#181210
0"
#181220
1"
#181230
0"
#181240
1"
#181250
0"
#181260
1"
#181270
0"
#181280
1"
#181290
0"
#181300
1"
#181310
0"
#181320
1"
#181330
0"
#181340
1"
#181350
0"
#181360
1"
#181370
0"
#181380
1"
#181390
0"
#181400
1"
#181410
0"
#181420
1"
#181430
0"
#181440
1"
#181450
0"
#181460
1"
#181470
0"
#181480
1"
#181490
0"
#181500
1"
#181510
0"
#181520
1"
#181530
0"
#181540
1"
#181550
0"
#181560
1"
#181570
0"
#181580
1"
#181590
0"
#181600
1"
#181610
0"
#181620
1"
#181630
0"
#181640
1"
#181650
0"
#181660
1"
#181670
0"
#181680
1"
#181690
0"
#181700
1"
#181710
0"
#181720
1"
#181730
0"
#181740
1"
#181750
0"
#181760
1"
#181770
0"
#181780
1"
#181790
0"
#181800
1"
#181810
0"
#181820
1"
#181830
0"
#181840
1"
#181850
0"
#181860
1"
#181870
0"
#181880
1"
#181890
0"
#181900
1"
#181910
0"
#181920
1"
#181930
0"
#181940
1"
#181950
0"
#181960
1"
#181970
0"
#181980
1"
#181990
0"
#182000
1"
#182010
0"
#182020
1"
#182030
0"
#182040
1"
#182050
0"
#182060
1"
#182070
0"
#182080
1"
#182090
0"
#182100
1"
#182110
0"
#182120
1"
#182130
0"
#182140
1"
#182150
0"
#182160
1"
#182170
0"
#182180
1"
#182190
0"
#182200
1"
#182210
0"
#182220
1"
#182230
0"
#182240
1"
#182250
0"
#182260
1"
#182270
0"
#182280
1"
#182290
0"
#182300
1"
#182310
0"
#182320
1"
#182330
0"
#182340
1"
#182350
0"
#182360
1"
#182370
0"
#182380
1"
#182390
0"
#182400
1"
#182410
0"
#182420
1"
#182430
0"
#182440
1"
#182450
0"
#182460
1"
#182470
0"
#182480
1"
#182490
0"
#182500
1"
#182510
0"
#182520
1"
#182530
0"
#182540
1"
#182550
0"
#182560
1"
#182570
0"
#182580
1"
#182590
0"
#182600
1"
#182610
0"
#182620
1"
#182630
0"
#182640
1"
#182650
0"
#182660
1"
#182670
0"
#182680
1"
#182690
0"
#182700
1"
#182710
0"
#182720
1"
#182730
0"
#182740
1"
#182750
0"
#182760
1"
#182770
0"
#182780
1"
#182790
0"
#182800
1"
#182810
0"
#182820
1"
#182830
0"
#182840
1"
#182850
0"
#182860
1"
#182870
0"
#182880
1"
#182890
0"
#182900
1"
#182910
0"
#182920
1"
#182930
0"
#182940
1"
#182950
0"
#182960
1"
#182970
0"
#182980
1"
#182990
0"
#183000
1"
#183010
0"
#183020
1"
#183030
0"
#183040
1"
#183050
0"
#183060
1"
#183070
0"
#183080
1"
#183090
0"
#183100
1"
#183110
0"
#183120
1"
#183130
0"
#183140
1"
#183150
0"
#183160
1"
#183170
0"
#183180
1"
#183190
0"
#183200
1"
#183210
0"
#183220
1"
#183230
0"
#183240
1"
#183250
0"
#183260
1"
#183270
0"
#183280
1"
#183290
0"
#183300
1"
#183310
0"
#183320
1"
#183330
0"
#183340
1"
#183350
0"
#183360
1"
#183370
0"
#183380
1"
#183390
0"
#183400
1"
#183410
0"
#183420
1"
#183430
0"
#183440
1"
#183450
0"
#183460
1"
#183470
0"
#183480
1"
#183490
0"
#183500
1"
#183510
0"
#183520
1"
#183530
0"
#183540
1"
#183550
0"
#183560
1"
#183570
0"
#183580
1"
#183590
0"
#183600
1"
#183610
0"
#183620
1"
#183630
0"
#183640
1"
#183650
0"
#183660
1"
#183670
0"
#183680
1"
#183690
0"
#183700
1"
#183710
0"
#183720
1"
#183730
0"
#183740
1"
#183750
0"
#183760
1"
#183770
0"
#183780
1"
#183790
0"
#183800
1"
#183810
0"
#183820
1"
#183830
0"
#183840
1"
#183850
0"
#183860
1"
#183870
0"
#183880
1"
#183890
0"
#183900
1"
#183910
0"
#183920
1"
#183930
0"
#183940
1"
#183950
0"
#183960
1"
#183970
0"
#183980
1"
#183990
0"
#184000
1"
#184010
0"
#184020
1"
#184030
0"
#184040
1"
#184050
0"
#184060
1"
#184070
0"
#184080
1"
#184090
0"
#184100
1"
#184110
0"
#184120
1"
#184130
0"
#184140
1"
#184150
0"
#184160
1"
#184170
0"
#184180
1"
#184190
0"
#184200
1"
#184210
0"
#184220
1"
#184230
0"
#184240
1"
#184250
0"
#184260
1"
#184270
0"
#184280
1"
#184290
0"
#184300
1"
#184310
0"
#184320
1"
#184330
0"
#184340
1"
#184350
0"
#184360
1"
#184370
0"
#184380
1"
#184390
0"
#184400
1"
#184410
0"
#184420
1"
#184430
0"
#184440
1"
#184450
0"
#184460
1"
#184470
0"
#184480
1"
#184490
0"
#184500
1"
#184510
0"
#184520
1"
#184530
0"
#184540
1"
#184550
0"
#184560
1"
#184570
0"
#184580
1"
#184590
0"
#184600
1"
#184610
0"
#184620
1"
#184630
0"
#184640
1"
#184650
0"
#184660
1"
#184670
0"
#184680
1"
#184690
0"
#184700
1"
#184710
0"
#184720
1"
#184730
0"
#184740
1"
#184750
0"
#184760
1"
#184770
0"
#184780
1"
#184790
0"
#184800
1"
#184810
0"
#184820
1"
#184830
0"
#184840
1"
#184850
0"
#184860
1"
#184870
0"
#184880
1"
#184890
0"
#184900
1"
#184910
0"
#184920
1"
#184930
0"
#184940
1"
#184950
0"
#184960
1"
#184970
0"
#184980
1"
#184990
0"
#185000
1"
#185010
0"
#185020
1"
#185030
0"
#185040
1"
#185050
0"
#185060
1"
#185070
0"
#185080
1"
#185090
0"
#185100
1"
#185110
0"
#185120
1"
#185130
0"
#185140
1"
#185150
0"
#185160
1"
#185170
0"
#185180
1"
#185190
0"
#185200
1"
#185210
0"
#185220
1"
#185230
0"
#185240
1"
#185250
0"
#185260
1"
#185270
0"
#185280
1"
#185290
0"
#185300
1"
#185310
0"
#185320
1"
#185330
0"
#185340
1"
#185350
0"
#185360
1"
#185370
0"
#185380
1"
#185390
0"
#185400
1"
#185410
0"
#185420
1"
#185430
0"
#185440
1"
#185450
0"
#185460
1"
#185470
0"
#185480
1"
#185490
0"
#185500
1"
#185510
0"
#185520
1"
#185530
0"
#185540
1"
#185550
0"
#185560
1"
#185570
0"
#185580
1"
#185590
0"
#185600
1"
#185610
0"
#185620
1"
#185630
0"
#185640
1"
#185650
0"
#185660
1"
#185670
0"
#185680
1"
#185690
0"
#185700
1"
#185710
0"
#185720
1"
#185730
0"
#185740
1"
#185750
0"
#185760
1"
#185770
0"
#185780
1"
#185790
0"
#185800
1"
#185810
0"
#185820
1"
#185830
0"
#185840
1"
#185850
0"
#185860
1"
#185870
0"
#185880
1"
#185890
0"
#185900
1"
#185910
0"
#185920
1"
#185930
0"
#185940
1"
#185950
0"
#185960
1"
#185970
0"
#185980
1"
#185990
0"
#186000
1"
#186010
0"
#186020
1"
#186030
0"
#186040
1"
#186050
0"
#186060
1"
#186070
0"
#186080
1"
#186090
0"
#186100
1"
#186110
0"
#186120
1"
#186130
0"
#186140
1"
#186150
0"
#186160
1"
#186170
0"
#186180
1"
#186190
0"
#186200
1"
#186210
0"
#186220
1"
#186230
0"
#186240
1"
#186250
0"
#186260
1"
#186270
0"
#186280
1"
#186290
0"
#186300
1"
#186310
0"
#186320
1"
#186330
0"
#186340
1"
#186350
0"
#186360
1"
#186370
0"
#186380
1"
#186390
0"
#186400
1"
#186410
0"
#186420
1"
#186430
0"
#186440
1"
#186450
0"
#186460
1"
#186470
0"
#186480
1"
#186490
0"
#186500
1"
#186510
0"
#186520
1"
#186530
0"
#186540
1"
#186550
0"
#186560
1"
#186570
0"
#186580
1"
#186590
0"
#186600
1"
#186610
0"
#186620
1"
#186630
0"
#186640
1"
#186650
0"
#186660
1"
#186670
0"
#186680
1"
#186690
0"
#186700
1"
#186710
0"
#186720
1"
#186730
0"
#186740
1"
#186750
0"
#186760
1"
#186770
0"
#186780
1"
#186790
0"
#186800
1"
#186810
0"
#186820
1"
#186830
0"
#186840
1"
#186850
0"
#186860
1"
#186870
0"
#186880
1"
#186890
0"
#186900
1"
#186910
0"
#186920
1"
#186930
0"
#186940
1"
#186950
0"
#186960
1"
#186970
0"
#186980
1"
#186990
0"
#187000
1"
#187010
0"
#187020
1"
#187030
0"
#187040
1"
#187050
0"
#187060
1"
#187070
0"
#187080
1"
#187090
0"
#187100
1"
#187110
0"
#187120
1"
#187130
0"
#187140
1"
#187150
0"
#187160
1"
#187170
0"
#187180
1"
#187190
0"
#187200
1"
#187210
0"
#187220
1"
#187230
0"
#187240
1"
#187250
0"
#187260
1"
#187270
0"
#187280
1"
#187290
0"
#187300
1"
#187310
0"
#187320
1"
#187330
0"
#187340
1"
#187350
0"
#187360
1"
#187370
0"
#187380
1"
#187390
0"
#187400
1"
#187410
0"
#187420
1"
#187430
0"
#187440
1"
#187450
0"
#187460
1"
#187470
0"
#187480
1"
#187490
0"
#187500
1"
#187510
0"
#187520
1"
#187530
0"
#187540
1"
#187550
0"
#187560
1"
#187570
0"
#187580
1"
#187590
0"
#187600
1"
#187610
0"
#187620
1"
#187630
0"
#187640
1"
#187650
0"
#187660
1"
#187670
0"
#187680
1"
#187690
0"
#187700
1"
#187710
0"
#187720
1"
#187730
0"
#187740
1"
#187750
0"
#187760
1"
#187770
0"
#187780
1"
#187790
0"
#187800
1"
#187810
0"
#187820
1"
#187830
0"
#187840
1"
#187850
0"
#187860
1"
#187870
0"
#187880
1"
#187890
0"
#187900
1"
#187910
0"
#187920
1"
#187930
0"
#187940
1"
#187950
0"
#187960
1"
#187970
0"
#187980
1"
#187990
0"
#188000
1"
#188010
0"
#188020
1"
#188030
0"
#188040
1"
#188050
0"
#188060
1"
#188070
0"
#188080
1"
#188090
0"
#188100
1"
#188110
0"
#188120
1"
#188130
0"
#188140
1"
#188150
0"
#188160
1"
#188170
0"
#188180
1"
#188190
0"
#188200
1"
#188210
0"
#188220
1"
#188230
0"
#188240
1"
#188250
0"
#188260
1"
#188270
0"
#188280
1"
#188290
0"
#188300
1"
#188310
0"
#188320
1"
#188330
0"
#188340
1"
#188350
0"
#188360
1"
#188370
0"
#188380
1"
#188390
0"
#188400
1"
#188410
0"
#188420
1"
#188430
0"
#188440
1"
#188450
0"
#188460
1"
#188470
0"
#188480
1"
#188490
0"
#188500
1"
#188510
0"
#188520
1"
#188530
0"
#188540
1"
#188550
0"
#188560
1"
#188570
0"
#188580
1"
#188590
0"
#188600
1"
#188610
0"
#188620
1"
#188630
0"
#188640
1"
#188650
0"
#188660
1"
#188670
0"
#188680
1"
#188690
0"
#188700
1"
#188710
0"
#188720
1"
#188730
0"
#188740
1"
#188750
0"
#188760
1"
#188770
0"
#188780
1"
#188790
0"
#188800
1"
#188810
0"
#188820
1"
#188830
0"
#188840
1"
#188850
0"
#188860
1"
#188870
0"
#188880
1"
#188890
0"
#188900
1"
#188910
0"
#188920
1"
#188930
0"
#188940
1"
#188950
0"
#188960
1"
#188970
0"
#188980
1"
#188990
0"
#189000
1"
#189010
0"
#189020
1"
#189030
0"
#189040
1"
#189050
0"
#189060
1"
#189070
0"
#189080
1"
#189090
0"
#189100
1"
#189110
0"
#189120
1"
#189130
0"
#189140
1"
#189150
0"
#189160
1"
#189170
0"
#189180
1"
#189190
0"
#189200
1"
#189210
0"
#189220
1"
#189230
0"
#189240
1"
#189250
0"
#189260
1"
#189270
0"
#189280
1"
#189290
0"
#189300
1"
#189310
0"
#189320
1"
#189330
0"
#189340
1"
#189350
0"
#189360
1"
#189370
0"
#189380
1"
#189390
0"
#189400
1"
#189410
0"
#189420
1"
#189430
0"
#189440
1"
#189450
0"
#189460
1"
#189470
0"
#189480
1"
#189490
0"
#189500
1"
#189510
0"
#189520
1"
#189530
0"
#189540
1"
#189550
0"
#189560
1"
#189570
0"
#189580
1"
#189590
0"
#189600
1"
#189610
0"
#189620
1"
#189630
0"
#189640
1"
#189650
0"
#189660
1"
#189670
0"
#189680
1"
#189690
0"
#189700
1"
#189710
0"
#189720
1"
#189730
0"
#189740
1"
#189750
0"
#189760
1"
#189770
0"
#189780
1"
#189790
0"
#189800
1"
#189810
0"
#189820
1"
#189830
0"
#189840
1"
#189850
0"
#189860
1"
#189870
0"
#189880
1"
#189890
0"
#189900
1"
#189910
0"
#189920
1"
#189930
0"
#189940
1"
#189950
0"
#189960
1"
#189970
0"
#189980
1"
#189990
0"
#190000
1"
#190010
0"
#190020
1"
#190030
0"
#190040
1"
#190050
0"
#190060
1"
#190070
0"
#190080
1"
#190090
0"
#190100
1"
#190110
0"
#190120
1"
#190130
0"
#190140
1"
#190150
0"
#190160
1"
#190170
0"
#190180
1"
#190190
0"
#190200
1"
#190210
0"
#190220
1"
#190230
0"
#190240
1"
#190250
0"
#190260
1"
#190270
0"
#190280
1"
#190290
0"
#190300
1"
#190310
0"
#190320
1"
#190330
0"
#190340
1"
#190350
0"
#190360
1"
#190370
0"
#190380
1"
#190390
0"
#190400
1"
#190410
0"
#190420
1"
#190430
0"
#190440
1"
#190450
0"
#190460
1"
#190470
0"
#190480
1"
#190490
0"
#190500
1"
#190510
0"
#190520
1"
#190530
0"
#190540
1"
#190550
0"
#190560
1"
#190570
0"
#190580
1"
#190590
0"
#190600
1"
#190610
0"
#190620
1"
#190630
0"
#190640
1"
#190650
0"
#190660
1"
#190670
0"
#190680
1"
#190690
0"
#190700
1"
#190710
0"
#190720
1"
#190730
0"
#190740
1"
#190750
0"
#190760
1"
#190770
0"
#190780
1"
#190790
0"
#190800
1"
#190810
0"
#190820
1"
#190830
0"
#190840
1"
#190850
0"
#190860
1"
#190870
0"
#190880
1"
#190890
0"
#190900
1"
#190910
0"
#190920
1"
#190930
0"
#190940
1"
#190950
0"
#190960
1"
#190970
0"
#190980
1"
#190990
0"
#191000
1"
#191010
0"
#191020
1"
#191030
0"
#191040
1"
#191050
0"
#191060
1"
#191070
0"
#191080
1"
#191090
0"
#191100
1"
#191110
0"
#191120
1"
#191130
0"
#191140
1"
#191150
0"
#191160
1"
#191170
0"
#191180
1"
#191190
0"
#191200
1"
#191210
0"
#191220
1"
#191230
0"
#191240
1"
#191250
0"
#191260
1"
#191270
0"
#191280
1"
#191290
0"
#191300
1"
#191310
0"
#191320
1"
#191330
0"
#191340
1"
#191350
0"
#191360
1"
#191370
0"
#191380
1"
#191390
0"
#191400
1"
#191410
0"
#191420
1"
#191430
0"
#191440
1"
#191450
0"
#191460
1"
#191470
0"
#191480
1"
#191490
0"
#191500
1"
#191510
0"
#191520
1"
#191530
0"
#191540
1"
#191550
0"
#191560
1"
#191570
0"
#191580
1"
#191590
0"
#191600
1"
#191610
0"
#191620
1"
#191630
0"
#191640
1"
#191650
0"
#191660
1"
#191670
0"
#191680
1"
#191690
0"
#191700
1"
#191710
0"
#191720
1"
#191730
0"
#191740
1"
#191750
0"
#191760
1"
#191770
0"
#191780
1"
#191790
0"
#191800
1"
#191810
0"
#191820
1"
#191830
0"
#191840
1"
#191850
0"
#191860
1"
#191870
0"
#191880
1"
#191890
0"
#191900
1"
#191910
0"
#191920
1"
#191930
0"
#191940
1"
#191950
0"
#191960
1"
#191970
0"
#191980
1"
#191990
0"
#192000
1"
#192010
0"
#192020
1"
#192030
0"
#192040
1"
#192050
0"
#192060
1"
#192070
0"
#192080
1"
#192090
0"
#192100
1"
#192110
0"
#192120
1"
#192130
0"
#192140
1"
#192150
0"
#192160
1"
#192170
0"
#192180
1"
#192190
0"
#192200
1"
#192210
0"
#192220
1"
#192230
0"
#192240
1"
#192250
0"
#192260
1"
#192270
0"
#192280
1"
#192290
0"
#192300
1"
#192310
0"
#192320
1"
#192330
0"
#192340
1"
#192350
0"
#192360
1"
#192370
0"
#192380
1"
#192390
0"
#192400
1"
#192410
0"
#192420
1"
#192430
0"
#192440
1"
#192450
0"
#192460
1"
#192470
0"
#192480
1"
#192490
0"
#192500
1"
#192510
0"
#192520
1"
#192530
0"
#192540
1"
#192550
0"
#192560
1"
#192570
0"
#192580
1"
#192590
0"
#192600
1"
#192610
0"
#192620
1"
#192630
0"
#192640
1"
#192650
0"
#192660
1"
#192670
0"
#192680
1"
#192690
0"
#192700
1"
#192710
0"
#192720
1"
#192730
0"
#192740
1"
#192750
0"
#192760
1"
#192770
0"
#192780
1"
#192790
0"
#192800
1"
#192810
0"
#192820
1"
#192830
0"
#192840
1"
#192850
0"
#192860
1"
#192870
0"
#192880
1"
#192890
0"
#192900
1"
#192910
0"
#192920
1"
#192930
0"
#192940
1"
#192950
0"
#192960
1"
#192970
0"
#192980
1"
#192990
0"
#193000
1"
#193010
0"
#193020
1"
#193030
0"
#193040
1"
#193050
0"
#193060
1"
#193070
0"
#193080
1"
#193090
0"
#193100
1"
#193110
0"
#193120
1"
#193130
0"
#193140
1"
#193150
0"
#193160
1"
#193170
0"
#193180
1"
#193190
0"
#193200
1"
#193210
0"
#193220
1"
#193230
0"
#193240
1"
#193250
0"
#193260
1"
#193270
0"
#193280
1"
#193290
0"
#193300
1"
#193310
0"
#193320
1"
#193330
0"
#193340
1"
#193350
0"
#193360
1"
#193370
0"
#193380
1"
#193390
0"
#193400
1"
#193410
0"
#193420
1"
#193430
0"
#193440
1"
#193450
0"
#193460
1"
#193470
0"
#193480
1"
#193490
0"
#193500
1"
#193510
0"
#193520
1"
#193530
0"
#193540
1"
#193550
0"
#193560
1"
#193570
0"
#193580
1"
#193590
0"
#193600
1"
#193610
0"
#193620
1"
#193630
0"
#193640
1"
#193650
0"
#193660
1"
#193670
0"
#193680
1"
#193690
0"
#193700
1"
#193710
0"
#193720
1"
#193730
0"
#193740
1"
#193750
0"
#193760
1"
#193770
0"
#193780
1"
#193790
0"
#193800
1"
#193810
0"
#193820
1"
#193830
0"
#193840
1"
#193850
0"
#193860
1"
#193870
0"
#193880
1"
#193890
0"
#193900
1"
#193910
0"
#193920
1"
#193930
0"
#193940
1"
#193950
0"
#193960
1"
#193970
0"
#193980
1"
#193990
0"
#194000
1"
#194010
0"
#194020
1"
#194030
0"
#194040
1"
#194050
0"
#194060
1"
#194070
0"
#194080
1"
#194090
0"
#194100
1"
#194110
0"
#194120
1"
#194130
0"
#194140
1"
#194150
0"
#194160
1"
#194170
0"
#194180
1"
#194190
0"
#194200
1"
#194210
0"
#194220
1"
#194230
0"
#194240
1"
#194250
0"
#194260
1"
#194270
0"
#194280
1"
#194290
0"
#194300
1"
#194310
0"
#194320
1"
#194330
0"
#194340
1"
#194350
0"
#194360
1"
#194370
0"
#194380
1"
#194390
0"
#194400
1"
#194410
0"
#194420
1"
#194430
0"
#194440
1"
#194450
0"
#194460
1"
#194470
0"
#194480
1"
#194490
0"
#194500
1"
#194510
0"
#194520
1"
#194530
0"
#194540
1"
#194550
0"
#194560
1"
#194570
0"
#194580
1"
#194590
0"
#194600
1"
#194610
0"
#194620
1"
#194630
0"
#194640
1"
#194650
0"
#194660
1"
#194670
0"
#194680
1"
#194690
0"
#194700
1"
#194710
0"
#194720
1"
#194730
0"
#194740
1"
#194750
0"
#194760
1"
#194770
0"
#194780
1"
#194790
0"
#194800
1"
#194810
0"
#194820
1"
#194830
0"
#194840
1"
#194850
0"
#194860
1"
#194870
0"
#194880
1"
#194890
0"
#194900
1"
#194910
0"
#194920
1"
#194930
0"
#194940
1"
#194950
0"
#194960
1"
#194970
0"
#194980
1"
#194990
0"
#195000
1"
#195010
0"
#195020
1"
#195030
0"
#195040
1"
#195050
0"
#195060
1"
#195070
0"
#195080
1"
#195090
0"
#195100
1"
#195110
0"
#195120
1"
#195130
0"
#195140
1"
#195150
0"
#195160
1"
#195170
0"
#195180
1"
#195190
0"
#195200
1"
#195210
0"
#195220
1"
#195230
0"
#195240
1"
#195250
0"
#195260
1"
#195270
0"
#195280
1"
#195290
0"
#195300
1"
#195310
0"
#195320
1"
#195330
0"
#195340
1"
#195350
0"
#195360
1"
#195370
0"
#195380
1"
#195390
0"
#195400
1"
#195410
0"
#195420
1"
#195430
0"
#195440
1"
#195450
0"
#195460
1"
#195470
0"
#195480
1"
#195490
0"
#195500
1"
#195510
0"
#195520
1"
#195530
0"
#195540
1"
#195550
0"
#195560
1"
#195570
0"
#195580
1"
#195590
0"
#195600
1"
#195610
0"
#195620
1"
#195630
0"
#195640
1"
#195650
0"
#195660
1"
#195670
0"
#195680
1"
#195690
0"
#195700
1"
#195710
0"
#195720
1"
#195730
0"
#195740
1"
#195750
0"
#195760
1"
#195770
0"
#195780
1"
#195790
0"
#195800
1"
#195810
0"
#195820
1"
#195830
0"
#195840
1"
#195850
0"
#195860
1"
#195870
0"
#195880
1"
#195890
0"
#195900
1"
#195910
0"
#195920
1"
#195930
0"
#195940
1"
#195950
0"
#195960
1"
#195970
0"
#195980
1"
#195990
0"
#196000
1"
#196010
0"
#196020
1"
#196030
0"
#196040
1"
#196050
0"
#196060
1"
#196070
0"
#196080
1"
#196090
0"
#196100
1"
#196110
0"
#196120
1"
#196130
0"
#196140
1"
#196150
0"
#196160
1"
#196170
0"
#196180
1"
#196190
0"
#196200
1"
#196210
0"
#196220
1"
#196230
0"
#196240
1"
#196250
0"
#196260
1"
#196270
0"
#196280
1"
#196290
0"
#196300
1"
#196310
0"
#196320
1"
#196330
0"
#196340
1"
#196350
0"
#196360
1"
#196370
0"
#196380
1"
#196390
0"
#196400
1"
#196410
0"
#196420
1"
#196430
0"
#196440
1"
#196450
0"
#196460
1"
#196470
0"
#196480
1"
#196490
0"
#196500
1"
#196510
0"
#196520
1"
#196530
0"
#196540
1"
#196550
0"
#196560
1"
#196570
0"
#196580
1"
#196590
0"
#196600
1"
#196610
0"
#196620
1"
#196630
0"
#196640
1"
#196650
0"
#196660
1"
#196670
0"
#196680
1"
#196690
0"
#196700
1"
#196710
0"
#196720
1"
#196730
0"
#196740
1"
#196750
0"
#196760
1"
#196770
0"
#196780
1"
#196790
0"
#196800
1"
#196810
0"
#196820
1"
#196830
0"
#196840
1"
#196850
0"
#196860
1"
#196870
0"
#196880
1"
#196890
0"
#196900
1"
#196910
0"
#196920
1"
#196930
0"
#196940
1"
#196950
0"
#196960
1"
#196970
0"
#196980
1"
#196990
0"
#197000
1"
#197010
0"
#197020
1"
#197030
0"
#197040
1"
#197050
0"
#197060
1"
#197070
0"
#197080
1"
#197090
0"
#197100
1"
#197110
0"
#197120
1"
#197130
0"
#197140
1"
#197150
0"
#197160
1"
#197170
0"
#197180
1"
#197190
0"
#197200
1"
#197210
0"
#197220
1"
#197230
0"
#197240
1"
#197250
0"
#197260
1"
#197270
0"
#197280
1"
#197290
0"
#197300
1"
#197310
0"
#197320
1"
#197330
0"
#197340
1"
#197350
0"
#197360
1"
#197370
0"
#197380
1"
#197390
0"
#197400
1"
#197410
0"
#197420
1"
#197430
0"
#197440
1"
#197450
0"
#197460
1"
#197470
0"
#197480
1"
#197490
0"
#197500
1"
#197510
0"
#197520
1"
#197530
0"
#197540
1"
#197550
0"
#197560
1"
#197570
0"
#197580
1"
#197590
0"
#197600
1"
#197610
0"
#197620
1"
#197630
0"
#197640
1"
#197650
0"
#197660
1"
#197670
0"
#197680
1"
#197690
0"
#197700
1"
#197710
0"
#197720
1"
#197730
0"
#197740
1"
#197750
0"
#197760
1"
#197770
0"
#197780
1"
#197790
0"
#197800
1"
#197810
0"
#197820
1"
#197830
0"
#197840
1"
#197850
0"
#197860
1"
#197870
0"
#197880
1"
#197890
0"
#197900
1"
#197910
0"
#197920
1"
#197930
0"
#197940
1"
#197950
0"
#197960
1"
#197970
0"
#197980
1"
#197990
0"
#198000
1"
#198010
0"
#198020
1"
#198030
0"
#198040
1"
#198050
0"
#198060
1"
#198070
0"
#198080
1"
#198090
0"
#198100
1"
#198110
0"
#198120
1"
#198130
0"
#198140
1"
#198150
0"
#198160
1"
#198170
0"
#198180
1"
#198190
0"
#198200
1"
#198210
0"
#198220
1"
#198230
0"
#198240
1"
#198250
0"
#198260
1"
#198270
0"
#198280
1"
#198290
0"
#198300
1"
#198310
0"
#198320
1"
#198330
0"
#198340
1"
#198350
0"
#198360
1"
#198370
0"
#198380
1"
#198390
0"
#198400
1"
#198410
0"
#198420
1"
#198430
0"
#198440
1"
#198450
0"
#198460
1"
#198470
0"
#198480
1"
#198490
0"
#198500
1"
#198510
0"
#198520
1"
#198530
0"
#198540
1"
#198550
0"
#198560
1"
#198570
0"
#198580
1"
#198590
0"
#198600
1"
#198610
0"
#198620
1"
#198630
0"
#198640
1"
#198650
0"
#198660
1"
#198670
0"
#198680
1"
#198690
0"
#198700
1"
#198710
0"
#198720
1"
#198730
0"
#198740
1"
#198750
0"
#198760
1"
#198770
0"
#198780
1"
#198790
0"
#198800
1"
#198810
0"
#198820
1"
#198830
0"
#198840
1"
#198850
0"
#198860
1"
#198870
0"
#198880
1"
#198890
0"
#198900
1"
#198910
0"
#198920
1"
#198930
0"
#198940
1"
#198950
0"
#198960
1"
#198970
0"
#198980
1"
#198990
0"
#199000
1"
#199010
0"
#199020
1"
#199030
0"
#199040
1"
#199050
0"
#199060
1"
#199070
0"
#199080
1"
#199090
0"
#199100
1"
#199110
0"
#199120
1"
#199130
0"
#199140
1"
#199150
0"
#199160
1"
#199170
0"
#199180
1"
#199190
0"
#199200
1"
#199210
0"
#199220
1"
#199230
0"
#199240
1"
#199250
0"
#199260
1"
#199270
0"
#199280
1"
#199290
0"
#199300
1"
#199310
0"
#199320
1"
#199330
0"
#199340
1"
#199350
0"
#199360
1"
#199370
0"
#199380
1"
#199390
0"
#199400
1"
#199410
0"
#199420
1"
#199430
0"
#199440
1"
#199450
0"
#199460
1"
#199470
0"
#199480
1"
#199490
0"
#199500
1"
#199510
0"
#199520
1"
#199530
0"
#199540
1"
#199550
0"
#199560
1"
#199570
0"
#199580
1"
#199590
0"
#199600
1"
#199610
0"
#199620
1"
#199630
0"
#199640
1"
#199650
0"
#199660
1"
#199670
0"
#199680
1"
#199690
0"
#199700
1"
#199710
0"
#199720
1"
#199730
0"
#199740
1"
#199750
0"
#199760
1"
#199770
0"
#199780
1"
#199790
0"
#199800
1"
#199810
0"
#199820
1"
#199830
0"
#199840
1"
#199850
0"
#199860
1"
#199870
0"
#199880
1"
#199890
0"
#199900
1"
#199910
0"
#199920
1"
#199930
0"
#199940
1"
#199950
0"
#199960
1"
#199970
0"
#199980
1"
#199990
0"
#200000
1"
#200010
0"
#200020
1"
#200030
0"
#200040
1"
#200050
0"
#200060
1"
#200070
0"
#200080
1"
#200090
0"
#200100
1"
#200110
0"
#200120
1"
#200130
0"
#200140
1"
#200150
0"
#200160
1"
#200170
0"
#200180
1"
#200190
0"
#200200
1"
#200210
0"
#200220
1"
#200230
0"
#200240
1"
#200250
0"
#200260
1"
#200270
0"
#200280
1"
#200290
0"
#200300
1"
#200310
0"
#200320
1"
#200330
0"
#200340
1"
#200350
0"
#200360
1"
#200370
0"
#200380
1"
#200390
0"
#200400
1"
#200410
0"
#200420
1"
#200430
0"
#200440
1"
#200450
0"
#200460
1"
#200470
0"
#200480
1"
#200490
0"
#200500
1"
#200510
0"
#200520
1"
#200530
0"
#200540
1"
#200550
0"
#200560
1"
#200570
0"
#200580
1"
#200590
0"
#200600
1"
#200610
0"
#200620
1"
#200630
0"
#200640
1"
#200650
0"
#200660
1"
#200670
0"
#200680
1"
#200690
0"
#200700
1"
#200710
0"
#200720
1"
#200730
0"
#200740
1"
#200750
0"
#200760
1"
#200770
0"
#200780
1"
#200790
0"
#200800
1"
#200810
0"
#200820
1"
#200830
0"
#200840
1"
#200850
0"
#200860
1"
#200870
0"
#200880
1"
#200890
0"
#200900
1"
#200910
0"
#200920
1"
#200930
0"
#200940
1"
#200950
0"
#200960
1"
#200970
0"
#200980
1"
#200990
0"
#201000
1"
#201010
0"
#201020
1"
#201030
0"
#201040
1"
#201050
0"
#201060
1"
#201070
0"
#201080
1"
#201090
0"
#201100
1"
#201110
0"
#201120
1"
#201130
0"
#201140
1"
#201150
0"
#201160
1"
#201170
0"
#201180
1"
#201190
0"
#201200
1"
#201210
0"
#201220
1"
#201230
0"
#201240
1"
#201250
0"
#201260
1"
#201270
0"
#201280
1"
#201290
0"
#201300
1"
#201310
0"
#201320
1"
#201330
0"
#201340
1"
#201350
0"
#201360
1"
#201370
0"
#201380
1"
#201390
0"
#201400
1"
#201410
0"
#201420
1"
#201430
0"
#201440
1"
#201450
0"
#201460
1"
#201470
0"
#201480
1"
#201490
0"
#201500
1"
#201510
0"
#201520
1"
#201530
0"
#201540
1"
#201550
0"
#201560
1"
#201570
0"
#201580
1"
#201590
0"
#201600
1"
#201610
0"
#201620
1"
#201630
0"
#201640
1"
#201650
0"
#201660
1"
#201670
0"
#201680
1"
#201690
0"
#201700
1"
#201710
0"
#201720
1"
#201730
0"
#201740
1"
#201750
0"
#201760
1"
#201770
0"
#201780
1"
#201790
0"
#201800
1"
#201810
0"
#201820
1"
#201830
0"
#201840
1"
#201850
0"
#201860
1"
#201870
0"
#201880
1"
#201890
0"
#201900
1"
#201910
0"
#201920
1"
#201930
0"
#201940
1"
#201950
0"
#201960
1"
#201970
0"
#201980
1"
#201990
0"
#202000
1"
#202010
0"
#202020
1"
#202030
0"
#202040
1"
#202050
0"
#202060
1"
#202070
0"
#202080
1"
#202090
0"
#202100
1"
#202110
0"
#202120
1"
#202130
0"
#202140
1"
#202150
0"
#202160
1"
#202170
0"
#202180
1"
#202190
0"
#202200
1"
#202210
0"
#202220
1"
#202230
0"
#202240
1"
#202250
0"
#202260
1"
#202270
0"
#202280
1"
#202290
0"
#202300
1"
#202310
0"
#202320
1"
#202330
0"
#202340
1"
#202350
0"
#202360
1"
#202370
0"
#202380
1"
#202390
0"
#202400
1"
#202410
0"
#202420
1"
#202430
0"
#202440
1"
#202450
0"
#202460
1"
#202470
0"
#202480
1"
#202490
0"
#202500
1"
#202510
0"
#202520
1"
#202530
0"
#202540
1"
#202550
0"
#202560
1"
#202570
0"
#202580
1"
#202590
0"
#202600
1"
#202610
0"
#202620
1"
#202630
0"
#202640
1"
#202650
0"
#202660
1"
#202670
0"
#202680
1"
#202690
0"
#202700
1"
#202710
0"
#202720
1"
#202730
0"
#202740
1"
#202750
0"
#202760
1"
#202770
0"
#202780
1"
#202790
0"
#202800
1"
#202810
0"
#202820
1"
#202830
0"
#202840
1"
#202850
0"
#202860
1"
#202870
0"
#202880
1"
#202890
0"
#202900
1"
#202910
0"
#202920
1"
#202930
0"
#202940
1"
#202950
0"
#202960
1"
#202970
0"
#202980
1"
#202990
0"
#203000
1"
#203010
0"
#203020
1"
#203030
0"
#203040
1"
#203050
0"
#203060
1"
#203070
0"
#203080
1"
#203090
0"
#203100
1"
#203110
0"
#203120
1"
#203130
0"
#203140
1"
#203150
0"
#203160
1"
#203170
0"
#203180
1"
#203190
0"
#203200
1"
#203210
0"
#203220
1"
#203230
0"
#203240
1"
#203250
0"
#203260
1"
#203270
0"
#203280
1"
#203290
0"
#203300
1"
#203310
0"
#203320
1"
#203330
0"
#203340
1"
#203350
0"
#203360
1"
#203370
0"
#203380
1"
#203390
0"
#203400
1"
#203410
0"
#203420
1"
#203430
0"
#203440
1"
#203450
0"
#203460
1"
#203470
0"
#203480
1"
#203490
0"
#203500
1"
#203510
0"
#203520
1"
#203530
0"
#203540
1"
#203550
0"
#203560
1"
#203570
0"
#203580
1"
#203590
0"
#203600
1"
#203610
0"
#203620
1"
#203630
0"
#203640
1"
#203650
0"
#203660
1"
#203670
0"
#203680
1"
#203690
0"
#203700
1"
#203710
0"
#203720
1"
#203730
0"
#203740
1"
#203750
0"
#203760
1"
#203770
0"
#203780
1"
#203790
0"
#203800
1"
#203810
0"
#203820
1"
#203830
0"
#203840
1"
#203850
0"
#203860
1"
#203870
0"
#203880
1"
#203890
0"
#203900
1"
#203910
0"
#203920
1"
#203930
0"
#203940
1"
#203950
0"
#203960
1"
#203970
0"
#203980
1"
#203990
0"
#204000
1"
#204010
0"
#204020
1"
#204030
0"
#204040
1"
#204050
0"
#204060
1"
#204070
0"
#204080
1"
#204090
0"
#204100
1"
#204110
0"
#204120
1"
#204130
0"
#204140
1"
#204150
0"
#204160
1"
#204170
0"
#204180
1"
#204190
0"
#204200
1"
#204210
0"
#204220
1"
#204230
0"
#204240
1"
#204250
0"
#204260
1"
#204270
0"
#204280
1"
#204290
0"
#204300
1"
#204310
0"
#204320
1"
#204330
0"
#204340
1"
#204350
0"
#204360
1"
#204370
0"
#204380
1"
#204390
0"
#204400
1"
#204410
0"
#204420
1"
#204430
0"
#204440
1"
#204450
0"
#204460
1"
#204470
0"
#204480
1"
#204490
0"
#204500
1"
#204510
0"
#204520
1"
#204530
0"
#204540
1"
#204550
0"
#204560
1"
#204570
0"
#204580
1"
#204590
0"
#204600
1"
#204610
0"
#204620
1"
#204630
0"
#204640
1"
#204650
0"
#204660
1"
#204670
0"
#204680
1"
#204690
0"
#204700
1"
#204710
0"
#204720
1"
#204730
0"
#204740
1"
#204750
0"
#204760
1"
#204770
0"
#204780
1"
#204790
0"
#204800
1"
#204810
0"
#204820
1"
#204830
0"
#204840
1"
#204850
0"
#204860
1"
#204870
0"
#204880
1"
#204890
0"
#204900
1"
#204910
0"
#204920
1"
#204930
0"
#204940
1"
#204950
0"
#204960
1"
#204970
0"
#204980
1"
#204990
0"
#205000
1"
#205010
0"
#205020
1"
#205030
0"
#205040
1"
#205050
0"
#205060
1"
#205070
0"
#205080
1"
#205090
0"
#205100
1"
#205110
0"
#205120
1"
#205130
0"
#205140
1"
#205150
0"
#205160
1"
#205170
0"
#205180
1"
#205190
0"
#205200
1"
#205210
0"
#205220
1"
#205230
0"
#205240
1"
#205250
0"
#205260
1"
#205270
0"
#205280
1"
#205290
0"
#205300
1"
#205310
0"
#205320
1"
#205330
0"
#205340
1"
#205350
0"
#205360
1"
#205370
0"
#205380
1"
#205390
0"
#205400
1"
#205410
0"
#205420
1"
#205430
0"
#205440
1"
#205450
0"
#205460
1"
#205470
0"
#205480
1"
#205490
0"
#205500
1"
#205510
0"
#205520
1"
#205530
0"
#205540
1"
#205550
0"
#205560
1"
#205570
0"
#205580
1"
#205590
0"
#205600
1"
#205610
0"
#205620
1"
#205630
0"
#205640
1"
#205650
0"
#205660
1"
#205670
0"
#205680
1"
#205690
0"
#205700
1"
#205710
0"
#205720
1"
#205730
0"
#205740
1"
#205750
0"
#205760
1"
#205770
0"
#205780
1"
#205790
0"
#205800
1"
#205810
0"
#205820
1"
#205830
0"
#205840
1"
#205850
0"
#205860
1"
#205870
0"
#205880
1"
#205890
0"
#205900
1"
#205910
0"
#205920
1"
#205930
0"
#205940
1"
#205950
0"
#205960
1"
#205970
0"
#205980
1"
#205990
0"
#206000
1"
#206010
0"
#206020
1"
#206030
0"
#206040
1"
#206050
0"
#206060
1"
#206070
0"
#206080
1"
#206090
0"
#206100
1"
#206110
0"
#206120
1"
#206130
0"
#206140
1"
#206150
0"
#206160
1"
#206170
0"
#206180
1"
#206190
0"
#206200
1"
#206210
0"
#206220
1"
#206230
0"
#206240
1"
#206250
0"
#206260
1"
#206270
0"
#206280
1"
#206290
0"
#206300
1"
#206310
0"
#206320
1"
#206330
0"
#206340
1"
#206350
0"
#206360
1"
#206370
0"
#206380
1"
#206390
0"
#206400
1"
#206410
0"
#206420
1"
#206430
0"
#206440
1"
#206450
0"
#206460
1"
#206470
0"
#206480
1"
#206490
0"
#206500
1"
#206510
0"
#206520
1"
#206530
0"
#206540
1"
#206550
0"
#206560
1"
#206570
0"
#206580
1"
#206590
0"
#206600
1"
#206610
0"
#206620
1"
#206630
0"
#206640
1"
#206650
0"
#206660
1"
#206670
0"
#206680
1"
#206690
0"
#206700
1"
#206710
0"
#206720
1"
#206730
0"
#206740
1"
#206750
0"
#206760
1"
#206770
0"
#206780
1"
#206790
0"
#206800
1"
#206810
0"
#206820
1"
#206830
0"
#206840
1"
#206850
0"
#206860
1"
#206870
0"
#206880
1"
#206890
0"
#206900
1"
#206910
0"
#206920
1"
#206930
0"
#206940
1"
#206950
0"
#206960
1"
#206970
0"
#206980
1"
#206990
0"
#207000
1"
#207010
0"
#207020
1"
#207030
0"
#207040
1"
#207050
0"
#207060
1"
#207070
0"
#207080
1"
#207090
0"
#207100
1"
#207110
0"
#207120
1"
#207130
0"
#207140
1"
#207150
0"
#207160
1"
#207170
0"
#207180
1"
#207190
0"
#207200
1"
#207210
0"
#207220
1"
#207230
0"
#207240
1"
#207250
0"
#207260
1"
#207270
0"
#207280
1"
#207290
0"
#207300
1"
#207310
0"
#207320
1"
#207330
0"
#207340
1"
#207350
0"
#207360
1"
#207370
0"
#207380
1"
#207390
0"
#207400
1"
#207410
0"
#207420
1"
#207430
0"
#207440
1"
#207450
0"
#207460
1"
#207470
0"
#207480
1"
#207490
0"
#207500
1"
#207510
0"
#207520
1"
#207530
0"
#207540
1"
#207550
0"
#207560
1"
#207570
0"
#207580
1"
#207590
0"
#207600
1"
#207610
0"
#207620
1"
#207630
0"
#207640
1"
#207650
0"
#207660
1"
#207670
0"
#207680
1"
#207690
0"
#207700
1"
#207710
0"
#207720
1"
#207730
0"
#207740
1"
#207750
0"
#207760
1"
#207770
0"
#207780
1"
#207790
0"
#207800
1"
#207810
0"
#207820
1"
#207830
0"
#207840
1"
#207850
0"
#207860
1"
#207870
0"
#207880
1"
#207890
0"
#207900
1"
#207910
0"
#207920
1"
#207930
0"
#207940
1"
#207950
0"
#207960
1"
#207970
0"
#207980
1"
#207990
0"
#208000
1"
#208010
0"
#208020
1"
#208030
0"
#208040
1"
#208050
0"
#208060
1"
#208070
0"
#208080
1"
#208090
0"
#208100
1"
#208110
0"
#208120
1"
#208130
0"
#208140
1"
#208150
0"
#208160
1"
#208170
0"
#208180
1"
#208190
0"
#208200
1"
#208210
0"
#208220
1"
#208230
0"
#208240
1"
#208250
0"
#208260
1"
#208270
0"
#208280
1"
#208290
0"
#208300
1"
#208310
0"
#208320
1"
#208330
0"
#208340
1"
#208350
0"
#208360
1"
#208370
0"
#208380
1"
#208390
0"
#208400
1"
#208410
0"
#208420
1"
#208430
0"
#208440
1"
#208450
0"
#208460
1"
#208470
0"
#208480
1"
#208490
0"
#208500
1"
#208510
0"
#208520
1"
#208530
0"
#208540
1"
#208550
0"
#208560
1"
#208570
0"
#208580
1"
#208590
0"
#208600
1"
#208610
0"
#208620
1"
#208630
0"
#208640
1"
#208650
0"
#208660
1"
#208670
0"
#208680
1"
#208690
0"
#208700
1"
#208710
0"
#208720
1"
#208730
0"
#208740
1"
#208750
0"
#208760
1"
#208770
0"
#208780
1"
#208790
0"
#208800
1"
#208810
0"
#208820
1"
#208830
0"
#208840
1"
#208850
0"
#208860
1"
#208870
0"
#208880
1"
#208890
0"
#208900
1"
#208910
0"
#208920
1"
#208930
0"
#208940
1"
#208950
0"
#208960
1"
#208970
0"
#208980
1"
#208990
0"
#209000
1"
#209010
0"
#209020
1"
#209030
0"
#209040
1"
#209050
0"
#209060
1"
#209070
0"
#209080
1"
#209090
0"
#209100
1"
#209110
0"
#209120
1"
#209130
0"
#209140
1"
#209150
0"
#209160
1"
#209170
0"
#209180
1"
#209190
0"
#209200
1"
#209210
0"
#209220
1"
#209230
0"
#209240
1"
#209250
0"
#209260
1"
#209270
0"
#209280
1"
#209290
0"
#209300
1"
#209310
0"
#209320
1"
#209330
0"
#209340
1"
#209350
0"
#209360
1"
#209370
0"
#209380
1"
#209390
0"
#209400
1"
#209410
0"
#209420
1"
#209430
0"
#209440
1"
#209450
0"
#209460
1"
#209470
0"
#209480
1"
#209490
0"
#209500
1"
#209510
0"
#209520
1"
#209530
0"
#209540
1"
#209550
0"
#209560
1"
#209570
0"
#209580
1"
#209590
0"
#209600
1"
#209610
0"
#209620
1"
#209630
0"
#209640
1"
#209650
0"
#209660
1"
#209670
0"
#209680
1"
#209690
0"
#209700
1"
#209710
0"
#209720
1"
#209730
0"
#209740
1"
#209750
0"
#209760
1"
#209770
0"
#209780
1"
#209790
0"
#209800
1"
#209810
0"
#209820
1"
#209830
0"
#209840
1"
#209850
0"
#209860
1"
#209870
0"
#209880
1"
#209890
0"
#209900
1"
#209910
0"
#209920
1"
#209930
0"
#209940
1"
#209950
0"
#209960
1"
#209970
0"
#209980
1"
#209990
0"
#210000
1"
#210010
0"
#210020
1"
#210030
0"
#210040
1"
#210050
0"
#210060
1"
#210070
0"
#210080
1"
#210090
0"
#210100
1"
#210110
0"
#210120
1"
#210130
0"
#210140
1"
#210150
0"
#210160
1"
#210170
0"
#210180
1"
#210190
0"
#210200
1"
#210210
0"
#210220
1"
#210230
0"
#210240
1"
#210250
0"
#210260
1"
#210270
0"
#210280
1"
#210290
0"
#210300
1"
#210310
0"
#210320
1"
#210330
0"
#210340
1"
#210350
0"
#210360
1"
#210370
0"
#210380
1"
#210390
0"
#210400
1"
#210410
0"
#210420
1"
#210430
0"
#210440
1"
#210450
0"
#210460
1"
#210470
0"
#210480
1"
#210490
0"
#210500
1"
#210510
0"
#210520
1"
#210530
0"
#210540
1"
#210550
0"
#210560
1"
#210570
0"
#210580
1"
#210590
0"
#210600
1"
#210610
0"
#210620
1"
#210630
0"
#210640
1"
#210650
0"
#210660
1"
#210670
0"
#210680
1"
#210690
0"
#210700
1"
#210710
0"
#210720
1"
#210730
0"
#210740
1"
#210750
0"
#210760
1"
#210770
0"
#210780
1"
#210790
0"
#210800
1"
#210810
0"
#210820
1"
#210830
0"
#210840
1"
#210850
0"
#210860
1"
#210870
0"
#210880
1"
#210890
0"
#210900
1"
#210910
0"
#210920
1"
#210930
0"
#210940
1"
#210950
0"
#210960
1"
#210970
0"
#210980
1"
#210990
0"
#211000
1"
#211010
0"
#211020
1"
#211030
0"
#211040
1"
#211050
0"
#211060
1"
#211070
0"
#211080
1"
#211090
0"
#211100
1"
#211110
0"
#211120
1"
#211130
0"
#211140
1"
#211150
0"
#211160
1"
#211170
0"
#211180
1"
#211190
0"
#211200
1"
#211210
0"
#211220
1"
#211230
0"
#211240
1"
#211250
0"
#211260
1"
#211270
0"
#211280
1"
#211290
0"
#211300
1"
#211310
0"
#211320
1"
#211330
0"
#211340
1"
#211350
0"
#211360
1"
#211370
0"
#211380
1"
#211390
0"
#211400
1"
#211410
0"
#211420
1"
#211430
0"
#211440
1"
#211450
0"
#211460
1"
#211470
0"
#211480
1"
#211490
0"
#211500
1"
#211510
0"
#211520
1"
#211530
0"
#211540
1"
#211550
0"
#211560
1"
#211570
0"
#211580
1"
#211590
0"
#211600
1"
#211610
0"
#211620
1"
#211630
0"
#211640
1"
#211650
0"
#211660
1"
#211670
0"
#211680
1"
#211690
0"
#211700
1"
#211710
0"
#211720
1"
#211730
0"
#211740
1"
#211750
0"
#211760
1"
#211770
0"
#211780
1"
#211790
0"
#211800
1"
#211810
0"
#211820
1"
#211830
0"
#211840
1"
#211850
0"
#211860
1"
#211870
0"
#211880
1"
#211890
0"
#211900
1"
#211910
0"
#211920
1"
#211930
0"
#211940
1"
#211950
0"
#211960
1"
#211970
0"
#211980
1"
#211990
0"
#212000
1"
#212010
0"
#212020
1"
#212030
0"
#212040
1"
#212050
0"
#212060
1"
#212070
0"
#212080
1"
#212090
0"
#212100
1"
#212110
0"
#212120
1"
#212130
0"
#212140
1"
#212150
0"
#212160
1"
#212170
0"
#212180
1"
#212190
0"
#212200
1"
#212210
0"
#212220
1"
#212230
0"
#212240
1"
#212250
0"
#212260
1"
#212270
0"
#212280
1"
#212290
0"
#212300
1"
#212310
0"
#212320
1"
#212330
0"
#212340
1"
#212350
0"
#212360
1"
#212370
0"
#212380
1"
#212390
0"
#212400
1"
#212410
0"
#212420
1"
#212430
0"
#212440
1"
#212450
0"
#212460
1"
#212470
0"
#212480
1"
#212490
0"
#212500
1"
#212510
0"
#212520
1"
#212530
0"
#212540
1"
#212550
0"
#212560
1"
#212570
0"
#212580
1"
#212590
0"
#212600
1"
#212610
0"
#212620
1"
#212630
0"
#212640
1"
#212650
0"
#212660
1"
#212670
0"
#212680
1"
#212690
0"
#212700
1"
#212710
0"
#212720
1"
#212730
0"
#212740
1"
#212750
0"
#212760
1"
#212770
0"
#212780
1"
#212790
0"
#212800
1"
#212810
0"
#212820
1"
#212830
0"
#212840
1"
#212850
0"
#212860
1"
#212870
0"
#212880
1"
#212890
0"
#212900
1"
#212910
0"
#212920
1"
#212930
0"
#212940
1"
#212950
0"
#212960
1"
#212970
0"
#212980
1"
#212990
0"
#213000
1"
#213010
0"
#213020
1"
#213030
0"
#213040
1"
#213050
0"
#213060
1"
#213070
0"
#213080
1"
#213090
0"
#213100
1"
#213110
0"
#213120
1"
#213130
0"
#213140
1"
#213150
0"
#213160
1"
#213170
0"
#213180
1"
#213190
0"
#213200
1"
#213210
0"
#213220
1"
#213230
0"
#213240
1"
#213250
0"
#213260
1"
#213270
0"
#213280
1"
#213290
0"
#213300
1"
#213310
0"
#213320
1"
#213330
0"
#213340
1"
#213350
0"
#213360
1"
#213370
0"
#213380
1"
#213390
0"
#213400
1"
#213410
0"
#213420
1"
#213430
0"
#213440
1"
#213450
0"
#213460
1"
#213470
0"
#213480
1"
#213490
0"
#213500
1"
#213510
0"
#213520
1"
#213530
0"
#213540
1"
#213550
0"
#213560
1"
#213570
0"
#213580
1"
#213590
0"
#213600
1"
#213610
0"
#213620
1"
#213630
0"
#213640
1"
#213650
0"
#213660
1"
#213670
0"
#213680
1"
#213690
0"
#213700
1"
#213710
0"
#213720
1"
#213730
0"
#213740
1"
#213750
0"
#213760
1"
#213770
0"
#213780
1"
#213790
0"
#213800
1"
#213810
0"
#213820
1"
#213830
0"
#213840
1"
#213850
0"
#213860
1"
#213870
0"
#213880
1"
#213890
0"
#213900
1"
#213910
0"
#213920
1"
#213930
0"
#213940
1"
#213950
0"
#213960
1"
#213970
0"
#213980
1"
#213990
0"
#214000
1"
#214010
0"
#214020
1"
#214030
0"
#214040
1"
#214050
0"
#214060
1"
#214070
0"
#214080
1"
#214090
0"
#214100
1"
#214110
0"
#214120
1"
#214130
0"
#214140
1"
#214150
0"
#214160
1"
#214170
0"
#214180
1"
#214190
0"
#214200
1"
#214210
0"
#214220
1"
#214230
0"
#214240
1"
#214250
0"
#214260
1"
#214270
0"
#214280
1"
#214290
0"
#214300
1"
#214310
0"
#214320
1"
#214330
0"
#214340
1"
#214350
0"
#214360
1"
#214370
0"
#214380
1"
#214390
0"
#214400
1"
#214410
0"
#214420
1"
#214430
0"
#214440
1"
#214450
0"
#214460
1"
#214470
0"
#214480
1"
#214490
0"
#214500
1"
#214510
0"
#214520
1"
#214530
0"
#214540
1"
#214550
0"
#214560
1"
#214570
0"
#214580
1"
#214590
0"
#214600
1"
#214610
0"
#214620
1"
#214630
0"
#214640
1"
#214650
0"
#214660
1"
#214670
0"
#214680
1"
#214690
0"
#214700
1"
#214710
0"
#214720
1"
#214730
0"
#214740
1"
#214750
0"
#214760
1"
#214770
0"
#214780
1"
#214790
0"
#214800
1"
#214810
0"
#214820
1"
#214830
0"
#214840
1"
#214850
0"
#214860
1"
#214870
0"
#214880
1"
#214890
0"
#214900
1"
#214910
0"
#214920
1"
#214930
0"
#214940
1"
#214950
0"
#214960
1"
#214970
0"
#214980
1"
#214990
0"
#215000
1"
#215010
0"
#215020
1"
#215030
0"
#215040
1"
#215050
0"
#215060
1"
#215070
0"
#215080
1"
#215090
0"
#215100
1"
#215110
0"
#215120
1"
#215130
0"
#215140
1"
#215150
0"
#215160
1"
#215170
0"
#215180
1"
#215190
0"
#215200
1"
#215210
0"
#215220
1"
#215230
0"
#215240
1"
#215250
0"
#215260
1"
#215270
0"
#215280
1"
#215290
0"
#215300
1"
#215310
0"
#215320
1"
#215330
0"
#215340
1"
#215350
0"
#215360
1"
#215370
0"
#215380
1"
#215390
0"
#215400
1"
#215410
0"
#215420
1"
#215430
0"
#215440
1"
#215450
0"
#215460
1"
#215470
0"
#215480
1"
#215490
0"
#215500
1"
#215510
0"
#215520
1"
#215530
0"
#215540
1"
#215550
0"
#215560
1"
#215570
0"
#215580
1"
#215590
0"
#215600
1"
#215610
0"
#215620
1"
#215630
0"
#215640
1"
#215650
0"
#215660
1"
#215670
0"
#215680
1"
#215690
0"
#215700
1"
#215710
0"
#215720
1"
#215730
0"
#215740
1"
#215750
0"
#215760
1"
#215770
0"
#215780
1"
#215790
0"
#215800
1"
#215810
0"
#215820
1"
#215830
0"
#215840
1"
#215850
0"
#215860
1"
#215870
0"
#215880
1"
#215890
0"
#215900
1"
#215910
0"
#215920
1"
#215930
0"
#215940
1"
#215950
0"
#215960
1"
#215970
0"
#215980
1"
#215990
0"
#216000
1"
#216010
0"
#216020
1"
#216030
0"
#216040
1"
#216050
0"
#216060
1"
#216070
0"
#216080
1"
#216090
0"
#216100
1"
#216110
0"
#216120
1"
#216130
0"
#216140
1"
#216150
0"
#216160
1"
#216170
0"
#216180
1"
#216190
0"
#216200
1"
#216210
0"
#216220
1"
#216230
0"
#216240
1"
#216250
0"
#216260
1"
#216270
0"
#216280
1"
#216290
0"
#216300
1"
#216310
0"
#216320
1"
#216330
0"
#216340
1"
#216350
0"
#216360
1"
#216370
0"
#216380
1"
#216390
0"
#216400
1"
#216410
0"
#216420
1"
#216430
0"
#216440
1"
#216450
0"
#216460
1"
#216470
0"
#216480
1"
#216490
0"
#216500
1"
#216510
0"
#216520
1"
#216530
0"
#216540
1"
#216550
0"
#216560
1"
#216570
0"
#216580
1"
#216590
0"
#216600
1"
#216610
0"
#216620
1"
#216630
0"
#216640
1"
#216650
0"
#216660
1"
#216670
0"
#216680
1"
#216690
0"
#216700
1"
#216710
0"
#216720
1"
#216730
0"
#216740
1"
#216750
0"
#216760
1"
#216770
0"
#216780
1"
#216790
0"
#216800
1"
#216810
0"
#216820
1"
#216830
0"
#216840
1"
#216850
0"
#216860
1"
#216870
0"
#216880
1"
#216890
0"
#216900
1"
#216910
0"
#216920
1"
#216930
0"
#216940
1"
#216950
0"
#216960
1"
#216970
0"
#216980
1"
#216990
0"
#217000
1"
#217010
0"
#217020
1"
#217030
0"
#217040
1"
#217050
0"
#217060
1"
#217070
0"
#217080
1"
#217090
0"
#217100
1"
#217110
0"
#217120
1"
#217130
0"
#217140
1"
#217150
0"
#217160
1"
#217170
0"
#217180
1"
#217190
0"
#217200
1"
#217210
0"
#217220
1"
#217230
0"
#217240
1"
#217250
0"
#217260
1"
#217270
0"
#217280
1"
#217290
0"
#217300
1"
#217310
0"
#217320
1"
#217330
0"
#217340
1"
#217350
0"
#217360
1"
#217370
0"
#217380
1"
#217390
0"
#217400
1"
#217410
0"
#217420
1"
#217430
0"
#217440
1"
#217450
0"
#217460
1"
#217470
0"
#217480
1"
#217490
0"
#217500
1"
#217510
0"
#217520
1"
#217530
0"
#217540
1"
#217550
0"
#217560
1"
#217570
0"
#217580
1"
#217590
0"
#217600
1"
#217610
0"
#217620
1"
#217630
0"
#217640
1"
#217650
0"
#217660
1"
#217670
0"
#217680
1"
#217690
0"
#217700
1"
#217710
0"
#217720
1"
#217730
0"
#217740
1"
#217750
0"
#217760
1"
#217770
0"
#217780
1"
#217790
0"
#217800
1"
#217810
0"
#217820
1"
#217830
0"
#217840
1"
#217850
0"
#217860
1"
#217870
0"
#217880
1"
#217890
0"
#217900
1"
#217910
0"
#217920
1"
#217930
0"
#217940
1"
#217950
0"
#217960
1"
#217970
0"
#217980
1"
#217990
0"
#218000
1"
#218010
0"
#218020
1"
#218030
0"
#218040
1"
#218050
0"
#218060
1"
#218070
0"
#218080
1"
#218090
0"
#218100
1"
#218110
0"
#218120
1"
#218130
0"
#218140
1"
#218150
0"
#218160
1"
#218170
0"
#218180
1"
#218190
0"
#218200
1"
#218210
0"
#218220
1"
#218230
0"
#218240
1"
#218250
0"
#218260
1"
#218270
0"
#218280
1"
#218290
0"
#218300
1"
#218310
0"
#218320
1"
#218330
0"
#218340
1"
#218350
0"
#218360
1"
#218370
0"
#218380
1"
#218390
0"
#218400
1"
#218410
0"
#218420
1"
#218430
0"
#218440
1"
#218450
0"
#218460
1"
#218470
0"
#218480
1"
#218490
0"
#218500
1"
#218510
0"
#218520
1"
#218530
0"
#218540
1"
#218550
0"
#218560
1"
#218570
0"
#218580
1"
#218590
0"
#218600
1"
#218610
0"
#218620
1"
#218630
0"
#218640
1"
#218650
0"
#218660
1"
#218670
0"
#218680
1"
#218690
0"
#218700
1"
#218710
0"
#218720
1"
#218730
0"
#218740
1"
#218750
0"
#218760
1"
#218770
0"
#218780
1"
#218790
0"
#218800
1"
#218810
0"
#218820
1"
#218830
0"
#218840
1"
#218850
0"
#218860
1"
#218870
0"
#218880
1"
#218890
0"
#218900
1"
#218910
0"
#218920
1"
#218930
0"
#218940
1"
#218950
0"
#218960
1"
#218970
0"
#218980
1"
#218990
0"
#219000
1"
#219010
0"
#219020
1"
#219030
0"
#219040
1"
#219050
0"
#219060
1"
#219070
0"
#219080
1"
#219090
0"
#219100
1"
#219110
0"
#219120
1"
#219130
0"
#219140
1"
#219150
0"
#219160
1"
#219170
0"
#219180
1"
#219190
0"
#219200
1"
#219210
0"
#219220
1"
#219230
0"
#219240
1"
#219250
0"
#219260
1"
#219270
0"
#219280
1"
#219290
0"
#219300
1"
#219310
0"
#219320
1"
#219330
0"
#219340
1"
#219350
0"
#219360
1"
#219370
0"
#219380
1"
#219390
0"
#219400
1"
#219410
0"
#219420
1"
#219430
0"
#219440
1"
#219450
0"
#219460
1"
#219470
0"
#219480
1"
#219490
0"
#219500
1"
#219510
0"
#219520
1"
#219530
0"
#219540
1"
#219550
0"
#219560
1"
#219570
0"
#219580
1"
#219590
0"
#219600
1"
#219610
0"
#219620
1"
#219630
0"
#219640
1"
#219650
0"
#219660
1"
#219670
0"
#219680
1"
#219690
0"
#219700
1"
#219710
0"
#219720
1"
#219730
0"
#219740
1"
#219750
0"
#219760
1"
#219770
0"
#219780
1"
#219790
0"
#219800
1"
#219810
0"
#219820
1"
#219830
0"
#219840
1"
#219850
0"
#219860
1"
#219870
0"
#219880
1"
#219890
0"
#219900
1"
#219910
0"
#219920
1"
#219930
0"
#219940
1"
#219950
0"
#219960
1"
#219970
0"
#219980
1"
#219990
0"
#220000
1"
#220010
0"
#220020
1"
#220030
0"
#220040
1"
#220050
0"
#220060
1"
#220070
0"
#220080
1"
#220090
0"
#220100
1"
#220110
0"
#220120
1"
#220130
0"
#220140
1"
#220150
0"
#220160
1"
#220170
0"
#220180
1"
#220190
0"
#220200
1"
#220210
0"
#220220
1"
#220230
0"
#220240
1"
#220250
0"
#220260
1"
#220270
0"
#220280
1"
#220290
0"
#220300
1"
#220310
0"
#220320
1"
#220330
0"
#220340
1"
#220350
0"
#220360
1"
#220370
0"
#220380
1"
#220390
0"
#220400
1"
#220410
0"
#220420
1"
#220430
0"
#220440
1"
#220450
0"
#220460
1"
#220470
0"
#220480
1"
#220490
0"
#220500
1"
#220510
0"
#220520
1"
#220530
0"
#220540
1"
#220550
0"
#220560
1"
#220570
0"
#220580
1"
#220590
0"
#220600
1"
#220610
0"
#220620
1"
#220630
0"
#220640
1"
#220650
0"
#220660
1"
#220670
0"
#220680
1"
#220690
0"
#220700
1"
#220710
0"
#220720
1"
#220730
0"
#220740
1"
#220750
0"
#220760
1"
#220770
0"
#220780
1"
#220790
0"
#220800
1"
#220810
0"
#220820
1"
#220830
0"
#220840
1"
#220850
0"
#220860
1"
#220870
0"
#220880
1"
#220890
0"
#220900
1"
#220910
0"
#220920
1"
#220930
0"
#220940
1"
#220950
0"
#220960
1"
#220970
0"
#220980
1"
#220990
0"
#221000
1"
#221010
0"
#221020
1"
#221030
0"
#221040
1"
#221050
0"
#221060
1"
#221070
0"
#221080
1"
#221090
0"
#221100
1"
#221110
0"
#221120
1"
#221130
0"
#221140
1"
#221150
0"
#221160
1"
#221170
0"
#221180
1"
#221190
0"
#221200
1"
#221210
0"
#221220
1"
#221230
0"
#221240
1"
#221250
0"
#221260
1"
#221270
0"
#221280
1"
#221290
0"
#221300
1"
#221310
0"
#221320
1"
#221330
0"
#221340
1"
#221350
0"
#221360
1"
#221370
0"
#221380
1"
#221390
0"
#221400
1"
#221410
0"
#221420
1"
#221430
0"
#221440
1"
#221450
0"
#221460
1"
#221470
0"
#221480
1"
#221490
0"
#221500
1"
#221510
0"
#221520
1"
#221530
0"
#221540
1"
#221550
0"
#221560
1"
#221570
0"
#221580
1"
#221590
0"
#221600
1"
#221610
0"
#221620
1"
#221630
0"
#221640
1"
#221650
0"
#221660
1"
#221670
0"
#221680
1"
#221690
0"
#221700
1"
#221710
0"
#221720
1"
#221730
0"
#221740
1"
#221750
0"
#221760
1"
#221770
0"
#221780
1"
#221790
0"
#221800
1"
#221810
0"
#221820
1"
#221830
0"
#221840
1"
#221850
0"
#221860
1"
#221870
0"
#221880
1"
#221890
0"
#221900
1"
#221910
0"
#221920
1"
#221930
0"
#221940
1"
#221950
0"
#221960
1"
#221970
0"
#221980
1"
#221990
0"
#222000
1"
#222010
0"
#222020
1"
#222030
0"
#222040
1"
#222050
0"
#222060
1"
#222070
0"
#222080
1"
#222090
0"
#222100
1"
#222110
0"
#222120
1"
#222130
0"
#222140
1"
#222150
0"
#222160
1"
#222170
0"
#222180
1"
#222190
0"
#222200
1"
#222210
0"
#222220
1"
#222230
0"
#222240
1"
#222250
0"
#222260
1"
#222270
0"
#222280
1"
#222290
0"
#222300
1"
#222310
0"
#222320
1"
#222330
0"
#222340
1"
#222350
0"
#222360
1"
#222370
0"
#222380
1"
#222390
0"
#222400
1"
#222410
0"
#222420
1"
#222430
0"
#222440
1"
#222450
0"
#222460
1"
#222470
0"
#222480
1"
#222490
0"
#222500
1"
#222510
0"
#222520
1"
#222530
0"
#222540
1"
#222550
0"
#222560
1"
#222570
0"
#222580
1"
#222590
0"
#222600
1"
#222610
0"
#222620
1"
#222630
0"
#222640
1"
#222650
0"
#222660
1"
#222670
0"
#222680
1"
#222690
0"
#222700
1"
#222710
0"
#222720
1"
#222730
0"
#222740
1"
#222750
0"
#222760
1"
#222770
0"
#222780
1"
#222790
0"
#222800
1"
#222810
0"
#222820
1"
#222830
0"
#222840
1"
#222850
0"
#222860
1"
#222870
0"
#222880
1"
#222890
0"
#222900
1"
#222910
0"
#222920
1"
#222930
0"
#222940
1"
#222950
0"
#222960
1"
#222970
0"
#222980
1"
#222990
0"
#223000
1"
#223010
0"
#223020
1"
#223030
0"
#223040
1"
#223050
0"
#223060
1"
#223070
0"
#223080
1"
#223090
0"
#223100
1"
#223110
0"
#223120
1"
#223130
0"
#223140
1"
#223150
0"
#223160
1"
#223170
0"
#223180
1"
#223190
0"
#223200
1"
#223210
0"
#223220
1"
#223230
0"
#223240
1"
#223250
0"
#223260
1"
#223270
0"
#223280
1"
#223290
0"
#223300
1"
#223310
0"
#223320
1"
#223330
0"
#223340
1"
#223350
0"
#223360
1"
#223370
0"
#223380
1"
#223390
0"
#223400
1"
#223410
0"
#223420
1"
#223430
0"
#223440
1"
#223450
0"
#223460
1"
#223470
0"
#223480
1"
#223490
0"
#223500
1"
#223510
0"
#223520
1"
#223530
0"
#223540
1"
#223550
0"
#223560
1"
#223570
0"
#223580
1"
#223590
0"
#223600
1"
#223610
0"
#223620
1"
#223630
0"
#223640
1"
#223650
0"
#223660
1"
#223670
0"
#223680
1"
#223690
0"
#223700
1"
#223710
0"
#223720
1"
#223730
0"
#223740
1"
#223750
0"
#223760
1"
#223770
0"
#223780
1"
#223790
0"
#223800
1"
#223810
0"
#223820
1"
#223830
0"
#223840
1"
#223850
0"
#223860
1"
#223870
0"
#223880
1"
#223890
0"
#223900
1"
#223910
0"
#223920
1"
#223930
0"
#223940
1"
#223950
0"
#223960
1"
#223970
0"
#223980
1"
#223990
0"
#224000
1"
#224010
0"
#224020
1"
#224030
0"
#224040
1"
#224050
0"
#224060
1"
#224070
0"
#224080
1"
#224090
0"
#224100
1"
#224110
0"
#224120
1"
#224130
0"
#224140
1"
#224150
0"
#224160
1"
#224170
0"
#224180
1"
#224190
0"
#224200
1"
#224210
0"
#224220
1"
#224230
0"
#224240
1"
#224250
0"
#224260
1"
#224270
0"
#224280
1"
#224290
0"
#224300
1"
#224310
0"
#224320
1"
#224330
0"
#224340
1"
#224350
0"
#224360
1"
#224370
0"
#224380
1"
#224390
0"
#224400
1"
#224410
0"
#224420
1"
#224430
0"
#224440
1"
#224450
0"
#224460
1"
#224470
0"
#224480
1"
#224490
0"
#224500
1"
#224510
0"
#224520
1"
#224530
0"
#224540
1"
#224550
0"
#224560
1"
#224570
0"
#224580
1"
#224590
0"
#224600
1"
#224610
0"
#224620
1"
#224630
0"
#224640
1"
#224650
0"
#224660
1"
#224670
0"
#224680
1"
#224690
0"
#224700
1"
#224710
0"
#224720
1"
#224730
0"
#224740
1"
#224750
0"
#224760
1"
#224770
0"
#224780
1"
#224790
0"
#224800
1"
#224810
0"
#224820
1"
#224830
0"
#224840
1"
#224850
0"
#224860
1"
#224870
0"
#224880
1"
#224890
0"
#224900
1"
#224910
0"
#224920
1"
#224930
0"
#224940
1"
#224950
0"
#224960
1"
#224970
0"
#224980
1"
#224990
0"
#225000
1"
#225010
0"
#225020
1"
#225030
0"
#225040
1"
#225050
0"
#225060
1"
#225070
0"
#225080
1"
#225090
0"
#225100
1"
#225110
0"
#225120
1"
#225130
0"
#225140
1"
#225150
0"
#225160
1"
#225170
0"
#225180
1"
#225190
0"
#225200
1"
#225210
0"
#225220
1"
#225230
0"
#225240
1"
#225250
0"
#225260
1"
#225270
0"
#225280
1"
#225290
0"
#225300
1"
#225310
0"
#225320
1"
#225330
0"
#225340
1"
#225350
0"
#225360
1"
#225370
0"
#225380
1"
#225390
0"
#225400
1"
#225410
0"
#225420
1"
#225430
0"
#225440
1"
#225450
0"
#225460
1"
#225470
0"
#225480
1"
#225490
0"
#225500
1"
#225510
0"
#225520
1"
#225530
0"
#225540
1"
#225550
0"
#225560
1"
#225570
0"
#225580
1"
#225590
0"
#225600
1"
#225610
0"
#225620
1"
#225630
0"
#225640
1"
#225650
0"
#225660
1"
#225670
0"
#225680
1"
#225690
0"
#225700
1"
#225710
0"
#225720
1"
#225730
0"
#225740
1"
#225750
0"
#225760
1"
#225770
0"
#225780
1"
#225790
0"
#225800
1"
#225810
0"
#225820
1"
#225830
0"
#225840
1"
#225850
0"
#225860
1"
#225870
0"
#225880
1"
#225890
0"
#225900
1"
#225910
0"
#225920
1"
#225930
0"
#225940
1"
#225950
0"
#225960
1"
#225970
0"
#225980
1"
#225990
0"
#226000
1"
#226010
0"
#226020
1"
#226030
0"
#226040
1"
#226050
0"
#226060
1"
#226070
0"
#226080
1"
#226090
0"
#226100
1"
#226110
0"
#226120
1"
#226130
0"
#226140
1"
#226150
0"
#226160
1"
#226170
0"
#226180
1"
#226190
0"
#226200
1"
#226210
0"
#226220
1"
#226230
0"
#226240
1"
#226250
0"
#226260
1"
#226270
0"
#226280
1"
#226290
0"
#226300
1"
#226310
0"
#226320
1"
#226330
0"
#226340
1"
#226350
0"
#226360
1"
#226370
0"
#226380
1"
#226390
0"
#226400
1"
#226410
0"
#226420
1"
#226430
0"
#226440
1"
#226450
0"
#226460
1"
#226470
0"
#226480
1"
#226490
0"
#226500
1"
#226510
0"
#226520
1"
#226530
0"
#226540
1"
#226550
0"
#226560
1"
#226570
0"
#226580
1"
#226590
0"
#226600
1"
#226610
0"
#226620
1"
#226630
0"
#226640
1"
#226650
0"
#226660
1"
#226670
0"
#226680
1"
#226690
0"
#226700
1"
#226710
0"
#226720
1"
#226730
0"
#226740
1"
#226750
0"
#226760
1"
#226770
0"
#226780
1"
#226790
0"
#226800
1"
#226810
0"
#226820
1"
#226830
0"
#226840
1"
#226850
0"
#226860
1"
#226870
0"
#226880
1"
#226890
0"
#226900
1"
#226910
0"
#226920
1"
#226930
0"
#226940
1"
#226950
0"
#226960
1"
#226970
0"
#226980
1"
#226990
0"
#227000
1"
#227010
0"
#227020
1"
#227030
0"
#227040
1"
#227050
0"
#227060
1"
#227070
0"
#227080
1"
#227090
0"
#227100
1"
#227110
0"
#227120
1"
#227130
0"
#227140
1"
#227150
0"
#227160
1"
#227170
0"
#227180
1"
#227190
0"
#227200
1"
#227210
0"
#227220
1"
#227230
0"
#227240
1"
#227250
0"
#227260
1"
#227270
0"
#227280
1"
#227290
0"
#227300
1"
#227310
0"
#227320
1"
#227330
0"
#227340
1"
#227350
0"
#227360
1"
#227370
0"
#227380
1"
#227390
0"
#227400
1"
#227410
0"
#227420
1"
#227430
0"
#227440
1"
#227450
0"
#227460
1"
#227470
0"
#227480
1"
#227490
0"
#227500
1"
#227510
0"
#227520
1"
#227530
0"
#227540
1"
#227550
0"
#227560
1"
#227570
0"
#227580
1"
#227590
0"
#227600
1"
#227610
0"
#227620
1"
#227630
0"
#227640
1"
#227650
0"
#227660
1"
#227670
0"
#227680
1"
#227690
0"
#227700
1"
#227710
0"
#227720
1"
#227730
0"
#227740
1"
#227750
0"
#227760
1"
#227770
0"
#227780
1"
#227790
0"
#227800
1"
#227810
0"
#227820
1"
#227830
0"
#227840
1"
#227850
0"
#227860
1"
#227870
0"
#227880
1"
#227890
0"
#227900
1"
#227910
0"
#227920
1"
#227930
0"
#227940
1"
#227950
0"
#227960
1"
#227970
0"
#227980
1"
#227990
0"
#228000
1"
#228010
0"
#228020
1"
#228030
0"
#228040
1"
#228050
0"
#228060
1"
#228070
0"
#228080
1"
#228090
0"
#228100
1"
#228110
0"
#228120
1"
#228130
0"
#228140
1"
#228150
0"
#228160
1"
#228170
0"
#228180
1"
#228190
0"
#228200
1"
#228210
0"
#228220
1"
#228230
0"
#228240
1"
#228250
0"
#228260
1"
#228270
0"
#228280
1"
#228290
0"
#228300
1"
#228310
0"
#228320
1"
#228330
0"
#228340
1"
#228350
0"
#228360
1"
#228370
0"
#228380
1"
#228390
0"
#228400
1"
#228410
0"
#228420
1"
#228430
0"
#228440
1"
#228450
0"
#228460
1"
#228470
0"
#228480
1"
#228490
0"
#228500
1"
#228510
0"
#228520
1"
#228530
0"
#228540
1"
#228550
0"
#228560
1"
#228570
0"
#228580
1"
#228590
0"
#228600
1"
#228610
0"
#228620
1"
#228630
0"
#228640
1"
#228650
0"
#228660
1"
#228670
0"
#228680
1"
#228690
0"
#228700
1"
#228710
0"
#228720
1"
#228730
0"
#228740
1"
#228750
0"
#228760
1"
#228770
0"
#228780
1"
#228790
0"
#228800
1"
#228810
0"
#228820
1"
#228830
0"
#228840
1"
#228850
0"
#228860
1"
#228870
0"
#228880
1"
#228890
0"
#228900
1"
#228910
0"
#228920
1"
#228930
0"
#228940
1"
#228950
0"
#228960
1"
#228970
0"
#228980
1"
#228990
0"
#229000
1"
#229010
0"
#229020
1"
#229030
0"
#229040
1"
#229050
0"
#229060
1"
#229070
0"
#229080
1"
#229090
0"
#229100
1"
#229110
0"
#229120
1"
#229130
0"
#229140
1"
#229150
0"
#229160
1"
#229170
0"
#229180
1"
#229190
0"
#229200
1"
#229210
0"
#229220
1"
#229230
0"
#229240
1"
#229250
0"
#229260
1"
#229270
0"
#229280
1"
#229290
0"
#229300
1"
#229310
0"
#229320
1"
#229330
0"
#229340
1"
#229350
0"
#229360
1"
#229370
0"
#229380
1"
#229390
0"
#229400
1"
#229410
0"
#229420
1"
#229430
0"
#229440
1"
#229450
0"
#229460
1"
#229470
0"
#229480
1"
#229490
0"
#229500
1"
#229510
0"
#229520
1"
#229530
0"
#229540
1"
#229550
0"
#229560
1"
#229570
0"
#229580
1"
#229590
0"
#229600
1"
#229610
0"
#229620
1"
#229630
0"
#229640
1"
#229650
0"
#229660
1"
#229670
0"
#229680
1"
#229690
0"
#229700
1"
#229710
0"
#229720
1"
#229730
0"
#229740
1"
#229750
0"
#229760
1"
#229770
0"
#229780
1"
#229790
0"
#229800
1"
#229810
0"
#229820
1"
#229830
0"
#229840
1"
#229850
0"
#229860
1"
#229870
0"
#229880
1"
#229890
0"
#229900
1"
#229910
0"
#229920
1"
#229930
0"
#229940
1"
#229950
0"
#229960
1"
#229970
0"
#229980
1"
#229990
0"
#230000
1"
#230010
0"
#230020
1"
#230030
0"
#230040
1"
#230050
0"
#230060
1"
#230070
0"
#230080
1"
#230090
0"
#230100
1"
#230110
0"
#230120
1"
#230130
0"
#230140
1"
#230150
0"
#230160
1"
#230170
0"
#230180
1"
#230190
0"
#230200
1"
#230210
0"
#230220
1"
#230230
0"
#230240
1"
#230250
0"
#230260
1"
#230270
0"
#230280
1"
#230290
0"
#230300
1"
#230310
0"
#230320
1"
#230330
0"
#230340
1"
#230350
0"
#230360
1"
#230370
0"
#230380
1"
#230390
0"
#230400
1"
#230410
0"
#230420
1"
#230430
0"
#230440
1"
#230450
0"
#230460
1"
#230470
0"
#230480
1"
#230490
0"
#230500
1"
#230510
0"
#230520
1"
#230530
0"
#230540
1"
#230550
0"
#230560
1"
#230570
0"
#230580
1"
#230590
0"
#230600
1"
#230610
0"
#230620
1"
#230630
0"
#230640
1"
#230650
0"
#230660
1"
#230670
0"
#230680
1"
#230690
0"
#230700
1"
#230710
0"
#230720
1"
#230730
0"
#230740
1"
#230750
0"
#230760
1"
#230770
0"
#230780
1"
#230790
0"
#230800
1"
#230810
0"
#230820
1"
#230830
0"
#230840
1"
#230850
0"
#230860
1"
#230870
0"
#230880
1"
#230890
0"
#230900
1"
#230910
0"
#230920
1"
#230930
0"
#230940
1"
#230950
0"
#230960
1"
#230970
0"
#230980
1"
#230990
0"
#231000
1"
#231010
0"
#231020
1"
#231030
0"
#231040
1"
#231050
0"
#231060
1"
#231070
0"
#231080
1"
#231090
0"
#231100
1"
#231110
0"
#231120
1"
#231130
0"
#231140
1"
#231150
0"
#231160
1"
#231170
0"
#231180
1"
#231190
0"
#231200
1"
#231210
0"
#231220
1"
#231230
0"
#231240
1"
#231250
0"
#231260
1"
#231270
0"
#231280
1"
#231290
0"
#231300
1"
#231310
0"
#231320
1"
#231330
0"
#231340
1"
#231350
0"
#231360
1"
#231370
0"
#231380
1"
#231390
0"
#231400
1"
#231410
0"
#231420
1"
#231430
0"
#231440
1"
#231450
0"
#231460
1"
#231470
0"
#231480
1"
#231490
0"
#231500
1"
#231510
0"
#231520
1"
#231530
0"
#231540
1"
#231550
0"
#231560
1"
#231570
0"
#231580
1"
#231590
0"
#231600
1"
#231610
0"
#231620
1"
#231630
0"
#231640
1"
#231650
0"
#231660
1"
#231670
0"
#231680
1"
#231690
0"
#231700
1"
#231710
0"
#231720
1"
#231730
0"
#231740
1"
#231750
0"
#231760
1"
#231770
0"
#231780
1"
#231790
0"
#231800
1"
#231810
0"
#231820
1"
#231830
0"
#231840
1"
#231850
0"
#231860
1"
#231870
0"
#231880
1"
#231890
0"
#231900
1"
#231910
0"
#231920
1"
#231930
0"
#231940
1"
#231950
0"
#231960
1"
#231970
0"
#231980
1"
#231990
0"
#232000
1"
#232010
0"
#232020
1"
#232030
0"
#232040
1"
#232050
0"
#232060
1"
#232070
0"
#232080
1"
#232090
0"
#232100
1"
#232110
0"
#232120
1"
#232130
0"
#232140
1"
#232150
0"
#232160
1"
#232170
0"
#232180
1"
#232190
0"
#232200
1"
#232210
0"
#232220
1"
#232230
0"
#232240
1"
#232250
0"
#232260
1"
#232270
0"
#232280
1"
#232290
0"
#232300
1"
#232310
0"
#232320
1"
#232330
0"
#232340
1"
#232350
0"
#232360
1"
#232370
0"
#232380
1"
#232390
0"
#232400
1"
#232410
0"
#232420
1"
#232430
0"
#232440
1"
#232450
0"
#232460
1"
#232470
0"
#232480
1"
#232490
0"
#232500
1"
#232510
0"
#232520
1"
#232530
0"
#232540
1"
#232550
0"
#232560
1"
#232570
0"
#232580
1"
#232590
0"
#232600
1"
#232610
0"
#232620
1"
#232630
0"
#232640
1"
#232650
0"
#232660
1"
#232670
0"
#232680
1"
#232690
0"
#232700
1"
#232710
0"
#232720
1"
#232730
0"
#232740
1"
#232750
0"
#232760
1"
#232770
0"
#232780
1"
#232790
0"
#232800
1"
#232810
0"
#232820
1"
#232830
0"
#232840
1"
#232850
0"
#232860
1"
#232870
0"
#232880
1"
#232890
0"
#232900
1"
#232910
0"
#232920
1"
#232930
0"
#232940
1"
#232950
0"
#232960
1"
#232970
0"
#232980
1"
#232990
0"
#233000
1"
#233010
0"
#233020
1"
#233030
0"
#233040
1"
#233050
0"
#233060
1"
#233070
0"
#233080
1"
#233090
0"
#233100
1"
#233110
0"
#233120
1"
#233130
0"
#233140
1"
#233150
0"
#233160
1"
#233170
0"
#233180
1"
#233190
0"
#233200
1"
#233210
0"
#233220
1"
#233230
0"
#233240
1"
#233250
0"
#233260
1"
#233270
0"
#233280
1"
#233290
0"
#233300
1"
#233310
0"
#233320
1"
#233330
0"
#233340
1"
#233350
0"
#233360
1"
#233370
0"
#233380
1"
#233390
0"
#233400
1"
#233410
0"
#233420
1"
#233430
0"
#233440
1"
#233450
0"
#233460
1"
#233470
0"
#233480
1"
#233490
0"
#233500
1"
#233510
0"
#233520
1"
#233530
0"
#233540
1"
#233550
0"
#233560
1"
#233570
0"
#233580
1"
#233590
0"
#233600
1"
#233610
0"
#233620
1"
#233630
0"
#233640
1"
#233650
0"
#233660
1"
#233670
0"
#233680
1"
#233690
0"
#233700
1"
#233710
0"
#233720
1"
#233730
0"
#233740
1"
#233750
0"
#233760
1"
#233770
0"
#233780
1"
#233790
0"
#233800
1"
#233810
0"
#233820
1"
#233830
0"
#233840
1"
#233850
0"
#233860
1"
#233870
0"
#233880
1"
#233890
0"
#233900
1"
#233910
0"
#233920
1"
#233930
0"
#233940
1"
#233950
0"
#233960
1"
#233970
0"
#233980
1"
#233990
0"
#234000
1"
#234010
0"
#234020
1"
#234030
0"
#234040
1"
#234050
0"
#234060
1"
#234070
0"
#234080
1"
#234090
0"
#234100
1"
#234110
0"
#234120
1"
#234130
0"
#234140
1"
#234150
0"
#234160
1"
#234170
0"
#234180
1"
#234190
0"
#234200
1"
#234210
0"
#234220
1"
#234230
0"
#234240
1"
#234250
0"
#234260
1"
#234270
0"
#234280
1"
#234290
0"
#234300
1"
#234310
0"
#234320
1"
#234330
0"
#234340
1"
#234350
0"
#234360
1"
#234370
0"
#234380
1"
#234390
0"
#234400
1"
#234410
0"
#234420
1"
#234430
0"
#234440
1"
#234450
0"
#234460
1"
#234470
0"
#234480
1"
#234490
0"
#234500
1"
#234510
0"
#234520
1"
#234530
0"
#234540
1"
#234550
0"
#234560
1"
#234570
0"
#234580
1"
#234590
0"
#234600
1"
#234610
0"
#234620
1"
#234630
0"
#234640
1"
#234650
0"
#234660
1"
#234670
0"
#234680
1"
#234690
0"
#234700
1"
#234710
0"
#234720
1"
#234730
0"
#234740
1"
#234750
0"
#234760
1"
#234770
0"
#234780
1"
#234790
0"
#234800
1"
#234810
0"
#234820
1"
#234830
0"
#234840
1"
#234850
0"
#234860
1"
#234870
0"
#234880
1"
#234890
0"
#234900
1"
#234910
0"
#234920
1"
#234930
0"
#234940
1"
#234950
0"
#234960
1"
#234970
0"
#234980
1"
#234990
0"
#235000
1"
#235010
0"
#235020
1"
#235030
0"
#235040
1"
#235050
0"
#235060
1"
#235070
0"
#235080
1"
#235090
0"
#235100
1"
#235110
0"
#235120
1"
#235130
0"
#235140
1"
#235150
0"
#235160
1"
#235170
0"
#235180
1"
#235190
0"
#235200
1"
#235210
0"
#235220
1"
#235230
0"
#235240
1"
#235250
0"
#235260
1"
#235270
0"
#235280
1"
#235290
0"
#235300
1"
#235310
0"
#235320
1"
#235330
0"
#235340
1"
#235350
0"
#235360
1"
#235370
0"
#235380
1"
#235390
0"
#235400
1"
#235410
0"
#235420
1"
#235430
0"
#235440
1"
#235450
0"
#235460
1"
#235470
0"
#235480
1"
#235490
0"
#235500
1"
#235510
0"
#235520
1"
#235530
0"
#235540
1"
#235550
0"
#235560
1"
#235570
0"
#235580
1"
#235590
0"
#235600
1"
#235610
0"
#235620
1"
#235630
0"
#235640
1"
#235650
0"
#235660
1"
#235670
0"
#235680
1"
#235690
0"
#235700
1"
#235710
0"
#235720
1"
#235730
0"
#235740
1"
#235750
0"
#235760
1"
#235770
0"
#235780
1"
#235790
0"
#235800
1"
#235810
0"
#235820
1"
#235830
0"
#235840
1"
#235850
0"
#235860
1"
#235870
0"
#235880
1"
#235890
0"
#235900
1"
#235910
0"
#235920
1"
#235930
0"
#235940
1"
#235950
0"
#235960
1"
#235970
0"
#235980
1"
#235990
0"
#236000
1"
#236010
0"
#236020
1"
#236030
0"
#236040
1"
#236050
0"
#236060
1"
#236070
0"
#236080
1"
#236090
0"
#236100
1"
#236110
0"
#236120
1"
#236130
0"
#236140
1"
#236150
0"
#236160
1"
#236170
0"
#236180
1"
#236190
0"
#236200
1"
#236210
0"
#236220
1"
#236230
0"
#236240
1"
#236250
0"
#236260
1"
#236270
0"
#236280
1"
#236290
0"
#236300
1"
#236310
0"
#236320
1"
#236330
0"
#236340
1"
#236350
0"
#236360
1"
#236370
0"
#236380
1"
#236390
0"
#236400
1"
#236410
0"
#236420
1"
#236430
0"
#236440
1"
#236450
0"
#236460
1"
#236470
0"
#236480
1"
#236490
0"
#236500
1"
#236510
0"
#236520
1"
#236530
0"
#236540
1"
#236550
0"
#236560
1"
#236570
0"
#236580
1"
#236590
0"
#236600
1"
#236610
0"
#236620
1"
#236630
0"
#236640
1"
#236650
0"
#236660
1"
#236670
0"
#236680
1"
#236690
0"
#236700
1"
#236710
0"
#236720
1"
#236730
0"
#236740
1"
#236750
0"
#236760
1"
#236770
0"
#236780
1"
#236790
0"
#236800
1"
#236810
0"
#236820
1"
#236830
0"
#236840
1"
#236850
0"
#236860
1"
#236870
0"
#236880
1"
#236890
0"
#236900
1"
#236910
0"
#236920
1"
#236930
0"
#236940
1"
#236950
0"
#236960
1"
#236970
0"
#236980
1"
#236990
0"
#237000
1"
#237010
0"
#237020
1"
#237030
0"
#237040
1"
#237050
0"
#237060
1"
#237070
0"
#237080
1"
#237090
0"
#237100
1"
#237110
0"
#237120
1"
#237130
0"
#237140
1"
#237150
0"
#237160
1"
#237170
0"
#237180
1"
#237190
0"
#237200
1"
#237210
0"
#237220
1"
#237230
0"
#237240
1"
#237250
0"
#237260
1"
#237270
0"
#237280
1"
#237290
0"
#237300
1"
#237310
0"
#237320
1"
#237330
0"
#237340
1"
#237350
0"
#237360
1"
#237370
0"
#237380
1"
#237390
0"
#237400
1"
#237410
0"
#237420
1"
#237430
0"
#237440
1"
#237450
0"
#237460
1"
#237470
0"
#237480
1"
#237490
0"
#237500
1"
#237510
0"
#237520
1"
#237530
0"
#237540
1"
#237550
0"
#237560
1"
#237570
0"
#237580
1"
#237590
0"
#237600
1"
#237610
0"
#237620
1"
#237630
0"
#237640
1"
#237650
0"
#237660
1"
#237670
0"
#237680
1"
#237690
0"
#237700
1"
#237710
0"
#237720
1"
#237730
0"
#237740
1"
#237750
0"
#237760
1"
#237770
0"
#237780
1"
#237790
0"
#237800
1"
#237810
0"
#237820
1"
#237830
0"
#237840
1"
#237850
0"
#237860
1"
#237870
0"
#237880
1"
#237890
0"
#237900
1"
#237910
0"
#237920
1"
#237930
0"
#237940
1"
#237950
0"
#237960
1"
#237970
0"
#237980
1"
#237990
0"
#238000
1"
#238010
0"
#238020
1"
#238030
0"
#238040
1"
#238050
0"
#238060
1"
#238070
0"
#238080
1"
#238090
0"
#238100
1"
#238110
0"
#238120
1"
#238130
0"
#238140
1"
#238150
0"
#238160
1"
#238170
0"
#238180
1"
#238190
0"
#238200
1"
#238210
0"
#238220
1"
#238230
0"
#238240
1"
#238250
0"
#238260
1"
#238270
0"
#238280
1"
#238290
0"
#238300
1"
#238310
0"
#238320
1"
#238330
0"
#238340
1"
#238350
0"
#238360
1"
#238370
0"
#238380
1"
#238390
0"
#238400
1"
#238410
0"
#238420
1"
#238430
0"
#238440
1"
#238450
0"
#238460
1"
#238470
0"
#238480
1"
#238490
0"
#238500
1"
#238510
0"
#238520
1"
#238530
0"
#238540
1"
#238550
0"
#238560
1"
#238570
0"
#238580
1"
#238590
0"
#238600
1"
#238610
0"
#238620
1"
#238630
0"
#238640
1"
#238650
0"
#238660
1"
#238670
0"
#238680
1"
#238690
0"
#238700
1"
#238710
0"
#238720
1"
#238730
0"
#238740
1"
#238750
0"
#238760
1"
#238770
0"
#238780
1"
#238790
0"
#238800
1"
#238810
0"
#238820
1"
#238830
0"
#238840
1"
#238850
0"
#238860
1"
#238870
0"
#238880
1"
#238890
0"
#238900
1"
#238910
0"
#238920
1"
#238930
0"
#238940
1"
#238950
0"
#238960
1"
#238970
0"
#238980
1"
#238990
0"
#239000
1"
#239010
0"
#239020
1"
#239030
0"
#239040
1"
#239050
0"
#239060
1"
#239070
0"
#239080
1"
#239090
0"
#239100
1"
#239110
0"
#239120
1"
#239130
0"
#239140
1"
#239150
0"
#239160
1"
#239170
0"
#239180
1"
#239190
0"
#239200
1"
#239210
0"
#239220
1"
#239230
0"
#239240
1"
#239250
0"
#239260
1"
#239270
0"
#239280
1"
#239290
0"
#239300
1"
#239310
0"
#239320
1"
#239330
0"
#239340
1"
#239350
0"
#239360
1"
#239370
0"
#239380
1"
#239390
0"
#239400
1"
#239410
0"
#239420
1"
#239430
0"
#239440
1"
#239450
0"
#239460
1"
#239470
0"
#239480
1"
#239490
0"
#239500
1"
#239510
0"
#239520
1"
#239530
0"
#239540
1"
#239550
0"
#239560
1"
#239570
0"
#239580
1"
#239590
0"
#239600
1"
#239610
0"
#239620
1"
#239630
0"
#239640
1"
#239650
0"
#239660
1"
#239670
0"
#239680
1"
#239690
0"
#239700
1"
#239710
0"
#239720
1"
#239730
0"
#239740
1"
#239750
0"
#239760
1"
#239770
0"
#239780
1"
#239790
0"
#239800
1"
#239810
0"
#239820
1"
#239830
0"
#239840
1"
#239850
0"
#239860
1"
#239870
0"
#239880
1"
#239890
0"
#239900
1"
#239910
0"
#239920
1"
#239930
0"
#239940
1"
#239950
0"
#239960
1"
#239970
0"
#239980
1"
#239990
0"
#240000
1"
#240010
0"
#240020
1"
#240030
0"
#240040
1"
#240050
0"
#240060
1"
#240070
0"
#240080
1"
#240090
0"
#240100
1"
#240110
0"
#240120
1"
#240130
0"
#240140
1"
#240150
0"
#240160
1"
#240170
0"
#240180
1"
#240190
0"
#240200
1"
#240210
0"
#240220
1"
#240230
0"
#240240
1"
#240250
0"
#240260
1"
#240270
0"
#240280
1"
#240290
0"
#240300
1"
#240310
0"
#240320
1"
#240330
0"
#240340
1"
#240350
0"
#240360
1"
#240370
0"
#240380
1"
#240390
0"
#240400
1"
#240410
0"
#240420
1"
#240430
0"
#240440
1"
#240450
0"
#240460
1"
#240470
0"
#240480
1"
#240490
0"
#240500
1"
#240510
0"
#240520
1"
#240530
0"
#240540
1"
#240550
0"
#240560
1"
#240570
0"
#240580
1"
#240590
0"
#240600
1"
#240610
0"
#240620
1"
#240630
0"
#240640
1"
#240650
0"
#240660
1"
#240670
0"
#240680
1"
#240690
0"
#240700
1"
#240710
0"
#240720
1"
#240730
0"
#240740
1"
#240750
0"
#240760
1"
#240770
0"
#240780
1"
#240790
0"
#240800
1"
#240810
0"
#240820
1"
#240830
0"
#240840
1"
#240850
0"
#240860
1"
#240870
0"
#240880
1"
#240890
0"
#240900
1"
#240910
0"
#240920
1"
#240930
0"
#240940
1"
#240950
0"
#240960
1"
#240970
0"
#240980
1"
#240990
0"
#241000
1"
#241010
0"
#241020
1"
#241030
0"
#241040
1"
#241050
0"
#241060
1"
#241070
0"
#241080
1"
#241090
0"
#241100
1"
#241110
0"
#241120
1"
#241130
0"
#241140
1"
#241150
0"
#241160
1"
#241170
0"
#241180
1"
#241190
0"
#241200
1"
#241210
0"
#241220
1"
#241230
0"
#241240
1"
#241250
0"
#241260
1"
#241270
0"
#241280
1"
#241290
0"
#241300
1"
#241310
0"
#241320
1"
#241330
0"
#241340
1"
#241350
0"
#241360
1"
#241370
0"
#241380
1"
#241390
0"
#241400
1"
#241410
0"
#241420
1"
#241430
0"
#241440
1"
#241450
0"
#241460
1"
#241470
0"
#241480
1"
#241490
0"
#241500
1"
#241510
0"
#241520
1"
#241530
0"
#241540
1"
#241550
0"
#241560
1"
#241570
0"
#241580
1"
#241590
0"
#241600
1"
#241610
0"
#241620
1"
#241630
0"
#241640
1"
#241650
0"
#241660
1"
#241670
0"
#241680
1"
#241690
0"
#241700
1"
#241710
0"
#241720
1"
#241730
0"
#241740
1"
#241750
0"
#241760
1"
#241770
0"
#241780
1"
#241790
0"
#241800
1"
#241810
0"
#241820
1"
#241830
0"
#241840
1"
#241850
0"
#241860
1"
#241870
0"
#241880
1"
#241890
0"
#241900
1"
#241910
0"
#241920
1"
#241930
0"
#241940
1"
#241950
0"
#241960
1"
#241970
0"
#241980
1"
#241990
0"
#242000
1"
#242010
0"
#242020
1"
#242030
0"
#242040
1"
#242050
0"
#242060
1"
#242070
0"
#242080
1"
#242090
0"
#242100
1"
#242110
0"
#242120
1"
#242130
0"
#242140
1"
#242150
0"
#242160
1"
#242170
0"
#242180
1"
#242190
0"
#242200
1"
#242210
0"
#242220
1"
#242230
0"
#242240
1"
#242250
0"
#242260
1"
#242270
0"
#242280
1"
#242290
0"
#242300
1"
#242310
0"
#242320
1"
#242330
0"
#242340
1"
#242350
0"
#242360
1"
#242370
0"
#242380
1"
#242390
0"
#242400
1"
#242410
0"
#242420
1"
#242430
0"
#242440
1"
#242450
0"
#242460
1"
#242470
0"
#242480
1"
#242490
0"
#242500
1"
#242510
0"
#242520
1"
#242530
0"
#242540
1"
#242550
0"
#242560
1"
#242570
0"
#242580
1"
#242590
0"
#242600
1"
#242610
0"
#242620
1"
#242630
0"
#242640
1"
#242650
0"
#242660
1"
#242670
0"
#242680
1"
#242690
0"
#242700
1"
#242710
0"
#242720
1"
#242730
0"
#242740
1"
#242750
0"
#242760
1"
#242770
0"
#242780
1"
#242790
0"
#242800
1"
#242810
0"
#242820
1"
#242830
0"
#242840
1"
#242850
0"
#242860
1"
#242870
0"
#242880
1"
#242890
0"
#242900
1"
#242910
0"
#242920
1"
#242930
0"
#242940
1"
#242950
0"
#242960
1"
#242970
0"
#242980
1"
#242990
0"
#243000
1"
#243010
0"
#243020
1"
#243030
0"
#243040
1"
#243050
0"
#243060
1"
#243070
0"
#243080
1"
#243090
0"
#243100
1"
#243110
0"
#243120
1"
#243130
0"
#243140
1"
#243150
0"
#243160
1"
#243170
0"
#243180
1"
#243190
0"
#243200
1"
#243210
0"
#243220
1"
#243230
0"
#243240
1"
#243250
0"
#243260
1"
#243270
0"
#243280
1"
#243290
0"
#243300
1"
#243310
0"
#243320
1"
#243330
0"
#243340
1"
#243350
0"
#243360
1"
#243370
0"
#243380
1"
#243390
0"
#243400
1"
#243410
0"
#243420
1"
#243430
0"
#243440
1"
#243450
0"
#243460
1"
#243470
0"
#243480
1"
#243490
0"
#243500
1"
#243510
0"
#243520
1"
#243530
0"
#243540
1"
#243550
0"
#243560
1"
#243570
0"
#243580
1"
#243590
0"
#243600
1"
#243610
0"
#243620
1"
#243630
0"
#243640
1"
#243650
0"
#243660
1"
#243670
0"
#243680
1"
#243690
0"
#243700
1"
#243710
0"
#243720
1"
#243730
0"
#243740
1"
#243750
0"
#243760
1"
#243770
0"
#243780
1"
#243790
0"
#243800
1"
#243810
0"
#243820
1"
#243830
0"
#243840
1"
#243850
0"
#243860
1"
#243870
0"
#243880
1"
#243890
0"
#243900
1"
#243910
0"
#243920
1"
#243930
0"
#243940
1"
#243950
0"
#243960
1"
#243970
0"
#243980
1"
#243990
0"
#244000
1"
#244010
0"
#244020
1"
#244030
0"
#244040
1"
#244050
0"
#244060
1"
#244070
0"
#244080
1"
#244090
0"
#244100
1"
#244110
0"
#244120
1"
#244130
0"
#244140
1"
#244150
0"
#244160
1"
#244170
0"
#244180
1"
#244190
0"
#244200
1"
#244210
0"
#244220
1"
#244230
0"
#244240
1"
#244250
0"
#244260
1"
#244270
0"
#244280
1"
#244290
0"
#244300
1"
#244310
0"
#244320
1"
#244330
0"
#244340
1"
#244350
0"
#244360
1"
#244370
0"
#244380
1"
#244390
0"
#244400
1"
#244410
0"
#244420
1"
#244430
0"
#244440
1"
#244450
0"
#244460
1"
#244470
0"
#244480
1"
#244490
0"
#244500
1"
#244510
0"
#244520
1"
#244530
0"
#244540
1"
#244550
0"
#244560
1"
#244570
0"
#244580
1"
#244590
0"
#244600
1"
#244610
0"
#244620
1"
#244630
0"
#244640
1"
#244650
0"
#244660
1"
#244670
0"
#244680
1"
#244690
0"
#244700
1"
#244710
0"
#244720
1"
#244730
0"
#244740
1"
#244750
0"
#244760
1"
#244770
0"
#244780
1"
#244790
0"
#244800
1"
#244810
0"
#244820
1"
#244830
0"
#244840
1"
#244850
0"
#244860
1"
#244870
0"
#244880
1"
#244890
0"
#244900
1"
#244910
0"
#244920
1"
#244930
0"
#244940
1"
#244950
0"
#244960
1"
#244970
0"
#244980
1"
#244990
0"
#245000
1"
#245010
0"
#245020
1"
#245030
0"
#245040
1"
#245050
0"
#245060
1"
#245070
0"
#245080
1"
#245090
0"
#245100
1"
#245110
0"
#245120
1"
#245130
0"
#245140
1"
#245150
0"
#245160
1"
#245170
0"
#245180
1"
#245190
0"
#245200
1"
#245210
0"
#245220
1"
#245230
0"
#245240
1"
#245250
0"
#245260
1"
#245270
0"
#245280
1"
#245290
0"
#245300
1"
#245310
0"
#245320
1"
#245330
0"
#245340
1"
#245350
0"
#245360
1"
#245370
0"
#245380
1"
#245390
0"
#245400
1"
#245410
0"
#245420
1"
#245430
0"
#245440
1"
#245450
0"
#245460
1"
#245470
0"
#245480
1"
#245490
0"
#245500
1"
#245510
0"
#245520
1"
#245530
0"
#245540
1"
#245550
0"
#245560
1"
#245570
0"
#245580
1"
#245590
0"
#245600
1"
#245610
0"
#245620
1"
#245630
0"
#245640
1"
#245650
0"
#245660
1"
#245670
0"
#245680
1"
#245690
0"
#245700
1"
#245710
0"
#245720
1"
#245730
0"
#245740
1"
#245750
0"
#245760
1"
#245770
0"
#245780
1"
#245790
0"
#245800
1"
#245810
0"
#245820
1"
#245830
0"
#245840
1"
#245850
0"
#245860
1"
#245870
0"
#245880
1"
#245890
0"
#245900
1"
#245910
0"
#245920
1"
#245930
0"
#245940
1"
#245950
0"
#245960
1"
#245970
0"
#245980
1"
#245990
0"
#246000
1"
#246010
0"
#246020
1"
#246030
0"
#246040
1"
#246050
0"
#246060
1"
#246070
0"
#246080
1"
#246090
0"
#246100
1"
#246110
0"
#246120
1"
#246130
0"
#246140
1"
#246150
0"
#246160
1"
#246170
0"
#246180
1"
#246190
0"
#246200
1"
#246210
0"
#246220
1"
#246230
0"
#246240
1"
#246250
0"
#246260
1"
#246270
0"
#246280
1"
#246290
0"
#246300
1"
#246310
0"
#246320
1"
#246330
0"
#246340
1"
#246350
0"
#246360
1"
#246370
0"
#246380
1"
#246390
0"
#246400
1"
#246410
0"
#246420
1"
#246430
0"
#246440
1"
#246450
0"
#246460
1"
#246470
0"
#246480
1"
#246490
0"
#246500
1"
#246510
0"
#246520
1"
#246530
0"
#246540
1"
#246550
0"
#246560
1"
#246570
0"
#246580
1"
#246590
0"
#246600
1"
#246610
0"
#246620
1"
#246630
0"
#246640
1"
#246650
0"
#246660
1"
#246670
0"
#246680
1"
#246690
0"
#246700
1"
#246710
0"
#246720
1"
#246730
0"
#246740
1"
#246750
0"
#246760
1"
#246770
0"
#246780
1"
#246790
0"
#246800
1"
#246810
0"
#246820
1"
#246830
0"
#246840
1"
#246850
0"
#246860
1"
#246870
0"
#246880
1"
#246890
0"
#246900
1"
#246910
0"
#246920
1"
#246930
0"
#246940
1"
#246950
0"
#246960
1"
#246970
0"
#246980
1"
#246990
0"
#247000
1"
#247010
0"
#247020
1"
#247030
0"
#247040
1"
#247050
0"
#247060
1"
#247070
0"
#247080
1"
#247090
0"
#247100
1"
#247110
0"
#247120
1"
#247130
0"
#247140
1"
#247150
0"
#247160
1"
#247170
0"
#247180
1"
#247190
0"
#247200
1"
#247210
0"
#247220
1"
#247230
0"
#247240
1"
#247250
0"
#247260
1"
#247270
0"
#247280
1"
#247290
0"
#247300
1"
#247310
0"
#247320
1"
#247330
0"
#247340
1"
#247350
0"
#247360
1"
#247370
0"
#247380
1"
#247390
0"
#247400
1"
#247410
0"
#247420
1"
#247430
0"
#247440
1"
#247450
0"
#247460
1"
#247470
0"
#247480
1"
#247490
0"
#247500
1"
#247510
0"
#247520
1"
#247530
0"
#247540
1"
#247550
0"
#247560
1"
#247570
0"
#247580
1"
#247590
0"
#247600
1"
#247610
0"
#247620
1"
#247630
0"
#247640
1"
#247650
0"
#247660
1"
#247670
0"
#247680
1"
#247690
0"
#247700
1"
#247710
0"
#247720
1"
#247730
0"
#247740
1"
#247750
0"
#247760
1"
#247770
0"
#247780
1"
#247790
0"
#247800
1"
#247810
0"
#247820
1"
#247830
0"
#247840
1"
#247850
0"
#247860
1"
#247870
0"
#247880
1"
#247890
0"
#247900
1"
#247910
0"
#247920
1"
#247930
0"
#247940
1"
#247950
0"
#247960
1"
#247970
0"
#247980
1"
#247990
0"
#248000
1"
#248010
0"
#248020
1"
#248030
0"
#248040
1"
#248050
0"
#248060
1"
#248070
0"
#248080
1"
#248090
0"
#248100
1"
#248110
0"
#248120
1"
#248130
0"
#248140
1"
#248150
0"
#248160
1"
#248170
0"
#248180
1"
#248190
0"
#248200
1"
#248210
0"
#248220
1"
#248230
0"
#248240
1"
#248250
0"
#248260
1"
#248270
0"
#248280
1"
#248290
0"
#248300
1"
#248310
0"
#248320
1"
#248330
0"
#248340
1"
#248350
0"
#248360
1"
#248370
0"
#248380
1"
#248390
0"
#248400
1"
#248410
0"
#248420
1"
#248430
0"
#248440
1"
#248450
0"
#248460
1"
#248470
0"
#248480
1"
#248490
0"
#248500
1"
#248510
0"
#248520
1"
#248530
0"
#248540
1"
#248550
0"
#248560
1"
#248570
0"
#248580
1"
#248590
0"
#248600
1"
#248610
0"
#248620
1"
#248630
0"
#248640
1"
#248650
0"
#248660
1"
#248670
0"
#248680
1"
#248690
0"
#248700
1"
#248710
0"
#248720
1"
#248730
0"
#248740
1"
#248750
0"
#248760
1"
#248770
0"
#248780
1"
#248790
0"
#248800
1"
#248810
0"
#248820
1"
#248830
0"
#248840
1"
#248850
0"
#248860
1"
#248870
0"
#248880
1"
#248890
0"
#248900
1"
#248910
0"
#248920
1"
#248930
0"
#248940
1"
#248950
0"
#248960
1"
#248970
0"
#248980
1"
#248990
0"
#249000
1"
#249010
0"
#249020
1"
#249030
0"
#249040
1"
#249050
0"
#249060
1"
#249070
0"
#249080
1"
#249090
0"
#249100
1"
#249110
0"
#249120
1"
#249130
0"
#249140
1"
#249150
0"
#249160
1"
#249170
0"
#249180
1"
#249190
0"
#249200
1"
#249210
0"
#249220
1"
#249230
0"
#249240
1"
#249250
0"
#249260
1"
#249270
0"
#249280
1"
#249290
0"
#249300
1"
#249310
0"
#249320
1"
#249330
0"
#249340
1"
#249350
0"
#249360
1"
#249370
0"
#249380
1"
#249390
0"
#249400
1"
#249410
0"
#249420
1"
#249430
0"
#249440
1"
#249450
0"
#249460
1"
#249470
0"
#249480
1"
#249490
0"
#249500
1"
#249510
0"
#249520
1"
#249530
0"
#249540
1"
#249550
0"
#249560
1"
#249570
0"
#249580
1"
#249590
0"
#249600
1"
#249610
0"
#249620
1"
#249630
0"
#249640
1"
#249650
0"
#249660
1"
#249670
0"
#249680
1"
#249690
0"
#249700
1"
#249710
0"
#249720
1"
#249730
0"
#249740
1"
#249750
0"
#249760
1"
#249770
0"
#249780
1"
#249790
0"
#249800
1"
#249810
0"
#249820
1"
#249830
0"
#249840
1"
#249850
0"
#249860
1"
#249870
0"
#249880
1"
#249890
0"
#249900
1"
#249910
0"
#249920
1"
#249930
0"
#249940
1"
#249950
0"
#249960
1"
#249970
0"
#249980
1"
#249990
0"
#250000
1"
#250010
0"
#250020
1"
#250030
0"
#250040
1"
#250050
0"
#250060
1"
#250070
0"
#250080
1"
#250090
0"
#250100
1"
#250110
0"
#250120
1"
#250130
0"
#250140
1"
#250150
0"
#250160
1"
#250170
0"
#250180
1"
#250190
0"
#250200
1"
#250210
0"
#250220
1"
#250230
0"
#250240
1"
#250250
0"
#250260
1"
#250270
0"
#250280
1"
#250290
0"
#250300
1"
#250310
0"
#250320
1"
#250330
0"
#250340
1"
#250350
0"
#250360
1"
#250370
0"
#250380
1"
#250390
0"
#250400
1"
#250410
0"
#250420
1"
#250430
0"
#250440
1"
#250450
0"
#250460
1"
#250470
0"
#250480
1"
#250490
0"
#250500
1"
#250510
0"
#250520
1"
#250530
0"
#250540
1"
#250550
0"
#250560
1"
#250570
0"
#250580
1"
#250590
0"
#250600
1"
#250610
0"
#250620
1"
#250630
0"
#250640
1"
#250650
0"
#250660
1"
#250670
0"
#250680
1"
#250690
0"
#250700
1"
#250710
0"
#250720
1"
#250730
0"
#250740
1"
#250750
0"
#250760
1"
#250770
0"
#250780
1"
#250790
0"
#250800
1"
#250810
0"
#250820
1"
#250830
0"
#250840
1"
#250850
0"
#250860
1"
#250870
0"
#250880
1"
#250890
0"
#250900
1"
#250910
0"
#250920
1"
#250930
0"
#250940
1"
#250950
0"
#250960
1"
#250970
0"
#250980
1"
#250990
0"
#251000
1"
#251010
0"
#251020
1"
#251030
0"
#251040
1"
#251050
0"
#251060
1"
#251070
0"
#251080
1"
#251090
0"
#251100
1"
#251110
0"
#251120
1"
#251130
0"
#251140
1"
#251150
0"
#251160
1"
#251170
0"
#251180
1"
#251190
0"
#251200
1"
#251210
0"
#251220
1"
#251230
0"
#251240
1"
#251250
0"
#251260
1"
#251270
0"
#251280
1"
#251290
0"
#251300
1"
#251310
0"
#251320
1"
#251330
0"
#251340
1"
#251350
0"
#251360
1"
#251370
0"
#251380
1"
#251390
0"
#251400
1"
#251410
0"
#251420
1"
#251430
0"
#251440
1"
#251450
0"
#251460
1"
#251470
0"
#251480
1"
#251490
0"
#251500
1"
#251510
0"
#251520
1"
#251530
0"
#251540
1"
#251550
0"
#251560
1"
#251570
0"
#251580
1"
#251590
0"
#251600
1"
#251610
0"
#251620
1"
#251630
0"
#251640
1"
#251650
0"
#251660
1"
#251670
0"
#251680
1"
#251690
0"
#251700
1"
#251710
0"
#251720
1"
#251730
0"
#251740
1"
#251750
0"
#251760
1"
#251770
0"
#251780
1"
#251790
0"
#251800
1"
#251810
0"
#251820
1"
#251830
0"
#251840
1"
#251850
0"
#251860
1"
#251870
0"
#251880
1"
#251890
0"
#251900
1"
#251910
0"
#251920
1"
#251930
0"
#251940
1"
#251950
0"
#251960
1"
#251970
0"
#251980
1"
#251990
0"
#252000
1"
#252010
0"
#252020
1"
#252030
0"
#252040
1"
#252050
0"
#252060
1"
#252070
0"
#252080
1"
#252090
0"
#252100
1"
#252110
0"
#252120
1"
#252130
0"
#252140
1"
#252150
0"
#252160
1"
#252170
0"
#252180
1"
#252190
0"
#252200
1"
#252210
0"
#252220
1"
#252230
0"
#252240
1"
#252250
0"
#252260
1"
#252270
0"
#252280
1"
#252290
0"
#252300
1"
#252310
0"
#252320
1"
#252330
0"
#252340
1"
#252350
0"
#252360
1"
#252370
0"
#252380
1"
#252390
0"
#252400
1"
#252410
0"
#252420
1"
#252430
0"
#252440
1"
#252450
0"
#252460
1"
#252470
0"
#252480
1"
#252490
0"
#252500
1"
#252510
0"
#252520
1"
#252530
0"
#252540
1"
#252550
0"
#252560
1"
#252570
0"
#252580
1"
#252590
0"
#252600
1"
#252610
0"
#252620
1"
#252630
0"
#252640
1"
#252650
0"
#252660
1"
#252670
0"
#252680
1"
#252690
0"
#252700
1"
#252710
0"
#252720
1"
#252730
0"
#252740
1"
#252750
0"
#252760
1"
#252770
0"
#252780
1"
#252790
0"
#252800
1"
#252810
0"
#252820
1"
#252830
0"
#252840
1"
#252850
0"
#252860
1"
#252870
0"
#252880
1"
#252890
0"
#252900
1"
#252910
0"
#252920
1"
#252930
0"
#252940
1"
#252950
0"
#252960
1"
#252970
0"
#252980
1"
#252990
0"
#253000
1"
#253010
0"
#253020
1"
#253030
0"
#253040
1"
#253050
0"
#253060
1"
#253070
0"
#253080
1"
#253090
0"
#253100
1"
#253110
0"
#253120
1"
#253130
0"
#253140
1"
#253150
0"
#253160
1"
#253170
0"
#253180
1"
#253190
0"
#253200
1"
#253210
0"
#253220
1"
#253230
0"
#253240
1"
#253250
0"
#253260
1"
#253270
0"
#253280
1"
#253290
0"
#253300
1"
#253310
0"
#253320
1"
#253330
0"
#253340
1"
#253350
0"
#253360
1"
#253370
0"
#253380
1"
#253390
0"
#253400
1"
#253410
0"
#253420
1"
#253430
0"
#253440
1"
#253450
0"
#253460
1"
#253470
0"
#253480
1"
#253490
0"
#253500
1"
#253510
0"
#253520
1"
#253530
0"
#253540
1"
#253550
0"
#253560
1"
#253570
0"
#253580
1"
#253590
0"
#253600
1"
#253610
0"
#253620
1"
#253630
0"
#253640
1"
#253650
0"
#253660
1"
#253670
0"
#253680
1"
#253690
0"
#253700
1"
#253710
0"
#253720
1"
#253730
0"
#253740
1"
#253750
0"
#253760
1"
#253770
0"
#253780
1"
#253790
0"
#253800
1"
#253810
0"
#253820
1"
#253830
0"
#253840
1"
#253850
0"
#253860
1"
#253870
0"
#253880
1"
#253890
0"
#253900
1"
#253910
0"
#253920
1"
#253930
0"
#253940
1"
#253950
0"
#253960
1"
#253970
0"
#253980
1"
#253990
0"
#254000
1"
#254010
0"
#254020
1"
#254030
0"
#254040
1"
#254050
0"
#254060
1"
#254070
0"
#254080
1"
#254090
0"
#254100
1"
#254110
0"
#254120
1"
#254130
0"
#254140
1"
#254150
0"
#254160
1"
#254170
0"
#254180
1"
#254190
0"
#254200
1"
#254210
0"
#254220
1"
#254230
0"
#254240
1"
#254250
0"
#254260
1"
#254270
0"
#254280
1"
#254290
0"
#254300
1"
#254310
0"
#254320
1"
#254330
0"
#254340
1"
#254350
0"
#254360
1"
#254370
0"
#254380
1"
#254390
0"
#254400
1"
#254410
0"
#254420
1"
#254430
0"
#254440
1"
#254450
0"
#254460
1"
#254470
0"
#254480
1"
#254490
0"
#254500
1"
#254510
0"
#254520
1"
#254530
0"
#254540
1"
#254550
0"
#254560
1"
#254570
0"
#254580
1"
#254590
0"
#254600
1"
#254610
0"
#254620
1"
#254630
0"
#254640
1"
#254650
0"
#254660
1"
#254670
0"
#254680
1"
#254690
0"
#254700
1"
#254710
0"
#254720
1"
#254730
0"
#254740
1"
#254750
0"
#254760
1"
#254770
0"
#254780
1"
#254790
0"
#254800
1"
#254810
0"
#254820
1"
#254830
0"
#254840
1"
#254850
0"
#254860
1"
#254870
0"
#254880
1"
#254890
0"
#254900
1"
#254910
0"
#254920
1"
#254930
0"
#254940
1"
#254950
0"
#254960
1"
#254970
0"
#254980
1"
#254990
0"
#255000
1"
#255010
0"
#255020
1"
#255030
0"
#255040
1"
#255050
0"
#255060
1"
#255070
0"
#255080
1"
#255090
0"
#255100
1"
#255110
0"
#255120
1"
#255130
0"
#255140
1"
#255150
0"
#255160
1"
#255170
0"
#255180
1"
#255190
0"
#255200
1"
#255210
0"
#255220
1"
#255230
0"
#255240
1"
#255250
0"
#255260
1"
#255270
0"
#255280
1"
#255290
0"
#255300
1"
#255310
0"
#255320
1"
#255330
0"
#255340
1"
#255350
0"
#255360
1"
#255370
0"
#255380
1"
#255390
0"
#255400
1"
#255410
0"
#255420
1"
#255430
0"
#255440
1"
#255450
0"
#255460
1"
#255470
0"
#255480
1"
#255490
0"
#255500
1"
#255510
0"
#255520
1"
#255530
0"
#255540
1"
#255550
0"
#255560
1"
#255570
0"
#255580
1"
#255590
0"
#255600
1"
#255610
0"
#255620
1"
#255630
0"
#255640
1"
#255650
0"
#255660
1"
#255670
0"
#255680
1"
#255690
0"
#255700
1"
#255710
0"
#255720
1"
#255730
0"
#255740
1"
#255750
0"
#255760
1"
#255770
0"
#255780
1"
#255790
0"
#255800
1"
#255810
0"
#255820
1"
#255830
0"
#255840
1"
#255850
0"
#255860
1"
#255870
0"
#255880
1"
#255890
0"
#255900
1"
#255910
0"
#255920
1"
#255930
0"
#255940
1"
#255950
0"
#255960
1"
#255970
0"
#255980
1"
#255990
0"
#256000
1"
#256010
0"
#256020
1"
#256030
0"
#256040
1"
#256050
0"
#256060
1"
#256070
0"
#256080
1"
#256090
0"
#256100
1"
#256110
0"
#256120
1"
#256130
0"
#256140
1"
#256150
0"
#256160
1"
#256170
0"
#256180
1"
#256190
0"
#256200
1"
#256210
0"
#256220
1"
#256230
0"
#256240
1"
#256250
0"
#256260
1"
#256270
0"
#256280
1"
#256290
0"
#256300
1"
#256310
0"
#256320
1"
#256330
0"
#256340
1"
#256350
0"
#256360
1"
#256370
0"
#256380
1"
#256390
0"
#256400
1"
#256410
0"
#256420
1"
#256430
0"
#256440
1"
#256450
0"
#256460
1"
#256470
0"
#256480
1"
#256490
0"
#256500
1"
#256510
0"
#256520
1"
#256530
0"
#256540
1"
#256550
0"
#256560
1"
#256570
0"
#256580
1"
#256590
0"
#256600
1"
#256610
0"
#256620
1"
#256630
0"
#256640
1"
#256650
0"
#256660
1"
#256670
0"
#256680
1"
#256690
0"
#256700
1"
#256710
0"
#256720
1"
#256730
0"
#256740
1"
#256750
0"
#256760
1"
#256770
0"
#256780
1"
#256790
0"
#256800
1"
#256810
0"
#256820
1"
#256830
0"
#256840
1"
#256850
0"
#256860
1"
#256870
0"
#256880
1"
#256890
0"
#256900
1"
#256910
0"
#256920
1"
#256930
0"
#256940
1"
#256950
0"
#256960
1"
#256970
0"
#256980
1"
#256990
0"
#257000
1"
#257010
0"
#257020
1"
#257030
0"
#257040
1"
#257050
0"
#257060
1"
#257070
0"
#257080
1"
#257090
0"
#257100
1"
#257110
0"
#257120
1"
#257130
0"
#257140
1"
#257150
0"
#257160
1"
#257170
0"
#257180
1"
#257190
0"
#257200
1"
#257210
0"
#257220
1"
#257230
0"
#257240
1"
#257250
0"
#257260
1"
#257270
0"
#257280
1"
#257290
0"
#257300
1"
#257310
0"
#257320
1"
#257330
0"
#257340
1"
#257350
0"
#257360
1"
#257370
0"
#257380
1"
#257390
0"
#257400
1"
#257410
0"
#257420
1"
#257430
0"
#257440
1"
#257450
0"
#257460
1"
#257470
0"
#257480
1"
#257490
0"
#257500
1"
#257510
0"
#257520
1"
#257530
0"
#257540
1"
#257550
0"
#257560
1"
#257570
0"
#257580
1"
#257590
0"
#257600
1"
#257610
0"
#257620
1"
#257630
0"
#257640
1"
#257650
0"
#257660
1"
#257670
0"
#257680
1"
#257690
0"
#257700
1"
#257710
0"
#257720
1"
#257730
0"
#257740
1"
#257750
0"
#257760
1"
#257770
0"
#257780
1"
#257790
0"
#257800
1"
#257810
0"
#257820
1"
#257830
0"
#257840
1"
#257850
0"
#257860
1"
#257870
0"
#257880
1"
#257890
0"
#257900
1"
#257910
0"
#257920
1"
#257930
0"
#257940
1"
#257950
0"
#257960
1"
#257970
0"
#257980
1"
#257990
0"
#258000
1"
#258010
0"
#258020
1"
#258030
0"
#258040
1"
#258050
0"
#258060
1"
#258070
0"
#258080
1"
#258090
0"
#258100
1"
#258110
0"
#258120
1"
#258130
0"
#258140
1"
#258150
0"
#258160
1"
#258170
0"
#258180
1"
#258190
0"
#258200
1"
#258210
0"
#258220
1"
#258230
0"
#258240
1"
#258250
0"
#258260
1"
#258270
0"
#258280
1"
#258290
0"
#258300
1"
#258310
0"
#258320
1"
#258330
0"
#258340
1"
#258350
0"
#258360
1"
#258370
0"
#258380
1"
#258390
0"
#258400
1"
#258410
0"
#258420
1"
#258430
0"
#258440
1"
#258450
0"
#258460
1"
#258470
0"
#258480
1"
#258490
0"
#258500
1"
#258510
0"
#258520
1"
#258530
0"
#258540
1"
#258550
0"
#258560
1"
#258570
0"
#258580
1"
#258590
0"
#258600
1"
#258610
0"
#258620
1"
#258630
0"
#258640
1"
#258650
0"
#258660
1"
#258670
0"
#258680
1"
#258690
0"
#258700
1"
#258710
0"
#258720
1"
#258730
0"
#258740
1"
#258750
0"
#258760
1"
#258770
0"
#258780
1"
#258790
0"
#258800
1"
#258810
0"
#258820
1"
#258830
0"
#258840
1"
#258850
0"
#258860
1"
#258870
0"
#258880
1"
#258890
0"
#258900
1"
#258910
0"
#258920
1"
#258930
0"
#258940
1"
#258950
0"
#258960
1"
#258970
0"
#258980
1"
#258990
0"
#259000
1"
#259010
0"
#259020
1"
#259030
0"
#259040
1"
#259050
0"
#259060
1"
#259070
0"
#259080
1"
#259090
0"
#259100
1"
#259110
0"
#259120
1"
#259130
0"
#259140
1"
#259150
0"
#259160
1"
#259170
0"
#259180
1"
#259190
0"
#259200
1"
#259210
0"
#259220
1"
#259230
0"
#259240
1"
#259250
0"
#259260
1"
#259270
0"
#259280
1"
#259290
0"
#259300
1"
#259310
0"
#259320
1"
#259330
0"
#259340
1"
#259350
0"
#259360
1"
#259370
0"
#259380
1"
#259390
0"
#259400
1"
#259410
0"
#259420
1"
#259430
0"
#259440
1"
#259450
0"
#259460
1"
#259470
0"
#259480
1"
#259490
0"
#259500
1"
#259510
0"
#259520
1"
#259530
0"
#259540
1"
#259550
0"
#259560
1"
#259570
0"
#259580
1"
#259590
0"
#259600
1"
#259610
0"
#259620
1"
#259630
0"
#259640
1"
#259650
0"
#259660
1"
#259670
0"
#259680
1"
#259690
0"
#259700
1"
#259710
0"
#259720
1"
#259730
0"
#259740
1"
#259750
0"
#259760
1"
#259770
0"
#259780
1"
#259790
0"
#259800
1"
#259810
0"
#259820
1"
#259830
0"
#259840
1"
#259850
0"
#259860
1"
#259870
0"
#259880
1"
#259890
0"
#259900
1"
#259910
0"
#259920
1"
#259930
0"
#259940
1"
#259950
0"
#259960
1"
#259970
0"
#259980
1"
#259990
0"
#260000
1"
#260010
0"
#260020
1"
#260030
0"
#260040
1"
#260050
0"
#260060
1"
#260070
0"
#260080
1"
#260090
0"
#260100
1"
#260110
0"
#260120
1"
#260130
0"
#260140
1"
#260150
0"
#260160
1"
#260170
0"
#260180
1"
#260190
0"
#260200
1"
#260210
0"
#260220
1"
#260230
0"
#260240
1"
#260250
0"
#260260
1"
#260270
0"
#260280
1"
#260290
0"
#260300
1"
#260310
0"
#260320
1"
#260330
0"
#260340
1"
#260350
0"
#260360
1"
#260370
0"
#260380
1"
#260390
0"
#260400
1"
#260410
0"
#260420
1"
#260430
0"
#260440
1"
#260450
0"
#260460
1"
#260470
0"
#260480
1"
#260490
0"
#260500
1"
#260510
0"
#260520
1"
#260530
0"
#260540
1"
#260550
0"
#260560
1"
#260570
0"
#260580
1"
#260590
0"
#260600
1"
#260610
0"
#260620
1"
#260630
0"
#260640
1"
#260650
0"
#260660
1"
#260670
0"
#260680
1"
#260690
0"
#260700
1"
#260710
0"
#260720
1"
#260730
0"
#260740
1"
#260750
0"
#260760
1"
#260770
0"
#260780
1"
#260790
0"
#260800
1"
#260810
0"
#260820
1"
#260830
0"
#260840
1"
#260850
0"
#260860
1"
#260870
0"
#260880
1"
#260890
0"
#260900
1"
#260910
0"
#260920
1"
#260930
0"
#260940
1"
#260950
0"
#260960
1"
#260970
0"
#260980
1"
#260990
0"
#261000
1"
#261010
0"
#261020
1"
#261030
0"
#261040
1"
#261050
0"
#261060
1"
#261070
0"
#261080
1"
#261090
0"
#261100
1"
#261110
0"
#261120
1"
#261130
0"
#261140
1"
#261150
0"
#261160
1"
#261170
0"
#261180
1"
#261190
0"
#261200
1"
#261210
0"
#261220
1"
#261230
0"
#261240
1"
#261250
0"
#261260
1"
#261270
0"
#261280
1"
#261290
0"
#261300
1"
#261310
0"
#261320
1"
#261330
0"
#261340
1"
#261350
0"
#261360
1"
#261370
0"
#261380
1"
#261390
0"
#261400
1"
#261410
0"
#261420
1"
#261430
0"
#261440
1"
#261450
0"
#261460
1"
#261470
0"
#261480
1"
#261490
0"
#261500
1"
#261510
0"
#261520
1"
#261530
0"
#261540
1"
#261550
0"
#261560
1"
#261570
0"
#261580
1"
#261590
0"
#261600
1"
#261610
0"
#261620
1"
#261630
0"
#261640
1"
#261650
0"
#261660
1"
#261670
0"
#261680
1"
#261690
0"
#261700
1"
#261710
0"
#261720
1"
#261730
0"
#261740
1"
#261750
0"
#261760
1"
#261770
0"
#261780
1"
#261790
0"
#261800
1"
#261810
0"
#261820
1"
#261830
0"
#261840
1"
#261850
0"
#261860
1"
#261870
0"
#261880
1"
#261890
0"
#261900
1"
#261910
0"
#261920
1"
#261930
0"
#261940
1"
#261950
0"
#261960
1"
#261970
0"
#261980
1"
#261990
0"
#262000
1"
#262010
0"
#262020
1"
#262030
0"
#262040
1"
#262050
0"
#262060
1"
#262070
0"
#262080
1"
#262090
0"
#262100
1"
#262110
0"
#262120
1"
#262130
0"
#262140
1"
#262150
0"
#262160
1"
#262170
0"
#262180
1"
#262190
0"
#262200
1"
#262210
0"
#262220
1"
#262230
0"
#262240
1"
#262250
0"
#262260
1"
#262270
0"
#262280
1"
#262290
0"
#262300
1"
#262310
0"
#262320
1"
#262330
0"
#262340
1"
#262350
0"
#262360
1"
#262370
0"
#262380
1"
#262390
0"
#262400
1"
#262410
0"
#262420
1"
#262430
0"
#262440
1"
#262450
0"
#262460
1"
#262470
0"
#262480
1"
#262490
0"
#262500
1"
#262510
0"
#262520
1"
#262530
0"
#262540
1"
#262550
0"
#262560
1"
#262570
0"
#262580
1"
#262590
0"
#262600
1"
#262610
0"
#262620
1"
#262630
0"
#262640
1"
#262650
0"
#262660
1"
#262670
0"
#262680
1"
#262690
0"
#262700
1"
#262710
0"
#262720
1"
#262730
0"
#262740
1"
#262750
0"
#262760
1"
#262770
0"
#262780
1"
#262790
0"
#262800
1"
#262810
0"
#262820
1"
#262830
0"
#262840
1"
#262850
0"
#262860
1"
#262870
0"
#262880
1"
#262890
0"
#262900
1"
#262910
0"
#262920
1"
#262930
0"
#262940
1"
#262950
0"
#262960
1"
#262970
0"
#262980
1"
#262990
0"
#263000
1"
#263010
0"
#263020
1"
#263030
0"
#263040
1"
#263050
0"
#263060
1"
#263070
0"
#263080
1"
#263090
0"
#263100
1"
#263110
0"
#263120
1"
#263130
0"
#263140
1"
#263150
0"
#263160
1"
#263170
0"
#263180
1"
#263190
0"
#263200
1"
#263210
0"
#263220
1"
#263230
0"
#263240
1"
#263250
0"
#263260
1"
#263270
0"
#263280
1"
#263290
0"
#263300
1"
#263310
0"
#263320
1"
#263330
0"
#263340
1"
#263350
0"
#263360
1"
#263370
0"
#263380
1"
#263390
0"
#263400
1"
#263410
0"
#263420
1"
#263430
0"
#263440
1"
#263450
0"
#263460
1"
#263470
0"
#263480
1"
#263490
0"
#263500
1"
#263510
0"
#263520
1"
#263530
0"
#263540
1"
#263550
0"
#263560
1"
#263570
0"
#263580
1"
#263590
0"
#263600
1"
#263610
0"
#263620
1"
#263630
0"
#263640
1"
#263650
0"
#263660
1"
#263670
0"
#263680
1"
#263690
0"
#263700
1"
#263710
0"
#263720
1"
#263730
0"
#263740
1"
#263750
0"
#263760
1"
#263770
0"
#263780
1"
#263790
0"
#263800
1"
#263810
0"
#263820
1"
#263830
0"
#263840
1"
#263850
0"
#263860
1"
#263870
0"
#263880
1"
#263890
0"
#263900
1"
#263910
0"
#263920
1"
#263930
0"
#263940
1"
#263950
0"
#263960
1"
#263970
0"
#263980
1"
#263990
0"
#264000
1"
#264010
0"
#264020
1"
#264030
0"
#264040
1"
#264050
0"
#264060
1"
#264070
0"
#264080
1"
#264090
0"
#264100
1"
#264110
0"
#264120
1"
#264130
0"
#264140
1"
#264150
0"
#264160
1"
#264170
0"
#264180
1"
#264190
0"
#264200
1"
#264210
0"
#264220
1"
#264230
0"
#264240
1"
#264250
0"
#264260
1"
#264270
0"
#264280
1"
#264290
0"
#264300
1"
#264310
0"
#264320
1"
#264330
0"
#264340
1"
#264350
0"
#264360
1"
#264370
0"
#264380
1"
#264390
0"
#264400
1"
#264410
0"
#264420
1"
#264430
0"
#264440
1"
#264450
0"
#264460
1"
#264470
0"
#264480
1"
#264490
0"
#264500
1"
#264510
0"
#264520
1"
#264530
0"
#264540
1"
#264550
0"
#264560
1"
#264570
0"
#264580
1"
#264590
0"
#264600
1"
#264610
0"
#264620
1"
#264630
0"
#264640
1"
#264650
0"
#264660
1"
#264670
0"
#264680
1"
#264690
0"
#264700
1"
#264710
0"
#264720
1"
#264730
0"
#264740
1"
#264750
0"
#264760
1"
#264770
0"
#264780
1"
#264790
0"
#264800
1"
#264810
0"
#264820
1"
#264830
0"
#264840
1"
#264850
0"
#264860
1"
#264870
0"
#264880
1"
#264890
0"
#264900
1"
#264910
0"
#264920
1"
#264930
0"
#264940
1"
#264950
0"
#264960
1"
#264970
0"
#264980
1"
#264990
0"
#265000
1"
#265010
0"
#265020
1"
#265030
0"
#265040
1"
#265050
0"
#265060
1"
#265070
0"
#265080
1"
#265090
0"
#265100
1"
#265110
0"
#265120
1"
#265130
0"
#265140
1"
#265150
0"
#265160
1"
#265170
0"
#265180
1"
#265190
0"
#265200
1"
#265210
0"
#265220
1"
#265230
0"
#265240
1"
#265250
0"
#265260
1"
#265270
0"
#265280
1"
#265290
0"
#265300
1"
#265310
0"
#265320
1"
#265330
0"
#265340
1"
#265350
0"
#265360
1"
#265370
0"
#265380
1"
#265390
0"
#265400
1"
#265410
0"
#265420
1"
#265430
0"
#265440
1"
#265450
0"
#265460
1"
#265470
0"
#265480
1"
#265490
0"
#265500
1"
#265510
0"
#265520
1"
#265530
0"
#265540
1"
#265550
0"
#265560
1"
#265570
0"
#265580
1"
#265590
0"
#265600
1"
#265610
0"
#265620
1"
#265630
0"
#265640
1"
#265650
0"
#265660
1"
#265670
0"
#265680
1"
#265690
0"
#265700
1"
#265710
0"
#265720
1"
#265730
0"
#265740
1"
#265750
0"
#265760
1"
#265770
0"
#265780
1"
#265790
0"
#265800
1"
#265810
0"
#265820
1"
#265830
0"
#265840
1"
#265850
0"
#265860
1"
#265870
0"
#265880
1"
#265890
0"
#265900
1"
#265910
0"
#265920
1"
#265930
0"
#265940
1"
#265950
0"
#265960
1"
#265970
0"
#265980
1"
#265990
0"
#266000
1"
#266010
0"
#266020
1"
#266030
0"
#266040
1"
#266050
0"
#266060
1"
#266070
0"
#266080
1"
#266090
0"
#266100
1"
#266110
0"
#266120
1"
#266130
0"
#266140
1"
#266150
0"
#266160
1"
#266170
0"
#266180
1"
#266190
0"
#266200
1"
#266210
0"
#266220
1"
#266230
0"
#266240
1"
#266250
0"
#266260
1"
#266270
0"
#266280
1"
#266290
0"
#266300
1"
#266310
0"
#266320
1"
#266330
0"
#266340
1"
#266350
0"
#266360
1"
#266370
0"
#266380
1"
#266390
0"
#266400
1"
#266410
0"
#266420
1"
#266430
0"
#266440
1"
#266450
0"
#266460
1"
#266470
0"
#266480
1"
#266490
0"
#266500
1"
#266510
0"
#266520
1"
#266530
0"
#266540
1"
#266550
0"
#266560
1"
#266570
0"
#266580
1"
#266590
0"
#266600
1"
#266610
0"
#266620
1"
#266630
0"
#266640
1"
#266650
0"
#266660
1"
#266670
0"
#266680
1"
#266690
0"
#266700
1"
#266710
0"
#266720
1"
#266730
0"
#266740
1"
#266750
0"
#266760
1"
#266770
0"
#266780
1"
#266790
0"
#266800
1"
#266810
0"
#266820
1"
#266830
0"
#266840
1"
#266850
0"
#266860
1"
#266870
0"
#266880
1"
#266890
0"
#266900
1"
#266910
0"
#266920
1"
#266930
0"
#266940
1"
#266950
0"
#266960
1"
#266970
0"
#266980
1"
#266990
0"
#267000
1"
#267010
0"
#267020
1"
#267030
0"
#267040
1"
#267050
0"
#267060
1"
#267070
0"
#267080
1"
#267090
0"
#267100
1"
#267110
0"
#267120
1"
#267130
0"
#267140
1"
#267150
0"
#267160
1"
#267170
0"
#267180
1"
#267190
0"
#267200
1"
#267210
0"
#267220
1"
#267230
0"
#267240
1"
#267250
0"
#267260
1"
#267270
0"
#267280
1"
#267290
0"
#267300
1"
#267310
0"
#267320
1"
#267330
0"
#267340
1"
#267350
0"
#267360
1"
#267370
0"
#267380
1"
#267390
0"
#267400
1"
#267410
0"
#267420
1"
#267430
0"
#267440
1"
#267450
0"
#267460
1"
#267470
0"
#267480
1"
#267490
0"
#267500
1"
#267510
0"
#267520
1"
#267530
0"
#267540
1"
#267550
0"
#267560
1"
#267570
0"
#267580
1"
#267590
0"
#267600
1"
#267610
0"
#267620
1"
#267630
0"
#267640
1"
#267650
0"
#267660
1"
#267670
0"
#267680
1"
#267690
0"
#267700
1"
#267710
0"
#267720
1"
#267730
0"
#267740
1"
#267750
0"
#267760
1"
#267770
0"
#267780
1"
#267790
0"
#267800
1"
#267810
0"
#267820
1"
#267830
0"
#267840
1"
#267850
0"
#267860
1"
#267870
0"
#267880
1"
#267890
0"
#267900
1"
#267910
0"
#267920
1"
#267930
0"
#267940
1"
#267950
0"
#267960
1"
#267970
0"
#267980
1"
#267990
0"
#268000
1"
#268010
0"
#268020
1"
#268030
0"
#268040
1"
#268050
0"
#268060
1"
#268070
0"
#268080
1"
#268090
0"
#268100
1"
#268110
0"
#268120
1"
#268130
0"
#268140
1"
#268150
0"
#268160
1"
#268170
0"
#268180
1"
#268190
0"
#268200
1"
#268210
0"
#268220
1"
#268230
0"
#268240
1"
#268250
0"
#268260
1"
#268270
0"
#268280
1"
#268290
0"
#268300
1"
#268310
0"
#268320
1"
#268330
0"
#268340
1"
#268350
0"
#268360
1"
#268370
0"
#268380
1"
#268390
0"
#268400
1"
#268410
0"
#268420
1"
#268430
0"
#268440
1"
#268450
0"
#268460
1"
#268470
0"
#268480
1"
#268490
0"
#268500
1"
#268510
0"
#268520
1"
#268530
0"
#268540
1"
#268550
0"
#268560
1"
#268570
0"
#268580
1"
#268590
0"
#268600
1"
#268610
0"
#268620
1"
#268630
0"
#268640
1"
#268650
0"
#268660
1"
#268670
0"
#268680
1"
#268690
0"
#268700
1"
#268710
0"
#268720
1"
#268730
0"
#268740
1"
#268750
0"
#268760
1"
#268770
0"
#268780
1"
#268790
0"
#268800
1"
#268810
0"
#268820
1"
#268830
0"
#268840
1"
#268850
0"
#268860
1"
#268870
0"
#268880
1"
#268890
0"
#268900
1"
#268910
0"
#268920
1"
#268930
0"
#268940
1"
#268950
0"
#268960
1"
#268970
0"
#268980
1"
#268990
0"
#269000
1"
#269010
0"
#269020
1"
#269030
0"
#269040
1"
#269050
0"
#269060
1"
#269070
0"
#269080
1"
#269090
0"
#269100
1"
#269110
0"
#269120
1"
#269130
0"
#269140
1"
#269150
0"
#269160
1"
#269170
0"
#269180
1"
#269190
0"
#269200
1"
#269210
0"
#269220
1"
#269230
0"
#269240
1"
#269250
0"
#269260
1"
#269270
0"
#269280
1"
#269290
0"
#269300
1"
#269310
0"
#269320
1"
#269330
0"
#269340
1"
#269350
0"
#269360
1"
#269370
0"
#269380
1"
#269390
0"
#269400
1"
#269410
0"
#269420
1"
#269430
0"
#269440
1"
#269450
0"
#269460
1"
#269470
0"
#269480
1"
#269490
0"
#269500
1"
#269510
0"
#269520
1"
#269530
0"
#269540
1"
#269550
0"
#269560
1"
#269570
0"
#269580
1"
#269590
0"
#269600
1"
#269610
0"
#269620
1"
#269630
0"
#269640
1"
#269650
0"
#269660
1"
#269670
0"
#269680
1"
#269690
0"
#269700
1"
#269710
0"
#269720
1"
#269730
0"
#269740
1"
#269750
0"
#269760
1"
#269770
0"
#269780
1"
#269790
0"
#269800
1"
#269810
0"
#269820
1"
#269830
0"
#269840
1"
#269850
0"
#269860
1"
#269870
0"
#269880
1"
#269890
0"
#269900
1"
#269910
0"
#269920
1"
#269930
0"
#269940
1"
#269950
0"
#269960
1"
#269970
0"
#269980
1"
#269990
0"
#270000
1"
#270010
0"
#270020
1"
#270030
0"
#270040
1"
#270050
0"
#270060
1"
#270070
0"
#270080
1"
#270090
0"
#270100
1"
#270110
0"
#270120
1"
#270130
0"
#270140
1"
#270150
0"
#270160
1"
#270170
0"
#270180
1"
#270190
0"
#270200
1"
#270210
0"
#270220
1"
#270230
0"
#270240
1"
#270250
0"
#270260
1"
#270270
0"
#270280
1"
#270290
0"
#270300
1"
#270310
0"
#270320
1"
#270330
0"
#270340
1"
#270350
0"
#270360
1"
#270370
0"
#270380
1"
#270390
0"
#270400
1"
#270410
0"
#270420
1"
#270430
0"
#270440
1"
#270450
0"
#270460
1"
#270470
0"
#270480
1"
#270490
0"
#270500
1"
#270510
0"
#270520
1"
#270530
0"
#270540
1"
#270550
0"
#270560
1"
#270570
0"
#270580
1"
#270590
0"
#270600
1"
#270610
0"
#270620
1"
#270630
0"
#270640
1"
#270650
0"
#270660
1"
#270670
0"
#270680
1"
#270690
0"
#270700
1"
#270710
0"
#270720
1"
#270730
0"
#270740
1"
#270750
0"
#270760
1"
#270770
0"
#270780
1"
#270790
0"
#270800
1"
#270810
0"
#270820
1"
#270830
0"
#270840
1"
#270850
0"
#270860
1"
#270870
0"
#270880
1"
#270890
0"
#270900
1"
#270910
0"
#270920
1"
#270930
0"
#270940
1"
#270950
0"
#270960
1"
#270970
0"
#270980
1"
#270990
0"
#271000
1"
#271010
0"
#271020
1"
#271030
0"
#271040
1"
#271050
0"
#271060
1"
#271070
0"
#271080
1"
#271090
0"
#271100
1"
#271110
0"
#271120
1"
#271130
0"
#271140
1"
#271150
0"
#271160
1"
#271170
0"
#271180
1"
#271190
0"
#271200
1"
#271210
0"
#271220
1"
#271230
0"
#271240
1"
#271250
0"
#271260
1"
#271270
0"
#271280
1"
#271290
0"
#271300
1"
#271310
0"
#271320
1"
#271330
0"
#271340
1"
#271350
0"
#271360
1"
#271370
0"
#271380
1"
#271390
0"
#271400
1"
#271410
0"
#271420
1"
#271430
0"
#271440
1"
#271450
0"
#271460
1"
#271470
0"
#271480
1"
#271490
0"
#271500
1"
#271510
0"
#271520
1"
#271530
0"
#271540
1"
#271550
0"
#271560
1"
#271570
0"
#271580
1"
#271590
0"
#271600
1"
#271610
0"
#271620
1"
#271630
0"
#271640
1"
#271650
0"
#271660
1"
#271670
0"
#271680
1"
#271690
0"
#271700
1"
#271710
0"
#271720
1"
#271730
0"
#271740
1"
#271750
0"
#271760
1"
#271770
0"
#271780
1"
#271790
0"
#271800
1"
#271810
0"
#271820
1"
#271830
0"
#271840
1"
#271850
0"
#271860
1"
#271870
0"
#271880
1"
#271890
0"
#271900
1"
#271910
0"
#271920
1"
#271930
0"
#271940
1"
#271950
0"
#271960
1"
#271970
0"
#271980
1"
#271990
0"
#272000
1"
#272010
0"
#272020
1"
#272030
0"
#272040
1"
#272050
0"
#272060
1"
#272070
0"
#272080
1"
#272090
0"
#272100
1"
#272110
0"
#272120
1"
#272130
0"
#272140
1"
#272150
0"
#272160
1"
#272170
0"
#272180
1"
#272190
0"
#272200
1"
#272210
0"
#272220
1"
#272230
0"
#272240
1"
#272250
0"
#272260
1"
#272270
0"
#272280
1"
#272290
0"
#272300
1"
#272310
0"
#272320
1"
#272330
0"
#272340
1"
#272350
0"
#272360
1"
#272370
0"
#272380
1"
#272390
0"
#272400
1"
#272410
0"
#272420
1"
#272430
0"
#272440
1"
#272450
0"
#272460
1"
#272470
0"
#272480
1"
#272490
0"
#272500
1"
#272510
0"
#272520
1"
#272530
0"
#272540
1"
#272550
0"
#272560
1"
#272570
0"
#272580
1"
#272590
0"
#272600
1"
#272610
0"
#272620
1"
#272630
0"
#272640
1"
#272650
0"
#272660
1"
#272670
0"
#272680
1"
#272690
0"
#272700
1"
#272710
0"
#272720
1"
#272730
0"
#272740
1"
#272750
0"
#272760
1"
#272770
0"
#272780
1"
#272790
0"
#272800
1"
#272810
0"
#272820
1"
#272830
0"
#272840
1"
#272850
0"
#272860
1"
#272870
0"
#272880
1"
#272890
0"
#272900
1"
#272910
0"
#272920
1"
#272930
0"
#272940
1"
#272950
0"
#272960
1"
#272970
0"
#272980
1"
#272990
0"
#273000
1"
#273010
0"
#273020
1"
#273030
0"
#273040
1"
#273050
0"
#273060
1"
#273070
0"
#273080
1"
#273090
0"
#273100
1"
#273110
0"
#273120
1"
#273130
0"
#273140
1"
#273150
0"
#273160
1"
#273170
0"
#273180
1"
#273190
0"
#273200
1"
#273210
0"
#273220
1"
#273230
0"
#273240
1"
#273250
0"
#273260
1"
#273270
0"
#273280
1"
#273290
0"
#273300
1"
#273310
0"
#273320
1"
#273330
0"
#273340
1"
#273350
0"
#273360
1"
#273370
0"
#273380
1"
#273390
0"
#273400
1"
#273410
0"
#273420
1"
#273430
0"
#273440
1"
#273450
0"
#273460
1"
#273470
0"
#273480
1"
#273490
0"
#273500
1"
#273510
0"
#273520
1"
#273530
0"
#273540
1"
#273550
0"
#273560
1"
#273570
0"
#273580
1"
#273590
0"
#273600
1"
#273610
0"
#273620
1"
#273630
0"
#273640
1"
#273650
0"
#273660
1"
#273670
0"
#273680
1"
#273690
0"
#273700
1"
#273710
0"
#273720
1"
#273730
0"
#273740
1"
#273750
0"
#273760
1"
#273770
0"
#273780
1"
#273790
0"
#273800
1"
#273810
0"
#273820
1"
#273830
0"
#273840
1"
#273850
0"
#273860
1"
#273870
0"
#273880
1"
#273890
0"
#273900
1"
#273910
0"
#273920
1"
#273930
0"
#273940
1"
#273950
0"
#273960
1"
#273970
0"
#273980
1"
#273990
0"
#274000
1"
#274010
0"
#274020
1"
#274030
0"
#274040
1"
#274050
0"
#274060
1"
#274070
0"
#274080
1"
#274090
0"
#274100
1"
#274110
0"
#274120
1"
#274130
0"
#274140
1"
#274150
0"
#274160
1"
#274170
0"
#274180
1"
#274190
0"
#274200
1"
#274210
0"
#274220
1"
#274230
0"
#274240
1"
#274250
0"
#274260
1"
#274270
0"
#274280
1"
#274290
0"
#274300
1"
#274310
0"
#274320
1"
#274330
0"
#274340
1"
#274350
0"
#274360
1"
#274370
0"
#274380
1"
#274390
0"
#274400
1"
#274410
0"
#274420
1"
#274430
0"
#274440
1"
#274450
0"
#274460
1"
#274470
0"
#274480
1"
#274490
0"
#274500
1"
#274510
0"
#274520
1"
#274530
0"
#274540
1"
#274550
0"
#274560
1"
#274570
0"
#274580
1"
#274590
0"
#274600
1"
#274610
0"
#274620
1"
#274630
0"
#274640
1"
#274650
0"
#274660
1"
#274670
0"
#274680
1"
#274690
0"
#274700
1"
#274710
0"
#274720
1"
#274730
0"
#274740
1"
#274750
0"
#274760
1"
#274770
0"
#274780
1"
#274790
0"
#274800
1"
#274810
0"
#274820
1"
#274830
0"
#274840
1"
#274850
0"
#274860
1"
#274870
0"
#274880
1"
#274890
0"
#274900
1"
#274910
0"
#274920
1"
#274930
0"
#274940
1"
#274950
0"
#274960
1"
#274970
0"
#274980
1"
#274990
0"
#275000
1"
#275010
0"
#275020
1"
#275030
0"
#275040
1"
#275050
0"
#275060
1"
#275070
0"
#275080
1"
#275090
0"
#275100
1"
#275110
0"
#275120
1"
#275130
0"
#275140
1"
#275150
0"
#275160
1"
#275170
0"
#275180
1"
#275190
0"
#275200
1"
#275210
0"
#275220
1"
#275230
0"
#275240
1"
#275250
0"
#275260
1"
#275270
0"
#275280
1"
#275290
0"
#275300
1"
#275310
0"
#275320
1"
#275330
0"
#275340
1"
#275350
0"
#275360
1"
#275370
0"
#275380
1"
#275390
0"
#275400
1"
#275410
0"
#275420
1"
#275430
0"
#275440
1"
#275450
0"
#275460
1"
#275470
0"
#275480
1"
#275490
0"
#275500
1"
#275510
0"
#275520
1"
#275530
0"
#275540
1"
#275550
0"
#275560
1"
#275570
0"
#275580
1"
#275590
0"
#275600
1"
#275610
0"
#275620
1"
#275630
0"
#275640
1"
#275650
0"
#275660
1"
#275670
0"
#275680
1"
#275690
0"
#275700
1"
#275710
0"
#275720
1"
#275730
0"
#275740
1"
#275750
0"
#275760
1"
#275770
0"
#275780
1"
#275790
0"
#275800
1"
#275810
0"
#275820
1"
#275830
0"
#275840
1"
#275850
0"
#275860
1"
#275870
0"
#275880
1"
#275890
0"
#275900
1"
#275910
0"
#275920
1"
#275930
0"
#275940
1"
#275950
0"
#275960
1"
#275970
0"
#275980
1"
#275990
0"
#276000
1"
#276010
0"
#276020
1"
#276030
0"
#276040
1"
#276050
0"
#276060
1"
#276070
0"
#276080
1"
#276090
0"
#276100
1"
#276110
0"
#276120
1"
#276130
0"
#276140
1"
#276150
0"
#276160
1"
#276170
0"
#276180
1"
#276190
0"
#276200
1"
#276210
0"
#276220
1"
#276230
0"
#276240
1"
#276250
0"
#276260
1"
#276270
0"
#276280
1"
#276290
0"
#276300
1"
#276310
0"
#276320
1"
#276330
0"
#276340
1"
#276350
0"
#276360
1"
#276370
0"
#276380
1"
#276390
0"
#276400
1"
#276410
0"
#276420
1"
#276430
0"
#276440
1"
#276450
0"
#276460
1"
#276470
0"
#276480
1"
#276490
0"
#276500
1"
#276510
0"
#276520
1"
#276530
0"
#276540
1"
#276550
0"
#276560
1"
#276570
0"
#276580
1"
#276590
0"
#276600
1"
#276610
0"
#276620
1"
#276630
0"
#276640
1"
#276650
0"
#276660
1"
#276670
0"
#276680
1"
#276690
0"
#276700
1"
#276710
0"
#276720
1"
#276730
0"
#276740
1"
#276750
0"
#276760
1"
#276770
0"
#276780
1"
#276790
0"
#276800
1"
#276810
0"
#276820
1"
#276830
0"
#276840
1"
#276850
0"
#276860
1"
#276870
0"
#276880
1"
#276890
0"
#276900
1"
#276910
0"
#276920
1"
#276930
0"
#276940
1"
#276950
0"
#276960
1"
#276970
0"
#276980
1"
#276990
0"
#277000
1"
#277010
0"
#277020
1"
#277030
0"
#277040
1"
#277050
0"
#277060
1"
#277070
0"
#277080
1"
#277090
0"
#277100
1"
#277110
0"
#277120
1"
#277130
0"
#277140
1"
#277150
0"
#277160
1"
#277170
0"
#277180
1"
#277190
0"
#277200
1"
#277210
0"
#277220
1"
#277230
0"
#277240
1"
#277250
0"
#277260
1"
#277270
0"
#277280
1"
#277290
0"
#277300
1"
#277310
0"
#277320
1"
#277330
0"
#277340
1"
#277350
0"
#277360
1"
#277370
0"
#277380
1"
#277390
0"
#277400
1"
#277410
0"
#277420
1"
#277430
0"
#277440
1"
#277450
0"
#277460
1"
#277470
0"
#277480
1"
#277490
0"
#277500
1"
#277510
0"
#277520
1"
#277530
0"
#277540
1"
#277550
0"
#277560
1"
#277570
0"
#277580
1"
#277590
0"
#277600
1"
#277610
0"
#277620
1"
#277630
0"
#277640
1"
#277650
0"
#277660
1"
#277670
0"
#277680
1"
#277690
0"
#277700
1"
#277710
0"
#277720
1"
#277730
0"
#277740
1"
#277750
0"
#277760
1"
#277770
0"
#277780
1"
#277790
0"
#277800
1"
#277810
0"
#277820
1"
#277830
0"
#277840
1"
#277850
0"
#277860
1"
#277870
0"
#277880
1"
#277890
0"
#277900
1"
#277910
0"
#277920
1"
#277930
0"
#277940
1"
#277950
0"
#277960
1"
#277970
0"
#277980
1"
#277990
0"
#278000
1"
#278010
0"
#278020
1"
#278030
0"
#278040
1"
#278050
0"
#278060
1"
#278070
0"
#278080
1"
#278090
0"
#278100
1"
#278110
0"
#278120
1"
#278130
0"
#278140
1"
#278150
0"
#278160
1"
#278170
0"
#278180
1"
#278190
0"
#278200
1"
#278210
0"
#278220
1"
#278230
0"
#278240
1"
#278250
0"
#278260
1"
#278270
0"
#278280
1"
#278290
0"
#278300
1"
#278310
0"
#278320
1"
#278330
0"
#278340
1"
#278350
0"
#278360
1"
#278370
0"
#278380
1"
#278390
0"
#278400
1"
#278410
0"
#278420
1"
#278430
0"
#278440
1"
#278450
0"
#278460
1"
#278470
0"
#278480
1"
#278490
0"
#278500
1"
#278510
0"
#278520
1"
#278530
0"
#278540
1"
#278550
0"
#278560
1"
#278570
0"
#278580
1"
#278590
0"
#278600
1"
#278610
0"
#278620
1"
#278630
0"
#278640
1"
#278650
0"
#278660
1"
#278670
0"
#278680
1"
#278690
0"
#278700
1"
#278710
0"
#278720
1"
#278730
0"
#278740
1"
#278750
0"
#278760
1"
#278770
0"
#278780
1"
#278790
0"
#278800
1"
#278810
0"
#278820
1"
#278830
0"
#278840
1"
#278850
0"
#278860
1"
#278870
0"
#278880
1"
#278890
0"
#278900
1"
#278910
0"
#278920
1"
#278930
0"
#278940
1"
#278950
0"
#278960
1"
#278970
0"
#278980
1"
#278990
0"
#279000
1"
#279010
0"
#279020
1"
#279030
0"
#279040
1"
#279050
0"
#279060
1"
#279070
0"
#279080
1"
#279090
0"
#279100
1"
#279110
0"
#279120
1"
#279130
0"
#279140
1"
#279150
0"
#279160
1"
#279170
0"
#279180
1"
#279190
0"
#279200
1"
#279210
0"
#279220
1"
#279230
0"
#279240
1"
#279250
0"
#279260
1"
#279270
0"
#279280
1"
#279290
0"
#279300
1"
#279310
0"
#279320
1"
#279330
0"
#279340
1"
#279350
0"
#279360
1"
#279370
0"
#279380
1"
#279390
0"
#279400
1"
#279410
0"
#279420
1"
#279430
0"
#279440
1"
#279450
0"
#279460
1"
#279470
0"
#279480
1"
#279490
0"
#279500
1"
#279510
0"
#279520
1"
#279530
0"
#279540
1"
#279550
0"
#279560
1"
#279570
0"
#279580
1"
#279590
0"
#279600
1"
#279610
0"
#279620
1"
#279630
0"
#279640
1"
#279650
0"
#279660
1"
#279670
0"
#279680
1"
#279690
0"
#279700
1"
#279710
0"
#279720
1"
#279730
0"
#279740
1"
#279750
0"
#279760
1"
#279770
0"
#279780
1"
#279790
0"
#279800
1"
#279810
0"
#279820
1"
#279830
0"
#279840
1"
#279850
0"
#279860
1"
#279870
0"
#279880
1"
#279890
0"
#279900
1"
#279910
0"
#279920
1"
#279930
0"
#279940
1"
#279950
0"
#279960
1"
#279970
0"
#279980
1"
#279990
0"
#280000
1"
#280010
0"
#280020
1"
#280030
0"
#280040
1"
#280050
0"
#280060
1"
#280070
0"
#280080
1"
#280090
0"
#280100
1"
#280110
0"
#280120
1"
#280130
0"
#280140
1"
#280150
0"
#280160
1"
#280170
0"
#280180
1"
#280190
0"
#280200
1"
#280210
0"
#280220
1"
#280230
0"
#280240
1"
#280250
0"
#280260
1"
#280270
0"
#280280
1"
#280290
0"
#280300
1"
#280310
0"
#280320
1"
#280330
0"
#280340
1"
#280350
0"
#280360
1"
#280370
0"
#280380
1"
#280390
0"
#280400
1"
#280410
0"
#280420
1"
#280430
0"
#280440
1"
#280450
0"
#280460
1"
#280470
0"
#280480
1"
#280490
0"
#280500
1"
#280510
0"
#280520
1"
#280530
0"
#280540
1"
#280550
0"
#280560
1"
#280570
0"
#280580
1"
#280590
0"
#280600
1"
#280610
0"
#280620
1"
#280630
0"
#280640
1"
#280650
0"
#280660
1"
#280670
0"
#280680
1"
#280690
0"
#280700
1"
#280710
0"
#280720
1"
#280730
0"
#280740
1"
#280750
0"
#280760
1"
#280770
0"
#280780
1"
#280790
0"
#280800
1"
#280810
0"
#280820
1"
#280830
0"
#280840
1"
#280850
0"
#280860
1"
#280870
0"
#280880
1"
#280890
0"
#280900
1"
#280910
0"
#280920
1"
#280930
0"
#280940
1"
#280950
0"
#280960
1"
#280970
0"
#280980
1"
#280990
0"
#281000
1"
#281010
0"
#281020
1"
#281030
0"
#281040
1"
#281050
0"
#281060
1"
#281070
0"
#281080
1"
#281090
0"
#281100
1"
#281110
0"
#281120
1"
#281130
0"
#281140
1"
#281150
0"
#281160
1"
#281170
0"
#281180
1"
#281190
0"
#281200
1"
#281210
0"
#281220
1"
#281230
0"
#281240
1"
#281250
0"
#281260
1"
#281270
0"
#281280
1"
#281290
0"
#281300
1"
#281310
0"
#281320
1"
#281330
0"
#281340
1"
#281350
0"
#281360
1"
#281370
0"
#281380
1"
#281390
0"
#281400
1"
#281410
0"
#281420
1"
#281430
0"
#281440
1"
#281450
0"
#281460
1"
#281470
0"
#281480
1"
#281490
0"
#281500
1"
#281510
0"
#281520
1"
#281530
0"
#281540
1"
#281550
0"
#281560
1"
#281570
0"
#281580
1"
#281590
0"
#281600
1"
#281610
0"
#281620
1"
#281630
0"
#281640
1"
#281650
0"
#281660
1"
#281670
0"
#281680
1"
#281690
0"
#281700
1"
#281710
0"
#281720
1"
#281730
0"
#281740
1"
#281750
0"
#281760
1"
#281770
0"
#281780
1"
#281790
0"
#281800
1"
#281810
0"
#281820
1"
#281830
0"
#281840
1"
#281850
0"
#281860
1"
#281870
0"
#281880
1"
#281890
0"
#281900
1"
#281910
0"
#281920
1"
#281930
0"
#281940
1"
#281950
0"
#281960
1"
#281970
0"
#281980
1"
#281990
0"
#282000
1"
#282010
0"
#282020
1"
#282030
0"
#282040
1"
#282050
0"
#282060
1"
#282070
0"
#282080
1"
#282090
0"
#282100
1"
#282110
0"
#282120
1"
#282130
0"
#282140
1"
#282150
0"
#282160
1"
#282170
0"
#282180
1"
#282190
0"
#282200
1"
#282210
0"
#282220
1"
#282230
0"
#282240
1"
#282250
0"
#282260
1"
#282270
0"
#282280
1"
#282290
0"
#282300
1"
#282310
0"
#282320
1"
#282330
0"
#282340
1"
#282350
0"
#282360
1"
#282370
0"
#282380
1"
#282390
0"
#282400
1"
#282410
0"
#282420
1"
#282430
0"
#282440
1"
#282450
0"
#282460
1"
#282470
0"
#282480
1"
#282490
0"
#282500
1"
#282510
0"
#282520
1"
#282530
0"
#282540
1"
#282550
0"
#282560
1"
#282570
0"
#282580
1"
#282590
0"
#282600
1"
#282610
0"
#282620
1"
#282630
0"
#282640
1"
#282650
0"
#282660
1"
#282670
0"
#282680
1"
#282690
0"
#282700
1"
#282710
0"
#282720
1"
#282730
0"
#282740
1"
#282750
0"
#282760
1"
#282770
0"
#282780
1"
#282790
0"
#282800
1"
#282810
0"
#282820
1"
#282830
0"
#282840
1"
#282850
0"
#282860
1"
#282870
0"
#282880
1"
#282890
0"
#282900
1"
#282910
0"
#282920
1"
#282930
0"
#282940
1"
#282950
0"
#282960
1"
#282970
0"
#282980
1"
#282990
0"
#283000
1"
#283010
0"
#283020
1"
#283030
0"
#283040
1"
#283050
0"
#283060
1"
#283070
0"
#283080
1"
#283090
0"
#283100
1"
#283110
0"
#283120
1"
#283130
0"
#283140
1"
#283150
0"
#283160
1"
#283170
0"
#283180
1"
#283190
0"
#283200
1"
#283210
0"
#283220
1"
#283230
0"
#283240
1"
#283250
0"
#283260
1"
#283270
0"
#283280
1"
#283290
0"
#283300
1"
#283310
0"
#283320
1"
#283330
0"
#283340
1"
#283350
0"
#283360
1"
#283370
0"
#283380
1"
#283390
0"
#283400
1"
#283410
0"
#283420
1"
#283430
0"
#283440
1"
#283450
0"
#283460
1"
#283470
0"
#283480
1"
#283490
0"
#283500
1"
#283510
0"
#283520
1"
#283530
0"
#283540
1"
#283550
0"
#283560
1"
#283570
0"
#283580
1"
#283590
0"
#283600
1"
#283610
0"
#283620
1"
#283630
0"
#283640
1"
#283650
0"
#283660
1"
#283670
0"
#283680
1"
#283690
0"
#283700
1"
#283710
0"
#283720
1"
#283730
0"
#283740
1"
#283750
0"
#283760
1"
#283770
0"
#283780
1"
#283790
0"
#283800
1"
#283810
0"
#283820
1"
#283830
0"
#283840
1"
#283850
0"
#283860
1"
#283870
0"
#283880
1"
#283890
0"
#283900
1"
#283910
0"
#283920
1"
#283930
0"
#283940
1"
#283950
0"
#283960
1"
#283970
0"
#283980
1"
#283990
0"
#284000
1"
#284010
0"
#284020
1"
#284030
0"
#284040
1"
#284050
0"
#284060
1"
#284070
0"
#284080
1"
#284090
0"
#284100
1"
#284110
0"
#284120
1"
#284130
0"
#284140
1"
#284150
0"
#284160
1"
#284170
0"
#284180
1"
#284190
0"
#284200
1"
#284210
0"
#284220
1"
#284230
0"
#284240
1"
#284250
0"
#284260
1"
#284270
0"
#284280
1"
#284290
0"
#284300
1"
#284310
0"
#284320
1"
#284330
0"
#284340
1"
#284350
0"
#284360
1"
#284370
0"
#284380
1"
#284390
0"
#284400
1"
#284410
0"
#284420
1"
#284430
0"
#284440
1"
#284450
0"
#284460
1"
#284470
0"
#284480
1"
#284490
0"
#284500
1"
#284510
0"
#284520
1"
#284530
0"
#284540
1"
#284550
0"
#284560
1"
#284570
0"
#284580
1"
#284590
0"
#284600
1"
#284610
0"
#284620
1"
#284630
0"
#284640
1"
#284650
0"
#284660
1"
#284670
0"
#284680
1"
#284690
0"
#284700
1"
#284710
0"
#284720
1"
#284730
0"
#284740
1"
#284750
0"
#284760
1"
#284770
0"
#284780
1"
#284790
0"
#284800
1"
#284810
0"
#284820
1"
#284830
0"
#284840
1"
#284850
0"
#284860
1"
#284870
0"
#284880
1"
#284890
0"
#284900
1"
#284910
0"
#284920
1"
#284930
0"
#284940
1"
#284950
0"
#284960
1"
#284970
0"
#284980
1"
#284990
0"
#285000
1"
#285010
0"
#285020
1"
#285030
0"
#285040
1"
#285050
0"
#285060
1"
#285070
0"
#285080
1"
#285090
0"
#285100
1"
#285110
0"
#285120
1"
#285130
0"
#285140
1"
#285150
0"
#285160
1"
#285170
0"
#285180
1"
#285190
0"
#285200
1"
#285210
0"
#285220
1"
#285230
0"
#285240
1"
#285250
0"
#285260
1"
#285270
0"
#285280
1"
#285290
0"
#285300
1"
#285310
0"
#285320
1"
#285330
0"
#285340
1"
#285350
0"
#285360
1"
#285370
0"
#285380
1"
#285390
0"
#285400
1"
#285410
0"
#285420
1"
#285430
0"
#285440
1"
#285450
0"
#285460
1"
#285470
0"
#285480
1"
#285490
0"
#285500
1"
#285510
0"
#285520
1"
#285530
0"
#285540
1"
#285550
0"
#285560
1"
#285570
0"
#285580
1"
#285590
0"
#285600
1"
#285610
0"
#285620
1"
#285630
0"
#285640
1"
#285650
0"
#285660
1"
#285670
0"
#285680
1"
#285690
0"
#285700
1"
#285710
0"
#285720
1"
#285730
0"
#285740
1"
#285750
0"
#285760
1"
#285770
0"
#285780
1"
#285790
0"
#285800
1"
#285810
0"
#285820
1"
#285830
0"
#285840
1"
#285850
0"
#285860
1"
#285870
0"
#285880
1"
#285890
0"
#285900
1"
#285910
0"
#285920
1"
#285930
0"
#285940
1"
#285950
0"
#285960
1"
#285970
0"
#285980
1"
#285990
0"
#286000
1"
#286010
0"
#286020
1"
#286030
0"
#286040
1"
#286050
0"
#286060
1"
#286070
0"
#286080
1"
#286090
0"
#286100
1"
#286110
0"
#286120
1"
#286130
0"
#286140
1"
#286150
0"
#286160
1"
#286170
0"
#286180
1"
#286190
0"
#286200
1"
#286210
0"
#286220
1"
#286230
0"
#286240
1"
#286250
0"
#286260
1"
#286270
0"
#286280
1"
#286290
0"
#286300
1"
#286310
0"
#286320
1"
#286330
0"
#286340
1"
#286350
0"
#286360
1"
#286370
0"
#286380
1"
#286390
0"
#286400
1"
#286410
0"
#286420
1"
#286430
0"
#286440
1"
#286450
0"
#286460
1"
#286470
0"
#286480
1"
#286490
0"
#286500
1"
#286510
0"
#286520
1"
#286530
0"
#286540
1"
#286550
0"
#286560
1"
#286570
0"
#286580
1"
#286590
0"
#286600
1"
#286610
0"
#286620
1"
#286630
0"
#286640
1"
#286650
0"
#286660
1"
#286670
0"
#286680
1"
#286690
0"
#286700
1"
#286710
0"
#286720
1"
#286730
0"
#286740
1"
#286750
0"
#286760
1"
#286770
0"
#286780
1"
#286790
0"
#286800
1"
#286810
0"
#286820
1"
#286830
0"
#286840
1"
#286850
0"
#286860
1"
#286870
0"
#286880
1"
#286890
0"
#286900
1"
#286910
0"
#286920
1"
#286930
0"
#286940
1"
#286950
0"
#286960
1"
#286970
0"
#286980
1"
#286990
0"
#287000
1"
#287010
0"
#287020
1"
#287030
0"
#287040
1"
#287050
0"
#287060
1"
#287070
0"
#287080
1"
#287090
0"
#287100
1"
#287110
0"
#287120
1"
#287130
0"
#287140
1"
#287150
0"
#287160
1"
#287170
0"
#287180
1"
#287190
0"
#287200
1"
#287210
0"
#287220
1"
#287230
0"
#287240
1"
#287250
0"
#287260
1"
#287270
0"
#287280
1"
#287290
0"
#287300
1"
#287310
0"
#287320
1"
#287330
0"
#287340
1"
#287350
0"
#287360
1"
#287370
0"
#287380
1"
#287390
0"
#287400
1"
#287410
0"
#287420
1"
#287430
0"
#287440
1"
#287450
0"
#287460
1"
#287470
0"
#287480
1"
#287490
0"
#287500
1"
#287510
0"
#287520
1"
#287530
0"
#287540
1"
#287550
0"
#287560
1"
#287570
0"
#287580
1"
#287590
0"
#287600
1"
#287610
0"
#287620
1"
#287630
0"
#287640
1"
#287650
0"
#287660
1"
#287670
0"
#287680
1"
#287690
0"
#287700
1"
#287710
0"
#287720
1"
#287730
0"
#287740
1"
#287750
0"
#287760
1"
#287770
0"
#287780
1"
#287790
0"
#287800
1"
#287810
0"
#287820
1"
#287830
0"
#287840
1"
#287850
0"
#287860
1"
#287870
0"
#287880
1"
#287890
0"
#287900
1"
#287910
0"
#287920
1"
#287930
0"
#287940
1"
#287950
0"
#287960
1"
#287970
0"
#287980
1"
#287990
0"
#288000
1"
#288010
0"
#288020
1"
#288030
0"
#288040
1"
#288050
0"
#288060
1"
#288070
0"
#288080
1"
#288090
0"
#288100
1"
#288110
0"
#288120
1"
#288130
0"
#288140
1"
#288150
0"
#288160
1"
#288170
0"
#288180
1"
#288190
0"
#288200
1"
#288210
0"
#288220
1"
#288230
0"
#288240
1"
#288250
0"
#288260
1"
#288270
0"
#288280
1"
#288290
0"
#288300
1"
#288310
0"
#288320
1"
#288330
0"
#288340
1"
#288350
0"
#288360
1"
#288370
0"
#288380
1"
#288390
0"
#288400
1"
#288410
0"
#288420
1"
#288430
0"
#288440
1"
#288450
0"
#288460
1"
#288470
0"
#288480
1"
#288490
0"
#288500
1"
#288510
0"
#288520
1"
#288530
0"
#288540
1"
#288550
0"
#288560
1"
#288570
0"
#288580
1"
#288590
0"
#288600
1"
#288610
0"
#288620
1"
#288630
0"
#288640
1"
#288650
0"
#288660
1"
#288670
0"
#288680
1"
#288690
0"
#288700
1"
#288710
0"
#288720
1"
#288730
0"
#288740
1"
#288750
0"
#288760
1"
#288770
0"
#288780
1"
#288790
0"
#288800
1"
#288810
0"
#288820
1"
#288830
0"
#288840
1"
#288850
0"
#288860
1"
#288870
0"
#288880
1"
#288890
0"
#288900
1"
#288910
0"
#288920
1"
#288930
0"
#288940
1"
#288950
0"
#288960
1"
#288970
0"
#288980
1"
#288990
0"
#289000
1"
#289010
0"
#289020
1"
#289030
0"
#289040
1"
#289050
0"
#289060
1"
#289070
0"
#289080
1"
#289090
0"
#289100
1"
#289110
0"
#289120
1"
#289130
0"
#289140
1"
#289150
0"
#289160
1"
#289170
0"
#289180
1"
#289190
0"
#289200
1"
#289210
0"
#289220
1"
#289230
0"
#289240
1"
#289250
0"
#289260
1"
#289270
0"
#289280
1"
#289290
0"
#289300
1"
#289310
0"
#289320
1"
#289330
0"
#289340
1"
#289350
0"
#289360
1"
#289370
0"
#289380
1"
#289390
0"
#289400
1"
#289410
0"
#289420
1"
#289430
0"
#289440
1"
#289450
0"
#289460
1"
#289470
0"
#289480
1"
#289490
0"
#289500
1"
#289510
0"
#289520
1"
#289530
0"
#289540
1"
#289550
0"
#289560
1"
#289570
0"
#289580
1"
#289590
0"
#289600
1"
#289610
0"
#289620
1"
#289630
0"
#289640
1"
#289650
0"
#289660
1"
#289670
0"
#289680
1"
#289690
0"
#289700
1"
#289710
0"
#289720
1"
#289730
0"
#289740
1"
#289750
0"
#289760
1"
#289770
0"
#289780
1"
#289790
0"
#289800
1"
#289810
0"
#289820
1"
#289830
0"
#289840
1"
#289850
0"
#289860
1"
#289870
0"
#289880
1"
#289890
0"
#289900
1"
#289910
0"
#289920
1"
#289930
0"
#289940
1"
#289950
0"
#289960
1"
#289970
0"
#289980
1"
#289990
0"
#290000
1"
#290010
0"
#290020
1"
#290030
0"
#290040
1"
#290050
0"
#290060
1"
#290070
0"
#290080
1"
#290090
0"
#290100
1"
#290110
0"
#290120
1"
#290130
0"
#290140
1"
#290150
0"
#290160
1"
#290170
0"
#290180
1"
#290190
0"
#290200
1"
#290210
0"
#290220
1"
#290230
0"
#290240
1"
#290250
0"
#290260
1"
#290270
0"
#290280
1"
#290290
0"
#290300
1"
#290310
0"
#290320
1"
#290330
0"
#290340
1"
#290350
0"
#290360
1"
#290370
0"
#290380
1"
#290390
0"
#290400
1"
#290410
0"
#290420
1"
#290430
0"
#290440
1"
#290450
0"
#290460
1"
#290470
0"
#290480
1"
#290490
0"
#290500
1"
#290510
0"
#290520
1"
#290530
0"
#290540
1"
#290550
0"
#290560
1"
#290570
0"
#290580
1"
#290590
0"
#290600
1"
#290610
0"
#290620
1"
#290630
0"
#290640
1"
#290650
0"
#290660
1"
#290670
0"
#290680
1"
#290690
0"
#290700
1"
#290710
0"
#290720
1"
#290730
0"
#290740
1"
#290750
0"
#290760
1"
#290770
0"
#290780
1"
#290790
0"
#290800
1"
#290810
0"
#290820
1"
#290830
0"
#290840
1"
#290850
0"
#290860
1"
#290870
0"
#290880
1"
#290890
0"
#290900
1"
#290910
0"
#290920
1"
#290930
0"
#290940
1"
#290950
0"
#290960
1"
#290970
0"
#290980
1"
#290990
0"
#291000
1"
#291010
0"
#291020
1"
#291030
0"
#291040
1"
#291050
0"
#291060
1"
#291070
0"
#291080
1"
#291090
0"
#291100
1"
#291110
0"
#291120
1"
#291130
0"
#291140
1"
#291150
0"
#291160
1"
#291170
0"
#291180
1"
#291190
0"
#291200
1"
#291210
0"
#291220
1"
#291230
0"
#291240
1"
#291250
0"
#291260
1"
#291270
0"
#291280
1"
#291290
0"
#291300
1"
#291310
0"
#291320
1"
#291330
0"
#291340
1"
#291350
0"
#291360
1"
#291370
0"
#291380
1"
#291390
0"
#291400
1"
#291410
0"
#291420
1"
#291430
0"
#291440
1"
#291450
0"
#291460
1"
#291470
0"
#291480
1"
#291490
0"
#291500
1"
#291510
0"
#291520
1"
#291530
0"
#291540
1"
#291550
0"
#291560
1"
#291570
0"
#291580
1"
#291590
0"
#291600
1"
#291610
0"
#291620
1"
#291630
0"
#291640
1"
#291650
0"
#291660
1"
#291670
0"
#291680
1"
#291690
0"
#291700
1"
#291710
0"
#291720
1"
#291730
0"
#291740
1"
#291750
0"
#291760
1"
#291770
0"
#291780
1"
#291790
0"
#291800
1"
#291810
0"
#291820
1"
#291830
0"
#291840
1"
#291850
0"
#291860
1"
#291870
0"
#291880
1"
#291890
0"
#291900
1"
#291910
0"
#291920
1"
#291930
0"
#291940
1"
#291950
0"
#291960
1"
#291970
0"
#291980
1"
#291990
0"
#292000
1"
#292010
0"
#292020
1"
#292030
0"
#292040
1"
#292050
0"
#292060
1"
#292070
0"
#292080
1"
#292090
0"
#292100
1"
#292110
0"
#292120
1"
#292130
0"
#292140
1"
#292150
0"
#292160
1"
#292170
0"
#292180
1"
#292190
0"
#292200
1"
#292210
0"
#292220
1"
#292230
0"
#292240
1"
#292250
0"
#292260
1"
#292270
0"
#292280
1"
#292290
0"
#292300
1"
#292310
0"
#292320
1"
#292330
0"
#292340
1"
#292350
0"
#292360
1"
#292370
0"
#292380
1"
#292390
0"
#292400
1"
#292410
0"
#292420
1"
#292430
0"
#292440
1"
#292450
0"
#292460
1"
#292470
0"
#292480
1"
#292490
0"
#292500
1"
#292510
0"
#292520
1"
#292530
0"
#292540
1"
#292550
0"
#292560
1"
#292570
0"
#292580
1"
#292590
0"
#292600
1"
#292610
0"
#292620
1"
#292630
0"
#292640
1"
#292650
0"
#292660
1"
#292670
0"
#292680
1"
#292690
0"
#292700
1"
#292710
0"
#292720
1"
#292730
0"
#292740
1"
#292750
0"
#292760
1"
#292770
0"
#292780
1"
#292790
0"
#292800
1"
#292810
0"
#292820
1"
#292830
0"
#292840
1"
#292850
0"
#292860
1"
#292870
0"
#292880
1"
#292890
0"
#292900
1"
#292910
0"
#292920
1"
#292930
0"
#292940
1"
#292950
0"
#292960
1"
#292970
0"
#292980
1"
#292990
0"
#293000
1"
#293010
0"
#293020
1"
#293030
0"
#293040
1"
#293050
0"
#293060
1"
#293070
0"
#293080
1"
#293090
0"
#293100
1"
#293110
0"
#293120
1"
#293130
0"
#293140
1"
#293150
0"
#293160
1"
#293170
0"
#293180
1"
#293190
0"
#293200
1"
#293210
0"
#293220
1"
#293230
0"
#293240
1"
#293250
0"
#293260
1"
#293270
0"
#293280
1"
#293290
0"
#293300
1"
#293310
0"
#293320
1"
#293330
0"
#293340
1"
#293350
0"
#293360
1"
#293370
0"
#293380
1"
#293390
0"
#293400
1"
#293410
0"
#293420
1"
#293430
0"
#293440
1"
#293450
0"
#293460
1"
#293470
0"
#293480
1"
#293490
0"
#293500
1"
#293510
0"
#293520
1"
#293530
0"
#293540
1"
#293550
0"
#293560
1"
#293570
0"
#293580
1"
#293590
0"
#293600
1"
#293610
0"
#293620
1"
#293630
0"
#293640
1"
#293650
0"
#293660
1"
#293670
0"
#293680
1"
#293690
0"
#293700
1"
#293710
0"
#293720
1"
#293730
0"
#293740
1"
#293750
0"
#293760
1"
#293770
0"
#293780
1"
#293790
0"
#293800
1"
#293810
0"
#293820
1"
#293830
0"
#293840
1"
#293850
0"
#293860
1"
#293870
0"
#293880
1"
#293890
0"
#293900
1"
#293910
0"
#293920
1"
#293930
0"
#293940
1"
#293950
0"
#293960
1"
#293970
0"
#293980
1"
#293990
0"
#294000
1"
#294010
0"
#294020
1"
#294030
0"
#294040
1"
#294050
0"
#294060
1"
#294070
0"
#294080
1"
#294090
0"
#294100
1"
#294110
0"
#294120
1"
#294130
0"
#294140
1"
#294150
0"
#294160
1"
#294170
0"
#294180
1"
#294190
0"
#294200
1"
#294210
0"
#294220
1"
#294230
0"
#294240
1"
#294250
0"
#294260
1"
#294270
0"
#294280
1"
#294290
0"
#294300
1"
#294310
0"
#294320
1"
#294330
0"
#294340
1"
#294350
0"
#294360
1"
#294370
0"
#294380
1"
#294390
0"
#294400
1"
#294410
0"
#294420
1"
#294430
0"
#294440
1"
#294450
0"
#294460
1"
#294470
0"
#294480
1"
#294490
0"
#294500
1"
#294510
0"
#294520
1"
#294530
0"
#294540
1"
#294550
0"
#294560
1"
#294570
0"
#294580
1"
#294590
0"
#294600
1"
#294610
0"
#294620
1"
#294630
0"
#294640
1"
#294650
0"
#294660
1"
#294670
0"
#294680
1"
#294690
0"
#294700
1"
#294710
0"
#294720
1"
#294730
0"
#294740
1"
#294750
0"
#294760
1"
#294770
0"
#294780
1"
#294790
0"
#294800
1"
#294810
0"
#294820
1"
#294830
0"
#294840
1"
#294850
0"
#294860
1"
#294870
0"
#294880
1"
#294890
0"
#294900
1"
#294910
0"
#294920
1"
#294930
0"
#294940
1"
#294950
0"
#294960
1"
#294970
0"
#294980
1"
#294990
0"
#295000
1"
#295010
0"
#295020
1"
#295030
0"
#295040
1"
#295050
0"
#295060
1"
#295070
0"
#295080
1"
#295090
0"
#295100
1"
#295110
0"
#295120
1"
#295130
0"
#295140
1"
#295150
0"
#295160
1"
#295170
0"
#295180
1"
#295190
0"
#295200
1"
#295210
0"
#295220
1"
#295230
0"
#295240
1"
#295250
0"
#295260
1"
#295270
0"
#295280
1"
#295290
0"
#295300
1"
#295310
0"
#295320
1"
#295330
0"
#295340
1"
#295350
0"
#295360
1"
#295370
0"
#295380
1"
#295390
0"
#295400
1"
#295410
0"
#295420
1"
#295430
0"
#295440
1"
#295450
0"
#295460
1"
#295470
0"
#295480
1"
#295490
0"
#295500
1"
#295510
0"
#295520
1"
#295530
0"
#295540
1"
#295550
0"
#295560
1"
#295570
0"
#295580
1"
#295590
0"
#295600
1"
#295610
0"
#295620
1"
#295630
0"
#295640
1"
#295650
0"
#295660
1"
#295670
0"
#295680
1"
#295690
0"
#295700
1"
#295710
0"
#295720
1"
#295730
0"
#295740
1"
#295750
0"
#295760
1"
#295770
0"
#295780
1"
#295790
0"
#295800
1"
#295810
0"
#295820
1"
#295830
0"
#295840
1"
#295850
0"
#295860
1"
#295870
0"
#295880
1"
#295890
0"
#295900
1"
#295910
0"
#295920
1"
#295930
0"
#295940
1"
#295950
0"
#295960
1"
#295970
0"
#295980
1"
#295990
0"
#296000
1"
#296010
0"
#296020
1"
#296030
0"
#296040
1"
#296050
0"
#296060
1"
#296070
0"
#296080
1"
#296090
0"
#296100
1"
#296110
0"
#296120
1"
#296130
0"
#296140
1"
#296150
0"
#296160
1"
#296170
0"
#296180
1"
#296190
0"
#296200
1"
#296210
0"
#296220
1"
#296230
0"
#296240
1"
#296250
0"
#296260
1"
#296270
0"
#296280
1"
#296290
0"
#296300
1"
#296310
0"
#296320
1"
#296330
0"
#296340
1"
#296350
0"
#296360
1"
#296370
0"
#296380
1"
#296390
0"
#296400
1"
#296410
0"
#296420
1"
#296430
0"
#296440
1"
#296450
0"
#296460
1"
#296470
0"
#296480
1"
#296490
0"
#296500
1"
#296510
0"
#296520
1"
#296530
0"
#296540
1"
#296550
0"
#296560
1"
#296570
0"
#296580
1"
#296590
0"
#296600
1"
#296610
0"
#296620
1"
#296630
0"
#296640
1"
#296650
0"
#296660
1"
#296670
0"
#296680
1"
#296690
0"
#296700
1"
#296710
0"
#296720
1"
#296730
0"
#296740
1"
#296750
0"
#296760
1"
#296770
0"
#296780
1"
#296790
0"
#296800
1"
#296810
0"
#296820
1"
#296830
0"
#296840
1"
#296850
0"
#296860
1"
#296870
0"
#296880
1"
#296890
0"
#296900
1"
#296910
0"
#296920
1"
#296930
0"
#296940
1"
#296950
0"
#296960
1"
#296970
0"
#296980
1"
#296990
0"
#297000
1"
#297010
0"
#297020
1"
#297030
0"
#297040
1"
#297050
0"
#297060
1"
#297070
0"
#297080
1"
#297090
0"
#297100
1"
#297110
0"
#297120
1"
#297130
0"
#297140
1"
#297150
0"
#297160
1"
#297170
0"
#297180
1"
#297190
0"
#297200
1"
#297210
0"
#297220
1"
#297230
0"
#297240
1"
#297250
0"
#297260
1"
#297270
0"
#297280
1"
#297290
0"
#297300
1"
#297310
0"
#297320
1"
#297330
0"
#297340
1"
#297350
0"
#297360
1"
#297370
0"
#297380
1"
#297390
0"
#297400
1"
#297410
0"
#297420
1"
#297430
0"
#297440
1"
#297450
0"
#297460
1"
#297470
0"
#297480
1"
#297490
0"
#297500
1"
#297510
0"
#297520
1"
#297530
0"
#297540
1"
#297550
0"
#297560
1"
#297570
0"
#297580
1"
#297590
0"
#297600
1"
#297610
0"
#297620
1"
#297630
0"
#297640
1"
#297650
0"
#297660
1"
#297670
0"
#297680
1"
#297690
0"
#297700
1"
#297710
0"
#297720
1"
#297730
0"
#297740
1"
#297750
0"
#297760
1"
#297770
0"
#297780
1"
#297790
0"
#297800
1"
#297810
0"
#297820
1"
#297830
0"
#297840
1"
#297850
0"
#297860
1"
#297870
0"
#297880
1"
#297890
0"
#297900
1"
#297910
0"
#297920
1"
#297930
0"
#297940
1"
#297950
0"
#297960
1"
#297970
0"
#297980
1"
#297990
0"
#298000
1"
#298010
0"
#298020
1"
#298030
0"
#298040
1"
#298050
0"
#298060
1"
#298070
0"
#298080
1"
#298090
0"
#298100
1"
#298110
0"
#298120
1"
#298130
0"
#298140
1"
#298150
0"
#298160
1"
#298170
0"
#298180
1"
#298190
0"
#298200
1"
#298210
0"
#298220
1"
#298230
0"
#298240
1"
#298250
0"
#298260
1"
#298270
0"
#298280
1"
#298290
0"
#298300
1"
#298310
0"
#298320
1"
#298330
0"
#298340
1"
#298350
0"
#298360
1"
#298370
0"
#298380
1"
#298390
0"
#298400
1"
#298410
0"
#298420
1"
#298430
0"
#298440
1"
#298450
0"
#298460
1"
#298470
0"
#298480
1"
#298490
0"
#298500
1"
#298510
0"
#298520
1"
#298530
0"
#298540
1"
#298550
0"
#298560
1"
#298570
0"
#298580
1"
#298590
0"
#298600
1"
#298610
0"
#298620
1"
#298630
0"
#298640
1"
#298650
0"
#298660
1"
#298670
0"
#298680
1"
#298690
0"
#298700
1"
#298710
0"
#298720
1"
#298730
0"
#298740
1"
#298750
0"
#298760
1"
#298770
0"
#298780
1"
#298790
0"
#298800
1"
#298810
0"
#298820
1"
#298830
0"
#298840
1"
#298850
0"
#298860
1"
#298870
0"
#298880
1"
#298890
0"
#298900
1"
#298910
0"
#298920
1"
#298930
0"
#298940
1"
#298950
0"
#298960
1"
#298970
0"
#298980
1"
#298990
0"
#299000
1"
#299010
0"
#299020
1"
#299030
0"
#299040
1"
#299050
0"
#299060
1"
#299070
0"
#299080
1"
#299090
0"
#299100
1"
#299110
0"
#299120
1"
#299130
0"
#299140
1"
#299150
0"
#299160
1"
#299170
0"
#299180
1"
#299190
0"
#299200
1"
#299210
0"
#299220
1"
#299230
0"
#299240
1"
#299250
0"
#299260
1"
#299270
0"
#299280
1"
#299290
0"
#299300
1"
#299310
0"
#299320
1"
#299330
0"
#299340
1"
#299350
0"
#299360
1"
#299370
0"
#299380
1"
#299390
0"
#299400
1"
#299410
0"
#299420
1"
#299430
0"
#299440
1"
#299450
0"
#299460
1"
#299470
0"
#299480
1"
#299490
0"
#299500
1"
#299510
0"
#299520
1"
#299530
0"
#299540
1"
#299550
0"
#299560
1"
#299570
0"
#299580
1"
#299590
0"
#299600
1"
#299610
0"
#299620
1"
#299630
0"
#299640
1"
#299650
0"
#299660
1"
#299670
0"
#299680
1"
#299690
0"
#299700
1"
#299710
0"
#299720
1"
#299730
0"
#299740
1"
#299750
0"
#299760
1"
#299770
0"
#299780
1"
#299790
0"
#299800
1"
#299810
0"
#299820
1"
#299830
0"
#299840
1"
#299850
0"
#299860
1"
#299870
0"
#299880
1"
#299890
0"
#299900
1"
#299910
0"
#299920
1"
#299930
0"
#299940
1"
#299950
0"
#299960
1"
#299970
0"
#299980
1"
#299990
0"
#300000
1"
#300010
0"
#300020
1"
#300030
0"
#300040
1"
#300050
0"
#300060
1"
#300070
0"
#300080
1"
#300090
0"
#300100
1"
#300110
0"
#300120
1"
#300130
0"
#300140
1"
#300150
0"
#300160
1"
#300170
0"
#300180
1"
#300190
0"
#300200
1"
#300210
0"
#300220
1"
#300230
0"
#300240
1"
#300250
0"
#300260
1"
#300270
0"
#300280
1"
#300290
0"
#300300
1"
#300310
0"
#300320
1"
#300330
0"
#300340
1"
#300350
0"
#300360
1"
#300370
0"
#300380
1"
#300390
0"
#300400
1"
#300410
0"
#300420
1"
#300430
0"
#300440
1"
#300450
0"
#300460
1"
#300470
0"
#300480
1"
#300490
0"
#300500
1"
#300510
0"
#300520
1"
#300530
0"
#300540
1"
#300550
0"
#300560
1"
#300570
0"
#300580
1"
#300590
0"
#300600
1"
#300610
0"
#300620
1"
#300630
0"
#300640
1"
#300650
0"
#300660
1"
#300670
0"
#300680
1"
#300690
0"
#300700
1"
#300710
0"
#300720
1"
#300730
0"
#300740
1"
#300750
0"
#300760
1"
#300770
0"
#300780
1"
#300790
0"
#300800
1"
#300810
0"
#300820
1"
#300830
0"
#300840
1"
#300850
0"
#300860
1"
#300870
0"
#300880
1"
#300890
0"
#300900
1"
#300910
0"
#300920
1"
#300930
0"
#300940
1"
#300950
0"
#300960
1"
#300970
0"
#300980
1"
#300990
0"
#301000
1"
#301010
0"
#301020
1"
#301030
0"
#301040
1"
#301050
0"
#301060
1"
#301070
0"
#301080
1"
#301090
0"
#301100
1"
#301110
0"
#301120
1"
#301130
0"
#301140
1"
#301150
0"
#301160
1"
#301170
0"
#301180
1"
#301190
0"
#301200
1"
#301210
0"
#301220
1"
#301230
0"
#301240
1"
#301250
0"
#301260
1"
#301270
0"
#301280
1"
#301290
0"
#301300
1"
#301310
0"
#301320
1"
#301330
0"
#301340
1"
#301350
0"
#301360
1"
#301370
0"
#301380
1"
#301390
0"
#301400
1"
#301410
0"
#301420
1"
#301430
0"
#301440
1"
#301450
0"
#301460
1"
#301470
0"
#301480
1"
#301490
0"
#301500
1"
#301510
0"
#301520
1"
#301530
0"
#301540
1"
#301550
0"
#301560
1"
#301570
0"
#301580
1"
#301590
0"
#301600
1"
#301610
0"
#301620
1"
#301630
0"
#301640
1"
#301650
0"
#301660
1"
#301670
0"
#301680
1"
#301690
0"
#301700
1"
#301710
0"
#301720
1"
#301730
0"
#301740
1"
#301750
0"
#301760
1"
#301770
0"
#301780
1"
#301790
0"
#301800
1"
#301810
0"
#301820
1"
#301830
0"
#301840
1"
#301850
0"
#301860
1"
#301870
0"
#301880
1"
#301890
0"
#301900
1"
#301910
0"
#301920
1"
#301930
0"
#301940
1"
#301950
0"
#301960
1"
#301970
0"
#301980
1"
#301990
0"
#302000
1"
#302010
0"
#302020
1"
#302030
0"
#302040
1"
#302050
0"
#302060
1"
#302070
0"
#302080
1"
#302090
0"
#302100
1"
#302110
0"
#302120
1"
#302130
0"
#302140
1"
#302150
0"
#302160
1"
#302170
0"
#302180
1"
#302190
0"
#302200
1"
#302210
0"
#302220
1"
#302230
0"
#302240
1"
#302250
0"
#302260
1"
#302270
0"
#302280
1"
#302290
0"
#302300
1"
#302310
0"
#302320
1"
#302330
0"
#302340
1"
#302350
0"
#302360
1"
#302370
0"
#302380
1"
#302390
0"
#302400
1"
#302410
0"
#302420
1"
#302430
0"
#302440
1"
#302450
0"
#302460
1"
#302470
0"
#302480
1"
#302490
0"
#302500
1"
#302510
0"
#302520
1"
#302530
0"
#302540
1"
#302550
0"
#302560
1"
#302570
0"
#302580
1"
#302590
0"
#302600
1"
#302610
0"
#302620
1"
#302630
0"
#302640
1"
#302650
0"
#302660
1"
#302670
0"
#302680
1"
#302690
0"
#302700
1"
#302710
0"
#302720
1"
#302730
0"
#302740
1"
#302750
0"
#302760
1"
#302770
0"
#302780
1"
#302790
0"
#302800
1"
#302810
0"
#302820
1"
#302830
0"
#302840
1"
#302850
0"
#302860
1"
#302870
0"
#302880
1"
#302890
0"
#302900
1"
#302910
0"
#302920
1"
#302930
0"
#302940
1"
#302950
0"
#302960
1"
#302970
0"
#302980
1"
#302990
0"
#303000
1"
#303010
0"
#303020
1"
#303030
0"
#303040
1"
#303050
0"
#303060
1"
#303070
0"
#303080
1"
#303090
0"
#303100
1"
#303110
0"
#303120
1"
#303130
0"
#303140
1"
#303150
0"
#303160
1"
#303170
0"
#303180
1"
#303190
0"
#303200
1"
#303210
0"
#303220
1"
#303230
0"
#303240
1"
#303250
0"
#303260
1"
#303270
0"
#303280
1"
#303290
0"
#303300
1"
#303310
0"
#303320
1"
#303330
0"
#303340
1"
#303350
0"
#303360
1"
#303370
0"
#303380
1"
#303390
0"
#303400
1"
#303410
0"
#303420
1"
#303430
0"
#303440
1"
#303450
0"
#303460
1"
#303470
0"
#303480
1"
#303490
0"
#303500
1"
#303510
0"
#303520
1"
#303530
0"
#303540
1"
#303550
0"
#303560
1"
#303570
0"
#303580
1"
#303590
0"
#303600
1"
#303610
0"
#303620
1"
#303630
0"
#303640
1"
#303650
0"
#303660
1"
#303670
0"
#303680
1"
#303690
0"
#303700
1"
#303710
0"
#303720
1"
#303730
0"
#303740
1"
#303750
0"
#303760
1"
#303770
0"
#303780
1"
#303790
0"
#303800
1"
#303810
0"
#303820
1"
#303830
0"
#303840
1"
#303850
0"
#303860
1"
#303870
0"
#303880
1"
#303890
0"
#303900
1"
#303910
0"
#303920
1"
#303930
0"
#303940
1"
#303950
0"
#303960
1"
#303970
0"
#303980
1"
#303990
0"
#304000
1"
#304010
0"
#304020
1"
#304030
0"
#304040
1"
#304050
0"
#304060
1"
#304070
0"
#304080
1"
#304090
0"
#304100
1"
#304110
0"
#304120
1"
#304130
0"
#304140
1"
#304150
0"
#304160
1"
#304170
0"
#304180
1"
#304190
0"
#304200
1"
#304210
0"
#304220
1"
#304230
0"
#304240
1"
#304250
0"
#304260
1"
#304270
0"
#304280
1"
#304290
0"
#304300
1"
#304310
0"
#304320
1"
#304330
0"
#304340
1"
#304350
0"
#304360
1"
#304370
0"
#304380
1"
#304390
0"
#304400
1"
#304410
0"
#304420
1"
#304430
0"
#304440
1"
#304450
0"
#304460
1"
#304470
0"
#304480
1"
#304490
0"
#304500
1"
#304510
0"
#304520
1"
#304530
0"
#304540
1"
#304550
0"
#304560
1"
#304570
0"
#304580
1"
#304590
0"
#304600
1"
#304610
0"
#304620
1"
#304630
0"
#304640
1"
#304650
0"
#304660
1"
#304670
0"
#304680
1"
#304690
0"
#304700
1"
#304710
0"
#304720
1"
#304730
0"
#304740
1"
#304750
0"
#304760
1"
#304770
0"
#304780
1"
#304790
0"
#304800
1"
#304810
0"
#304820
1"
#304830
0"
#304840
1"
#304850
0"
#304860
1"
#304870
0"
#304880
1"
#304890
0"
#304900
1"
#304910
0"
#304920
1"
#304930
0"
#304940
1"
#304950
0"
#304960
1"
#304970
0"
#304980
1"
#304990
0"
#305000
1"
#305010
0"
#305020
1"
#305030
0"
#305040
1"
#305050
0"
#305060
1"
#305070
0"
#305080
1"
#305090
0"
#305100
1"
#305110
0"
#305120
1"
#305130
0"
#305140
1"
#305150
0"
#305160
1"
#305170
0"
#305180
1"
#305190
0"
#305200
1"
#305210
0"
#305220
1"
#305230
0"
#305240
1"
#305250
0"
#305260
1"
#305270
0"
#305280
1"
#305290
0"
#305300
1"
#305310
0"
#305320
1"
#305330
0"
#305340
1"
#305350
0"
#305360
1"
#305370
0"
#305380
1"
#305390
0"
#305400
1"
#305410
0"
#305420
1"
#305430
0"
#305440
1"
#305450
0"
#305460
1"
#305470
0"
#305480
1"
#305490
0"
#305500
1"
#305510
0"
#305520
1"
#305530
0"
#305540
1"
#305550
0"
#305560
1"
#305570
0"
#305580
1"
#305590
0"
#305600
1"
#305610
0"
#305620
1"
#305630
0"
#305640
1"
#305650
0"
#305660
1"
#305670
0"
#305680
1"
#305690
0"
#305700
1"
#305710
0"
#305720
1"
#305730
0"
#305740
1"
#305750
0"
#305760
1"
#305770
0"
#305780
1"
#305790
0"
#305800
1"
#305810
0"
#305820
1"
#305830
0"
#305840
1"
#305850
0"
#305860
1"
#305870
0"
#305880
1"
#305890
0"
#305900
1"
#305910
0"
#305920
1"
#305930
0"
#305940
1"
#305950
0"
#305960
1"
#305970
0"
#305980
1"
#305990
0"
#306000
1"
#306010
0"
#306020
1"
#306030
0"
#306040
1"
#306050
0"
#306060
1"
#306070
0"
#306080
1"
#306090
0"
#306100
1"
#306110
0"
#306120
1"
#306130
0"
#306140
1"
#306150
0"
#306160
1"
#306170
0"
#306180
1"
#306190
0"
#306200
1"
#306210
0"
#306220
1"
#306230
0"
#306240
1"
#306250
0"
#306260
1"
#306270
0"
#306280
1"
#306290
0"
#306300
1"
#306310
0"
#306320
1"
#306330
0"
#306340
1"
#306350
0"
#306360
1"
#306370
0"
#306380
1"
#306390
0"
#306400
1"
#306410
0"
#306420
1"
#306430
0"
#306440
1"
#306450
0"
#306460
1"
#306470
0"
#306480
1"
#306490
0"
#306500
1"
#306510
0"
#306520
1"
#306530
0"
#306540
1"
#306550
0"
#306560
1"
#306570
0"
#306580
1"
#306590
0"
#306600
1"
#306610
0"
#306620
1"
#306630
0"
#306640
1"
#306650
0"
#306660
1"
#306670
0"
#306680
1"
#306690
0"
#306700
1"
#306710
0"
#306720
1"
#306730
0"
#306740
1"
#306750
0"
#306760
1"
#306770
0"
#306780
1"
#306790
0"
#306800
1"
#306810
0"
#306820
1"
#306830
0"
#306840
1"
#306850
0"
#306860
1"
#306870
0"
#306880
1"
#306890
0"
#306900
1"
#306910
0"
#306920
1"
#306930
0"
#306940
1"
#306950
0"
#306960
1"
#306970
0"
#306980
1"
#306990
0"
#307000
1"
#307010
0"
#307020
1"
#307030
0"
#307040
1"
#307050
0"
#307060
1"
#307070
0"
#307080
1"
#307090
0"
#307100
1"
#307110
0"
#307120
1"
#307130
0"
#307140
1"
#307150
0"
#307160
1"
#307170
0"
#307180
1"
#307190
0"
#307200
1"
#307210
0"
#307220
1"
#307230
0"
#307240
1"
#307250
0"
#307260
1"
#307270
0"
#307280
1"
#307290
0"
#307300
1"
#307310
0"
#307320
1"
#307330
0"
#307340
1"
#307350
0"
#307360
1"
#307370
0"
#307380
1"
#307390
0"
#307400
1"
#307410
0"
#307420
1"
#307430
0"
#307440
1"
#307450
0"
#307460
1"
#307470
0"
#307480
1"
#307490
0"
#307500
1"
#307510
0"
#307520
1"
#307530
0"
#307540
1"
#307550
0"
#307560
1"
#307570
0"
#307580
1"
#307590
0"
#307600
1"
#307610
0"
#307620
1"
#307630
0"
#307640
1"
#307650
0"
#307660
1"
#307670
0"
#307680
1"
#307690
0"
#307700
1"
#307710
0"
#307720
1"
#307730
0"
#307740
1"
#307750
0"
#307760
1"
#307770
0"
#307780
1"
#307790
0"
#307800
1"
#307810
0"
#307820
1"
#307830
0"
#307840
1"
#307850
0"
#307860
1"
#307870
0"
#307880
1"
#307890
0"
#307900
1"
#307910
0"
#307920
1"
#307930
0"
#307940
1"
#307950
0"
#307960
1"
#307970
0"
#307980
1"
#307990
0"
#308000
1"
#308010
0"
#308020
1"
#308030
0"
#308040
1"
#308050
0"
#308060
1"
#308070
0"
#308080
1"
#308090
0"
#308100
1"
#308110
0"
#308120
1"
#308130
0"
#308140
1"
#308150
0"
#308160
1"
#308170
0"
#308180
1"
#308190
0"
#308200
1"
#308210
0"
#308220
1"
#308230
0"
#308240
1"
#308250
0"
#308260
1"
#308270
0"
#308280
1"
#308290
0"
#308300
1"
#308310
0"
#308320
1"
#308330
0"
#308340
1"
#308350
0"
#308360
1"
#308370
0"
#308380
1"
#308390
0"
#308400
1"
#308410
0"
#308420
1"
#308430
0"
#308440
1"
#308450
0"
#308460
1"
#308470
0"
#308480
1"
#308490
0"
#308500
1"
#308510
0"
#308520
1"
#308530
0"
#308540
1"
#308550
0"
#308560
1"
#308570
0"
#308580
1"
#308590
0"
#308600
1"
#308610
0"
#308620
1"
#308630
0"
#308640
1"
#308650
0"
#308660
1"
#308670
0"
#308680
1"
#308690
0"
#308700
1"
#308710
0"
#308720
1"
#308730
0"
#308740
1"
#308750
0"
#308760
1"
#308770
0"
#308780
1"
#308790
0"
#308800
1"
#308810
0"
#308820
1"
#308830
0"
#308840
1"
#308850
0"
#308860
1"
#308870
0"
#308880
1"
#308890
0"
#308900
1"
#308910
0"
#308920
1"
#308930
0"
#308940
1"
#308950
0"
#308960
1"
#308970
0"
#308980
1"
#308990
0"
#309000
1"
#309010
0"
#309020
1"
#309030
0"
#309040
1"
#309050
0"
#309060
1"
#309070
0"
#309080
1"
#309090
0"
#309100
1"
#309110
0"
#309120
1"
#309130
0"
#309140
1"
#309150
0"
#309160
1"
#309170
0"
#309180
1"
#309190
0"
#309200
1"
#309210
0"
#309220
1"
#309230
0"
#309240
1"
#309250
0"
#309260
1"
#309270
0"
#309280
1"
#309290
0"
#309300
1"
#309310
0"
#309320
1"
#309330
0"
#309340
1"
#309350
0"
#309360
1"
#309370
0"
#309380
1"
#309390
0"
#309400
1"
#309410
0"
#309420
1"
#309430
0"
#309440
1"
#309450
0"
#309460
1"
#309470
0"
#309480
1"
#309490
0"
#309500
1"
#309510
0"
#309520
1"
#309530
0"
#309540
1"
#309550
0"
#309560
1"
#309570
0"
#309580
1"
#309590
0"
#309600
1"
#309610
0"
#309620
1"
#309630
0"
#309640
1"
#309650
0"
#309660
1"
#309670
0"
#309680
1"
#309690
0"
#309700
1"
#309710
0"
#309720
1"
#309730
0"
#309740
1"
#309750
0"
#309760
1"
#309770
0"
#309780
1"
#309790
0"
#309800
1"
#309810
0"
#309820
1"
#309830
0"
#309840
1"
#309850
0"
#309860
1"
#309870
0"
#309880
1"
#309890
0"
#309900
1"
#309910
0"
#309920
1"
#309930
0"
#309940
1"
#309950
0"
#309960
1"
#309970
0"
#309980
1"
#309990
0"
#310000
1"
#310010
0"
#310020
1"
#310030
0"
#310040
1"
#310050
0"
#310060
1"
#310070
0"
#310080
1"
#310090
0"
#310100
1"
#310110
0"
#310120
1"
#310130
0"
#310140
1"
#310150
0"
#310160
1"
#310170
0"
#310180
1"
#310190
0"
#310200
1"
#310210
0"
#310220
1"
#310230
0"
#310240
1"
#310250
0"
#310260
1"
#310270
0"
#310280
1"
#310290
0"
#310300
1"
#310310
0"
#310320
1"
#310330
0"
#310340
1"
#310350
0"
#310360
1"
#310370
0"
#310380
1"
#310390
0"
#310400
1"
#310410
0"
#310420
1"
#310430
0"
#310440
1"
#310450
0"
#310460
1"
#310470
0"
#310480
1"
#310490
0"
#310500
1"
#310510
0"
#310520
1"
#310530
0"
#310540
1"
#310550
0"
#310560
1"
#310570
0"
#310580
1"
#310590
0"
#310600
1"
#310610
0"
#310620
1"
#310630
0"
#310640
1"
#310650
0"
#310660
1"
#310670
0"
#310680
1"
#310690
0"
#310700
1"
#310710
0"
#310720
1"
#310730
0"
#310740
1"
#310750
0"
#310760
1"
#310770
0"
#310780
1"
#310790
0"
#310800
1"
#310810
0"
#310820
1"
#310830
0"
#310840
1"
#310850
0"
#310860
1"
#310870
0"
#310880
1"
#310890
0"
#310900
1"
#310910
0"
#310920
1"
#310930
0"
#310940
1"
#310950
0"
#310960
1"
#310970
0"
#310980
1"
#310990
0"
#311000
1"
#311010
0"
#311020
1"
#311030
0"
#311040
1"
#311050
0"
#311060
1"
#311070
0"
#311080
1"
#311090
0"
#311100
1"
#311110
0"
#311120
1"
#311130
0"
#311140
1"
#311150
0"
#311160
1"
#311170
0"
#311180
1"
#311190
0"
#311200
1"
#311210
0"
#311220
1"
#311230
0"
#311240
1"
#311250
0"
#311260
1"
#311270
0"
#311280
1"
#311290
0"
#311300
1"
#311310
0"
#311320
1"
#311330
0"
#311340
1"
#311350
0"
#311360
1"
#311370
0"
#311380
1"
#311390
0"
#311400
1"
#311410
0"
#311420
1"
#311430
0"
#311440
1"
#311450
0"
#311460
1"
#311470
0"
#311480
1"
#311490
0"
#311500
1"
#311510
0"
#311520
1"
#311530
0"
#311540
1"
#311550
0"
#311560
1"
#311570
0"
#311580
1"
#311590
0"
#311600
1"
#311610
0"
#311620
1"
#311630
0"
#311640
1"
#311650
0"
#311660
1"
#311670
0"
#311680
1"
#311690
0"
#311700
1"
#311710
0"
#311720
1"
#311730
0"
#311740
1"
#311750
0"
#311760
1"
#311770
0"
#311780
1"
#311790
0"
#311800
1"
#311810
0"
#311820
1"
#311830
0"
#311840
1"
#311850
0"
#311860
1"
#311870
0"
#311880
1"
#311890
0"
#311900
1"
#311910
0"
#311920
1"
#311930
0"
#311940
1"
#311950
0"
#311960
1"
#311970
0"
#311980
1"
#311990
0"
#312000
1"
#312010
0"
#312020
1"
#312030
0"
#312040
1"
#312050
0"
#312060
1"
#312070
0"
#312080
1"
#312090
0"
#312100
1"
#312110
0"
#312120
1"
#312130
0"
#312140
1"
#312150
0"
#312160
1"
#312170
0"
#312180
1"
#312190
0"
#312200
1"
#312210
0"
#312220
1"
#312230
0"
#312240
1"
#312250
0"
#312260
1"
#312270
0"
#312280
1"
#312290
0"
#312300
1"
#312310
0"
#312320
1"
#312330
0"
#312340
1"
#312350
0"
#312360
1"
#312370
0"
#312380
1"
#312390
0"
#312400
1"
#312410
0"
#312420
1"
#312430
0"
#312440
1"
#312450
0"
#312460
1"
#312470
0"
#312480
1"
#312490
0"
#312500
1"
#312510
0"
#312520
1"
#312530
0"
#312540
1"
#312550
0"
#312560
1"
#312570
0"
#312580
1"
#312590
0"
#312600
1"
#312610
0"
#312620
1"
#312630
0"
#312640
1"
#312650
0"
#312660
1"
#312670
0"
#312680
1"
#312690
0"
#312700
1"
#312710
0"
#312720
1"
#312730
0"
#312740
1"
#312750
0"
#312760
1"
#312770
0"
#312780
1"
#312790
0"
#312800
1"
#312810
0"
#312820
1"
#312830
0"
#312840
1"
#312850
0"
#312860
1"
#312870
0"
#312880
1"
#312890
0"
#312900
1"
#312910
0"
#312920
1"
#312930
0"
#312940
1"
#312950
0"
#312960
1"
#312970
0"
#312980
1"
#312990
0"
#313000
1"
#313010
0"
#313020
1"
#313030
0"
#313040
1"
#313050
0"
#313060
1"
#313070
0"
#313080
1"
#313090
0"
#313100
1"
#313110
0"
#313120
1"
#313130
0"
#313140
1"
#313150
0"
#313160
1"
#313170
0"
#313180
1"
#313190
0"
#313200
1"
#313210
0"
#313220
1"
#313230
0"
#313240
1"
#313250
0"
#313260
1"
#313270
0"
#313280
1"
#313290
0"
#313300
1"
#313310
0"
#313320
1"
#313330
0"
#313340
1"
#313350
0"
#313360
1"
#313370
0"
#313380
1"
#313390
0"
#313400
1"
#313410
0"
#313420
1"
#313430
0"
#313440
1"
#313450
0"
#313460
1"
#313470
0"
#313480
1"
#313490
0"
#313500
1"
#313510
0"
#313520
1"
#313530
0"
#313540
1"
#313550
0"
#313560
1"
#313570
0"
#313580
1"
#313590
0"
#313600
1"
#313610
0"
#313620
1"
#313630
0"
#313640
1"
#313650
0"
#313660
1"
#313670
0"
#313680
1"
#313690
0"
#313700
1"
#313710
0"
#313720
1"
#313730
0"
#313740
1"
#313750
0"
#313760
1"
#313770
0"
#313780
1"
#313790
0"
#313800
1"
#313810
0"
#313820
1"
#313830
0"
#313840
1"
#313850
0"
#313860
1"
#313870
0"
#313880
1"
#313890
0"
#313900
1"
#313910
0"
#313920
1"
#313930
0"
#313940
1"
#313950
0"
#313960
1"
#313970
0"
#313980
1"
#313990
0"
#314000
1"
#314010
0"
#314020
1"
#314030
0"
#314040
1"
#314050
0"
#314060
1"
#314070
0"
#314080
1"
#314090
0"
#314100
1"
#314110
0"
#314120
1"
#314130
0"
#314140
1"
#314150
0"
#314160
1"
#314170
0"
#314180
1"
#314190
0"
#314200
1"
#314210
0"
#314220
1"
#314230
0"
#314240
1"
#314250
0"
#314260
1"
#314270
0"
#314280
1"
#314290
0"
#314300
1"
#314310
0"
#314320
1"
#314330
0"
#314340
1"
#314350
0"
#314360
1"
#314370
0"
#314380
1"
#314390
0"
#314400
1"
#314410
0"
#314420
1"
#314430
0"
#314440
1"
#314450
0"
#314460
1"
#314470
0"
#314480
1"
#314490
0"
#314500
1"
#314510
0"
#314520
1"
#314530
0"
#314540
1"
#314550
0"
#314560
1"
#314570
0"
#314580
1"
#314590
0"
#314600
1"
#314610
0"
#314620
1"
#314630
0"
#314640
1"
#314650
0"
#314660
1"
#314670
0"
#314680
1"
#314690
0"
#314700
1"
#314710
0"
#314720
1"
#314730
0"
#314740
1"
#314750
0"
#314760
1"
#314770
0"
#314780
1"
#314790
0"
#314800
1"
#314810
0"
#314820
1"
#314830
0"
#314840
1"
#314850
0"
#314860
1"
#314870
0"
#314880
1"
#314890
0"
#314900
1"
#314910
0"
#314920
1"
#314930
0"
#314940
1"
#314950
0"
#314960
1"
#314970
0"
#314980
1"
#314990
0"
#315000
1"
#315010
0"
#315020
1"
#315030
0"
#315040
1"
#315050
0"
#315060
1"
#315070
0"
#315080
1"
#315090
0"
#315100
1"
#315110
0"
#315120
1"
#315130
0"
#315140
1"
#315150
0"
#315160
1"
#315170
0"
#315180
1"
#315190
0"
#315200
1"
#315210
0"
#315220
1"
#315230
0"
#315240
1"
#315250
0"
#315260
1"
#315270
0"
#315280
1"
#315290
0"
#315300
1"
#315310
0"
#315320
1"
#315330
0"
#315340
1"
#315350
0"
#315360
1"
#315370
0"
#315380
1"
#315390
0"
#315400
1"
#315410
0"
#315420
1"
#315430
0"
#315440
1"
#315450
0"
#315460
1"
#315470
0"
#315480
1"
#315490
0"
#315500
1"
#315510
0"
#315520
1"
#315530
0"
#315540
1"
#315550
0"
#315560
1"
#315570
0"
#315580
1"
#315590
0"
#315600
1"
#315610
0"
#315620
1"
#315630
0"
#315640
1"
#315650
0"
#315660
1"
#315670
0"
#315680
1"
#315690
0"
#315700
1"
#315710
0"
#315720
1"
#315730
0"
#315740
1"
#315750
0"
#315760
1"
#315770
0"
#315780
1"
#315790
0"
#315800
1"
#315810
0"
#315820
1"
#315830
0"
#315840
1"
#315850
0"
#315860
1"
#315870
0"
#315880
1"
#315890
0"
#315900
1"
#315910
0"
#315920
1"
#315930
0"
#315940
1"
#315950
0"
#315960
1"
#315970
0"
#315980
1"
#315990
0"
#316000
1"
#316010
0"
#316020
1"
#316030
0"
#316040
1"
#316050
0"
#316060
1"
#316070
0"
#316080
1"
#316090
0"
#316100
1"
#316110
0"
#316120
1"
#316130
0"
#316140
1"
#316150
0"
#316160
1"
#316170
0"
#316180
1"
#316190
0"
#316200
1"
#316210
0"
#316220
1"
#316230
0"
#316240
1"
#316250
0"
#316260
1"
#316270
0"
#316280
1"
#316290
0"
#316300
1"
#316310
0"
#316320
1"
#316330
0"
#316340
1"
#316350
0"
#316360
1"
#316370
0"
#316380
1"
#316390
0"
#316400
1"
#316410
0"
#316420
1"
#316430
0"
#316440
1"
#316450
0"
#316460
1"
#316470
0"
#316480
1"
#316490
0"
#316500
1"
#316510
0"
#316520
1"
#316530
0"
#316540
1"
#316550
0"
#316560
1"
#316570
0"
#316580
1"
#316590
0"
#316600
1"
#316610
0"
#316620
1"
#316630
0"
#316640
1"
#316650
0"
#316660
1"
#316670
0"
#316680
1"
#316690
0"
#316700
1"
#316710
0"
#316720
1"
#316730
0"
#316740
1"
#316750
0"
#316760
1"
#316770
0"
#316780
1"
#316790
0"
#316800
1"
#316810
0"
#316820
1"
#316830
0"
#316840
1"
#316850
0"
#316860
1"
#316870
0"
#316880
1"
#316890
0"
#316900
1"
#316910
0"
#316920
1"
#316930
0"
#316940
1"
#316950
0"
#316960
1"
#316970
0"
#316980
1"
#316990
0"
#317000
1"
#317010
0"
#317020
1"
#317030
0"
#317040
1"
#317050
0"
#317060
1"
#317070
0"
#317080
1"
#317090
0"
#317100
1"
#317110
0"
#317120
1"
#317130
0"
#317140
1"
#317150
0"
#317160
1"
#317170
0"
#317180
1"
#317190
0"
#317200
1"
#317210
0"
#317220
1"
#317230
0"
#317240
1"
#317250
0"
#317260
1"
#317270
0"
#317280
1"
#317290
0"
#317300
1"
#317310
0"
#317320
1"
#317330
0"
#317340
1"
#317350
0"
#317360
1"
#317370
0"
#317380
1"
#317390
0"
#317400
1"
#317410
0"
#317420
1"
#317430
0"
#317440
1"
#317450
0"
#317460
1"
#317470
0"
#317480
1"
#317490
0"
#317500
1"
#317510
0"
#317520
1"
#317530
0"
#317540
1"
#317550
0"
#317560
1"
#317570
0"
#317580
1"
#317590
0"
#317600
1"
#317610
0"
#317620
1"
#317630
0"
#317640
1"
#317650
0"
#317660
1"
#317670
0"
#317680
1"
#317690
0"
#317700
1"
#317710
0"
#317720
1"
#317730
0"
#317740
1"
#317750
0"
#317760
1"
#317770
0"
#317780
1"
#317790
0"
#317800
1"
#317810
0"
#317820
1"
#317830
0"
#317840
1"
#317850
0"
#317860
1"
#317870
0"
#317880
1"
#317890
0"
#317900
1"
#317910
0"
#317920
1"
#317930
0"
#317940
1"
#317950
0"
#317960
1"
#317970
0"
#317980
1"
#317990
0"
#318000
1"
#318010
0"
#318020
1"
#318030
0"
#318040
1"
#318050
0"
#318060
1"
#318070
0"
#318080
1"
#318090
0"
#318100
1"
#318110
0"
#318120
1"
#318130
0"
#318140
1"
#318150
0"
#318160
1"
#318170
0"
#318180
1"
#318190
0"
#318200
1"
#318210
0"
#318220
1"
#318230
0"
#318240
1"
#318250
0"
#318260
1"
#318270
0"
#318280
1"
#318290
0"
#318300
1"
#318310
0"
#318320
1"
#318330
0"
#318340
1"
#318350
0"
#318360
1"
#318370
0"
#318380
1"
#318390
0"
#318400
1"
#318410
0"
#318420
1"
#318430
0"
#318440
1"
#318450
0"
#318460
1"
#318470
0"
#318480
1"
#318490
0"
#318500
1"
#318510
0"
#318520
1"
#318530
0"
#318540
1"
#318550
0"
#318560
1"
#318570
0"
#318580
1"
#318590
0"
#318600
1"
#318610
0"
#318620
1"
#318630
0"
#318640
1"
#318650
0"
#318660
1"
#318670
0"
#318680
1"
#318690
0"
#318700
1"
#318710
0"
#318720
1"
#318730
0"
#318740
1"
#318750
0"
#318760
1"
#318770
0"
#318780
1"
#318790
0"
#318800
1"
#318810
0"
#318820
1"
#318830
0"
#318840
1"
#318850
0"
#318860
1"
#318870
0"
#318880
1"
#318890
0"
#318900
1"
#318910
0"
#318920
1"
#318930
0"
#318940
1"
#318950
0"
#318960
1"
#318970
0"
#318980
1"
#318990
0"
#319000
1"
#319010
0"
#319020
1"
#319030
0"
#319040
1"
#319050
0"
#319060
1"
#319070
0"
#319080
1"
#319090
0"
#319100
1"
#319110
0"
#319120
1"
#319130
0"
#319140
1"
#319150
0"
#319160
1"
#319170
0"
#319180
1"
#319190
0"
#319200
1"
#319210
0"
#319220
1"
#319230
0"
#319240
1"
#319250
0"
#319260
1"
#319270
0"
#319280
1"
#319290
0"
#319300
1"
#319310
0"
#319320
1"
#319330
0"
#319340
1"
#319350
0"
#319360
1"
#319370
0"
#319380
1"
#319390
0"
#319400
1"
#319410
0"
#319420
1"
#319430
0"
#319440
1"
#319450
0"
#319460
1"
#319470
0"
#319480
1"
#319490
0"
#319500
1"
#319510
0"
#319520
1"
#319530
0"
#319540
1"
#319550
0"
#319560
1"
#319570
0"
#319580
1"
#319590
0"
#319600
1"
#319610
0"
#319620
1"
#319630
0"
#319640
1"
#319650
0"
#319660
1"
#319670
0"
#319680
1"
#319690
0"
#319700
1"
#319710
0"
#319720
1"
#319730
0"
#319740
1"
#319750
0"
#319760
1"
#319770
0"
#319780
1"
#319790
0"
#319800
1"
#319810
0"
#319820
1"
#319830
0"
#319840
1"
#319850
0"
#319860
1"
#319870
0"
#319880
1"
#319890
0"
#319900
1"
#319910
0"
#319920
1"
#319930
0"
#319940
1"
#319950
0"
#319960
1"
#319970
0"
#319980
1"
#319990
0"
#320000
1"
#320010
0"
#320020
1"
#320030
0"
#320040
1"
#320050
0"
#320060
1"
#320070
0"
#320080
1"
#320090
0"
#320100
1"
#320110
0"
#320120
1"
#320130
0"
#320140
1"
#320150
0"
#320160
1"
#320170
0"
#320180
1"
#320190
0"
#320200
1"
#320210
0"
#320220
1"
#320230
0"
#320240
1"
#320250
0"
#320260
1"
#320270
0"
#320280
1"
#320290
0"
#320300
1"
#320310
0"
#320320
1"
#320330
0"
#320340
1"
#320350
0"
#320360
1"
#320370
0"
#320380
1"
#320390
0"
#320400
1"
#320410
0"
#320420
1"
#320430
0"
#320440
1"
#320450
0"
#320460
1"
#320470
0"
#320480
1"
#320490
0"
#320500
1"
#320510
0"
#320520
1"
#320530
0"
#320540
1"
#320550
0"
#320560
1"
#320570
0"
#320580
1"
#320590
0"
#320600
1"
#320610
0"
#320620
1"
#320630
0"
#320640
1"
#320650
0"
#320660
1"
#320670
0"
#320680
1"
#320690
0"
#320700
1"
#320710
0"
#320720
1"
#320730
0"
#320740
1"
#320750
0"
#320760
1"
#320770
0"
#320780
1"
#320790
0"
#320800
1"
#320810
0"
#320820
1"
#320830
0"
#320840
1"
#320850
0"
#320860
1"
#320870
0"
#320880
1"
#320890
0"
#320900
1"
#320910
0"
#320920
1"
#320930
0"
#320940
1"
#320950
0"
#320960
1"
#320970
0"
#320980
1"
#320990
0"
#321000
1"
#321010
0"
#321020
1"
#321030
0"
#321040
1"
#321050
0"
#321060
1"
#321070
0"
#321080
1"
#321090
0"
#321100
1"
#321110
0"
#321120
1"
#321130
0"
#321140
1"
#321150
0"
#321160
1"
#321170
0"
#321180
1"
#321190
0"
#321200
1"
#321210
0"
#321220
1"
#321230
0"
#321240
1"
#321250
0"
#321260
1"
#321270
0"
#321280
1"
#321290
0"
#321300
1"
#321310
0"
#321320
1"
#321330
0"
#321340
1"
#321350
0"
#321360
1"
#321370
0"
#321380
1"
#321390
0"
#321400
1"
#321410
0"
#321420
1"
#321430
0"
#321440
1"
#321450
0"
#321460
1"
#321470
0"
#321480
1"
#321490
0"
#321500
1"
#321510
0"
#321520
1"
#321530
0"
#321540
1"
#321550
0"
#321560
1"
#321570
0"
#321580
1"
#321590
0"
#321600
1"
#321610
0"
#321620
1"
#321630
0"
#321640
1"
#321650
0"
#321660
1"
#321670
0"
#321680
1"
#321690
0"
#321700
1"
#321710
0"
#321720
1"
#321730
0"
#321740
1"
#321750
0"
#321760
1"
#321770
0"
#321780
1"
#321790
0"
#321800
1"
#321810
0"
#321820
1"
#321830
0"
#321840
1"
#321850
0"
#321860
1"
#321870
0"
#321880
1"
#321890
0"
#321900
1"
#321910
0"
#321920
1"
#321930
0"
#321940
1"
#321950
0"
#321960
1"
#321970
0"
#321980
1"
#321990
0"
#322000
1"
#322010
0"
#322020
1"
#322030
0"
#322040
1"
#322050
0"
#322060
1"
#322070
0"
#322080
1"
#322090
0"
#322100
1"
#322110
0"
#322120
1"
#322130
0"
#322140
1"
#322150
0"
#322160
1"
#322170
0"
#322180
1"
#322190
0"
#322200
1"
#322210
0"
#322220
1"
#322230
0"
#322240
1"
#322250
0"
#322260
1"
#322270
0"
#322280
1"
#322290
0"
#322300
1"
#322310
0"
#322320
1"
#322330
0"
#322340
1"
#322350
0"
#322360
1"
#322370
0"
#322380
1"
#322390
0"
#322400
1"
#322410
0"
#322420
1"
#322430
0"
#322440
1"
#322450
0"
#322460
1"
#322470
0"
#322480
1"
#322490
0"
#322500
1"
#322510
0"
#322520
1"
#322530
0"
#322540
1"
#322550
0"
#322560
1"
#322570
0"
#322580
1"
#322590
0"
#322600
1"
#322610
0"
#322620
1"
#322630
0"
#322640
1"
#322650
0"
#322660
1"
#322670
0"
#322680
1"
#322690
0"
#322700
1"
#322710
0"
#322720
1"
#322730
0"
#322740
1"
#322750
0"
#322760
1"
#322770
0"
#322780
1"
#322790
0"
#322800
1"
#322810
0"
#322820
1"
#322830
0"
#322840
1"
#322850
0"
#322860
1"
#322870
0"
#322880
1"
#322890
0"
#322900
1"
#322910
0"
#322920
1"
#322930
0"
#322940
1"
#322950
0"
#322960
1"
#322970
0"
#322980
1"
#322990
0"
#323000
1"
#323010
0"
#323020
1"
#323030
0"
#323040
1"
#323050
0"
#323060
1"
#323070
0"
#323080
1"
#323090
0"
#323100
1"
#323110
0"
#323120
1"
#323130
0"
#323140
1"
#323150
0"
#323160
1"
#323170
0"
#323180
1"
#323190
0"
#323200
1"
#323210
0"
#323220
1"
#323230
0"
#323240
1"
#323250
0"
#323260
1"
#323270
0"
#323280
1"
#323290
0"
#323300
1"
#323310
0"
#323320
1"
#323330
0"
#323340
1"
#323350
0"
#323360
1"
#323370
0"
#323380
1"
#323390
0"
#323400
1"
#323410
0"
#323420
1"
#323430
0"
#323440
1"
#323450
0"
#323460
1"
#323470
0"
#323480
1"
#323490
0"
#323500
1"
#323510
0"
#323520
1"
#323530
0"
#323540
1"
#323550
0"
#323560
1"
#323570
0"
#323580
1"
#323590
0"
#323600
1"
#323610
0"
#323620
1"
#323630
0"
#323640
1"
#323650
0"
#323660
1"
#323670
0"
#323680
1"
#323690
0"
#323700
1"
#323710
0"
#323720
1"
#323730
0"
#323740
1"
#323750
0"
#323760
1"
#323770
0"
#323780
1"
#323790
0"
#323800
1"
#323810
0"
#323820
1"
#323830
0"
#323840
1"
#323850
0"
#323860
1"
#323870
0"
#323880
1"
#323890
0"
#323900
1"
#323910
0"
#323920
1"
#323930
0"
#323940
1"
#323950
0"
#323960
1"
#323970
0"
#323980
1"
#323990
0"
#324000
1"
#324010
0"
#324020
1"
#324030
0"
#324040
1"
#324050
0"
#324060
1"
#324070
0"
#324080
1"
#324090
0"
#324100
1"
#324110
0"
#324120
1"
#324130
0"
#324140
1"
#324150
0"
#324160
1"
#324170
0"
#324180
1"
#324190
0"
#324200
1"
#324210
0"
#324220
1"
#324230
0"
#324240
1"
#324250
0"
#324260
1"
#324270
0"
#324280
1"
#324290
0"
#324300
1"
#324310
0"
#324320
1"
#324330
0"
#324340
1"
#324350
0"
#324360
1"
#324370
0"
#324380
1"
#324390
0"
#324400
1"
#324410
0"
#324420
1"
#324430
0"
#324440
1"
#324450
0"
#324460
1"
#324470
0"
#324480
1"
#324490
0"
#324500
1"
#324510
0"
#324520
1"
#324530
0"
#324540
1"
#324550
0"
#324560
1"
#324570
0"
#324580
1"
#324590
0"
#324600
1"
#324610
0"
#324620
1"
#324630
0"
#324640
1"
#324650
0"
#324660
1"
#324670
0"
#324680
1"
#324690
0"
#324700
1"
#324710
0"
#324720
1"
#324730
0"
#324740
1"
#324750
0"
#324760
1"
#324770
0"
#324780
1"
#324790
0"
#324800
1"
#324810
0"
#324820
1"
#324830
0"
#324840
1"
#324850
0"
#324860
1"
#324870
0"
#324880
1"
#324890
0"
#324900
1"
#324910
0"
#324920
1"
#324930
0"
#324940
1"
#324950
0"
#324960
1"
#324970
0"
#324980
1"
#324990
0"
#325000
1"
#325010
0"
#325020
1"
#325030
0"
#325040
1"
#325050
0"
#325060
1"
#325070
0"
#325080
1"
#325090
0"
#325100
1"
#325110
0"
#325120
1"
#325130
0"
#325140
1"
#325150
0"
#325160
1"
#325170
0"
#325180
1"
#325190
0"
#325200
1"
#325210
0"
#325220
1"
#325230
0"
#325240
1"
#325250
0"
#325260
1"
#325270
0"
#325280
1"
#325290
0"
#325300
1"
#325310
0"
#325320
1"
#325330
0"
#325340
1"
#325350
0"
#325360
1"
#325370
0"
#325380
1"
#325390
0"
#325400
1"
#325410
0"
#325420
1"
#325430
0"
#325440
1"
#325450
0"
#325460
1"
#325470
0"
#325480
1"
#325490
0"
#325500
1"
#325510
0"
#325520
1"
#325530
0"
#325540
1"
#325550
0"
#325560
1"
#325570
0"
#325580
1"
#325590
0"
#325600
1"
#325610
0"
#325620
1"
#325630
0"
#325640
1"
#325650
0"
#325660
1"
#325670
0"
#325680
1"
#325690
0"
#325700
1"
#325710
0"
#325720
1"
#325730
0"
#325740
1"
#325750
0"
#325760
1"
#325770
0"
#325780
1"
#325790
0"
#325800
1"
#325810
0"
#325820
1"
#325830
0"
#325840
1"
#325850
0"
#325860
1"
#325870
0"
#325880
1"
#325890
0"
#325900
1"
#325910
0"
#325920
1"
#325930
0"
#325940
1"
#325950
0"
#325960
1"
#325970
0"
#325980
1"
#325990
0"
#326000
1"
#326010
0"
#326020
1"
#326030
0"
#326040
1"
#326050
0"
#326060
1"
#326070
0"
#326080
1"
#326090
0"
#326100
1"
#326110
0"
#326120
1"
#326130
0"
#326140
1"
#326150
0"
#326160
1"
#326170
0"
#326180
1"
#326190
0"
#326200
1"
#326210
0"
#326220
1"
#326230
0"
#326240
1"
#326250
0"
#326260
1"
#326270
0"
#326280
1"
#326290
0"
#326300
1"
#326310
0"
#326320
1"
#326330
0"
#326340
1"
#326350
0"
#326360
1"
#326370
0"
#326380
1"
#326390
0"
#326400
1"
#326410
0"
#326420
1"
#326430
0"
#326440
1"
#326450
0"
#326460
1"
#326470
0"
#326480
1"
#326490
0"
#326500
1"
#326510
0"
#326520
1"
#326530
0"
#326540
1"
#326550
0"
#326560
1"
#326570
0"
#326580
1"
#326590
0"
#326600
1"
#326610
0"
#326620
1"
#326630
0"
#326640
1"
#326650
0"
#326660
1"
#326670
0"
#326680
1"
#326690
0"
#326700
1"
#326710
0"
#326720
1"
#326730
0"
#326740
1"
#326750
0"
#326760
1"
#326770
0"
#326780
1"
#326790
0"
#326800
1"
#326810
0"
#326820
1"
#326830
0"
#326840
1"
#326850
0"
#326860
1"
#326870
0"
#326880
1"
#326890
0"
#326900
1"
#326910
0"
#326920
1"
#326930
0"
#326940
1"
#326950
0"
#326960
1"
#326970
0"
#326980
1"
#326990
0"
#327000
1"
#327010
0"
#327020
1"
#327030
0"
#327040
1"
#327050
0"
#327060
1"
#327070
0"
#327080
1"
#327090
0"
#327100
1"
#327110
0"
#327120
1"
#327130
0"
#327140
1"
#327150
0"
#327160
1"
#327170
0"
#327180
1"
#327190
0"
#327200
1"
#327210
0"
#327220
1"
#327230
0"
#327240
1"
#327250
0"
#327260
1"
#327270
0"
#327280
1"
#327290
0"
#327300
1"
#327310
0"
#327320
1"
#327330
0"
#327340
1"
#327350
0"
#327360
1"
#327370
0"
#327380
1"
#327390
0"
#327400
1"
#327410
0"
#327420
1"
#327430
0"
#327440
1"
#327450
0"
#327460
1"
#327470
0"
#327480
1"
#327490
0"
#327500
1"
#327510
0"
#327520
1"
#327530
0"
#327540
1"
#327550
0"
#327560
1"
#327570
0"
#327580
1"
#327590
0"
#327600
1"
#327610
0"
#327620
1"
#327630
0"
#327640
1"
#327650
0"
#327660
1"
#327670
0"
#327680
1"
#327690
0"
#327700
1"
#327710
0"
#327720
1"
#327730
0"
#327740
1"
#327750
0"
#327760
1"
#327770
0"
#327780
1"
#327790
0"
#327800
1"
#327810
0"
#327820
1"
#327830
0"
#327840
1"
#327850
0"
#327860
1"
#327870
0"
#327880
1"
#327890
0"
#327900
1"
#327910
0"
#327920
1"
#327930
0"
#327940
1"
#327950
0"
#327960
1"
#327970
0"
#327980
1"
#327990
0"
#328000
1"
#328010
0"
#328020
1"
#328030
0"
#328040
1"
#328050
0"
#328060
1"
#328070
0"
#328080
1"
#328090
0"
#328100
1"
#328110
0"
#328120
1"
#328130
0"
#328140
1"
#328150
0"
#328160
1"
#328170
0"
#328180
1"
#328190
0"
#328200
1"
#328210
0"
#328220
1"
#328230
0"
#328240
1"
#328250
0"
#328260
1"
#328270
0"
#328280
1"
#328290
0"
#328300
1"
#328310
0"
#328320
1"
#328330
0"
#328340
1"
#328350
0"
#328360
1"
#328370
0"
#328380
1"
#328390
0"
#328400
1"
#328410
0"
#328420
1"
#328430
0"
#328440
1"
#328450
0"
#328460
1"
#328470
0"
#328480
1"
#328490
0"
#328500
1"
#328510
0"
#328520
1"
#328530
0"
#328540
1"
#328550
0"
#328560
1"
#328570
0"
#328580
1"
#328590
0"
#328600
1"
#328610
0"
#328620
1"
#328630
0"
#328640
1"
#328650
0"
#328660
1"
#328670
0"
#328680
1"
#328690
0"
#328700
1"
#328710
0"
#328720
1"
#328730
0"
#328740
1"
#328750
0"
#328760
1"
#328770
0"
#328780
1"
#328790
0"
#328800
1"
#328810
0"
#328820
1"
#328830
0"
#328840
1"
#328850
0"
#328860
1"
#328870
0"
#328880
1"
#328890
0"
#328900
1"
#328910
0"
#328920
1"
#328930
0"
#328940
1"
#328950
0"
#328960
1"
#328970
0"
#328980
1"
#328990
0"
#329000
1"
#329010
0"
#329020
1"
#329030
0"
#329040
1"
#329050
0"
#329060
1"
#329070
0"
#329080
1"
#329090
0"
#329100
1"
#329110
0"
#329120
1"
#329130
0"
#329140
1"
#329150
0"
#329160
1"
#329170
0"
#329180
1"
#329190
0"
#329200
1"
#329210
0"
#329220
1"
#329230
0"
#329240
1"
#329250
0"
#329260
1"
#329270
0"
#329280
1"
#329290
0"
#329300
1"
#329310
0"
#329320
1"
#329330
0"
#329340
1"
#329350
0"
#329360
1"
#329370
0"
#329380
1"
#329390
0"
#329400
1"
#329410
0"
#329420
1"
#329430
0"
#329440
1"
#329450
0"
#329460
1"
#329470
0"
#329480
1"
#329490
0"
#329500
1"
#329510
0"
#329520
1"
#329530
0"
#329540
1"
#329550
0"
#329560
1"
#329570
0"
#329580
1"
#329590
0"
#329600
1"
#329610
0"
#329620
1"
#329630
0"
#329640
1"
#329650
0"
#329660
1"
#329670
0"
#329680
1"
#329690
0"
#329700
1"
#329710
0"
#329720
1"
#329730
0"
#329740
1"
#329750
0"
#329760
1"
#329770
0"
#329780
1"
#329790
0"
#329800
1"
#329810
0"
#329820
1"
#329830
0"
#329840
1"
#329850
0"
#329860
1"
#329870
0"
#329880
1"
#329890
0"
#329900
1"
#329910
0"
#329920
1"
#329930
0"
#329940
1"
#329950
0"
#329960
1"
#329970
0"
#329980
1"
#329990
0"
#330000
1"
#330010
0"
#330020
1"
#330030
0"
#330040
1"
#330050
0"
#330060
1"
#330070
0"
#330080
1"
#330090
0"
#330100
1"
#330110
0"
#330120
1"
#330130
0"
#330140
1"
#330150
0"
#330160
1"
#330170
0"
#330180
1"
#330190
0"
#330200
1"
#330210
0"
#330220
1"
#330230
0"
#330240
1"
#330250
0"
#330260
1"
#330270
0"
#330280
1"
#330290
0"
#330300
1"
#330310
0"
#330320
1"
#330330
0"
#330340
1"
#330350
0"
#330360
1"
#330370
0"
#330380
1"
#330390
0"
#330400
1"
#330410
0"
#330420
1"
#330430
0"
#330440
1"
#330450
0"
#330460
1"
#330470
0"
#330480
1"
#330490
0"
#330500
1"
#330510
0"
#330520
1"
#330530
0"
#330540
1"
#330550
0"
#330560
1"
#330570
0"
#330580
1"
#330590
0"
#330600
1"
#330610
0"
#330620
1"
#330630
0"
#330640
1"
#330650
0"
#330660
1"
#330670
0"
#330680
1"
