ISO-10303-21;
HEADER;
/* Generated by software containing ST-Developer
 * from STEP Tools, Inc. (www.steptools.com) 
 */

FILE_DESCRIPTION(
/* description */ (''),
/* implementation_level */ '2;1');

FILE_NAME(
/* name */ 'Aufbau.stp',
/* time_stamp */ '2026-07-17T09:34:42+02:00',
/* author */ ('PascalHelfenstein'),
/* organization */ (''),
/* preprocessor_version */ 'ST-DEVELOPER v20.1',
/* originating_system */ 'Autodesk Inventor 2027',
/* authorisation */ '');

FILE_SCHEMA (('AUTOMOTIVE_DESIGN { 1 0 10303 214 3 1 1 }'));
ENDSEC;

DATA;
#10=MECHANICAL_DESIGN_GEOMETRIC_PRESENTATION_REPRESENTATION('',(#13),#6626);
#11=SHAPE_REPRESENTATION_RELATIONSHIP('SRR','None',#6633,#12);
#12=ADVANCED_BREP_SHAPE_REPRESENTATION('',(#14),#6625);
#13=STYLED_ITEM('',(#6642),#14);
#14=MANIFOLD_SOLID_BREP('Volumenk\X\F6rper2',#3868);
#15=TOROIDAL_SURFACE('',#4087,5.,1.);
#16=TOROIDAL_SURFACE('',#4093,5.,1.);
#17=TOROIDAL_SURFACE('',#4096,3.,1.);
#18=TOROIDAL_SURFACE('',#4101,5.,1.);
#19=TOROIDAL_SURFACE('',#4106,5.,1.);
#20=TOROIDAL_SURFACE('',#4109,3.,1.);
#21=TOROIDAL_SURFACE('',#4114,5.,1.);
#22=TOROIDAL_SURFACE('',#4119,5.,1.);
#23=TOROIDAL_SURFACE('',#4122,3.,1.);
#24=TOROIDAL_SURFACE('',#4126,5.,1.);
#25=TOROIDAL_SURFACE('',#4131,5.,1.);
#26=TOROIDAL_SURFACE('',#4134,3.,1.);
#27=CYLINDRICAL_SURFACE('',#3965,2.);
#28=CYLINDRICAL_SURFACE('',#3970,2.);
#29=CYLINDRICAL_SURFACE('',#3975,2.);
#30=CYLINDRICAL_SURFACE('',#3980,2.);
#31=CYLINDRICAL_SURFACE('',#3985,2.);
#32=CYLINDRICAL_SURFACE('',#3990,2.);
#33=CYLINDRICAL_SURFACE('',#3995,2.);
#34=CYLINDRICAL_SURFACE('',#4000,2.);
#35=CYLINDRICAL_SURFACE('',#4005,2.);
#36=CYLINDRICAL_SURFACE('',#4010,2.);
#37=CYLINDRICAL_SURFACE('',#4077,2.);
#38=CYLINDRICAL_SURFACE('',#4081,2.);
#39=CYLINDRICAL_SURFACE('',#4085,2.);
#40=CYLINDRICAL_SURFACE('',#4091,1.);
#41=CYLINDRICAL_SURFACE('',#4104,1.);
#42=CYLINDRICAL_SURFACE('',#4117,1.);
#43=CYLINDRICAL_SURFACE('',#4129,1.);
#44=CYLINDRICAL_SURFACE('',#4138,4.);
#45=CYLINDRICAL_SURFACE('',#4139,4.);
#46=CYLINDRICAL_SURFACE('',#4140,4.);
#47=CYLINDRICAL_SURFACE('',#4142,4.);
#48=CYLINDRICAL_SURFACE('',#4143,4.);
#49=CYLINDRICAL_SURFACE('',#4144,4.);
#50=CYLINDRICAL_SURFACE('',#4145,4.);
#51=CYLINDRICAL_SURFACE('',#4147,4.);
#52=CYLINDRICAL_SURFACE('',#4148,4.);
#53=CYLINDRICAL_SURFACE('',#4150,4.);
#54=CYLINDRICAL_SURFACE('',#4151,4.);
#55=CYLINDRICAL_SURFACE('',#4152,4.);
#56=CYLINDRICAL_SURFACE('',#4157,1.75);
#57=CYLINDRICAL_SURFACE('',#4162,1.75);
#58=CYLINDRICAL_SURFACE('',#4167,1.75);
#59=CYLINDRICAL_SURFACE('',#4172,1.75);
#60=CYLINDRICAL_SURFACE('',#4173,3.5);
#61=CYLINDRICAL_SURFACE('',#4176,3.5);
#62=CYLINDRICAL_SURFACE('',#4179,3.5);
#63=CYLINDRICAL_SURFACE('',#4184,1.);
#64=CYLINDRICAL_SURFACE('',#4186,1.);
#65=CYLINDRICAL_SURFACE('',#4188,1.);
#66=CYLINDRICAL_SURFACE('',#4190,1.);
#67=CYLINDRICAL_SURFACE('',#4194,1.);
#68=CYLINDRICAL_SURFACE('',#4196,1.);
#69=CYLINDRICAL_SURFACE('',#4198,1.);
#70=CYLINDRICAL_SURFACE('',#4200,1.);
#71=CYLINDRICAL_SURFACE('',#4204,1.00000000000001);
#72=CYLINDRICAL_SURFACE('',#4206,1.00000000000001);
#73=CYLINDRICAL_SURFACE('',#4210,0.999999999999992);
#74=CYLINDRICAL_SURFACE('',#4212,0.999999999999992);
#75=CYLINDRICAL_SURFACE('',#4214,0.999999999999988);
#76=CYLINDRICAL_SURFACE('',#4216,0.999999999999992);
#77=CYLINDRICAL_SURFACE('',#4220,1.00000000000001);
#78=CYLINDRICAL_SURFACE('',#4222,1.00000000000001);
#79=CYLINDRICAL_SURFACE('',#4226,0.999999999999992);
#80=CYLINDRICAL_SURFACE('',#4228,0.999999999999988);
#81=CYLINDRICAL_SURFACE('',#4230,0.999999999999992);
#82=CYLINDRICAL_SURFACE('',#4232,0.999999999999992);
#83=CYLINDRICAL_SURFACE('',#4235,1.);
#84=CYLINDRICAL_SURFACE('',#4239,1.);
#85=CYLINDRICAL_SURFACE('',#4241,1.);
#86=CYLINDRICAL_SURFACE('',#4243,1.);
#87=CYLINDRICAL_SURFACE('',#4246,1.);
#88=CYLINDRICAL_SURFACE('',#4250,1.00000000000001);
#89=CYLINDRICAL_SURFACE('',#4252,1.00000000000001);
#90=CYLINDRICAL_SURFACE('',#4254,0.999999999999996);
#91=CYLINDRICAL_SURFACE('',#4256,0.999999999999996);
#92=CYLINDRICAL_SURFACE('',#4260,1.);
#93=CYLINDRICAL_SURFACE('',#4262,1.);
#94=CYLINDRICAL_SURFACE('',#4265,0.999999999999992);
#95=CYLINDRICAL_SURFACE('',#4267,0.999999999999992);
#96=CYLINDRICAL_SURFACE('',#4271,0.999999999999992);
#97=CYLINDRICAL_SURFACE('',#4273,0.999999999999992);
#98=CYLINDRICAL_SURFACE('',#4275,0.999999999999988);
#99=CYLINDRICAL_SURFACE('',#4277,0.999999999999992);
#100=CYLINDRICAL_SURFACE('',#4281,1.00000000000001);
#101=CYLINDRICAL_SURFACE('',#4283,1.00000000000001);
#102=CYLINDRICAL_SURFACE('',#4287,0.999999999999992);
#103=CYLINDRICAL_SURFACE('',#4289,0.999999999999988);
#104=CYLINDRICAL_SURFACE('',#4291,0.999999999999992);
#105=CYLINDRICAL_SURFACE('',#4293,0.999999999999992);
#106=CYLINDRICAL_SURFACE('',#4305,3.);
#107=CYLINDRICAL_SURFACE('',#4306,3.);
#108=CYLINDRICAL_SURFACE('',#4307,3.);
#109=CYLINDRICAL_SURFACE('',#4308,3.);
#110=FACE_BOUND('',#445,.T.);
#111=FACE_BOUND('',#446,.T.);
#112=FACE_BOUND('',#447,.T.);
#113=FACE_BOUND('',#448,.T.);
#114=FACE_BOUND('',#449,.T.);
#115=FACE_BOUND('',#450,.T.);
#116=FACE_BOUND('',#451,.T.);
#117=FACE_BOUND('',#452,.T.);
#118=FACE_BOUND('',#453,.T.);
#119=FACE_BOUND('',#454,.T.);
#120=FACE_BOUND('',#455,.T.);
#121=FACE_BOUND('',#456,.T.);
#122=FACE_BOUND('',#457,.T.);
#123=FACE_BOUND('',#458,.T.);
#124=FACE_BOUND('',#459,.T.);
#125=FACE_BOUND('',#460,.T.);
#126=FACE_BOUND('',#461,.T.);
#127=FACE_BOUND('',#462,.T.);
#128=FACE_BOUND('',#463,.T.);
#129=FACE_BOUND('',#485,.T.);
#130=FACE_BOUND('',#486,.T.);
#131=FACE_BOUND('',#487,.T.);
#132=FACE_BOUND('',#488,.T.);
#133=FACE_BOUND('',#489,.T.);
#134=FACE_BOUND('',#490,.T.);
#135=FACE_BOUND('',#491,.T.);
#136=FACE_BOUND('',#492,.T.);
#137=FACE_BOUND('',#493,.T.);
#138=FACE_BOUND('',#494,.T.);
#139=FACE_BOUND('',#495,.T.);
#140=FACE_BOUND('',#496,.T.);
#141=FACE_BOUND('',#497,.T.);
#142=FACE_BOUND('',#498,.T.);
#143=FACE_BOUND('',#499,.T.);
#144=FACE_BOUND('',#500,.T.);
#145=FACE_BOUND('',#501,.T.);
#146=FACE_BOUND('',#502,.T.);
#147=FACE_BOUND('',#503,.T.);
#148=FACE_BOUND('',#504,.T.);
#149=FACE_BOUND('',#505,.T.);
#150=FACE_BOUND('',#553,.T.);
#151=FACE_BOUND('',#556,.T.);
#152=FACE_BOUND('',#559,.T.);
#153=PLANE('',#3895);
#154=PLANE('',#4015);
#155=PLANE('',#4137);
#156=PLANE('',#4141);
#157=PLANE('',#4146);
#158=PLANE('',#4149);
#159=PLANE('',#4175);
#160=PLANE('',#4178);
#161=PLANE('',#4181);
#162=PLANE('',#4182);
#163=PLANE('',#4183);
#164=PLANE('',#4185);
#165=PLANE('',#4187);
#166=PLANE('',#4189);
#167=PLANE('',#4191);
#168=PLANE('',#4192);
#169=PLANE('',#4193);
#170=PLANE('',#4195);
#171=PLANE('',#4197);
#172=PLANE('',#4199);
#173=PLANE('',#4201);
#174=PLANE('',#4202);
#175=PLANE('',#4203);
#176=PLANE('',#4205);
#177=PLANE('',#4207);
#178=PLANE('',#4208);
#179=PLANE('',#4209);
#180=PLANE('',#4211);
#181=PLANE('',#4213);
#182=PLANE('',#4215);
#183=PLANE('',#4217);
#184=PLANE('',#4218);
#185=PLANE('',#4219);
#186=PLANE('',#4221);
#187=PLANE('',#4223);
#188=PLANE('',#4224);
#189=PLANE('',#4225);
#190=PLANE('',#4227);
#191=PLANE('',#4229);
#192=PLANE('',#4231);
#193=PLANE('',#4233);
#194=PLANE('',#4234);
#195=PLANE('',#4236);
#196=PLANE('',#4237);
#197=PLANE('',#4238);
#198=PLANE('',#4240);
#199=PLANE('',#4242);
#200=PLANE('',#4244);
#201=PLANE('',#4245);
#202=PLANE('',#4247);
#203=PLANE('',#4248);
#204=PLANE('',#4249);
#205=PLANE('',#4251);
#206=PLANE('',#4253);
#207=PLANE('',#4255);
#208=PLANE('',#4257);
#209=PLANE('',#4258);
#210=PLANE('',#4259);
#211=PLANE('',#4261);
#212=PLANE('',#4263);
#213=PLANE('',#4264);
#214=PLANE('',#4266);
#215=PLANE('',#4268);
#216=PLANE('',#4269);
#217=PLANE('',#4270);
#218=PLANE('',#4272);
#219=PLANE('',#4274);
#220=PLANE('',#4276);
#221=PLANE('',#4278);
#222=PLANE('',#4279);
#223=PLANE('',#4280);
#224=PLANE('',#4282);
#225=PLANE('',#4284);
#226=PLANE('',#4285);
#227=PLANE('',#4286);
#228=PLANE('',#4288);
#229=PLANE('',#4290);
#230=PLANE('',#4292);
#231=PLANE('',#4294);
#232=PLANE('',#4295);
#233=PLANE('',#4296);
#234=PLANE('',#4297);
#235=PLANE('',#4298);
#236=PLANE('',#4299);
#237=PLANE('',#4300);
#238=PLANE('',#4301);
#239=PLANE('',#4302);
#240=PLANE('',#4303);
#241=PLANE('',#4304);
#242=FACE_OUTER_BOUND('',#443,.T.);
#243=FACE_OUTER_BOUND('',#444,.T.);
#244=FACE_OUTER_BOUND('',#464,.T.);
#245=FACE_OUTER_BOUND('',#465,.T.);
#246=FACE_OUTER_BOUND('',#466,.T.);
#247=FACE_OUTER_BOUND('',#467,.T.);
#248=FACE_OUTER_BOUND('',#468,.T.);
#249=FACE_OUTER_BOUND('',#469,.T.);
#250=FACE_OUTER_BOUND('',#470,.T.);
#251=FACE_OUTER_BOUND('',#471,.T.);
#252=FACE_OUTER_BOUND('',#472,.T.);
#253=FACE_OUTER_BOUND('',#473,.T.);
#254=FACE_OUTER_BOUND('',#474,.T.);
#255=FACE_OUTER_BOUND('',#475,.T.);
#256=FACE_OUTER_BOUND('',#476,.T.);
#257=FACE_OUTER_BOUND('',#477,.T.);
#258=FACE_OUTER_BOUND('',#478,.T.);
#259=FACE_OUTER_BOUND('',#479,.T.);
#260=FACE_OUTER_BOUND('',#480,.T.);
#261=FACE_OUTER_BOUND('',#481,.T.);
#262=FACE_OUTER_BOUND('',#482,.T.);
#263=FACE_OUTER_BOUND('',#483,.T.);
#264=FACE_OUTER_BOUND('',#484,.T.);
#265=FACE_OUTER_BOUND('',#506,.T.);
#266=FACE_OUTER_BOUND('',#507,.T.);
#267=FACE_OUTER_BOUND('',#508,.T.);
#268=FACE_OUTER_BOUND('',#509,.T.);
#269=FACE_OUTER_BOUND('',#510,.T.);
#270=FACE_OUTER_BOUND('',#511,.T.);
#271=FACE_OUTER_BOUND('',#512,.T.);
#272=FACE_OUTER_BOUND('',#513,.T.);
#273=FACE_OUTER_BOUND('',#514,.T.);
#274=FACE_OUTER_BOUND('',#515,.T.);
#275=FACE_OUTER_BOUND('',#516,.T.);
#276=FACE_OUTER_BOUND('',#517,.T.);
#277=FACE_OUTER_BOUND('',#518,.T.);
#278=FACE_OUTER_BOUND('',#519,.T.);
#279=FACE_OUTER_BOUND('',#520,.T.);
#280=FACE_OUTER_BOUND('',#521,.T.);
#281=FACE_OUTER_BOUND('',#522,.T.);
#282=FACE_OUTER_BOUND('',#523,.T.);
#283=FACE_OUTER_BOUND('',#524,.T.);
#284=FACE_OUTER_BOUND('',#525,.T.);
#285=FACE_OUTER_BOUND('',#526,.T.);
#286=FACE_OUTER_BOUND('',#527,.T.);
#287=FACE_OUTER_BOUND('',#528,.T.);
#288=FACE_OUTER_BOUND('',#529,.T.);
#289=FACE_OUTER_BOUND('',#530,.T.);
#290=FACE_OUTER_BOUND('',#531,.T.);
#291=FACE_OUTER_BOUND('',#532,.T.);
#292=FACE_OUTER_BOUND('',#533,.T.);
#293=FACE_OUTER_BOUND('',#534,.T.);
#294=FACE_OUTER_BOUND('',#535,.T.);
#295=FACE_OUTER_BOUND('',#536,.T.);
#296=FACE_OUTER_BOUND('',#537,.T.);
#297=FACE_OUTER_BOUND('',#538,.T.);
#298=FACE_OUTER_BOUND('',#539,.T.);
#299=FACE_OUTER_BOUND('',#540,.T.);
#300=FACE_OUTER_BOUND('',#541,.T.);
#301=FACE_OUTER_BOUND('',#542,.T.);
#302=FACE_OUTER_BOUND('',#543,.T.);
#303=FACE_OUTER_BOUND('',#544,.T.);
#304=FACE_OUTER_BOUND('',#545,.T.);
#305=FACE_OUTER_BOUND('',#546,.T.);
#306=FACE_OUTER_BOUND('',#547,.T.);
#307=FACE_OUTER_BOUND('',#548,.T.);
#308=FACE_OUTER_BOUND('',#549,.T.);
#309=FACE_OUTER_BOUND('',#550,.T.);
#310=FACE_OUTER_BOUND('',#551,.T.);
#311=FACE_OUTER_BOUND('',#552,.T.);
#312=FACE_OUTER_BOUND('',#554,.T.);
#313=FACE_OUTER_BOUND('',#555,.T.);
#314=FACE_OUTER_BOUND('',#557,.T.);
#315=FACE_OUTER_BOUND('',#558,.T.);
#316=FACE_OUTER_BOUND('',#560,.T.);
#317=FACE_OUTER_BOUND('',#561,.T.);
#318=FACE_OUTER_BOUND('',#562,.T.);
#319=FACE_OUTER_BOUND('',#563,.T.);
#320=FACE_OUTER_BOUND('',#564,.T.);
#321=FACE_OUTER_BOUND('',#565,.T.);
#322=FACE_OUTER_BOUND('',#566,.T.);
#323=FACE_OUTER_BOUND('',#567,.T.);
#324=FACE_OUTER_BOUND('',#568,.T.);
#325=FACE_OUTER_BOUND('',#569,.T.);
#326=FACE_OUTER_BOUND('',#570,.T.);
#327=FACE_OUTER_BOUND('',#571,.T.);
#328=FACE_OUTER_BOUND('',#572,.T.);
#329=FACE_OUTER_BOUND('',#573,.T.);
#330=FACE_OUTER_BOUND('',#574,.T.);
#331=FACE_OUTER_BOUND('',#575,.T.);
#332=FACE_OUTER_BOUND('',#576,.T.);
#333=FACE_OUTER_BOUND('',#577,.T.);
#334=FACE_OUTER_BOUND('',#578,.T.);
#335=FACE_OUTER_BOUND('',#579,.T.);
#336=FACE_OUTER_BOUND('',#580,.T.);
#337=FACE_OUTER_BOUND('',#581,.T.);
#338=FACE_OUTER_BOUND('',#582,.T.);
#339=FACE_OUTER_BOUND('',#583,.T.);
#340=FACE_OUTER_BOUND('',#584,.T.);
#341=FACE_OUTER_BOUND('',#585,.T.);
#342=FACE_OUTER_BOUND('',#586,.T.);
#343=FACE_OUTER_BOUND('',#587,.T.);
#344=FACE_OUTER_BOUND('',#588,.T.);
#345=FACE_OUTER_BOUND('',#589,.T.);
#346=FACE_OUTER_BOUND('',#590,.T.);
#347=FACE_OUTER_BOUND('',#591,.T.);
#348=FACE_OUTER_BOUND('',#592,.T.);
#349=FACE_OUTER_BOUND('',#593,.T.);
#350=FACE_OUTER_BOUND('',#594,.T.);
#351=FACE_OUTER_BOUND('',#595,.T.);
#352=FACE_OUTER_BOUND('',#596,.T.);
#353=FACE_OUTER_BOUND('',#597,.T.);
#354=FACE_OUTER_BOUND('',#598,.T.);
#355=FACE_OUTER_BOUND('',#599,.T.);
#356=FACE_OUTER_BOUND('',#600,.T.);
#357=FACE_OUTER_BOUND('',#601,.T.);
#358=FACE_OUTER_BOUND('',#602,.T.);
#359=FACE_OUTER_BOUND('',#603,.T.);
#360=FACE_OUTER_BOUND('',#604,.T.);
#361=FACE_OUTER_BOUND('',#605,.T.);
#362=FACE_OUTER_BOUND('',#606,.T.);
#363=FACE_OUTER_BOUND('',#607,.T.);
#364=FACE_OUTER_BOUND('',#608,.T.);
#365=FACE_OUTER_BOUND('',#609,.T.);
#366=FACE_OUTER_BOUND('',#610,.T.);
#367=FACE_OUTER_BOUND('',#611,.T.);
#368=FACE_OUTER_BOUND('',#612,.T.);
#369=FACE_OUTER_BOUND('',#613,.T.);
#370=FACE_OUTER_BOUND('',#614,.T.);
#371=FACE_OUTER_BOUND('',#615,.T.);
#372=FACE_OUTER_BOUND('',#616,.T.);
#373=FACE_OUTER_BOUND('',#617,.T.);
#374=FACE_OUTER_BOUND('',#618,.T.);
#375=FACE_OUTER_BOUND('',#619,.T.);
#376=FACE_OUTER_BOUND('',#620,.T.);
#377=FACE_OUTER_BOUND('',#621,.T.);
#378=FACE_OUTER_BOUND('',#622,.T.);
#379=FACE_OUTER_BOUND('',#623,.T.);
#380=FACE_OUTER_BOUND('',#624,.T.);
#381=FACE_OUTER_BOUND('',#625,.T.);
#382=FACE_OUTER_BOUND('',#626,.T.);
#383=FACE_OUTER_BOUND('',#627,.T.);
#384=FACE_OUTER_BOUND('',#628,.T.);
#385=FACE_OUTER_BOUND('',#629,.T.);
#386=FACE_OUTER_BOUND('',#630,.T.);
#387=FACE_OUTER_BOUND('',#631,.T.);
#388=FACE_OUTER_BOUND('',#632,.T.);
#389=FACE_OUTER_BOUND('',#633,.T.);
#390=FACE_OUTER_BOUND('',#634,.T.);
#391=FACE_OUTER_BOUND('',#635,.T.);
#392=FACE_OUTER_BOUND('',#636,.T.);
#393=FACE_OUTER_BOUND('',#637,.T.);
#394=FACE_OUTER_BOUND('',#638,.T.);
#395=FACE_OUTER_BOUND('',#639,.T.);
#396=FACE_OUTER_BOUND('',#640,.T.);
#397=FACE_OUTER_BOUND('',#641,.T.);
#398=FACE_OUTER_BOUND('',#642,.T.);
#399=FACE_OUTER_BOUND('',#643,.T.);
#400=FACE_OUTER_BOUND('',#644,.T.);
#401=FACE_OUTER_BOUND('',#645,.T.);
#402=FACE_OUTER_BOUND('',#646,.T.);
#403=FACE_OUTER_BOUND('',#647,.T.);
#404=FACE_OUTER_BOUND('',#648,.T.);
#405=FACE_OUTER_BOUND('',#649,.T.);
#406=FACE_OUTER_BOUND('',#650,.T.);
#407=FACE_OUTER_BOUND('',#651,.T.);
#408=FACE_OUTER_BOUND('',#652,.T.);
#409=FACE_OUTER_BOUND('',#653,.T.);
#410=FACE_OUTER_BOUND('',#654,.T.);
#411=FACE_OUTER_BOUND('',#655,.T.);
#412=FACE_OUTER_BOUND('',#656,.T.);
#413=FACE_OUTER_BOUND('',#657,.T.);
#414=FACE_OUTER_BOUND('',#658,.T.);
#415=FACE_OUTER_BOUND('',#659,.T.);
#416=FACE_OUTER_BOUND('',#660,.T.);
#417=FACE_OUTER_BOUND('',#661,.T.);
#418=FACE_OUTER_BOUND('',#662,.T.);
#419=FACE_OUTER_BOUND('',#663,.T.);
#420=FACE_OUTER_BOUND('',#664,.T.);
#421=FACE_OUTER_BOUND('',#665,.T.);
#422=FACE_OUTER_BOUND('',#666,.T.);
#423=FACE_OUTER_BOUND('',#667,.T.);
#424=FACE_OUTER_BOUND('',#668,.T.);
#425=FACE_OUTER_BOUND('',#669,.T.);
#426=FACE_OUTER_BOUND('',#670,.T.);
#427=FACE_OUTER_BOUND('',#671,.T.);
#428=FACE_OUTER_BOUND('',#672,.T.);
#429=FACE_OUTER_BOUND('',#673,.T.);
#430=FACE_OUTER_BOUND('',#674,.T.);
#431=FACE_OUTER_BOUND('',#675,.T.);
#432=FACE_OUTER_BOUND('',#676,.T.);
#433=FACE_OUTER_BOUND('',#677,.T.);
#434=FACE_OUTER_BOUND('',#678,.T.);
#435=FACE_OUTER_BOUND('',#679,.T.);
#436=FACE_OUTER_BOUND('',#680,.T.);
#437=FACE_OUTER_BOUND('',#681,.T.);
#438=FACE_OUTER_BOUND('',#682,.T.);
#439=FACE_OUTER_BOUND('',#683,.T.);
#440=FACE_OUTER_BOUND('',#684,.T.);
#441=FACE_OUTER_BOUND('',#685,.T.);
#442=FACE_OUTER_BOUND('',#686,.T.);
#443=EDGE_LOOP('',(#2524,#2525,#2526,#2527,#2528));
#444=EDGE_LOOP('',(#2529,#2530,#2531,#2532,#2533,#2534,#2535,#2536,#2537,
#2538,#2539,#2540,#2541,#2542,#2543,#2544,#2545,#2546));
#445=EDGE_LOOP('',(#2547));
#446=EDGE_LOOP('',(#2548));
#447=EDGE_LOOP('',(#2549));
#448=EDGE_LOOP('',(#2550));
#449=EDGE_LOOP('',(#2551));
#450=EDGE_LOOP('',(#2552));
#451=EDGE_LOOP('',(#2553));
#452=EDGE_LOOP('',(#2554));
#453=EDGE_LOOP('',(#2555,#2556,#2557,#2558,#2559,#2560,#2561,#2562,#2563,
#2564,#2565,#2566,#2567,#2568,#2569,#2570,#2571,#2572,#2573,#2574));
#454=EDGE_LOOP('',(#2575,#2576,#2577,#2578,#2579,#2580,#2581,#2582,#2583,
#2584,#2585,#2586,#2587,#2588,#2589,#2590,#2591,#2592,#2593,#2594,#2595,
#2596,#2597,#2598,#2599,#2600,#2601,#2602,#2603,#2604,#2605,#2606));
#455=EDGE_LOOP('',(#2607,#2608,#2609,#2610,#2611,#2612,#2613,#2614,#2615,
#2616,#2617,#2618,#2619,#2620,#2621,#2622,#2623,#2624,#2625,#2626,#2627,
#2628,#2629,#2630,#2631,#2632,#2633,#2634,#2635));
#456=EDGE_LOOP('',(#2636,#2637,#2638,#2639,#2640,#2641,#2642,#2643,#2644,
#2645,#2646,#2647,#2648,#2649,#2650,#2651,#2652,#2653,#2654,#2655,#2656,
#2657,#2658,#2659,#2660,#2661,#2662,#2663,#2664,#2665,#2666,#2667));
#457=EDGE_LOOP('',(#2668,#2669,#2670,#2671));
#458=EDGE_LOOP('',(#2672,#2673,#2674,#2675));
#459=EDGE_LOOP('',(#2676));
#460=EDGE_LOOP('',(#2677));
#461=EDGE_LOOP('',(#2678));
#462=EDGE_LOOP('',(#2679));
#463=EDGE_LOOP('',(#2680));
#464=EDGE_LOOP('',(#2681,#2682,#2683,#2684,#2685));
#465=EDGE_LOOP('',(#2686,#2687,#2688,#2689,#2690));
#466=EDGE_LOOP('',(#2691,#2692,#2693,#2694,#2695));
#467=EDGE_LOOP('',(#2696,#2697,#2698,#2699,#2700));
#468=EDGE_LOOP('',(#2701,#2702,#2703,#2704,#2705));
#469=EDGE_LOOP('',(#2706,#2707,#2708,#2709,#2710));
#470=EDGE_LOOP('',(#2711,#2712,#2713,#2714,#2715));
#471=EDGE_LOOP('',(#2716,#2717,#2718,#2719,#2720));
#472=EDGE_LOOP('',(#2721,#2722,#2723,#2724,#2725));
#473=EDGE_LOOP('',(#2726,#2727,#2728,#2729,#2730));
#474=EDGE_LOOP('',(#2731,#2732,#2733,#2734,#2735));
#475=EDGE_LOOP('',(#2736,#2737,#2738,#2739,#2740));
#476=EDGE_LOOP('',(#2741,#2742,#2743,#2744,#2745));
#477=EDGE_LOOP('',(#2746,#2747,#2748,#2749,#2750));
#478=EDGE_LOOP('',(#2751,#2752,#2753,#2754,#2755));
#479=EDGE_LOOP('',(#2756,#2757,#2758,#2759,#2760));
#480=EDGE_LOOP('',(#2761,#2762,#2763,#2764,#2765));
#481=EDGE_LOOP('',(#2766,#2767,#2768,#2769,#2770));
#482=EDGE_LOOP('',(#2771,#2772,#2773,#2774,#2775));
#483=EDGE_LOOP('',(#2776,#2777,#2778,#2779));
#484=EDGE_LOOP('',(#2780,#2781,#2782,#2783,#2784,#2785,#2786,#2787,#2788,
#2789,#2790,#2791,#2792,#2793,#2794,#2795));
#485=EDGE_LOOP('',(#2796));
#486=EDGE_LOOP('',(#2797));
#487=EDGE_LOOP('',(#2798));
#488=EDGE_LOOP('',(#2799));
#489=EDGE_LOOP('',(#2800));
#490=EDGE_LOOP('',(#2801,#2802,#2803,#2804,#2805,#2806,#2807,#2808,#2809,
#2810,#2811,#2812,#2813,#2814,#2815,#2816,#2817,#2818,#2819,#2820,#2821,
#2822,#2823,#2824,#2825,#2826,#2827,#2828,#2829,#2830,#2831,#2832));
#491=EDGE_LOOP('',(#2833));
#492=EDGE_LOOP('',(#2834));
#493=EDGE_LOOP('',(#2835,#2836,#2837,#2838,#2839,#2840,#2841,#2842,#2843,
#2844,#2845,#2846,#2847,#2848,#2849,#2850,#2851,#2852,#2853,#2854,#2855,
#2856,#2857,#2858,#2859,#2860,#2861,#2862,#2863));
#494=EDGE_LOOP('',(#2864));
#495=EDGE_LOOP('',(#2865,#2866,#2867,#2868,#2869,#2870,#2871,#2872,#2873,
#2874,#2875,#2876,#2877,#2878,#2879,#2880,#2881,#2882,#2883,#2884,#2885,
#2886,#2887,#2888,#2889,#2890,#2891,#2892,#2893,#2894,#2895,#2896));
#496=EDGE_LOOP('',(#2897,#2898,#2899,#2900,#2901,#2902,#2903,#2904,#2905,
#2906,#2907,#2908,#2909,#2910,#2911,#2912,#2913,#2914,#2915,#2916));
#497=EDGE_LOOP('',(#2917));
#498=EDGE_LOOP('',(#2918));
#499=EDGE_LOOP('',(#2919));
#500=EDGE_LOOP('',(#2920));
#501=EDGE_LOOP('',(#2921));
#502=EDGE_LOOP('',(#2922));
#503=EDGE_LOOP('',(#2923));
#504=EDGE_LOOP('',(#2924));
#505=EDGE_LOOP('',(#2925));
#506=EDGE_LOOP('',(#2926,#2927,#2928,#2929));
#507=EDGE_LOOP('',(#2930,#2931,#2932,#2933));
#508=EDGE_LOOP('',(#2934,#2935,#2936,#2937));
#509=EDGE_LOOP('',(#2938,#2939,#2940,#2941));
#510=EDGE_LOOP('',(#2942,#2943,#2944,#2945));
#511=EDGE_LOOP('',(#2946,#2947,#2948,#2949));
#512=EDGE_LOOP('',(#2950,#2951,#2952,#2953));
#513=EDGE_LOOP('',(#2954,#2955,#2956,#2957));
#514=EDGE_LOOP('',(#2958,#2959,#2960,#2961,#2962));
#515=EDGE_LOOP('',(#2963,#2964,#2965,#2966));
#516=EDGE_LOOP('',(#2967,#2968,#2969,#2970));
#517=EDGE_LOOP('',(#2971,#2972,#2973,#2974));
#518=EDGE_LOOP('',(#2975,#2976,#2977,#2978,#2979));
#519=EDGE_LOOP('',(#2980,#2981,#2982,#2983));
#520=EDGE_LOOP('',(#2984,#2985,#2986,#2987));
#521=EDGE_LOOP('',(#2988,#2989,#2990,#2991));
#522=EDGE_LOOP('',(#2992,#2993,#2994,#2995));
#523=EDGE_LOOP('',(#2996,#2997,#2998,#2999));
#524=EDGE_LOOP('',(#3000,#3001,#3002,#3003));
#525=EDGE_LOOP('',(#3004,#3005,#3006,#3007));
#526=EDGE_LOOP('',(#3008,#3009,#3010,#3011));
#527=EDGE_LOOP('',(#3012,#3013,#3014,#3015));
#528=EDGE_LOOP('',(#3016,#3017,#3018,#3019));
#529=EDGE_LOOP('',(#3020,#3021,#3022,#3023));
#530=EDGE_LOOP('',(#3024,#3025,#3026,#3027));
#531=EDGE_LOOP('',(#3028,#3029,#3030,#3031));
#532=EDGE_LOOP('',(#3032,#3033,#3034,#3035));
#533=EDGE_LOOP('',(#3036,#3037,#3038,#3039));
#534=EDGE_LOOP('',(#3040,#3041,#3042,#3043));
#535=EDGE_LOOP('',(#3044,#3045,#3046,#3047));
#536=EDGE_LOOP('',(#3048,#3049,#3050,#3051));
#537=EDGE_LOOP('',(#3052,#3053,#3054,#3055));
#538=EDGE_LOOP('',(#3056,#3057,#3058,#3059));
#539=EDGE_LOOP('',(#3060,#3061,#3062,#3063));
#540=EDGE_LOOP('',(#3064,#3065,#3066,#3067));
#541=EDGE_LOOP('',(#3068,#3069,#3070,#3071));
#542=EDGE_LOOP('',(#3072,#3073,#3074,#3075));
#543=EDGE_LOOP('',(#3076,#3077,#3078,#3079,#3080));
#544=EDGE_LOOP('',(#3081,#3082,#3083,#3084));
#545=EDGE_LOOP('',(#3085,#3086,#3087,#3088,#3089));
#546=EDGE_LOOP('',(#3090,#3091,#3092,#3093));
#547=EDGE_LOOP('',(#3094,#3095,#3096,#3097,#3098));
#548=EDGE_LOOP('',(#3099,#3100,#3101,#3102));
#549=EDGE_LOOP('',(#3103,#3104,#3105,#3106,#3107));
#550=EDGE_LOOP('',(#3108,#3109,#3110,#3111));
#551=EDGE_LOOP('',(#3112,#3113,#3114,#3115));
#552=EDGE_LOOP('',(#3116));
#553=EDGE_LOOP('',(#3117));
#554=EDGE_LOOP('',(#3118,#3119,#3120,#3121));
#555=EDGE_LOOP('',(#3122));
#556=EDGE_LOOP('',(#3123));
#557=EDGE_LOOP('',(#3124,#3125,#3126,#3127));
#558=EDGE_LOOP('',(#3128));
#559=EDGE_LOOP('',(#3129));
#560=EDGE_LOOP('',(#3130,#3131,#3132,#3133));
#561=EDGE_LOOP('',(#3134,#3135,#3136,#3137));
#562=EDGE_LOOP('',(#3138,#3139,#3140,#3141));
#563=EDGE_LOOP('',(#3142,#3143,#3144,#3145));
#564=EDGE_LOOP('',(#3146,#3147,#3148,#3149));
#565=EDGE_LOOP('',(#3150,#3151,#3152,#3153));
#566=EDGE_LOOP('',(#3154,#3155,#3156,#3157));
#567=EDGE_LOOP('',(#3158,#3159,#3160,#3161));
#568=EDGE_LOOP('',(#3162,#3163,#3164,#3165));
#569=EDGE_LOOP('',(#3166,#3167,#3168,#3169));
#570=EDGE_LOOP('',(#3170,#3171,#3172,#3173));
#571=EDGE_LOOP('',(#3174,#3175,#3176,#3177));
#572=EDGE_LOOP('',(#3178,#3179,#3180,#3181));
#573=EDGE_LOOP('',(#3182,#3183,#3184,#3185));
#574=EDGE_LOOP('',(#3186,#3187,#3188,#3189));
#575=EDGE_LOOP('',(#3190,#3191,#3192,#3193));
#576=EDGE_LOOP('',(#3194,#3195,#3196,#3197));
#577=EDGE_LOOP('',(#3198,#3199,#3200,#3201));
#578=EDGE_LOOP('',(#3202,#3203,#3204,#3205));
#579=EDGE_LOOP('',(#3206,#3207,#3208,#3209));
#580=EDGE_LOOP('',(#3210,#3211,#3212,#3213));
#581=EDGE_LOOP('',(#3214,#3215,#3216,#3217));
#582=EDGE_LOOP('',(#3218,#3219,#3220,#3221));
#583=EDGE_LOOP('',(#3222,#3223,#3224,#3225));
#584=EDGE_LOOP('',(#3226,#3227,#3228,#3229));
#585=EDGE_LOOP('',(#3230,#3231,#3232,#3233));
#586=EDGE_LOOP('',(#3234,#3235,#3236,#3237));
#587=EDGE_LOOP('',(#3238,#3239,#3240,#3241));
#588=EDGE_LOOP('',(#3242,#3243,#3244,#3245));
#589=EDGE_LOOP('',(#3246,#3247,#3248,#3249));
#590=EDGE_LOOP('',(#3250,#3251,#3252,#3253));
#591=EDGE_LOOP('',(#3254,#3255,#3256,#3257));
#592=EDGE_LOOP('',(#3258,#3259,#3260,#3261));
#593=EDGE_LOOP('',(#3262,#3263,#3264,#3265));
#594=EDGE_LOOP('',(#3266,#3267,#3268,#3269));
#595=EDGE_LOOP('',(#3270,#3271,#3272,#3273));
#596=EDGE_LOOP('',(#3274,#3275,#3276,#3277));
#597=EDGE_LOOP('',(#3278,#3279,#3280,#3281));
#598=EDGE_LOOP('',(#3282,#3283,#3284,#3285));
#599=EDGE_LOOP('',(#3286,#3287,#3288,#3289));
#600=EDGE_LOOP('',(#3290,#3291,#3292,#3293));
#601=EDGE_LOOP('',(#3294,#3295,#3296,#3297));
#602=EDGE_LOOP('',(#3298,#3299,#3300,#3301));
#603=EDGE_LOOP('',(#3302,#3303,#3304,#3305));
#604=EDGE_LOOP('',(#3306,#3307,#3308,#3309));
#605=EDGE_LOOP('',(#3310,#3311,#3312,#3313));
#606=EDGE_LOOP('',(#3314,#3315,#3316,#3317));
#607=EDGE_LOOP('',(#3318,#3319,#3320,#3321));
#608=EDGE_LOOP('',(#3322,#3323,#3324,#3325));
#609=EDGE_LOOP('',(#3326,#3327,#3328,#3329));
#610=EDGE_LOOP('',(#3330,#3331,#3332,#3333));
#611=EDGE_LOOP('',(#3334,#3335,#3336,#3337));
#612=EDGE_LOOP('',(#3338,#3339,#3340,#3341));
#613=EDGE_LOOP('',(#3342,#3343,#3344,#3345));
#614=EDGE_LOOP('',(#3346,#3347,#3348,#3349));
#615=EDGE_LOOP('',(#3350,#3351,#3352,#3353));
#616=EDGE_LOOP('',(#3354,#3355,#3356,#3357));
#617=EDGE_LOOP('',(#3358,#3359,#3360,#3361));
#618=EDGE_LOOP('',(#3362,#3363,#3364,#3365));
#619=EDGE_LOOP('',(#3366,#3367,#3368,#3369));
#620=EDGE_LOOP('',(#3370,#3371,#3372,#3373));
#621=EDGE_LOOP('',(#3374,#3375,#3376,#3377));
#622=EDGE_LOOP('',(#3378,#3379,#3380,#3381));
#623=EDGE_LOOP('',(#3382,#3383,#3384,#3385));
#624=EDGE_LOOP('',(#3386,#3387,#3388,#3389));
#625=EDGE_LOOP('',(#3390,#3391,#3392,#3393));
#626=EDGE_LOOP('',(#3394,#3395,#3396,#3397));
#627=EDGE_LOOP('',(#3398,#3399,#3400,#3401));
#628=EDGE_LOOP('',(#3402,#3403,#3404,#3405));
#629=EDGE_LOOP('',(#3406,#3407,#3408,#3409));
#630=EDGE_LOOP('',(#3410,#3411,#3412,#3413));
#631=EDGE_LOOP('',(#3414,#3415,#3416,#3417));
#632=EDGE_LOOP('',(#3418,#3419,#3420,#3421));
#633=EDGE_LOOP('',(#3422,#3423,#3424,#3425));
#634=EDGE_LOOP('',(#3426,#3427,#3428,#3429));
#635=EDGE_LOOP('',(#3430,#3431,#3432,#3433));
#636=EDGE_LOOP('',(#3434,#3435,#3436,#3437));
#637=EDGE_LOOP('',(#3438,#3439,#3440,#3441));
#638=EDGE_LOOP('',(#3442,#3443,#3444,#3445));
#639=EDGE_LOOP('',(#3446,#3447,#3448,#3449));
#640=EDGE_LOOP('',(#3450,#3451,#3452,#3453));
#641=EDGE_LOOP('',(#3454,#3455,#3456,#3457));
#642=EDGE_LOOP('',(#3458,#3459,#3460,#3461));
#643=EDGE_LOOP('',(#3462,#3463,#3464,#3465));
#644=EDGE_LOOP('',(#3466,#3467,#3468,#3469));
#645=EDGE_LOOP('',(#3470,#3471,#3472,#3473));
#646=EDGE_LOOP('',(#3474,#3475,#3476,#3477));
#647=EDGE_LOOP('',(#3478,#3479,#3480,#3481));
#648=EDGE_LOOP('',(#3482,#3483,#3484,#3485));
#649=EDGE_LOOP('',(#3486,#3487,#3488,#3489));
#650=EDGE_LOOP('',(#3490,#3491,#3492,#3493));
#651=EDGE_LOOP('',(#3494,#3495,#3496,#3497));
#652=EDGE_LOOP('',(#3498,#3499,#3500,#3501));
#653=EDGE_LOOP('',(#3502,#3503,#3504,#3505));
#654=EDGE_LOOP('',(#3506,#3507,#3508,#3509));
#655=EDGE_LOOP('',(#3510,#3511,#3512,#3513));
#656=EDGE_LOOP('',(#3514,#3515,#3516,#3517));
#657=EDGE_LOOP('',(#3518,#3519,#3520,#3521));
#658=EDGE_LOOP('',(#3522,#3523,#3524,#3525));
#659=EDGE_LOOP('',(#3526,#3527,#3528,#3529));
#660=EDGE_LOOP('',(#3530,#3531,#3532,#3533));
#661=EDGE_LOOP('',(#3534,#3535,#3536,#3537));
#662=EDGE_LOOP('',(#3538,#3539,#3540,#3541));
#663=EDGE_LOOP('',(#3542,#3543,#3544,#3545));
#664=EDGE_LOOP('',(#3546,#3547,#3548,#3549));
#665=EDGE_LOOP('',(#3550,#3551,#3552,#3553));
#666=EDGE_LOOP('',(#3554,#3555,#3556,#3557));
#667=EDGE_LOOP('',(#3558,#3559,#3560,#3561));
#668=EDGE_LOOP('',(#3562,#3563,#3564,#3565));
#669=EDGE_LOOP('',(#3566,#3567,#3568,#3569));
#670=EDGE_LOOP('',(#3570,#3571,#3572,#3573));
#671=EDGE_LOOP('',(#3574,#3575,#3576,#3577));
#672=EDGE_LOOP('',(#3578,#3579,#3580,#3581));
#673=EDGE_LOOP('',(#3582,#3583,#3584,#3585));
#674=EDGE_LOOP('',(#3586,#3587,#3588,#3589));
#675=EDGE_LOOP('',(#3590,#3591,#3592,#3593));
#676=EDGE_LOOP('',(#3594,#3595,#3596,#3597));
#677=EDGE_LOOP('',(#3598,#3599,#3600,#3601));
#678=EDGE_LOOP('',(#3602,#3603,#3604,#3605));
#679=EDGE_LOOP('',(#3606,#3607,#3608,#3609));
#680=EDGE_LOOP('',(#3610,#3611,#3612,#3613));
#681=EDGE_LOOP('',(#3614,#3615,#3616,#3617));
#682=EDGE_LOOP('',(#3618,#3619,#3620,#3621));
#683=EDGE_LOOP('',(#3622,#3623,#3624,#3625,#3626,#3627,#3628));
#684=EDGE_LOOP('',(#3629,#3630,#3631,#3632,#3633,#3634,#3635));
#685=EDGE_LOOP('',(#3636,#3637,#3638,#3639,#3640,#3641,#3642));
#686=EDGE_LOOP('',(#3643,#3644,#3645,#3646,#3647,#3648,#3649));
#687=LINE('',#5498,#1033);
#688=LINE('',#5511,#1034);
#689=LINE('',#5519,#1035);
#690=LINE('',#5529,#1036);
#691=LINE('',#5538,#1037);
#692=LINE('',#5557,#1038);
#693=LINE('',#5559,#1039);
#694=LINE('',#5563,#1040);
#695=LINE('',#5567,#1041);
#696=LINE('',#5571,#1042);
#697=LINE('',#5575,#1043);
#698=LINE('',#5577,#1044);
#699=LINE('',#5579,#1045);
#700=LINE('',#5583,#1046);
#701=LINE('',#5587,#1047);
#702=LINE('',#5591,#1048);
#703=LINE('',#5594,#1049);
#704=LINE('',#5597,#1050);
#705=LINE('',#5599,#1051);
#706=LINE('',#5603,#1052);
#707=LINE('',#5607,#1053);
#708=LINE('',#5611,#1054);
#709=LINE('',#5615,#1055);
#710=LINE('',#5617,#1056);
#711=LINE('',#5619,#1057);
#712=LINE('',#5623,#1058);
#713=LINE('',#5627,#1059);
#714=LINE('',#5629,#1060);
#715=LINE('',#5631,#1061);
#716=LINE('',#5635,#1062);
#717=LINE('',#5639,#1063);
#718=LINE('',#5643,#1064);
#719=LINE('',#5647,#1065);
#720=LINE('',#5649,#1066);
#721=LINE('',#5651,#1067);
#722=LINE('',#5655,#1068);
#723=LINE('',#5658,#1069);
#724=LINE('',#5661,#1070);
#725=LINE('',#5663,#1071);
#726=LINE('',#5667,#1072);
#727=LINE('',#5669,#1073);
#728=LINE('',#5673,#1074);
#729=LINE('',#5677,#1075);
#730=LINE('',#5681,#1076);
#731=LINE('',#5683,#1077);
#732=LINE('',#5685,#1078);
#733=LINE('',#5689,#1079);
#734=LINE('',#5693,#1080);
#735=LINE('',#5697,#1081);
#736=LINE('',#5699,#1082);
#737=LINE('',#5701,#1083);
#738=LINE('',#5705,#1084);
#739=LINE('',#5709,#1085);
#740=LINE('',#5713,#1086);
#741=LINE('',#5716,#1087);
#742=LINE('',#5719,#1088);
#743=LINE('',#5721,#1089);
#744=LINE('',#5725,#1090);
#745=LINE('',#5729,#1091);
#746=LINE('',#5733,#1092);
#747=LINE('',#5737,#1093);
#748=LINE('',#5739,#1094);
#749=LINE('',#5741,#1095);
#750=LINE('',#5745,#1096);
#751=LINE('',#5749,#1097);
#752=LINE('',#5751,#1098);
#753=LINE('',#5753,#1099);
#754=LINE('',#5757,#1100);
#755=LINE('',#5761,#1101);
#756=LINE('',#5765,#1102);
#757=LINE('',#5769,#1103);
#758=LINE('',#5771,#1104);
#759=LINE('',#5773,#1105);
#760=LINE('',#5777,#1106);
#761=LINE('',#5780,#1107);
#762=LINE('',#5783,#1108);
#763=LINE('',#5785,#1109);
#764=LINE('',#5787,#1110);
#765=LINE('',#5788,#1111);
#766=LINE('',#5791,#1112);
#767=LINE('',#5793,#1113);
#768=LINE('',#5795,#1114);
#769=LINE('',#5796,#1115);
#770=LINE('',#5807,#1116);
#771=LINE('',#5811,#1117);
#772=LINE('',#5817,#1118);
#773=LINE('',#5821,#1119);
#774=LINE('',#5827,#1120);
#775=LINE('',#5831,#1121);
#776=LINE('',#5837,#1122);
#777=LINE('',#5841,#1123);
#778=LINE('',#5847,#1124);
#779=LINE('',#5851,#1125);
#780=LINE('',#5857,#1126);
#781=LINE('',#5861,#1127);
#782=LINE('',#5867,#1128);
#783=LINE('',#5871,#1129);
#784=LINE('',#5877,#1130);
#785=LINE('',#5881,#1131);
#786=LINE('',#5887,#1132);
#787=LINE('',#5891,#1133);
#788=LINE('',#5897,#1134);
#789=LINE('',#5903,#1135);
#790=LINE('',#5908,#1136);
#791=LINE('',#5916,#1137);
#792=LINE('',#5924,#1138);
#793=LINE('',#5932,#1139);
#794=LINE('',#5950,#1140);
#795=LINE('',#5952,#1141);
#796=LINE('',#5956,#1142);
#797=LINE('',#5960,#1143);
#798=LINE('',#5962,#1144);
#799=LINE('',#5964,#1145);
#800=LINE('',#5968,#1146);
#801=LINE('',#5972,#1147);
#802=LINE('',#5976,#1148);
#803=LINE('',#5980,#1149);
#804=LINE('',#5982,#1150);
#805=LINE('',#5984,#1151);
#806=LINE('',#5988,#1152);
#807=LINE('',#5992,#1153);
#808=LINE('',#5994,#1154);
#809=LINE('',#5996,#1155);
#810=LINE('',#6000,#1156);
#811=LINE('',#6004,#1157);
#812=LINE('',#6008,#1158);
#813=LINE('',#6011,#1159);
#814=LINE('',#6014,#1160);
#815=LINE('',#6016,#1161);
#816=LINE('',#6020,#1162);
#817=LINE('',#6024,#1163);
#818=LINE('',#6028,#1164);
#819=LINE('',#6032,#1165);
#820=LINE('',#6034,#1166);
#821=LINE('',#6036,#1167);
#822=LINE('',#6040,#1168);
#823=LINE('',#6044,#1169);
#824=LINE('',#6048,#1170);
#825=LINE('',#6050,#1171);
#826=LINE('',#6052,#1172);
#827=LINE('',#6056,#1173);
#828=LINE('',#6060,#1174);
#829=LINE('',#6064,#1175);
#830=LINE('',#6066,#1176);
#831=LINE('',#6069,#1177);
#832=LINE('',#6072,#1178);
#833=LINE('',#6074,#1179);
#834=LINE('',#6078,#1180);
#835=LINE('',#6082,#1181);
#836=LINE('',#6084,#1182);
#837=LINE('',#6086,#1183);
#838=LINE('',#6090,#1184);
#839=LINE('',#6094,#1185);
#840=LINE('',#6098,#1186);
#841=LINE('',#6102,#1187);
#842=LINE('',#6104,#1188);
#843=LINE('',#6106,#1189);
#844=LINE('',#6110,#1190);
#845=LINE('',#6114,#1191);
#846=LINE('',#6116,#1192);
#847=LINE('',#6118,#1193);
#848=LINE('',#6122,#1194);
#849=LINE('',#6126,#1195);
#850=LINE('',#6130,#1196);
#851=LINE('',#6133,#1197);
#852=LINE('',#6136,#1198);
#853=LINE('',#6138,#1199);
#854=LINE('',#6142,#1200);
#855=LINE('',#6146,#1201);
#856=LINE('',#6150,#1202);
#857=LINE('',#6154,#1203);
#858=LINE('',#6156,#1204);
#859=LINE('',#6158,#1205);
#860=LINE('',#6162,#1206);
#861=LINE('',#6166,#1207);
#862=LINE('',#6170,#1208);
#863=LINE('',#6173,#1209);
#864=LINE('',#6179,#1210);
#865=LINE('',#6182,#1211);
#866=LINE('',#6187,#1212);
#867=LINE('',#6190,#1213);
#868=LINE('',#6195,#1214);
#869=LINE('',#6205,#1215);
#870=LINE('',#6224,#1216);
#871=LINE('',#6243,#1217);
#872=LINE('',#6260,#1218);
#873=LINE('',#6269,#1219);
#874=LINE('',#6270,#1220);
#875=LINE('',#6272,#1221);
#876=LINE('',#6274,#1222);
#877=LINE('',#6276,#1223);
#878=LINE('',#6278,#1224);
#879=LINE('',#6280,#1225);
#880=LINE('',#6282,#1226);
#881=LINE('',#6284,#1227);
#882=LINE('',#6286,#1228);
#883=LINE('',#6287,#1229);
#884=LINE('',#6289,#1230);
#885=LINE('',#6291,#1231);
#886=LINE('',#6292,#1232);
#887=LINE('',#6296,#1233);
#888=LINE('',#6298,#1234);
#889=LINE('',#6304,#1235);
#890=LINE('',#6309,#1236);
#891=LINE('',#6314,#1237);
#892=LINE('',#6319,#1238);
#893=LINE('',#6324,#1239);
#894=LINE('',#6329,#1240);
#895=LINE('',#6334,#1241);
#896=LINE('',#6339,#1242);
#897=LINE('',#6343,#1243);
#898=LINE('',#6348,#1244);
#899=LINE('',#6353,#1245);
#900=LINE('',#6356,#1246);
#901=LINE('',#6357,#1247);
#902=LINE('',#6359,#1248);
#903=LINE('',#6361,#1249);
#904=LINE('',#6363,#1250);
#905=LINE('',#6365,#1251);
#906=LINE('',#6367,#1252);
#907=LINE('',#6369,#1253);
#908=LINE('',#6371,#1254);
#909=LINE('',#6373,#1255);
#910=LINE('',#6375,#1256);
#911=LINE('',#6377,#1257);
#912=LINE('',#6379,#1258);
#913=LINE('',#6381,#1259);
#914=LINE('',#6383,#1260);
#915=LINE('',#6385,#1261);
#916=LINE('',#6387,#1262);
#917=LINE('',#6389,#1263);
#918=LINE('',#6391,#1264);
#919=LINE('',#6393,#1265);
#920=LINE('',#6396,#1266);
#921=LINE('',#6397,#1267);
#922=LINE('',#6399,#1268);
#923=LINE('',#6401,#1269);
#924=LINE('',#6403,#1270);
#925=LINE('',#6405,#1271);
#926=LINE('',#6407,#1272);
#927=LINE('',#6409,#1273);
#928=LINE('',#6411,#1274);
#929=LINE('',#6413,#1275);
#930=LINE('',#6415,#1276);
#931=LINE('',#6417,#1277);
#932=LINE('',#6419,#1278);
#933=LINE('',#6421,#1279);
#934=LINE('',#6423,#1280);
#935=LINE('',#6425,#1281);
#936=LINE('',#6427,#1282);
#937=LINE('',#6429,#1283);
#938=LINE('',#6431,#1284);
#939=LINE('',#6433,#1285);
#940=LINE('',#6435,#1286);
#941=LINE('',#6437,#1287);
#942=LINE('',#6439,#1288);
#943=LINE('',#6441,#1289);
#944=LINE('',#6443,#1290);
#945=LINE('',#6445,#1291);
#946=LINE('',#6447,#1292);
#947=LINE('',#6449,#1293);
#948=LINE('',#6451,#1294);
#949=LINE('',#6453,#1295);
#950=LINE('',#6455,#1296);
#951=LINE('',#6457,#1297);
#952=LINE('',#6460,#1298);
#953=LINE('',#6461,#1299);
#954=LINE('',#6463,#1300);
#955=LINE('',#6465,#1301);
#956=LINE('',#6467,#1302);
#957=LINE('',#6469,#1303);
#958=LINE('',#6471,#1304);
#959=LINE('',#6473,#1305);
#960=LINE('',#6475,#1306);
#961=LINE('',#6477,#1307);
#962=LINE('',#6479,#1308);
#963=LINE('',#6481,#1309);
#964=LINE('',#6483,#1310);
#965=LINE('',#6485,#1311);
#966=LINE('',#6487,#1312);
#967=LINE('',#6489,#1313);
#968=LINE('',#6491,#1314);
#969=LINE('',#6493,#1315);
#970=LINE('',#6495,#1316);
#971=LINE('',#6497,#1317);
#972=LINE('',#6499,#1318);
#973=LINE('',#6501,#1319);
#974=LINE('',#6503,#1320);
#975=LINE('',#6505,#1321);
#976=LINE('',#6507,#1322);
#977=LINE('',#6509,#1323);
#978=LINE('',#6511,#1324);
#979=LINE('',#6513,#1325);
#980=LINE('',#6515,#1326);
#981=LINE('',#6518,#1327);
#982=LINE('',#6519,#1328);
#983=LINE('',#6521,#1329);
#984=LINE('',#6523,#1330);
#985=LINE('',#6525,#1331);
#986=LINE('',#6527,#1332);
#987=LINE('',#6529,#1333);
#988=LINE('',#6531,#1334);
#989=LINE('',#6533,#1335);
#990=LINE('',#6535,#1336);
#991=LINE('',#6537,#1337);
#992=LINE('',#6539,#1338);
#993=LINE('',#6541,#1339);
#994=LINE('',#6543,#1340);
#995=LINE('',#6545,#1341);
#996=LINE('',#6547,#1342);
#997=LINE('',#6549,#1343);
#998=LINE('',#6551,#1344);
#999=LINE('',#6553,#1345);
#1000=LINE('',#6555,#1346);
#1001=LINE('',#6557,#1347);
#1002=LINE('',#6559,#1348);
#1003=LINE('',#6561,#1349);
#1004=LINE('',#6563,#1350);
#1005=LINE('',#6565,#1351);
#1006=LINE('',#6567,#1352);
#1007=LINE('',#6569,#1353);
#1008=LINE('',#6571,#1354);
#1009=LINE('',#6573,#1355);
#1010=LINE('',#6575,#1356);
#1011=LINE('',#6577,#1357);
#1012=LINE('',#6579,#1358);
#1013=LINE('',#6583,#1359);
#1014=LINE('',#6585,#1360);
#1015=LINE('',#6586,#1361);
#1016=LINE('',#6589,#1362);
#1017=LINE('',#6590,#1363);
#1018=LINE('',#6593,#1364);
#1019=LINE('',#6594,#1365);
#1020=LINE('',#6596,#1366);
#1021=LINE('',#6600,#1367);
#1022=LINE('',#6602,#1368);
#1023=LINE('',#6603,#1369);
#1024=LINE('',#6606,#1370);
#1025=LINE('',#6607,#1371);
#1026=LINE('',#6610,#1372);
#1027=LINE('',#6611,#1373);
#1028=LINE('',#6613,#1374);
#1029=LINE('',#6616,#1375);
#1030=LINE('',#6618,#1376);
#1031=LINE('',#6620,#1377);
#1032=LINE('',#6622,#1378);
#1033=VECTOR('',#4315,2.5);
#1034=VECTOR('',#4328,10.);
#1035=VECTOR('',#4335,10.);
#1036=VECTOR('',#4344,10.);
#1037=VECTOR('',#4353,10.);
#1038=VECTOR('',#4370,10.);
#1039=VECTOR('',#4371,10.);
#1040=VECTOR('',#4374,10.);
#1041=VECTOR('',#4377,10.);
#1042=VECTOR('',#4380,10.);
#1043=VECTOR('',#4383,10.);
#1044=VECTOR('',#4384,10.);
#1045=VECTOR('',#4385,10.);
#1046=VECTOR('',#4388,10.);
#1047=VECTOR('',#4391,10.);
#1048=VECTOR('',#4394,10.);
#1049=VECTOR('',#4397,10.);
#1050=VECTOR('',#4398,10.);
#1051=VECTOR('',#4399,10.);
#1052=VECTOR('',#4402,10.);
#1053=VECTOR('',#4405,10.);
#1054=VECTOR('',#4408,10.);
#1055=VECTOR('',#4411,10.);
#1056=VECTOR('',#4412,10.);
#1057=VECTOR('',#4413,10.);
#1058=VECTOR('',#4416,10.);
#1059=VECTOR('',#4419,10.);
#1060=VECTOR('',#4420,10.);
#1061=VECTOR('',#4421,10.);
#1062=VECTOR('',#4424,10.);
#1063=VECTOR('',#4427,10.);
#1064=VECTOR('',#4430,10.);
#1065=VECTOR('',#4433,10.);
#1066=VECTOR('',#4434,10.);
#1067=VECTOR('',#4435,10.);
#1068=VECTOR('',#4438,10.);
#1069=VECTOR('',#4441,10.);
#1070=VECTOR('',#4442,10.);
#1071=VECTOR('',#4443,10.);
#1072=VECTOR('',#4446,10.);
#1073=VECTOR('',#4447,10.);
#1074=VECTOR('',#4450,10.);
#1075=VECTOR('',#4453,10.);
#1076=VECTOR('',#4456,10.);
#1077=VECTOR('',#4457,10.);
#1078=VECTOR('',#4458,10.);
#1079=VECTOR('',#4461,10.);
#1080=VECTOR('',#4464,10.);
#1081=VECTOR('',#4467,10.);
#1082=VECTOR('',#4468,10.);
#1083=VECTOR('',#4469,10.);
#1084=VECTOR('',#4472,10.);
#1085=VECTOR('',#4475,10.);
#1086=VECTOR('',#4478,10.);
#1087=VECTOR('',#4481,10.);
#1088=VECTOR('',#4482,10.);
#1089=VECTOR('',#4483,10.);
#1090=VECTOR('',#4486,10.);
#1091=VECTOR('',#4489,10.);
#1092=VECTOR('',#4492,10.);
#1093=VECTOR('',#4495,10.);
#1094=VECTOR('',#4496,10.);
#1095=VECTOR('',#4497,10.);
#1096=VECTOR('',#4500,10.);
#1097=VECTOR('',#4503,10.);
#1098=VECTOR('',#4504,10.);
#1099=VECTOR('',#4505,10.);
#1100=VECTOR('',#4508,10.);
#1101=VECTOR('',#4511,10.);
#1102=VECTOR('',#4514,10.);
#1103=VECTOR('',#4517,10.);
#1104=VECTOR('',#4518,10.);
#1105=VECTOR('',#4519,10.);
#1106=VECTOR('',#4522,10.);
#1107=VECTOR('',#4525,10.);
#1108=VECTOR('',#4526,10.);
#1109=VECTOR('',#4527,10.);
#1110=VECTOR('',#4528,10.);
#1111=VECTOR('',#4529,10.);
#1112=VECTOR('',#4530,10.);
#1113=VECTOR('',#4531,10.);
#1114=VECTOR('',#4532,10.);
#1115=VECTOR('',#4533,10.);
#1116=VECTOR('',#4544,2.);
#1117=VECTOR('',#4549,2.5);
#1118=VECTOR('',#4556,2.);
#1119=VECTOR('',#4561,2.5);
#1120=VECTOR('',#4568,2.);
#1121=VECTOR('',#4573,2.5);
#1122=VECTOR('',#4580,2.);
#1123=VECTOR('',#4585,2.5);
#1124=VECTOR('',#4592,2.);
#1125=VECTOR('',#4597,2.5);
#1126=VECTOR('',#4604,2.);
#1127=VECTOR('',#4609,2.5);
#1128=VECTOR('',#4616,2.);
#1129=VECTOR('',#4621,2.5);
#1130=VECTOR('',#4628,2.);
#1131=VECTOR('',#4633,2.5);
#1132=VECTOR('',#4640,2.);
#1133=VECTOR('',#4645,2.5);
#1134=VECTOR('',#4652,2.);
#1135=VECTOR('',#4659,2.5);
#1136=VECTOR('',#4664,10.);
#1137=VECTOR('',#4671,10.);
#1138=VECTOR('',#4678,10.);
#1139=VECTOR('',#4685,10.);
#1140=VECTOR('',#4702,10.);
#1141=VECTOR('',#4703,10.);
#1142=VECTOR('',#4706,10.);
#1143=VECTOR('',#4709,10.);
#1144=VECTOR('',#4710,10.);
#1145=VECTOR('',#4711,10.);
#1146=VECTOR('',#4714,10.);
#1147=VECTOR('',#4717,10.);
#1148=VECTOR('',#4720,10.);
#1149=VECTOR('',#4723,10.);
#1150=VECTOR('',#4724,10.);
#1151=VECTOR('',#4725,10.);
#1152=VECTOR('',#4728,10.);
#1153=VECTOR('',#4731,10.);
#1154=VECTOR('',#4732,10.);
#1155=VECTOR('',#4733,10.);
#1156=VECTOR('',#4736,10.);
#1157=VECTOR('',#4739,10.);
#1158=VECTOR('',#4742,10.);
#1159=VECTOR('',#4745,10.);
#1160=VECTOR('',#4746,10.);
#1161=VECTOR('',#4747,10.);
#1162=VECTOR('',#4750,10.);
#1163=VECTOR('',#4753,10.);
#1164=VECTOR('',#4756,10.);
#1165=VECTOR('',#4759,10.);
#1166=VECTOR('',#4760,10.);
#1167=VECTOR('',#4761,10.);
#1168=VECTOR('',#4764,10.);
#1169=VECTOR('',#4767,10.);
#1170=VECTOR('',#4770,10.);
#1171=VECTOR('',#4771,10.);
#1172=VECTOR('',#4772,10.);
#1173=VECTOR('',#4775,10.);
#1174=VECTOR('',#4778,10.);
#1175=VECTOR('',#4781,10.);
#1176=VECTOR('',#4782,10.);
#1177=VECTOR('',#4785,10.);
#1178=VECTOR('',#4786,10.);
#1179=VECTOR('',#4787,10.);
#1180=VECTOR('',#4790,10.);
#1181=VECTOR('',#4793,10.);
#1182=VECTOR('',#4794,10.);
#1183=VECTOR('',#4795,10.);
#1184=VECTOR('',#4798,10.);
#1185=VECTOR('',#4801,10.);
#1186=VECTOR('',#4804,10.);
#1187=VECTOR('',#4807,10.);
#1188=VECTOR('',#4808,10.);
#1189=VECTOR('',#4809,10.);
#1190=VECTOR('',#4812,10.);
#1191=VECTOR('',#4815,10.);
#1192=VECTOR('',#4816,10.);
#1193=VECTOR('',#4817,10.);
#1194=VECTOR('',#4820,10.);
#1195=VECTOR('',#4823,10.);
#1196=VECTOR('',#4826,10.);
#1197=VECTOR('',#4829,10.);
#1198=VECTOR('',#4830,10.);
#1199=VECTOR('',#4831,10.);
#1200=VECTOR('',#4834,10.);
#1201=VECTOR('',#4837,10.);
#1202=VECTOR('',#4840,10.);
#1203=VECTOR('',#4843,10.);
#1204=VECTOR('',#4844,10.);
#1205=VECTOR('',#4845,10.);
#1206=VECTOR('',#4848,10.);
#1207=VECTOR('',#4851,10.);
#1208=VECTOR('',#4854,10.);
#1209=VECTOR('',#4857,10.);
#1210=VECTOR('',#4864,2.);
#1211=VECTOR('',#4867,2.5);
#1212=VECTOR('',#4874,2.);
#1213=VECTOR('',#4877,2.5);
#1214=VECTOR('',#4884,2.);
#1215=VECTOR('',#4897,10.);
#1216=VECTOR('',#4924,10.);
#1217=VECTOR('',#4951,10.);
#1218=VECTOR('',#4976,10.);
#1219=VECTOR('',#4991,10.);
#1220=VECTOR('',#4992,10.);
#1221=VECTOR('',#4995,10.);
#1222=VECTOR('',#4998,10.);
#1223=VECTOR('',#5001,10.);
#1224=VECTOR('',#5004,10.);
#1225=VECTOR('',#5007,10.);
#1226=VECTOR('',#5010,10.);
#1227=VECTOR('',#5013,10.);
#1228=VECTOR('',#5016,10.);
#1229=VECTOR('',#5017,10.);
#1230=VECTOR('',#5020,10.);
#1231=VECTOR('',#5023,10.);
#1232=VECTOR('',#5024,10.);
#1233=VECTOR('',#5031,10.);
#1234=VECTOR('',#5034,10.);
#1235=VECTOR('',#5041,2.375);
#1236=VECTOR('',#5048,1.75);
#1237=VECTOR('',#5053,2.375);
#1238=VECTOR('',#5060,1.75);
#1239=VECTOR('',#5065,2.375);
#1240=VECTOR('',#5072,1.75);
#1241=VECTOR('',#5077,2.375);
#1242=VECTOR('',#5084,1.75);
#1243=VECTOR('',#5089,3.5);
#1244=VECTOR('',#5096,3.5);
#1245=VECTOR('',#5103,3.5);
#1246=VECTOR('',#5108,10.);
#1247=VECTOR('',#5109,10.);
#1248=VECTOR('',#5112,10.);
#1249=VECTOR('',#5115,10.);
#1250=VECTOR('',#5118,10.);
#1251=VECTOR('',#5121,10.);
#1252=VECTOR('',#5124,10.);
#1253=VECTOR('',#5127,10.);
#1254=VECTOR('',#5130,10.);
#1255=VECTOR('',#5133,10.);
#1256=VECTOR('',#5136,10.);
#1257=VECTOR('',#5139,10.);
#1258=VECTOR('',#5142,10.);
#1259=VECTOR('',#5145,10.);
#1260=VECTOR('',#5148,10.);
#1261=VECTOR('',#5151,10.);
#1262=VECTOR('',#5154,10.);
#1263=VECTOR('',#5157,10.);
#1264=VECTOR('',#5160,10.);
#1265=VECTOR('',#5163,10.);
#1266=VECTOR('',#5168,10.);
#1267=VECTOR('',#5169,10.);
#1268=VECTOR('',#5172,10.);
#1269=VECTOR('',#5175,10.);
#1270=VECTOR('',#5178,10.);
#1271=VECTOR('',#5181,10.);
#1272=VECTOR('',#5184,10.);
#1273=VECTOR('',#5187,10.);
#1274=VECTOR('',#5190,10.);
#1275=VECTOR('',#5193,10.);
#1276=VECTOR('',#5196,10.);
#1277=VECTOR('',#5199,10.);
#1278=VECTOR('',#5202,10.);
#1279=VECTOR('',#5205,10.);
#1280=VECTOR('',#5208,10.);
#1281=VECTOR('',#5211,10.);
#1282=VECTOR('',#5214,10.);
#1283=VECTOR('',#5217,10.);
#1284=VECTOR('',#5220,10.);
#1285=VECTOR('',#5223,10.);
#1286=VECTOR('',#5226,10.);
#1287=VECTOR('',#5229,10.);
#1288=VECTOR('',#5232,10.);
#1289=VECTOR('',#5235,10.);
#1290=VECTOR('',#5238,10.);
#1291=VECTOR('',#5241,10.);
#1292=VECTOR('',#5244,10.);
#1293=VECTOR('',#5247,10.);
#1294=VECTOR('',#5250,10.);
#1295=VECTOR('',#5253,10.);
#1296=VECTOR('',#5256,10.);
#1297=VECTOR('',#5259,10.);
#1298=VECTOR('',#5264,10.);
#1299=VECTOR('',#5265,10.);
#1300=VECTOR('',#5268,10.);
#1301=VECTOR('',#5271,10.);
#1302=VECTOR('',#5274,10.);
#1303=VECTOR('',#5277,10.);
#1304=VECTOR('',#5280,10.);
#1305=VECTOR('',#5283,10.);
#1306=VECTOR('',#5286,10.);
#1307=VECTOR('',#5289,10.);
#1308=VECTOR('',#5292,10.);
#1309=VECTOR('',#5295,10.);
#1310=VECTOR('',#5298,10.);
#1311=VECTOR('',#5301,10.);
#1312=VECTOR('',#5304,10.);
#1313=VECTOR('',#5307,10.);
#1314=VECTOR('',#5310,10.);
#1315=VECTOR('',#5313,10.);
#1316=VECTOR('',#5316,10.);
#1317=VECTOR('',#5319,10.);
#1318=VECTOR('',#5322,10.);
#1319=VECTOR('',#5325,10.);
#1320=VECTOR('',#5328,10.);
#1321=VECTOR('',#5331,10.);
#1322=VECTOR('',#5334,10.);
#1323=VECTOR('',#5337,10.);
#1324=VECTOR('',#5340,10.);
#1325=VECTOR('',#5343,10.);
#1326=VECTOR('',#5346,10.);
#1327=VECTOR('',#5351,10.);
#1328=VECTOR('',#5352,10.);
#1329=VECTOR('',#5355,10.);
#1330=VECTOR('',#5358,10.);
#1331=VECTOR('',#5361,10.);
#1332=VECTOR('',#5364,10.);
#1333=VECTOR('',#5367,10.);
#1334=VECTOR('',#5370,10.);
#1335=VECTOR('',#5373,10.);
#1336=VECTOR('',#5376,10.);
#1337=VECTOR('',#5379,10.);
#1338=VECTOR('',#5382,10.);
#1339=VECTOR('',#5385,10.);
#1340=VECTOR('',#5388,10.);
#1341=VECTOR('',#5391,10.);
#1342=VECTOR('',#5394,10.);
#1343=VECTOR('',#5397,10.);
#1344=VECTOR('',#5400,10.);
#1345=VECTOR('',#5403,10.);
#1346=VECTOR('',#5406,10.);
#1347=VECTOR('',#5409,10.);
#1348=VECTOR('',#5412,10.);
#1349=VECTOR('',#5415,10.);
#1350=VECTOR('',#5418,10.);
#1351=VECTOR('',#5421,10.);
#1352=VECTOR('',#5424,10.);
#1353=VECTOR('',#5427,10.);
#1354=VECTOR('',#5430,10.);
#1355=VECTOR('',#5433,10.);
#1356=VECTOR('',#5436,10.);
#1357=VECTOR('',#5439,10.);
#1358=VECTOR('',#5442,10.);
#1359=VECTOR('',#5447,10.);
#1360=VECTOR('',#5448,10.);
#1361=VECTOR('',#5449,10.);
#1362=VECTOR('',#5452,10.);
#1363=VECTOR('',#5453,10.);
#1364=VECTOR('',#5456,10.);
#1365=VECTOR('',#5457,10.);
#1366=VECTOR('',#5460,10.);
#1367=VECTOR('',#5465,10.);
#1368=VECTOR('',#5466,10.);
#1369=VECTOR('',#5467,10.);
#1370=VECTOR('',#5470,10.);
#1371=VECTOR('',#5471,10.);
#1372=VECTOR('',#5474,10.);
#1373=VECTOR('',#5475,10.);
#1374=VECTOR('',#5478,10.);
#1375=VECTOR('',#5483,3.);
#1376=VECTOR('',#5486,3.);
#1377=VECTOR('',#5489,3.);
#1378=VECTOR('',#5492,3.);
#1379=CIRCLE('',#3892,3.);
#1380=CIRCLE('',#3893,2.);
#1381=CIRCLE('',#3894,2.);
#1382=CIRCLE('',#3896,5.);
#1383=CIRCLE('',#3897,3.);
#1384=CIRCLE('',#3898,5.);
#1385=CIRCLE('',#3899,5.);
#1386=CIRCLE('',#3900,3.);
#1387=CIRCLE('',#3901,5.);
#1388=CIRCLE('',#3902,5.);
#1389=CIRCLE('',#3903,3.);
#1390=CIRCLE('',#3904,3.);
#1391=CIRCLE('',#3905,5.);
#1392=CIRCLE('',#3906,5.);
#1393=CIRCLE('',#3907,3.);
#1394=CIRCLE('',#3908,3.);
#1395=CIRCLE('',#3909,5.);
#1396=CIRCLE('',#3910,3.);
#1397=CIRCLE('',#3911,3.);
#1398=CIRCLE('',#3912,3.);
#1399=CIRCLE('',#3913,3.);
#1400=CIRCLE('',#3914,3.);
#1401=CIRCLE('',#3915,3.5);
#1402=CIRCLE('',#3916,3.5);
#1403=CIRCLE('',#3917,3.5);
#1404=CIRCLE('',#3918,1.);
#1405=CIRCLE('',#3919,1.);
#1406=CIRCLE('',#3920,1.);
#1407=CIRCLE('',#3921,1.);
#1408=CIRCLE('',#3922,1.);
#1409=CIRCLE('',#3923,1.);
#1410=CIRCLE('',#3924,1.);
#1411=CIRCLE('',#3925,1.);
#1412=CIRCLE('',#3926,0.999999999999992);
#1413=CIRCLE('',#3927,0.999999999999988);
#1414=CIRCLE('',#3928,0.999999999999992);
#1415=CIRCLE('',#3929,0.999999999999992);
#1416=CIRCLE('',#3930,1.00000000000001);
#1417=CIRCLE('',#3931,1.00000000000001);
#1418=CIRCLE('',#3932,0.999999999999992);
#1419=CIRCLE('',#3933,0.999999999999992);
#1420=CIRCLE('',#3934,0.999999999999988);
#1421=CIRCLE('',#3935,0.999999999999992);
#1422=CIRCLE('',#3936,1.00000000000001);
#1423=CIRCLE('',#3937,1.00000000000001);
#1424=CIRCLE('',#3938,1.);
#1425=CIRCLE('',#3939,1.);
#1426=CIRCLE('',#3940,1.);
#1427=CIRCLE('',#3941,1.);
#1428=CIRCLE('',#3942,1.);
#1429=CIRCLE('',#3943,1.);
#1430=CIRCLE('',#3944,1.);
#1431=CIRCLE('',#3945,0.999999999999996);
#1432=CIRCLE('',#3946,0.999999999999996);
#1433=CIRCLE('',#3947,1.00000000000001);
#1434=CIRCLE('',#3948,1.00000000000001);
#1435=CIRCLE('',#3949,0.999999999999992);
#1436=CIRCLE('',#3950,0.999999999999988);
#1437=CIRCLE('',#3951,0.999999999999992);
#1438=CIRCLE('',#3952,0.999999999999992);
#1439=CIRCLE('',#3953,0.999999999999992);
#1440=CIRCLE('',#3954,0.999999999999992);
#1441=CIRCLE('',#3955,0.999999999999992);
#1442=CIRCLE('',#3956,0.999999999999992);
#1443=CIRCLE('',#3957,0.999999999999988);
#1444=CIRCLE('',#3958,0.999999999999992);
#1445=CIRCLE('',#3959,1.00000000000001);
#1446=CIRCLE('',#3960,1.00000000000001);
#1447=CIRCLE('',#3961,3.);
#1448=CIRCLE('',#3962,3.);
#1449=CIRCLE('',#3963,3.);
#1450=CIRCLE('',#3964,3.);
#1451=CIRCLE('',#3966,2.);
#1452=CIRCLE('',#3968,2.);
#1453=CIRCLE('',#3969,2.);
#1454=CIRCLE('',#3971,2.);
#1455=CIRCLE('',#3973,2.);
#1456=CIRCLE('',#3974,2.);
#1457=CIRCLE('',#3976,2.);
#1458=CIRCLE('',#3978,2.);
#1459=CIRCLE('',#3979,2.);
#1460=CIRCLE('',#3981,2.);
#1461=CIRCLE('',#3983,2.);
#1462=CIRCLE('',#3984,2.);
#1463=CIRCLE('',#3986,2.);
#1464=CIRCLE('',#3988,2.);
#1465=CIRCLE('',#3989,2.);
#1466=CIRCLE('',#3991,2.);
#1467=CIRCLE('',#3993,2.);
#1468=CIRCLE('',#3994,2.);
#1469=CIRCLE('',#3996,2.);
#1470=CIRCLE('',#3998,2.);
#1471=CIRCLE('',#3999,2.);
#1472=CIRCLE('',#4001,2.);
#1473=CIRCLE('',#4003,2.);
#1474=CIRCLE('',#4004,2.);
#1475=CIRCLE('',#4006,2.);
#1476=CIRCLE('',#4008,2.);
#1477=CIRCLE('',#4009,2.);
#1478=CIRCLE('',#4011,2.);
#1479=CIRCLE('',#4013,3.);
#1480=CIRCLE('',#4014,2.);
#1481=CIRCLE('',#4016,4.);
#1482=CIRCLE('',#4017,4.);
#1483=CIRCLE('',#4018,4.);
#1484=CIRCLE('',#4019,4.);
#1485=CIRCLE('',#4020,4.);
#1486=CIRCLE('',#4021,4.);
#1487=CIRCLE('',#4022,4.);
#1488=CIRCLE('',#4023,4.);
#1489=CIRCLE('',#4024,4.);
#1490=CIRCLE('',#4025,4.);
#1491=CIRCLE('',#4026,4.);
#1492=CIRCLE('',#4027,4.);
#1493=CIRCLE('',#4028,3.);
#1494=CIRCLE('',#4029,1.75);
#1495=CIRCLE('',#4030,1.75);
#1496=CIRCLE('',#4031,1.75);
#1497=CIRCLE('',#4032,1.75);
#1498=CIRCLE('',#4033,1.00000000000001);
#1499=CIRCLE('',#4034,1.00000000000001);
#1500=CIRCLE('',#4035,0.999999999999992);
#1501=CIRCLE('',#4036,0.999999999999988);
#1502=CIRCLE('',#4037,0.999999999999992);
#1503=CIRCLE('',#4038,0.999999999999992);
#1504=CIRCLE('',#4039,0.999999999999992);
#1505=CIRCLE('',#4040,0.999999999999992);
#1506=CIRCLE('',#4041,0.999999999999992);
#1507=CIRCLE('',#4042,0.999999999999992);
#1508=CIRCLE('',#4043,0.999999999999988);
#1509=CIRCLE('',#4044,0.999999999999992);
#1510=CIRCLE('',#4045,1.00000000000001);
#1511=CIRCLE('',#4046,1.00000000000001);
#1512=CIRCLE('',#4047,0.999999999999996);
#1513=CIRCLE('',#4048,0.999999999999996);
#1514=CIRCLE('',#4049,1.);
#1515=CIRCLE('',#4050,1.);
#1516=CIRCLE('',#4051,1.);
#1517=CIRCLE('',#4052,1.);
#1518=CIRCLE('',#4053,1.);
#1519=CIRCLE('',#4054,1.);
#1520=CIRCLE('',#4055,1.);
#1521=CIRCLE('',#4056,1.00000000000001);
#1522=CIRCLE('',#4057,1.00000000000001);
#1523=CIRCLE('',#4058,0.999999999999992);
#1524=CIRCLE('',#4059,0.999999999999988);
#1525=CIRCLE('',#4060,0.999999999999992);
#1526=CIRCLE('',#4061,0.999999999999992);
#1527=CIRCLE('',#4062,1.00000000000001);
#1528=CIRCLE('',#4063,1.00000000000001);
#1529=CIRCLE('',#4064,0.999999999999992);
#1530=CIRCLE('',#4065,0.999999999999992);
#1531=CIRCLE('',#4066,0.999999999999988);
#1532=CIRCLE('',#4067,0.999999999999992);
#1533=CIRCLE('',#4068,1.);
#1534=CIRCLE('',#4069,1.);
#1535=CIRCLE('',#4070,1.);
#1536=CIRCLE('',#4071,1.);
#1537=CIRCLE('',#4072,1.);
#1538=CIRCLE('',#4073,1.);
#1539=CIRCLE('',#4074,1.);
#1540=CIRCLE('',#4075,1.);
#1541=CIRCLE('',#4076,3.);
#1542=CIRCLE('',#4078,2.);
#1543=CIRCLE('',#4080,2.);
#1544=CIRCLE('',#4082,2.);
#1545=CIRCLE('',#4084,2.);
#1546=CIRCLE('',#4086,2.);
#1547=CIRCLE('',#4088,1.00000000000001);
#1548=CIRCLE('',#4089,1.);
#1549=CIRCLE('',#4090,4.);
#1550=CIRCLE('',#4092,1.);
#1551=CIRCLE('',#4094,1.);
#1552=CIRCLE('',#4095,4.);
#1553=CIRCLE('',#4097,1.);
#1554=CIRCLE('',#4098,4.);
#1555=CIRCLE('',#4099,3.);
#1556=CIRCLE('',#4100,3.);
#1557=CIRCLE('',#4102,1.);
#1558=CIRCLE('',#4103,4.);
#1559=CIRCLE('',#4105,1.);
#1560=CIRCLE('',#4107,1.);
#1561=CIRCLE('',#4108,4.);
#1562=CIRCLE('',#4110,1.);
#1563=CIRCLE('',#4111,4.);
#1564=CIRCLE('',#4112,3.);
#1565=CIRCLE('',#4113,3.);
#1566=CIRCLE('',#4115,1.);
#1567=CIRCLE('',#4116,4.);
#1568=CIRCLE('',#4118,1.);
#1569=CIRCLE('',#4120,1.);
#1570=CIRCLE('',#4121,4.);
#1571=CIRCLE('',#4123,1.);
#1572=CIRCLE('',#4124,4.);
#1573=CIRCLE('',#4125,3.);
#1574=CIRCLE('',#4127,1.);
#1575=CIRCLE('',#4128,4.);
#1576=CIRCLE('',#4130,1.);
#1577=CIRCLE('',#4132,1.);
#1578=CIRCLE('',#4133,4.);
#1579=CIRCLE('',#4135,4.);
#1580=CIRCLE('',#4136,3.);
#1581=CIRCLE('',#4154,1.75);
#1582=CIRCLE('',#4155,3.);
#1583=CIRCLE('',#4156,3.);
#1584=CIRCLE('',#4159,1.75);
#1585=CIRCLE('',#4160,3.);
#1586=CIRCLE('',#4161,3.);
#1587=CIRCLE('',#4164,1.75);
#1588=CIRCLE('',#4165,3.);
#1589=CIRCLE('',#4166,3.);
#1590=CIRCLE('',#4169,1.75);
#1591=CIRCLE('',#4170,3.);
#1592=CIRCLE('',#4171,3.);
#1593=CIRCLE('',#4174,3.5);
#1594=CIRCLE('',#4177,3.5);
#1595=CIRCLE('',#4180,3.5);
#1596=VERTEX_POINT('',#5495);
#1597=VERTEX_POINT('',#5497);
#1598=VERTEX_POINT('',#5499);
#1599=VERTEX_POINT('',#5503);
#1600=VERTEX_POINT('',#5504);
#1601=VERTEX_POINT('',#5506);
#1602=VERTEX_POINT('',#5508);
#1603=VERTEX_POINT('',#5510);
#1604=VERTEX_POINT('',#5512);
#1605=VERTEX_POINT('',#5514);
#1606=VERTEX_POINT('',#5516);
#1607=VERTEX_POINT('',#5518);
#1608=VERTEX_POINT('',#5520);
#1609=VERTEX_POINT('',#5522);
#1610=VERTEX_POINT('',#5524);
#1611=VERTEX_POINT('',#5526);
#1612=VERTEX_POINT('',#5528);
#1613=VERTEX_POINT('',#5530);
#1614=VERTEX_POINT('',#5532);
#1615=VERTEX_POINT('',#5534);
#1616=VERTEX_POINT('',#5536);
#1617=VERTEX_POINT('',#5539);
#1618=VERTEX_POINT('',#5541);
#1619=VERTEX_POINT('',#5543);
#1620=VERTEX_POINT('',#5545);
#1621=VERTEX_POINT('',#5547);
#1622=VERTEX_POINT('',#5549);
#1623=VERTEX_POINT('',#5551);
#1624=VERTEX_POINT('',#5553);
#1625=VERTEX_POINT('',#5555);
#1626=VERTEX_POINT('',#5556);
#1627=VERTEX_POINT('',#5558);
#1628=VERTEX_POINT('',#5560);
#1629=VERTEX_POINT('',#5562);
#1630=VERTEX_POINT('',#5564);
#1631=VERTEX_POINT('',#5566);
#1632=VERTEX_POINT('',#5568);
#1633=VERTEX_POINT('',#5570);
#1634=VERTEX_POINT('',#5572);
#1635=VERTEX_POINT('',#5574);
#1636=VERTEX_POINT('',#5576);
#1637=VERTEX_POINT('',#5578);
#1638=VERTEX_POINT('',#5580);
#1639=VERTEX_POINT('',#5582);
#1640=VERTEX_POINT('',#5584);
#1641=VERTEX_POINT('',#5586);
#1642=VERTEX_POINT('',#5588);
#1643=VERTEX_POINT('',#5590);
#1644=VERTEX_POINT('',#5592);
#1645=VERTEX_POINT('',#5595);
#1646=VERTEX_POINT('',#5596);
#1647=VERTEX_POINT('',#5598);
#1648=VERTEX_POINT('',#5600);
#1649=VERTEX_POINT('',#5602);
#1650=VERTEX_POINT('',#5604);
#1651=VERTEX_POINT('',#5606);
#1652=VERTEX_POINT('',#5608);
#1653=VERTEX_POINT('',#5610);
#1654=VERTEX_POINT('',#5612);
#1655=VERTEX_POINT('',#5614);
#1656=VERTEX_POINT('',#5616);
#1657=VERTEX_POINT('',#5618);
#1658=VERTEX_POINT('',#5620);
#1659=VERTEX_POINT('',#5622);
#1660=VERTEX_POINT('',#5624);
#1661=VERTEX_POINT('',#5626);
#1662=VERTEX_POINT('',#5628);
#1663=VERTEX_POINT('',#5630);
#1664=VERTEX_POINT('',#5632);
#1665=VERTEX_POINT('',#5634);
#1666=VERTEX_POINT('',#5636);
#1667=VERTEX_POINT('',#5638);
#1668=VERTEX_POINT('',#5640);
#1669=VERTEX_POINT('',#5642);
#1670=VERTEX_POINT('',#5644);
#1671=VERTEX_POINT('',#5646);
#1672=VERTEX_POINT('',#5648);
#1673=VERTEX_POINT('',#5650);
#1674=VERTEX_POINT('',#5652);
#1675=VERTEX_POINT('',#5654);
#1676=VERTEX_POINT('',#5656);
#1677=VERTEX_POINT('',#5659);
#1678=VERTEX_POINT('',#5660);
#1679=VERTEX_POINT('',#5662);
#1680=VERTEX_POINT('',#5664);
#1681=VERTEX_POINT('',#5666);
#1682=VERTEX_POINT('',#5668);
#1683=VERTEX_POINT('',#5670);
#1684=VERTEX_POINT('',#5672);
#1685=VERTEX_POINT('',#5674);
#1686=VERTEX_POINT('',#5676);
#1687=VERTEX_POINT('',#5678);
#1688=VERTEX_POINT('',#5680);
#1689=VERTEX_POINT('',#5682);
#1690=VERTEX_POINT('',#5684);
#1691=VERTEX_POINT('',#5686);
#1692=VERTEX_POINT('',#5688);
#1693=VERTEX_POINT('',#5690);
#1694=VERTEX_POINT('',#5692);
#1695=VERTEX_POINT('',#5694);
#1696=VERTEX_POINT('',#5696);
#1697=VERTEX_POINT('',#5698);
#1698=VERTEX_POINT('',#5700);
#1699=VERTEX_POINT('',#5702);
#1700=VERTEX_POINT('',#5704);
#1701=VERTEX_POINT('',#5706);
#1702=VERTEX_POINT('',#5708);
#1703=VERTEX_POINT('',#5710);
#1704=VERTEX_POINT('',#5712);
#1705=VERTEX_POINT('',#5714);
#1706=VERTEX_POINT('',#5717);
#1707=VERTEX_POINT('',#5718);
#1708=VERTEX_POINT('',#5720);
#1709=VERTEX_POINT('',#5722);
#1710=VERTEX_POINT('',#5724);
#1711=VERTEX_POINT('',#5726);
#1712=VERTEX_POINT('',#5728);
#1713=VERTEX_POINT('',#5730);
#1714=VERTEX_POINT('',#5732);
#1715=VERTEX_POINT('',#5734);
#1716=VERTEX_POINT('',#5736);
#1717=VERTEX_POINT('',#5738);
#1718=VERTEX_POINT('',#5740);
#1719=VERTEX_POINT('',#5742);
#1720=VERTEX_POINT('',#5744);
#1721=VERTEX_POINT('',#5746);
#1722=VERTEX_POINT('',#5748);
#1723=VERTEX_POINT('',#5750);
#1724=VERTEX_POINT('',#5752);
#1725=VERTEX_POINT('',#5754);
#1726=VERTEX_POINT('',#5756);
#1727=VERTEX_POINT('',#5758);
#1728=VERTEX_POINT('',#5760);
#1729=VERTEX_POINT('',#5762);
#1730=VERTEX_POINT('',#5764);
#1731=VERTEX_POINT('',#5766);
#1732=VERTEX_POINT('',#5768);
#1733=VERTEX_POINT('',#5770);
#1734=VERTEX_POINT('',#5772);
#1735=VERTEX_POINT('',#5774);
#1736=VERTEX_POINT('',#5776);
#1737=VERTEX_POINT('',#5778);
#1738=VERTEX_POINT('',#5781);
#1739=VERTEX_POINT('',#5782);
#1740=VERTEX_POINT('',#5784);
#1741=VERTEX_POINT('',#5786);
#1742=VERTEX_POINT('',#5789);
#1743=VERTEX_POINT('',#5790);
#1744=VERTEX_POINT('',#5792);
#1745=VERTEX_POINT('',#5794);
#1746=VERTEX_POINT('',#5797);
#1747=VERTEX_POINT('',#5799);
#1748=VERTEX_POINT('',#5801);
#1749=VERTEX_POINT('',#5803);
#1750=VERTEX_POINT('',#5806);
#1751=VERTEX_POINT('',#5810);
#1752=VERTEX_POINT('',#5812);
#1753=VERTEX_POINT('',#5816);
#1754=VERTEX_POINT('',#5820);
#1755=VERTEX_POINT('',#5822);
#1756=VERTEX_POINT('',#5826);
#1757=VERTEX_POINT('',#5830);
#1758=VERTEX_POINT('',#5832);
#1759=VERTEX_POINT('',#5836);
#1760=VERTEX_POINT('',#5840);
#1761=VERTEX_POINT('',#5842);
#1762=VERTEX_POINT('',#5846);
#1763=VERTEX_POINT('',#5850);
#1764=VERTEX_POINT('',#5852);
#1765=VERTEX_POINT('',#5856);
#1766=VERTEX_POINT('',#5860);
#1767=VERTEX_POINT('',#5862);
#1768=VERTEX_POINT('',#5866);
#1769=VERTEX_POINT('',#5870);
#1770=VERTEX_POINT('',#5872);
#1771=VERTEX_POINT('',#5876);
#1772=VERTEX_POINT('',#5880);
#1773=VERTEX_POINT('',#5882);
#1774=VERTEX_POINT('',#5886);
#1775=VERTEX_POINT('',#5890);
#1776=VERTEX_POINT('',#5892);
#1777=VERTEX_POINT('',#5896);
#1778=VERTEX_POINT('',#5900);
#1779=VERTEX_POINT('',#5902);
#1780=VERTEX_POINT('',#5906);
#1781=VERTEX_POINT('',#5907);
#1782=VERTEX_POINT('',#5909);
#1783=VERTEX_POINT('',#5911);
#1784=VERTEX_POINT('',#5913);
#1785=VERTEX_POINT('',#5915);
#1786=VERTEX_POINT('',#5917);
#1787=VERTEX_POINT('',#5919);
#1788=VERTEX_POINT('',#5921);
#1789=VERTEX_POINT('',#5923);
#1790=VERTEX_POINT('',#5925);
#1791=VERTEX_POINT('',#5927);
#1792=VERTEX_POINT('',#5929);
#1793=VERTEX_POINT('',#5931);
#1794=VERTEX_POINT('',#5933);
#1795=VERTEX_POINT('',#5935);
#1796=VERTEX_POINT('',#5938);
#1797=VERTEX_POINT('',#5940);
#1798=VERTEX_POINT('',#5942);
#1799=VERTEX_POINT('',#5944);
#1800=VERTEX_POINT('',#5946);
#1801=VERTEX_POINT('',#5948);
#1802=VERTEX_POINT('',#5949);
#1803=VERTEX_POINT('',#5951);
#1804=VERTEX_POINT('',#5953);
#1805=VERTEX_POINT('',#5955);
#1806=VERTEX_POINT('',#5957);
#1807=VERTEX_POINT('',#5959);
#1808=VERTEX_POINT('',#5961);
#1809=VERTEX_POINT('',#5963);
#1810=VERTEX_POINT('',#5965);
#1811=VERTEX_POINT('',#5967);
#1812=VERTEX_POINT('',#5969);
#1813=VERTEX_POINT('',#5971);
#1814=VERTEX_POINT('',#5973);
#1815=VERTEX_POINT('',#5975);
#1816=VERTEX_POINT('',#5977);
#1817=VERTEX_POINT('',#5979);
#1818=VERTEX_POINT('',#5981);
#1819=VERTEX_POINT('',#5983);
#1820=VERTEX_POINT('',#5985);
#1821=VERTEX_POINT('',#5987);
#1822=VERTEX_POINT('',#5989);
#1823=VERTEX_POINT('',#5991);
#1824=VERTEX_POINT('',#5993);
#1825=VERTEX_POINT('',#5995);
#1826=VERTEX_POINT('',#5997);
#1827=VERTEX_POINT('',#5999);
#1828=VERTEX_POINT('',#6001);
#1829=VERTEX_POINT('',#6003);
#1830=VERTEX_POINT('',#6005);
#1831=VERTEX_POINT('',#6007);
#1832=VERTEX_POINT('',#6009);
#1833=VERTEX_POINT('',#6012);
#1834=VERTEX_POINT('',#6013);
#1835=VERTEX_POINT('',#6015);
#1836=VERTEX_POINT('',#6017);
#1837=VERTEX_POINT('',#6019);
#1838=VERTEX_POINT('',#6021);
#1839=VERTEX_POINT('',#6023);
#1840=VERTEX_POINT('',#6025);
#1841=VERTEX_POINT('',#6027);
#1842=VERTEX_POINT('',#6029);
#1843=VERTEX_POINT('',#6031);
#1844=VERTEX_POINT('',#6033);
#1845=VERTEX_POINT('',#6035);
#1846=VERTEX_POINT('',#6037);
#1847=VERTEX_POINT('',#6039);
#1848=VERTEX_POINT('',#6041);
#1849=VERTEX_POINT('',#6043);
#1850=VERTEX_POINT('',#6045);
#1851=VERTEX_POINT('',#6047);
#1852=VERTEX_POINT('',#6049);
#1853=VERTEX_POINT('',#6051);
#1854=VERTEX_POINT('',#6053);
#1855=VERTEX_POINT('',#6055);
#1856=VERTEX_POINT('',#6057);
#1857=VERTEX_POINT('',#6059);
#1858=VERTEX_POINT('',#6061);
#1859=VERTEX_POINT('',#6063);
#1860=VERTEX_POINT('',#6065);
#1861=VERTEX_POINT('',#6067);
#1862=VERTEX_POINT('',#6070);
#1863=VERTEX_POINT('',#6071);
#1864=VERTEX_POINT('',#6073);
#1865=VERTEX_POINT('',#6075);
#1866=VERTEX_POINT('',#6077);
#1867=VERTEX_POINT('',#6079);
#1868=VERTEX_POINT('',#6081);
#1869=VERTEX_POINT('',#6083);
#1870=VERTEX_POINT('',#6085);
#1871=VERTEX_POINT('',#6087);
#1872=VERTEX_POINT('',#6089);
#1873=VERTEX_POINT('',#6091);
#1874=VERTEX_POINT('',#6093);
#1875=VERTEX_POINT('',#6095);
#1876=VERTEX_POINT('',#6097);
#1877=VERTEX_POINT('',#6099);
#1878=VERTEX_POINT('',#6101);
#1879=VERTEX_POINT('',#6103);
#1880=VERTEX_POINT('',#6105);
#1881=VERTEX_POINT('',#6107);
#1882=VERTEX_POINT('',#6109);
#1883=VERTEX_POINT('',#6111);
#1884=VERTEX_POINT('',#6113);
#1885=VERTEX_POINT('',#6115);
#1886=VERTEX_POINT('',#6117);
#1887=VERTEX_POINT('',#6119);
#1888=VERTEX_POINT('',#6121);
#1889=VERTEX_POINT('',#6123);
#1890=VERTEX_POINT('',#6125);
#1891=VERTEX_POINT('',#6127);
#1892=VERTEX_POINT('',#6129);
#1893=VERTEX_POINT('',#6131);
#1894=VERTEX_POINT('',#6134);
#1895=VERTEX_POINT('',#6135);
#1896=VERTEX_POINT('',#6137);
#1897=VERTEX_POINT('',#6139);
#1898=VERTEX_POINT('',#6141);
#1899=VERTEX_POINT('',#6143);
#1900=VERTEX_POINT('',#6145);
#1901=VERTEX_POINT('',#6147);
#1902=VERTEX_POINT('',#6149);
#1903=VERTEX_POINT('',#6151);
#1904=VERTEX_POINT('',#6153);
#1905=VERTEX_POINT('',#6155);
#1906=VERTEX_POINT('',#6157);
#1907=VERTEX_POINT('',#6159);
#1908=VERTEX_POINT('',#6161);
#1909=VERTEX_POINT('',#6163);
#1910=VERTEX_POINT('',#6165);
#1911=VERTEX_POINT('',#6167);
#1912=VERTEX_POINT('',#6169);
#1913=VERTEX_POINT('',#6171);
#1914=VERTEX_POINT('',#6174);
#1915=VERTEX_POINT('',#6177);
#1916=VERTEX_POINT('',#6181);
#1917=VERTEX_POINT('',#6185);
#1918=VERTEX_POINT('',#6189);
#1919=VERTEX_POINT('',#6193);
#1920=VERTEX_POINT('',#6197);
#1921=VERTEX_POINT('',#6199);
#1922=VERTEX_POINT('',#6203);
#1923=VERTEX_POINT('',#6207);
#1924=VERTEX_POINT('',#6211);
#1925=VERTEX_POINT('',#6214);
#1926=VERTEX_POINT('',#6218);
#1927=VERTEX_POINT('',#6222);
#1928=VERTEX_POINT('',#6226);
#1929=VERTEX_POINT('',#6230);
#1930=VERTEX_POINT('',#6233);
#1931=VERTEX_POINT('',#6237);
#1932=VERTEX_POINT('',#6241);
#1933=VERTEX_POINT('',#6245);
#1934=VERTEX_POINT('',#6249);
#1935=VERTEX_POINT('',#6254);
#1936=VERTEX_POINT('',#6258);
#1937=VERTEX_POINT('',#6262);
#1938=VERTEX_POINT('',#6301);
#1939=VERTEX_POINT('',#6303);
#1940=VERTEX_POINT('',#6305);
#1941=VERTEX_POINT('',#6311);
#1942=VERTEX_POINT('',#6313);
#1943=VERTEX_POINT('',#6315);
#1944=VERTEX_POINT('',#6321);
#1945=VERTEX_POINT('',#6323);
#1946=VERTEX_POINT('',#6325);
#1947=VERTEX_POINT('',#6331);
#1948=VERTEX_POINT('',#6333);
#1949=VERTEX_POINT('',#6335);
#1950=VERTEX_POINT('',#6341);
#1951=VERTEX_POINT('',#6346);
#1952=VERTEX_POINT('',#6351);
#1953=VERTEX_POINT('',#6582);
#1954=VERTEX_POINT('',#6584);
#1955=VERTEX_POINT('',#6588);
#1956=VERTEX_POINT('',#6592);
#1957=VERTEX_POINT('',#6599);
#1958=VERTEX_POINT('',#6601);
#1959=VERTEX_POINT('',#6605);
#1960=VERTEX_POINT('',#6609);
#1961=EDGE_CURVE('',#1596,#1596,#1379,.T.);
#1962=EDGE_CURVE('',#1596,#1597,#687,.T.);
#1963=EDGE_CURVE('',#1597,#1598,#1380,.T.);
#1964=EDGE_CURVE('',#1598,#1597,#1381,.T.);
#1965=EDGE_CURVE('',#1599,#1600,#1382,.T.);
#1966=EDGE_CURVE('',#1599,#1601,#1383,.T.);
#1967=EDGE_CURVE('',#1602,#1601,#1384,.T.);
#1968=EDGE_CURVE('',#1603,#1602,#688,.T.);
#1969=EDGE_CURVE('',#1604,#1603,#1385,.T.);
#1970=EDGE_CURVE('',#1604,#1605,#1386,.T.);
#1971=EDGE_CURVE('',#1606,#1605,#1387,.T.);
#1972=EDGE_CURVE('',#1607,#1606,#689,.T.);
#1973=EDGE_CURVE('',#1608,#1607,#1388,.T.);
#1974=EDGE_CURVE('',#1608,#1609,#1389,.T.);
#1975=EDGE_CURVE('',#1609,#1610,#1390,.T.);
#1976=EDGE_CURVE('',#1611,#1610,#1391,.T.);
#1977=EDGE_CURVE('',#1612,#1611,#690,.T.);
#1978=EDGE_CURVE('',#1613,#1612,#1392,.T.);
#1979=EDGE_CURVE('',#1613,#1614,#1393,.T.);
#1980=EDGE_CURVE('',#1614,#1615,#1394,.T.);
#1981=EDGE_CURVE('',#1616,#1615,#1395,.T.);
#1982=EDGE_CURVE('',#1600,#1616,#691,.T.);
#1983=EDGE_CURVE('',#1617,#1617,#1396,.T.);
#1984=EDGE_CURVE('',#1618,#1618,#1397,.T.);
#1985=EDGE_CURVE('',#1619,#1619,#1398,.T.);
#1986=EDGE_CURVE('',#1620,#1620,#1399,.T.);
#1987=EDGE_CURVE('',#1621,#1621,#1400,.T.);
#1988=EDGE_CURVE('',#1622,#1622,#1401,.T.);
#1989=EDGE_CURVE('',#1623,#1623,#1402,.T.);
#1990=EDGE_CURVE('',#1624,#1624,#1403,.T.);
#1991=EDGE_CURVE('',#1625,#1626,#692,.T.);
#1992=EDGE_CURVE('',#1626,#1627,#693,.T.);
#1993=EDGE_CURVE('',#1627,#1628,#1404,.T.);
#1994=EDGE_CURVE('',#1628,#1629,#694,.T.);
#1995=EDGE_CURVE('',#1629,#1630,#1405,.T.);
#1996=EDGE_CURVE('',#1630,#1631,#695,.T.);
#1997=EDGE_CURVE('',#1631,#1632,#1406,.T.);
#1998=EDGE_CURVE('',#1632,#1633,#696,.T.);
#1999=EDGE_CURVE('',#1633,#1634,#1407,.T.);
#2000=EDGE_CURVE('',#1634,#1635,#697,.T.);
#2001=EDGE_CURVE('',#1635,#1636,#698,.T.);
#2002=EDGE_CURVE('',#1636,#1637,#699,.T.);
#2003=EDGE_CURVE('',#1637,#1638,#1408,.T.);
#2004=EDGE_CURVE('',#1638,#1639,#700,.T.);
#2005=EDGE_CURVE('',#1639,#1640,#1409,.T.);
#2006=EDGE_CURVE('',#1640,#1641,#701,.T.);
#2007=EDGE_CURVE('',#1641,#1642,#1410,.T.);
#2008=EDGE_CURVE('',#1642,#1643,#702,.T.);
#2009=EDGE_CURVE('',#1643,#1644,#1411,.T.);
#2010=EDGE_CURVE('',#1644,#1625,#703,.T.);
#2011=EDGE_CURVE('',#1645,#1646,#704,.T.);
#2012=EDGE_CURVE('',#1646,#1647,#705,.T.);
#2013=EDGE_CURVE('',#1647,#1648,#1412,.T.);
#2014=EDGE_CURVE('',#1648,#1649,#706,.T.);
#2015=EDGE_CURVE('',#1649,#1650,#1413,.T.);
#2016=EDGE_CURVE('',#1650,#1651,#707,.T.);
#2017=EDGE_CURVE('',#1651,#1652,#1414,.T.);
#2018=EDGE_CURVE('',#1652,#1653,#708,.T.);
#2019=EDGE_CURVE('',#1653,#1654,#1415,.T.);
#2020=EDGE_CURVE('',#1654,#1655,#709,.T.);
#2021=EDGE_CURVE('',#1655,#1656,#710,.T.);
#2022=EDGE_CURVE('',#1656,#1657,#711,.T.);
#2023=EDGE_CURVE('',#1657,#1658,#1416,.T.);
#2024=EDGE_CURVE('',#1658,#1659,#712,.T.);
#2025=EDGE_CURVE('',#1659,#1660,#1417,.T.);
#2026=EDGE_CURVE('',#1660,#1661,#713,.T.);
#2027=EDGE_CURVE('',#1661,#1662,#714,.T.);
#2028=EDGE_CURVE('',#1662,#1663,#715,.T.);
#2029=EDGE_CURVE('',#1663,#1664,#1418,.T.);
#2030=EDGE_CURVE('',#1664,#1665,#716,.T.);
#2031=EDGE_CURVE('',#1665,#1666,#1419,.T.);
#2032=EDGE_CURVE('',#1666,#1667,#717,.T.);
#2033=EDGE_CURVE('',#1667,#1668,#1420,.T.);
#2034=EDGE_CURVE('',#1668,#1669,#718,.T.);
#2035=EDGE_CURVE('',#1669,#1670,#1421,.T.);
#2036=EDGE_CURVE('',#1670,#1671,#719,.T.);
#2037=EDGE_CURVE('',#1671,#1672,#720,.T.);
#2038=EDGE_CURVE('',#1672,#1673,#721,.T.);
#2039=EDGE_CURVE('',#1673,#1674,#1422,.T.);
#2040=EDGE_CURVE('',#1674,#1675,#722,.T.);
#2041=EDGE_CURVE('',#1675,#1676,#1423,.T.);
#2042=EDGE_CURVE('',#1676,#1645,#723,.T.);
#2043=EDGE_CURVE('',#1677,#1678,#724,.T.);
#2044=EDGE_CURVE('',#1678,#1679,#725,.T.);
#2045=EDGE_CURVE('',#1679,#1680,#1424,.T.);
#2046=EDGE_CURVE('',#1680,#1681,#726,.T.);
#2047=EDGE_CURVE('',#1681,#1682,#727,.T.);
#2048=EDGE_CURVE('',#1682,#1683,#1425,.T.);
#2049=EDGE_CURVE('',#1683,#1684,#728,.T.);
#2050=EDGE_CURVE('',#1684,#1685,#1426,.T.);
#2051=EDGE_CURVE('',#1685,#1686,#729,.T.);
#2052=EDGE_CURVE('',#1686,#1687,#1427,.T.);
#2053=EDGE_CURVE('',#1687,#1688,#730,.T.);
#2054=EDGE_CURVE('',#1688,#1689,#731,.T.);
#2055=EDGE_CURVE('',#1689,#1690,#732,.T.);
#2056=EDGE_CURVE('',#1690,#1691,#1428,.T.);
#2057=EDGE_CURVE('',#1691,#1692,#733,.T.);
#2058=EDGE_CURVE('',#1692,#1693,#1429,.T.);
#2059=EDGE_CURVE('',#1693,#1694,#734,.T.);
#2060=EDGE_CURVE('',#1694,#1695,#1430,.T.);
#2061=EDGE_CURVE('',#1695,#1696,#735,.T.);
#2062=EDGE_CURVE('',#1696,#1697,#736,.T.);
#2063=EDGE_CURVE('',#1697,#1698,#737,.T.);
#2064=EDGE_CURVE('',#1698,#1699,#1431,.T.);
#2065=EDGE_CURVE('',#1699,#1700,#738,.T.);
#2066=EDGE_CURVE('',#1700,#1701,#1432,.T.);
#2067=EDGE_CURVE('',#1701,#1702,#739,.T.);
#2068=EDGE_CURVE('',#1702,#1703,#1433,.T.);
#2069=EDGE_CURVE('',#1703,#1704,#740,.T.);
#2070=EDGE_CURVE('',#1704,#1705,#1434,.T.);
#2071=EDGE_CURVE('',#1705,#1677,#741,.T.);
#2072=EDGE_CURVE('',#1706,#1707,#742,.T.);
#2073=EDGE_CURVE('',#1707,#1708,#743,.T.);
#2074=EDGE_CURVE('',#1708,#1709,#1435,.T.);
#2075=EDGE_CURVE('',#1709,#1710,#744,.T.);
#2076=EDGE_CURVE('',#1710,#1711,#1436,.T.);
#2077=EDGE_CURVE('',#1711,#1712,#745,.T.);
#2078=EDGE_CURVE('',#1712,#1713,#1437,.T.);
#2079=EDGE_CURVE('',#1713,#1714,#746,.T.);
#2080=EDGE_CURVE('',#1714,#1715,#1438,.T.);
#2081=EDGE_CURVE('',#1715,#1716,#747,.T.);
#2082=EDGE_CURVE('',#1716,#1717,#748,.T.);
#2083=EDGE_CURVE('',#1717,#1718,#749,.T.);
#2084=EDGE_CURVE('',#1718,#1719,#1439,.T.);
#2085=EDGE_CURVE('',#1719,#1720,#750,.T.);
#2086=EDGE_CURVE('',#1720,#1721,#1440,.T.);
#2087=EDGE_CURVE('',#1721,#1722,#751,.T.);
#2088=EDGE_CURVE('',#1722,#1723,#752,.T.);
#2089=EDGE_CURVE('',#1723,#1724,#753,.T.);
#2090=EDGE_CURVE('',#1724,#1725,#1441,.T.);
#2091=EDGE_CURVE('',#1725,#1726,#754,.T.);
#2092=EDGE_CURVE('',#1726,#1727,#1442,.T.);
#2093=EDGE_CURVE('',#1727,#1728,#755,.T.);
#2094=EDGE_CURVE('',#1728,#1729,#1443,.T.);
#2095=EDGE_CURVE('',#1729,#1730,#756,.T.);
#2096=EDGE_CURVE('',#1730,#1731,#1444,.T.);
#2097=EDGE_CURVE('',#1731,#1732,#757,.T.);
#2098=EDGE_CURVE('',#1732,#1733,#758,.T.);
#2099=EDGE_CURVE('',#1733,#1734,#759,.T.);
#2100=EDGE_CURVE('',#1734,#1735,#1445,.T.);
#2101=EDGE_CURVE('',#1735,#1736,#760,.T.);
#2102=EDGE_CURVE('',#1736,#1737,#1446,.T.);
#2103=EDGE_CURVE('',#1737,#1706,#761,.T.);
#2104=EDGE_CURVE('',#1738,#1739,#762,.T.);
#2105=EDGE_CURVE('',#1739,#1740,#763,.T.);
#2106=EDGE_CURVE('',#1740,#1741,#764,.T.);
#2107=EDGE_CURVE('',#1741,#1738,#765,.T.);
#2108=EDGE_CURVE('',#1742,#1743,#766,.T.);
#2109=EDGE_CURVE('',#1743,#1744,#767,.T.);
#2110=EDGE_CURVE('',#1744,#1745,#768,.T.);
#2111=EDGE_CURVE('',#1745,#1742,#769,.T.);
#2112=EDGE_CURVE('',#1746,#1746,#1447,.T.);
#2113=EDGE_CURVE('',#1747,#1747,#1448,.T.);
#2114=EDGE_CURVE('',#1748,#1748,#1449,.T.);
#2115=EDGE_CURVE('',#1749,#1749,#1450,.T.);
#2116=EDGE_CURVE('',#1598,#1750,#770,.T.);
#2117=EDGE_CURVE('',#1750,#1750,#1451,.T.);
#2118=EDGE_CURVE('',#1617,#1751,#771,.T.);
#2119=EDGE_CURVE('',#1751,#1752,#1452,.T.);
#2120=EDGE_CURVE('',#1752,#1751,#1453,.T.);
#2121=EDGE_CURVE('',#1752,#1753,#772,.T.);
#2122=EDGE_CURVE('',#1753,#1753,#1454,.T.);
#2123=EDGE_CURVE('',#1749,#1754,#773,.T.);
#2124=EDGE_CURVE('',#1754,#1755,#1455,.T.);
#2125=EDGE_CURVE('',#1755,#1754,#1456,.T.);
#2126=EDGE_CURVE('',#1755,#1756,#774,.T.);
#2127=EDGE_CURVE('',#1756,#1756,#1457,.T.);
#2128=EDGE_CURVE('',#1618,#1757,#775,.T.);
#2129=EDGE_CURVE('',#1757,#1758,#1458,.T.);
#2130=EDGE_CURVE('',#1758,#1757,#1459,.T.);
#2131=EDGE_CURVE('',#1758,#1759,#776,.T.);
#2132=EDGE_CURVE('',#1759,#1759,#1460,.T.);
#2133=EDGE_CURVE('',#1748,#1760,#777,.T.);
#2134=EDGE_CURVE('',#1760,#1761,#1461,.T.);
#2135=EDGE_CURVE('',#1761,#1760,#1462,.T.);
#2136=EDGE_CURVE('',#1761,#1762,#778,.T.);
#2137=EDGE_CURVE('',#1762,#1762,#1463,.T.);
#2138=EDGE_CURVE('',#1619,#1763,#779,.T.);
#2139=EDGE_CURVE('',#1763,#1764,#1464,.T.);
#2140=EDGE_CURVE('',#1764,#1763,#1465,.T.);
#2141=EDGE_CURVE('',#1764,#1765,#780,.T.);
#2142=EDGE_CURVE('',#1765,#1765,#1466,.T.);
#2143=EDGE_CURVE('',#1747,#1766,#781,.T.);
#2144=EDGE_CURVE('',#1766,#1767,#1467,.T.);
#2145=EDGE_CURVE('',#1767,#1766,#1468,.T.);
#2146=EDGE_CURVE('',#1767,#1768,#782,.T.);
#2147=EDGE_CURVE('',#1768,#1768,#1469,.T.);
#2148=EDGE_CURVE('',#1620,#1769,#783,.T.);
#2149=EDGE_CURVE('',#1769,#1770,#1470,.T.);
#2150=EDGE_CURVE('',#1770,#1769,#1471,.T.);
#2151=EDGE_CURVE('',#1770,#1771,#784,.T.);
#2152=EDGE_CURVE('',#1771,#1771,#1472,.T.);
#2153=EDGE_CURVE('',#1746,#1772,#785,.T.);
#2154=EDGE_CURVE('',#1772,#1773,#1473,.T.);
#2155=EDGE_CURVE('',#1773,#1772,#1474,.T.);
#2156=EDGE_CURVE('',#1773,#1774,#786,.T.);
#2157=EDGE_CURVE('',#1774,#1774,#1475,.T.);
#2158=EDGE_CURVE('',#1621,#1775,#787,.T.);
#2159=EDGE_CURVE('',#1775,#1776,#1476,.T.);
#2160=EDGE_CURVE('',#1776,#1775,#1477,.T.);
#2161=EDGE_CURVE('',#1776,#1777,#788,.T.);
#2162=EDGE_CURVE('',#1777,#1777,#1478,.T.);
#2163=EDGE_CURVE('',#1778,#1778,#1479,.T.);
#2164=EDGE_CURVE('',#1778,#1779,#789,.T.);
#2165=EDGE_CURVE('',#1779,#1779,#1480,.T.);
#2166=EDGE_CURVE('',#1780,#1781,#790,.T.);
#2167=EDGE_CURVE('',#1782,#1781,#1481,.T.);
#2168=EDGE_CURVE('',#1782,#1783,#1482,.T.);
#2169=EDGE_CURVE('',#1784,#1783,#1483,.T.);
#2170=EDGE_CURVE('',#1784,#1785,#791,.T.);
#2171=EDGE_CURVE('',#1786,#1785,#1484,.T.);
#2172=EDGE_CURVE('',#1786,#1787,#1485,.T.);
#2173=EDGE_CURVE('',#1788,#1787,#1486,.T.);
#2174=EDGE_CURVE('',#1788,#1789,#792,.T.);
#2175=EDGE_CURVE('',#1790,#1789,#1487,.T.);
#2176=EDGE_CURVE('',#1790,#1791,#1488,.T.);
#2177=EDGE_CURVE('',#1792,#1791,#1489,.T.);
#2178=EDGE_CURVE('',#1792,#1793,#793,.T.);
#2179=EDGE_CURVE('',#1794,#1793,#1490,.T.);
#2180=EDGE_CURVE('',#1794,#1795,#1491,.T.);
#2181=EDGE_CURVE('',#1780,#1795,#1492,.T.);
#2182=EDGE_CURVE('',#1796,#1796,#1493,.T.);
#2183=EDGE_CURVE('',#1797,#1797,#1494,.T.);
#2184=EDGE_CURVE('',#1798,#1798,#1495,.T.);
#2185=EDGE_CURVE('',#1799,#1799,#1496,.T.);
#2186=EDGE_CURVE('',#1800,#1800,#1497,.T.);
#2187=EDGE_CURVE('',#1801,#1802,#794,.T.);
#2188=EDGE_CURVE('',#1802,#1803,#795,.T.);
#2189=EDGE_CURVE('',#1803,#1804,#1498,.T.);
#2190=EDGE_CURVE('',#1804,#1805,#796,.T.);
#2191=EDGE_CURVE('',#1805,#1806,#1499,.T.);
#2192=EDGE_CURVE('',#1806,#1807,#797,.T.);
#2193=EDGE_CURVE('',#1807,#1808,#798,.T.);
#2194=EDGE_CURVE('',#1808,#1809,#799,.T.);
#2195=EDGE_CURVE('',#1809,#1810,#1500,.T.);
#2196=EDGE_CURVE('',#1810,#1811,#800,.T.);
#2197=EDGE_CURVE('',#1811,#1812,#1501,.T.);
#2198=EDGE_CURVE('',#1812,#1813,#801,.T.);
#2199=EDGE_CURVE('',#1813,#1814,#1502,.T.);
#2200=EDGE_CURVE('',#1814,#1815,#802,.T.);
#2201=EDGE_CURVE('',#1815,#1816,#1503,.T.);
#2202=EDGE_CURVE('',#1816,#1817,#803,.T.);
#2203=EDGE_CURVE('',#1817,#1818,#804,.T.);
#2204=EDGE_CURVE('',#1818,#1819,#805,.T.);
#2205=EDGE_CURVE('',#1819,#1820,#1504,.T.);
#2206=EDGE_CURVE('',#1820,#1821,#806,.T.);
#2207=EDGE_CURVE('',#1821,#1822,#1505,.T.);
#2208=EDGE_CURVE('',#1822,#1823,#807,.T.);
#2209=EDGE_CURVE('',#1823,#1824,#808,.T.);
#2210=EDGE_CURVE('',#1824,#1825,#809,.T.);
#2211=EDGE_CURVE('',#1825,#1826,#1506,.T.);
#2212=EDGE_CURVE('',#1826,#1827,#810,.T.);
#2213=EDGE_CURVE('',#1827,#1828,#1507,.T.);
#2214=EDGE_CURVE('',#1828,#1829,#811,.T.);
#2215=EDGE_CURVE('',#1829,#1830,#1508,.T.);
#2216=EDGE_CURVE('',#1830,#1831,#812,.T.);
#2217=EDGE_CURVE('',#1831,#1832,#1509,.T.);
#2218=EDGE_CURVE('',#1832,#1801,#813,.T.);
#2219=EDGE_CURVE('',#1833,#1834,#814,.T.);
#2220=EDGE_CURVE('',#1834,#1835,#815,.T.);
#2221=EDGE_CURVE('',#1835,#1836,#1510,.T.);
#2222=EDGE_CURVE('',#1836,#1837,#816,.T.);
#2223=EDGE_CURVE('',#1837,#1838,#1511,.T.);
#2224=EDGE_CURVE('',#1838,#1839,#817,.T.);
#2225=EDGE_CURVE('',#1839,#1840,#1512,.T.);
#2226=EDGE_CURVE('',#1840,#1841,#818,.T.);
#2227=EDGE_CURVE('',#1841,#1842,#1513,.T.);
#2228=EDGE_CURVE('',#1842,#1843,#819,.T.);
#2229=EDGE_CURVE('',#1843,#1844,#820,.T.);
#2230=EDGE_CURVE('',#1844,#1845,#821,.T.);
#2231=EDGE_CURVE('',#1845,#1846,#1514,.T.);
#2232=EDGE_CURVE('',#1846,#1847,#822,.T.);
#2233=EDGE_CURVE('',#1847,#1848,#1515,.T.);
#2234=EDGE_CURVE('',#1848,#1849,#823,.T.);
#2235=EDGE_CURVE('',#1849,#1850,#1516,.T.);
#2236=EDGE_CURVE('',#1850,#1851,#824,.T.);
#2237=EDGE_CURVE('',#1851,#1852,#825,.T.);
#2238=EDGE_CURVE('',#1852,#1853,#826,.T.);
#2239=EDGE_CURVE('',#1853,#1854,#1517,.T.);
#2240=EDGE_CURVE('',#1854,#1855,#827,.T.);
#2241=EDGE_CURVE('',#1855,#1856,#1518,.T.);
#2242=EDGE_CURVE('',#1856,#1857,#828,.T.);
#2243=EDGE_CURVE('',#1857,#1858,#1519,.T.);
#2244=EDGE_CURVE('',#1858,#1859,#829,.T.);
#2245=EDGE_CURVE('',#1859,#1860,#830,.T.);
#2246=EDGE_CURVE('',#1860,#1861,#1520,.T.);
#2247=EDGE_CURVE('',#1861,#1833,#831,.T.);
#2248=EDGE_CURVE('',#1862,#1863,#832,.T.);
#2249=EDGE_CURVE('',#1863,#1864,#833,.T.);
#2250=EDGE_CURVE('',#1864,#1865,#1521,.T.);
#2251=EDGE_CURVE('',#1865,#1866,#834,.T.);
#2252=EDGE_CURVE('',#1866,#1867,#1522,.T.);
#2253=EDGE_CURVE('',#1867,#1868,#835,.T.);
#2254=EDGE_CURVE('',#1868,#1869,#836,.T.);
#2255=EDGE_CURVE('',#1869,#1870,#837,.T.);
#2256=EDGE_CURVE('',#1870,#1871,#1523,.T.);
#2257=EDGE_CURVE('',#1871,#1872,#838,.T.);
#2258=EDGE_CURVE('',#1872,#1873,#1524,.T.);
#2259=EDGE_CURVE('',#1873,#1874,#839,.T.);
#2260=EDGE_CURVE('',#1874,#1875,#1525,.T.);
#2261=EDGE_CURVE('',#1875,#1876,#840,.T.);
#2262=EDGE_CURVE('',#1876,#1877,#1526,.T.);
#2263=EDGE_CURVE('',#1877,#1878,#841,.T.);
#2264=EDGE_CURVE('',#1878,#1879,#842,.T.);
#2265=EDGE_CURVE('',#1879,#1880,#843,.T.);
#2266=EDGE_CURVE('',#1880,#1881,#1527,.T.);
#2267=EDGE_CURVE('',#1881,#1882,#844,.T.);
#2268=EDGE_CURVE('',#1882,#1883,#1528,.T.);
#2269=EDGE_CURVE('',#1883,#1884,#845,.T.);
#2270=EDGE_CURVE('',#1884,#1885,#846,.T.);
#2271=EDGE_CURVE('',#1885,#1886,#847,.T.);
#2272=EDGE_CURVE('',#1886,#1887,#1529,.T.);
#2273=EDGE_CURVE('',#1887,#1888,#848,.T.);
#2274=EDGE_CURVE('',#1888,#1889,#1530,.T.);
#2275=EDGE_CURVE('',#1889,#1890,#849,.T.);
#2276=EDGE_CURVE('',#1890,#1891,#1531,.T.);
#2277=EDGE_CURVE('',#1891,#1892,#850,.T.);
#2278=EDGE_CURVE('',#1892,#1893,#1532,.T.);
#2279=EDGE_CURVE('',#1893,#1862,#851,.T.);
#2280=EDGE_CURVE('',#1894,#1895,#852,.T.);
#2281=EDGE_CURVE('',#1895,#1896,#853,.T.);
#2282=EDGE_CURVE('',#1896,#1897,#1533,.T.);
#2283=EDGE_CURVE('',#1897,#1898,#854,.T.);
#2284=EDGE_CURVE('',#1898,#1899,#1534,.T.);
#2285=EDGE_CURVE('',#1899,#1900,#855,.T.);
#2286=EDGE_CURVE('',#1900,#1901,#1535,.T.);
#2287=EDGE_CURVE('',#1901,#1902,#856,.T.);
#2288=EDGE_CURVE('',#1902,#1903,#1536,.T.);
#2289=EDGE_CURVE('',#1903,#1904,#857,.T.);
#2290=EDGE_CURVE('',#1904,#1905,#858,.T.);
#2291=EDGE_CURVE('',#1905,#1906,#859,.T.);
#2292=EDGE_CURVE('',#1906,#1907,#1537,.T.);
#2293=EDGE_CURVE('',#1907,#1908,#860,.T.);
#2294=EDGE_CURVE('',#1908,#1909,#1538,.T.);
#2295=EDGE_CURVE('',#1909,#1910,#861,.T.);
#2296=EDGE_CURVE('',#1910,#1911,#1539,.T.);
#2297=EDGE_CURVE('',#1911,#1912,#862,.T.);
#2298=EDGE_CURVE('',#1912,#1913,#1540,.T.);
#2299=EDGE_CURVE('',#1913,#1894,#863,.T.);
#2300=EDGE_CURVE('',#1914,#1914,#1541,.T.);
#2301=EDGE_CURVE('',#1915,#1915,#1542,.T.);
#2302=EDGE_CURVE('',#1915,#1779,#864,.T.);
#2303=EDGE_CURVE('',#1796,#1916,#865,.T.);
#2304=EDGE_CURVE('',#1916,#1916,#1543,.T.);
#2305=EDGE_CURVE('',#1917,#1917,#1544,.T.);
#2306=EDGE_CURVE('',#1917,#1916,#866,.T.);
#2307=EDGE_CURVE('',#1914,#1918,#867,.T.);
#2308=EDGE_CURVE('',#1918,#1918,#1545,.T.);
#2309=EDGE_CURVE('',#1919,#1919,#1546,.T.);
#2310=EDGE_CURVE('',#1919,#1918,#868,.T.);
#2311=EDGE_CURVE('',#1920,#1608,#1547,.T.);
#2312=EDGE_CURVE('',#1607,#1921,#1548,.T.);
#2313=EDGE_CURVE('',#1921,#1920,#1549,.T.);
#2314=EDGE_CURVE('',#1606,#1922,#1550,.T.);
#2315=EDGE_CURVE('',#1922,#1921,#869,.T.);
#2316=EDGE_CURVE('',#1605,#1923,#1551,.T.);
#2317=EDGE_CURVE('',#1923,#1922,#1552,.T.);
#2318=EDGE_CURVE('',#1604,#1924,#1553,.T.);
#2319=EDGE_CURVE('',#1924,#1923,#1554,.T.);
#2320=EDGE_CURVE('',#1605,#1925,#1555,.T.);
#2321=EDGE_CURVE('',#1925,#1604,#1556,.T.);
#2322=EDGE_CURVE('',#1603,#1926,#1557,.T.);
#2323=EDGE_CURVE('',#1926,#1924,#1558,.T.);
#2324=EDGE_CURVE('',#1602,#1927,#1559,.T.);
#2325=EDGE_CURVE('',#1927,#1926,#870,.T.);
#2326=EDGE_CURVE('',#1601,#1928,#1560,.T.);
#2327=EDGE_CURVE('',#1928,#1927,#1561,.T.);
#2328=EDGE_CURVE('',#1599,#1929,#1562,.T.);
#2329=EDGE_CURVE('',#1929,#1928,#1563,.T.);
#2330=EDGE_CURVE('',#1601,#1930,#1564,.T.);
#2331=EDGE_CURVE('',#1930,#1599,#1565,.T.);
#2332=EDGE_CURVE('',#1600,#1931,#1566,.T.);
#2333=EDGE_CURVE('',#1931,#1929,#1567,.T.);
#2334=EDGE_CURVE('',#1616,#1932,#1568,.T.);
#2335=EDGE_CURVE('',#1932,#1931,#871,.T.);
#2336=EDGE_CURVE('',#1615,#1933,#1569,.T.);
#2337=EDGE_CURVE('',#1933,#1932,#1570,.T.);
#2338=EDGE_CURVE('',#1613,#1934,#1571,.T.);
#2339=EDGE_CURVE('',#1934,#1933,#1572,.T.);
#2340=EDGE_CURVE('',#1615,#1613,#1573,.T.);
#2341=EDGE_CURVE('',#1612,#1935,#1574,.T.);
#2342=EDGE_CURVE('',#1935,#1934,#1575,.T.);
#2343=EDGE_CURVE('',#1611,#1936,#1576,.T.);
#2344=EDGE_CURVE('',#1936,#1935,#872,.T.);
#2345=EDGE_CURVE('',#1610,#1937,#1577,.T.);
#2346=EDGE_CURVE('',#1937,#1936,#1578,.T.);
#2347=EDGE_CURVE('',#1920,#1937,#1579,.T.);
#2348=EDGE_CURVE('',#1610,#1608,#1580,.T.);
#2349=EDGE_CURVE('',#1789,#1932,#873,.T.);
#2350=EDGE_CURVE('',#1931,#1788,#874,.T.);
#2351=EDGE_CURVE('',#1933,#1790,#875,.T.);
#2352=EDGE_CURVE('',#1791,#1934,#876,.T.);
#2353=EDGE_CURVE('',#1935,#1792,#877,.T.);
#2354=EDGE_CURVE('',#1793,#1936,#878,.T.);
#2355=EDGE_CURVE('',#1937,#1794,#879,.T.);
#2356=EDGE_CURVE('',#1795,#1920,#880,.T.);
#2357=EDGE_CURVE('',#1921,#1780,#881,.T.);
#2358=EDGE_CURVE('',#1926,#1784,#882,.T.);
#2359=EDGE_CURVE('',#1783,#1924,#883,.T.);
#2360=EDGE_CURVE('',#1785,#1927,#884,.T.);
#2361=EDGE_CURVE('',#1923,#1782,#885,.T.);
#2362=EDGE_CURVE('',#1781,#1922,#886,.T.);
#2363=EDGE_CURVE('',#1787,#1929,#887,.T.);
#2364=EDGE_CURVE('',#1928,#1786,#888,.T.);
#2365=EDGE_CURVE('',#1938,#1938,#1581,.T.);
#2366=EDGE_CURVE('',#1938,#1939,#889,.T.);
#2367=EDGE_CURVE('',#1940,#1939,#1582,.T.);
#2368=EDGE_CURVE('',#1939,#1940,#1583,.T.);
#2369=EDGE_CURVE('',#1797,#1938,#890,.T.);
#2370=EDGE_CURVE('',#1941,#1941,#1584,.T.);
#2371=EDGE_CURVE('',#1941,#1942,#891,.T.);
#2372=EDGE_CURVE('',#1943,#1942,#1585,.T.);
#2373=EDGE_CURVE('',#1942,#1943,#1586,.T.);
#2374=EDGE_CURVE('',#1798,#1941,#892,.T.);
#2375=EDGE_CURVE('',#1944,#1944,#1587,.T.);
#2376=EDGE_CURVE('',#1944,#1945,#893,.T.);
#2377=EDGE_CURVE('',#1946,#1945,#1588,.T.);
#2378=EDGE_CURVE('',#1945,#1946,#1589,.T.);
#2379=EDGE_CURVE('',#1799,#1944,#894,.T.);
#2380=EDGE_CURVE('',#1947,#1947,#1590,.T.);
#2381=EDGE_CURVE('',#1947,#1948,#895,.T.);
#2382=EDGE_CURVE('',#1949,#1948,#1591,.T.);
#2383=EDGE_CURVE('',#1948,#1949,#1592,.T.);
#2384=EDGE_CURVE('',#1800,#1947,#896,.T.);
#2385=EDGE_CURVE('',#1950,#1950,#1593,.T.);
#2386=EDGE_CURVE('',#1950,#1622,#897,.T.);
#2387=EDGE_CURVE('',#1951,#1951,#1594,.T.);
#2388=EDGE_CURVE('',#1951,#1623,#898,.T.);
#2389=EDGE_CURVE('',#1952,#1952,#1595,.T.);
#2390=EDGE_CURVE('',#1952,#1624,#899,.T.);
#2391=EDGE_CURVE('',#1636,#1904,#900,.T.);
#2392=EDGE_CURVE('',#1635,#1905,#901,.T.);
#2393=EDGE_CURVE('',#1634,#1906,#902,.T.);
#2394=EDGE_CURVE('',#1633,#1907,#903,.T.);
#2395=EDGE_CURVE('',#1632,#1908,#904,.T.);
#2396=EDGE_CURVE('',#1631,#1909,#905,.T.);
#2397=EDGE_CURVE('',#1630,#1910,#906,.T.);
#2398=EDGE_CURVE('',#1629,#1911,#907,.T.);
#2399=EDGE_CURVE('',#1628,#1912,#908,.T.);
#2400=EDGE_CURVE('',#1627,#1913,#909,.T.);
#2401=EDGE_CURVE('',#1626,#1894,#910,.T.);
#2402=EDGE_CURVE('',#1625,#1895,#911,.T.);
#2403=EDGE_CURVE('',#1644,#1896,#912,.T.);
#2404=EDGE_CURVE('',#1643,#1897,#913,.T.);
#2405=EDGE_CURVE('',#1642,#1898,#914,.T.);
#2406=EDGE_CURVE('',#1641,#1899,#915,.T.);
#2407=EDGE_CURVE('',#1640,#1900,#916,.T.);
#2408=EDGE_CURVE('',#1639,#1901,#917,.T.);
#2409=EDGE_CURVE('',#1638,#1902,#918,.T.);
#2410=EDGE_CURVE('',#1637,#1903,#919,.T.);
#2411=EDGE_CURVE('',#1662,#1878,#920,.T.);
#2412=EDGE_CURVE('',#1661,#1879,#921,.T.);
#2413=EDGE_CURVE('',#1660,#1880,#922,.T.);
#2414=EDGE_CURVE('',#1659,#1881,#923,.T.);
#2415=EDGE_CURVE('',#1658,#1882,#924,.T.);
#2416=EDGE_CURVE('',#1657,#1883,#925,.T.);
#2417=EDGE_CURVE('',#1656,#1884,#926,.T.);
#2418=EDGE_CURVE('',#1655,#1885,#927,.T.);
#2419=EDGE_CURVE('',#1654,#1886,#928,.T.);
#2420=EDGE_CURVE('',#1653,#1887,#929,.T.);
#2421=EDGE_CURVE('',#1652,#1888,#930,.T.);
#2422=EDGE_CURVE('',#1651,#1889,#931,.T.);
#2423=EDGE_CURVE('',#1650,#1890,#932,.T.);
#2424=EDGE_CURVE('',#1649,#1891,#933,.T.);
#2425=EDGE_CURVE('',#1648,#1892,#934,.T.);
#2426=EDGE_CURVE('',#1647,#1893,#935,.T.);
#2427=EDGE_CURVE('',#1646,#1862,#936,.T.);
#2428=EDGE_CURVE('',#1645,#1863,#937,.T.);
#2429=EDGE_CURVE('',#1676,#1864,#938,.T.);
#2430=EDGE_CURVE('',#1675,#1865,#939,.T.);
#2431=EDGE_CURVE('',#1674,#1866,#940,.T.);
#2432=EDGE_CURVE('',#1673,#1867,#941,.T.);
#2433=EDGE_CURVE('',#1672,#1868,#942,.T.);
#2434=EDGE_CURVE('',#1671,#1869,#943,.T.);
#2435=EDGE_CURVE('',#1670,#1870,#944,.T.);
#2436=EDGE_CURVE('',#1669,#1871,#945,.T.);
#2437=EDGE_CURVE('',#1668,#1872,#946,.T.);
#2438=EDGE_CURVE('',#1667,#1873,#947,.T.);
#2439=EDGE_CURVE('',#1666,#1874,#948,.T.);
#2440=EDGE_CURVE('',#1665,#1875,#949,.T.);
#2441=EDGE_CURVE('',#1664,#1876,#950,.T.);
#2442=EDGE_CURVE('',#1663,#1877,#951,.T.);
#2443=EDGE_CURVE('',#1692,#1848,#952,.T.);
#2444=EDGE_CURVE('',#1691,#1849,#953,.T.);
#2445=EDGE_CURVE('',#1690,#1850,#954,.T.);
#2446=EDGE_CURVE('',#1689,#1851,#955,.T.);
#2447=EDGE_CURVE('',#1688,#1852,#956,.T.);
#2448=EDGE_CURVE('',#1687,#1853,#957,.T.);
#2449=EDGE_CURVE('',#1686,#1854,#958,.T.);
#2450=EDGE_CURVE('',#1685,#1855,#959,.T.);
#2451=EDGE_CURVE('',#1684,#1856,#960,.T.);
#2452=EDGE_CURVE('',#1683,#1857,#961,.T.);
#2453=EDGE_CURVE('',#1682,#1858,#962,.T.);
#2454=EDGE_CURVE('',#1681,#1859,#963,.T.);
#2455=EDGE_CURVE('',#1680,#1860,#964,.T.);
#2456=EDGE_CURVE('',#1679,#1861,#965,.T.);
#2457=EDGE_CURVE('',#1678,#1833,#966,.T.);
#2458=EDGE_CURVE('',#1677,#1834,#967,.T.);
#2459=EDGE_CURVE('',#1705,#1835,#968,.T.);
#2460=EDGE_CURVE('',#1704,#1836,#969,.T.);
#2461=EDGE_CURVE('',#1703,#1837,#970,.T.);
#2462=EDGE_CURVE('',#1702,#1838,#971,.T.);
#2463=EDGE_CURVE('',#1701,#1839,#972,.T.);
#2464=EDGE_CURVE('',#1700,#1840,#973,.T.);
#2465=EDGE_CURVE('',#1699,#1841,#974,.T.);
#2466=EDGE_CURVE('',#1698,#1842,#975,.T.);
#2467=EDGE_CURVE('',#1697,#1843,#976,.T.);
#2468=EDGE_CURVE('',#1696,#1844,#977,.T.);
#2469=EDGE_CURVE('',#1695,#1845,#978,.T.);
#2470=EDGE_CURVE('',#1694,#1846,#979,.T.);
#2471=EDGE_CURVE('',#1693,#1847,#980,.T.);
#2472=EDGE_CURVE('',#1723,#1817,#981,.T.);
#2473=EDGE_CURVE('',#1722,#1818,#982,.T.);
#2474=EDGE_CURVE('',#1721,#1819,#983,.T.);
#2475=EDGE_CURVE('',#1720,#1820,#984,.T.);
#2476=EDGE_CURVE('',#1719,#1821,#985,.T.);
#2477=EDGE_CURVE('',#1718,#1822,#986,.T.);
#2478=EDGE_CURVE('',#1717,#1823,#987,.T.);
#2479=EDGE_CURVE('',#1716,#1824,#988,.T.);
#2480=EDGE_CURVE('',#1715,#1825,#989,.T.);
#2481=EDGE_CURVE('',#1714,#1826,#990,.T.);
#2482=EDGE_CURVE('',#1713,#1827,#991,.T.);
#2483=EDGE_CURVE('',#1712,#1828,#992,.T.);
#2484=EDGE_CURVE('',#1711,#1829,#993,.T.);
#2485=EDGE_CURVE('',#1710,#1830,#994,.T.);
#2486=EDGE_CURVE('',#1709,#1831,#995,.T.);
#2487=EDGE_CURVE('',#1708,#1832,#996,.T.);
#2488=EDGE_CURVE('',#1707,#1801,#997,.T.);
#2489=EDGE_CURVE('',#1706,#1802,#998,.T.);
#2490=EDGE_CURVE('',#1737,#1803,#999,.T.);
#2491=EDGE_CURVE('',#1736,#1804,#1000,.T.);
#2492=EDGE_CURVE('',#1735,#1805,#1001,.T.);
#2493=EDGE_CURVE('',#1734,#1806,#1002,.T.);
#2494=EDGE_CURVE('',#1733,#1807,#1003,.T.);
#2495=EDGE_CURVE('',#1732,#1808,#1004,.T.);
#2496=EDGE_CURVE('',#1731,#1809,#1005,.T.);
#2497=EDGE_CURVE('',#1730,#1810,#1006,.T.);
#2498=EDGE_CURVE('',#1729,#1811,#1007,.T.);
#2499=EDGE_CURVE('',#1728,#1812,#1008,.T.);
#2500=EDGE_CURVE('',#1727,#1813,#1009,.T.);
#2501=EDGE_CURVE('',#1726,#1814,#1010,.T.);
#2502=EDGE_CURVE('',#1725,#1815,#1011,.T.);
#2503=EDGE_CURVE('',#1724,#1816,#1012,.T.);
#2504=EDGE_CURVE('',#1738,#1953,#1013,.T.);
#2505=EDGE_CURVE('',#1954,#1953,#1014,.T.);
#2506=EDGE_CURVE('',#1739,#1954,#1015,.T.);
#2507=EDGE_CURVE('',#1955,#1954,#1016,.T.);
#2508=EDGE_CURVE('',#1740,#1955,#1017,.T.);
#2509=EDGE_CURVE('',#1956,#1955,#1018,.T.);
#2510=EDGE_CURVE('',#1741,#1956,#1019,.T.);
#2511=EDGE_CURVE('',#1953,#1956,#1020,.T.);
#2512=EDGE_CURVE('',#1742,#1957,#1021,.T.);
#2513=EDGE_CURVE('',#1958,#1957,#1022,.T.);
#2514=EDGE_CURVE('',#1743,#1958,#1023,.T.);
#2515=EDGE_CURVE('',#1959,#1958,#1024,.T.);
#2516=EDGE_CURVE('',#1744,#1959,#1025,.T.);
#2517=EDGE_CURVE('',#1960,#1959,#1026,.T.);
#2518=EDGE_CURVE('',#1745,#1960,#1027,.T.);
#2519=EDGE_CURVE('',#1957,#1960,#1028,.T.);
#2520=EDGE_CURVE('',#1609,#1946,#1029,.T.);
#2521=EDGE_CURVE('',#1925,#1943,#1030,.T.);
#2522=EDGE_CURVE('',#1614,#1949,#1031,.T.);
#2523=EDGE_CURVE('',#1930,#1940,#1032,.T.);
#2524=ORIENTED_EDGE('',*,*,#1961,.T.);
#2525=ORIENTED_EDGE('',*,*,#1962,.T.);
#2526=ORIENTED_EDGE('',*,*,#1963,.T.);
#2527=ORIENTED_EDGE('',*,*,#1964,.T.);
#2528=ORIENTED_EDGE('',*,*,#1962,.F.);
#2529=ORIENTED_EDGE('',*,*,#1965,.F.);
#2530=ORIENTED_EDGE('',*,*,#1966,.T.);
#2531=ORIENTED_EDGE('',*,*,#1967,.F.);
#2532=ORIENTED_EDGE('',*,*,#1968,.F.);
#2533=ORIENTED_EDGE('',*,*,#1969,.F.);
#2534=ORIENTED_EDGE('',*,*,#1970,.T.);
#2535=ORIENTED_EDGE('',*,*,#1971,.F.);
#2536=ORIENTED_EDGE('',*,*,#1972,.F.);
#2537=ORIENTED_EDGE('',*,*,#1973,.F.);
#2538=ORIENTED_EDGE('',*,*,#1974,.T.);
#2539=ORIENTED_EDGE('',*,*,#1975,.T.);
#2540=ORIENTED_EDGE('',*,*,#1976,.F.);
#2541=ORIENTED_EDGE('',*,*,#1977,.F.);
#2542=ORIENTED_EDGE('',*,*,#1978,.F.);
#2543=ORIENTED_EDGE('',*,*,#1979,.T.);
#2544=ORIENTED_EDGE('',*,*,#1980,.T.);
#2545=ORIENTED_EDGE('',*,*,#1981,.F.);
#2546=ORIENTED_EDGE('',*,*,#1982,.F.);
#2547=ORIENTED_EDGE('',*,*,#1983,.F.);
#2548=ORIENTED_EDGE('',*,*,#1984,.F.);
#2549=ORIENTED_EDGE('',*,*,#1985,.F.);
#2550=ORIENTED_EDGE('',*,*,#1986,.F.);
#2551=ORIENTED_EDGE('',*,*,#1987,.F.);
#2552=ORIENTED_EDGE('',*,*,#1988,.T.);
#2553=ORIENTED_EDGE('',*,*,#1989,.T.);
#2554=ORIENTED_EDGE('',*,*,#1990,.T.);
#2555=ORIENTED_EDGE('',*,*,#1991,.T.);
#2556=ORIENTED_EDGE('',*,*,#1992,.T.);
#2557=ORIENTED_EDGE('',*,*,#1993,.T.);
#2558=ORIENTED_EDGE('',*,*,#1994,.T.);
#2559=ORIENTED_EDGE('',*,*,#1995,.T.);
#2560=ORIENTED_EDGE('',*,*,#1996,.T.);
#2561=ORIENTED_EDGE('',*,*,#1997,.T.);
#2562=ORIENTED_EDGE('',*,*,#1998,.T.);
#2563=ORIENTED_EDGE('',*,*,#1999,.T.);
#2564=ORIENTED_EDGE('',*,*,#2000,.T.);
#2565=ORIENTED_EDGE('',*,*,#2001,.T.);
#2566=ORIENTED_EDGE('',*,*,#2002,.T.);
#2567=ORIENTED_EDGE('',*,*,#2003,.T.);
#2568=ORIENTED_EDGE('',*,*,#2004,.T.);
#2569=ORIENTED_EDGE('',*,*,#2005,.T.);
#2570=ORIENTED_EDGE('',*,*,#2006,.T.);
#2571=ORIENTED_EDGE('',*,*,#2007,.T.);
#2572=ORIENTED_EDGE('',*,*,#2008,.T.);
#2573=ORIENTED_EDGE('',*,*,#2009,.T.);
#2574=ORIENTED_EDGE('',*,*,#2010,.T.);
#2575=ORIENTED_EDGE('',*,*,#2011,.T.);
#2576=ORIENTED_EDGE('',*,*,#2012,.T.);
#2577=ORIENTED_EDGE('',*,*,#2013,.T.);
#2578=ORIENTED_EDGE('',*,*,#2014,.T.);
#2579=ORIENTED_EDGE('',*,*,#2015,.T.);
#2580=ORIENTED_EDGE('',*,*,#2016,.T.);
#2581=ORIENTED_EDGE('',*,*,#2017,.T.);
#2582=ORIENTED_EDGE('',*,*,#2018,.T.);
#2583=ORIENTED_EDGE('',*,*,#2019,.T.);
#2584=ORIENTED_EDGE('',*,*,#2020,.T.);
#2585=ORIENTED_EDGE('',*,*,#2021,.T.);
#2586=ORIENTED_EDGE('',*,*,#2022,.T.);
#2587=ORIENTED_EDGE('',*,*,#2023,.T.);
#2588=ORIENTED_EDGE('',*,*,#2024,.T.);
#2589=ORIENTED_EDGE('',*,*,#2025,.T.);
#2590=ORIENTED_EDGE('',*,*,#2026,.T.);
#2591=ORIENTED_EDGE('',*,*,#2027,.T.);
#2592=ORIENTED_EDGE('',*,*,#2028,.T.);
#2593=ORIENTED_EDGE('',*,*,#2029,.T.);
#2594=ORIENTED_EDGE('',*,*,#2030,.T.);
#2595=ORIENTED_EDGE('',*,*,#2031,.T.);
#2596=ORIENTED_EDGE('',*,*,#2032,.T.);
#2597=ORIENTED_EDGE('',*,*,#2033,.T.);
#2598=ORIENTED_EDGE('',*,*,#2034,.T.);
#2599=ORIENTED_EDGE('',*,*,#2035,.T.);
#2600=ORIENTED_EDGE('',*,*,#2036,.T.);
#2601=ORIENTED_EDGE('',*,*,#2037,.T.);
#2602=ORIENTED_EDGE('',*,*,#2038,.T.);
#2603=ORIENTED_EDGE('',*,*,#2039,.T.);
#2604=ORIENTED_EDGE('',*,*,#2040,.T.);
#2605=ORIENTED_EDGE('',*,*,#2041,.T.);
#2606=ORIENTED_EDGE('',*,*,#2042,.T.);
#2607=ORIENTED_EDGE('',*,*,#2043,.T.);
#2608=ORIENTED_EDGE('',*,*,#2044,.T.);
#2609=ORIENTED_EDGE('',*,*,#2045,.T.);
#2610=ORIENTED_EDGE('',*,*,#2046,.T.);
#2611=ORIENTED_EDGE('',*,*,#2047,.T.);
#2612=ORIENTED_EDGE('',*,*,#2048,.T.);
#2613=ORIENTED_EDGE('',*,*,#2049,.T.);
#2614=ORIENTED_EDGE('',*,*,#2050,.T.);
#2615=ORIENTED_EDGE('',*,*,#2051,.T.);
#2616=ORIENTED_EDGE('',*,*,#2052,.T.);
#2617=ORIENTED_EDGE('',*,*,#2053,.T.);
#2618=ORIENTED_EDGE('',*,*,#2054,.T.);
#2619=ORIENTED_EDGE('',*,*,#2055,.T.);
#2620=ORIENTED_EDGE('',*,*,#2056,.T.);
#2621=ORIENTED_EDGE('',*,*,#2057,.T.);
#2622=ORIENTED_EDGE('',*,*,#2058,.T.);
#2623=ORIENTED_EDGE('',*,*,#2059,.T.);
#2624=ORIENTED_EDGE('',*,*,#2060,.T.);
#2625=ORIENTED_EDGE('',*,*,#2061,.T.);
#2626=ORIENTED_EDGE('',*,*,#2062,.T.);
#2627=ORIENTED_EDGE('',*,*,#2063,.T.);
#2628=ORIENTED_EDGE('',*,*,#2064,.T.);
#2629=ORIENTED_EDGE('',*,*,#2065,.T.);
#2630=ORIENTED_EDGE('',*,*,#2066,.T.);
#2631=ORIENTED_EDGE('',*,*,#2067,.T.);
#2632=ORIENTED_EDGE('',*,*,#2068,.T.);
#2633=ORIENTED_EDGE('',*,*,#2069,.T.);
#2634=ORIENTED_EDGE('',*,*,#2070,.T.);
#2635=ORIENTED_EDGE('',*,*,#2071,.T.);
#2636=ORIENTED_EDGE('',*,*,#2072,.T.);
#2637=ORIENTED_EDGE('',*,*,#2073,.T.);
#2638=ORIENTED_EDGE('',*,*,#2074,.T.);
#2639=ORIENTED_EDGE('',*,*,#2075,.T.);
#2640=ORIENTED_EDGE('',*,*,#2076,.T.);
#2641=ORIENTED_EDGE('',*,*,#2077,.T.);
#2642=ORIENTED_EDGE('',*,*,#2078,.T.);
#2643=ORIENTED_EDGE('',*,*,#2079,.T.);
#2644=ORIENTED_EDGE('',*,*,#2080,.T.);
#2645=ORIENTED_EDGE('',*,*,#2081,.T.);
#2646=ORIENTED_EDGE('',*,*,#2082,.T.);
#2647=ORIENTED_EDGE('',*,*,#2083,.T.);
#2648=ORIENTED_EDGE('',*,*,#2084,.T.);
#2649=ORIENTED_EDGE('',*,*,#2085,.T.);
#2650=ORIENTED_EDGE('',*,*,#2086,.T.);
#2651=ORIENTED_EDGE('',*,*,#2087,.T.);
#2652=ORIENTED_EDGE('',*,*,#2088,.T.);
#2653=ORIENTED_EDGE('',*,*,#2089,.T.);
#2654=ORIENTED_EDGE('',*,*,#2090,.T.);
#2655=ORIENTED_EDGE('',*,*,#2091,.T.);
#2656=ORIENTED_EDGE('',*,*,#2092,.T.);
#2657=ORIENTED_EDGE('',*,*,#2093,.T.);
#2658=ORIENTED_EDGE('',*,*,#2094,.T.);
#2659=ORIENTED_EDGE('',*,*,#2095,.T.);
#2660=ORIENTED_EDGE('',*,*,#2096,.T.);
#2661=ORIENTED_EDGE('',*,*,#2097,.T.);
#2662=ORIENTED_EDGE('',*,*,#2098,.T.);
#2663=ORIENTED_EDGE('',*,*,#2099,.T.);
#2664=ORIENTED_EDGE('',*,*,#2100,.T.);
#2665=ORIENTED_EDGE('',*,*,#2101,.T.);
#2666=ORIENTED_EDGE('',*,*,#2102,.T.);
#2667=ORIENTED_EDGE('',*,*,#2103,.T.);
#2668=ORIENTED_EDGE('',*,*,#2104,.T.);
#2669=ORIENTED_EDGE('',*,*,#2105,.T.);
#2670=ORIENTED_EDGE('',*,*,#2106,.T.);
#2671=ORIENTED_EDGE('',*,*,#2107,.T.);
#2672=ORIENTED_EDGE('',*,*,#2108,.T.);
#2673=ORIENTED_EDGE('',*,*,#2109,.T.);
#2674=ORIENTED_EDGE('',*,*,#2110,.T.);
#2675=ORIENTED_EDGE('',*,*,#2111,.T.);
#2676=ORIENTED_EDGE('',*,*,#2112,.F.);
#2677=ORIENTED_EDGE('',*,*,#2113,.F.);
#2678=ORIENTED_EDGE('',*,*,#2114,.F.);
#2679=ORIENTED_EDGE('',*,*,#2115,.F.);
#2680=ORIENTED_EDGE('',*,*,#1961,.F.);
#2681=ORIENTED_EDGE('',*,*,#1963,.F.);
#2682=ORIENTED_EDGE('',*,*,#1964,.F.);
#2683=ORIENTED_EDGE('',*,*,#2116,.T.);
#2684=ORIENTED_EDGE('',*,*,#2117,.F.);
#2685=ORIENTED_EDGE('',*,*,#2116,.F.);
#2686=ORIENTED_EDGE('',*,*,#1983,.T.);
#2687=ORIENTED_EDGE('',*,*,#2118,.T.);
#2688=ORIENTED_EDGE('',*,*,#2119,.T.);
#2689=ORIENTED_EDGE('',*,*,#2120,.T.);
#2690=ORIENTED_EDGE('',*,*,#2118,.F.);
#2691=ORIENTED_EDGE('',*,*,#2119,.F.);
#2692=ORIENTED_EDGE('',*,*,#2120,.F.);
#2693=ORIENTED_EDGE('',*,*,#2121,.T.);
#2694=ORIENTED_EDGE('',*,*,#2122,.F.);
#2695=ORIENTED_EDGE('',*,*,#2121,.F.);
#2696=ORIENTED_EDGE('',*,*,#2115,.T.);
#2697=ORIENTED_EDGE('',*,*,#2123,.T.);
#2698=ORIENTED_EDGE('',*,*,#2124,.T.);
#2699=ORIENTED_EDGE('',*,*,#2125,.T.);
#2700=ORIENTED_EDGE('',*,*,#2123,.F.);
#2701=ORIENTED_EDGE('',*,*,#2124,.F.);
#2702=ORIENTED_EDGE('',*,*,#2125,.F.);
#2703=ORIENTED_EDGE('',*,*,#2126,.T.);
#2704=ORIENTED_EDGE('',*,*,#2127,.F.);
#2705=ORIENTED_EDGE('',*,*,#2126,.F.);
#2706=ORIENTED_EDGE('',*,*,#1984,.T.);
#2707=ORIENTED_EDGE('',*,*,#2128,.T.);
#2708=ORIENTED_EDGE('',*,*,#2129,.T.);
#2709=ORIENTED_EDGE('',*,*,#2130,.T.);
#2710=ORIENTED_EDGE('',*,*,#2128,.F.);
#2711=ORIENTED_EDGE('',*,*,#2129,.F.);
#2712=ORIENTED_EDGE('',*,*,#2130,.F.);
#2713=ORIENTED_EDGE('',*,*,#2131,.T.);
#2714=ORIENTED_EDGE('',*,*,#2132,.F.);
#2715=ORIENTED_EDGE('',*,*,#2131,.F.);
#2716=ORIENTED_EDGE('',*,*,#2114,.T.);
#2717=ORIENTED_EDGE('',*,*,#2133,.T.);
#2718=ORIENTED_EDGE('',*,*,#2134,.T.);
#2719=ORIENTED_EDGE('',*,*,#2135,.T.);
#2720=ORIENTED_EDGE('',*,*,#2133,.F.);
#2721=ORIENTED_EDGE('',*,*,#2134,.F.);
#2722=ORIENTED_EDGE('',*,*,#2135,.F.);
#2723=ORIENTED_EDGE('',*,*,#2136,.T.);
#2724=ORIENTED_EDGE('',*,*,#2137,.F.);
#2725=ORIENTED_EDGE('',*,*,#2136,.F.);
#2726=ORIENTED_EDGE('',*,*,#1985,.T.);
#2727=ORIENTED_EDGE('',*,*,#2138,.T.);
#2728=ORIENTED_EDGE('',*,*,#2139,.T.);
#2729=ORIENTED_EDGE('',*,*,#2140,.T.);
#2730=ORIENTED_EDGE('',*,*,#2138,.F.);
#2731=ORIENTED_EDGE('',*,*,#2139,.F.);
#2732=ORIENTED_EDGE('',*,*,#2140,.F.);
#2733=ORIENTED_EDGE('',*,*,#2141,.T.);
#2734=ORIENTED_EDGE('',*,*,#2142,.F.);
#2735=ORIENTED_EDGE('',*,*,#2141,.F.);
#2736=ORIENTED_EDGE('',*,*,#2113,.T.);
#2737=ORIENTED_EDGE('',*,*,#2143,.T.);
#2738=ORIENTED_EDGE('',*,*,#2144,.T.);
#2739=ORIENTED_EDGE('',*,*,#2145,.T.);
#2740=ORIENTED_EDGE('',*,*,#2143,.F.);
#2741=ORIENTED_EDGE('',*,*,#2144,.F.);
#2742=ORIENTED_EDGE('',*,*,#2145,.F.);
#2743=ORIENTED_EDGE('',*,*,#2146,.T.);
#2744=ORIENTED_EDGE('',*,*,#2147,.F.);
#2745=ORIENTED_EDGE('',*,*,#2146,.F.);
#2746=ORIENTED_EDGE('',*,*,#1986,.T.);
#2747=ORIENTED_EDGE('',*,*,#2148,.T.);
#2748=ORIENTED_EDGE('',*,*,#2149,.T.);
#2749=ORIENTED_EDGE('',*,*,#2150,.T.);
#2750=ORIENTED_EDGE('',*,*,#2148,.F.);
#2751=ORIENTED_EDGE('',*,*,#2149,.F.);
#2752=ORIENTED_EDGE('',*,*,#2150,.F.);
#2753=ORIENTED_EDGE('',*,*,#2151,.T.);
#2754=ORIENTED_EDGE('',*,*,#2152,.F.);
#2755=ORIENTED_EDGE('',*,*,#2151,.F.);
#2756=ORIENTED_EDGE('',*,*,#2112,.T.);
#2757=ORIENTED_EDGE('',*,*,#2153,.T.);
#2758=ORIENTED_EDGE('',*,*,#2154,.T.);
#2759=ORIENTED_EDGE('',*,*,#2155,.T.);
#2760=ORIENTED_EDGE('',*,*,#2153,.F.);
#2761=ORIENTED_EDGE('',*,*,#2154,.F.);
#2762=ORIENTED_EDGE('',*,*,#2155,.F.);
#2763=ORIENTED_EDGE('',*,*,#2156,.T.);
#2764=ORIENTED_EDGE('',*,*,#2157,.F.);
#2765=ORIENTED_EDGE('',*,*,#2156,.F.);
#2766=ORIENTED_EDGE('',*,*,#1987,.T.);
#2767=ORIENTED_EDGE('',*,*,#2158,.T.);
#2768=ORIENTED_EDGE('',*,*,#2159,.T.);
#2769=ORIENTED_EDGE('',*,*,#2160,.T.);
#2770=ORIENTED_EDGE('',*,*,#2158,.F.);
#2771=ORIENTED_EDGE('',*,*,#2159,.F.);
#2772=ORIENTED_EDGE('',*,*,#2160,.F.);
#2773=ORIENTED_EDGE('',*,*,#2161,.T.);
#2774=ORIENTED_EDGE('',*,*,#2162,.F.);
#2775=ORIENTED_EDGE('',*,*,#2161,.F.);
#2776=ORIENTED_EDGE('',*,*,#2163,.T.);
#2777=ORIENTED_EDGE('',*,*,#2164,.T.);
#2778=ORIENTED_EDGE('',*,*,#2165,.T.);
#2779=ORIENTED_EDGE('',*,*,#2164,.F.);
#2780=ORIENTED_EDGE('',*,*,#2166,.T.);
#2781=ORIENTED_EDGE('',*,*,#2167,.F.);
#2782=ORIENTED_EDGE('',*,*,#2168,.T.);
#2783=ORIENTED_EDGE('',*,*,#2169,.F.);
#2784=ORIENTED_EDGE('',*,*,#2170,.T.);
#2785=ORIENTED_EDGE('',*,*,#2171,.F.);
#2786=ORIENTED_EDGE('',*,*,#2172,.T.);
#2787=ORIENTED_EDGE('',*,*,#2173,.F.);
#2788=ORIENTED_EDGE('',*,*,#2174,.T.);
#2789=ORIENTED_EDGE('',*,*,#2175,.F.);
#2790=ORIENTED_EDGE('',*,*,#2176,.T.);
#2791=ORIENTED_EDGE('',*,*,#2177,.F.);
#2792=ORIENTED_EDGE('',*,*,#2178,.T.);
#2793=ORIENTED_EDGE('',*,*,#2179,.F.);
#2794=ORIENTED_EDGE('',*,*,#2180,.T.);
#2795=ORIENTED_EDGE('',*,*,#2181,.F.);
#2796=ORIENTED_EDGE('',*,*,#2182,.F.);
#2797=ORIENTED_EDGE('',*,*,#2183,.T.);
#2798=ORIENTED_EDGE('',*,*,#2184,.T.);
#2799=ORIENTED_EDGE('',*,*,#2185,.T.);
#2800=ORIENTED_EDGE('',*,*,#2186,.T.);
#2801=ORIENTED_EDGE('',*,*,#2187,.T.);
#2802=ORIENTED_EDGE('',*,*,#2188,.T.);
#2803=ORIENTED_EDGE('',*,*,#2189,.T.);
#2804=ORIENTED_EDGE('',*,*,#2190,.T.);
#2805=ORIENTED_EDGE('',*,*,#2191,.T.);
#2806=ORIENTED_EDGE('',*,*,#2192,.T.);
#2807=ORIENTED_EDGE('',*,*,#2193,.T.);
#2808=ORIENTED_EDGE('',*,*,#2194,.T.);
#2809=ORIENTED_EDGE('',*,*,#2195,.T.);
#2810=ORIENTED_EDGE('',*,*,#2196,.T.);
#2811=ORIENTED_EDGE('',*,*,#2197,.T.);
#2812=ORIENTED_EDGE('',*,*,#2198,.T.);
#2813=ORIENTED_EDGE('',*,*,#2199,.T.);
#2814=ORIENTED_EDGE('',*,*,#2200,.T.);
#2815=ORIENTED_EDGE('',*,*,#2201,.T.);
#2816=ORIENTED_EDGE('',*,*,#2202,.T.);
#2817=ORIENTED_EDGE('',*,*,#2203,.T.);
#2818=ORIENTED_EDGE('',*,*,#2204,.T.);
#2819=ORIENTED_EDGE('',*,*,#2205,.T.);
#2820=ORIENTED_EDGE('',*,*,#2206,.T.);
#2821=ORIENTED_EDGE('',*,*,#2207,.T.);
#2822=ORIENTED_EDGE('',*,*,#2208,.T.);
#2823=ORIENTED_EDGE('',*,*,#2209,.T.);
#2824=ORIENTED_EDGE('',*,*,#2210,.T.);
#2825=ORIENTED_EDGE('',*,*,#2211,.T.);
#2826=ORIENTED_EDGE('',*,*,#2212,.T.);
#2827=ORIENTED_EDGE('',*,*,#2213,.T.);
#2828=ORIENTED_EDGE('',*,*,#2214,.T.);
#2829=ORIENTED_EDGE('',*,*,#2215,.T.);
#2830=ORIENTED_EDGE('',*,*,#2216,.T.);
#2831=ORIENTED_EDGE('',*,*,#2217,.T.);
#2832=ORIENTED_EDGE('',*,*,#2218,.T.);
#2833=ORIENTED_EDGE('',*,*,#2132,.T.);
#2834=ORIENTED_EDGE('',*,*,#2147,.T.);
#2835=ORIENTED_EDGE('',*,*,#2219,.T.);
#2836=ORIENTED_EDGE('',*,*,#2220,.T.);
#2837=ORIENTED_EDGE('',*,*,#2221,.T.);
#2838=ORIENTED_EDGE('',*,*,#2222,.T.);
#2839=ORIENTED_EDGE('',*,*,#2223,.T.);
#2840=ORIENTED_EDGE('',*,*,#2224,.T.);
#2841=ORIENTED_EDGE('',*,*,#2225,.T.);
#2842=ORIENTED_EDGE('',*,*,#2226,.T.);
#2843=ORIENTED_EDGE('',*,*,#2227,.T.);
#2844=ORIENTED_EDGE('',*,*,#2228,.T.);
#2845=ORIENTED_EDGE('',*,*,#2229,.T.);
#2846=ORIENTED_EDGE('',*,*,#2230,.T.);
#2847=ORIENTED_EDGE('',*,*,#2231,.T.);
#2848=ORIENTED_EDGE('',*,*,#2232,.T.);
#2849=ORIENTED_EDGE('',*,*,#2233,.T.);
#2850=ORIENTED_EDGE('',*,*,#2234,.T.);
#2851=ORIENTED_EDGE('',*,*,#2235,.T.);
#2852=ORIENTED_EDGE('',*,*,#2236,.T.);
#2853=ORIENTED_EDGE('',*,*,#2237,.T.);
#2854=ORIENTED_EDGE('',*,*,#2238,.T.);
#2855=ORIENTED_EDGE('',*,*,#2239,.T.);
#2856=ORIENTED_EDGE('',*,*,#2240,.T.);
#2857=ORIENTED_EDGE('',*,*,#2241,.T.);
#2858=ORIENTED_EDGE('',*,*,#2242,.T.);
#2859=ORIENTED_EDGE('',*,*,#2243,.T.);
#2860=ORIENTED_EDGE('',*,*,#2244,.T.);
#2861=ORIENTED_EDGE('',*,*,#2245,.T.);
#2862=ORIENTED_EDGE('',*,*,#2246,.T.);
#2863=ORIENTED_EDGE('',*,*,#2247,.T.);
#2864=ORIENTED_EDGE('',*,*,#2162,.T.);
#2865=ORIENTED_EDGE('',*,*,#2248,.T.);
#2866=ORIENTED_EDGE('',*,*,#2249,.T.);
#2867=ORIENTED_EDGE('',*,*,#2250,.T.);
#2868=ORIENTED_EDGE('',*,*,#2251,.T.);
#2869=ORIENTED_EDGE('',*,*,#2252,.T.);
#2870=ORIENTED_EDGE('',*,*,#2253,.T.);
#2871=ORIENTED_EDGE('',*,*,#2254,.T.);
#2872=ORIENTED_EDGE('',*,*,#2255,.T.);
#2873=ORIENTED_EDGE('',*,*,#2256,.T.);
#2874=ORIENTED_EDGE('',*,*,#2257,.T.);
#2875=ORIENTED_EDGE('',*,*,#2258,.T.);
#2876=ORIENTED_EDGE('',*,*,#2259,.T.);
#2877=ORIENTED_EDGE('',*,*,#2260,.T.);
#2878=ORIENTED_EDGE('',*,*,#2261,.T.);
#2879=ORIENTED_EDGE('',*,*,#2262,.T.);
#2880=ORIENTED_EDGE('',*,*,#2263,.T.);
#2881=ORIENTED_EDGE('',*,*,#2264,.T.);
#2882=ORIENTED_EDGE('',*,*,#2265,.T.);
#2883=ORIENTED_EDGE('',*,*,#2266,.T.);
#2884=ORIENTED_EDGE('',*,*,#2267,.T.);
#2885=ORIENTED_EDGE('',*,*,#2268,.T.);
#2886=ORIENTED_EDGE('',*,*,#2269,.T.);
#2887=ORIENTED_EDGE('',*,*,#2270,.T.);
#2888=ORIENTED_EDGE('',*,*,#2271,.T.);
#2889=ORIENTED_EDGE('',*,*,#2272,.T.);
#2890=ORIENTED_EDGE('',*,*,#2273,.T.);
#2891=ORIENTED_EDGE('',*,*,#2274,.T.);
#2892=ORIENTED_EDGE('',*,*,#2275,.T.);
#2893=ORIENTED_EDGE('',*,*,#2276,.T.);
#2894=ORIENTED_EDGE('',*,*,#2277,.T.);
#2895=ORIENTED_EDGE('',*,*,#2278,.T.);
#2896=ORIENTED_EDGE('',*,*,#2279,.T.);
#2897=ORIENTED_EDGE('',*,*,#2280,.T.);
#2898=ORIENTED_EDGE('',*,*,#2281,.T.);
#2899=ORIENTED_EDGE('',*,*,#2282,.T.);
#2900=ORIENTED_EDGE('',*,*,#2283,.T.);
#2901=ORIENTED_EDGE('',*,*,#2284,.T.);
#2902=ORIENTED_EDGE('',*,*,#2285,.T.);
#2903=ORIENTED_EDGE('',*,*,#2286,.T.);
#2904=ORIENTED_EDGE('',*,*,#2287,.T.);
#2905=ORIENTED_EDGE('',*,*,#2288,.T.);
#2906=ORIENTED_EDGE('',*,*,#2289,.T.);
#2907=ORIENTED_EDGE('',*,*,#2290,.T.);
#2908=ORIENTED_EDGE('',*,*,#2291,.T.);
#2909=ORIENTED_EDGE('',*,*,#2292,.T.);
#2910=ORIENTED_EDGE('',*,*,#2293,.T.);
#2911=ORIENTED_EDGE('',*,*,#2294,.T.);
#2912=ORIENTED_EDGE('',*,*,#2295,.T.);
#2913=ORIENTED_EDGE('',*,*,#2296,.T.);
#2914=ORIENTED_EDGE('',*,*,#2297,.T.);
#2915=ORIENTED_EDGE('',*,*,#2298,.T.);
#2916=ORIENTED_EDGE('',*,*,#2299,.T.);
#2917=ORIENTED_EDGE('',*,*,#2137,.T.);
#2918=ORIENTED_EDGE('',*,*,#2127,.T.);
#2919=ORIENTED_EDGE('',*,*,#2117,.T.);
#2920=ORIENTED_EDGE('',*,*,#2152,.T.);
#2921=ORIENTED_EDGE('',*,*,#2157,.T.);
#2922=ORIENTED_EDGE('',*,*,#2122,.T.);
#2923=ORIENTED_EDGE('',*,*,#2142,.T.);
#2924=ORIENTED_EDGE('',*,*,#2300,.F.);
#2925=ORIENTED_EDGE('',*,*,#2163,.F.);
#2926=ORIENTED_EDGE('',*,*,#2301,.F.);
#2927=ORIENTED_EDGE('',*,*,#2302,.T.);
#2928=ORIENTED_EDGE('',*,*,#2165,.F.);
#2929=ORIENTED_EDGE('',*,*,#2302,.F.);
#2930=ORIENTED_EDGE('',*,*,#2182,.T.);
#2931=ORIENTED_EDGE('',*,*,#2303,.T.);
#2932=ORIENTED_EDGE('',*,*,#2304,.T.);
#2933=ORIENTED_EDGE('',*,*,#2303,.F.);
#2934=ORIENTED_EDGE('',*,*,#2305,.F.);
#2935=ORIENTED_EDGE('',*,*,#2306,.T.);
#2936=ORIENTED_EDGE('',*,*,#2304,.F.);
#2937=ORIENTED_EDGE('',*,*,#2306,.F.);
#2938=ORIENTED_EDGE('',*,*,#2300,.T.);
#2939=ORIENTED_EDGE('',*,*,#2307,.T.);
#2940=ORIENTED_EDGE('',*,*,#2308,.T.);
#2941=ORIENTED_EDGE('',*,*,#2307,.F.);
#2942=ORIENTED_EDGE('',*,*,#2309,.F.);
#2943=ORIENTED_EDGE('',*,*,#2310,.T.);
#2944=ORIENTED_EDGE('',*,*,#2308,.F.);
#2945=ORIENTED_EDGE('',*,*,#2310,.F.);
#2946=ORIENTED_EDGE('',*,*,#2311,.T.);
#2947=ORIENTED_EDGE('',*,*,#1973,.T.);
#2948=ORIENTED_EDGE('',*,*,#2312,.T.);
#2949=ORIENTED_EDGE('',*,*,#2313,.T.);
#2950=ORIENTED_EDGE('',*,*,#2314,.T.);
#2951=ORIENTED_EDGE('',*,*,#2315,.T.);
#2952=ORIENTED_EDGE('',*,*,#2312,.F.);
#2953=ORIENTED_EDGE('',*,*,#1972,.T.);
#2954=ORIENTED_EDGE('',*,*,#2316,.T.);
#2955=ORIENTED_EDGE('',*,*,#2317,.T.);
#2956=ORIENTED_EDGE('',*,*,#2314,.F.);
#2957=ORIENTED_EDGE('',*,*,#1971,.T.);
#2958=ORIENTED_EDGE('',*,*,#2318,.T.);
#2959=ORIENTED_EDGE('',*,*,#2319,.T.);
#2960=ORIENTED_EDGE('',*,*,#2316,.F.);
#2961=ORIENTED_EDGE('',*,*,#2320,.T.);
#2962=ORIENTED_EDGE('',*,*,#2321,.T.);
#2963=ORIENTED_EDGE('',*,*,#2322,.T.);
#2964=ORIENTED_EDGE('',*,*,#2323,.T.);
#2965=ORIENTED_EDGE('',*,*,#2318,.F.);
#2966=ORIENTED_EDGE('',*,*,#1969,.T.);
#2967=ORIENTED_EDGE('',*,*,#2324,.T.);
#2968=ORIENTED_EDGE('',*,*,#2325,.T.);
#2969=ORIENTED_EDGE('',*,*,#2322,.F.);
#2970=ORIENTED_EDGE('',*,*,#1968,.T.);
#2971=ORIENTED_EDGE('',*,*,#2326,.T.);
#2972=ORIENTED_EDGE('',*,*,#2327,.T.);
#2973=ORIENTED_EDGE('',*,*,#2324,.F.);
#2974=ORIENTED_EDGE('',*,*,#1967,.T.);
#2975=ORIENTED_EDGE('',*,*,#2328,.T.);
#2976=ORIENTED_EDGE('',*,*,#2329,.T.);
#2977=ORIENTED_EDGE('',*,*,#2326,.F.);
#2978=ORIENTED_EDGE('',*,*,#2330,.T.);
#2979=ORIENTED_EDGE('',*,*,#2331,.T.);
#2980=ORIENTED_EDGE('',*,*,#2332,.T.);
#2981=ORIENTED_EDGE('',*,*,#2333,.T.);
#2982=ORIENTED_EDGE('',*,*,#2328,.F.);
#2983=ORIENTED_EDGE('',*,*,#1965,.T.);
#2984=ORIENTED_EDGE('',*,*,#2334,.T.);
#2985=ORIENTED_EDGE('',*,*,#2335,.T.);
#2986=ORIENTED_EDGE('',*,*,#2332,.F.);
#2987=ORIENTED_EDGE('',*,*,#1982,.T.);
#2988=ORIENTED_EDGE('',*,*,#2336,.T.);
#2989=ORIENTED_EDGE('',*,*,#2337,.T.);
#2990=ORIENTED_EDGE('',*,*,#2334,.F.);
#2991=ORIENTED_EDGE('',*,*,#1981,.T.);
#2992=ORIENTED_EDGE('',*,*,#2338,.T.);
#2993=ORIENTED_EDGE('',*,*,#2339,.T.);
#2994=ORIENTED_EDGE('',*,*,#2336,.F.);
#2995=ORIENTED_EDGE('',*,*,#2340,.T.);
#2996=ORIENTED_EDGE('',*,*,#2341,.T.);
#2997=ORIENTED_EDGE('',*,*,#2342,.T.);
#2998=ORIENTED_EDGE('',*,*,#2338,.F.);
#2999=ORIENTED_EDGE('',*,*,#1978,.T.);
#3000=ORIENTED_EDGE('',*,*,#2343,.T.);
#3001=ORIENTED_EDGE('',*,*,#2344,.T.);
#3002=ORIENTED_EDGE('',*,*,#2341,.F.);
#3003=ORIENTED_EDGE('',*,*,#1977,.T.);
#3004=ORIENTED_EDGE('',*,*,#2345,.T.);
#3005=ORIENTED_EDGE('',*,*,#2346,.T.);
#3006=ORIENTED_EDGE('',*,*,#2343,.F.);
#3007=ORIENTED_EDGE('',*,*,#1976,.T.);
#3008=ORIENTED_EDGE('',*,*,#2311,.F.);
#3009=ORIENTED_EDGE('',*,*,#2347,.T.);
#3010=ORIENTED_EDGE('',*,*,#2345,.F.);
#3011=ORIENTED_EDGE('',*,*,#2348,.T.);
#3012=ORIENTED_EDGE('',*,*,#2335,.F.);
#3013=ORIENTED_EDGE('',*,*,#2349,.F.);
#3014=ORIENTED_EDGE('',*,*,#2174,.F.);
#3015=ORIENTED_EDGE('',*,*,#2350,.F.);
#3016=ORIENTED_EDGE('',*,*,#2337,.F.);
#3017=ORIENTED_EDGE('',*,*,#2351,.T.);
#3018=ORIENTED_EDGE('',*,*,#2175,.T.);
#3019=ORIENTED_EDGE('',*,*,#2349,.T.);
#3020=ORIENTED_EDGE('',*,*,#2339,.F.);
#3021=ORIENTED_EDGE('',*,*,#2352,.F.);
#3022=ORIENTED_EDGE('',*,*,#2176,.F.);
#3023=ORIENTED_EDGE('',*,*,#2351,.F.);
#3024=ORIENTED_EDGE('',*,*,#2342,.F.);
#3025=ORIENTED_EDGE('',*,*,#2353,.T.);
#3026=ORIENTED_EDGE('',*,*,#2177,.T.);
#3027=ORIENTED_EDGE('',*,*,#2352,.T.);
#3028=ORIENTED_EDGE('',*,*,#2344,.F.);
#3029=ORIENTED_EDGE('',*,*,#2354,.F.);
#3030=ORIENTED_EDGE('',*,*,#2178,.F.);
#3031=ORIENTED_EDGE('',*,*,#2353,.F.);
#3032=ORIENTED_EDGE('',*,*,#2346,.F.);
#3033=ORIENTED_EDGE('',*,*,#2355,.T.);
#3034=ORIENTED_EDGE('',*,*,#2179,.T.);
#3035=ORIENTED_EDGE('',*,*,#2354,.T.);
#3036=ORIENTED_EDGE('',*,*,#2347,.F.);
#3037=ORIENTED_EDGE('',*,*,#2356,.F.);
#3038=ORIENTED_EDGE('',*,*,#2180,.F.);
#3039=ORIENTED_EDGE('',*,*,#2355,.F.);
#3040=ORIENTED_EDGE('',*,*,#2313,.F.);
#3041=ORIENTED_EDGE('',*,*,#2357,.T.);
#3042=ORIENTED_EDGE('',*,*,#2181,.T.);
#3043=ORIENTED_EDGE('',*,*,#2356,.T.);
#3044=ORIENTED_EDGE('',*,*,#2323,.F.);
#3045=ORIENTED_EDGE('',*,*,#2358,.T.);
#3046=ORIENTED_EDGE('',*,*,#2169,.T.);
#3047=ORIENTED_EDGE('',*,*,#2359,.T.);
#3048=ORIENTED_EDGE('',*,*,#2325,.F.);
#3049=ORIENTED_EDGE('',*,*,#2360,.F.);
#3050=ORIENTED_EDGE('',*,*,#2170,.F.);
#3051=ORIENTED_EDGE('',*,*,#2358,.F.);
#3052=ORIENTED_EDGE('',*,*,#2317,.F.);
#3053=ORIENTED_EDGE('',*,*,#2361,.T.);
#3054=ORIENTED_EDGE('',*,*,#2167,.T.);
#3055=ORIENTED_EDGE('',*,*,#2362,.T.);
#3056=ORIENTED_EDGE('',*,*,#2319,.F.);
#3057=ORIENTED_EDGE('',*,*,#2359,.F.);
#3058=ORIENTED_EDGE('',*,*,#2168,.F.);
#3059=ORIENTED_EDGE('',*,*,#2361,.F.);
#3060=ORIENTED_EDGE('',*,*,#2315,.F.);
#3061=ORIENTED_EDGE('',*,*,#2362,.F.);
#3062=ORIENTED_EDGE('',*,*,#2166,.F.);
#3063=ORIENTED_EDGE('',*,*,#2357,.F.);
#3064=ORIENTED_EDGE('',*,*,#2333,.F.);
#3065=ORIENTED_EDGE('',*,*,#2350,.T.);
#3066=ORIENTED_EDGE('',*,*,#2173,.T.);
#3067=ORIENTED_EDGE('',*,*,#2363,.T.);
#3068=ORIENTED_EDGE('',*,*,#2327,.F.);
#3069=ORIENTED_EDGE('',*,*,#2364,.T.);
#3070=ORIENTED_EDGE('',*,*,#2171,.T.);
#3071=ORIENTED_EDGE('',*,*,#2360,.T.);
#3072=ORIENTED_EDGE('',*,*,#2329,.F.);
#3073=ORIENTED_EDGE('',*,*,#2363,.F.);
#3074=ORIENTED_EDGE('',*,*,#2172,.F.);
#3075=ORIENTED_EDGE('',*,*,#2364,.F.);
#3076=ORIENTED_EDGE('',*,*,#2365,.T.);
#3077=ORIENTED_EDGE('',*,*,#2366,.T.);
#3078=ORIENTED_EDGE('',*,*,#2367,.F.);
#3079=ORIENTED_EDGE('',*,*,#2368,.F.);
#3080=ORIENTED_EDGE('',*,*,#2366,.F.);
#3081=ORIENTED_EDGE('',*,*,#2183,.F.);
#3082=ORIENTED_EDGE('',*,*,#2369,.T.);
#3083=ORIENTED_EDGE('',*,*,#2365,.F.);
#3084=ORIENTED_EDGE('',*,*,#2369,.F.);
#3085=ORIENTED_EDGE('',*,*,#2370,.T.);
#3086=ORIENTED_EDGE('',*,*,#2371,.T.);
#3087=ORIENTED_EDGE('',*,*,#2372,.F.);
#3088=ORIENTED_EDGE('',*,*,#2373,.F.);
#3089=ORIENTED_EDGE('',*,*,#2371,.F.);
#3090=ORIENTED_EDGE('',*,*,#2184,.F.);
#3091=ORIENTED_EDGE('',*,*,#2374,.T.);
#3092=ORIENTED_EDGE('',*,*,#2370,.F.);
#3093=ORIENTED_EDGE('',*,*,#2374,.F.);
#3094=ORIENTED_EDGE('',*,*,#2375,.T.);
#3095=ORIENTED_EDGE('',*,*,#2376,.T.);
#3096=ORIENTED_EDGE('',*,*,#2377,.F.);
#3097=ORIENTED_EDGE('',*,*,#2378,.F.);
#3098=ORIENTED_EDGE('',*,*,#2376,.F.);
#3099=ORIENTED_EDGE('',*,*,#2185,.F.);
#3100=ORIENTED_EDGE('',*,*,#2379,.T.);
#3101=ORIENTED_EDGE('',*,*,#2375,.F.);
#3102=ORIENTED_EDGE('',*,*,#2379,.F.);
#3103=ORIENTED_EDGE('',*,*,#2380,.T.);
#3104=ORIENTED_EDGE('',*,*,#2381,.T.);
#3105=ORIENTED_EDGE('',*,*,#2382,.F.);
#3106=ORIENTED_EDGE('',*,*,#2383,.F.);
#3107=ORIENTED_EDGE('',*,*,#2381,.F.);
#3108=ORIENTED_EDGE('',*,*,#2186,.F.);
#3109=ORIENTED_EDGE('',*,*,#2384,.T.);
#3110=ORIENTED_EDGE('',*,*,#2380,.F.);
#3111=ORIENTED_EDGE('',*,*,#2384,.F.);
#3112=ORIENTED_EDGE('',*,*,#2385,.F.);
#3113=ORIENTED_EDGE('',*,*,#2386,.T.);
#3114=ORIENTED_EDGE('',*,*,#1988,.F.);
#3115=ORIENTED_EDGE('',*,*,#2386,.F.);
#3116=ORIENTED_EDGE('',*,*,#2385,.T.);
#3117=ORIENTED_EDGE('',*,*,#2309,.T.);
#3118=ORIENTED_EDGE('',*,*,#2387,.F.);
#3119=ORIENTED_EDGE('',*,*,#2388,.T.);
#3120=ORIENTED_EDGE('',*,*,#1989,.F.);
#3121=ORIENTED_EDGE('',*,*,#2388,.F.);
#3122=ORIENTED_EDGE('',*,*,#2387,.T.);
#3123=ORIENTED_EDGE('',*,*,#2301,.T.);
#3124=ORIENTED_EDGE('',*,*,#2389,.F.);
#3125=ORIENTED_EDGE('',*,*,#2390,.T.);
#3126=ORIENTED_EDGE('',*,*,#1990,.F.);
#3127=ORIENTED_EDGE('',*,*,#2390,.F.);
#3128=ORIENTED_EDGE('',*,*,#2389,.T.);
#3129=ORIENTED_EDGE('',*,*,#2305,.T.);
#3130=ORIENTED_EDGE('',*,*,#2290,.F.);
#3131=ORIENTED_EDGE('',*,*,#2391,.F.);
#3132=ORIENTED_EDGE('',*,*,#2001,.F.);
#3133=ORIENTED_EDGE('',*,*,#2392,.T.);
#3134=ORIENTED_EDGE('',*,*,#2291,.F.);
#3135=ORIENTED_EDGE('',*,*,#2392,.F.);
#3136=ORIENTED_EDGE('',*,*,#2000,.F.);
#3137=ORIENTED_EDGE('',*,*,#2393,.T.);
#3138=ORIENTED_EDGE('',*,*,#2292,.F.);
#3139=ORIENTED_EDGE('',*,*,#2393,.F.);
#3140=ORIENTED_EDGE('',*,*,#1999,.F.);
#3141=ORIENTED_EDGE('',*,*,#2394,.T.);
#3142=ORIENTED_EDGE('',*,*,#2293,.F.);
#3143=ORIENTED_EDGE('',*,*,#2394,.F.);
#3144=ORIENTED_EDGE('',*,*,#1998,.F.);
#3145=ORIENTED_EDGE('',*,*,#2395,.T.);
#3146=ORIENTED_EDGE('',*,*,#2294,.F.);
#3147=ORIENTED_EDGE('',*,*,#2395,.F.);
#3148=ORIENTED_EDGE('',*,*,#1997,.F.);
#3149=ORIENTED_EDGE('',*,*,#2396,.T.);
#3150=ORIENTED_EDGE('',*,*,#2295,.F.);
#3151=ORIENTED_EDGE('',*,*,#2396,.F.);
#3152=ORIENTED_EDGE('',*,*,#1996,.F.);
#3153=ORIENTED_EDGE('',*,*,#2397,.T.);
#3154=ORIENTED_EDGE('',*,*,#2296,.F.);
#3155=ORIENTED_EDGE('',*,*,#2397,.F.);
#3156=ORIENTED_EDGE('',*,*,#1995,.F.);
#3157=ORIENTED_EDGE('',*,*,#2398,.T.);
#3158=ORIENTED_EDGE('',*,*,#2297,.F.);
#3159=ORIENTED_EDGE('',*,*,#2398,.F.);
#3160=ORIENTED_EDGE('',*,*,#1994,.F.);
#3161=ORIENTED_EDGE('',*,*,#2399,.T.);
#3162=ORIENTED_EDGE('',*,*,#2298,.F.);
#3163=ORIENTED_EDGE('',*,*,#2399,.F.);
#3164=ORIENTED_EDGE('',*,*,#1993,.F.);
#3165=ORIENTED_EDGE('',*,*,#2400,.T.);
#3166=ORIENTED_EDGE('',*,*,#2299,.F.);
#3167=ORIENTED_EDGE('',*,*,#2400,.F.);
#3168=ORIENTED_EDGE('',*,*,#1992,.F.);
#3169=ORIENTED_EDGE('',*,*,#2401,.T.);
#3170=ORIENTED_EDGE('',*,*,#2280,.F.);
#3171=ORIENTED_EDGE('',*,*,#2401,.F.);
#3172=ORIENTED_EDGE('',*,*,#1991,.F.);
#3173=ORIENTED_EDGE('',*,*,#2402,.T.);
#3174=ORIENTED_EDGE('',*,*,#2281,.F.);
#3175=ORIENTED_EDGE('',*,*,#2402,.F.);
#3176=ORIENTED_EDGE('',*,*,#2010,.F.);
#3177=ORIENTED_EDGE('',*,*,#2403,.T.);
#3178=ORIENTED_EDGE('',*,*,#2282,.F.);
#3179=ORIENTED_EDGE('',*,*,#2403,.F.);
#3180=ORIENTED_EDGE('',*,*,#2009,.F.);
#3181=ORIENTED_EDGE('',*,*,#2404,.T.);
#3182=ORIENTED_EDGE('',*,*,#2283,.F.);
#3183=ORIENTED_EDGE('',*,*,#2404,.F.);
#3184=ORIENTED_EDGE('',*,*,#2008,.F.);
#3185=ORIENTED_EDGE('',*,*,#2405,.T.);
#3186=ORIENTED_EDGE('',*,*,#2284,.F.);
#3187=ORIENTED_EDGE('',*,*,#2405,.F.);
#3188=ORIENTED_EDGE('',*,*,#2007,.F.);
#3189=ORIENTED_EDGE('',*,*,#2406,.T.);
#3190=ORIENTED_EDGE('',*,*,#2285,.F.);
#3191=ORIENTED_EDGE('',*,*,#2406,.F.);
#3192=ORIENTED_EDGE('',*,*,#2006,.F.);
#3193=ORIENTED_EDGE('',*,*,#2407,.T.);
#3194=ORIENTED_EDGE('',*,*,#2286,.F.);
#3195=ORIENTED_EDGE('',*,*,#2407,.F.);
#3196=ORIENTED_EDGE('',*,*,#2005,.F.);
#3197=ORIENTED_EDGE('',*,*,#2408,.T.);
#3198=ORIENTED_EDGE('',*,*,#2287,.F.);
#3199=ORIENTED_EDGE('',*,*,#2408,.F.);
#3200=ORIENTED_EDGE('',*,*,#2004,.F.);
#3201=ORIENTED_EDGE('',*,*,#2409,.T.);
#3202=ORIENTED_EDGE('',*,*,#2288,.F.);
#3203=ORIENTED_EDGE('',*,*,#2409,.F.);
#3204=ORIENTED_EDGE('',*,*,#2003,.F.);
#3205=ORIENTED_EDGE('',*,*,#2410,.T.);
#3206=ORIENTED_EDGE('',*,*,#2289,.F.);
#3207=ORIENTED_EDGE('',*,*,#2410,.F.);
#3208=ORIENTED_EDGE('',*,*,#2002,.F.);
#3209=ORIENTED_EDGE('',*,*,#2391,.T.);
#3210=ORIENTED_EDGE('',*,*,#2264,.F.);
#3211=ORIENTED_EDGE('',*,*,#2411,.F.);
#3212=ORIENTED_EDGE('',*,*,#2027,.F.);
#3213=ORIENTED_EDGE('',*,*,#2412,.T.);
#3214=ORIENTED_EDGE('',*,*,#2265,.F.);
#3215=ORIENTED_EDGE('',*,*,#2412,.F.);
#3216=ORIENTED_EDGE('',*,*,#2026,.F.);
#3217=ORIENTED_EDGE('',*,*,#2413,.T.);
#3218=ORIENTED_EDGE('',*,*,#2266,.F.);
#3219=ORIENTED_EDGE('',*,*,#2413,.F.);
#3220=ORIENTED_EDGE('',*,*,#2025,.F.);
#3221=ORIENTED_EDGE('',*,*,#2414,.T.);
#3222=ORIENTED_EDGE('',*,*,#2267,.F.);
#3223=ORIENTED_EDGE('',*,*,#2414,.F.);
#3224=ORIENTED_EDGE('',*,*,#2024,.F.);
#3225=ORIENTED_EDGE('',*,*,#2415,.T.);
#3226=ORIENTED_EDGE('',*,*,#2268,.F.);
#3227=ORIENTED_EDGE('',*,*,#2415,.F.);
#3228=ORIENTED_EDGE('',*,*,#2023,.F.);
#3229=ORIENTED_EDGE('',*,*,#2416,.T.);
#3230=ORIENTED_EDGE('',*,*,#2269,.F.);
#3231=ORIENTED_EDGE('',*,*,#2416,.F.);
#3232=ORIENTED_EDGE('',*,*,#2022,.F.);
#3233=ORIENTED_EDGE('',*,*,#2417,.T.);
#3234=ORIENTED_EDGE('',*,*,#2270,.F.);
#3235=ORIENTED_EDGE('',*,*,#2417,.F.);
#3236=ORIENTED_EDGE('',*,*,#2021,.F.);
#3237=ORIENTED_EDGE('',*,*,#2418,.T.);
#3238=ORIENTED_EDGE('',*,*,#2271,.F.);
#3239=ORIENTED_EDGE('',*,*,#2418,.F.);
#3240=ORIENTED_EDGE('',*,*,#2020,.F.);
#3241=ORIENTED_EDGE('',*,*,#2419,.T.);
#3242=ORIENTED_EDGE('',*,*,#2272,.F.);
#3243=ORIENTED_EDGE('',*,*,#2419,.F.);
#3244=ORIENTED_EDGE('',*,*,#2019,.F.);
#3245=ORIENTED_EDGE('',*,*,#2420,.T.);
#3246=ORIENTED_EDGE('',*,*,#2273,.F.);
#3247=ORIENTED_EDGE('',*,*,#2420,.F.);
#3248=ORIENTED_EDGE('',*,*,#2018,.F.);
#3249=ORIENTED_EDGE('',*,*,#2421,.T.);
#3250=ORIENTED_EDGE('',*,*,#2274,.F.);
#3251=ORIENTED_EDGE('',*,*,#2421,.F.);
#3252=ORIENTED_EDGE('',*,*,#2017,.F.);
#3253=ORIENTED_EDGE('',*,*,#2422,.T.);
#3254=ORIENTED_EDGE('',*,*,#2275,.F.);
#3255=ORIENTED_EDGE('',*,*,#2422,.F.);
#3256=ORIENTED_EDGE('',*,*,#2016,.F.);
#3257=ORIENTED_EDGE('',*,*,#2423,.T.);
#3258=ORIENTED_EDGE('',*,*,#2276,.F.);
#3259=ORIENTED_EDGE('',*,*,#2423,.F.);
#3260=ORIENTED_EDGE('',*,*,#2015,.F.);
#3261=ORIENTED_EDGE('',*,*,#2424,.T.);
#3262=ORIENTED_EDGE('',*,*,#2277,.F.);
#3263=ORIENTED_EDGE('',*,*,#2424,.F.);
#3264=ORIENTED_EDGE('',*,*,#2014,.F.);
#3265=ORIENTED_EDGE('',*,*,#2425,.T.);
#3266=ORIENTED_EDGE('',*,*,#2278,.F.);
#3267=ORIENTED_EDGE('',*,*,#2425,.F.);
#3268=ORIENTED_EDGE('',*,*,#2013,.F.);
#3269=ORIENTED_EDGE('',*,*,#2426,.T.);
#3270=ORIENTED_EDGE('',*,*,#2279,.F.);
#3271=ORIENTED_EDGE('',*,*,#2426,.F.);
#3272=ORIENTED_EDGE('',*,*,#2012,.F.);
#3273=ORIENTED_EDGE('',*,*,#2427,.T.);
#3274=ORIENTED_EDGE('',*,*,#2248,.F.);
#3275=ORIENTED_EDGE('',*,*,#2427,.F.);
#3276=ORIENTED_EDGE('',*,*,#2011,.F.);
#3277=ORIENTED_EDGE('',*,*,#2428,.T.);
#3278=ORIENTED_EDGE('',*,*,#2249,.F.);
#3279=ORIENTED_EDGE('',*,*,#2428,.F.);
#3280=ORIENTED_EDGE('',*,*,#2042,.F.);
#3281=ORIENTED_EDGE('',*,*,#2429,.T.);
#3282=ORIENTED_EDGE('',*,*,#2250,.F.);
#3283=ORIENTED_EDGE('',*,*,#2429,.F.);
#3284=ORIENTED_EDGE('',*,*,#2041,.F.);
#3285=ORIENTED_EDGE('',*,*,#2430,.T.);
#3286=ORIENTED_EDGE('',*,*,#2251,.F.);
#3287=ORIENTED_EDGE('',*,*,#2430,.F.);
#3288=ORIENTED_EDGE('',*,*,#2040,.F.);
#3289=ORIENTED_EDGE('',*,*,#2431,.T.);
#3290=ORIENTED_EDGE('',*,*,#2252,.F.);
#3291=ORIENTED_EDGE('',*,*,#2431,.F.);
#3292=ORIENTED_EDGE('',*,*,#2039,.F.);
#3293=ORIENTED_EDGE('',*,*,#2432,.T.);
#3294=ORIENTED_EDGE('',*,*,#2253,.F.);
#3295=ORIENTED_EDGE('',*,*,#2432,.F.);
#3296=ORIENTED_EDGE('',*,*,#2038,.F.);
#3297=ORIENTED_EDGE('',*,*,#2433,.T.);
#3298=ORIENTED_EDGE('',*,*,#2254,.F.);
#3299=ORIENTED_EDGE('',*,*,#2433,.F.);
#3300=ORIENTED_EDGE('',*,*,#2037,.F.);
#3301=ORIENTED_EDGE('',*,*,#2434,.T.);
#3302=ORIENTED_EDGE('',*,*,#2255,.F.);
#3303=ORIENTED_EDGE('',*,*,#2434,.F.);
#3304=ORIENTED_EDGE('',*,*,#2036,.F.);
#3305=ORIENTED_EDGE('',*,*,#2435,.T.);
#3306=ORIENTED_EDGE('',*,*,#2256,.F.);
#3307=ORIENTED_EDGE('',*,*,#2435,.F.);
#3308=ORIENTED_EDGE('',*,*,#2035,.F.);
#3309=ORIENTED_EDGE('',*,*,#2436,.T.);
#3310=ORIENTED_EDGE('',*,*,#2257,.F.);
#3311=ORIENTED_EDGE('',*,*,#2436,.F.);
#3312=ORIENTED_EDGE('',*,*,#2034,.F.);
#3313=ORIENTED_EDGE('',*,*,#2437,.T.);
#3314=ORIENTED_EDGE('',*,*,#2258,.F.);
#3315=ORIENTED_EDGE('',*,*,#2437,.F.);
#3316=ORIENTED_EDGE('',*,*,#2033,.F.);
#3317=ORIENTED_EDGE('',*,*,#2438,.T.);
#3318=ORIENTED_EDGE('',*,*,#2259,.F.);
#3319=ORIENTED_EDGE('',*,*,#2438,.F.);
#3320=ORIENTED_EDGE('',*,*,#2032,.F.);
#3321=ORIENTED_EDGE('',*,*,#2439,.T.);
#3322=ORIENTED_EDGE('',*,*,#2260,.F.);
#3323=ORIENTED_EDGE('',*,*,#2439,.F.);
#3324=ORIENTED_EDGE('',*,*,#2031,.F.);
#3325=ORIENTED_EDGE('',*,*,#2440,.T.);
#3326=ORIENTED_EDGE('',*,*,#2261,.F.);
#3327=ORIENTED_EDGE('',*,*,#2440,.F.);
#3328=ORIENTED_EDGE('',*,*,#2030,.F.);
#3329=ORIENTED_EDGE('',*,*,#2441,.T.);
#3330=ORIENTED_EDGE('',*,*,#2262,.F.);
#3331=ORIENTED_EDGE('',*,*,#2441,.F.);
#3332=ORIENTED_EDGE('',*,*,#2029,.F.);
#3333=ORIENTED_EDGE('',*,*,#2442,.T.);
#3334=ORIENTED_EDGE('',*,*,#2263,.F.);
#3335=ORIENTED_EDGE('',*,*,#2442,.F.);
#3336=ORIENTED_EDGE('',*,*,#2028,.F.);
#3337=ORIENTED_EDGE('',*,*,#2411,.T.);
#3338=ORIENTED_EDGE('',*,*,#2234,.F.);
#3339=ORIENTED_EDGE('',*,*,#2443,.F.);
#3340=ORIENTED_EDGE('',*,*,#2057,.F.);
#3341=ORIENTED_EDGE('',*,*,#2444,.T.);
#3342=ORIENTED_EDGE('',*,*,#2235,.F.);
#3343=ORIENTED_EDGE('',*,*,#2444,.F.);
#3344=ORIENTED_EDGE('',*,*,#2056,.F.);
#3345=ORIENTED_EDGE('',*,*,#2445,.T.);
#3346=ORIENTED_EDGE('',*,*,#2236,.F.);
#3347=ORIENTED_EDGE('',*,*,#2445,.F.);
#3348=ORIENTED_EDGE('',*,*,#2055,.F.);
#3349=ORIENTED_EDGE('',*,*,#2446,.T.);
#3350=ORIENTED_EDGE('',*,*,#2237,.F.);
#3351=ORIENTED_EDGE('',*,*,#2446,.F.);
#3352=ORIENTED_EDGE('',*,*,#2054,.F.);
#3353=ORIENTED_EDGE('',*,*,#2447,.T.);
#3354=ORIENTED_EDGE('',*,*,#2238,.F.);
#3355=ORIENTED_EDGE('',*,*,#2447,.F.);
#3356=ORIENTED_EDGE('',*,*,#2053,.F.);
#3357=ORIENTED_EDGE('',*,*,#2448,.T.);
#3358=ORIENTED_EDGE('',*,*,#2239,.F.);
#3359=ORIENTED_EDGE('',*,*,#2448,.F.);
#3360=ORIENTED_EDGE('',*,*,#2052,.F.);
#3361=ORIENTED_EDGE('',*,*,#2449,.T.);
#3362=ORIENTED_EDGE('',*,*,#2240,.F.);
#3363=ORIENTED_EDGE('',*,*,#2449,.F.);
#3364=ORIENTED_EDGE('',*,*,#2051,.F.);
#3365=ORIENTED_EDGE('',*,*,#2450,.T.);
#3366=ORIENTED_EDGE('',*,*,#2241,.F.);
#3367=ORIENTED_EDGE('',*,*,#2450,.F.);
#3368=ORIENTED_EDGE('',*,*,#2050,.F.);
#3369=ORIENTED_EDGE('',*,*,#2451,.T.);
#3370=ORIENTED_EDGE('',*,*,#2242,.F.);
#3371=ORIENTED_EDGE('',*,*,#2451,.F.);
#3372=ORIENTED_EDGE('',*,*,#2049,.F.);
#3373=ORIENTED_EDGE('',*,*,#2452,.T.);
#3374=ORIENTED_EDGE('',*,*,#2243,.F.);
#3375=ORIENTED_EDGE('',*,*,#2452,.F.);
#3376=ORIENTED_EDGE('',*,*,#2048,.F.);
#3377=ORIENTED_EDGE('',*,*,#2453,.T.);
#3378=ORIENTED_EDGE('',*,*,#2244,.F.);
#3379=ORIENTED_EDGE('',*,*,#2453,.F.);
#3380=ORIENTED_EDGE('',*,*,#2047,.F.);
#3381=ORIENTED_EDGE('',*,*,#2454,.T.);
#3382=ORIENTED_EDGE('',*,*,#2245,.F.);
#3383=ORIENTED_EDGE('',*,*,#2454,.F.);
#3384=ORIENTED_EDGE('',*,*,#2046,.F.);
#3385=ORIENTED_EDGE('',*,*,#2455,.T.);
#3386=ORIENTED_EDGE('',*,*,#2246,.F.);
#3387=ORIENTED_EDGE('',*,*,#2455,.F.);
#3388=ORIENTED_EDGE('',*,*,#2045,.F.);
#3389=ORIENTED_EDGE('',*,*,#2456,.T.);
#3390=ORIENTED_EDGE('',*,*,#2247,.F.);
#3391=ORIENTED_EDGE('',*,*,#2456,.F.);
#3392=ORIENTED_EDGE('',*,*,#2044,.F.);
#3393=ORIENTED_EDGE('',*,*,#2457,.T.);
#3394=ORIENTED_EDGE('',*,*,#2219,.F.);
#3395=ORIENTED_EDGE('',*,*,#2457,.F.);
#3396=ORIENTED_EDGE('',*,*,#2043,.F.);
#3397=ORIENTED_EDGE('',*,*,#2458,.T.);
#3398=ORIENTED_EDGE('',*,*,#2220,.F.);
#3399=ORIENTED_EDGE('',*,*,#2458,.F.);
#3400=ORIENTED_EDGE('',*,*,#2071,.F.);
#3401=ORIENTED_EDGE('',*,*,#2459,.T.);
#3402=ORIENTED_EDGE('',*,*,#2221,.F.);
#3403=ORIENTED_EDGE('',*,*,#2459,.F.);
#3404=ORIENTED_EDGE('',*,*,#2070,.F.);
#3405=ORIENTED_EDGE('',*,*,#2460,.T.);
#3406=ORIENTED_EDGE('',*,*,#2222,.F.);
#3407=ORIENTED_EDGE('',*,*,#2460,.F.);
#3408=ORIENTED_EDGE('',*,*,#2069,.F.);
#3409=ORIENTED_EDGE('',*,*,#2461,.T.);
#3410=ORIENTED_EDGE('',*,*,#2223,.F.);
#3411=ORIENTED_EDGE('',*,*,#2461,.F.);
#3412=ORIENTED_EDGE('',*,*,#2068,.F.);
#3413=ORIENTED_EDGE('',*,*,#2462,.T.);
#3414=ORIENTED_EDGE('',*,*,#2224,.F.);
#3415=ORIENTED_EDGE('',*,*,#2462,.F.);
#3416=ORIENTED_EDGE('',*,*,#2067,.F.);
#3417=ORIENTED_EDGE('',*,*,#2463,.T.);
#3418=ORIENTED_EDGE('',*,*,#2225,.F.);
#3419=ORIENTED_EDGE('',*,*,#2463,.F.);
#3420=ORIENTED_EDGE('',*,*,#2066,.F.);
#3421=ORIENTED_EDGE('',*,*,#2464,.T.);
#3422=ORIENTED_EDGE('',*,*,#2226,.F.);
#3423=ORIENTED_EDGE('',*,*,#2464,.F.);
#3424=ORIENTED_EDGE('',*,*,#2065,.F.);
#3425=ORIENTED_EDGE('',*,*,#2465,.T.);
#3426=ORIENTED_EDGE('',*,*,#2227,.F.);
#3427=ORIENTED_EDGE('',*,*,#2465,.F.);
#3428=ORIENTED_EDGE('',*,*,#2064,.F.);
#3429=ORIENTED_EDGE('',*,*,#2466,.T.);
#3430=ORIENTED_EDGE('',*,*,#2228,.F.);
#3431=ORIENTED_EDGE('',*,*,#2466,.F.);
#3432=ORIENTED_EDGE('',*,*,#2063,.F.);
#3433=ORIENTED_EDGE('',*,*,#2467,.T.);
#3434=ORIENTED_EDGE('',*,*,#2229,.F.);
#3435=ORIENTED_EDGE('',*,*,#2467,.F.);
#3436=ORIENTED_EDGE('',*,*,#2062,.F.);
#3437=ORIENTED_EDGE('',*,*,#2468,.T.);
#3438=ORIENTED_EDGE('',*,*,#2230,.F.);
#3439=ORIENTED_EDGE('',*,*,#2468,.F.);
#3440=ORIENTED_EDGE('',*,*,#2061,.F.);
#3441=ORIENTED_EDGE('',*,*,#2469,.T.);
#3442=ORIENTED_EDGE('',*,*,#2231,.F.);
#3443=ORIENTED_EDGE('',*,*,#2469,.F.);
#3444=ORIENTED_EDGE('',*,*,#2060,.F.);
#3445=ORIENTED_EDGE('',*,*,#2470,.T.);
#3446=ORIENTED_EDGE('',*,*,#2232,.F.);
#3447=ORIENTED_EDGE('',*,*,#2470,.F.);
#3448=ORIENTED_EDGE('',*,*,#2059,.F.);
#3449=ORIENTED_EDGE('',*,*,#2471,.T.);
#3450=ORIENTED_EDGE('',*,*,#2233,.F.);
#3451=ORIENTED_EDGE('',*,*,#2471,.F.);
#3452=ORIENTED_EDGE('',*,*,#2058,.F.);
#3453=ORIENTED_EDGE('',*,*,#2443,.T.);
#3454=ORIENTED_EDGE('',*,*,#2203,.F.);
#3455=ORIENTED_EDGE('',*,*,#2472,.F.);
#3456=ORIENTED_EDGE('',*,*,#2088,.F.);
#3457=ORIENTED_EDGE('',*,*,#2473,.T.);
#3458=ORIENTED_EDGE('',*,*,#2204,.F.);
#3459=ORIENTED_EDGE('',*,*,#2473,.F.);
#3460=ORIENTED_EDGE('',*,*,#2087,.F.);
#3461=ORIENTED_EDGE('',*,*,#2474,.T.);
#3462=ORIENTED_EDGE('',*,*,#2205,.F.);
#3463=ORIENTED_EDGE('',*,*,#2474,.F.);
#3464=ORIENTED_EDGE('',*,*,#2086,.F.);
#3465=ORIENTED_EDGE('',*,*,#2475,.T.);
#3466=ORIENTED_EDGE('',*,*,#2206,.F.);
#3467=ORIENTED_EDGE('',*,*,#2475,.F.);
#3468=ORIENTED_EDGE('',*,*,#2085,.F.);
#3469=ORIENTED_EDGE('',*,*,#2476,.T.);
#3470=ORIENTED_EDGE('',*,*,#2207,.F.);
#3471=ORIENTED_EDGE('',*,*,#2476,.F.);
#3472=ORIENTED_EDGE('',*,*,#2084,.F.);
#3473=ORIENTED_EDGE('',*,*,#2477,.T.);
#3474=ORIENTED_EDGE('',*,*,#2208,.F.);
#3475=ORIENTED_EDGE('',*,*,#2477,.F.);
#3476=ORIENTED_EDGE('',*,*,#2083,.F.);
#3477=ORIENTED_EDGE('',*,*,#2478,.T.);
#3478=ORIENTED_EDGE('',*,*,#2209,.F.);
#3479=ORIENTED_EDGE('',*,*,#2478,.F.);
#3480=ORIENTED_EDGE('',*,*,#2082,.F.);
#3481=ORIENTED_EDGE('',*,*,#2479,.T.);
#3482=ORIENTED_EDGE('',*,*,#2210,.F.);
#3483=ORIENTED_EDGE('',*,*,#2479,.F.);
#3484=ORIENTED_EDGE('',*,*,#2081,.F.);
#3485=ORIENTED_EDGE('',*,*,#2480,.T.);
#3486=ORIENTED_EDGE('',*,*,#2211,.F.);
#3487=ORIENTED_EDGE('',*,*,#2480,.F.);
#3488=ORIENTED_EDGE('',*,*,#2080,.F.);
#3489=ORIENTED_EDGE('',*,*,#2481,.T.);
#3490=ORIENTED_EDGE('',*,*,#2212,.F.);
#3491=ORIENTED_EDGE('',*,*,#2481,.F.);
#3492=ORIENTED_EDGE('',*,*,#2079,.F.);
#3493=ORIENTED_EDGE('',*,*,#2482,.T.);
#3494=ORIENTED_EDGE('',*,*,#2213,.F.);
#3495=ORIENTED_EDGE('',*,*,#2482,.F.);
#3496=ORIENTED_EDGE('',*,*,#2078,.F.);
#3497=ORIENTED_EDGE('',*,*,#2483,.T.);
#3498=ORIENTED_EDGE('',*,*,#2214,.F.);
#3499=ORIENTED_EDGE('',*,*,#2483,.F.);
#3500=ORIENTED_EDGE('',*,*,#2077,.F.);
#3501=ORIENTED_EDGE('',*,*,#2484,.T.);
#3502=ORIENTED_EDGE('',*,*,#2215,.F.);
#3503=ORIENTED_EDGE('',*,*,#2484,.F.);
#3504=ORIENTED_EDGE('',*,*,#2076,.F.);
#3505=ORIENTED_EDGE('',*,*,#2485,.T.);
#3506=ORIENTED_EDGE('',*,*,#2216,.F.);
#3507=ORIENTED_EDGE('',*,*,#2485,.F.);
#3508=ORIENTED_EDGE('',*,*,#2075,.F.);
#3509=ORIENTED_EDGE('',*,*,#2486,.T.);
#3510=ORIENTED_EDGE('',*,*,#2217,.F.);
#3511=ORIENTED_EDGE('',*,*,#2486,.F.);
#3512=ORIENTED_EDGE('',*,*,#2074,.F.);
#3513=ORIENTED_EDGE('',*,*,#2487,.T.);
#3514=ORIENTED_EDGE('',*,*,#2218,.F.);
#3515=ORIENTED_EDGE('',*,*,#2487,.F.);
#3516=ORIENTED_EDGE('',*,*,#2073,.F.);
#3517=ORIENTED_EDGE('',*,*,#2488,.T.);
#3518=ORIENTED_EDGE('',*,*,#2187,.F.);
#3519=ORIENTED_EDGE('',*,*,#2488,.F.);
#3520=ORIENTED_EDGE('',*,*,#2072,.F.);
#3521=ORIENTED_EDGE('',*,*,#2489,.T.);
#3522=ORIENTED_EDGE('',*,*,#2188,.F.);
#3523=ORIENTED_EDGE('',*,*,#2489,.F.);
#3524=ORIENTED_EDGE('',*,*,#2103,.F.);
#3525=ORIENTED_EDGE('',*,*,#2490,.T.);
#3526=ORIENTED_EDGE('',*,*,#2189,.F.);
#3527=ORIENTED_EDGE('',*,*,#2490,.F.);
#3528=ORIENTED_EDGE('',*,*,#2102,.F.);
#3529=ORIENTED_EDGE('',*,*,#2491,.T.);
#3530=ORIENTED_EDGE('',*,*,#2190,.F.);
#3531=ORIENTED_EDGE('',*,*,#2491,.F.);
#3532=ORIENTED_EDGE('',*,*,#2101,.F.);
#3533=ORIENTED_EDGE('',*,*,#2492,.T.);
#3534=ORIENTED_EDGE('',*,*,#2191,.F.);
#3535=ORIENTED_EDGE('',*,*,#2492,.F.);
#3536=ORIENTED_EDGE('',*,*,#2100,.F.);
#3537=ORIENTED_EDGE('',*,*,#2493,.T.);
#3538=ORIENTED_EDGE('',*,*,#2192,.F.);
#3539=ORIENTED_EDGE('',*,*,#2493,.F.);
#3540=ORIENTED_EDGE('',*,*,#2099,.F.);
#3541=ORIENTED_EDGE('',*,*,#2494,.T.);
#3542=ORIENTED_EDGE('',*,*,#2193,.F.);
#3543=ORIENTED_EDGE('',*,*,#2494,.F.);
#3544=ORIENTED_EDGE('',*,*,#2098,.F.);
#3545=ORIENTED_EDGE('',*,*,#2495,.T.);
#3546=ORIENTED_EDGE('',*,*,#2194,.F.);
#3547=ORIENTED_EDGE('',*,*,#2495,.F.);
#3548=ORIENTED_EDGE('',*,*,#2097,.F.);
#3549=ORIENTED_EDGE('',*,*,#2496,.T.);
#3550=ORIENTED_EDGE('',*,*,#2195,.F.);
#3551=ORIENTED_EDGE('',*,*,#2496,.F.);
#3552=ORIENTED_EDGE('',*,*,#2096,.F.);
#3553=ORIENTED_EDGE('',*,*,#2497,.T.);
#3554=ORIENTED_EDGE('',*,*,#2196,.F.);
#3555=ORIENTED_EDGE('',*,*,#2497,.F.);
#3556=ORIENTED_EDGE('',*,*,#2095,.F.);
#3557=ORIENTED_EDGE('',*,*,#2498,.T.);
#3558=ORIENTED_EDGE('',*,*,#2197,.F.);
#3559=ORIENTED_EDGE('',*,*,#2498,.F.);
#3560=ORIENTED_EDGE('',*,*,#2094,.F.);
#3561=ORIENTED_EDGE('',*,*,#2499,.T.);
#3562=ORIENTED_EDGE('',*,*,#2198,.F.);
#3563=ORIENTED_EDGE('',*,*,#2499,.F.);
#3564=ORIENTED_EDGE('',*,*,#2093,.F.);
#3565=ORIENTED_EDGE('',*,*,#2500,.T.);
#3566=ORIENTED_EDGE('',*,*,#2199,.F.);
#3567=ORIENTED_EDGE('',*,*,#2500,.F.);
#3568=ORIENTED_EDGE('',*,*,#2092,.F.);
#3569=ORIENTED_EDGE('',*,*,#2501,.T.);
#3570=ORIENTED_EDGE('',*,*,#2200,.F.);
#3571=ORIENTED_EDGE('',*,*,#2501,.F.);
#3572=ORIENTED_EDGE('',*,*,#2091,.F.);
#3573=ORIENTED_EDGE('',*,*,#2502,.T.);
#3574=ORIENTED_EDGE('',*,*,#2201,.F.);
#3575=ORIENTED_EDGE('',*,*,#2502,.F.);
#3576=ORIENTED_EDGE('',*,*,#2090,.F.);
#3577=ORIENTED_EDGE('',*,*,#2503,.T.);
#3578=ORIENTED_EDGE('',*,*,#2202,.F.);
#3579=ORIENTED_EDGE('',*,*,#2503,.F.);
#3580=ORIENTED_EDGE('',*,*,#2089,.F.);
#3581=ORIENTED_EDGE('',*,*,#2472,.T.);
#3582=ORIENTED_EDGE('',*,*,#2104,.F.);
#3583=ORIENTED_EDGE('',*,*,#2504,.T.);
#3584=ORIENTED_EDGE('',*,*,#2505,.F.);
#3585=ORIENTED_EDGE('',*,*,#2506,.F.);
#3586=ORIENTED_EDGE('',*,*,#2105,.F.);
#3587=ORIENTED_EDGE('',*,*,#2506,.T.);
#3588=ORIENTED_EDGE('',*,*,#2507,.F.);
#3589=ORIENTED_EDGE('',*,*,#2508,.F.);
#3590=ORIENTED_EDGE('',*,*,#2106,.F.);
#3591=ORIENTED_EDGE('',*,*,#2508,.T.);
#3592=ORIENTED_EDGE('',*,*,#2509,.F.);
#3593=ORIENTED_EDGE('',*,*,#2510,.F.);
#3594=ORIENTED_EDGE('',*,*,#2107,.F.);
#3595=ORIENTED_EDGE('',*,*,#2510,.T.);
#3596=ORIENTED_EDGE('',*,*,#2511,.F.);
#3597=ORIENTED_EDGE('',*,*,#2504,.F.);
#3598=ORIENTED_EDGE('',*,*,#2511,.T.);
#3599=ORIENTED_EDGE('',*,*,#2509,.T.);
#3600=ORIENTED_EDGE('',*,*,#2507,.T.);
#3601=ORIENTED_EDGE('',*,*,#2505,.T.);
#3602=ORIENTED_EDGE('',*,*,#2108,.F.);
#3603=ORIENTED_EDGE('',*,*,#2512,.T.);
#3604=ORIENTED_EDGE('',*,*,#2513,.F.);
#3605=ORIENTED_EDGE('',*,*,#2514,.F.);
#3606=ORIENTED_EDGE('',*,*,#2109,.F.);
#3607=ORIENTED_EDGE('',*,*,#2514,.T.);
#3608=ORIENTED_EDGE('',*,*,#2515,.F.);
#3609=ORIENTED_EDGE('',*,*,#2516,.F.);
#3610=ORIENTED_EDGE('',*,*,#2110,.F.);
#3611=ORIENTED_EDGE('',*,*,#2516,.T.);
#3612=ORIENTED_EDGE('',*,*,#2517,.F.);
#3613=ORIENTED_EDGE('',*,*,#2518,.F.);
#3614=ORIENTED_EDGE('',*,*,#2111,.F.);
#3615=ORIENTED_EDGE('',*,*,#2518,.T.);
#3616=ORIENTED_EDGE('',*,*,#2519,.F.);
#3617=ORIENTED_EDGE('',*,*,#2512,.F.);
#3618=ORIENTED_EDGE('',*,*,#2519,.T.);
#3619=ORIENTED_EDGE('',*,*,#2517,.T.);
#3620=ORIENTED_EDGE('',*,*,#2515,.T.);
#3621=ORIENTED_EDGE('',*,*,#2513,.T.);
#3622=ORIENTED_EDGE('',*,*,#2348,.F.);
#3623=ORIENTED_EDGE('',*,*,#1975,.F.);
#3624=ORIENTED_EDGE('',*,*,#2520,.T.);
#3625=ORIENTED_EDGE('',*,*,#2377,.T.);
#3626=ORIENTED_EDGE('',*,*,#2378,.T.);
#3627=ORIENTED_EDGE('',*,*,#2520,.F.);
#3628=ORIENTED_EDGE('',*,*,#1974,.F.);
#3629=ORIENTED_EDGE('',*,*,#1970,.F.);
#3630=ORIENTED_EDGE('',*,*,#2321,.F.);
#3631=ORIENTED_EDGE('',*,*,#2521,.T.);
#3632=ORIENTED_EDGE('',*,*,#2372,.T.);
#3633=ORIENTED_EDGE('',*,*,#2373,.T.);
#3634=ORIENTED_EDGE('',*,*,#2521,.F.);
#3635=ORIENTED_EDGE('',*,*,#2320,.F.);
#3636=ORIENTED_EDGE('',*,*,#2340,.F.);
#3637=ORIENTED_EDGE('',*,*,#1980,.F.);
#3638=ORIENTED_EDGE('',*,*,#2522,.T.);
#3639=ORIENTED_EDGE('',*,*,#2382,.T.);
#3640=ORIENTED_EDGE('',*,*,#2383,.T.);
#3641=ORIENTED_EDGE('',*,*,#2522,.F.);
#3642=ORIENTED_EDGE('',*,*,#1979,.F.);
#3643=ORIENTED_EDGE('',*,*,#1966,.F.);
#3644=ORIENTED_EDGE('',*,*,#2331,.F.);
#3645=ORIENTED_EDGE('',*,*,#2523,.T.);
#3646=ORIENTED_EDGE('',*,*,#2367,.T.);
#3647=ORIENTED_EDGE('',*,*,#2368,.T.);
#3648=ORIENTED_EDGE('',*,*,#2523,.F.);
#3649=ORIENTED_EDGE('',*,*,#2330,.F.);
#3650=CONICAL_SURFACE('',#3891,2.5,0.785398163397449);
#3651=CONICAL_SURFACE('',#3967,2.5,0.785398163397449);
#3652=CONICAL_SURFACE('',#3972,2.5,0.785398163397447);
#3653=CONICAL_SURFACE('',#3977,2.5,0.785398163397449);
#3654=CONICAL_SURFACE('',#3982,2.5,0.785398163397449);
#3655=CONICAL_SURFACE('',#3987,2.5,0.785398163397447);
#3656=CONICAL_SURFACE('',#3992,2.5,0.785398163397448);
#3657=CONICAL_SURFACE('',#3997,2.5,0.785398163397449);
#3658=CONICAL_SURFACE('',#4002,2.5,0.785398163397449);
#3659=CONICAL_SURFACE('',#4007,2.5,0.785398163397448);
#3660=CONICAL_SURFACE('',#4012,2.5,0.785398163397447);
#3661=CONICAL_SURFACE('',#4079,2.5,0.785398163397448);
#3662=CONICAL_SURFACE('',#4083,2.5,0.785398163397447);
#3663=CONICAL_SURFACE('',#4153,2.375,0.785398163397448);
#3664=CONICAL_SURFACE('',#4158,2.375,0.785398163397448);
#3665=CONICAL_SURFACE('',#4163,2.375,0.785398163397448);
#3666=CONICAL_SURFACE('',#4168,2.375,0.785398163397448);
#3667=ADVANCED_FACE('',(#242),#3650,.F.);
#3668=ADVANCED_FACE('',(#243,#110,#111,#112,#113,#114,#115,#116,#117,#118,
#119,#120,#121,#122,#123,#124,#125,#126,#127,#128),#153,.T.);
#3669=ADVANCED_FACE('',(#244),#27,.F.);
#3670=ADVANCED_FACE('',(#245),#3651,.F.);
#3671=ADVANCED_FACE('',(#246),#28,.F.);
#3672=ADVANCED_FACE('',(#247),#3652,.F.);
#3673=ADVANCED_FACE('',(#248),#29,.F.);
#3674=ADVANCED_FACE('',(#249),#3653,.F.);
#3675=ADVANCED_FACE('',(#250),#30,.F.);
#3676=ADVANCED_FACE('',(#251),#3654,.F.);
#3677=ADVANCED_FACE('',(#252),#31,.F.);
#3678=ADVANCED_FACE('',(#253),#3655,.F.);
#3679=ADVANCED_FACE('',(#254),#32,.F.);
#3680=ADVANCED_FACE('',(#255),#3656,.F.);
#3681=ADVANCED_FACE('',(#256),#33,.F.);
#3682=ADVANCED_FACE('',(#257),#3657,.F.);
#3683=ADVANCED_FACE('',(#258),#34,.F.);
#3684=ADVANCED_FACE('',(#259),#3658,.F.);
#3685=ADVANCED_FACE('',(#260),#35,.F.);
#3686=ADVANCED_FACE('',(#261),#3659,.F.);
#3687=ADVANCED_FACE('',(#262),#36,.F.);
#3688=ADVANCED_FACE('',(#263),#3660,.F.);
#3689=ADVANCED_FACE('',(#264,#129,#130,#131,#132,#133,#134,#135,#136,#137,
#138,#139,#140,#141,#142,#143,#144,#145,#146,#147,#148,#149),#154,.F.);
#3690=ADVANCED_FACE('',(#265),#37,.F.);
#3691=ADVANCED_FACE('',(#266),#3661,.F.);
#3692=ADVANCED_FACE('',(#267),#38,.F.);
#3693=ADVANCED_FACE('',(#268),#3662,.F.);
#3694=ADVANCED_FACE('',(#269),#39,.F.);
#3695=ADVANCED_FACE('',(#270),#15,.T.);
#3696=ADVANCED_FACE('',(#271),#40,.T.);
#3697=ADVANCED_FACE('',(#272),#16,.T.);
#3698=ADVANCED_FACE('',(#273),#17,.T.);
#3699=ADVANCED_FACE('',(#274),#18,.T.);
#3700=ADVANCED_FACE('',(#275),#41,.T.);
#3701=ADVANCED_FACE('',(#276),#19,.T.);
#3702=ADVANCED_FACE('',(#277),#20,.T.);
#3703=ADVANCED_FACE('',(#278),#21,.T.);
#3704=ADVANCED_FACE('',(#279),#42,.T.);
#3705=ADVANCED_FACE('',(#280),#22,.T.);
#3706=ADVANCED_FACE('',(#281),#23,.T.);
#3707=ADVANCED_FACE('',(#282),#24,.T.);
#3708=ADVANCED_FACE('',(#283),#43,.T.);
#3709=ADVANCED_FACE('',(#284),#25,.T.);
#3710=ADVANCED_FACE('',(#285),#26,.T.);
#3711=ADVANCED_FACE('',(#286),#155,.T.);
#3712=ADVANCED_FACE('',(#287),#44,.F.);
#3713=ADVANCED_FACE('',(#288),#45,.T.);
#3714=ADVANCED_FACE('',(#289),#46,.F.);
#3715=ADVANCED_FACE('',(#290),#156,.T.);
#3716=ADVANCED_FACE('',(#291),#47,.F.);
#3717=ADVANCED_FACE('',(#292),#48,.T.);
#3718=ADVANCED_FACE('',(#293),#49,.F.);
#3719=ADVANCED_FACE('',(#294),#50,.F.);
#3720=ADVANCED_FACE('',(#295),#157,.T.);
#3721=ADVANCED_FACE('',(#296),#51,.F.);
#3722=ADVANCED_FACE('',(#297),#52,.T.);
#3723=ADVANCED_FACE('',(#298),#158,.T.);
#3724=ADVANCED_FACE('',(#299),#53,.F.);
#3725=ADVANCED_FACE('',(#300),#54,.F.);
#3726=ADVANCED_FACE('',(#301),#55,.T.);
#3727=ADVANCED_FACE('',(#302),#3663,.F.);
#3728=ADVANCED_FACE('',(#303),#56,.F.);
#3729=ADVANCED_FACE('',(#304),#3664,.F.);
#3730=ADVANCED_FACE('',(#305),#57,.F.);
#3731=ADVANCED_FACE('',(#306),#3665,.F.);
#3732=ADVANCED_FACE('',(#307),#58,.F.);
#3733=ADVANCED_FACE('',(#308),#3666,.F.);
#3734=ADVANCED_FACE('',(#309),#59,.F.);
#3735=ADVANCED_FACE('',(#310),#60,.T.);
#3736=ADVANCED_FACE('',(#311,#150),#159,.T.);
#3737=ADVANCED_FACE('',(#312),#61,.T.);
#3738=ADVANCED_FACE('',(#313,#151),#160,.T.);
#3739=ADVANCED_FACE('',(#314),#62,.T.);
#3740=ADVANCED_FACE('',(#315,#152),#161,.T.);
#3741=ADVANCED_FACE('',(#316),#162,.F.);
#3742=ADVANCED_FACE('',(#317),#163,.F.);
#3743=ADVANCED_FACE('',(#318),#63,.F.);
#3744=ADVANCED_FACE('',(#319),#164,.F.);
#3745=ADVANCED_FACE('',(#320),#64,.F.);
#3746=ADVANCED_FACE('',(#321),#165,.F.);
#3747=ADVANCED_FACE('',(#322),#65,.F.);
#3748=ADVANCED_FACE('',(#323),#166,.F.);
#3749=ADVANCED_FACE('',(#324),#66,.F.);
#3750=ADVANCED_FACE('',(#325),#167,.F.);
#3751=ADVANCED_FACE('',(#326),#168,.F.);
#3752=ADVANCED_FACE('',(#327),#169,.F.);
#3753=ADVANCED_FACE('',(#328),#67,.F.);
#3754=ADVANCED_FACE('',(#329),#170,.F.);
#3755=ADVANCED_FACE('',(#330),#68,.F.);
#3756=ADVANCED_FACE('',(#331),#171,.F.);
#3757=ADVANCED_FACE('',(#332),#69,.F.);
#3758=ADVANCED_FACE('',(#333),#172,.F.);
#3759=ADVANCED_FACE('',(#334),#70,.F.);
#3760=ADVANCED_FACE('',(#335),#173,.F.);
#3761=ADVANCED_FACE('',(#336),#174,.F.);
#3762=ADVANCED_FACE('',(#337),#175,.F.);
#3763=ADVANCED_FACE('',(#338),#71,.F.);
#3764=ADVANCED_FACE('',(#339),#176,.F.);
#3765=ADVANCED_FACE('',(#340),#72,.F.);
#3766=ADVANCED_FACE('',(#341),#177,.F.);
#3767=ADVANCED_FACE('',(#342),#178,.F.);
#3768=ADVANCED_FACE('',(#343),#179,.F.);
#3769=ADVANCED_FACE('',(#344),#73,.F.);
#3770=ADVANCED_FACE('',(#345),#180,.F.);
#3771=ADVANCED_FACE('',(#346),#74,.F.);
#3772=ADVANCED_FACE('',(#347),#181,.F.);
#3773=ADVANCED_FACE('',(#348),#75,.F.);
#3774=ADVANCED_FACE('',(#349),#182,.F.);
#3775=ADVANCED_FACE('',(#350),#76,.F.);
#3776=ADVANCED_FACE('',(#351),#183,.F.);
#3777=ADVANCED_FACE('',(#352),#184,.F.);
#3778=ADVANCED_FACE('',(#353),#185,.F.);
#3779=ADVANCED_FACE('',(#354),#77,.F.);
#3780=ADVANCED_FACE('',(#355),#186,.F.);
#3781=ADVANCED_FACE('',(#356),#78,.F.);
#3782=ADVANCED_FACE('',(#357),#187,.F.);
#3783=ADVANCED_FACE('',(#358),#188,.F.);
#3784=ADVANCED_FACE('',(#359),#189,.F.);
#3785=ADVANCED_FACE('',(#360),#79,.F.);
#3786=ADVANCED_FACE('',(#361),#190,.F.);
#3787=ADVANCED_FACE('',(#362),#80,.F.);
#3788=ADVANCED_FACE('',(#363),#191,.F.);
#3789=ADVANCED_FACE('',(#364),#81,.F.);
#3790=ADVANCED_FACE('',(#365),#192,.F.);
#3791=ADVANCED_FACE('',(#366),#82,.F.);
#3792=ADVANCED_FACE('',(#367),#193,.F.);
#3793=ADVANCED_FACE('',(#368),#194,.F.);
#3794=ADVANCED_FACE('',(#369),#83,.F.);
#3795=ADVANCED_FACE('',(#370),#195,.F.);
#3796=ADVANCED_FACE('',(#371),#196,.F.);
#3797=ADVANCED_FACE('',(#372),#197,.F.);
#3798=ADVANCED_FACE('',(#373),#84,.F.);
#3799=ADVANCED_FACE('',(#374),#198,.F.);
#3800=ADVANCED_FACE('',(#375),#85,.F.);
#3801=ADVANCED_FACE('',(#376),#199,.F.);
#3802=ADVANCED_FACE('',(#377),#86,.F.);
#3803=ADVANCED_FACE('',(#378),#200,.F.);
#3804=ADVANCED_FACE('',(#379),#201,.F.);
#3805=ADVANCED_FACE('',(#380),#87,.F.);
#3806=ADVANCED_FACE('',(#381),#202,.F.);
#3807=ADVANCED_FACE('',(#382),#203,.F.);
#3808=ADVANCED_FACE('',(#383),#204,.F.);
#3809=ADVANCED_FACE('',(#384),#88,.F.);
#3810=ADVANCED_FACE('',(#385),#205,.F.);
#3811=ADVANCED_FACE('',(#386),#89,.F.);
#3812=ADVANCED_FACE('',(#387),#206,.F.);
#3813=ADVANCED_FACE('',(#388),#90,.F.);
#3814=ADVANCED_FACE('',(#389),#207,.F.);
#3815=ADVANCED_FACE('',(#390),#91,.F.);
#3816=ADVANCED_FACE('',(#391),#208,.F.);
#3817=ADVANCED_FACE('',(#392),#209,.F.);
#3818=ADVANCED_FACE('',(#393),#210,.F.);
#3819=ADVANCED_FACE('',(#394),#92,.F.);
#3820=ADVANCED_FACE('',(#395),#211,.F.);
#3821=ADVANCED_FACE('',(#396),#93,.F.);
#3822=ADVANCED_FACE('',(#397),#212,.F.);
#3823=ADVANCED_FACE('',(#398),#213,.F.);
#3824=ADVANCED_FACE('',(#399),#94,.F.);
#3825=ADVANCED_FACE('',(#400),#214,.F.);
#3826=ADVANCED_FACE('',(#401),#95,.F.);
#3827=ADVANCED_FACE('',(#402),#215,.F.);
#3828=ADVANCED_FACE('',(#403),#216,.F.);
#3829=ADVANCED_FACE('',(#404),#217,.F.);
#3830=ADVANCED_FACE('',(#405),#96,.F.);
#3831=ADVANCED_FACE('',(#406),#218,.F.);
#3832=ADVANCED_FACE('',(#407),#97,.F.);
#3833=ADVANCED_FACE('',(#408),#219,.F.);
#3834=ADVANCED_FACE('',(#409),#98,.F.);
#3835=ADVANCED_FACE('',(#410),#220,.F.);
#3836=ADVANCED_FACE('',(#411),#99,.F.);
#3837=ADVANCED_FACE('',(#412),#221,.F.);
#3838=ADVANCED_FACE('',(#413),#222,.F.);
#3839=ADVANCED_FACE('',(#414),#223,.F.);
#3840=ADVANCED_FACE('',(#415),#100,.F.);
#3841=ADVANCED_FACE('',(#416),#224,.F.);
#3842=ADVANCED_FACE('',(#417),#101,.F.);
#3843=ADVANCED_FACE('',(#418),#225,.F.);
#3844=ADVANCED_FACE('',(#419),#226,.F.);
#3845=ADVANCED_FACE('',(#420),#227,.F.);
#3846=ADVANCED_FACE('',(#421),#102,.F.);
#3847=ADVANCED_FACE('',(#422),#228,.F.);
#3848=ADVANCED_FACE('',(#423),#103,.F.);
#3849=ADVANCED_FACE('',(#424),#229,.F.);
#3850=ADVANCED_FACE('',(#425),#104,.F.);
#3851=ADVANCED_FACE('',(#426),#230,.F.);
#3852=ADVANCED_FACE('',(#427),#105,.F.);
#3853=ADVANCED_FACE('',(#428),#231,.F.);
#3854=ADVANCED_FACE('',(#429),#232,.T.);
#3855=ADVANCED_FACE('',(#430),#233,.T.);
#3856=ADVANCED_FACE('',(#431),#234,.T.);
#3857=ADVANCED_FACE('',(#432),#235,.T.);
#3858=ADVANCED_FACE('',(#433),#236,.T.);
#3859=ADVANCED_FACE('',(#434),#237,.T.);
#3860=ADVANCED_FACE('',(#435),#238,.T.);
#3861=ADVANCED_FACE('',(#436),#239,.T.);
#3862=ADVANCED_FACE('',(#437),#240,.T.);
#3863=ADVANCED_FACE('',(#438),#241,.T.);
#3864=ADVANCED_FACE('',(#439),#106,.F.);
#3865=ADVANCED_FACE('',(#440),#107,.F.);
#3866=ADVANCED_FACE('',(#441),#108,.F.);
#3867=ADVANCED_FACE('',(#442),#109,.F.);
#3868=CLOSED_SHELL('',(#3667,#3668,#3669,#3670,#3671,#3672,#3673,#3674,
#3675,#3676,#3677,#3678,#3679,#3680,#3681,#3682,#3683,#3684,#3685,#3686,
#3687,#3688,#3689,#3690,#3691,#3692,#3693,#3694,#3695,#3696,#3697,#3698,
#3699,#3700,#3701,#3702,#3703,#3704,#3705,#3706,#3707,#3708,#3709,#3710,
#3711,#3712,#3713,#3714,#3715,#3716,#3717,#3718,#3719,#3720,#3721,#3722,
#3723,#3724,#3725,#3726,#3727,#3728,#3729,#3730,#3731,#3732,#3733,#3734,
#3735,#3736,#3737,#3738,#3739,#3740,#3741,#3742,#3743,#3744,#3745,#3746,
#3747,#3748,#3749,#3750,#3751,#3752,#3753,#3754,#3755,#3756,#3757,#3758,
#3759,#3760,#3761,#3762,#3763,#3764,#3765,#3766,#3767,#3768,#3769,#3770,
#3771,#3772,#3773,#3774,#3775,#3776,#3777,#3778,#3779,#3780,#3781,#3782,
#3783,#3784,#3785,#3786,#3787,#3788,#3789,#3790,#3791,#3792,#3793,#3794,
#3795,#3796,#3797,#3798,#3799,#3800,#3801,#3802,#3803,#3804,#3805,#3806,
#3807,#3808,#3809,#3810,#3811,#3812,#3813,#3814,#3815,#3816,#3817,#3818,
#3819,#3820,#3821,#3822,#3823,#3824,#3825,#3826,#3827,#3828,#3829,#3830,
#3831,#3832,#3833,#3834,#3835,#3836,#3837,#3838,#3839,#3840,#3841,#3842,
#3843,#3844,#3845,#3846,#3847,#3848,#3849,#3850,#3851,#3852,#3853,#3854,
#3855,#3856,#3857,#3858,#3859,#3860,#3861,#3862,#3863,#3864,#3865,#3866,
#3867));
#3869=DERIVED_UNIT_ELEMENT(#3872,1.);
#3870=DERIVED_UNIT_ELEMENT(#6628,-3.);
#3871=DIMENSIONAL_EXPONENTS(0.,1.,0.,0.,0.,0.,0.);
#3872=(
CONVERSION_BASED_UNIT('gram',#3874)
MASS_UNIT()
NAMED_UNIT(#3871)
);
#3873=(
MASS_UNIT()
NAMED_UNIT(*)
SI_UNIT(.KILO.,.GRAM.)
);
#3874=MASS_MEASURE_WITH_UNIT(MASS_MEASURE(0.001),#3873);
#3875=DERIVED_UNIT((#3869,#3870));
#3876=MEASURE_REPRESENTATION_ITEM('density measure',
POSITIVE_RATIO_MEASURE(0.93),#3875);
#3877=PROPERTY_DEFINITION_REPRESENTATION(#3882,#3879);
#3878=PROPERTY_DEFINITION_REPRESENTATION(#3883,#3880);
#3879=REPRESENTATION('material name',(#3881),#6625);
#3880=REPRESENTATION('density',(#3876),#6625);
#3881=DESCRIPTIVE_REPRESENTATION_ITEM('Gummi','Gummi');
#3882=PROPERTY_DEFINITION('material property','material name',#6635);
#3883=PROPERTY_DEFINITION('material property','density of part',#6635);
#3884=DATE_TIME_ROLE('creation_date');
#3885=APPLIED_DATE_AND_TIME_ASSIGNMENT(#3886,#3884,(#6635));
#3886=DATE_AND_TIME(#3887,#3888);
#3887=CALENDAR_DATE(2025,26,1);
#3888=LOCAL_TIME(0,0,0.,#3889);
#3889=COORDINATED_UNIVERSAL_TIME_OFFSET(0,0,.BEHIND.);
#3890=AXIS2_PLACEMENT_3D('',#5493,#4309,#4310);
#3891=AXIS2_PLACEMENT_3D('',#5494,#4311,#4312);
#3892=AXIS2_PLACEMENT_3D('',#5496,#4313,#4314);
#3893=AXIS2_PLACEMENT_3D('',#5500,#4316,#4317);
#3894=AXIS2_PLACEMENT_3D('',#5501,#4318,#4319);
#3895=AXIS2_PLACEMENT_3D('',#5502,#4320,#4321);
#3896=AXIS2_PLACEMENT_3D('',#5505,#4322,#4323);
#3897=AXIS2_PLACEMENT_3D('',#5507,#4324,#4325);
#3898=AXIS2_PLACEMENT_3D('',#5509,#4326,#4327);
#3899=AXIS2_PLACEMENT_3D('',#5513,#4329,#4330);
#3900=AXIS2_PLACEMENT_3D('',#5515,#4331,#4332);
#3901=AXIS2_PLACEMENT_3D('',#5517,#4333,#4334);
#3902=AXIS2_PLACEMENT_3D('',#5521,#4336,#4337);
#3903=AXIS2_PLACEMENT_3D('',#5523,#4338,#4339);
#3904=AXIS2_PLACEMENT_3D('',#5525,#4340,#4341);
#3905=AXIS2_PLACEMENT_3D('',#5527,#4342,#4343);
#3906=AXIS2_PLACEMENT_3D('',#5531,#4345,#4346);
#3907=AXIS2_PLACEMENT_3D('',#5533,#4347,#4348);
#3908=AXIS2_PLACEMENT_3D('',#5535,#4349,#4350);
#3909=AXIS2_PLACEMENT_3D('',#5537,#4351,#4352);
#3910=AXIS2_PLACEMENT_3D('',#5540,#4354,#4355);
#3911=AXIS2_PLACEMENT_3D('',#5542,#4356,#4357);
#3912=AXIS2_PLACEMENT_3D('',#5544,#4358,#4359);
#3913=AXIS2_PLACEMENT_3D('',#5546,#4360,#4361);
#3914=AXIS2_PLACEMENT_3D('',#5548,#4362,#4363);
#3915=AXIS2_PLACEMENT_3D('',#5550,#4364,#4365);
#3916=AXIS2_PLACEMENT_3D('',#5552,#4366,#4367);
#3917=AXIS2_PLACEMENT_3D('',#5554,#4368,#4369);
#3918=AXIS2_PLACEMENT_3D('',#5561,#4372,#4373);
#3919=AXIS2_PLACEMENT_3D('',#5565,#4375,#4376);
#3920=AXIS2_PLACEMENT_3D('',#5569,#4378,#4379);
#3921=AXIS2_PLACEMENT_3D('',#5573,#4381,#4382);
#3922=AXIS2_PLACEMENT_3D('',#5581,#4386,#4387);
#3923=AXIS2_PLACEMENT_3D('',#5585,#4389,#4390);
#3924=AXIS2_PLACEMENT_3D('',#5589,#4392,#4393);
#3925=AXIS2_PLACEMENT_3D('',#5593,#4395,#4396);
#3926=AXIS2_PLACEMENT_3D('',#5601,#4400,#4401);
#3927=AXIS2_PLACEMENT_3D('',#5605,#4403,#4404);
#3928=AXIS2_PLACEMENT_3D('',#5609,#4406,#4407);
#3929=AXIS2_PLACEMENT_3D('',#5613,#4409,#4410);
#3930=AXIS2_PLACEMENT_3D('',#5621,#4414,#4415);
#3931=AXIS2_PLACEMENT_3D('',#5625,#4417,#4418);
#3932=AXIS2_PLACEMENT_3D('',#5633,#4422,#4423);
#3933=AXIS2_PLACEMENT_3D('',#5637,#4425,#4426);
#3934=AXIS2_PLACEMENT_3D('',#5641,#4428,#4429);
#3935=AXIS2_PLACEMENT_3D('',#5645,#4431,#4432);
#3936=AXIS2_PLACEMENT_3D('',#5653,#4436,#4437);
#3937=AXIS2_PLACEMENT_3D('',#5657,#4439,#4440);
#3938=AXIS2_PLACEMENT_3D('',#5665,#4444,#4445);
#3939=AXIS2_PLACEMENT_3D('',#5671,#4448,#4449);
#3940=AXIS2_PLACEMENT_3D('',#5675,#4451,#4452);
#3941=AXIS2_PLACEMENT_3D('',#5679,#4454,#4455);
#3942=AXIS2_PLACEMENT_3D('',#5687,#4459,#4460);
#3943=AXIS2_PLACEMENT_3D('',#5691,#4462,#4463);
#3944=AXIS2_PLACEMENT_3D('',#5695,#4465,#4466);
#3945=AXIS2_PLACEMENT_3D('',#5703,#4470,#4471);
#3946=AXIS2_PLACEMENT_3D('',#5707,#4473,#4474);
#3947=AXIS2_PLACEMENT_3D('',#5711,#4476,#4477);
#3948=AXIS2_PLACEMENT_3D('',#5715,#4479,#4480);
#3949=AXIS2_PLACEMENT_3D('',#5723,#4484,#4485);
#3950=AXIS2_PLACEMENT_3D('',#5727,#4487,#4488);
#3951=AXIS2_PLACEMENT_3D('',#5731,#4490,#4491);
#3952=AXIS2_PLACEMENT_3D('',#5735,#4493,#4494);
#3953=AXIS2_PLACEMENT_3D('',#5743,#4498,#4499);
#3954=AXIS2_PLACEMENT_3D('',#5747,#4501,#4502);
#3955=AXIS2_PLACEMENT_3D('',#5755,#4506,#4507);
#3956=AXIS2_PLACEMENT_3D('',#5759,#4509,#4510);
#3957=AXIS2_PLACEMENT_3D('',#5763,#4512,#4513);
#3958=AXIS2_PLACEMENT_3D('',#5767,#4515,#4516);
#3959=AXIS2_PLACEMENT_3D('',#5775,#4520,#4521);
#3960=AXIS2_PLACEMENT_3D('',#5779,#4523,#4524);
#3961=AXIS2_PLACEMENT_3D('',#5798,#4534,#4535);
#3962=AXIS2_PLACEMENT_3D('',#5800,#4536,#4537);
#3963=AXIS2_PLACEMENT_3D('',#5802,#4538,#4539);
#3964=AXIS2_PLACEMENT_3D('',#5804,#4540,#4541);
#3965=AXIS2_PLACEMENT_3D('',#5805,#4542,#4543);
#3966=AXIS2_PLACEMENT_3D('',#5808,#4545,#4546);
#3967=AXIS2_PLACEMENT_3D('',#5809,#4547,#4548);
#3968=AXIS2_PLACEMENT_3D('',#5813,#4550,#4551);
#3969=AXIS2_PLACEMENT_3D('',#5814,#4552,#4553);
#3970=AXIS2_PLACEMENT_3D('',#5815,#4554,#4555);
#3971=AXIS2_PLACEMENT_3D('',#5818,#4557,#4558);
#3972=AXIS2_PLACEMENT_3D('',#5819,#4559,#4560);
#3973=AXIS2_PLACEMENT_3D('',#5823,#4562,#4563);
#3974=AXIS2_PLACEMENT_3D('',#5824,#4564,#4565);
#3975=AXIS2_PLACEMENT_3D('',#5825,#4566,#4567);
#3976=AXIS2_PLACEMENT_3D('',#5828,#4569,#4570);
#3977=AXIS2_PLACEMENT_3D('',#5829,#4571,#4572);
#3978=AXIS2_PLACEMENT_3D('',#5833,#4574,#4575);
#3979=AXIS2_PLACEMENT_3D('',#5834,#4576,#4577);
#3980=AXIS2_PLACEMENT_3D('',#5835,#4578,#4579);
#3981=AXIS2_PLACEMENT_3D('',#5838,#4581,#4582);
#3982=AXIS2_PLACEMENT_3D('',#5839,#4583,#4584);
#3983=AXIS2_PLACEMENT_3D('',#5843,#4586,#4587);
#3984=AXIS2_PLACEMENT_3D('',#5844,#4588,#4589);
#3985=AXIS2_PLACEMENT_3D('',#5845,#4590,#4591);
#3986=AXIS2_PLACEMENT_3D('',#5848,#4593,#4594);
#3987=AXIS2_PLACEMENT_3D('',#5849,#4595,#4596);
#3988=AXIS2_PLACEMENT_3D('',#5853,#4598,#4599);
#3989=AXIS2_PLACEMENT_3D('',#5854,#4600,#4601);
#3990=AXIS2_PLACEMENT_3D('',#5855,#4602,#4603);
#3991=AXIS2_PLACEMENT_3D('',#5858,#4605,#4606);
#3992=AXIS2_PLACEMENT_3D('',#5859,#4607,#4608);
#3993=AXIS2_PLACEMENT_3D('',#5863,#4610,#4611);
#3994=AXIS2_PLACEMENT_3D('',#5864,#4612,#4613);
#3995=AXIS2_PLACEMENT_3D('',#5865,#4614,#4615);
#3996=AXIS2_PLACEMENT_3D('',#5868,#4617,#4618);
#3997=AXIS2_PLACEMENT_3D('',#5869,#4619,#4620);
#3998=AXIS2_PLACEMENT_3D('',#5873,#4622,#4623);
#3999=AXIS2_PLACEMENT_3D('',#5874,#4624,#4625);
#4000=AXIS2_PLACEMENT_3D('',#5875,#4626,#4627);
#4001=AXIS2_PLACEMENT_3D('',#5878,#4629,#4630);
#4002=AXIS2_PLACEMENT_3D('',#5879,#4631,#4632);
#4003=AXIS2_PLACEMENT_3D('',#5883,#4634,#4635);
#4004=AXIS2_PLACEMENT_3D('',#5884,#4636,#4637);
#4005=AXIS2_PLACEMENT_3D('',#5885,#4638,#4639);
#4006=AXIS2_PLACEMENT_3D('',#5888,#4641,#4642);
#4007=AXIS2_PLACEMENT_3D('',#5889,#4643,#4644);
#4008=AXIS2_PLACEMENT_3D('',#5893,#4646,#4647);
#4009=AXIS2_PLACEMENT_3D('',#5894,#4648,#4649);
#4010=AXIS2_PLACEMENT_3D('',#5895,#4650,#4651);
#4011=AXIS2_PLACEMENT_3D('',#5898,#4653,#4654);
#4012=AXIS2_PLACEMENT_3D('',#5899,#4655,#4656);
#4013=AXIS2_PLACEMENT_3D('',#5901,#4657,#4658);
#4014=AXIS2_PLACEMENT_3D('',#5904,#4660,#4661);
#4015=AXIS2_PLACEMENT_3D('',#5905,#4662,#4663);
#4016=AXIS2_PLACEMENT_3D('',#5910,#4665,#4666);
#4017=AXIS2_PLACEMENT_3D('',#5912,#4667,#4668);
#4018=AXIS2_PLACEMENT_3D('',#5914,#4669,#4670);
#4019=AXIS2_PLACEMENT_3D('',#5918,#4672,#4673);
#4020=AXIS2_PLACEMENT_3D('',#5920,#4674,#4675);
#4021=AXIS2_PLACEMENT_3D('',#5922,#4676,#4677);
#4022=AXIS2_PLACEMENT_3D('',#5926,#4679,#4680);
#4023=AXIS2_PLACEMENT_3D('',#5928,#4681,#4682);
#4024=AXIS2_PLACEMENT_3D('',#5930,#4683,#4684);
#4025=AXIS2_PLACEMENT_3D('',#5934,#4686,#4687);
#4026=AXIS2_PLACEMENT_3D('',#5936,#4688,#4689);
#4027=AXIS2_PLACEMENT_3D('',#5937,#4690,#4691);
#4028=AXIS2_PLACEMENT_3D('',#5939,#4692,#4693);
#4029=AXIS2_PLACEMENT_3D('',#5941,#4694,#4695);
#4030=AXIS2_PLACEMENT_3D('',#5943,#4696,#4697);
#4031=AXIS2_PLACEMENT_3D('',#5945,#4698,#4699);
#4032=AXIS2_PLACEMENT_3D('',#5947,#4700,#4701);
#4033=AXIS2_PLACEMENT_3D('',#5954,#4704,#4705);
#4034=AXIS2_PLACEMENT_3D('',#5958,#4707,#4708);
#4035=AXIS2_PLACEMENT_3D('',#5966,#4712,#4713);
#4036=AXIS2_PLACEMENT_3D('',#5970,#4715,#4716);
#4037=AXIS2_PLACEMENT_3D('',#5974,#4718,#4719);
#4038=AXIS2_PLACEMENT_3D('',#5978,#4721,#4722);
#4039=AXIS2_PLACEMENT_3D('',#5986,#4726,#4727);
#4040=AXIS2_PLACEMENT_3D('',#5990,#4729,#4730);
#4041=AXIS2_PLACEMENT_3D('',#5998,#4734,#4735);
#4042=AXIS2_PLACEMENT_3D('',#6002,#4737,#4738);
#4043=AXIS2_PLACEMENT_3D('',#6006,#4740,#4741);
#4044=AXIS2_PLACEMENT_3D('',#6010,#4743,#4744);
#4045=AXIS2_PLACEMENT_3D('',#6018,#4748,#4749);
#4046=AXIS2_PLACEMENT_3D('',#6022,#4751,#4752);
#4047=AXIS2_PLACEMENT_3D('',#6026,#4754,#4755);
#4048=AXIS2_PLACEMENT_3D('',#6030,#4757,#4758);
#4049=AXIS2_PLACEMENT_3D('',#6038,#4762,#4763);
#4050=AXIS2_PLACEMENT_3D('',#6042,#4765,#4766);
#4051=AXIS2_PLACEMENT_3D('',#6046,#4768,#4769);
#4052=AXIS2_PLACEMENT_3D('',#6054,#4773,#4774);
#4053=AXIS2_PLACEMENT_3D('',#6058,#4776,#4777);
#4054=AXIS2_PLACEMENT_3D('',#6062,#4779,#4780);
#4055=AXIS2_PLACEMENT_3D('',#6068,#4783,#4784);
#4056=AXIS2_PLACEMENT_3D('',#6076,#4788,#4789);
#4057=AXIS2_PLACEMENT_3D('',#6080,#4791,#4792);
#4058=AXIS2_PLACEMENT_3D('',#6088,#4796,#4797);
#4059=AXIS2_PLACEMENT_3D('',#6092,#4799,#4800);
#4060=AXIS2_PLACEMENT_3D('',#6096,#4802,#4803);
#4061=AXIS2_PLACEMENT_3D('',#6100,#4805,#4806);
#4062=AXIS2_PLACEMENT_3D('',#6108,#4810,#4811);
#4063=AXIS2_PLACEMENT_3D('',#6112,#4813,#4814);
#4064=AXIS2_PLACEMENT_3D('',#6120,#4818,#4819);
#4065=AXIS2_PLACEMENT_3D('',#6124,#4821,#4822);
#4066=AXIS2_PLACEMENT_3D('',#6128,#4824,#4825);
#4067=AXIS2_PLACEMENT_3D('',#6132,#4827,#4828);
#4068=AXIS2_PLACEMENT_3D('',#6140,#4832,#4833);
#4069=AXIS2_PLACEMENT_3D('',#6144,#4835,#4836);
#4070=AXIS2_PLACEMENT_3D('',#6148,#4838,#4839);
#4071=AXIS2_PLACEMENT_3D('',#6152,#4841,#4842);
#4072=AXIS2_PLACEMENT_3D('',#6160,#4846,#4847);
#4073=AXIS2_PLACEMENT_3D('',#6164,#4849,#4850);
#4074=AXIS2_PLACEMENT_3D('',#6168,#4852,#4853);
#4075=AXIS2_PLACEMENT_3D('',#6172,#4855,#4856);
#4076=AXIS2_PLACEMENT_3D('',#6175,#4858,#4859);
#4077=AXIS2_PLACEMENT_3D('',#6176,#4860,#4861);
#4078=AXIS2_PLACEMENT_3D('',#6178,#4862,#4863);
#4079=AXIS2_PLACEMENT_3D('',#6180,#4865,#4866);
#4080=AXIS2_PLACEMENT_3D('',#6183,#4868,#4869);
#4081=AXIS2_PLACEMENT_3D('',#6184,#4870,#4871);
#4082=AXIS2_PLACEMENT_3D('',#6186,#4872,#4873);
#4083=AXIS2_PLACEMENT_3D('',#6188,#4875,#4876);
#4084=AXIS2_PLACEMENT_3D('',#6191,#4878,#4879);
#4085=AXIS2_PLACEMENT_3D('',#6192,#4880,#4881);
#4086=AXIS2_PLACEMENT_3D('',#6194,#4882,#4883);
#4087=AXIS2_PLACEMENT_3D('',#6196,#4885,#4886);
#4088=AXIS2_PLACEMENT_3D('',#6198,#4887,#4888);
#4089=AXIS2_PLACEMENT_3D('',#6200,#4889,#4890);
#4090=AXIS2_PLACEMENT_3D('',#6201,#4891,#4892);
#4091=AXIS2_PLACEMENT_3D('',#6202,#4893,#4894);
#4092=AXIS2_PLACEMENT_3D('',#6204,#4895,#4896);
#4093=AXIS2_PLACEMENT_3D('',#6206,#4898,#4899);
#4094=AXIS2_PLACEMENT_3D('',#6208,#4900,#4901);
#4095=AXIS2_PLACEMENT_3D('',#6209,#4902,#4903);
#4096=AXIS2_PLACEMENT_3D('',#6210,#4904,#4905);
#4097=AXIS2_PLACEMENT_3D('',#6212,#4906,#4907);
#4098=AXIS2_PLACEMENT_3D('',#6213,#4908,#4909);
#4099=AXIS2_PLACEMENT_3D('',#6215,#4910,#4911);
#4100=AXIS2_PLACEMENT_3D('',#6216,#4912,#4913);
#4101=AXIS2_PLACEMENT_3D('',#6217,#4914,#4915);
#4102=AXIS2_PLACEMENT_3D('',#6219,#4916,#4917);
#4103=AXIS2_PLACEMENT_3D('',#6220,#4918,#4919);
#4104=AXIS2_PLACEMENT_3D('',#6221,#4920,#4921);
#4105=AXIS2_PLACEMENT_3D('',#6223,#4922,#4923);
#4106=AXIS2_PLACEMENT_3D('',#6225,#4925,#4926);
#4107=AXIS2_PLACEMENT_3D('',#6227,#4927,#4928);
#4108=AXIS2_PLACEMENT_3D('',#6228,#4929,#4930);
#4109=AXIS2_PLACEMENT_3D('',#6229,#4931,#4932);
#4110=AXIS2_PLACEMENT_3D('',#6231,#4933,#4934);
#4111=AXIS2_PLACEMENT_3D('',#6232,#4935,#4936);
#4112=AXIS2_PLACEMENT_3D('',#6234,#4937,#4938);
#4113=AXIS2_PLACEMENT_3D('',#6235,#4939,#4940);
#4114=AXIS2_PLACEMENT_3D('',#6236,#4941,#4942);
#4115=AXIS2_PLACEMENT_3D('',#6238,#4943,#4944);
#4116=AXIS2_PLACEMENT_3D('',#6239,#4945,#4946);
#4117=AXIS2_PLACEMENT_3D('',#6240,#4947,#4948);
#4118=AXIS2_PLACEMENT_3D('',#6242,#4949,#4950);
#4119=AXIS2_PLACEMENT_3D('',#6244,#4952,#4953);
#4120=AXIS2_PLACEMENT_3D('',#6246,#4954,#4955);
#4121=AXIS2_PLACEMENT_3D('',#6247,#4956,#4957);
#4122=AXIS2_PLACEMENT_3D('',#6248,#4958,#4959);
#4123=AXIS2_PLACEMENT_3D('',#6250,#4960,#4961);
#4124=AXIS2_PLACEMENT_3D('',#6251,#4962,#4963);
#4125=AXIS2_PLACEMENT_3D('',#6252,#4964,#4965);
#4126=AXIS2_PLACEMENT_3D('',#6253,#4966,#4967);
#4127=AXIS2_PLACEMENT_3D('',#6255,#4968,#4969);
#4128=AXIS2_PLACEMENT_3D('',#6256,#4970,#4971);
#4129=AXIS2_PLACEMENT_3D('',#6257,#4972,#4973);
#4130=AXIS2_PLACEMENT_3D('',#6259,#4974,#4975);
#4131=AXIS2_PLACEMENT_3D('',#6261,#4977,#4978);
#4132=AXIS2_PLACEMENT_3D('',#6263,#4979,#4980);
#4133=AXIS2_PLACEMENT_3D('',#6264,#4981,#4982);
#4134=AXIS2_PLACEMENT_3D('',#6265,#4983,#4984);
#4135=AXIS2_PLACEMENT_3D('',#6266,#4985,#4986);
#4136=AXIS2_PLACEMENT_3D('',#6267,#4987,#4988);
#4137=AXIS2_PLACEMENT_3D('',#6268,#4989,#4990);
#4138=AXIS2_PLACEMENT_3D('',#6271,#4993,#4994);
#4139=AXIS2_PLACEMENT_3D('',#6273,#4996,#4997);
#4140=AXIS2_PLACEMENT_3D('',#6275,#4999,#5000);
#4141=AXIS2_PLACEMENT_3D('',#6277,#5002,#5003);
#4142=AXIS2_PLACEMENT_3D('',#6279,#5005,#5006);
#4143=AXIS2_PLACEMENT_3D('',#6281,#5008,#5009);
#4144=AXIS2_PLACEMENT_3D('',#6283,#5011,#5012);
#4145=AXIS2_PLACEMENT_3D('',#6285,#5014,#5015);
#4146=AXIS2_PLACEMENT_3D('',#6288,#5018,#5019);
#4147=AXIS2_PLACEMENT_3D('',#6290,#5021,#5022);
#4148=AXIS2_PLACEMENT_3D('',#6293,#5025,#5026);
#4149=AXIS2_PLACEMENT_3D('',#6294,#5027,#5028);
#4150=AXIS2_PLACEMENT_3D('',#6295,#5029,#5030);
#4151=AXIS2_PLACEMENT_3D('',#6297,#5032,#5033);
#4152=AXIS2_PLACEMENT_3D('',#6299,#5035,#5036);
#4153=AXIS2_PLACEMENT_3D('',#6300,#5037,#5038);
#4154=AXIS2_PLACEMENT_3D('',#6302,#5039,#5040);
#4155=AXIS2_PLACEMENT_3D('',#6306,#5042,#5043);
#4156=AXIS2_PLACEMENT_3D('',#6307,#5044,#5045);
#4157=AXIS2_PLACEMENT_3D('',#6308,#5046,#5047);
#4158=AXIS2_PLACEMENT_3D('',#6310,#5049,#5050);
#4159=AXIS2_PLACEMENT_3D('',#6312,#5051,#5052);
#4160=AXIS2_PLACEMENT_3D('',#6316,#5054,#5055);
#4161=AXIS2_PLACEMENT_3D('',#6317,#5056,#5057);
#4162=AXIS2_PLACEMENT_3D('',#6318,#5058,#5059);
#4163=AXIS2_PLACEMENT_3D('',#6320,#5061,#5062);
#4164=AXIS2_PLACEMENT_3D('',#6322,#5063,#5064);
#4165=AXIS2_PLACEMENT_3D('',#6326,#5066,#5067);
#4166=AXIS2_PLACEMENT_3D('',#6327,#5068,#5069);
#4167=AXIS2_PLACEMENT_3D('',#6328,#5070,#5071);
#4168=AXIS2_PLACEMENT_3D('',#6330,#5073,#5074);
#4169=AXIS2_PLACEMENT_3D('',#6332,#5075,#5076);
#4170=AXIS2_PLACEMENT_3D('',#6336,#5078,#5079);
#4171=AXIS2_PLACEMENT_3D('',#6337,#5080,#5081);
#4172=AXIS2_PLACEMENT_3D('',#6338,#5082,#5083);
#4173=AXIS2_PLACEMENT_3D('',#6340,#5085,#5086);
#4174=AXIS2_PLACEMENT_3D('',#6342,#5087,#5088);
#4175=AXIS2_PLACEMENT_3D('',#6344,#5090,#5091);
#4176=AXIS2_PLACEMENT_3D('',#6345,#5092,#5093);
#4177=AXIS2_PLACEMENT_3D('',#6347,#5094,#5095);
#4178=AXIS2_PLACEMENT_3D('',#6349,#5097,#5098);
#4179=AXIS2_PLACEMENT_3D('',#6350,#5099,#5100);
#4180=AXIS2_PLACEMENT_3D('',#6352,#5101,#5102);
#4181=AXIS2_PLACEMENT_3D('',#6354,#5104,#5105);
#4182=AXIS2_PLACEMENT_3D('',#6355,#5106,#5107);
#4183=AXIS2_PLACEMENT_3D('',#6358,#5110,#5111);
#4184=AXIS2_PLACEMENT_3D('',#6360,#5113,#5114);
#4185=AXIS2_PLACEMENT_3D('',#6362,#5116,#5117);
#4186=AXIS2_PLACEMENT_3D('',#6364,#5119,#5120);
#4187=AXIS2_PLACEMENT_3D('',#6366,#5122,#5123);
#4188=AXIS2_PLACEMENT_3D('',#6368,#5125,#5126);
#4189=AXIS2_PLACEMENT_3D('',#6370,#5128,#5129);
#4190=AXIS2_PLACEMENT_3D('',#6372,#5131,#5132);
#4191=AXIS2_PLACEMENT_3D('',#6374,#5134,#5135);
#4192=AXIS2_PLACEMENT_3D('',#6376,#5137,#5138);
#4193=AXIS2_PLACEMENT_3D('',#6378,#5140,#5141);
#4194=AXIS2_PLACEMENT_3D('',#6380,#5143,#5144);
#4195=AXIS2_PLACEMENT_3D('',#6382,#5146,#5147);
#4196=AXIS2_PLACEMENT_3D('',#6384,#5149,#5150);
#4197=AXIS2_PLACEMENT_3D('',#6386,#5152,#5153);
#4198=AXIS2_PLACEMENT_3D('',#6388,#5155,#5156);
#4199=AXIS2_PLACEMENT_3D('',#6390,#5158,#5159);
#4200=AXIS2_PLACEMENT_3D('',#6392,#5161,#5162);
#4201=AXIS2_PLACEMENT_3D('',#6394,#5164,#5165);
#4202=AXIS2_PLACEMENT_3D('',#6395,#5166,#5167);
#4203=AXIS2_PLACEMENT_3D('',#6398,#5170,#5171);
#4204=AXIS2_PLACEMENT_3D('',#6400,#5173,#5174);
#4205=AXIS2_PLACEMENT_3D('',#6402,#5176,#5177);
#4206=AXIS2_PLACEMENT_3D('',#6404,#5179,#5180);
#4207=AXIS2_PLACEMENT_3D('',#6406,#5182,#5183);
#4208=AXIS2_PLACEMENT_3D('',#6408,#5185,#5186);
#4209=AXIS2_PLACEMENT_3D('',#6410,#5188,#5189);
#4210=AXIS2_PLACEMENT_3D('',#6412,#5191,#5192);
#4211=AXIS2_PLACEMENT_3D('',#6414,#5194,#5195);
#4212=AXIS2_PLACEMENT_3D('',#6416,#5197,#5198);
#4213=AXIS2_PLACEMENT_3D('',#6418,#5200,#5201);
#4214=AXIS2_PLACEMENT_3D('',#6420,#5203,#5204);
#4215=AXIS2_PLACEMENT_3D('',#6422,#5206,#5207);
#4216=AXIS2_PLACEMENT_3D('',#6424,#5209,#5210);
#4217=AXIS2_PLACEMENT_3D('',#6426,#5212,#5213);
#4218=AXIS2_PLACEMENT_3D('',#6428,#5215,#5216);
#4219=AXIS2_PLACEMENT_3D('',#6430,#5218,#5219);
#4220=AXIS2_PLACEMENT_3D('',#6432,#5221,#5222);
#4221=AXIS2_PLACEMENT_3D('',#6434,#5224,#5225);
#4222=AXIS2_PLACEMENT_3D('',#6436,#5227,#5228);
#4223=AXIS2_PLACEMENT_3D('',#6438,#5230,#5231);
#4224=AXIS2_PLACEMENT_3D('',#6440,#5233,#5234);
#4225=AXIS2_PLACEMENT_3D('',#6442,#5236,#5237);
#4226=AXIS2_PLACEMENT_3D('',#6444,#5239,#5240);
#4227=AXIS2_PLACEMENT_3D('',#6446,#5242,#5243);
#4228=AXIS2_PLACEMENT_3D('',#6448,#5245,#5246);
#4229=AXIS2_PLACEMENT_3D('',#6450,#5248,#5249);
#4230=AXIS2_PLACEMENT_3D('',#6452,#5251,#5252);
#4231=AXIS2_PLACEMENT_3D('',#6454,#5254,#5255);
#4232=AXIS2_PLACEMENT_3D('',#6456,#5257,#5258);
#4233=AXIS2_PLACEMENT_3D('',#6458,#5260,#5261);
#4234=AXIS2_PLACEMENT_3D('',#6459,#5262,#5263);
#4235=AXIS2_PLACEMENT_3D('',#6462,#5266,#5267);
#4236=AXIS2_PLACEMENT_3D('',#6464,#5269,#5270);
#4237=AXIS2_PLACEMENT_3D('',#6466,#5272,#5273);
#4238=AXIS2_PLACEMENT_3D('',#6468,#5275,#5276);
#4239=AXIS2_PLACEMENT_3D('',#6470,#5278,#5279);
#4240=AXIS2_PLACEMENT_3D('',#6472,#5281,#5282);
#4241=AXIS2_PLACEMENT_3D('',#6474,#5284,#5285);
#4242=AXIS2_PLACEMENT_3D('',#6476,#5287,#5288);
#4243=AXIS2_PLACEMENT_3D('',#6478,#5290,#5291);
#4244=AXIS2_PLACEMENT_3D('',#6480,#5293,#5294);
#4245=AXIS2_PLACEMENT_3D('',#6482,#5296,#5297);
#4246=AXIS2_PLACEMENT_3D('',#6484,#5299,#5300);
#4247=AXIS2_PLACEMENT_3D('',#6486,#5302,#5303);
#4248=AXIS2_PLACEMENT_3D('',#6488,#5305,#5306);
#4249=AXIS2_PLACEMENT_3D('',#6490,#5308,#5309);
#4250=AXIS2_PLACEMENT_3D('',#6492,#5311,#5312);
#4251=AXIS2_PLACEMENT_3D('',#6494,#5314,#5315);
#4252=AXIS2_PLACEMENT_3D('',#6496,#5317,#5318);
#4253=AXIS2_PLACEMENT_3D('',#6498,#5320,#5321);
#4254=AXIS2_PLACEMENT_3D('',#6500,#5323,#5324);
#4255=AXIS2_PLACEMENT_3D('',#6502,#5326,#5327);
#4256=AXIS2_PLACEMENT_3D('',#6504,#5329,#5330);
#4257=AXIS2_PLACEMENT_3D('',#6506,#5332,#5333);
#4258=AXIS2_PLACEMENT_3D('',#6508,#5335,#5336);
#4259=AXIS2_PLACEMENT_3D('',#6510,#5338,#5339);
#4260=AXIS2_PLACEMENT_3D('',#6512,#5341,#5342);
#4261=AXIS2_PLACEMENT_3D('',#6514,#5344,#5345);
#4262=AXIS2_PLACEMENT_3D('',#6516,#5347,#5348);
#4263=AXIS2_PLACEMENT_3D('',#6517,#5349,#5350);
#4264=AXIS2_PLACEMENT_3D('',#6520,#5353,#5354);
#4265=AXIS2_PLACEMENT_3D('',#6522,#5356,#5357);
#4266=AXIS2_PLACEMENT_3D('',#6524,#5359,#5360);
#4267=AXIS2_PLACEMENT_3D('',#6526,#5362,#5363);
#4268=AXIS2_PLACEMENT_3D('',#6528,#5365,#5366);
#4269=AXIS2_PLACEMENT_3D('',#6530,#5368,#5369);
#4270=AXIS2_PLACEMENT_3D('',#6532,#5371,#5372);
#4271=AXIS2_PLACEMENT_3D('',#6534,#5374,#5375);
#4272=AXIS2_PLACEMENT_3D('',#6536,#5377,#5378);
#4273=AXIS2_PLACEMENT_3D('',#6538,#5380,#5381);
#4274=AXIS2_PLACEMENT_3D('',#6540,#5383,#5384);
#4275=AXIS2_PLACEMENT_3D('',#6542,#5386,#5387);
#4276=AXIS2_PLACEMENT_3D('',#6544,#5389,#5390);
#4277=AXIS2_PLACEMENT_3D('',#6546,#5392,#5393);
#4278=AXIS2_PLACEMENT_3D('',#6548,#5395,#5396);
#4279=AXIS2_PLACEMENT_3D('',#6550,#5398,#5399);
#4280=AXIS2_PLACEMENT_3D('',#6552,#5401,#5402);
#4281=AXIS2_PLACEMENT_3D('',#6554,#5404,#5405);
#4282=AXIS2_PLACEMENT_3D('',#6556,#5407,#5408);
#4283=AXIS2_PLACEMENT_3D('',#6558,#5410,#5411);
#4284=AXIS2_PLACEMENT_3D('',#6560,#5413,#5414);
#4285=AXIS2_PLACEMENT_3D('',#6562,#5416,#5417);
#4286=AXIS2_PLACEMENT_3D('',#6564,#5419,#5420);
#4287=AXIS2_PLACEMENT_3D('',#6566,#5422,#5423);
#4288=AXIS2_PLACEMENT_3D('',#6568,#5425,#5426);
#4289=AXIS2_PLACEMENT_3D('',#6570,#5428,#5429);
#4290=AXIS2_PLACEMENT_3D('',#6572,#5431,#5432);
#4291=AXIS2_PLACEMENT_3D('',#6574,#5434,#5435);
#4292=AXIS2_PLACEMENT_3D('',#6576,#5437,#5438);
#4293=AXIS2_PLACEMENT_3D('',#6578,#5440,#5441);
#4294=AXIS2_PLACEMENT_3D('',#6580,#5443,#5444);
#4295=AXIS2_PLACEMENT_3D('',#6581,#5445,#5446);
#4296=AXIS2_PLACEMENT_3D('',#6587,#5450,#5451);
#4297=AXIS2_PLACEMENT_3D('',#6591,#5454,#5455);
#4298=AXIS2_PLACEMENT_3D('',#6595,#5458,#5459);
#4299=AXIS2_PLACEMENT_3D('',#6597,#5461,#5462);
#4300=AXIS2_PLACEMENT_3D('',#6598,#5463,#5464);
#4301=AXIS2_PLACEMENT_3D('',#6604,#5468,#5469);
#4302=AXIS2_PLACEMENT_3D('',#6608,#5472,#5473);
#4303=AXIS2_PLACEMENT_3D('',#6612,#5476,#5477);
#4304=AXIS2_PLACEMENT_3D('',#6614,#5479,#5480);
#4305=AXIS2_PLACEMENT_3D('',#6615,#5481,#5482);
#4306=AXIS2_PLACEMENT_3D('',#6617,#5484,#5485);
#4307=AXIS2_PLACEMENT_3D('',#6619,#5487,#5488);
#4308=AXIS2_PLACEMENT_3D('',#6621,#5490,#5491);
#4309=DIRECTION('axis',(0.,0.,1.));
#4310=DIRECTION('refdir',(1.,0.,0.));
#4311=DIRECTION('center_axis',(0.,1.,0.));
#4312=DIRECTION('ref_axis',(-1.,0.,0.));
#4313=DIRECTION('center_axis',(0.,1.,0.));
#4314=DIRECTION('ref_axis',(-1.,0.,0.));
#4315=DIRECTION('',(-0.707106781186548,-0.707106781186547,8.65956056235494E-17));
#4316=DIRECTION('center_axis',(0.,-1.,0.));
#4317=DIRECTION('ref_axis',(-1.,0.,0.));
#4318=DIRECTION('center_axis',(0.,-1.,0.));
#4319=DIRECTION('ref_axis',(-1.,0.,0.));
#4320=DIRECTION('center_axis',(0.,1.,0.));
#4321=DIRECTION('ref_axis',(0.,0.,1.));
#4322=DIRECTION('center_axis',(0.,1.,0.));
#4323=DIRECTION('ref_axis',(0.499999999999999,0.,-0.866025403784439));
#4324=DIRECTION('center_axis',(0.,-1.,0.));
#4325=DIRECTION('ref_axis',(-1.,0.,0.));
#4326=DIRECTION('center_axis',(0.,1.,0.));
#4327=DIRECTION('ref_axis',(-0.866025403784438,0.,0.5));
#4328=DIRECTION('',(1.2344383873525E-16,0.,1.));
#4329=DIRECTION('center_axis',(0.,1.,0.));
#4330=DIRECTION('ref_axis',(-0.866025403784438,0.,-0.5));
#4331=DIRECTION('center_axis',(0.,-1.,0.));
#4332=DIRECTION('ref_axis',(-1.,0.,0.));
#4333=DIRECTION('center_axis',(0.,1.,0.));
#4334=DIRECTION('ref_axis',(0.499999999999999,0.,0.866025403784439));
#4335=DIRECTION('',(1.,0.,-2.16628882853689E-16));
#4336=DIRECTION('center_axis',(0.,1.,0.));
#4337=DIRECTION('ref_axis',(-0.5,0.,0.866025403784438));
#4338=DIRECTION('center_axis',(0.,-1.,0.));
#4339=DIRECTION('ref_axis',(-1.,0.,0.));
#4340=DIRECTION('center_axis',(0.,-1.,0.));
#4341=DIRECTION('ref_axis',(-1.,0.,0.));
#4342=DIRECTION('center_axis',(0.,1.,0.));
#4343=DIRECTION('ref_axis',(0.866025403784438,0.,-0.5));
#4344=DIRECTION('',(-1.2344383873525E-16,0.,-1.));
#4345=DIRECTION('center_axis',(0.,1.,0.));
#4346=DIRECTION('ref_axis',(0.866025403784438,0.,0.5));
#4347=DIRECTION('center_axis',(0.,-1.,0.));
#4348=DIRECTION('ref_axis',(-1.,0.,0.));
#4349=DIRECTION('center_axis',(0.,-1.,0.));
#4350=DIRECTION('ref_axis',(-1.,0.,0.));
#4351=DIRECTION('center_axis',(0.,1.,0.));
#4352=DIRECTION('ref_axis',(-0.5,0.,-0.866025403784438));
#4353=DIRECTION('',(-1.,0.,2.16628882853689E-16));
#4354=DIRECTION('center_axis',(0.,1.,0.));
#4355=DIRECTION('ref_axis',(-1.,0.,0.));
#4356=DIRECTION('center_axis',(0.,1.,0.));
#4357=DIRECTION('ref_axis',(-1.,0.,0.));
#4358=DIRECTION('center_axis',(0.,1.,0.));
#4359=DIRECTION('ref_axis',(-1.,0.,0.));
#4360=DIRECTION('center_axis',(0.,1.,0.));
#4361=DIRECTION('ref_axis',(-1.,0.,0.));
#4362=DIRECTION('center_axis',(0.,1.,0.));
#4363=DIRECTION('ref_axis',(-1.,0.,0.));
#4364=DIRECTION('center_axis',(0.,-1.,0.));
#4365=DIRECTION('ref_axis',(1.,0.,0.));
#4366=DIRECTION('center_axis',(0.,-1.,0.));
#4367=DIRECTION('ref_axis',(1.,0.,0.));
#4368=DIRECTION('center_axis',(0.,-1.,0.));
#4369=DIRECTION('ref_axis',(1.,0.,0.));
#4370=DIRECTION('',(1.,0.,4.67462326157961E-16));
#4371=DIRECTION('',(0.,0.,-1.));
#4372=DIRECTION('center_axis',(0.,-1.,0.));
#4373=DIRECTION('ref_axis',(0.,0.,-1.));
#4374=DIRECTION('',(1.,0.,0.));
#4375=DIRECTION('center_axis',(0.,-1.,0.));
#4376=DIRECTION('ref_axis',(1.,0.,0.));
#4377=DIRECTION('',(0.,0.,1.));
#4378=DIRECTION('center_axis',(0.,-1.,0.));
#4379=DIRECTION('ref_axis',(0.,0.,1.));
#4380=DIRECTION('',(-1.,0.,0.));
#4381=DIRECTION('center_axis',(0.,-1.,0.));
#4382=DIRECTION('ref_axis',(-1.,0.,0.));
#4383=DIRECTION('',(0.,0.,-1.));
#4384=DIRECTION('',(-1.,0.,4.67462326157961E-16));
#4385=DIRECTION('',(2.7755575615629E-16,0.,1.));
#4386=DIRECTION('center_axis',(0.,-1.,0.));
#4387=DIRECTION('ref_axis',(0.,0.,1.));
#4388=DIRECTION('',(-1.,0.,-1.77635683940014E-14));
#4389=DIRECTION('center_axis',(0.,-1.,0.));
#4390=DIRECTION('ref_axis',(-1.,0.,0.));
#4391=DIRECTION('',(-2.7755575615629E-16,0.,-1.));
#4392=DIRECTION('center_axis',(0.,-1.,0.));
#4393=DIRECTION('ref_axis',(0.,0.,-1.));
#4394=DIRECTION('',(1.,0.,-1.77635683940014E-14));
#4395=DIRECTION('center_axis',(0.,-1.,0.));
#4396=DIRECTION('ref_axis',(1.,0.,0.));
#4397=DIRECTION('',(2.7755575615629E-16,0.,1.));
#4398=DIRECTION('',(-6.47017391834528E-16,0.,1.));
#4399=DIRECTION('',(1.,0.,0.));
#4400=DIRECTION('center_axis',(0.,-1.,0.));
#4401=DIRECTION('ref_axis',(1.,0.,0.));
#4402=DIRECTION('',(-7.10542735760103E-14,0.,1.));
#4403=DIRECTION('center_axis',(0.,-1.,0.));
#4404=DIRECTION('ref_axis',(3.55271367880051E-14,0.,1.));
#4405=DIRECTION('',(-1.,0.,0.));
#4406=DIRECTION('center_axis',(0.,-1.,0.));
#4407=DIRECTION('ref_axis',(-1.,0.,8.88178419700105E-15));
#4408=DIRECTION('',(-6.66133814775096E-14,0.,-1.));
#4409=DIRECTION('center_axis',(0.,-1.,0.));
#4410=DIRECTION('ref_axis',(0.,0.,-1.));
#4411=DIRECTION('',(1.,0.,0.));
#4412=DIRECTION('',(-2.9409881447024E-16,0.,-1.));
#4413=DIRECTION('',(-1.,0.,0.));
#4414=DIRECTION('center_axis',(0.,-1.,0.));
#4415=DIRECTION('ref_axis',(-1.,0.,0.));
#4416=DIRECTION('',(0.,0.,-1.));
#4417=DIRECTION('center_axis',(0.,-1.,0.));
#4418=DIRECTION('ref_axis',(0.,0.,-1.));
#4419=DIRECTION('',(1.,0.,-1.2335811384724E-16));
#4420=DIRECTION('',(2.9409881447024E-16,0.,-1.));
#4421=DIRECTION('',(-1.,0.,0.));
#4422=DIRECTION('center_axis',(0.,-1.,0.));
#4423=DIRECTION('ref_axis',(-1.,0.,0.));
#4424=DIRECTION('',(0.,0.,-1.));
#4425=DIRECTION('center_axis',(0.,-1.,0.));
#4426=DIRECTION('ref_axis',(0.,0.,-1.));
#4427=DIRECTION('',(1.,0.,0.));
#4428=DIRECTION('center_axis',(0.,-1.,0.));
#4429=DIRECTION('ref_axis',(1.,0.,4.44089209850052E-15));
#4430=DIRECTION('',(0.,0.,1.));
#4431=DIRECTION('center_axis',(0.,-1.,0.));
#4432=DIRECTION('ref_axis',(0.,0.,1.));
#4433=DIRECTION('',(-1.,0.,0.));
#4434=DIRECTION('',(6.47017391834528E-16,0.,1.));
#4435=DIRECTION('',(1.,0.,-1.2335811384724E-16));
#4436=DIRECTION('center_axis',(0.,-1.,0.));
#4437=DIRECTION('ref_axis',(1.,0.,0.));
#4438=DIRECTION('',(0.,0.,1.));
#4439=DIRECTION('center_axis',(0.,-1.,0.));
#4440=DIRECTION('ref_axis',(-8.8817841970012E-15,0.,1.));
#4441=DIRECTION('',(-1.,0.,0.));
#4442=DIRECTION('',(0.,0.,1.));
#4443=DIRECTION('',(1.,0.,-2.21989107648119E-16));
#4444=DIRECTION('center_axis',(0.,-1.,0.));
#4445=DIRECTION('ref_axis',(1.,0.,5.55111512312577E-16));
#4446=DIRECTION('',(3.32900457158967E-16,0.,1.));
#4447=DIRECTION('',(1.,0.,0.));
#4448=DIRECTION('center_axis',(0.,-1.,0.));
#4449=DIRECTION('ref_axis',(1.,0.,-5.55111512312578E-16));
#4450=DIRECTION('',(-2.01858731750028E-16,0.,1.));
#4451=DIRECTION('center_axis',(0.,-1.,0.));
#4452=DIRECTION('ref_axis',(5.55111512312577E-16,0.,1.));
#4453=DIRECTION('',(-1.,0.,0.));
#4454=DIRECTION('center_axis',(0.,-1.,0.));
#4455=DIRECTION('ref_axis',(-1.,0.,1.11022302462516E-15));
#4456=DIRECTION('',(-6.30808536718839E-17,0.,-1.));
#4457=DIRECTION('',(-1.,0.,0.));
#4458=DIRECTION('',(3.32900457158967E-16,0.,1.));
#4459=DIRECTION('center_axis',(0.,-1.,0.));
#4460=DIRECTION('ref_axis',(0.,0.,1.));
#4461=DIRECTION('',(-1.,0.,2.77486384560149E-16));
#4462=DIRECTION('center_axis',(0.,-1.,0.));
#4463=DIRECTION('ref_axis',(-1.,0.,5.55111512312578E-16));
#4464=DIRECTION('',(0.,0.,-1.));
#4465=DIRECTION('center_axis',(0.,-1.,0.));
#4466=DIRECTION('ref_axis',(0.,0.,-1.));
#4467=DIRECTION('',(1.,0.,-2.21989107648119E-16));
#4468=DIRECTION('',(-5.19402584619956E-16,0.,-1.));
#4469=DIRECTION('',(-1.,0.,0.));
#4470=DIRECTION('center_axis',(0.,-1.,0.));
#4471=DIRECTION('ref_axis',(-1.,0.,0.));
#4472=DIRECTION('',(0.,0.,-1.));
#4473=DIRECTION('center_axis',(0.,-1.,0.));
#4474=DIRECTION('ref_axis',(0.,0.,-1.));
#4475=DIRECTION('',(1.,0.,0.));
#4476=DIRECTION('center_axis',(0.,-1.,0.));
#4477=DIRECTION('ref_axis',(1.,0.,0.));
#4478=DIRECTION('',(0.,0.,1.));
#4479=DIRECTION('center_axis',(0.,-1.,0.));
#4480=DIRECTION('ref_axis',(0.,0.,1.));
#4481=DIRECTION('',(-1.,0.,0.));
#4482=DIRECTION('',(-7.05837154728576E-16,0.,1.));
#4483=DIRECTION('',(1.,0.,0.));
#4484=DIRECTION('center_axis',(0.,-1.,0.));
#4485=DIRECTION('ref_axis',(1.,0.,0.));
#4486=DIRECTION('',(-7.10542735760103E-14,0.,1.));
#4487=DIRECTION('center_axis',(0.,-1.,0.));
#4488=DIRECTION('ref_axis',(3.55271367880051E-14,0.,1.));
#4489=DIRECTION('',(-1.,0.,0.));
#4490=DIRECTION('center_axis',(0.,-1.,0.));
#4491=DIRECTION('ref_axis',(-1.,0.,8.88178419700105E-15));
#4492=DIRECTION('',(-7.10542735760103E-14,0.,-1.));
#4493=DIRECTION('center_axis',(0.,-1.,0.));
#4494=DIRECTION('ref_axis',(0.,0.,-1.));
#4495=DIRECTION('',(1.,0.,0.));
#4496=DIRECTION('',(-2.35279051576192E-16,0.,-1.));
#4497=DIRECTION('',(-1.,0.,0.));
#4498=DIRECTION('center_axis',(0.,-1.,0.));
#4499=DIRECTION('ref_axis',(-1.,0.,0.));
#4500=DIRECTION('',(0.,0.,-1.));
#4501=DIRECTION('center_axis',(0.,-1.,0.));
#4502=DIRECTION('ref_axis',(0.,0.,-1.));
#4503=DIRECTION('',(1.,0.,-1.2335811384724E-16));
#4504=DIRECTION('',(2.35279051576192E-16,0.,-1.));
#4505=DIRECTION('',(-1.,0.,0.));
#4506=DIRECTION('center_axis',(0.,-1.,0.));
#4507=DIRECTION('ref_axis',(-1.,0.,0.));
#4508=DIRECTION('',(0.,0.,-1.));
#4509=DIRECTION('center_axis',(0.,-1.,0.));
#4510=DIRECTION('ref_axis',(0.,0.,-1.));
#4511=DIRECTION('',(1.,0.,0.));
#4512=DIRECTION('center_axis',(0.,-1.,0.));
#4513=DIRECTION('ref_axis',(1.,0.,4.44089209850052E-15));
#4514=DIRECTION('',(0.,0.,1.));
#4515=DIRECTION('center_axis',(0.,-1.,0.));
#4516=DIRECTION('ref_axis',(0.,0.,1.));
#4517=DIRECTION('',(-1.,0.,0.));
#4518=DIRECTION('',(7.05837154728576E-16,0.,1.));
#4519=DIRECTION('',(1.,0.,-1.2335811384724E-16));
#4520=DIRECTION('center_axis',(0.,-1.,0.));
#4521=DIRECTION('ref_axis',(1.,0.,0.));
#4522=DIRECTION('',(0.,0.,1.));
#4523=DIRECTION('center_axis',(0.,-1.,0.));
#4524=DIRECTION('ref_axis',(-1.77635683940024E-14,0.,1.));
#4525=DIRECTION('',(-1.,0.,0.));
#4526=DIRECTION('',(-1.,0.,0.));
#4527=DIRECTION('',(-2.96059473233377E-15,0.,-1.));
#4528=DIRECTION('',(1.,0.,0.));
#4529=DIRECTION('',(-9.86864910777922E-16,0.,1.));
#4530=DIRECTION('',(1.97372982155584E-15,0.,-1.));
#4531=DIRECTION('',(1.,0.,0.));
#4532=DIRECTION('',(1.97372982155584E-15,0.,1.));
#4533=DIRECTION('',(-1.,0.,0.));
#4534=DIRECTION('center_axis',(0.,1.,0.));
#4535=DIRECTION('ref_axis',(-1.,0.,0.));
#4536=DIRECTION('center_axis',(0.,1.,0.));
#4537=DIRECTION('ref_axis',(-1.,0.,0.));
#4538=DIRECTION('center_axis',(0.,1.,0.));
#4539=DIRECTION('ref_axis',(-1.,0.,0.));
#4540=DIRECTION('center_axis',(0.,1.,0.));
#4541=DIRECTION('ref_axis',(-1.,0.,0.));
#4542=DIRECTION('center_axis',(0.,-1.,0.));
#4543=DIRECTION('ref_axis',(1.,0.,0.));
#4544=DIRECTION('',(0.,-1.,0.));
#4545=DIRECTION('center_axis',(0.,1.,0.));
#4546=DIRECTION('ref_axis',(1.,0.,0.));
#4547=DIRECTION('center_axis',(0.,1.,0.));
#4548=DIRECTION('ref_axis',(-1.,0.,0.));
#4549=DIRECTION('',(-0.707106781186548,-0.707106781186547,8.65956056235494E-17));
#4550=DIRECTION('center_axis',(0.,-1.,0.));
#4551=DIRECTION('ref_axis',(-1.,0.,0.));
#4552=DIRECTION('center_axis',(0.,-1.,0.));
#4553=DIRECTION('ref_axis',(-1.,0.,0.));
#4554=DIRECTION('center_axis',(0.,-1.,0.));
#4555=DIRECTION('ref_axis',(1.,0.,0.));
#4556=DIRECTION('',(0.,-1.,0.));
#4557=DIRECTION('center_axis',(0.,1.,0.));
#4558=DIRECTION('ref_axis',(1.,0.,0.));
#4559=DIRECTION('center_axis',(0.,1.,0.));
#4560=DIRECTION('ref_axis',(-1.,0.,0.));
#4561=DIRECTION('',(-0.707106781186546,-0.707106781186549,8.65956056235492E-17));
#4562=DIRECTION('center_axis',(0.,-1.,0.));
#4563=DIRECTION('ref_axis',(-1.,0.,0.));
#4564=DIRECTION('center_axis',(0.,-1.,0.));
#4565=DIRECTION('ref_axis',(-1.,0.,0.));
#4566=DIRECTION('center_axis',(0.,-1.,0.));
#4567=DIRECTION('ref_axis',(1.,0.,0.));
#4568=DIRECTION('',(0.,-1.,0.));
#4569=DIRECTION('center_axis',(0.,1.,0.));
#4570=DIRECTION('ref_axis',(1.,0.,0.));
#4571=DIRECTION('center_axis',(0.,1.,0.));
#4572=DIRECTION('ref_axis',(-1.,0.,0.));
#4573=DIRECTION('',(-0.707106781186548,-0.707106781186547,8.65956056235494E-17));
#4574=DIRECTION('center_axis',(0.,-1.,0.));
#4575=DIRECTION('ref_axis',(-1.,0.,0.));
#4576=DIRECTION('center_axis',(0.,-1.,0.));
#4577=DIRECTION('ref_axis',(-1.,0.,0.));
#4578=DIRECTION('center_axis',(0.,-1.,0.));
#4579=DIRECTION('ref_axis',(1.,0.,0.));
#4580=DIRECTION('',(0.,-1.,0.));
#4581=DIRECTION('center_axis',(0.,1.,0.));
#4582=DIRECTION('ref_axis',(1.,0.,0.));
#4583=DIRECTION('center_axis',(0.,1.,0.));
#4584=DIRECTION('ref_axis',(-1.,0.,0.));
#4585=DIRECTION('',(-0.707106781186548,-0.707106781186547,8.65956056235494E-17));
#4586=DIRECTION('center_axis',(0.,-1.,0.));
#4587=DIRECTION('ref_axis',(-1.,0.,0.));
#4588=DIRECTION('center_axis',(0.,-1.,0.));
#4589=DIRECTION('ref_axis',(-1.,0.,0.));
#4590=DIRECTION('center_axis',(0.,-1.,0.));
#4591=DIRECTION('ref_axis',(1.,0.,0.));
#4592=DIRECTION('',(0.,-1.,0.));
#4593=DIRECTION('center_axis',(0.,1.,0.));
#4594=DIRECTION('ref_axis',(1.,0.,0.));
#4595=DIRECTION('center_axis',(0.,1.,0.));
#4596=DIRECTION('ref_axis',(-1.,0.,0.));
#4597=DIRECTION('',(-0.707106781186546,-0.707106781186549,8.65956056235492E-17));
#4598=DIRECTION('center_axis',(0.,-1.,0.));
#4599=DIRECTION('ref_axis',(-1.,0.,0.));
#4600=DIRECTION('center_axis',(0.,-1.,0.));
#4601=DIRECTION('ref_axis',(-1.,0.,0.));
#4602=DIRECTION('center_axis',(0.,-1.,0.));
#4603=DIRECTION('ref_axis',(1.,0.,0.));
#4604=DIRECTION('',(0.,-1.,0.));
#4605=DIRECTION('center_axis',(0.,1.,0.));
#4606=DIRECTION('ref_axis',(1.,0.,0.));
#4607=DIRECTION('center_axis',(0.,1.,0.));
#4608=DIRECTION('ref_axis',(-1.,0.,0.));
#4609=DIRECTION('',(-0.707106781186547,-0.707106781186548,8.65956056235493E-17));
#4610=DIRECTION('center_axis',(0.,-1.,0.));
#4611=DIRECTION('ref_axis',(-1.,0.,0.));
#4612=DIRECTION('center_axis',(0.,-1.,0.));
#4613=DIRECTION('ref_axis',(-1.,0.,0.));
#4614=DIRECTION('center_axis',(0.,-1.,0.));
#4615=DIRECTION('ref_axis',(1.,0.,0.));
#4616=DIRECTION('',(0.,-1.,0.));
#4617=DIRECTION('center_axis',(0.,1.,0.));
#4618=DIRECTION('ref_axis',(1.,0.,0.));
#4619=DIRECTION('center_axis',(0.,1.,0.));
#4620=DIRECTION('ref_axis',(-1.,0.,0.));
#4621=DIRECTION('',(-0.707106781186548,-0.707106781186547,8.65956056235494E-17));
#4622=DIRECTION('center_axis',(0.,-1.,0.));
#4623=DIRECTION('ref_axis',(-1.,0.,0.));
#4624=DIRECTION('center_axis',(0.,-1.,0.));
#4625=DIRECTION('ref_axis',(-1.,0.,0.));
#4626=DIRECTION('center_axis',(0.,-1.,0.));
#4627=DIRECTION('ref_axis',(1.,0.,0.));
#4628=DIRECTION('',(0.,-1.,0.));
#4629=DIRECTION('center_axis',(0.,1.,0.));
#4630=DIRECTION('ref_axis',(1.,0.,0.));
#4631=DIRECTION('center_axis',(0.,1.,0.));
#4632=DIRECTION('ref_axis',(-1.,0.,0.));
#4633=DIRECTION('',(-0.707106781186548,-0.707106781186547,8.65956056235494E-17));
#4634=DIRECTION('center_axis',(0.,-1.,0.));
#4635=DIRECTION('ref_axis',(-1.,0.,0.));
#4636=DIRECTION('center_axis',(0.,-1.,0.));
#4637=DIRECTION('ref_axis',(-1.,0.,0.));
#4638=DIRECTION('center_axis',(0.,-1.,0.));
#4639=DIRECTION('ref_axis',(1.,0.,0.));
#4640=DIRECTION('',(0.,-1.,0.));
#4641=DIRECTION('center_axis',(0.,1.,0.));
#4642=DIRECTION('ref_axis',(1.,0.,0.));
#4643=DIRECTION('center_axis',(0.,1.,0.));
#4644=DIRECTION('ref_axis',(-1.,0.,0.));
#4645=DIRECTION('',(-0.707106781186547,-0.707106781186548,8.65956056235493E-17));
#4646=DIRECTION('center_axis',(0.,-1.,0.));
#4647=DIRECTION('ref_axis',(-1.,0.,0.));
#4648=DIRECTION('center_axis',(0.,-1.,0.));
#4649=DIRECTION('ref_axis',(-1.,0.,0.));
#4650=DIRECTION('center_axis',(0.,-1.,0.));
#4651=DIRECTION('ref_axis',(1.,0.,0.));
#4652=DIRECTION('',(0.,-1.,0.));
#4653=DIRECTION('center_axis',(0.,1.,0.));
#4654=DIRECTION('ref_axis',(1.,0.,0.));
#4655=DIRECTION('center_axis',(0.,-1.,0.));
#4656=DIRECTION('ref_axis',(1.,0.,0.));
#4657=DIRECTION('center_axis',(0.,-1.,0.));
#4658=DIRECTION('ref_axis',(1.,0.,0.));
#4659=DIRECTION('',(0.707106781186546,0.707106781186549,8.65956056235492E-17));
#4660=DIRECTION('center_axis',(0.,1.,0.));
#4661=DIRECTION('ref_axis',(1.,0.,0.));
#4662=DIRECTION('center_axis',(0.,1.,0.));
#4663=DIRECTION('ref_axis',(0.,0.,1.));
#4664=DIRECTION('',(1.,0.,-2.16628882853689E-16));
#4665=DIRECTION('center_axis',(0.,-1.,0.));
#4666=DIRECTION('ref_axis',(0.499999999999999,0.,0.866025403784439));
#4667=DIRECTION('center_axis',(0.,-1.,0.));
#4668=DIRECTION('ref_axis',(2.22044604925031E-15,0.,1.));
#4669=DIRECTION('center_axis',(0.,-1.,0.));
#4670=DIRECTION('ref_axis',(-0.866025403784438,0.,-0.500000000000001));
#4671=DIRECTION('',(1.2344383873525E-16,0.,1.));
#4672=DIRECTION('center_axis',(0.,-1.,0.));
#4673=DIRECTION('ref_axis',(-0.866025403784439,0.,0.5));
#4674=DIRECTION('center_axis',(0.,-1.,0.));
#4675=DIRECTION('ref_axis',(-1.,0.,-2.22044604925032E-15));
#4676=DIRECTION('center_axis',(0.,-1.,0.));
#4677=DIRECTION('ref_axis',(0.499999999999999,0.,-0.866025403784439));
#4678=DIRECTION('',(-1.,0.,2.16628882853689E-16));
#4679=DIRECTION('center_axis',(0.,-1.,0.));
#4680=DIRECTION('ref_axis',(-0.5,0.,-0.866025403784439));
#4681=DIRECTION('center_axis',(0.,-1.,0.));
#4682=DIRECTION('ref_axis',(2.22044604925031E-15,0.,-1.));
#4683=DIRECTION('center_axis',(0.,-1.,0.));
#4684=DIRECTION('ref_axis',(0.866025403784439,0.,0.5));
#4685=DIRECTION('',(-1.2344383873525E-16,0.,-1.));
#4686=DIRECTION('center_axis',(0.,-1.,0.));
#4687=DIRECTION('ref_axis',(0.866025403784439,0.,-0.5));
#4688=DIRECTION('center_axis',(0.,-1.,0.));
#4689=DIRECTION('ref_axis',(1.,0.,-2.22044604925031E-15));
#4690=DIRECTION('center_axis',(0.,-1.,0.));
#4691=DIRECTION('ref_axis',(-0.500000000000001,0.,0.866025403784438));
#4692=DIRECTION('center_axis',(0.,-1.,0.));
#4693=DIRECTION('ref_axis',(1.,0.,0.));
#4694=DIRECTION('center_axis',(0.,1.,0.));
#4695=DIRECTION('ref_axis',(1.,0.,0.));
#4696=DIRECTION('center_axis',(0.,1.,0.));
#4697=DIRECTION('ref_axis',(1.,0.,0.));
#4698=DIRECTION('center_axis',(0.,1.,0.));
#4699=DIRECTION('ref_axis',(1.,0.,0.));
#4700=DIRECTION('center_axis',(0.,1.,0.));
#4701=DIRECTION('ref_axis',(1.,0.,0.));
#4702=DIRECTION('',(7.05837154728576E-16,0.,-1.));
#4703=DIRECTION('',(1.,0.,0.));
#4704=DIRECTION('center_axis',(0.,1.,0.));
#4705=DIRECTION('ref_axis',(-1.77635683940024E-14,0.,1.));
#4706=DIRECTION('',(0.,0.,-1.));
#4707=DIRECTION('center_axis',(0.,1.,0.));
#4708=DIRECTION('ref_axis',(1.,0.,0.));
#4709=DIRECTION('',(-1.,0.,1.2335811384724E-16));
#4710=DIRECTION('',(-7.05837154728576E-16,0.,-1.));
#4711=DIRECTION('',(1.,0.,0.));
#4712=DIRECTION('center_axis',(0.,1.,0.));
#4713=DIRECTION('ref_axis',(0.,0.,1.));
#4714=DIRECTION('',(0.,0.,-1.));
#4715=DIRECTION('center_axis',(0.,1.,0.));
#4716=DIRECTION('ref_axis',(1.,0.,4.44089209850052E-15));
#4717=DIRECTION('',(-1.,0.,0.));
#4718=DIRECTION('center_axis',(0.,1.,0.));
#4719=DIRECTION('ref_axis',(0.,0.,-1.));
#4720=DIRECTION('',(0.,0.,1.));
#4721=DIRECTION('center_axis',(0.,1.,0.));
#4722=DIRECTION('ref_axis',(-1.,0.,0.));
#4723=DIRECTION('',(1.,0.,0.));
#4724=DIRECTION('',(-2.35279051576192E-16,0.,1.));
#4725=DIRECTION('',(-1.,0.,1.2335811384724E-16));
#4726=DIRECTION('center_axis',(0.,1.,0.));
#4727=DIRECTION('ref_axis',(0.,0.,-1.));
#4728=DIRECTION('',(0.,0.,1.));
#4729=DIRECTION('center_axis',(0.,1.,0.));
#4730=DIRECTION('ref_axis',(-1.,0.,0.));
#4731=DIRECTION('',(1.,0.,0.));
#4732=DIRECTION('',(2.35279051576192E-16,0.,1.));
#4733=DIRECTION('',(-1.,0.,0.));
#4734=DIRECTION('center_axis',(0.,1.,0.));
#4735=DIRECTION('ref_axis',(0.,0.,-1.));
#4736=DIRECTION('',(7.10542735760103E-14,0.,1.));
#4737=DIRECTION('center_axis',(0.,1.,0.));
#4738=DIRECTION('ref_axis',(-1.,0.,8.88178419700105E-15));
#4739=DIRECTION('',(1.,0.,0.));
#4740=DIRECTION('center_axis',(0.,1.,0.));
#4741=DIRECTION('ref_axis',(3.55271367880051E-14,0.,1.));
#4742=DIRECTION('',(7.10542735760103E-14,0.,-1.));
#4743=DIRECTION('center_axis',(0.,1.,0.));
#4744=DIRECTION('ref_axis',(1.,0.,0.));
#4745=DIRECTION('',(-1.,0.,0.));
#4746=DIRECTION('',(0.,0.,-1.));
#4747=DIRECTION('',(1.,0.,0.));
#4748=DIRECTION('center_axis',(0.,1.,0.));
#4749=DIRECTION('ref_axis',(0.,0.,1.));
#4750=DIRECTION('',(0.,0.,-1.));
#4751=DIRECTION('center_axis',(0.,1.,0.));
#4752=DIRECTION('ref_axis',(1.,0.,0.));
#4753=DIRECTION('',(-1.,0.,0.));
#4754=DIRECTION('center_axis',(0.,1.,0.));
#4755=DIRECTION('ref_axis',(0.,0.,-1.));
#4756=DIRECTION('',(0.,0.,1.));
#4757=DIRECTION('center_axis',(0.,1.,0.));
#4758=DIRECTION('ref_axis',(-1.,0.,0.));
#4759=DIRECTION('',(1.,0.,0.));
#4760=DIRECTION('',(5.19402584619956E-16,0.,1.));
#4761=DIRECTION('',(-1.,0.,2.21989107648119E-16));
#4762=DIRECTION('center_axis',(0.,1.,0.));
#4763=DIRECTION('ref_axis',(0.,0.,-1.));
#4764=DIRECTION('',(0.,0.,1.));
#4765=DIRECTION('center_axis',(0.,1.,0.));
#4766=DIRECTION('ref_axis',(-1.,0.,5.55111512312578E-16));
#4767=DIRECTION('',(1.,0.,-2.77486384560149E-16));
#4768=DIRECTION('center_axis',(0.,1.,0.));
#4769=DIRECTION('ref_axis',(0.,0.,1.));
#4770=DIRECTION('',(-3.32900457158967E-16,0.,-1.));
#4771=DIRECTION('',(1.,0.,0.));
#4772=DIRECTION('',(6.30808536718839E-17,0.,1.));
#4773=DIRECTION('center_axis',(0.,1.,0.));
#4774=DIRECTION('ref_axis',(-1.,0.,1.11022302462516E-15));
#4775=DIRECTION('',(1.,0.,0.));
#4776=DIRECTION('center_axis',(0.,1.,0.));
#4777=DIRECTION('ref_axis',(5.55111512312577E-16,0.,1.));
#4778=DIRECTION('',(2.01858731750028E-16,0.,-1.));
#4779=DIRECTION('center_axis',(0.,1.,0.));
#4780=DIRECTION('ref_axis',(1.,0.,-5.55111512312578E-16));
#4781=DIRECTION('',(-1.,0.,0.));
#4782=DIRECTION('',(-3.32900457158967E-16,0.,-1.));
#4783=DIRECTION('center_axis',(0.,1.,0.));
#4784=DIRECTION('ref_axis',(1.,0.,5.55111512312577E-16));
#4785=DIRECTION('',(-1.,0.,2.21989107648119E-16));
#4786=DIRECTION('',(6.47017391834528E-16,0.,-1.));
#4787=DIRECTION('',(1.,0.,0.));
#4788=DIRECTION('center_axis',(0.,1.,0.));
#4789=DIRECTION('ref_axis',(-8.8817841970012E-15,0.,1.));
#4790=DIRECTION('',(0.,0.,-1.));
#4791=DIRECTION('center_axis',(0.,1.,0.));
#4792=DIRECTION('ref_axis',(1.,0.,0.));
#4793=DIRECTION('',(-1.,0.,1.2335811384724E-16));
#4794=DIRECTION('',(-6.47017391834528E-16,0.,-1.));
#4795=DIRECTION('',(1.,0.,0.));
#4796=DIRECTION('center_axis',(0.,1.,0.));
#4797=DIRECTION('ref_axis',(0.,0.,1.));
#4798=DIRECTION('',(0.,0.,-1.));
#4799=DIRECTION('center_axis',(0.,1.,0.));
#4800=DIRECTION('ref_axis',(1.,0.,4.44089209850052E-15));
#4801=DIRECTION('',(-1.,0.,0.));
#4802=DIRECTION('center_axis',(0.,1.,0.));
#4803=DIRECTION('ref_axis',(0.,0.,-1.));
#4804=DIRECTION('',(0.,0.,1.));
#4805=DIRECTION('center_axis',(0.,1.,0.));
#4806=DIRECTION('ref_axis',(-1.,0.,0.));
#4807=DIRECTION('',(1.,0.,0.));
#4808=DIRECTION('',(-2.9409881447024E-16,0.,1.));
#4809=DIRECTION('',(-1.,0.,1.2335811384724E-16));
#4810=DIRECTION('center_axis',(0.,1.,0.));
#4811=DIRECTION('ref_axis',(0.,0.,-1.));
#4812=DIRECTION('',(0.,0.,1.));
#4813=DIRECTION('center_axis',(0.,1.,0.));
#4814=DIRECTION('ref_axis',(-1.,0.,0.));
#4815=DIRECTION('',(1.,0.,0.));
#4816=DIRECTION('',(2.9409881447024E-16,0.,1.));
#4817=DIRECTION('',(-1.,0.,0.));
#4818=DIRECTION('center_axis',(0.,1.,0.));
#4819=DIRECTION('ref_axis',(0.,0.,-1.));
#4820=DIRECTION('',(6.66133814775096E-14,0.,1.));
#4821=DIRECTION('center_axis',(0.,1.,0.));
#4822=DIRECTION('ref_axis',(-1.,0.,8.88178419700105E-15));
#4823=DIRECTION('',(1.,0.,0.));
#4824=DIRECTION('center_axis',(0.,1.,0.));
#4825=DIRECTION('ref_axis',(3.55271367880051E-14,0.,1.));
#4826=DIRECTION('',(7.10542735760103E-14,0.,-1.));
#4827=DIRECTION('center_axis',(0.,1.,0.));
#4828=DIRECTION('ref_axis',(1.,0.,0.));
#4829=DIRECTION('',(-1.,0.,0.));
#4830=DIRECTION('',(-1.,0.,-4.67462326157961E-16));
#4831=DIRECTION('',(-2.7755575615629E-16,0.,-1.));
#4832=DIRECTION('center_axis',(0.,1.,0.));
#4833=DIRECTION('ref_axis',(1.,0.,0.));
#4834=DIRECTION('',(-1.,0.,1.77635683940014E-14));
#4835=DIRECTION('center_axis',(0.,1.,0.));
#4836=DIRECTION('ref_axis',(0.,0.,-1.));
#4837=DIRECTION('',(2.7755575615629E-16,0.,1.));
#4838=DIRECTION('center_axis',(0.,1.,0.));
#4839=DIRECTION('ref_axis',(-1.,0.,0.));
#4840=DIRECTION('',(1.,0.,1.77635683940014E-14));
#4841=DIRECTION('center_axis',(0.,1.,0.));
#4842=DIRECTION('ref_axis',(0.,0.,1.));
#4843=DIRECTION('',(-2.7755575615629E-16,0.,-1.));
#4844=DIRECTION('',(1.,0.,-4.67462326157961E-16));
#4845=DIRECTION('',(0.,0.,1.));
#4846=DIRECTION('center_axis',(0.,1.,0.));
#4847=DIRECTION('ref_axis',(-1.,0.,0.));
#4848=DIRECTION('',(1.,0.,0.));
#4849=DIRECTION('center_axis',(0.,1.,0.));
#4850=DIRECTION('ref_axis',(0.,0.,1.));
#4851=DIRECTION('',(0.,0.,-1.));
#4852=DIRECTION('center_axis',(0.,1.,0.));
#4853=DIRECTION('ref_axis',(1.,0.,0.));
#4854=DIRECTION('',(-1.,0.,0.));
#4855=DIRECTION('center_axis',(0.,1.,0.));
#4856=DIRECTION('ref_axis',(0.,0.,-1.));
#4857=DIRECTION('',(0.,0.,1.));
#4858=DIRECTION('center_axis',(0.,-1.,0.));
#4859=DIRECTION('ref_axis',(1.,0.,0.));
#4860=DIRECTION('center_axis',(0.,-1.,0.));
#4861=DIRECTION('ref_axis',(1.,0.,0.));
#4862=DIRECTION('center_axis',(0.,-1.,0.));
#4863=DIRECTION('ref_axis',(-1.,0.,0.));
#4864=DIRECTION('',(0.,-1.,0.));
#4865=DIRECTION('center_axis',(0.,-1.,0.));
#4866=DIRECTION('ref_axis',(1.,0.,0.));
#4867=DIRECTION('',(0.707106781186547,0.707106781186547,8.65956056235493E-17));
#4868=DIRECTION('center_axis',(0.,1.,0.));
#4869=DIRECTION('ref_axis',(1.,0.,0.));
#4870=DIRECTION('center_axis',(0.,-1.,0.));
#4871=DIRECTION('ref_axis',(1.,0.,0.));
#4872=DIRECTION('center_axis',(0.,-1.,0.));
#4873=DIRECTION('ref_axis',(-1.,0.,0.));
#4874=DIRECTION('',(0.,-1.,0.));
#4875=DIRECTION('center_axis',(0.,-1.,0.));
#4876=DIRECTION('ref_axis',(1.,0.,0.));
#4877=DIRECTION('',(0.707106781186546,0.707106781186549,8.65956056235492E-17));
#4878=DIRECTION('center_axis',(0.,1.,0.));
#4879=DIRECTION('ref_axis',(1.,0.,0.));
#4880=DIRECTION('center_axis',(0.,-1.,0.));
#4881=DIRECTION('ref_axis',(1.,0.,0.));
#4882=DIRECTION('center_axis',(0.,-1.,0.));
#4883=DIRECTION('ref_axis',(-1.,0.,0.));
#4884=DIRECTION('',(0.,-1.,0.));
#4885=DIRECTION('center_axis',(0.,1.,0.));
#4886=DIRECTION('ref_axis',(0.,0.,1.));
#4887=DIRECTION('center_axis',(0.500000000000004,1.09428093925678E-14,0.866025403784437));
#4888=DIRECTION('ref_axis',(0.866025403784437,0.,-0.500000000000004));
#4889=DIRECTION('center_axis',(-1.,0.,0.));
#4890=DIRECTION('ref_axis',(0.,1.,0.));
#4891=DIRECTION('center_axis',(0.,-1.,0.));
#4892=DIRECTION('ref_axis',(-0.5,0.,0.866025403784438));
#4893=DIRECTION('center_axis',(-1.,0.,2.16628882853689E-16));
#4894=DIRECTION('ref_axis',(0.,0.707106781186549,-0.707106781186546));
#4895=DIRECTION('center_axis',(-1.,0.,-8.88178419700128E-15));
#4896=DIRECTION('ref_axis',(0.,1.,0.));
#4897=DIRECTION('',(-1.,0.,2.16628882853689E-16));
#4898=DIRECTION('center_axis',(0.,1.,0.));
#4899=DIRECTION('ref_axis',(0.,0.,1.));
#4900=DIRECTION('center_axis',(-0.499999999999997,-3.25095864703367E-15,
0.86602540378444));
#4901=DIRECTION('ref_axis',(8.88178419700125E-15,1.,8.88178419700125E-15));
#4902=DIRECTION('center_axis',(0.,-1.,0.));
#4903=DIRECTION('ref_axis',(0.499999999999999,0.,0.866025403784439));
#4904=DIRECTION('center_axis',(0.,1.,0.));
#4905=DIRECTION('ref_axis',(0.707106781186547,0.,-0.707106781186548));
#4906=DIRECTION('center_axis',(0.86602540378444,0.,-0.499999999999997));
#4907=DIRECTION('ref_axis',(0.,1.,0.));
#4908=DIRECTION('center_axis',(0.,1.,0.));
#4909=DIRECTION('ref_axis',(0.707106781186546,0.,-0.707106781186549));
#4910=DIRECTION('center_axis',(0.,-1.,0.));
#4911=DIRECTION('ref_axis',(-1.,0.,0.));
#4912=DIRECTION('center_axis',(0.,-1.,0.));
#4913=DIRECTION('ref_axis',(-1.,0.,0.));
#4914=DIRECTION('center_axis',(0.,1.,0.));
#4915=DIRECTION('ref_axis',(0.,0.,1.));
#4916=DIRECTION('center_axis',(0.,0.,-1.));
#4917=DIRECTION('ref_axis',(0.,1.,0.));
#4918=DIRECTION('center_axis',(0.,-1.,0.));
#4919=DIRECTION('ref_axis',(-0.866025403784438,0.,-0.5));
#4920=DIRECTION('center_axis',(-1.2344383873525E-16,0.,-1.));
#4921=DIRECTION('ref_axis',(0.70710678118654,0.707106781186555,0.));
#4922=DIRECTION('center_axis',(0.,0.,-1.));
#4923=DIRECTION('ref_axis',(0.,1.,0.));
#4924=DIRECTION('',(-1.2344383873525E-16,0.,-1.));
#4925=DIRECTION('center_axis',(0.,1.,0.));
#4926=DIRECTION('ref_axis',(0.,0.,1.));
#4927=DIRECTION('center_axis',(-0.86602540378444,-3.25095864703367E-15,
-0.499999999999997));
#4928=DIRECTION('ref_axis',(-8.88178419700125E-15,1.,8.88178419700125E-15));
#4929=DIRECTION('center_axis',(0.,-1.,0.));
#4930=DIRECTION('ref_axis',(-0.866025403784438,0.,0.5));
#4931=DIRECTION('center_axis',(0.,1.,0.));
#4932=DIRECTION('ref_axis',(0.,0.,1.));
#4933=DIRECTION('center_axis',(0.500000000000004,0.,0.866025403784437));
#4934=DIRECTION('ref_axis',(0.,1.,0.));
#4935=DIRECTION('center_axis',(0.,1.,0.));
#4936=DIRECTION('ref_axis',(0.707106781186546,0.,0.707106781186549));
#4937=DIRECTION('center_axis',(0.,-1.,0.));
#4938=DIRECTION('ref_axis',(-1.,0.,0.));
#4939=DIRECTION('center_axis',(0.,-1.,0.));
#4940=DIRECTION('ref_axis',(-1.,0.,0.));
#4941=DIRECTION('center_axis',(0.,1.,0.));
#4942=DIRECTION('ref_axis',(0.,0.,1.));
#4943=DIRECTION('center_axis',(1.,0.,0.));
#4944=DIRECTION('ref_axis',(0.,1.,0.));
#4945=DIRECTION('center_axis',(0.,-1.,0.));
#4946=DIRECTION('ref_axis',(0.499999999999999,0.,-0.866025403784439));
#4947=DIRECTION('center_axis',(1.,0.,-2.16628882853689E-16));
#4948=DIRECTION('ref_axis',(0.,0.707106781186543,0.707106781186553));
#4949=DIRECTION('center_axis',(1.,0.,-8.8817841970012E-15));
#4950=DIRECTION('ref_axis',(0.,1.,0.));
#4951=DIRECTION('',(1.,0.,-2.16628882853689E-16));
#4952=DIRECTION('center_axis',(0.,1.,0.));
#4953=DIRECTION('ref_axis',(0.,0.,1.));
#4954=DIRECTION('center_axis',(0.499999999999997,-4.4408920985006E-15,-0.86602540378444));
#4955=DIRECTION('ref_axis',(8.88178419700125E-15,1.,0.));
#4956=DIRECTION('center_axis',(0.,-1.,0.));
#4957=DIRECTION('ref_axis',(-0.5,0.,-0.866025403784438));
#4958=DIRECTION('center_axis',(0.,1.,0.));
#4959=DIRECTION('ref_axis',(0.,0.,1.));
#4960=DIRECTION('center_axis',(-0.866025403784437,0.,0.500000000000004));
#4961=DIRECTION('ref_axis',(0.,1.,0.));
#4962=DIRECTION('center_axis',(0.,1.,0.));
#4963=DIRECTION('ref_axis',(-0.707106781186549,0.,0.707106781186546));
#4964=DIRECTION('center_axis',(0.,-1.,0.));
#4965=DIRECTION('ref_axis',(-1.,0.,0.));
#4966=DIRECTION('center_axis',(0.,1.,0.));
#4967=DIRECTION('ref_axis',(0.,0.,1.));
#4968=DIRECTION('center_axis',(0.,0.,1.));
#4969=DIRECTION('ref_axis',(0.,1.,0.));
#4970=DIRECTION('center_axis',(0.,-1.,0.));
#4971=DIRECTION('ref_axis',(0.866025403784438,0.,0.5));
#4972=DIRECTION('center_axis',(1.2344383873525E-16,0.,1.));
#4973=DIRECTION('ref_axis',(-0.70710678118654,0.707106781186555,0.));
#4974=DIRECTION('center_axis',(-8.88178419700128E-15,0.,1.));
#4975=DIRECTION('ref_axis',(0.,1.,0.));
#4976=DIRECTION('',(1.2344383873525E-16,0.,1.));
#4977=DIRECTION('center_axis',(0.,1.,0.));
#4978=DIRECTION('ref_axis',(0.,0.,1.));
#4979=DIRECTION('center_axis',(0.86602540378444,-3.25095864703367E-15,0.499999999999997));
#4980=DIRECTION('ref_axis',(8.88178419700125E-15,1.,-8.88178419700125E-15));
#4981=DIRECTION('center_axis',(0.,-1.,0.));
#4982=DIRECTION('ref_axis',(0.866025403784438,0.,-0.5));
#4983=DIRECTION('center_axis',(0.,1.,0.));
#4984=DIRECTION('ref_axis',(-0.707106781186548,0.,-0.707106781186548));
#4985=DIRECTION('center_axis',(0.,1.,0.));
#4986=DIRECTION('ref_axis',(-0.707106781186549,0.,-0.707106781186546));
#4987=DIRECTION('center_axis',(0.,-1.,0.));
#4988=DIRECTION('ref_axis',(-1.,0.,0.));
#4989=DIRECTION('center_axis',(2.16628882853689E-16,0.,1.));
#4990=DIRECTION('ref_axis',(-1.,0.,2.16628882853689E-16));
#4991=DIRECTION('',(0.,1.,0.));
#4992=DIRECTION('',(0.,-1.,0.));
#4993=DIRECTION('center_axis',(0.,-1.,0.));
#4994=DIRECTION('ref_axis',(-0.5,0.,-0.866025403784439));
#4995=DIRECTION('',(0.,-1.,0.));
#4996=DIRECTION('center_axis',(0.,-1.,0.));
#4997=DIRECTION('ref_axis',(-0.707106781186548,0.,0.707106781186547));
#4998=DIRECTION('',(0.,1.,0.));
#4999=DIRECTION('center_axis',(0.,-1.,0.));
#5000=DIRECTION('ref_axis',(0.866025403784439,0.,0.5));
#5001=DIRECTION('',(0.,-1.,0.));
#5002=DIRECTION('center_axis',(-1.,0.,1.2344383873525E-16));
#5003=DIRECTION('ref_axis',(-1.2344383873525E-16,0.,-1.));
#5004=DIRECTION('',(0.,1.,0.));
#5005=DIRECTION('center_axis',(0.,-1.,0.));
#5006=DIRECTION('ref_axis',(0.866025403784439,0.,-0.5));
#5007=DIRECTION('',(0.,-1.,0.));
#5008=DIRECTION('center_axis',(0.,-1.,0.));
#5009=DIRECTION('ref_axis',(-0.707106781186547,0.,-0.707106781186548));
#5010=DIRECTION('',(0.,1.,0.));
#5011=DIRECTION('center_axis',(0.,-1.,0.));
#5012=DIRECTION('ref_axis',(-0.500000000000001,0.,0.866025403784438));
#5013=DIRECTION('',(0.,-1.,0.));
#5014=DIRECTION('center_axis',(0.,-1.,0.));
#5015=DIRECTION('ref_axis',(-0.866025403784438,0.,-0.500000000000001));
#5016=DIRECTION('',(0.,-1.,0.));
#5017=DIRECTION('',(0.,1.,0.));
#5018=DIRECTION('center_axis',(1.,0.,-1.2344383873525E-16));
#5019=DIRECTION('ref_axis',(1.2344383873525E-16,0.,1.));
#5020=DIRECTION('',(0.,1.,0.));
#5021=DIRECTION('center_axis',(0.,-1.,0.));
#5022=DIRECTION('ref_axis',(0.499999999999999,0.,0.866025403784439));
#5023=DIRECTION('',(0.,-1.,0.));
#5024=DIRECTION('',(0.,1.,0.));
#5025=DIRECTION('center_axis',(0.,-1.,0.));
#5026=DIRECTION('ref_axis',(0.707106781186548,0.,-0.707106781186548));
#5027=DIRECTION('center_axis',(-2.16628882853689E-16,0.,-1.));
#5028=DIRECTION('ref_axis',(1.,0.,-2.16628882853689E-16));
#5029=DIRECTION('center_axis',(0.,-1.,0.));
#5030=DIRECTION('ref_axis',(0.499999999999999,0.,-0.866025403784439));
#5031=DIRECTION('',(0.,1.,0.));
#5032=DIRECTION('center_axis',(0.,-1.,0.));
#5033=DIRECTION('ref_axis',(-0.866025403784439,0.,0.5));
#5034=DIRECTION('',(0.,-1.,0.));
#5035=DIRECTION('center_axis',(0.,-1.,0.));
#5036=DIRECTION('ref_axis',(0.707106781186547,0.,0.707106781186548));
#5037=DIRECTION('center_axis',(0.,1.,0.));
#5038=DIRECTION('ref_axis',(1.,0.,0.));
#5039=DIRECTION('center_axis',(0.,-1.,0.));
#5040=DIRECTION('ref_axis',(1.,0.,0.));
#5041=DIRECTION('',(-0.707106781186548,0.707106781186548,-8.65956056235493E-17));
#5042=DIRECTION('center_axis',(0.,-1.,0.));
#5043=DIRECTION('ref_axis',(-1.,0.,0.));
#5044=DIRECTION('center_axis',(0.,-1.,0.));
#5045=DIRECTION('ref_axis',(-1.,0.,0.));
#5046=DIRECTION('center_axis',(0.,-1.,0.));
#5047=DIRECTION('ref_axis',(1.,0.,0.));
#5048=DIRECTION('',(0.,1.,0.));
#5049=DIRECTION('center_axis',(0.,1.,0.));
#5050=DIRECTION('ref_axis',(1.,0.,0.));
#5051=DIRECTION('center_axis',(0.,-1.,0.));
#5052=DIRECTION('ref_axis',(1.,0.,0.));
#5053=DIRECTION('',(-0.707106781186548,0.707106781186548,-8.65956056235493E-17));
#5054=DIRECTION('center_axis',(0.,-1.,0.));
#5055=DIRECTION('ref_axis',(-1.,0.,0.));
#5056=DIRECTION('center_axis',(0.,-1.,0.));
#5057=DIRECTION('ref_axis',(-1.,0.,0.));
#5058=DIRECTION('center_axis',(0.,-1.,0.));
#5059=DIRECTION('ref_axis',(1.,0.,0.));
#5060=DIRECTION('',(0.,1.,0.));
#5061=DIRECTION('center_axis',(0.,1.,0.));
#5062=DIRECTION('ref_axis',(1.,0.,0.));
#5063=DIRECTION('center_axis',(0.,-1.,0.));
#5064=DIRECTION('ref_axis',(1.,0.,0.));
#5065=DIRECTION('',(-0.707106781186548,0.707106781186548,-8.65956056235493E-17));
#5066=DIRECTION('center_axis',(0.,-1.,0.));
#5067=DIRECTION('ref_axis',(-1.,0.,0.));
#5068=DIRECTION('center_axis',(0.,-1.,0.));
#5069=DIRECTION('ref_axis',(-1.,0.,0.));
#5070=DIRECTION('center_axis',(0.,-1.,0.));
#5071=DIRECTION('ref_axis',(1.,0.,0.));
#5072=DIRECTION('',(0.,1.,0.));
#5073=DIRECTION('center_axis',(0.,1.,0.));
#5074=DIRECTION('ref_axis',(1.,0.,0.));
#5075=DIRECTION('center_axis',(0.,-1.,0.));
#5076=DIRECTION('ref_axis',(1.,0.,0.));
#5077=DIRECTION('',(-0.707106781186548,0.707106781186548,-8.65956056235493E-17));
#5078=DIRECTION('center_axis',(0.,-1.,0.));
#5079=DIRECTION('ref_axis',(-1.,0.,0.));
#5080=DIRECTION('center_axis',(0.,-1.,0.));
#5081=DIRECTION('ref_axis',(-1.,0.,0.));
#5082=DIRECTION('center_axis',(0.,-1.,0.));
#5083=DIRECTION('ref_axis',(1.,0.,0.));
#5084=DIRECTION('',(0.,1.,0.));
#5085=DIRECTION('center_axis',(0.,1.,0.));
#5086=DIRECTION('ref_axis',(1.,0.,0.));
#5087=DIRECTION('center_axis',(0.,1.,0.));
#5088=DIRECTION('ref_axis',(1.,0.,0.));
#5089=DIRECTION('',(0.,-1.,0.));
#5090=DIRECTION('center_axis',(0.,1.,0.));
#5091=DIRECTION('ref_axis',(0.,0.,1.));
#5092=DIRECTION('center_axis',(0.,1.,0.));
#5093=DIRECTION('ref_axis',(1.,0.,0.));
#5094=DIRECTION('center_axis',(0.,1.,0.));
#5095=DIRECTION('ref_axis',(1.,0.,0.));
#5096=DIRECTION('',(0.,-1.,0.));
#5097=DIRECTION('center_axis',(0.,1.,0.));
#5098=DIRECTION('ref_axis',(0.,0.,1.));
#5099=DIRECTION('center_axis',(0.,1.,0.));
#5100=DIRECTION('ref_axis',(1.,0.,0.));
#5101=DIRECTION('center_axis',(0.,1.,0.));
#5102=DIRECTION('ref_axis',(1.,0.,0.));
#5103=DIRECTION('',(0.,-1.,0.));
#5104=DIRECTION('center_axis',(0.,1.,0.));
#5105=DIRECTION('ref_axis',(0.,0.,1.));
#5106=DIRECTION('center_axis',(4.67462326157961E-16,0.,1.));
#5107=DIRECTION('ref_axis',(-1.,0.,4.67462326157961E-16));
#5108=DIRECTION('',(0.,-1.,0.));
#5109=DIRECTION('',(0.,-1.,0.));
#5110=DIRECTION('center_axis',(-1.,0.,0.));
#5111=DIRECTION('ref_axis',(0.,0.,-1.));
#5112=DIRECTION('',(0.,-1.,0.));
#5113=DIRECTION('center_axis',(0.,-1.,0.));
#5114=DIRECTION('ref_axis',(-1.,0.,0.));
#5115=DIRECTION('',(0.,-1.,0.));
#5116=DIRECTION('center_axis',(0.,0.,1.));
#5117=DIRECTION('ref_axis',(-1.,0.,0.));
#5118=DIRECTION('',(0.,-1.,0.));
#5119=DIRECTION('center_axis',(0.,-1.,0.));
#5120=DIRECTION('ref_axis',(0.,0.,1.));
#5121=DIRECTION('',(0.,-1.,0.));
#5122=DIRECTION('center_axis',(1.,0.,0.));
#5123=DIRECTION('ref_axis',(0.,0.,1.));
#5124=DIRECTION('',(0.,-1.,0.));
#5125=DIRECTION('center_axis',(0.,-1.,0.));
#5126=DIRECTION('ref_axis',(1.,0.,0.));
#5127=DIRECTION('',(0.,-1.,0.));
#5128=DIRECTION('center_axis',(0.,0.,-1.));
#5129=DIRECTION('ref_axis',(1.,0.,0.));
#5130=DIRECTION('',(0.,-1.,0.));
#5131=DIRECTION('center_axis',(0.,-1.,0.));
#5132=DIRECTION('ref_axis',(0.,0.,-1.));
#5133=DIRECTION('',(0.,-1.,0.));
#5134=DIRECTION('center_axis',(-1.,0.,0.));
#5135=DIRECTION('ref_axis',(0.,0.,-1.));
#5136=DIRECTION('',(0.,-1.,0.));
#5137=DIRECTION('center_axis',(4.67462326157961E-16,0.,-1.));
#5138=DIRECTION('ref_axis',(1.,0.,4.67462326157961E-16));
#5139=DIRECTION('',(0.,-1.,0.));
#5140=DIRECTION('center_axis',(1.,0.,-2.7755575615629E-16));
#5141=DIRECTION('ref_axis',(2.7755575615629E-16,0.,1.));
#5142=DIRECTION('',(0.,-1.,0.));
#5143=DIRECTION('center_axis',(0.,-1.,0.));
#5144=DIRECTION('ref_axis',(1.,0.,0.));
#5145=DIRECTION('',(0.,-1.,0.));
#5146=DIRECTION('center_axis',(-1.77635683940014E-14,0.,-1.));
#5147=DIRECTION('ref_axis',(1.,0.,-1.77635683940014E-14));
#5148=DIRECTION('',(0.,-1.,0.));
#5149=DIRECTION('center_axis',(0.,-1.,0.));
#5150=DIRECTION('ref_axis',(0.,0.,-1.));
#5151=DIRECTION('',(0.,-1.,0.));
#5152=DIRECTION('center_axis',(-1.,0.,2.7755575615629E-16));
#5153=DIRECTION('ref_axis',(-2.7755575615629E-16,0.,-1.));
#5154=DIRECTION('',(0.,-1.,0.));
#5155=DIRECTION('center_axis',(0.,-1.,0.));
#5156=DIRECTION('ref_axis',(-1.,0.,0.));
#5157=DIRECTION('',(0.,-1.,0.));
#5158=DIRECTION('center_axis',(-1.77635683940014E-14,0.,1.));
#5159=DIRECTION('ref_axis',(-1.,0.,-1.77635683940014E-14));
#5160=DIRECTION('',(0.,-1.,0.));
#5161=DIRECTION('center_axis',(0.,-1.,0.));
#5162=DIRECTION('ref_axis',(0.,0.,1.));
#5163=DIRECTION('',(0.,-1.,0.));
#5164=DIRECTION('center_axis',(1.,0.,-2.7755575615629E-16));
#5165=DIRECTION('ref_axis',(2.7755575615629E-16,0.,1.));
#5166=DIRECTION('center_axis',(-1.,0.,-2.9409881447024E-16));
#5167=DIRECTION('ref_axis',(2.9409881447024E-16,0.,-1.));
#5168=DIRECTION('',(0.,-1.,0.));
#5169=DIRECTION('',(0.,-1.,0.));
#5170=DIRECTION('center_axis',(-1.2335811384724E-16,0.,-1.));
#5171=DIRECTION('ref_axis',(1.,0.,-1.2335811384724E-16));
#5172=DIRECTION('',(0.,-1.,0.));
#5173=DIRECTION('center_axis',(0.,-1.,0.));
#5174=DIRECTION('ref_axis',(0.,0.,-1.));
#5175=DIRECTION('',(0.,-1.,0.));
#5176=DIRECTION('center_axis',(-1.,0.,0.));
#5177=DIRECTION('ref_axis',(0.,0.,-1.));
#5178=DIRECTION('',(0.,-1.,0.));
#5179=DIRECTION('center_axis',(0.,-1.,0.));
#5180=DIRECTION('ref_axis',(-1.,0.,0.));
#5181=DIRECTION('',(0.,-1.,0.));
#5182=DIRECTION('center_axis',(0.,0.,1.));
#5183=DIRECTION('ref_axis',(-1.,0.,0.));
#5184=DIRECTION('',(0.,-1.,0.));
#5185=DIRECTION('center_axis',(-1.,0.,2.9409881447024E-16));
#5186=DIRECTION('ref_axis',(-2.9409881447024E-16,0.,-1.));
#5187=DIRECTION('',(0.,-1.,0.));
#5188=DIRECTION('center_axis',(0.,0.,-1.));
#5189=DIRECTION('ref_axis',(1.,0.,0.));
#5190=DIRECTION('',(0.,-1.,0.));
#5191=DIRECTION('center_axis',(0.,-1.,0.));
#5192=DIRECTION('ref_axis',(0.,0.,-1.));
#5193=DIRECTION('',(0.,-1.,0.));
#5194=DIRECTION('center_axis',(-1.,0.,6.66133814775096E-14));
#5195=DIRECTION('ref_axis',(-6.66133814775096E-14,0.,-1.));
#5196=DIRECTION('',(0.,-1.,0.));
#5197=DIRECTION('center_axis',(0.,-1.,0.));
#5198=DIRECTION('ref_axis',(-1.,0.,8.88178419700105E-15));
#5199=DIRECTION('',(0.,-1.,0.));
#5200=DIRECTION('center_axis',(0.,0.,1.));
#5201=DIRECTION('ref_axis',(-1.,0.,0.));
#5202=DIRECTION('',(0.,-1.,0.));
#5203=DIRECTION('center_axis',(0.,-1.,0.));
#5204=DIRECTION('ref_axis',(3.55271367880051E-14,0.,1.));
#5205=DIRECTION('',(0.,-1.,0.));
#5206=DIRECTION('center_axis',(1.,0.,7.10542735760103E-14));
#5207=DIRECTION('ref_axis',(-7.10542735760103E-14,0.,1.));
#5208=DIRECTION('',(0.,-1.,0.));
#5209=DIRECTION('center_axis',(0.,-1.,0.));
#5210=DIRECTION('ref_axis',(1.,0.,0.));
#5211=DIRECTION('',(0.,-1.,0.));
#5212=DIRECTION('center_axis',(0.,0.,-1.));
#5213=DIRECTION('ref_axis',(1.,0.,0.));
#5214=DIRECTION('',(0.,-1.,0.));
#5215=DIRECTION('center_axis',(1.,0.,6.47017391834528E-16));
#5216=DIRECTION('ref_axis',(-6.47017391834528E-16,0.,1.));
#5217=DIRECTION('',(0.,-1.,0.));
#5218=DIRECTION('center_axis',(0.,0.,1.));
#5219=DIRECTION('ref_axis',(-1.,0.,0.));
#5220=DIRECTION('',(0.,-1.,0.));
#5221=DIRECTION('center_axis',(0.,-1.,0.));
#5222=DIRECTION('ref_axis',(-8.8817841970012E-15,0.,1.));
#5223=DIRECTION('',(0.,-1.,0.));
#5224=DIRECTION('center_axis',(1.,0.,0.));
#5225=DIRECTION('ref_axis',(0.,0.,1.));
#5226=DIRECTION('',(0.,-1.,0.));
#5227=DIRECTION('center_axis',(0.,-1.,0.));
#5228=DIRECTION('ref_axis',(1.,0.,0.));
#5229=DIRECTION('',(0.,-1.,0.));
#5230=DIRECTION('center_axis',(-1.2335811384724E-16,0.,-1.));
#5231=DIRECTION('ref_axis',(1.,0.,-1.2335811384724E-16));
#5232=DIRECTION('',(0.,-1.,0.));
#5233=DIRECTION('center_axis',(1.,0.,-6.47017391834528E-16));
#5234=DIRECTION('ref_axis',(6.47017391834528E-16,0.,1.));
#5235=DIRECTION('',(0.,-1.,0.));
#5236=DIRECTION('center_axis',(0.,0.,1.));
#5237=DIRECTION('ref_axis',(-1.,0.,0.));
#5238=DIRECTION('',(0.,-1.,0.));
#5239=DIRECTION('center_axis',(0.,-1.,0.));
#5240=DIRECTION('ref_axis',(0.,0.,1.));
#5241=DIRECTION('',(0.,-1.,0.));
#5242=DIRECTION('center_axis',(1.,0.,0.));
#5243=DIRECTION('ref_axis',(0.,0.,1.));
#5244=DIRECTION('',(0.,-1.,0.));
#5245=DIRECTION('center_axis',(0.,-1.,0.));
#5246=DIRECTION('ref_axis',(1.,0.,4.44089209850052E-15));
#5247=DIRECTION('',(0.,-1.,0.));
#5248=DIRECTION('center_axis',(0.,0.,-1.));
#5249=DIRECTION('ref_axis',(1.,0.,0.));
#5250=DIRECTION('',(0.,-1.,0.));
#5251=DIRECTION('center_axis',(0.,-1.,0.));
#5252=DIRECTION('ref_axis',(0.,0.,-1.));
#5253=DIRECTION('',(0.,-1.,0.));
#5254=DIRECTION('center_axis',(-1.,0.,0.));
#5255=DIRECTION('ref_axis',(0.,0.,-1.));
#5256=DIRECTION('',(0.,-1.,0.));
#5257=DIRECTION('center_axis',(0.,-1.,0.));
#5258=DIRECTION('ref_axis',(-1.,0.,0.));
#5259=DIRECTION('',(0.,-1.,0.));
#5260=DIRECTION('center_axis',(0.,0.,1.));
#5261=DIRECTION('ref_axis',(-1.,0.,0.));
#5262=DIRECTION('center_axis',(2.77486384560149E-16,0.,1.));
#5263=DIRECTION('ref_axis',(-1.,0.,2.77486384560149E-16));
#5264=DIRECTION('',(0.,-1.,0.));
#5265=DIRECTION('',(0.,-1.,0.));
#5266=DIRECTION('center_axis',(0.,-1.,0.));
#5267=DIRECTION('ref_axis',(0.,0.,1.));
#5268=DIRECTION('',(0.,-1.,0.));
#5269=DIRECTION('center_axis',(1.,0.,-3.32900457158967E-16));
#5270=DIRECTION('ref_axis',(3.32900457158967E-16,0.,1.));
#5271=DIRECTION('',(0.,-1.,0.));
#5272=DIRECTION('center_axis',(0.,0.,1.));
#5273=DIRECTION('ref_axis',(-1.,0.,0.));
#5274=DIRECTION('',(0.,-1.,0.));
#5275=DIRECTION('center_axis',(-1.,0.,6.30808536718839E-17));
#5276=DIRECTION('ref_axis',(-6.30808536718839E-17,0.,-1.));
#5277=DIRECTION('',(0.,-1.,0.));
#5278=DIRECTION('center_axis',(0.,-1.,0.));
#5279=DIRECTION('ref_axis',(-1.,0.,1.11022302462516E-15));
#5280=DIRECTION('',(0.,-1.,0.));
#5281=DIRECTION('center_axis',(0.,0.,1.));
#5282=DIRECTION('ref_axis',(-1.,0.,0.));
#5283=DIRECTION('',(0.,-1.,0.));
#5284=DIRECTION('center_axis',(0.,-1.,0.));
#5285=DIRECTION('ref_axis',(5.55111512312577E-16,0.,1.));
#5286=DIRECTION('',(0.,-1.,0.));
#5287=DIRECTION('center_axis',(1.,0.,2.01858731750028E-16));
#5288=DIRECTION('ref_axis',(-2.01858731750028E-16,0.,1.));
#5289=DIRECTION('',(0.,-1.,0.));
#5290=DIRECTION('center_axis',(0.,-1.,0.));
#5291=DIRECTION('ref_axis',(1.,0.,-5.55111512312578E-16));
#5292=DIRECTION('',(0.,-1.,0.));
#5293=DIRECTION('center_axis',(0.,0.,-1.));
#5294=DIRECTION('ref_axis',(1.,0.,0.));
#5295=DIRECTION('',(0.,-1.,0.));
#5296=DIRECTION('center_axis',(1.,0.,-3.32900457158967E-16));
#5297=DIRECTION('ref_axis',(3.32900457158967E-16,0.,1.));
#5298=DIRECTION('',(0.,-1.,0.));
#5299=DIRECTION('center_axis',(0.,-1.,0.));
#5300=DIRECTION('ref_axis',(1.,0.,5.55111512312577E-16));
#5301=DIRECTION('',(0.,-1.,0.));
#5302=DIRECTION('center_axis',(-2.21989107648119E-16,0.,-1.));
#5303=DIRECTION('ref_axis',(1.,0.,-2.21989107648119E-16));
#5304=DIRECTION('',(0.,-1.,0.));
#5305=DIRECTION('center_axis',(1.,0.,0.));
#5306=DIRECTION('ref_axis',(0.,0.,1.));
#5307=DIRECTION('',(0.,-1.,0.));
#5308=DIRECTION('center_axis',(0.,0.,1.));
#5309=DIRECTION('ref_axis',(-1.,0.,0.));
#5310=DIRECTION('',(0.,-1.,0.));
#5311=DIRECTION('center_axis',(0.,-1.,0.));
#5312=DIRECTION('ref_axis',(0.,0.,1.));
#5313=DIRECTION('',(0.,-1.,0.));
#5314=DIRECTION('center_axis',(1.,0.,0.));
#5315=DIRECTION('ref_axis',(0.,0.,1.));
#5316=DIRECTION('',(0.,-1.,0.));
#5317=DIRECTION('center_axis',(0.,-1.,0.));
#5318=DIRECTION('ref_axis',(1.,0.,0.));
#5319=DIRECTION('',(0.,-1.,0.));
#5320=DIRECTION('center_axis',(0.,0.,-1.));
#5321=DIRECTION('ref_axis',(1.,0.,0.));
#5322=DIRECTION('',(0.,-1.,0.));
#5323=DIRECTION('center_axis',(0.,-1.,0.));
#5324=DIRECTION('ref_axis',(0.,0.,-1.));
#5325=DIRECTION('',(0.,-1.,0.));
#5326=DIRECTION('center_axis',(-1.,0.,0.));
#5327=DIRECTION('ref_axis',(0.,0.,-1.));
#5328=DIRECTION('',(0.,-1.,0.));
#5329=DIRECTION('center_axis',(0.,-1.,0.));
#5330=DIRECTION('ref_axis',(-1.,0.,0.));
#5331=DIRECTION('',(0.,-1.,0.));
#5332=DIRECTION('center_axis',(0.,0.,1.));
#5333=DIRECTION('ref_axis',(-1.,0.,0.));
#5334=DIRECTION('',(0.,-1.,0.));
#5335=DIRECTION('center_axis',(-1.,0.,5.19402584619956E-16));
#5336=DIRECTION('ref_axis',(-5.19402584619956E-16,0.,-1.));
#5337=DIRECTION('',(0.,-1.,0.));
#5338=DIRECTION('center_axis',(-2.21989107648119E-16,0.,-1.));
#5339=DIRECTION('ref_axis',(1.,0.,-2.21989107648119E-16));
#5340=DIRECTION('',(0.,-1.,0.));
#5341=DIRECTION('center_axis',(0.,-1.,0.));
#5342=DIRECTION('ref_axis',(0.,0.,-1.));
#5343=DIRECTION('',(0.,-1.,0.));
#5344=DIRECTION('center_axis',(-1.,0.,0.));
#5345=DIRECTION('ref_axis',(0.,0.,-1.));
#5346=DIRECTION('',(0.,-1.,0.));
#5347=DIRECTION('center_axis',(0.,-1.,0.));
#5348=DIRECTION('ref_axis',(-1.,0.,5.55111512312578E-16));
#5349=DIRECTION('center_axis',(-1.,0.,-2.35279051576192E-16));
#5350=DIRECTION('ref_axis',(2.35279051576192E-16,0.,-1.));
#5351=DIRECTION('',(0.,-1.,0.));
#5352=DIRECTION('',(0.,-1.,0.));
#5353=DIRECTION('center_axis',(-1.2335811384724E-16,0.,-1.));
#5354=DIRECTION('ref_axis',(1.,0.,-1.2335811384724E-16));
#5355=DIRECTION('',(0.,-1.,0.));
#5356=DIRECTION('center_axis',(0.,-1.,0.));
#5357=DIRECTION('ref_axis',(0.,0.,-1.));
#5358=DIRECTION('',(0.,-1.,0.));
#5359=DIRECTION('center_axis',(-1.,0.,0.));
#5360=DIRECTION('ref_axis',(0.,0.,-1.));
#5361=DIRECTION('',(0.,-1.,0.));
#5362=DIRECTION('center_axis',(0.,-1.,0.));
#5363=DIRECTION('ref_axis',(-1.,0.,0.));
#5364=DIRECTION('',(0.,-1.,0.));
#5365=DIRECTION('center_axis',(0.,0.,1.));
#5366=DIRECTION('ref_axis',(-1.,0.,0.));
#5367=DIRECTION('',(0.,-1.,0.));
#5368=DIRECTION('center_axis',(-1.,0.,2.35279051576192E-16));
#5369=DIRECTION('ref_axis',(-2.35279051576192E-16,0.,-1.));
#5370=DIRECTION('',(0.,-1.,0.));
#5371=DIRECTION('center_axis',(0.,0.,-1.));
#5372=DIRECTION('ref_axis',(1.,0.,0.));
#5373=DIRECTION('',(0.,-1.,0.));
#5374=DIRECTION('center_axis',(0.,-1.,0.));
#5375=DIRECTION('ref_axis',(0.,0.,-1.));
#5376=DIRECTION('',(0.,-1.,0.));
#5377=DIRECTION('center_axis',(-1.,0.,7.10542735760103E-14));
#5378=DIRECTION('ref_axis',(-7.10542735760103E-14,0.,-1.));
#5379=DIRECTION('',(0.,-1.,0.));
#5380=DIRECTION('center_axis',(0.,-1.,0.));
#5381=DIRECTION('ref_axis',(-1.,0.,8.88178419700105E-15));
#5382=DIRECTION('',(0.,-1.,0.));
#5383=DIRECTION('center_axis',(0.,0.,1.));
#5384=DIRECTION('ref_axis',(-1.,0.,0.));
#5385=DIRECTION('',(0.,-1.,0.));
#5386=DIRECTION('center_axis',(0.,-1.,0.));
#5387=DIRECTION('ref_axis',(3.55271367880051E-14,0.,1.));
#5388=DIRECTION('',(0.,-1.,0.));
#5389=DIRECTION('center_axis',(1.,0.,7.10542735760103E-14));
#5390=DIRECTION('ref_axis',(-7.10542735760103E-14,0.,1.));
#5391=DIRECTION('',(0.,-1.,0.));
#5392=DIRECTION('center_axis',(0.,-1.,0.));
#5393=DIRECTION('ref_axis',(1.,0.,0.));
#5394=DIRECTION('',(0.,-1.,0.));
#5395=DIRECTION('center_axis',(0.,0.,-1.));
#5396=DIRECTION('ref_axis',(1.,0.,0.));
#5397=DIRECTION('',(0.,-1.,0.));
#5398=DIRECTION('center_axis',(1.,0.,7.05837154728576E-16));
#5399=DIRECTION('ref_axis',(-7.05837154728576E-16,0.,1.));
#5400=DIRECTION('',(0.,-1.,0.));
#5401=DIRECTION('center_axis',(0.,0.,1.));
#5402=DIRECTION('ref_axis',(-1.,0.,0.));
#5403=DIRECTION('',(0.,-1.,0.));
#5404=DIRECTION('center_axis',(0.,-1.,0.));
#5405=DIRECTION('ref_axis',(-1.77635683940024E-14,0.,1.));
#5406=DIRECTION('',(0.,-1.,0.));
#5407=DIRECTION('center_axis',(1.,0.,0.));
#5408=DIRECTION('ref_axis',(0.,0.,1.));
#5409=DIRECTION('',(0.,-1.,0.));
#5410=DIRECTION('center_axis',(0.,-1.,0.));
#5411=DIRECTION('ref_axis',(1.,0.,0.));
#5412=DIRECTION('',(0.,-1.,0.));
#5413=DIRECTION('center_axis',(-1.2335811384724E-16,0.,-1.));
#5414=DIRECTION('ref_axis',(1.,0.,-1.2335811384724E-16));
#5415=DIRECTION('',(0.,-1.,0.));
#5416=DIRECTION('center_axis',(1.,0.,-7.05837154728576E-16));
#5417=DIRECTION('ref_axis',(7.05837154728576E-16,0.,1.));
#5418=DIRECTION('',(0.,-1.,0.));
#5419=DIRECTION('center_axis',(0.,0.,1.));
#5420=DIRECTION('ref_axis',(-1.,0.,0.));
#5421=DIRECTION('',(0.,-1.,0.));
#5422=DIRECTION('center_axis',(0.,-1.,0.));
#5423=DIRECTION('ref_axis',(0.,0.,1.));
#5424=DIRECTION('',(0.,-1.,0.));
#5425=DIRECTION('center_axis',(1.,0.,0.));
#5426=DIRECTION('ref_axis',(0.,0.,1.));
#5427=DIRECTION('',(0.,-1.,0.));
#5428=DIRECTION('center_axis',(0.,-1.,0.));
#5429=DIRECTION('ref_axis',(1.,0.,4.44089209850052E-15));
#5430=DIRECTION('',(0.,-1.,0.));
#5431=DIRECTION('center_axis',(0.,0.,-1.));
#5432=DIRECTION('ref_axis',(1.,0.,0.));
#5433=DIRECTION('',(0.,-1.,0.));
#5434=DIRECTION('center_axis',(0.,-1.,0.));
#5435=DIRECTION('ref_axis',(0.,0.,-1.));
#5436=DIRECTION('',(0.,-1.,0.));
#5437=DIRECTION('center_axis',(-1.,0.,0.));
#5438=DIRECTION('ref_axis',(0.,0.,-1.));
#5439=DIRECTION('',(0.,-1.,0.));
#5440=DIRECTION('center_axis',(0.,-1.,0.));
#5441=DIRECTION('ref_axis',(-1.,0.,0.));
#5442=DIRECTION('',(0.,-1.,0.));
#5443=DIRECTION('center_axis',(0.,0.,1.));
#5444=DIRECTION('ref_axis',(-1.,0.,0.));
#5445=DIRECTION('center_axis',(0.,0.,1.));
#5446=DIRECTION('ref_axis',(1.,0.,0.));
#5447=DIRECTION('',(0.,1.,0.));
#5448=DIRECTION('',(1.,0.,0.));
#5449=DIRECTION('',(0.,1.,0.));
#5450=DIRECTION('center_axis',(-1.,0.,2.96059473233377E-15));
#5451=DIRECTION('ref_axis',(2.96059473233377E-15,0.,1.));
#5452=DIRECTION('',(2.96059473233377E-15,0.,1.));
#5453=DIRECTION('',(0.,1.,0.));
#5454=DIRECTION('center_axis',(0.,0.,-1.));
#5455=DIRECTION('ref_axis',(-1.,0.,0.));
#5456=DIRECTION('',(-1.,0.,0.));
#5457=DIRECTION('',(0.,1.,0.));
#5458=DIRECTION('center_axis',(1.,0.,9.86864910777922E-16));
#5459=DIRECTION('ref_axis',(9.86864910777922E-16,0.,-1.));
#5460=DIRECTION('',(9.86864910777922E-16,0.,-1.));
#5461=DIRECTION('center_axis',(0.,1.,0.));
#5462=DIRECTION('ref_axis',(0.,0.,1.));
#5463=DIRECTION('center_axis',(-1.,0.,-1.97372982155584E-15));
#5464=DIRECTION('ref_axis',(-1.97372982155584E-15,0.,1.));
#5465=DIRECTION('',(0.,1.,0.));
#5466=DIRECTION('',(-1.97372982155584E-15,0.,1.));
#5467=DIRECTION('',(0.,1.,0.));
#5468=DIRECTION('center_axis',(0.,0.,-1.));
#5469=DIRECTION('ref_axis',(-1.,0.,0.));
#5470=DIRECTION('',(-1.,0.,0.));
#5471=DIRECTION('',(0.,1.,0.));
#5472=DIRECTION('center_axis',(1.,0.,-1.97372982155584E-15));
#5473=DIRECTION('ref_axis',(-1.97372982155584E-15,0.,-1.));
#5474=DIRECTION('',(-1.97372982155584E-15,0.,-1.));
#5475=DIRECTION('',(0.,1.,0.));
#5476=DIRECTION('center_axis',(0.,0.,1.));
#5477=DIRECTION('ref_axis',(1.,0.,0.));
#5478=DIRECTION('',(1.,0.,0.));
#5479=DIRECTION('center_axis',(0.,1.,0.));
#5480=DIRECTION('ref_axis',(0.,0.,1.));
#5481=DIRECTION('center_axis',(0.,-1.,0.));
#5482=DIRECTION('ref_axis',(-1.,0.,0.));
#5483=DIRECTION('',(0.,-1.,0.));
#5484=DIRECTION('center_axis',(0.,-1.,0.));
#5485=DIRECTION('ref_axis',(-1.,0.,0.));
#5486=DIRECTION('',(0.,-1.,0.));
#5487=DIRECTION('center_axis',(0.,-1.,0.));
#5488=DIRECTION('ref_axis',(-1.,0.,0.));
#5489=DIRECTION('',(0.,-1.,0.));
#5490=DIRECTION('center_axis',(0.,-1.,0.));
#5491=DIRECTION('ref_axis',(-1.,0.,0.));
#5492=DIRECTION('',(0.,-1.,0.));
#5493=CARTESIAN_POINT('',(0.,0.,0.));
#5494=CARTESIAN_POINT('Origin',(19.5,-0.5,-60.75));
#5495=CARTESIAN_POINT('',(22.5,0.,-60.75));
#5496=CARTESIAN_POINT('Origin',(19.5,0.,-60.75));
#5497=CARTESIAN_POINT('',(21.5,-1.,-60.75));
#5498=CARTESIAN_POINT('',(22.,-0.5,-60.75));
#5499=CARTESIAN_POINT('',(17.5,-1.,-60.75));
#5500=CARTESIAN_POINT('Origin',(19.5,-1.,-60.75));
#5501=CARTESIAN_POINT('Origin',(19.5,-1.,-60.75));
#5502=CARTESIAN_POINT('Origin',(0.,0.,4.44089209850063E-15));
#5503=CARTESIAN_POINT('',(58.9019237886467,0.,73.45));
#5504=CARTESIAN_POINT('',(54.5717967697245,0.,70.95));
#5505=CARTESIAN_POINT('Origin',(54.5717967697245,0.,75.95));
#5506=CARTESIAN_POINT('',(63.,0.,69.3519237886467));
#5507=CARTESIAN_POINT('Origin',(61.5,0.,71.95));
#5508=CARTESIAN_POINT('',(60.5,0.,65.0217967697245));
#5509=CARTESIAN_POINT('Origin',(65.5,0.,65.0217967697245));
#5510=CARTESIAN_POINT('',(60.5,0.,-65.0217967697245));
#5511=CARTESIAN_POINT('',(60.5,0.,-33.975));
#5512=CARTESIAN_POINT('',(63.,0.,-69.3519237886467));
#5513=CARTESIAN_POINT('Origin',(65.5,0.,-65.0217967697245));
#5514=CARTESIAN_POINT('',(58.9019237886467,0.,-73.45));
#5515=CARTESIAN_POINT('Origin',(61.5,0.,-71.95));
#5516=CARTESIAN_POINT('',(54.5717967697245,0.,-70.95));
#5517=CARTESIAN_POINT('Origin',(54.5717967697245,0.,-75.95));
#5518=CARTESIAN_POINT('',(-54.5717967697245,0.,-70.95));
#5519=CARTESIAN_POINT('',(-28.75,0.,-70.95));
#5520=CARTESIAN_POINT('',(-58.9019237886467,0.,-73.45));
#5521=CARTESIAN_POINT('Origin',(-54.5717967697245,0.,-75.95));
#5522=CARTESIAN_POINT('',(-58.5,0.,-71.95));
#5523=CARTESIAN_POINT('Origin',(-61.5,0.,-71.95));
#5524=CARTESIAN_POINT('',(-63.,0.,-69.3519237886467));
#5525=CARTESIAN_POINT('Origin',(-61.5,0.,-71.95));
#5526=CARTESIAN_POINT('',(-60.5,0.,-65.0217967697245));
#5527=CARTESIAN_POINT('Origin',(-65.5,0.,-65.0217967697245));
#5528=CARTESIAN_POINT('',(-60.5,0.,65.0217967697245));
#5529=CARTESIAN_POINT('',(-60.5,0.,33.975));
#5530=CARTESIAN_POINT('',(-63.,0.,69.3519237886467));
#5531=CARTESIAN_POINT('Origin',(-65.5,0.,65.0217967697245));
#5532=CARTESIAN_POINT('',(-58.5,0.,71.95));
#5533=CARTESIAN_POINT('Origin',(-61.5,0.,71.95));
#5534=CARTESIAN_POINT('',(-58.9019237886467,0.,73.45));
#5535=CARTESIAN_POINT('Origin',(-61.5,0.,71.95));
#5536=CARTESIAN_POINT('',(-54.5717967697245,0.,70.95));
#5537=CARTESIAN_POINT('Origin',(-54.5717967697245,0.,75.95));
#5538=CARTESIAN_POINT('',(28.75,0.,70.95));
#5539=CARTESIAN_POINT('',(22.5,0.,-44.75));
#5540=CARTESIAN_POINT('Origin',(19.5,0.,-44.75));
#5541=CARTESIAN_POINT('',(38.5,0.,-17.25));
#5542=CARTESIAN_POINT('Origin',(35.5,0.,-17.25));
#5543=CARTESIAN_POINT('',(54.5,0.,46.25));
#5544=CARTESIAN_POINT('Origin',(51.5,0.,46.25));
#5545=CARTESIAN_POINT('',(27.,0.,-17.25));
#5546=CARTESIAN_POINT('Origin',(24.,0.,-17.25));
#5547=CARTESIAN_POINT('',(11.,0.,46.25));
#5548=CARTESIAN_POINT('Origin',(7.99999999999999,0.,46.25));
#5549=CARTESIAN_POINT('',(-51.8,0.,-13.335));
#5550=CARTESIAN_POINT('Origin',(-48.3,0.,-13.335));
#5551=CARTESIAN_POINT('',(-51.8,0.,13.335));
#5552=CARTESIAN_POINT('Origin',(-48.3,0.,13.335));
#5553=CARTESIAN_POINT('',(-11.795,0.,4.445));
#5554=CARTESIAN_POINT('Origin',(-8.29499999999999,0.,4.445));
#5555=CARTESIAN_POINT('',(3.50000000000003,0.,-54.));
#5556=CARTESIAN_POINT('',(22.5,0.,-54.));
#5557=CARTESIAN_POINT('',(1.75000000000003,0.,-54.));
#5558=CARTESIAN_POINT('',(22.5,0.,-55.));
#5559=CARTESIAN_POINT('',(22.5,0.,-27.));
#5560=CARTESIAN_POINT('',(23.5,0.,-56.));
#5561=CARTESIAN_POINT('Origin',(23.5,0.,-55.));
#5562=CARTESIAN_POINT('',(31.5,0.,-56.));
#5563=CARTESIAN_POINT('',(11.75,0.,-56.));
#5564=CARTESIAN_POINT('',(32.5,0.,-55.));
#5565=CARTESIAN_POINT('Origin',(31.5,0.,-55.));
#5566=CARTESIAN_POINT('',(32.5,0.,-50.5));
#5567=CARTESIAN_POINT('',(32.5,0.,-27.5));
#5568=CARTESIAN_POINT('',(31.5,0.,-49.5));
#5569=CARTESIAN_POINT('Origin',(31.5,0.,-50.5));
#5570=CARTESIAN_POINT('',(23.5,0.,-49.5));
#5571=CARTESIAN_POINT('',(15.75,0.,-49.5));
#5572=CARTESIAN_POINT('',(22.5,0.,-50.5));
#5573=CARTESIAN_POINT('Origin',(23.5,0.,-50.5));
#5574=CARTESIAN_POINT('',(22.5,0.,-51.5));
#5575=CARTESIAN_POINT('',(22.5,0.,-25.25));
#5576=CARTESIAN_POINT('',(3.50000000000003,0.,-51.5));
#5577=CARTESIAN_POINT('',(11.25,0.,-51.5));
#5578=CARTESIAN_POINT('',(3.50000000000003,0.,-48.75));
#5579=CARTESIAN_POINT('',(3.50000000000004,0.,-25.75));
#5580=CARTESIAN_POINT('',(2.50000000000003,0.,-47.75));
#5581=CARTESIAN_POINT('Origin',(2.50000000000003,0.,-48.75));
#5582=CARTESIAN_POINT('',(2.,0.,-47.75));
#5583=CARTESIAN_POINT('',(1.25000000000044,0.,-47.75));
#5584=CARTESIAN_POINT('',(1.,0.,-48.75));
#5585=CARTESIAN_POINT('Origin',(2.,0.,-48.75));
#5586=CARTESIAN_POINT('',(1.,0.,-56.75));
#5587=CARTESIAN_POINT('',(1.00000000000001,0.,-24.375));
#5588=CARTESIAN_POINT('',(2.,0.,-57.75));
#5589=CARTESIAN_POINT('Origin',(2.,0.,-56.75));
#5590=CARTESIAN_POINT('',(2.50000000000003,0.,-57.75));
#5591=CARTESIAN_POINT('',(0.999999999999487,0.,-57.75));
#5592=CARTESIAN_POINT('',(3.50000000000003,0.,-56.75));
#5593=CARTESIAN_POINT('Origin',(2.50000000000003,0.,-56.75));
#5594=CARTESIAN_POINT('',(3.50000000000004,0.,-28.375));
#5595=CARTESIAN_POINT('',(17.25,0.,24.5));
#5596=CARTESIAN_POINT('',(17.25,0.,62.25));
#5597=CARTESIAN_POINT('',(17.25,0.,12.25));
#5598=CARTESIAN_POINT('',(20.0000000000001,0.,62.25));
#5599=CARTESIAN_POINT('',(8.62499999999999,0.,62.25));
#5600=CARTESIAN_POINT('',(21.0000000000001,0.,63.25));
#5601=CARTESIAN_POINT('Origin',(20.0000000000001,0.,63.25));
#5602=CARTESIAN_POINT('',(21.,0.,63.75));
#5603=CARTESIAN_POINT('',(21.0000000000023,0.,31.6250000000008));
#5604=CARTESIAN_POINT('',(20.0000000000001,0.,64.75));
#5605=CARTESIAN_POINT('Origin',(20.,0.,63.75));
#5606=CARTESIAN_POINT('',(12.,0.,64.75));
#5607=CARTESIAN_POINT('',(10.,0.,64.75));
#5608=CARTESIAN_POINT('',(11.,0.,63.75));
#5609=CARTESIAN_POINT('Origin',(12.,0.,63.75));
#5610=CARTESIAN_POINT('',(11.,0.,63.25));
#5611=CARTESIAN_POINT('',(10.9999999999979,0.,31.8749999999996));
#5612=CARTESIAN_POINT('',(12.,0.,62.25));
#5613=CARTESIAN_POINT('Origin',(12.,0.,63.25));
#5614=CARTESIAN_POINT('',(14.75,0.,62.25));
#5615=CARTESIAN_POINT('',(6.,0.,62.25));
#5616=CARTESIAN_POINT('',(14.75,0.,24.5));
#5617=CARTESIAN_POINT('',(14.75,0.,31.125));
#5618=CARTESIAN_POINT('',(13.75,0.,24.5));
#5619=CARTESIAN_POINT('',(7.37500000000001,0.,24.5));
#5620=CARTESIAN_POINT('',(12.75,0.,23.5));
#5621=CARTESIAN_POINT('Origin',(13.75,0.,23.5));
#5622=CARTESIAN_POINT('',(12.75,0.,5.5));
#5623=CARTESIAN_POINT('',(12.75,0.,11.75));
#5624=CARTESIAN_POINT('',(13.75,0.,4.49999999999999));
#5625=CARTESIAN_POINT('Origin',(13.75,0.,5.5));
#5626=CARTESIAN_POINT('',(14.75,0.,4.5));
#5627=CARTESIAN_POINT('',(6.87500000000001,0.,4.49999999999999));
#5628=CARTESIAN_POINT('',(14.75,0.,-33.25));
#5629=CARTESIAN_POINT('',(14.75,0.,2.25));
#5630=CARTESIAN_POINT('',(12.,0.,-33.25));
#5631=CARTESIAN_POINT('',(7.37500000000002,0.,-33.25));
#5632=CARTESIAN_POINT('',(11.,0.,-34.25));
#5633=CARTESIAN_POINT('Origin',(12.,0.,-34.25));
#5634=CARTESIAN_POINT('',(11.,0.,-34.75));
#5635=CARTESIAN_POINT('',(11.,0.,-17.125));
#5636=CARTESIAN_POINT('',(12.,0.,-35.75));
#5637=CARTESIAN_POINT('Origin',(12.,0.,-34.75));
#5638=CARTESIAN_POINT('',(20.,0.,-35.75));
#5639=CARTESIAN_POINT('',(6.,0.,-35.75));
#5640=CARTESIAN_POINT('',(21.,0.,-34.75));
#5641=CARTESIAN_POINT('Origin',(20.,0.,-34.75));
#5642=CARTESIAN_POINT('',(21.,0.,-34.25));
#5643=CARTESIAN_POINT('',(21.,0.,-17.375));
#5644=CARTESIAN_POINT('',(20.,0.,-33.25));
#5645=CARTESIAN_POINT('Origin',(20.,0.,-34.25));
#5646=CARTESIAN_POINT('',(17.25,0.,-33.25));
#5647=CARTESIAN_POINT('',(10.,0.,-33.25));
#5648=CARTESIAN_POINT('',(17.25,0.,4.49999999999999));
#5649=CARTESIAN_POINT('',(17.25,0.,-16.625));
#5650=CARTESIAN_POINT('',(18.25,0.,4.49999999999999));
#5651=CARTESIAN_POINT('',(8.62500000000001,0.,4.49999999999999));
#5652=CARTESIAN_POINT('',(19.25,0.,5.5));
#5653=CARTESIAN_POINT('Origin',(18.25,0.,5.5));
#5654=CARTESIAN_POINT('',(19.25,0.,23.5));
#5655=CARTESIAN_POINT('',(19.25,0.,2.75));
#5656=CARTESIAN_POINT('',(18.25,0.,24.5));
#5657=CARTESIAN_POINT('Origin',(18.25,0.,23.5));
#5658=CARTESIAN_POINT('',(9.12500000000001,0.,24.5));
#5659=CARTESIAN_POINT('',(-23.8,0.,-21.435));
#5660=CARTESIAN_POINT('',(-23.8,0.,-4.33500000000001));
#5661=CARTESIAN_POINT('',(-23.8,0.,-10.7175));
#5662=CARTESIAN_POINT('',(-18.295,0.,-4.33500000000001));
#5663=CARTESIAN_POINT('',(-11.9,0.,-4.33500000000001));
#5664=CARTESIAN_POINT('',(-17.295,0.,-3.33500000000001));
#5665=CARTESIAN_POINT('Origin',(-18.295,0.,-3.33500000000001));
#5666=CARTESIAN_POINT('',(-17.295,0.,-2.50000000000001));
#5667=CARTESIAN_POINT('',(-17.295,0.,-1.6675));
#5668=CARTESIAN_POINT('',(1.95500000000001,0.,-2.49999999999999));
#5669=CARTESIAN_POINT('',(-8.64749999999999,0.,-2.50000000000001));
#5670=CARTESIAN_POINT('',(2.95500000000001,0.,-1.49999999999999));
#5671=CARTESIAN_POINT('Origin',(1.95500000000001,0.,-1.49999999999999));
#5672=CARTESIAN_POINT('',(2.95500000000001,0.,9.50000000000001));
#5673=CARTESIAN_POINT('',(2.95500000000001,0.,-0.749999999999993));
#5674=CARTESIAN_POINT('',(1.95500000000002,0.,10.5));
#5675=CARTESIAN_POINT('Origin',(1.95500000000001,0.,9.50000000000001));
#5676=CARTESIAN_POINT('',(1.45500000000001,0.,10.5));
#5677=CARTESIAN_POINT('',(0.977500000000008,0.,10.5));
#5678=CARTESIAN_POINT('',(0.455000000000014,0.,9.50000000000001));
#5679=CARTESIAN_POINT('Origin',(1.45500000000001,0.,9.50000000000001));
#5680=CARTESIAN_POINT('',(0.455000000000002,0.,-8.88178419700125E-15));
#5681=CARTESIAN_POINT('',(0.455000000000014,0.,4.75000000000001));
#5682=CARTESIAN_POINT('',(-17.295,0.,-8.88178419700125E-15));
#5683=CARTESIAN_POINT('',(0.227500000000002,0.,-8.88178419700125E-15));
#5684=CARTESIAN_POINT('',(-17.295,0.,3.335));
#5685=CARTESIAN_POINT('',(-17.295,0.,6.58310654031852E-16));
#5686=CARTESIAN_POINT('',(-18.295,0.,4.335));
#5687=CARTESIAN_POINT('Origin',(-18.295,0.,3.335));
#5688=CARTESIAN_POINT('',(-38.3,0.,4.335));
#5689=CARTESIAN_POINT('',(-9.1475,0.,4.33499999999999));
#5690=CARTESIAN_POINT('',(-39.3,0.,3.335));
#5691=CARTESIAN_POINT('Origin',(-38.3,0.,3.335));
#5692=CARTESIAN_POINT('',(-39.3,0.,-3.335));
#5693=CARTESIAN_POINT('',(-39.3,0.,1.6675));
#5694=CARTESIAN_POINT('',(-38.3,0.,-4.335));
#5695=CARTESIAN_POINT('Origin',(-38.3,0.,-3.335));
#5696=CARTESIAN_POINT('',(-26.3,0.,-4.335));
#5697=CARTESIAN_POINT('',(-19.15,0.,-4.33500000000001));
#5698=CARTESIAN_POINT('',(-26.3,0.,-21.435));
#5699=CARTESIAN_POINT('',(-26.3,0.,-2.16749999999999));
#5700=CARTESIAN_POINT('',(-29.05,0.,-21.435));
#5701=CARTESIAN_POINT('',(-13.15,0.,-21.435));
#5702=CARTESIAN_POINT('',(-30.05,0.,-22.435));
#5703=CARTESIAN_POINT('Origin',(-29.05,0.,-22.435));
#5704=CARTESIAN_POINT('',(-30.05,0.,-22.935));
#5705=CARTESIAN_POINT('',(-30.05,0.,-11.2175));
#5706=CARTESIAN_POINT('',(-29.05,0.,-23.935));
#5707=CARTESIAN_POINT('Origin',(-29.05,0.,-22.935));
#5708=CARTESIAN_POINT('',(-21.05,0.,-23.935));
#5709=CARTESIAN_POINT('',(-14.525,0.,-23.935));
#5710=CARTESIAN_POINT('',(-20.05,0.,-22.935));
#5711=CARTESIAN_POINT('Origin',(-21.05,0.,-22.935));
#5712=CARTESIAN_POINT('',(-20.05,0.,-22.435));
#5713=CARTESIAN_POINT('',(-20.05,0.,-11.4675));
#5714=CARTESIAN_POINT('',(-21.05,0.,-21.435));
#5715=CARTESIAN_POINT('Origin',(-21.05,0.,-22.435));
#5716=CARTESIAN_POINT('',(-10.525,0.,-21.435));
#5717=CARTESIAN_POINT('',(44.75,0.,24.5));
#5718=CARTESIAN_POINT('',(44.75,0.,62.25));
#5719=CARTESIAN_POINT('',(44.75,0.,12.25));
#5720=CARTESIAN_POINT('',(47.5000000000001,0.,62.25));
#5721=CARTESIAN_POINT('',(22.375,0.,62.25));
#5722=CARTESIAN_POINT('',(48.5000000000001,0.,63.25));
#5723=CARTESIAN_POINT('Origin',(47.5000000000001,0.,63.25));
#5724=CARTESIAN_POINT('',(48.5,0.,63.75));
#5725=CARTESIAN_POINT('',(48.5000000000023,0.,31.6250000000017));
#5726=CARTESIAN_POINT('',(47.5000000000001,0.,64.75));
#5727=CARTESIAN_POINT('Origin',(47.5,0.,63.75));
#5728=CARTESIAN_POINT('',(39.5,0.,64.75));
#5729=CARTESIAN_POINT('',(23.75,0.,64.75));
#5730=CARTESIAN_POINT('',(38.5,0.,63.75));
#5731=CARTESIAN_POINT('Origin',(39.5,0.,63.75));
#5732=CARTESIAN_POINT('',(38.5,0.,63.25));
#5733=CARTESIAN_POINT('',(38.4999999999977,0.,31.8749999999986));
#5734=CARTESIAN_POINT('',(39.5,0.,62.25));
#5735=CARTESIAN_POINT('Origin',(39.5,0.,63.25));
#5736=CARTESIAN_POINT('',(42.25,0.,62.25));
#5737=CARTESIAN_POINT('',(19.75,0.,62.25));
#5738=CARTESIAN_POINT('',(42.25,0.,24.5));
#5739=CARTESIAN_POINT('',(42.25,0.,31.125));
#5740=CARTESIAN_POINT('',(41.25,0.,24.5));
#5741=CARTESIAN_POINT('',(21.125,0.,24.5));
#5742=CARTESIAN_POINT('',(40.25,0.,23.5));
#5743=CARTESIAN_POINT('Origin',(41.25,0.,23.5));
#5744=CARTESIAN_POINT('',(40.25,0.,5.49999999999999));
#5745=CARTESIAN_POINT('',(40.25,0.,11.75));
#5746=CARTESIAN_POINT('',(41.25,0.,4.49999999999998));
#5747=CARTESIAN_POINT('Origin',(41.25,0.,5.49999999999999));
#5748=CARTESIAN_POINT('',(42.25,0.,4.49999999999999));
#5749=CARTESIAN_POINT('',(20.625,0.,4.49999999999998));
#5750=CARTESIAN_POINT('',(42.25,0.,-33.25));
#5751=CARTESIAN_POINT('',(42.25,0.,2.25));
#5752=CARTESIAN_POINT('',(39.5,0.,-33.25));
#5753=CARTESIAN_POINT('',(21.125,0.,-33.25));
#5754=CARTESIAN_POINT('',(38.5,0.,-34.25));
#5755=CARTESIAN_POINT('Origin',(39.5,0.,-34.25));
#5756=CARTESIAN_POINT('',(38.5,0.,-34.75));
#5757=CARTESIAN_POINT('',(38.5,0.,-17.125));
#5758=CARTESIAN_POINT('',(39.5,0.,-35.75));
#5759=CARTESIAN_POINT('Origin',(39.5,0.,-34.75));
#5760=CARTESIAN_POINT('',(47.5,0.,-35.75));
#5761=CARTESIAN_POINT('',(19.75,0.,-35.75));
#5762=CARTESIAN_POINT('',(48.5,0.,-34.75));
#5763=CARTESIAN_POINT('Origin',(47.5,0.,-34.75));
#5764=CARTESIAN_POINT('',(48.5,0.,-34.25));
#5765=CARTESIAN_POINT('',(48.5,0.,-17.375));
#5766=CARTESIAN_POINT('',(47.5,0.,-33.25));
#5767=CARTESIAN_POINT('Origin',(47.5,0.,-34.25));
#5768=CARTESIAN_POINT('',(44.75,0.,-33.25));
#5769=CARTESIAN_POINT('',(23.75,0.,-33.25));
#5770=CARTESIAN_POINT('',(44.75,0.,4.49999999999998));
#5771=CARTESIAN_POINT('',(44.75,0.,-16.625));
#5772=CARTESIAN_POINT('',(45.75,0.,4.49999999999998));
#5773=CARTESIAN_POINT('',(22.375,0.,4.49999999999998));
#5774=CARTESIAN_POINT('',(46.75,0.,5.49999999999999));
#5775=CARTESIAN_POINT('Origin',(45.75,0.,5.49999999999999));
#5776=CARTESIAN_POINT('',(46.75,0.,23.5));
#5777=CARTESIAN_POINT('',(46.75,0.,2.75));
#5778=CARTESIAN_POINT('',(45.75,0.,24.5));
#5779=CARTESIAN_POINT('Origin',(45.75,0.,23.5));
#5780=CARTESIAN_POINT('',(22.875,0.,24.5));
#5781=CARTESIAN_POINT('',(19.75,0.,-66.95));
#5782=CARTESIAN_POINT('',(-19.75,0.,-66.95));
#5783=CARTESIAN_POINT('',(-9.87500000000001,0.,-66.95));
#5784=CARTESIAN_POINT('',(-19.75,0.,-69.2));
#5785=CARTESIAN_POINT('',(-19.7499999999999,0.,-34.6));
#5786=CARTESIAN_POINT('',(19.75,0.,-69.2));
#5787=CARTESIAN_POINT('',(9.875,0.,-69.2));
#5788=CARTESIAN_POINT('',(19.75,0.,-33.475));
#5789=CARTESIAN_POINT('',(-19.75,0.,69.2));
#5790=CARTESIAN_POINT('',(-19.75,0.,66.95));
#5791=CARTESIAN_POINT('',(-19.7499999999999,0.,33.475));
#5792=CARTESIAN_POINT('',(19.75,0.,66.95));
#5793=CARTESIAN_POINT('',(9.87500000000001,0.,66.95));
#5794=CARTESIAN_POINT('',(19.75,0.,69.2));
#5795=CARTESIAN_POINT('',(19.7499999999999,0.,34.6));
#5796=CARTESIAN_POINT('',(-9.875,0.,69.2));
#5797=CARTESIAN_POINT('',(27.0000000000001,0.,46.25));
#5798=CARTESIAN_POINT('Origin',(24.0000000000001,0.,46.25));
#5799=CARTESIAN_POINT('',(11.,0.,-17.25));
#5800=CARTESIAN_POINT('Origin',(8.00000000000002,0.,-17.25));
#5801=CARTESIAN_POINT('',(38.5,0.,46.25));
#5802=CARTESIAN_POINT('Origin',(35.5,0.,46.25));
#5803=CARTESIAN_POINT('',(54.5,0.,-17.25));
#5804=CARTESIAN_POINT('Origin',(51.5,0.,-17.25));
#5805=CARTESIAN_POINT('Origin',(19.5,0.,-60.75));
#5806=CARTESIAN_POINT('',(17.5,-5.,-60.75));
#5807=CARTESIAN_POINT('',(17.5,0.,-60.75));
#5808=CARTESIAN_POINT('Origin',(19.5,-5.,-60.75));
#5809=CARTESIAN_POINT('Origin',(19.5,-0.5,-44.75));
#5810=CARTESIAN_POINT('',(21.5,-1.,-44.75));
#5811=CARTESIAN_POINT('',(22.,-0.5,-44.75));
#5812=CARTESIAN_POINT('',(17.5,-1.,-44.75));
#5813=CARTESIAN_POINT('Origin',(19.5,-1.,-44.75));
#5814=CARTESIAN_POINT('Origin',(19.5,-1.,-44.75));
#5815=CARTESIAN_POINT('Origin',(19.5,0.,-44.75));
#5816=CARTESIAN_POINT('',(17.5,-5.,-44.75));
#5817=CARTESIAN_POINT('',(17.5,0.,-44.75));
#5818=CARTESIAN_POINT('Origin',(19.5,-5.,-44.75));
#5819=CARTESIAN_POINT('Origin',(51.5,-0.5,-17.25));
#5820=CARTESIAN_POINT('',(53.5,-1.,-17.25));
#5821=CARTESIAN_POINT('',(54.,-0.5,-17.25));
#5822=CARTESIAN_POINT('',(49.5,-1.,-17.25));
#5823=CARTESIAN_POINT('Origin',(51.5,-1.,-17.25));
#5824=CARTESIAN_POINT('Origin',(51.5,-1.,-17.25));
#5825=CARTESIAN_POINT('Origin',(51.5,0.,-17.25));
#5826=CARTESIAN_POINT('',(49.5,-5.,-17.25));
#5827=CARTESIAN_POINT('',(49.5,0.,-17.25));
#5828=CARTESIAN_POINT('Origin',(51.5,-5.,-17.25));
#5829=CARTESIAN_POINT('Origin',(35.5,-0.5,-17.25));
#5830=CARTESIAN_POINT('',(37.5,-1.,-17.25));
#5831=CARTESIAN_POINT('',(38.,-0.5,-17.25));
#5832=CARTESIAN_POINT('',(33.5,-1.,-17.25));
#5833=CARTESIAN_POINT('Origin',(35.5,-1.,-17.25));
#5834=CARTESIAN_POINT('Origin',(35.5,-1.,-17.25));
#5835=CARTESIAN_POINT('Origin',(35.5,0.,-17.25));
#5836=CARTESIAN_POINT('',(33.5,-5.,-17.25));
#5837=CARTESIAN_POINT('',(33.5,0.,-17.25));
#5838=CARTESIAN_POINT('Origin',(35.5,-5.,-17.25));
#5839=CARTESIAN_POINT('Origin',(35.5,-0.5,46.25));
#5840=CARTESIAN_POINT('',(37.5,-1.,46.25));
#5841=CARTESIAN_POINT('',(38.,-0.5,46.25));
#5842=CARTESIAN_POINT('',(33.5,-1.,46.25));
#5843=CARTESIAN_POINT('Origin',(35.5,-1.,46.25));
#5844=CARTESIAN_POINT('Origin',(35.5,-1.,46.25));
#5845=CARTESIAN_POINT('Origin',(35.5,0.,46.25));
#5846=CARTESIAN_POINT('',(33.5,-5.,46.25));
#5847=CARTESIAN_POINT('',(33.5,0.,46.25));
#5848=CARTESIAN_POINT('Origin',(35.5,-5.,46.25));
#5849=CARTESIAN_POINT('Origin',(51.5,-0.5,46.25));
#5850=CARTESIAN_POINT('',(53.5,-1.,46.25));
#5851=CARTESIAN_POINT('',(54.,-0.5,46.25));
#5852=CARTESIAN_POINT('',(49.5,-1.,46.25));
#5853=CARTESIAN_POINT('Origin',(51.5,-1.,46.25));
#5854=CARTESIAN_POINT('Origin',(51.5,-1.,46.25));
#5855=CARTESIAN_POINT('Origin',(51.5,0.,46.25));
#5856=CARTESIAN_POINT('',(49.5,-5.,46.25));
#5857=CARTESIAN_POINT('',(49.5,0.,46.25));
#5858=CARTESIAN_POINT('Origin',(51.5,-5.,46.25));
#5859=CARTESIAN_POINT('Origin',(8.00000000000002,-0.5,-17.25));
#5860=CARTESIAN_POINT('',(10.,-1.,-17.25));
#5861=CARTESIAN_POINT('',(10.5,-0.5,-17.25));
#5862=CARTESIAN_POINT('',(6.00000000000002,-1.,-17.25));
#5863=CARTESIAN_POINT('Origin',(8.00000000000002,-1.,-17.25));
#5864=CARTESIAN_POINT('Origin',(8.00000000000002,-1.,-17.25));
#5865=CARTESIAN_POINT('Origin',(8.00000000000002,0.,-17.25));
#5866=CARTESIAN_POINT('',(6.00000000000002,-5.,-17.25));
#5867=CARTESIAN_POINT('',(6.00000000000002,0.,-17.25));
#5868=CARTESIAN_POINT('Origin',(8.00000000000002,-5.,-17.25));
#5869=CARTESIAN_POINT('Origin',(24.,-0.5,-17.25));
#5870=CARTESIAN_POINT('',(26.,-1.,-17.25));
#5871=CARTESIAN_POINT('',(26.5,-0.5,-17.25));
#5872=CARTESIAN_POINT('',(22.,-1.,-17.25));
#5873=CARTESIAN_POINT('Origin',(24.,-1.,-17.25));
#5874=CARTESIAN_POINT('Origin',(24.,-1.,-17.25));
#5875=CARTESIAN_POINT('Origin',(24.,0.,-17.25));
#5876=CARTESIAN_POINT('',(22.,-5.,-17.25));
#5877=CARTESIAN_POINT('',(22.,0.,-17.25));
#5878=CARTESIAN_POINT('Origin',(24.,-5.,-17.25));
#5879=CARTESIAN_POINT('Origin',(24.0000000000001,-0.5,46.25));
#5880=CARTESIAN_POINT('',(26.0000000000001,-1.,46.25));
#5881=CARTESIAN_POINT('',(26.5000000000001,-0.5,46.25));
#5882=CARTESIAN_POINT('',(22.0000000000001,-1.,46.25));
#5883=CARTESIAN_POINT('Origin',(24.0000000000001,-1.,46.25));
#5884=CARTESIAN_POINT('Origin',(24.0000000000001,-1.,46.25));
#5885=CARTESIAN_POINT('Origin',(24.0000000000001,0.,46.25));
#5886=CARTESIAN_POINT('',(22.0000000000001,-5.,46.25));
#5887=CARTESIAN_POINT('',(22.0000000000001,0.,46.25));
#5888=CARTESIAN_POINT('Origin',(24.0000000000001,-5.,46.25));
#5889=CARTESIAN_POINT('Origin',(7.99999999999999,-0.5,46.25));
#5890=CARTESIAN_POINT('',(9.99999999999999,-1.,46.25));
#5891=CARTESIAN_POINT('',(10.5,-0.5,46.25));
#5892=CARTESIAN_POINT('',(5.99999999999999,-1.,46.25));
#5893=CARTESIAN_POINT('Origin',(7.99999999999999,-1.,46.25));
#5894=CARTESIAN_POINT('Origin',(7.99999999999999,-1.,46.25));
#5895=CARTESIAN_POINT('Origin',(7.99999999999999,0.,46.25));
#5896=CARTESIAN_POINT('',(5.99999999999999,-5.,46.25));
#5897=CARTESIAN_POINT('',(5.99999999999999,0.,46.25));
#5898=CARTESIAN_POINT('Origin',(7.99999999999999,-5.,46.25));
#5899=CARTESIAN_POINT('Origin',(-48.3,-4.5,13.335));
#5900=CARTESIAN_POINT('',(-51.3,-5.,13.335));
#5901=CARTESIAN_POINT('Origin',(-48.3,-5.,13.335));
#5902=CARTESIAN_POINT('',(-50.3,-4.,13.335));
#5903=CARTESIAN_POINT('',(-50.8,-4.5,13.335));
#5904=CARTESIAN_POINT('Origin',(-48.3,-4.,13.335));
#5905=CARTESIAN_POINT('Origin',(0.,-5.,4.44089209850063E-15));
#5906=CARTESIAN_POINT('',(-54.5717967697245,-5.,-71.95));
#5907=CARTESIAN_POINT('',(54.5717967697245,-5.,-71.95));
#5908=CARTESIAN_POINT('',(61.5,-5.,-71.95));
#5909=CARTESIAN_POINT('',(58.0358983848622,-5.,-73.95));
#5910=CARTESIAN_POINT('Origin',(54.5717967697245,-5.,-75.95));
#5911=CARTESIAN_POINT('',(63.5,-5.,-68.4858983848623));
#5912=CARTESIAN_POINT('Origin',(61.5,-5.,-71.95));
#5913=CARTESIAN_POINT('',(61.5,-5.,-65.0217967697245));
#5914=CARTESIAN_POINT('Origin',(65.5,-5.,-65.0217967697245));
#5915=CARTESIAN_POINT('',(61.5,-5.,65.0217967697245));
#5916=CARTESIAN_POINT('',(61.5,-5.,71.95));
#5917=CARTESIAN_POINT('',(63.5,-5.,68.4858983848623));
#5918=CARTESIAN_POINT('Origin',(65.5,-5.,65.0217967697245));
#5919=CARTESIAN_POINT('',(58.0358983848623,-5.,73.95));
#5920=CARTESIAN_POINT('Origin',(61.5,-5.,71.95));
#5921=CARTESIAN_POINT('',(54.5717967697245,-5.,71.95));
#5922=CARTESIAN_POINT('Origin',(54.5717967697245,-5.,75.95));
#5923=CARTESIAN_POINT('',(-54.5717967697245,-5.,71.95));
#5924=CARTESIAN_POINT('',(-61.5,-5.,71.95));
#5925=CARTESIAN_POINT('',(-58.0358983848622,-5.,73.95));
#5926=CARTESIAN_POINT('Origin',(-54.5717967697245,-5.,75.95));
#5927=CARTESIAN_POINT('',(-63.5,-5.,68.4858983848623));
#5928=CARTESIAN_POINT('Origin',(-61.5,-5.,71.95));
#5929=CARTESIAN_POINT('',(-61.5,-5.,65.0217967697245));
#5930=CARTESIAN_POINT('Origin',(-65.5,-5.,65.0217967697245));
#5931=CARTESIAN_POINT('',(-61.5,-5.,-65.0217967697245));
#5932=CARTESIAN_POINT('',(-61.5,-5.,-71.95));
#5933=CARTESIAN_POINT('',(-63.5,-5.,-68.4858983848622));
#5934=CARTESIAN_POINT('Origin',(-65.5,-5.,-65.0217967697245));
#5935=CARTESIAN_POINT('',(-58.0358983848623,-5.,-73.95));
#5936=CARTESIAN_POINT('Origin',(-61.5,-5.,-71.95));
#5937=CARTESIAN_POINT('Origin',(-54.5717967697245,-5.,-75.95));
#5938=CARTESIAN_POINT('',(-11.295,-5.,4.445));
#5939=CARTESIAN_POINT('Origin',(-8.29499999999999,-5.,4.445));
#5940=CARTESIAN_POINT('',(59.75,-5.,71.95));
#5941=CARTESIAN_POINT('Origin',(61.5,-5.,71.95));
#5942=CARTESIAN_POINT('',(59.75,-5.,-71.95));
#5943=CARTESIAN_POINT('Origin',(61.5,-5.,-71.95));
#5944=CARTESIAN_POINT('',(-63.25,-5.,-71.95));
#5945=CARTESIAN_POINT('Origin',(-61.5,-5.,-71.95));
#5946=CARTESIAN_POINT('',(-63.25,-5.,71.95));
#5947=CARTESIAN_POINT('Origin',(-61.5,-5.,71.95));
#5948=CARTESIAN_POINT('',(44.75,-5.,62.25));
#5949=CARTESIAN_POINT('',(44.75,-5.,24.5));
#5950=CARTESIAN_POINT('',(44.75,-5.,12.25));
#5951=CARTESIAN_POINT('',(45.75,-5.,24.5));
#5952=CARTESIAN_POINT('',(22.875,-5.,24.5));
#5953=CARTESIAN_POINT('',(46.75,-5.,23.5));
#5954=CARTESIAN_POINT('Origin',(45.75,-5.,23.5));
#5955=CARTESIAN_POINT('',(46.75,-5.,5.49999999999999));
#5956=CARTESIAN_POINT('',(46.75,-5.,2.75));
#5957=CARTESIAN_POINT('',(45.75,-5.,4.49999999999998));
#5958=CARTESIAN_POINT('Origin',(45.75,-5.,5.49999999999999));
#5959=CARTESIAN_POINT('',(44.75,-5.,4.49999999999998));
#5960=CARTESIAN_POINT('',(22.375,-5.,4.49999999999998));
#5961=CARTESIAN_POINT('',(44.75,-5.,-33.25));
#5962=CARTESIAN_POINT('',(44.75,-5.,-16.625));
#5963=CARTESIAN_POINT('',(47.5,-5.,-33.25));
#5964=CARTESIAN_POINT('',(23.75,-5.,-33.25));
#5965=CARTESIAN_POINT('',(48.5,-5.,-34.25));
#5966=CARTESIAN_POINT('Origin',(47.5,-5.,-34.25));
#5967=CARTESIAN_POINT('',(48.5,-5.,-34.75));
#5968=CARTESIAN_POINT('',(48.5,-5.,-17.375));
#5969=CARTESIAN_POINT('',(47.5,-5.,-35.75));
#5970=CARTESIAN_POINT('Origin',(47.5,-5.,-34.75));
#5971=CARTESIAN_POINT('',(39.5,-5.,-35.75));
#5972=CARTESIAN_POINT('',(19.75,-5.,-35.75));
#5973=CARTESIAN_POINT('',(38.5,-5.,-34.75));
#5974=CARTESIAN_POINT('Origin',(39.5,-5.,-34.75));
#5975=CARTESIAN_POINT('',(38.5,-5.,-34.25));
#5976=CARTESIAN_POINT('',(38.5,-5.,-17.125));
#5977=CARTESIAN_POINT('',(39.5,-5.,-33.25));
#5978=CARTESIAN_POINT('Origin',(39.5,-5.,-34.25));
#5979=CARTESIAN_POINT('',(42.25,-5.,-33.25));
#5980=CARTESIAN_POINT('',(21.125,-5.,-33.25));
#5981=CARTESIAN_POINT('',(42.25,-5.,4.49999999999999));
#5982=CARTESIAN_POINT('',(42.25,-5.,2.25));
#5983=CARTESIAN_POINT('',(41.25,-5.,4.49999999999998));
#5984=CARTESIAN_POINT('',(20.625,-5.,4.49999999999998));
#5985=CARTESIAN_POINT('',(40.25,-5.,5.49999999999999));
#5986=CARTESIAN_POINT('Origin',(41.25,-5.,5.49999999999999));
#5987=CARTESIAN_POINT('',(40.25,-5.,23.5));
#5988=CARTESIAN_POINT('',(40.25,-5.,11.75));
#5989=CARTESIAN_POINT('',(41.25,-5.,24.5));
#5990=CARTESIAN_POINT('Origin',(41.25,-5.,23.5));
#5991=CARTESIAN_POINT('',(42.25,-5.,24.5));
#5992=CARTESIAN_POINT('',(21.125,-5.,24.5));
#5993=CARTESIAN_POINT('',(42.25,-5.,62.25));
#5994=CARTESIAN_POINT('',(42.25,-5.,31.125));
#5995=CARTESIAN_POINT('',(39.5,-5.,62.25));
#5996=CARTESIAN_POINT('',(19.75,-5.,62.25));
#5997=CARTESIAN_POINT('',(38.5,-5.,63.25));
#5998=CARTESIAN_POINT('Origin',(39.5,-5.,63.25));
#5999=CARTESIAN_POINT('',(38.5,-5.,63.75));
#6000=CARTESIAN_POINT('',(38.4999999999977,-5.,31.8749999999986));
#6001=CARTESIAN_POINT('',(39.5,-5.,64.75));
#6002=CARTESIAN_POINT('Origin',(39.5,-5.,63.75));
#6003=CARTESIAN_POINT('',(47.5000000000001,-5.,64.75));
#6004=CARTESIAN_POINT('',(23.75,-5.,64.75));
#6005=CARTESIAN_POINT('',(48.5,-5.,63.75));
#6006=CARTESIAN_POINT('Origin',(47.5,-5.,63.75));
#6007=CARTESIAN_POINT('',(48.5000000000001,-5.,63.25));
#6008=CARTESIAN_POINT('',(48.5000000000023,-5.,31.6250000000017));
#6009=CARTESIAN_POINT('',(47.5000000000001,-5.,62.25));
#6010=CARTESIAN_POINT('Origin',(47.5000000000001,-5.,63.25));
#6011=CARTESIAN_POINT('',(22.375,-5.,62.25));
#6012=CARTESIAN_POINT('',(-23.8,-5.,-4.33500000000001));
#6013=CARTESIAN_POINT('',(-23.8,-5.,-21.435));
#6014=CARTESIAN_POINT('',(-23.8,-5.,-10.7175));
#6015=CARTESIAN_POINT('',(-21.05,-5.,-21.435));
#6016=CARTESIAN_POINT('',(-10.525,-5.,-21.435));
#6017=CARTESIAN_POINT('',(-20.05,-5.,-22.435));
#6018=CARTESIAN_POINT('Origin',(-21.05,-5.,-22.435));
#6019=CARTESIAN_POINT('',(-20.05,-5.,-22.935));
#6020=CARTESIAN_POINT('',(-20.05,-5.,-11.4675));
#6021=CARTESIAN_POINT('',(-21.05,-5.,-23.935));
#6022=CARTESIAN_POINT('Origin',(-21.05,-5.,-22.935));
#6023=CARTESIAN_POINT('',(-29.05,-5.,-23.935));
#6024=CARTESIAN_POINT('',(-14.525,-5.,-23.935));
#6025=CARTESIAN_POINT('',(-30.05,-5.,-22.935));
#6026=CARTESIAN_POINT('Origin',(-29.05,-5.,-22.935));
#6027=CARTESIAN_POINT('',(-30.05,-5.,-22.435));
#6028=CARTESIAN_POINT('',(-30.05,-5.,-11.2175));
#6029=CARTESIAN_POINT('',(-29.05,-5.,-21.435));
#6030=CARTESIAN_POINT('Origin',(-29.05,-5.,-22.435));
#6031=CARTESIAN_POINT('',(-26.3,-5.,-21.435));
#6032=CARTESIAN_POINT('',(-13.15,-5.,-21.435));
#6033=CARTESIAN_POINT('',(-26.3,-5.,-4.335));
#6034=CARTESIAN_POINT('',(-26.3,-5.,-2.16749999999999));
#6035=CARTESIAN_POINT('',(-38.3,-5.,-4.335));
#6036=CARTESIAN_POINT('',(-19.15,-5.,-4.33500000000001));
#6037=CARTESIAN_POINT('',(-39.3,-5.,-3.335));
#6038=CARTESIAN_POINT('Origin',(-38.3,-5.,-3.335));
#6039=CARTESIAN_POINT('',(-39.3,-5.,3.335));
#6040=CARTESIAN_POINT('',(-39.3,-5.,1.6675));
#6041=CARTESIAN_POINT('',(-38.3,-5.,4.335));
#6042=CARTESIAN_POINT('Origin',(-38.3,-5.,3.335));
#6043=CARTESIAN_POINT('',(-18.295,-5.,4.335));
#6044=CARTESIAN_POINT('',(-9.1475,-5.,4.33499999999999));
#6045=CARTESIAN_POINT('',(-17.295,-5.,3.335));
#6046=CARTESIAN_POINT('Origin',(-18.295,-5.,3.335));
#6047=CARTESIAN_POINT('',(-17.295,-5.,-8.88178419700125E-15));
#6048=CARTESIAN_POINT('',(-17.295,-5.,6.58310654031852E-16));
#6049=CARTESIAN_POINT('',(0.455000000000002,-5.,-8.88178419700125E-15));
#6050=CARTESIAN_POINT('',(0.227500000000002,-5.,-8.88178419700125E-15));
#6051=CARTESIAN_POINT('',(0.455000000000014,-5.,9.50000000000001));
#6052=CARTESIAN_POINT('',(0.455000000000014,-5.,4.75000000000001));
#6053=CARTESIAN_POINT('',(1.45500000000001,-5.,10.5));
#6054=CARTESIAN_POINT('Origin',(1.45500000000001,-5.,9.50000000000001));
#6055=CARTESIAN_POINT('',(1.95500000000002,-5.,10.5));
#6056=CARTESIAN_POINT('',(0.977500000000008,-5.,10.5));
#6057=CARTESIAN_POINT('',(2.95500000000001,-5.,9.50000000000001));
#6058=CARTESIAN_POINT('Origin',(1.95500000000001,-5.,9.50000000000001));
#6059=CARTESIAN_POINT('',(2.95500000000001,-5.,-1.49999999999999));
#6060=CARTESIAN_POINT('',(2.95500000000001,-5.,-0.749999999999993));
#6061=CARTESIAN_POINT('',(1.95500000000001,-5.,-2.49999999999999));
#6062=CARTESIAN_POINT('Origin',(1.95500000000001,-5.,-1.49999999999999));
#6063=CARTESIAN_POINT('',(-17.295,-5.,-2.50000000000001));
#6064=CARTESIAN_POINT('',(-8.64749999999999,-5.,-2.50000000000001));
#6065=CARTESIAN_POINT('',(-17.295,-5.,-3.33500000000001));
#6066=CARTESIAN_POINT('',(-17.295,-5.,-1.6675));
#6067=CARTESIAN_POINT('',(-18.295,-5.,-4.33500000000001));
#6068=CARTESIAN_POINT('Origin',(-18.295,-5.,-3.33500000000001));
#6069=CARTESIAN_POINT('',(-11.9,-5.,-4.33500000000001));
#6070=CARTESIAN_POINT('',(17.25,-5.,62.25));
#6071=CARTESIAN_POINT('',(17.25,-5.,24.5));
#6072=CARTESIAN_POINT('',(17.25,-5.,12.25));
#6073=CARTESIAN_POINT('',(18.25,-5.,24.5));
#6074=CARTESIAN_POINT('',(9.12500000000001,-5.,24.5));
#6075=CARTESIAN_POINT('',(19.25,-5.,23.5));
#6076=CARTESIAN_POINT('Origin',(18.25,-5.,23.5));
#6077=CARTESIAN_POINT('',(19.25,-5.,5.5));
#6078=CARTESIAN_POINT('',(19.25,-5.,2.75));
#6079=CARTESIAN_POINT('',(18.25,-5.,4.49999999999999));
#6080=CARTESIAN_POINT('Origin',(18.25,-5.,5.5));
#6081=CARTESIAN_POINT('',(17.25,-5.,4.49999999999999));
#6082=CARTESIAN_POINT('',(8.62500000000001,-5.,4.49999999999999));
#6083=CARTESIAN_POINT('',(17.25,-5.,-33.25));
#6084=CARTESIAN_POINT('',(17.25,-5.,-16.625));
#6085=CARTESIAN_POINT('',(20.,-5.,-33.25));
#6086=CARTESIAN_POINT('',(10.,-5.,-33.25));
#6087=CARTESIAN_POINT('',(21.,-5.,-34.25));
#6088=CARTESIAN_POINT('Origin',(20.,-5.,-34.25));
#6089=CARTESIAN_POINT('',(21.,-5.,-34.75));
#6090=CARTESIAN_POINT('',(21.,-5.,-17.375));
#6091=CARTESIAN_POINT('',(20.,-5.,-35.75));
#6092=CARTESIAN_POINT('Origin',(20.,-5.,-34.75));
#6093=CARTESIAN_POINT('',(12.,-5.,-35.75));
#6094=CARTESIAN_POINT('',(6.,-5.,-35.75));
#6095=CARTESIAN_POINT('',(11.,-5.,-34.75));
#6096=CARTESIAN_POINT('Origin',(12.,-5.,-34.75));
#6097=CARTESIAN_POINT('',(11.,-5.,-34.25));
#6098=CARTESIAN_POINT('',(11.,-5.,-17.125));
#6099=CARTESIAN_POINT('',(12.,-5.,-33.25));
#6100=CARTESIAN_POINT('Origin',(12.,-5.,-34.25));
#6101=CARTESIAN_POINT('',(14.75,-5.,-33.25));
#6102=CARTESIAN_POINT('',(7.37500000000002,-5.,-33.25));
#6103=CARTESIAN_POINT('',(14.75,-5.,4.5));
#6104=CARTESIAN_POINT('',(14.75,-5.,2.25));
#6105=CARTESIAN_POINT('',(13.75,-5.,4.49999999999999));
#6106=CARTESIAN_POINT('',(6.87500000000001,-5.,4.49999999999999));
#6107=CARTESIAN_POINT('',(12.75,-5.,5.5));
#6108=CARTESIAN_POINT('Origin',(13.75,-5.,5.5));
#6109=CARTESIAN_POINT('',(12.75,-5.,23.5));
#6110=CARTESIAN_POINT('',(12.75,-5.,11.75));
#6111=CARTESIAN_POINT('',(13.75,-5.,24.5));
#6112=CARTESIAN_POINT('Origin',(13.75,-5.,23.5));
#6113=CARTESIAN_POINT('',(14.75,-5.,24.5));
#6114=CARTESIAN_POINT('',(7.37500000000001,-5.,24.5));
#6115=CARTESIAN_POINT('',(14.75,-5.,62.25));
#6116=CARTESIAN_POINT('',(14.75,-5.,31.125));
#6117=CARTESIAN_POINT('',(12.,-5.,62.25));
#6118=CARTESIAN_POINT('',(6.,-5.,62.25));
#6119=CARTESIAN_POINT('',(11.,-5.,63.25));
#6120=CARTESIAN_POINT('Origin',(12.,-5.,63.25));
#6121=CARTESIAN_POINT('',(11.,-5.,63.75));
#6122=CARTESIAN_POINT('',(10.9999999999979,-5.,31.8749999999996));
#6123=CARTESIAN_POINT('',(12.,-5.,64.75));
#6124=CARTESIAN_POINT('Origin',(12.,-5.,63.75));
#6125=CARTESIAN_POINT('',(20.0000000000001,-5.,64.75));
#6126=CARTESIAN_POINT('',(10.,-5.,64.75));
#6127=CARTESIAN_POINT('',(21.,-5.,63.75));
#6128=CARTESIAN_POINT('Origin',(20.,-5.,63.75));
#6129=CARTESIAN_POINT('',(21.0000000000001,-5.,63.25));
#6130=CARTESIAN_POINT('',(21.0000000000023,-5.,31.6250000000008));
#6131=CARTESIAN_POINT('',(20.0000000000001,-5.,62.25));
#6132=CARTESIAN_POINT('Origin',(20.0000000000001,-5.,63.25));
#6133=CARTESIAN_POINT('',(8.62499999999999,-5.,62.25));
#6134=CARTESIAN_POINT('',(22.5,-5.,-54.));
#6135=CARTESIAN_POINT('',(3.50000000000003,-5.,-54.));
#6136=CARTESIAN_POINT('',(1.75000000000003,-5.,-54.));
#6137=CARTESIAN_POINT('',(3.50000000000003,-5.,-56.75));
#6138=CARTESIAN_POINT('',(3.50000000000004,-5.,-28.375));
#6139=CARTESIAN_POINT('',(2.50000000000003,-5.,-57.75));
#6140=CARTESIAN_POINT('Origin',(2.50000000000003,-5.,-56.75));
#6141=CARTESIAN_POINT('',(2.,-5.,-57.75));
#6142=CARTESIAN_POINT('',(0.999999999999487,-5.,-57.75));
#6143=CARTESIAN_POINT('',(1.,-5.,-56.75));
#6144=CARTESIAN_POINT('Origin',(2.,-5.,-56.75));
#6145=CARTESIAN_POINT('',(1.,-5.,-48.75));
#6146=CARTESIAN_POINT('',(1.00000000000001,-5.,-24.375));
#6147=CARTESIAN_POINT('',(2.,-5.,-47.75));
#6148=CARTESIAN_POINT('Origin',(2.,-5.,-48.75));
#6149=CARTESIAN_POINT('',(2.50000000000003,-5.,-47.75));
#6150=CARTESIAN_POINT('',(1.25000000000044,-5.,-47.75));
#6151=CARTESIAN_POINT('',(3.50000000000003,-5.,-48.75));
#6152=CARTESIAN_POINT('Origin',(2.50000000000003,-5.,-48.75));
#6153=CARTESIAN_POINT('',(3.50000000000003,-5.,-51.5));
#6154=CARTESIAN_POINT('',(3.50000000000004,-5.,-25.75));
#6155=CARTESIAN_POINT('',(22.5,-5.,-51.5));
#6156=CARTESIAN_POINT('',(11.25,-5.,-51.5));
#6157=CARTESIAN_POINT('',(22.5,-5.,-50.5));
#6158=CARTESIAN_POINT('',(22.5,-5.,-25.25));
#6159=CARTESIAN_POINT('',(23.5,-5.,-49.5));
#6160=CARTESIAN_POINT('Origin',(23.5,-5.,-50.5));
#6161=CARTESIAN_POINT('',(31.5,-5.,-49.5));
#6162=CARTESIAN_POINT('',(15.75,-5.,-49.5));
#6163=CARTESIAN_POINT('',(32.5,-5.,-50.5));
#6164=CARTESIAN_POINT('Origin',(31.5,-5.,-50.5));
#6165=CARTESIAN_POINT('',(32.5,-5.,-55.));
#6166=CARTESIAN_POINT('',(32.5,-5.,-27.5));
#6167=CARTESIAN_POINT('',(31.5,-5.,-56.));
#6168=CARTESIAN_POINT('Origin',(31.5,-5.,-55.));
#6169=CARTESIAN_POINT('',(23.5,-5.,-56.));
#6170=CARTESIAN_POINT('',(11.75,-5.,-56.));
#6171=CARTESIAN_POINT('',(22.5,-5.,-55.));
#6172=CARTESIAN_POINT('Origin',(23.5,-5.,-55.));
#6173=CARTESIAN_POINT('',(22.5,-5.,-27.));
#6174=CARTESIAN_POINT('',(-51.3,-5.,-13.335));
#6175=CARTESIAN_POINT('Origin',(-48.3,-5.,-13.335));
#6176=CARTESIAN_POINT('Origin',(-48.3,0.,13.335));
#6177=CARTESIAN_POINT('',(-50.3,3.,13.335));
#6178=CARTESIAN_POINT('Origin',(-48.3,3.,13.335));
#6179=CARTESIAN_POINT('',(-50.3,0.,13.335));
#6180=CARTESIAN_POINT('Origin',(-8.29499999999999,-4.5,4.445));
#6181=CARTESIAN_POINT('',(-10.295,-4.,4.445));
#6182=CARTESIAN_POINT('',(-10.795,-4.5,4.445));
#6183=CARTESIAN_POINT('Origin',(-8.29499999999999,-4.,4.445));
#6184=CARTESIAN_POINT('Origin',(-8.29499999999999,0.,4.445));
#6185=CARTESIAN_POINT('',(-10.295,3.,4.445));
#6186=CARTESIAN_POINT('Origin',(-8.29499999999999,3.,4.445));
#6187=CARTESIAN_POINT('',(-10.295,0.,4.445));
#6188=CARTESIAN_POINT('Origin',(-48.3,-4.5,-13.335));
#6189=CARTESIAN_POINT('',(-50.3,-4.,-13.335));
#6190=CARTESIAN_POINT('',(-50.8,-4.5,-13.335));
#6191=CARTESIAN_POINT('Origin',(-48.3,-4.,-13.335));
#6192=CARTESIAN_POINT('Origin',(-48.3,0.,-13.335));
#6193=CARTESIAN_POINT('',(-50.3,3.,-13.335));
#6194=CARTESIAN_POINT('Origin',(-48.3,3.,-13.335));
#6195=CARTESIAN_POINT('',(-50.3,0.,-13.335));
#6196=CARTESIAN_POINT('Origin',(-54.5717967697245,-1.,-75.95));
#6197=CARTESIAN_POINT('',(-58.0358983848623,-1.,-73.95));
#6198=CARTESIAN_POINT('Origin',(-58.9019237886467,-1.,-73.45));
#6199=CARTESIAN_POINT('',(-54.5717967697245,-1.,-71.95));
#6200=CARTESIAN_POINT('Origin',(-54.5717967697245,-1.,-70.95));
#6201=CARTESIAN_POINT('Origin',(-54.5717967697245,-1.,-75.95));
#6202=CARTESIAN_POINT('Origin',(-28.75,-1.,-70.95));
#6203=CARTESIAN_POINT('',(54.5717967697245,-1.,-71.95));
#6204=CARTESIAN_POINT('Origin',(54.5717967697245,-1.,-70.95));
#6205=CARTESIAN_POINT('',(-28.75,-1.,-71.95));
#6206=CARTESIAN_POINT('Origin',(54.5717967697245,-1.,-75.95));
#6207=CARTESIAN_POINT('',(58.0358983848622,-1.,-73.95));
#6208=CARTESIAN_POINT('Origin',(58.9019237886467,-1.,-73.45));
#6209=CARTESIAN_POINT('Origin',(54.5717967697245,-1.,-75.95));
#6210=CARTESIAN_POINT('Origin',(61.5,-1.,-71.95));
#6211=CARTESIAN_POINT('',(63.5,-1.,-68.4858983848623));
#6212=CARTESIAN_POINT('Origin',(63.,-1.,-69.3519237886467));
#6213=CARTESIAN_POINT('Origin',(61.5,-1.,-71.95));
#6214=CARTESIAN_POINT('',(64.5,0.,-71.95));
#6215=CARTESIAN_POINT('Origin',(61.5,0.,-71.95));
#6216=CARTESIAN_POINT('Origin',(61.5,0.,-71.95));
#6217=CARTESIAN_POINT('Origin',(65.5,-1.,-65.0217967697245));
#6218=CARTESIAN_POINT('',(61.5,-1.,-65.0217967697245));
#6219=CARTESIAN_POINT('Origin',(60.5,-1.,-65.0217967697245));
#6220=CARTESIAN_POINT('Origin',(65.5,-1.,-65.0217967697245));
#6221=CARTESIAN_POINT('Origin',(60.5,-1.,-33.975));
#6222=CARTESIAN_POINT('',(61.5,-1.,65.0217967697245));
#6223=CARTESIAN_POINT('Origin',(60.5,-1.,65.0217967697245));
#6224=CARTESIAN_POINT('',(61.5,-1.,-33.975));
#6225=CARTESIAN_POINT('Origin',(65.5,-1.,65.0217967697245));
#6226=CARTESIAN_POINT('',(63.5,-1.,68.4858983848623));
#6227=CARTESIAN_POINT('Origin',(63.,-1.,69.3519237886467));
#6228=CARTESIAN_POINT('Origin',(65.5,-1.,65.0217967697245));
#6229=CARTESIAN_POINT('Origin',(61.5,-1.,71.95));
#6230=CARTESIAN_POINT('',(58.0358983848623,-1.,73.95));
#6231=CARTESIAN_POINT('Origin',(58.9019237886467,-1.,73.45));
#6232=CARTESIAN_POINT('Origin',(61.5,-1.,71.95));
#6233=CARTESIAN_POINT('',(64.5,0.,71.95));
#6234=CARTESIAN_POINT('Origin',(61.5,0.,71.95));
#6235=CARTESIAN_POINT('Origin',(61.5,0.,71.95));
#6236=CARTESIAN_POINT('Origin',(54.5717967697245,-1.,75.95));
#6237=CARTESIAN_POINT('',(54.5717967697245,-1.,71.95));
#6238=CARTESIAN_POINT('Origin',(54.5717967697245,-1.,70.95));
#6239=CARTESIAN_POINT('Origin',(54.5717967697245,-1.,75.95));
#6240=CARTESIAN_POINT('Origin',(28.75,-1.,70.95));
#6241=CARTESIAN_POINT('',(-54.5717967697245,-1.,71.95));
#6242=CARTESIAN_POINT('Origin',(-54.5717967697245,-1.,70.95));
#6243=CARTESIAN_POINT('',(28.75,-1.,71.95));
#6244=CARTESIAN_POINT('Origin',(-54.5717967697245,-1.,75.95));
#6245=CARTESIAN_POINT('',(-58.0358983848622,-1.,73.95));
#6246=CARTESIAN_POINT('Origin',(-58.9019237886467,-1.,73.45));
#6247=CARTESIAN_POINT('Origin',(-54.5717967697245,-1.,75.95));
#6248=CARTESIAN_POINT('Origin',(-61.5,-1.,71.95));
#6249=CARTESIAN_POINT('',(-63.5,-1.,68.4858983848623));
#6250=CARTESIAN_POINT('Origin',(-63.,-1.,69.3519237886467));
#6251=CARTESIAN_POINT('Origin',(-61.5,-1.,71.95));
#6252=CARTESIAN_POINT('Origin',(-61.5,0.,71.95));
#6253=CARTESIAN_POINT('Origin',(-65.5,-1.,65.0217967697245));
#6254=CARTESIAN_POINT('',(-61.5,-1.,65.0217967697245));
#6255=CARTESIAN_POINT('Origin',(-60.5,-1.,65.0217967697245));
#6256=CARTESIAN_POINT('Origin',(-65.5,-1.,65.0217967697245));
#6257=CARTESIAN_POINT('Origin',(-60.5,-1.,33.975));
#6258=CARTESIAN_POINT('',(-61.5,-1.,-65.0217967697245));
#6259=CARTESIAN_POINT('Origin',(-60.5,-1.,-65.0217967697245));
#6260=CARTESIAN_POINT('',(-61.5,-1.,33.975));
#6261=CARTESIAN_POINT('Origin',(-65.5,-1.,-65.0217967697245));
#6262=CARTESIAN_POINT('',(-63.5,-1.,-68.4858983848622));
#6263=CARTESIAN_POINT('Origin',(-63.,-1.,-69.3519237886467));
#6264=CARTESIAN_POINT('Origin',(-65.5,-1.,-65.0217967697245));
#6265=CARTESIAN_POINT('Origin',(-61.5,-1.,-71.95));
#6266=CARTESIAN_POINT('Origin',(-61.5,-1.,-71.95));
#6267=CARTESIAN_POINT('Origin',(-61.5,0.,-71.95));
#6268=CARTESIAN_POINT('Origin',(57.5,0.,71.95));
#6269=CARTESIAN_POINT('',(-54.5717967697245,0.,71.95));
#6270=CARTESIAN_POINT('',(54.5717967697245,0.,71.95));
#6271=CARTESIAN_POINT('Origin',(-54.5717967697245,0.,75.95));
#6272=CARTESIAN_POINT('',(-58.0358983848622,0.,73.95));
#6273=CARTESIAN_POINT('Origin',(-61.5,0.,71.95));
#6274=CARTESIAN_POINT('',(-63.5,0.,68.4858983848623));
#6275=CARTESIAN_POINT('Origin',(-65.5,0.,65.0217967697245));
#6276=CARTESIAN_POINT('',(-61.5,0.,65.0217967697245));
#6277=CARTESIAN_POINT('Origin',(-61.5,0.,67.95));
#6278=CARTESIAN_POINT('',(-61.5,0.,-65.0217967697245));
#6279=CARTESIAN_POINT('Origin',(-65.5,0.,-65.0217967697245));
#6280=CARTESIAN_POINT('',(-63.5,0.,-68.4858983848622));
#6281=CARTESIAN_POINT('Origin',(-61.5,0.,-71.95));
#6282=CARTESIAN_POINT('',(-58.0358983848623,0.,-73.95));
#6283=CARTESIAN_POINT('Origin',(-54.5717967697245,0.,-75.95));
#6284=CARTESIAN_POINT('',(-54.5717967697245,0.,-71.95));
#6285=CARTESIAN_POINT('Origin',(65.5,0.,-65.0217967697245));
#6286=CARTESIAN_POINT('',(61.5,0.,-65.0217967697245));
#6287=CARTESIAN_POINT('',(63.5,0.,-68.4858983848623));
#6288=CARTESIAN_POINT('Origin',(61.5,0.,-67.95));
#6289=CARTESIAN_POINT('',(61.5,0.,65.0217967697245));
#6290=CARTESIAN_POINT('Origin',(54.5717967697245,0.,-75.95));
#6291=CARTESIAN_POINT('',(58.0358983848622,0.,-73.95));
#6292=CARTESIAN_POINT('',(54.5717967697245,0.,-71.95));
#6293=CARTESIAN_POINT('Origin',(61.5,0.,-71.95));
#6294=CARTESIAN_POINT('Origin',(-57.5,0.,-71.95));
#6295=CARTESIAN_POINT('Origin',(54.5717967697245,0.,75.95));
#6296=CARTESIAN_POINT('',(58.0358983848623,0.,73.95));
#6297=CARTESIAN_POINT('Origin',(65.5,0.,65.0217967697245));
#6298=CARTESIAN_POINT('',(63.5,0.,68.4858983848623));
#6299=CARTESIAN_POINT('Origin',(61.5,0.,71.95));
#6300=CARTESIAN_POINT('Origin',(61.5,-1.325,71.95));
#6301=CARTESIAN_POINT('',(59.75,-1.95,71.95));
#6302=CARTESIAN_POINT('Origin',(61.5,-1.95,71.95));
#6303=CARTESIAN_POINT('',(58.5,-0.7,71.95));
#6304=CARTESIAN_POINT('',(59.125,-1.325,71.95));
#6305=CARTESIAN_POINT('',(64.5,-0.7,71.95));
#6306=CARTESIAN_POINT('Origin',(61.5,-0.7,71.95));
#6307=CARTESIAN_POINT('Origin',(61.5,-0.7,71.95));
#6308=CARTESIAN_POINT('Origin',(61.5,0.,71.95));
#6309=CARTESIAN_POINT('',(59.75,0.,71.95));
#6310=CARTESIAN_POINT('Origin',(61.5,-1.325,-71.95));
#6311=CARTESIAN_POINT('',(59.75,-1.95,-71.95));
#6312=CARTESIAN_POINT('Origin',(61.5,-1.95,-71.95));
#6313=CARTESIAN_POINT('',(58.5,-0.7,-71.95));
#6314=CARTESIAN_POINT('',(59.125,-1.325,-71.95));
#6315=CARTESIAN_POINT('',(64.5,-0.7,-71.95));
#6316=CARTESIAN_POINT('Origin',(61.5,-0.7,-71.95));
#6317=CARTESIAN_POINT('Origin',(61.5,-0.7,-71.95));
#6318=CARTESIAN_POINT('Origin',(61.5,0.,-71.95));
#6319=CARTESIAN_POINT('',(59.75,0.,-71.95));
#6320=CARTESIAN_POINT('Origin',(-61.5,-1.325,-71.95));
#6321=CARTESIAN_POINT('',(-63.25,-1.95,-71.95));
#6322=CARTESIAN_POINT('Origin',(-61.5,-1.95,-71.95));
#6323=CARTESIAN_POINT('',(-64.5,-0.7,-71.95));
#6324=CARTESIAN_POINT('',(-63.875,-1.325,-71.95));
#6325=CARTESIAN_POINT('',(-58.5,-0.7,-71.95));
#6326=CARTESIAN_POINT('Origin',(-61.5,-0.7,-71.95));
#6327=CARTESIAN_POINT('Origin',(-61.5,-0.7,-71.95));
#6328=CARTESIAN_POINT('Origin',(-61.5,0.,-71.95));
#6329=CARTESIAN_POINT('',(-63.25,0.,-71.95));
#6330=CARTESIAN_POINT('Origin',(-61.5,-1.325,71.95));
#6331=CARTESIAN_POINT('',(-63.25,-1.95,71.95));
#6332=CARTESIAN_POINT('Origin',(-61.5,-1.95,71.95));
#6333=CARTESIAN_POINT('',(-64.5,-0.7,71.95));
#6334=CARTESIAN_POINT('',(-63.875,-1.325,71.95));
#6335=CARTESIAN_POINT('',(-58.5,-0.7,71.95));
#6336=CARTESIAN_POINT('Origin',(-61.5,-0.7,71.95));
#6337=CARTESIAN_POINT('Origin',(-61.5,-0.7,71.95));
#6338=CARTESIAN_POINT('Origin',(-61.5,0.,71.95));
#6339=CARTESIAN_POINT('',(-63.25,0.,71.95));
#6340=CARTESIAN_POINT('Origin',(-48.3,0.,-13.335));
#6341=CARTESIAN_POINT('',(-51.8,3.,-13.335));
#6342=CARTESIAN_POINT('Origin',(-48.3,3.,-13.335));
#6343=CARTESIAN_POINT('',(-51.8,0.,-13.335));
#6344=CARTESIAN_POINT('Origin',(-48.3,3.,-13.335));
#6345=CARTESIAN_POINT('Origin',(-48.3,0.,13.335));
#6346=CARTESIAN_POINT('',(-51.8,3.,13.335));
#6347=CARTESIAN_POINT('Origin',(-48.3,3.,13.335));
#6348=CARTESIAN_POINT('',(-51.8,0.,13.335));
#6349=CARTESIAN_POINT('Origin',(-48.3,3.,13.335));
#6350=CARTESIAN_POINT('Origin',(-8.29499999999999,0.,4.445));
#6351=CARTESIAN_POINT('',(-11.795,3.,4.445));
#6352=CARTESIAN_POINT('Origin',(-8.29499999999999,3.,4.445));
#6353=CARTESIAN_POINT('',(-11.795,0.,4.445));
#6354=CARTESIAN_POINT('Origin',(-8.29499999999999,3.,4.445));
#6355=CARTESIAN_POINT('Origin',(22.5,0.,-51.5));
#6356=CARTESIAN_POINT('',(3.50000000000003,0.,-51.5));
#6357=CARTESIAN_POINT('',(22.5,0.,-51.5));
#6358=CARTESIAN_POINT('Origin',(22.5,0.,-50.5));
#6359=CARTESIAN_POINT('',(22.5,0.,-50.5));
#6360=CARTESIAN_POINT('Origin',(23.5,0.,-50.5));
#6361=CARTESIAN_POINT('',(23.5,0.,-49.5));
#6362=CARTESIAN_POINT('Origin',(31.5,0.,-49.5));
#6363=CARTESIAN_POINT('',(31.5,0.,-49.5));
#6364=CARTESIAN_POINT('Origin',(31.5,0.,-50.5));
#6365=CARTESIAN_POINT('',(32.5,0.,-50.5));
#6366=CARTESIAN_POINT('Origin',(32.5,0.,-55.));
#6367=CARTESIAN_POINT('',(32.5,0.,-55.));
#6368=CARTESIAN_POINT('Origin',(31.5,0.,-55.));
#6369=CARTESIAN_POINT('',(31.5,0.,-56.));
#6370=CARTESIAN_POINT('Origin',(23.5,0.,-56.));
#6371=CARTESIAN_POINT('',(23.5,0.,-56.));
#6372=CARTESIAN_POINT('Origin',(23.5,0.,-55.));
#6373=CARTESIAN_POINT('',(22.5,0.,-55.));
#6374=CARTESIAN_POINT('Origin',(22.5,0.,-54.));
#6375=CARTESIAN_POINT('',(22.5,0.,-54.));
#6376=CARTESIAN_POINT('Origin',(3.50000000000003,0.,-54.));
#6377=CARTESIAN_POINT('',(3.50000000000003,0.,-54.));
#6378=CARTESIAN_POINT('Origin',(3.50000000000003,0.,-56.75));
#6379=CARTESIAN_POINT('',(3.50000000000003,0.,-56.75));
#6380=CARTESIAN_POINT('Origin',(2.50000000000003,0.,-56.75));
#6381=CARTESIAN_POINT('',(2.50000000000003,0.,-57.75));
#6382=CARTESIAN_POINT('Origin',(2.,0.,-57.75));
#6383=CARTESIAN_POINT('',(2.,0.,-57.75));
#6384=CARTESIAN_POINT('Origin',(2.,0.,-56.75));
#6385=CARTESIAN_POINT('',(1.,0.,-56.75));
#6386=CARTESIAN_POINT('Origin',(1.,0.,-48.75));
#6387=CARTESIAN_POINT('',(1.,0.,-48.75));
#6388=CARTESIAN_POINT('Origin',(2.,0.,-48.75));
#6389=CARTESIAN_POINT('',(2.,0.,-47.75));
#6390=CARTESIAN_POINT('Origin',(2.50000000000003,0.,-47.75));
#6391=CARTESIAN_POINT('',(2.50000000000003,0.,-47.75));
#6392=CARTESIAN_POINT('Origin',(2.50000000000003,0.,-48.75));
#6393=CARTESIAN_POINT('',(3.50000000000003,0.,-48.75));
#6394=CARTESIAN_POINT('Origin',(3.50000000000003,0.,-51.5));
#6395=CARTESIAN_POINT('Origin',(14.75,0.,4.5));
#6396=CARTESIAN_POINT('',(14.75,0.,-33.25));
#6397=CARTESIAN_POINT('',(14.75,0.,4.5));
#6398=CARTESIAN_POINT('Origin',(13.75,0.,4.49999999999999));
#6399=CARTESIAN_POINT('',(13.75,0.,4.49999999999999));
#6400=CARTESIAN_POINT('Origin',(13.75,0.,5.5));
#6401=CARTESIAN_POINT('',(12.75,0.,5.5));
#6402=CARTESIAN_POINT('Origin',(12.75,0.,23.5));
#6403=CARTESIAN_POINT('',(12.75,0.,23.5));
#6404=CARTESIAN_POINT('Origin',(13.75,0.,23.5));
#6405=CARTESIAN_POINT('',(13.75,0.,24.5));
#6406=CARTESIAN_POINT('Origin',(14.75,0.,24.5));
#6407=CARTESIAN_POINT('',(14.75,0.,24.5));
#6408=CARTESIAN_POINT('Origin',(14.75,0.,62.25));
#6409=CARTESIAN_POINT('',(14.75,0.,62.25));
#6410=CARTESIAN_POINT('Origin',(12.,0.,62.25));
#6411=CARTESIAN_POINT('',(12.,0.,62.25));
#6412=CARTESIAN_POINT('Origin',(12.,0.,63.25));
#6413=CARTESIAN_POINT('',(11.,0.,63.25));
#6414=CARTESIAN_POINT('Origin',(11.,0.,63.75));
#6415=CARTESIAN_POINT('',(11.,0.,63.75));
#6416=CARTESIAN_POINT('Origin',(12.,0.,63.75));
#6417=CARTESIAN_POINT('',(12.,0.,64.75));
#6418=CARTESIAN_POINT('Origin',(20.0000000000001,0.,64.75));
#6419=CARTESIAN_POINT('',(20.0000000000001,0.,64.75));
#6420=CARTESIAN_POINT('Origin',(20.,0.,63.75));
#6421=CARTESIAN_POINT('',(21.,0.,63.75));
#6422=CARTESIAN_POINT('Origin',(21.0000000000001,0.,63.25));
#6423=CARTESIAN_POINT('',(21.0000000000001,0.,63.25));
#6424=CARTESIAN_POINT('Origin',(20.0000000000001,0.,63.25));
#6425=CARTESIAN_POINT('',(20.0000000000001,0.,62.25));
#6426=CARTESIAN_POINT('Origin',(17.25,0.,62.25));
#6427=CARTESIAN_POINT('',(17.25,0.,62.25));
#6428=CARTESIAN_POINT('Origin',(17.25,0.,24.5));
#6429=CARTESIAN_POINT('',(17.25,0.,24.5));
#6430=CARTESIAN_POINT('Origin',(18.25,0.,24.5));
#6431=CARTESIAN_POINT('',(18.25,0.,24.5));
#6432=CARTESIAN_POINT('Origin',(18.25,0.,23.5));
#6433=CARTESIAN_POINT('',(19.25,0.,23.5));
#6434=CARTESIAN_POINT('Origin',(19.25,0.,5.5));
#6435=CARTESIAN_POINT('',(19.25,0.,5.5));
#6436=CARTESIAN_POINT('Origin',(18.25,0.,5.5));
#6437=CARTESIAN_POINT('',(18.25,0.,4.49999999999999));
#6438=CARTESIAN_POINT('Origin',(17.25,0.,4.49999999999999));
#6439=CARTESIAN_POINT('',(17.25,0.,4.49999999999999));
#6440=CARTESIAN_POINT('Origin',(17.25,0.,-33.25));
#6441=CARTESIAN_POINT('',(17.25,0.,-33.25));
#6442=CARTESIAN_POINT('Origin',(20.,0.,-33.25));
#6443=CARTESIAN_POINT('',(20.,0.,-33.25));
#6444=CARTESIAN_POINT('Origin',(20.,0.,-34.25));
#6445=CARTESIAN_POINT('',(21.,0.,-34.25));
#6446=CARTESIAN_POINT('Origin',(21.,0.,-34.75));
#6447=CARTESIAN_POINT('',(21.,0.,-34.75));
#6448=CARTESIAN_POINT('Origin',(20.,0.,-34.75));
#6449=CARTESIAN_POINT('',(20.,0.,-35.75));
#6450=CARTESIAN_POINT('Origin',(12.,0.,-35.75));
#6451=CARTESIAN_POINT('',(12.,0.,-35.75));
#6452=CARTESIAN_POINT('Origin',(12.,0.,-34.75));
#6453=CARTESIAN_POINT('',(11.,0.,-34.75));
#6454=CARTESIAN_POINT('Origin',(11.,0.,-34.25));
#6455=CARTESIAN_POINT('',(11.,0.,-34.25));
#6456=CARTESIAN_POINT('Origin',(12.,0.,-34.25));
#6457=CARTESIAN_POINT('',(12.,0.,-33.25));
#6458=CARTESIAN_POINT('Origin',(14.75,0.,-33.25));
#6459=CARTESIAN_POINT('Origin',(-18.295,0.,4.335));
#6460=CARTESIAN_POINT('',(-38.3,0.,4.335));
#6461=CARTESIAN_POINT('',(-18.295,0.,4.335));
#6462=CARTESIAN_POINT('Origin',(-18.295,0.,3.335));
#6463=CARTESIAN_POINT('',(-17.295,0.,3.335));
#6464=CARTESIAN_POINT('Origin',(-17.295,0.,-8.88178419700125E-15));
#6465=CARTESIAN_POINT('',(-17.295,0.,-8.88178419700125E-15));
#6466=CARTESIAN_POINT('Origin',(0.455000000000003,0.,-8.88178419700125E-15));
#6467=CARTESIAN_POINT('',(0.455000000000002,0.,-8.88178419700125E-15));
#6468=CARTESIAN_POINT('Origin',(0.455000000000014,0.,9.50000000000001));
#6469=CARTESIAN_POINT('',(0.455000000000014,0.,9.50000000000001));
#6470=CARTESIAN_POINT('Origin',(1.45500000000001,0.,9.50000000000001));
#6471=CARTESIAN_POINT('',(1.45500000000001,0.,10.5));
#6472=CARTESIAN_POINT('Origin',(1.95500000000002,0.,10.5));
#6473=CARTESIAN_POINT('',(1.95500000000002,0.,10.5));
#6474=CARTESIAN_POINT('Origin',(1.95500000000001,0.,9.50000000000001));
#6475=CARTESIAN_POINT('',(2.95500000000001,0.,9.50000000000001));
#6476=CARTESIAN_POINT('Origin',(2.95500000000001,0.,-1.49999999999999));
#6477=CARTESIAN_POINT('',(2.95500000000001,0.,-1.49999999999999));
#6478=CARTESIAN_POINT('Origin',(1.95500000000001,0.,-1.49999999999999));
#6479=CARTESIAN_POINT('',(1.95500000000001,0.,-2.49999999999999));
#6480=CARTESIAN_POINT('Origin',(-17.295,0.,-2.50000000000001));
#6481=CARTESIAN_POINT('',(-17.295,0.,-2.50000000000001));
#6482=CARTESIAN_POINT('Origin',(-17.295,0.,-3.33500000000001));
#6483=CARTESIAN_POINT('',(-17.295,0.,-3.33500000000001));
#6484=CARTESIAN_POINT('Origin',(-18.295,0.,-3.33500000000001));
#6485=CARTESIAN_POINT('',(-18.295,0.,-4.33500000000001));
#6486=CARTESIAN_POINT('Origin',(-23.8,0.,-4.33500000000001));
#6487=CARTESIAN_POINT('',(-23.8,0.,-4.33500000000001));
#6488=CARTESIAN_POINT('Origin',(-23.8,0.,-21.435));
#6489=CARTESIAN_POINT('',(-23.8,0.,-21.435));
#6490=CARTESIAN_POINT('Origin',(-21.05,0.,-21.435));
#6491=CARTESIAN_POINT('',(-21.05,0.,-21.435));
#6492=CARTESIAN_POINT('Origin',(-21.05,0.,-22.435));
#6493=CARTESIAN_POINT('',(-20.05,0.,-22.435));
#6494=CARTESIAN_POINT('Origin',(-20.05,0.,-22.935));
#6495=CARTESIAN_POINT('',(-20.05,0.,-22.935));
#6496=CARTESIAN_POINT('Origin',(-21.05,0.,-22.935));
#6497=CARTESIAN_POINT('',(-21.05,0.,-23.935));
#6498=CARTESIAN_POINT('Origin',(-29.05,0.,-23.935));
#6499=CARTESIAN_POINT('',(-29.05,0.,-23.935));
#6500=CARTESIAN_POINT('Origin',(-29.05,0.,-22.935));
#6501=CARTESIAN_POINT('',(-30.05,0.,-22.935));
#6502=CARTESIAN_POINT('Origin',(-30.05,0.,-22.435));
#6503=CARTESIAN_POINT('',(-30.05,0.,-22.435));
#6504=CARTESIAN_POINT('Origin',(-29.05,0.,-22.435));
#6505=CARTESIAN_POINT('',(-29.05,0.,-21.435));
#6506=CARTESIAN_POINT('Origin',(-26.3,0.,-21.435));
#6507=CARTESIAN_POINT('',(-26.3,0.,-21.435));
#6508=CARTESIAN_POINT('Origin',(-26.3,0.,-4.335));
#6509=CARTESIAN_POINT('',(-26.3,0.,-4.335));
#6510=CARTESIAN_POINT('Origin',(-38.3,0.,-4.335));
#6511=CARTESIAN_POINT('',(-38.3,0.,-4.335));
#6512=CARTESIAN_POINT('Origin',(-38.3,0.,-3.335));
#6513=CARTESIAN_POINT('',(-39.3,0.,-3.335));
#6514=CARTESIAN_POINT('Origin',(-39.3,0.,3.335));
#6515=CARTESIAN_POINT('',(-39.3,0.,3.335));
#6516=CARTESIAN_POINT('Origin',(-38.3,0.,3.335));
#6517=CARTESIAN_POINT('Origin',(42.25,0.,4.49999999999999));
#6518=CARTESIAN_POINT('',(42.25,0.,-33.25));
#6519=CARTESIAN_POINT('',(42.25,0.,4.49999999999999));
#6520=CARTESIAN_POINT('Origin',(41.25,0.,4.49999999999998));
#6521=CARTESIAN_POINT('',(41.25,0.,4.49999999999998));
#6522=CARTESIAN_POINT('Origin',(41.25,0.,5.49999999999999));
#6523=CARTESIAN_POINT('',(40.25,0.,5.49999999999999));
#6524=CARTESIAN_POINT('Origin',(40.25,0.,23.5));
#6525=CARTESIAN_POINT('',(40.25,0.,23.5));
#6526=CARTESIAN_POINT('Origin',(41.25,0.,23.5));
#6527=CARTESIAN_POINT('',(41.25,0.,24.5));
#6528=CARTESIAN_POINT('Origin',(42.25,0.,24.5));
#6529=CARTESIAN_POINT('',(42.25,0.,24.5));
#6530=CARTESIAN_POINT('Origin',(42.25,0.,62.25));
#6531=CARTESIAN_POINT('',(42.25,0.,62.25));
#6532=CARTESIAN_POINT('Origin',(39.5,0.,62.25));
#6533=CARTESIAN_POINT('',(39.5,0.,62.25));
#6534=CARTESIAN_POINT('Origin',(39.5,0.,63.25));
#6535=CARTESIAN_POINT('',(38.5,0.,63.25));
#6536=CARTESIAN_POINT('Origin',(38.5,0.,63.75));
#6537=CARTESIAN_POINT('',(38.5,0.,63.75));
#6538=CARTESIAN_POINT('Origin',(39.5,0.,63.75));
#6539=CARTESIAN_POINT('',(39.5,0.,64.75));
#6540=CARTESIAN_POINT('Origin',(47.5000000000001,0.,64.75));
#6541=CARTESIAN_POINT('',(47.5000000000001,0.,64.75));
#6542=CARTESIAN_POINT('Origin',(47.5,0.,63.75));
#6543=CARTESIAN_POINT('',(48.5,0.,63.75));
#6544=CARTESIAN_POINT('Origin',(48.5000000000001,0.,63.25));
#6545=CARTESIAN_POINT('',(48.5000000000001,0.,63.25));
#6546=CARTESIAN_POINT('Origin',(47.5000000000001,0.,63.25));
#6547=CARTESIAN_POINT('',(47.5000000000001,0.,62.25));
#6548=CARTESIAN_POINT('Origin',(44.75,0.,62.25));
#6549=CARTESIAN_POINT('',(44.75,0.,62.25));
#6550=CARTESIAN_POINT('Origin',(44.75,0.,24.5));
#6551=CARTESIAN_POINT('',(44.75,0.,24.5));
#6552=CARTESIAN_POINT('Origin',(45.75,0.,24.5));
#6553=CARTESIAN_POINT('',(45.75,0.,24.5));
#6554=CARTESIAN_POINT('Origin',(45.75,0.,23.5));
#6555=CARTESIAN_POINT('',(46.75,0.,23.5));
#6556=CARTESIAN_POINT('Origin',(46.75,0.,5.49999999999999));
#6557=CARTESIAN_POINT('',(46.75,0.,5.49999999999999));
#6558=CARTESIAN_POINT('Origin',(45.75,0.,5.49999999999999));
#6559=CARTESIAN_POINT('',(45.75,0.,4.49999999999998));
#6560=CARTESIAN_POINT('Origin',(44.75,0.,4.49999999999998));
#6561=CARTESIAN_POINT('',(44.75,0.,4.49999999999998));
#6562=CARTESIAN_POINT('Origin',(44.75,0.,-33.25));
#6563=CARTESIAN_POINT('',(44.75,0.,-33.25));
#6564=CARTESIAN_POINT('Origin',(47.5,0.,-33.25));
#6565=CARTESIAN_POINT('',(47.5,0.,-33.25));
#6566=CARTESIAN_POINT('Origin',(47.5,0.,-34.25));
#6567=CARTESIAN_POINT('',(48.5,0.,-34.25));
#6568=CARTESIAN_POINT('Origin',(48.5,0.,-34.75));
#6569=CARTESIAN_POINT('',(48.5,0.,-34.75));
#6570=CARTESIAN_POINT('Origin',(47.5,0.,-34.75));
#6571=CARTESIAN_POINT('',(47.5,0.,-35.75));
#6572=CARTESIAN_POINT('Origin',(39.5,0.,-35.75));
#6573=CARTESIAN_POINT('',(39.5,0.,-35.75));
#6574=CARTESIAN_POINT('Origin',(39.5,0.,-34.75));
#6575=CARTESIAN_POINT('',(38.5,0.,-34.75));
#6576=CARTESIAN_POINT('Origin',(38.5,0.,-34.25));
#6577=CARTESIAN_POINT('',(38.5,0.,-34.25));
#6578=CARTESIAN_POINT('Origin',(39.5,0.,-34.25));
#6579=CARTESIAN_POINT('',(39.5,0.,-33.25));
#6580=CARTESIAN_POINT('Origin',(42.25,0.,-33.25));
#6581=CARTESIAN_POINT('Origin',(-19.75,0.,-66.95));
#6582=CARTESIAN_POINT('',(19.75,2.,-66.95));
#6583=CARTESIAN_POINT('',(19.75,0.,-66.95));
#6584=CARTESIAN_POINT('',(-19.75,2.,-66.95));
#6585=CARTESIAN_POINT('',(-19.75,2.,-66.95));
#6586=CARTESIAN_POINT('',(-19.75,0.,-66.95));
#6587=CARTESIAN_POINT('Origin',(-19.75,0.,-69.2));
#6588=CARTESIAN_POINT('',(-19.75,2.,-69.2));
#6589=CARTESIAN_POINT('',(-19.75,2.,-69.2));
#6590=CARTESIAN_POINT('',(-19.75,0.,-69.2));
#6591=CARTESIAN_POINT('Origin',(19.75,0.,-69.2));
#6592=CARTESIAN_POINT('',(19.75,2.,-69.2));
#6593=CARTESIAN_POINT('',(19.75,2.,-69.2));
#6594=CARTESIAN_POINT('',(19.75,0.,-69.2));
#6595=CARTESIAN_POINT('Origin',(19.75,0.,-66.95));
#6596=CARTESIAN_POINT('',(19.75,2.,-66.95));
#6597=CARTESIAN_POINT('Origin',(-1.33226762955019E-14,2.,-68.075));
#6598=CARTESIAN_POINT('Origin',(-19.75,0.,66.95));
#6599=CARTESIAN_POINT('',(-19.75,2.,69.2));
#6600=CARTESIAN_POINT('',(-19.75,0.,69.2));
#6601=CARTESIAN_POINT('',(-19.75,2.,66.95));
#6602=CARTESIAN_POINT('',(-19.75,2.,66.95));
#6603=CARTESIAN_POINT('',(-19.75,0.,66.95));
#6604=CARTESIAN_POINT('Origin',(19.75,0.,66.95));
#6605=CARTESIAN_POINT('',(19.75,2.,66.95));
#6606=CARTESIAN_POINT('',(19.75,2.,66.95));
#6607=CARTESIAN_POINT('',(19.75,0.,66.95));
#6608=CARTESIAN_POINT('Origin',(19.75,0.,69.2));
#6609=CARTESIAN_POINT('',(19.75,2.,69.2));
#6610=CARTESIAN_POINT('',(19.75,2.,69.2));
#6611=CARTESIAN_POINT('',(19.75,0.,69.2));
#6612=CARTESIAN_POINT('Origin',(-19.75,0.,69.2));
#6613=CARTESIAN_POINT('',(-19.75,2.,69.2));
#6614=CARTESIAN_POINT('Origin',(4.44089209850063E-15,2.,68.075));
#6615=CARTESIAN_POINT('Origin',(-61.5,0.,-71.95));
#6616=CARTESIAN_POINT('',(-58.5,0.,-71.95));
#6617=CARTESIAN_POINT('Origin',(61.5,0.,-71.95));
#6618=CARTESIAN_POINT('',(64.5,0.,-71.95));
#6619=CARTESIAN_POINT('Origin',(-61.5,0.,71.95));
#6620=CARTESIAN_POINT('',(-58.5,0.,71.95));
#6621=CARTESIAN_POINT('Origin',(61.5,0.,71.95));
#6622=CARTESIAN_POINT('',(64.5,0.,71.95));
#6623=UNCERTAINTY_MEASURE_WITH_UNIT(LENGTH_MEASURE(0.01),#6627,
'DISTANCE_ACCURACY_VALUE',
'Maximum model space distance between geometric entities at asserted c
onnectivities');
#6624=UNCERTAINTY_MEASURE_WITH_UNIT(LENGTH_MEASURE(0.01),#6627,
'DISTANCE_ACCURACY_VALUE',
'Maximum model space distance between geometric entities at asserted c
onnectivities');
#6625=(
GEOMETRIC_REPRESENTATION_CONTEXT(3)
GLOBAL_UNCERTAINTY_ASSIGNED_CONTEXT((#6623))
GLOBAL_UNIT_ASSIGNED_CONTEXT((#6627,#6629,#6630))
REPRESENTATION_CONTEXT('','3D')
);
#6626=(
GEOMETRIC_REPRESENTATION_CONTEXT(3)
GLOBAL_UNCERTAINTY_ASSIGNED_CONTEXT((#6624))
GLOBAL_UNIT_ASSIGNED_CONTEXT((#6627,#6629,#6630))
REPRESENTATION_CONTEXT('','3D')
);
#6627=(
LENGTH_UNIT()
NAMED_UNIT(*)
SI_UNIT(.MILLI.,.METRE.)
);
#6628=(
LENGTH_UNIT()
NAMED_UNIT(*)
SI_UNIT(.CENTI.,.METRE.)
);
#6629=(
NAMED_UNIT(*)
PLANE_ANGLE_UNIT()
SI_UNIT($,.RADIAN.)
);
#6630=(
NAMED_UNIT(*)
SI_UNIT($,.STERADIAN.)
SOLID_ANGLE_UNIT()
);
#6631=SHAPE_DEFINITION_REPRESENTATION(#6632,#6633);
#6632=PRODUCT_DEFINITION_SHAPE('',$,#6635);
#6633=SHAPE_REPRESENTATION('',(#3890),#6625);
#6634=PRODUCT_DEFINITION_CONTEXT('part definition',#6639,'design');
#6635=PRODUCT_DEFINITION('Aufbau','Aufbau',#6636,#6634);
#6636=PRODUCT_DEFINITION_FORMATION('',$,#6641);
#6637=PRODUCT_RELATED_PRODUCT_CATEGORY('Aufbau','Aufbau',(#6641));
#6638=APPLICATION_PROTOCOL_DEFINITION('international standard',
'automotive_design',2009,#6639);
#6639=APPLICATION_CONTEXT(
'Core Data for Automotive Mechanical Design Process');
#6640=PRODUCT_CONTEXT('part definition',#6639,'mechanical');
#6641=PRODUCT('Aufbau','Aufbau',$,(#6640));
#6642=PRESENTATION_STYLE_ASSIGNMENT((#6643));
#6643=SURFACE_STYLE_USAGE(.BOTH.,#6646);
#6644=SURFACE_STYLE_RENDERING_WITH_PROPERTIES($,#6650,(#6645));
#6645=SURFACE_STYLE_TRANSPARENT(0.);
#6646=SURFACE_SIDE_STYLE('',(#6647,#6644));
#6647=SURFACE_STYLE_FILL_AREA(#6648);
#6648=FILL_AREA_STYLE('',(#6649));
#6649=FILL_AREA_STYLE_COLOUR('',#6650);
#6650=COLOUR_RGB('',0.250980392156863,0.250980392156863,0.250980392156863);
ENDSEC;
END-ISO-10303-21;
