ISO-10303-21;
HEADER;
/* Generated by software containing ST-Developer
 * from STEP Tools, Inc. (www.steptools.com) 
 */

FILE_DESCRIPTION(
/* description */ (''),
/* implementation_level */ '2;1');

FILE_NAME(
/* name */ 'Deckel.stp',
/* time_stamp */ '2026-07-17T09:34:18+02:00',
/* author */ ('PascalHelfenstein'),
/* organization */ (''),
/* preprocessor_version */ 'ST-DEVELOPER v20.1',
/* originating_system */ 'Autodesk Inventor 2027',
/* authorisation */ '');

FILE_SCHEMA (('AUTOMOTIVE_DESIGN { 1 0 10303 214 3 1 1 }'));
ENDSEC;

DATA;
#10=MECHANICAL_DESIGN_GEOMETRIC_PRESENTATION_REPRESENTATION('',(#13),#16394);
#11=SHAPE_REPRESENTATION_RELATIONSHIP('SRR','None',#16401,#12);
#12=ADVANCED_BREP_SHAPE_REPRESENTATION('',(#14),#16393);
#13=STYLED_ITEM('',(#16410),#14);
#14=MANIFOLD_SOLID_BREP('Volumenk\X\F6rper1',#7821);
#15=B_SPLINE_SURFACE_WITH_KNOTS('',3,1,((#11924,#11925),(#11926,#11927),
(#11928,#11929),(#11930,#11931),(#11932,#11933),(#11934,#11935),(#11936,
#11937),(#11938,#11939),(#11940,#11941),(#11942,#11943),(#11944,#11945),
(#11946,#11947),(#11948,#11949),(#11950,#11951),(#11952,#11953),(#11954,
#11955),(#11956,#11957),(#11958,#11959),(#11960,#11961),(#11962,#11963),
(#11964,#11965),(#11966,#11967),(#11968,#11969),(#11970,#11971),(#11972,
#11973),(#11974,#11975),(#11976,#11977),(#11978,#11979)),.UNSPECIFIED.,
 .F.,.F.,.F.,(4,3,3,3,3,3,3,3,3,4),(2,2),(-9.,-8.,-7.,-6.,-5.,-4.,-3.,-2.,
-1.,0.),(0.,0.002),.UNSPECIFIED.);
#16=B_SPLINE_SURFACE_WITH_KNOTS('',3,1,((#12048,#12049),(#12050,#12051),
(#12052,#12053),(#12054,#12055),(#12056,#12057),(#12058,#12059),(#12060,
#12061)),.UNSPECIFIED.,.F.,.F.,.F.,(4,3,4),(2,2),(-11.,-10.,-9.),(0.,0.002),
 .UNSPECIFIED.);
#17=B_SPLINE_SURFACE_WITH_KNOTS('',3,1,((#12077,#12078),(#12079,#12080),
(#12081,#12082),(#12083,#12084)),.UNSPECIFIED.,.F.,.F.,.F.,(4,4),(2,2),
(-6.,-5.),(0.,0.002),.UNSPECIFIED.);
#18=B_SPLINE_SURFACE_WITH_KNOTS('',3,1,((#12105,#12106),(#12107,#12108),
(#12109,#12110),(#12111,#12112)),.UNSPECIFIED.,.F.,.F.,.F.,(4,4),(2,2),
(-4.,-3.),(0.,0.002),.UNSPECIFIED.);
#19=B_SPLINE_SURFACE_WITH_KNOTS('',3,1,((#12135,#12136),(#12137,#12138),
(#12139,#12140),(#12141,#12142),(#12143,#12144),(#12145,#12146),(#12147,
#12148)),.UNSPECIFIED.,.F.,.F.,.F.,(4,3,4),(2,2),(-2.,-1.,0.),(0.,0.002),
 .UNSPECIFIED.);
#20=B_SPLINE_SURFACE_WITH_KNOTS('',3,1,((#12214,#12215),(#12216,#12217),
(#12218,#12219),(#12220,#12221),(#12222,#12223),(#12224,#12225),(#12226,
#12227)),.UNSPECIFIED.,.F.,.F.,.F.,(4,3,4),(2,2),(-2.,-1.,0.),(0.,0.002),
 .UNSPECIFIED.);
#21=B_SPLINE_SURFACE_WITH_KNOTS('',3,1,((#12239,#12240),(#12241,#12242),
(#12243,#12244),(#12245,#12246),(#12247,#12248),(#12249,#12250),(#12251,
#12252),(#12253,#12254),(#12255,#12256),(#12257,#12258),(#12259,#12260),
(#12261,#12262),(#12263,#12264),(#12265,#12266),(#12267,#12268),(#12269,
#12270),(#12271,#12272),(#12273,#12274),(#12275,#12276),(#12277,#12278),
(#12279,#12280),(#12281,#12282),(#12283,#12284),(#12285,#12286),(#12287,
#12288),(#12289,#12290),(#12291,#12292),(#12293,#12294),(#12295,#12296),
(#12297,#12298),(#12299,#12300),(#12301,#12302),(#12303,#12304),(#12305,
#12306),(#12307,#12308),(#12309,#12310),(#12311,#12312),(#12313,#12314),
(#12315,#12316),(#12317,#12318)),.UNSPECIFIED.,.F.,.F.,.F.,(4,3,3,3,3,3,
3,3,3,3,3,3,3,4),(2,2),(-33.,-32.,-31.,-30.,-29.,-28.,-27.,-26.,-25.,-24.,
-23.,-22.,-21.,-20.),(0.,0.002),.UNSPECIFIED.);
#22=B_SPLINE_SURFACE_WITH_KNOTS('',3,1,((#12365,#12366),(#12367,#12368),
(#12369,#12370),(#12371,#12372),(#12373,#12374),(#12375,#12376),(#12377,
#12378),(#12379,#12380),(#12381,#12382),(#12383,#12384),(#12385,#12386),
(#12387,#12388),(#12389,#12390),(#12391,#12392),(#12393,#12394),(#12395,
#12396),(#12397,#12398),(#12399,#12400),(#12401,#12402),(#12403,#12404),
(#12405,#12406),(#12407,#12408),(#12409,#12410),(#12411,#12412),(#12413,
#12414),(#12415,#12416),(#12417,#12418),(#12419,#12420),(#12421,#12422),
(#12423,#12424),(#12425,#12426),(#12427,#12428),(#12429,#12430),(#12431,
#12432),(#12433,#12434),(#12435,#12436),(#12437,#12438),(#12439,#12440),
(#12441,#12442),(#12443,#12444),(#12445,#12446),(#12447,#12448),(#12449,
#12450),(#12451,#12452),(#12453,#12454),(#12455,#12456),(#12457,#12458),
(#12459,#12460),(#12461,#12462)),.UNSPECIFIED.,.F.,.F.,.F.,(4,3,3,3,3,3,
3,3,3,3,3,3,3,3,3,3,4),(2,2),(-19.,-18.,-17.,-16.,-15.,-14.,-13.,-12.,-11.,
-10.,-9.,-8.,-7.,-6.,-5.,-4.,-3.),(0.,0.002),.UNSPECIFIED.);
#23=B_SPLINE_SURFACE_WITH_KNOTS('',3,1,((#12517,#12518),(#12519,#12520),
(#12521,#12522),(#12523,#12524),(#12525,#12526),(#12527,#12528),(#12529,
#12530),(#12531,#12532),(#12533,#12534),(#12535,#12536),(#12537,#12538),
(#12539,#12540),(#12541,#12542),(#12543,#12544),(#12545,#12546),(#12547,
#12548),(#12549,#12550),(#12551,#12552),(#12553,#12554),(#12555,#12556),
(#12557,#12558),(#12559,#12560),(#12561,#12562),(#12563,#12564),(#12565,
#12566),(#12567,#12568),(#12569,#12570),(#12571,#12572),(#12573,#12574),
(#12575,#12576),(#12577,#12578),(#12579,#12580),(#12581,#12582),(#12583,
#12584),(#12585,#12586),(#12587,#12588),(#12589,#12590)),.UNSPECIFIED.,
 .F.,.F.,.F.,(4,3,3,3,3,3,3,3,3,3,3,3,4),(2,2),(-23.,-22.,-21.,-20.,-19.,
-18.,-17.,-16.,-15.,-14.,-13.,-12.,-11.),(0.,0.002),.UNSPECIFIED.);
#24=B_SPLINE_SURFACE_WITH_KNOTS('',3,1,((#12636,#12637),(#12638,#12639),
(#12640,#12641),(#12642,#12643),(#12644,#12645),(#12646,#12647),(#12648,
#12649),(#12650,#12651),(#12652,#12653),(#12654,#12655),(#12656,#12657),
(#12658,#12659),(#12660,#12661),(#12662,#12663),(#12664,#12665),(#12666,
#12667),(#12668,#12669),(#12670,#12671),(#12672,#12673),(#12674,#12675),
(#12676,#12677),(#12678,#12679),(#12680,#12681),(#12682,#12683),(#12684,
#12685),(#12686,#12687),(#12688,#12689),(#12690,#12691),(#12692,#12693),
(#12694,#12695),(#12696,#12697)),.UNSPECIFIED.,.F.,.F.,.F.,(4,3,3,3,3,3,
3,3,3,3,4),(2,2),(-10.,-9.,-8.,-7.,-6.,-5.,-4.,-3.,-2.,-1.,0.),(0.,0.002),
 .UNSPECIFIED.);
#25=B_SPLINE_SURFACE_WITH_KNOTS('',3,1,((#12731,#12732),(#12733,#12734),
(#12735,#12736),(#12737,#12738),(#12739,#12740),(#12741,#12742),(#12743,
#12744)),.UNSPECIFIED.,.F.,.F.,.F.,(4,3,4),(2,2),(-26.,-25.,-24.),(0.,0.002),
 .UNSPECIFIED.);
#26=B_SPLINE_SURFACE_WITH_KNOTS('',3,1,((#12757,#12758),(#12759,#12760),
(#12761,#12762),(#12763,#12764),(#12765,#12766),(#12767,#12768),(#12769,
#12770),(#12771,#12772),(#12773,#12774),(#12775,#12776),(#12777,#12778),
(#12779,#12780),(#12781,#12782),(#12783,#12784),(#12785,#12786),(#12787,
#12788),(#12789,#12790),(#12791,#12792),(#12793,#12794)),.UNSPECIFIED.,
 .F.,.F.,.F.,(4,3,3,3,3,3,4),(2,2),(-6.99976677755149,-6.,-5.,-4.,-3.,-2.,
-1.),(0.,0.002),.UNSPECIFIED.);
#27=B_SPLINE_SURFACE_WITH_KNOTS('',3,1,((#12868,#12869),(#12870,#12871),
(#12872,#12873),(#12874,#12875),(#12876,#12877),(#12878,#12879),(#12880,
#12881),(#12882,#12883),(#12884,#12885),(#12886,#12887),(#12888,#12889),
(#12890,#12891),(#12892,#12893),(#12894,#12895),(#12896,#12897),(#12898,
#12899),(#12900,#12901),(#12902,#12903),(#12904,#12905),(#12906,#12907),
(#12908,#12909),(#12910,#12911),(#12912,#12913),(#12914,#12915),(#12916,
#12917)),.UNSPECIFIED.,.F.,.F.,.F.,(4,3,3,3,3,3,3,3,4),(2,2),(-9.,-8.,-7.,
-6.,-5.,-4.,-3.,-2.,-1.),(0.,0.002),.UNSPECIFIED.);
#28=B_SPLINE_SURFACE_WITH_KNOTS('',3,1,((#12981,#12982),(#12983,#12984),
(#12985,#12986),(#12987,#12988),(#12989,#12990),(#12991,#12992),(#12993,
#12994),(#12995,#12996),(#12997,#12998),(#12999,#13000),(#13001,#13002),
(#13003,#13004),(#13005,#13006),(#13007,#13008),(#13009,#13010),(#13011,
#13012),(#13013,#13014),(#13015,#13016),(#13017,#13018),(#13019,#13020),
(#13021,#13022),(#13023,#13024),(#13025,#13026),(#13027,#13028),(#13029,
#13030),(#13031,#13032),(#13033,#13034),(#13035,#13036),(#13037,#13038),
(#13039,#13040),(#13041,#13042),(#13043,#13044),(#13045,#13046),(#13047,
#13048),(#13049,#13050),(#13051,#13052),(#13053,#13054)),.UNSPECIFIED.,
 .F.,.F.,.F.,(4,3,3,3,3,3,3,3,3,3,3,3,4),(2,2),(-23.,-22.,-21.,-20.,-19.,
-18.,-17.,-16.,-15.,-14.,-13.,-12.,-11.),(0.,0.002),.UNSPECIFIED.);
#29=B_SPLINE_SURFACE_WITH_KNOTS('',3,1,((#13100,#13101),(#13102,#13103),
(#13104,#13105),(#13106,#13107),(#13108,#13109),(#13110,#13111),(#13112,
#13113),(#13114,#13115),(#13116,#13117),(#13118,#13119),(#13120,#13121),
(#13122,#13123),(#13124,#13125),(#13126,#13127),(#13128,#13129),(#13130,
#13131),(#13132,#13133),(#13134,#13135),(#13136,#13137),(#13138,#13139),
(#13140,#13141),(#13142,#13143),(#13144,#13145),(#13146,#13147),(#13148,
#13149),(#13150,#13151),(#13152,#13153),(#13154,#13155),(#13156,#13157),
(#13158,#13159),(#13160,#13161)),.UNSPECIFIED.,.F.,.F.,.F.,(4,3,3,3,3,3,
3,3,3,3,4),(2,2),(-10.,-9.,-8.,-7.,-6.,-5.,-4.,-3.,-2.,-1.,0.),(0.,0.002),
 .UNSPECIFIED.);
#30=B_SPLINE_SURFACE_WITH_KNOTS('',3,1,((#13195,#13196),(#13197,#13198),
(#13199,#13200),(#13201,#13202),(#13203,#13204),(#13205,#13206),(#13207,
#13208)),.UNSPECIFIED.,.F.,.F.,.F.,(4,3,4),(2,2),(-26.,-25.,-24.),(0.,0.002),
 .UNSPECIFIED.);
#31=B_SPLINE_SURFACE_WITH_KNOTS('',3,1,((#13221,#13222),(#13223,#13224),
(#13225,#13226),(#13227,#13228),(#13229,#13230),(#13231,#13232),(#13233,
#13234),(#13235,#13236),(#13237,#13238),(#13239,#13240)),.UNSPECIFIED.,
 .F.,.F.,.F.,(4,3,3,4),(2,2),(-14.,-13.,-12.,-11.),(0.,0.002),
 .UNSPECIFIED.);
#32=B_SPLINE_SURFACE_WITH_KNOTS('',3,1,((#13255,#13256),(#13257,#13258),
(#13259,#13260),(#13261,#13262)),.UNSPECIFIED.,.F.,.F.,.F.,(4,4),(2,2),
(-1.,0.),(0.,0.002),.UNSPECIFIED.);
#33=B_SPLINE_SURFACE_WITH_KNOTS('',3,1,((#13281,#13282),(#13283,#13284),
(#13285,#13286),(#13287,#13288),(#13289,#13290),(#13291,#13292),(#13293,
#13294),(#13295,#13296),(#13297,#13298),(#13299,#13300),(#13301,#13302),
(#13303,#13304),(#13305,#13306)),.UNSPECIFIED.,.F.,.F.,.F.,(4,3,3,3,4),
(2,2),(-8.,-7.,-6.,-5.,-4.),(0.,0.002),.UNSPECIFIED.);
#34=B_SPLINE_SURFACE_WITH_KNOTS('',3,1,((#13333,#13334),(#13335,#13336),
(#13337,#13338),(#13339,#13340)),.UNSPECIFIED.,.F.,.F.,.F.,(4,4),(2,2),
(-5.,-4.),(0.,0.002),.UNSPECIFIED.);
#35=B_SPLINE_SURFACE_WITH_KNOTS('',3,1,((#13349,#13350),(#13351,#13352),
(#13353,#13354),(#13355,#13356),(#13357,#13358),(#13359,#13360),(#13361,
#13362),(#13363,#13364),(#13365,#13366),(#13367,#13368)),.UNSPECIFIED.,
 .F.,.F.,.F.,(4,3,3,4),(2,2),(-8.,-7.,-6.,-5.),(0.,0.002),.UNSPECIFIED.);
#36=B_SPLINE_SURFACE_WITH_KNOTS('',3,1,((#13381,#13382),(#13383,#13384),
(#13385,#13386),(#13387,#13388)),.UNSPECIFIED.,.F.,.F.,.F.,(4,4),(2,2),
(-8.99996825665181,-8.),(0.,0.002),.UNSPECIFIED.);
#37=B_SPLINE_SURFACE_WITH_KNOTS('',3,1,((#13424,#13425),(#13426,#13427),
(#13428,#13429),(#13430,#13431)),.UNSPECIFIED.,.F.,.F.,.F.,(4,4),(2,2),
(-16.,-15.),(0.,0.002),.UNSPECIFIED.);
#38=B_SPLINE_SURFACE_WITH_KNOTS('',3,1,((#13438,#13439),(#13440,#13441),
(#13442,#13443),(#13444,#13445),(#13446,#13447),(#13448,#13449),(#13450,
#13451)),.UNSPECIFIED.,.F.,.F.,.F.,(4,3,4),(2,2),(-18.,-17.,-16.),(0.,0.002),
 .UNSPECIFIED.);
#39=B_SPLINE_SURFACE_WITH_KNOTS('',3,1,((#13461,#13462),(#13463,#13464),
(#13465,#13466),(#13467,#13468)),.UNSPECIFIED.,.F.,.F.,.F.,(4,4),(2,2),
(-19.,-18.),(0.,0.002),.UNSPECIFIED.);
#40=B_SPLINE_SURFACE_WITH_KNOTS('',3,1,((#13487,#13488),(#13489,#13490),
(#13491,#13492),(#13493,#13494),(#13495,#13496),(#13497,#13498),(#13499,
#13500)),.UNSPECIFIED.,.F.,.F.,.F.,(4,3,4),(2,2),(-24.,-23.,-22.),(0.,0.002),
 .UNSPECIFIED.);
#41=B_SPLINE_SURFACE_WITH_KNOTS('',3,1,((#13510,#13511),(#13512,#13513),
(#13514,#13515),(#13516,#13517),(#13518,#13519),(#13520,#13521),(#13522,
#13523)),.UNSPECIFIED.,.F.,.F.,.F.,(4,3,4),(2,2),(-26.,-25.,-24.),(0.,0.002),
 .UNSPECIFIED.);
#42=B_SPLINE_SURFACE_WITH_KNOTS('',3,1,((#13533,#13534),(#13535,#13536),
(#13537,#13538),(#13539,#13540)),.UNSPECIFIED.,.F.,.F.,.F.,(4,4),(2,2),
(-27.,-26.),(0.,0.002),.UNSPECIFIED.);
#43=B_SPLINE_SURFACE_WITH_KNOTS('',3,1,((#13559,#13560),(#13561,#13562),
(#13563,#13564),(#13565,#13566),(#13567,#13568),(#13569,#13570),(#13571,
#13572)),.UNSPECIFIED.,.F.,.F.,.F.,(4,3,4),(2,2),(-32.,-31.,-30.),(0.,0.002),
 .UNSPECIFIED.);
#44=B_SPLINE_SURFACE_WITH_KNOTS('',3,1,((#13582,#13583),(#13584,#13585),
(#13586,#13587),(#13588,#13589),(#13590,#13591),(#13592,#13593),(#13594,
#13595),(#13596,#13597),(#13598,#13599),(#13600,#13601)),.UNSPECIFIED.,
 .F.,.F.,.F.,(4,3,3,4),(2,2),(-3.,-2.,-1.,0.),(0.,0.002),.UNSPECIFIED.);
#45=B_SPLINE_SURFACE_WITH_KNOTS('',3,1,((#13614,#13615),(#13616,#13617),
(#13618,#13619),(#13620,#13621)),.UNSPECIFIED.,.F.,.F.,.F.,(4,4),(2,2),
(-4.,-3.),(0.,0.002),.UNSPECIFIED.);
#46=B_SPLINE_SURFACE_WITH_KNOTS('',3,1,((#13627,#13628),(#13629,#13630),
(#13631,#13632),(#13633,#13634)),.UNSPECIFIED.,.F.,.F.,.F.,(4,4),(2,2),
(-9.9999307940668,-9.),(0.,0.002),.UNSPECIFIED.);
#47=B_SPLINE_SURFACE_WITH_KNOTS('',3,1,((#13663,#13664),(#13665,#13666),
(#13667,#13668),(#13669,#13670)),.UNSPECIFIED.,.F.,.F.,.F.,(4,4),(2,2),
(-1.,-7.43936325082953E-5),(0.,0.002),.UNSPECIFIED.);
#48=B_SPLINE_SURFACE_WITH_KNOTS('',3,1,((#13677,#13678),(#13679,#13680),
(#13681,#13682),(#13683,#13684),(#13685,#13686),(#13687,#13688),(#13689,
#13690),(#13691,#13692),(#13693,#13694),(#13695,#13696)),.UNSPECIFIED.,
 .F.,.F.,.F.,(4,3,3,4),(2,2),(-4.,-3.,-2.,-1.),(0.,0.002),.UNSPECIFIED.);
#49=B_SPLINE_SURFACE_WITH_KNOTS('',3,1,((#13709,#13710),(#13711,#13712),
(#13713,#13714),(#13715,#13716),(#13717,#13718),(#13719,#13720),(#13721,
#13722)),.UNSPECIFIED.,.F.,.F.,.F.,(4,3,4),(2,2),(-6.,-5.,-4.),(0.,0.002),
 .UNSPECIFIED.);
#50=B_SPLINE_SURFACE_WITH_KNOTS('',3,1,((#13741,#13742),(#13743,#13744),
(#13745,#13746),(#13747,#13748),(#13749,#13750),(#13751,#13752),(#13753,
#13754)),.UNSPECIFIED.,.F.,.F.,.F.,(4,3,4),(2,2),(-9.,-8.,-7.),(0.,0.002),
 .UNSPECIFIED.);
#51=B_SPLINE_SURFACE_WITH_KNOTS('',3,1,((#13763,#13764),(#13765,#13766),
(#13767,#13768),(#13769,#13770),(#13771,#13772),(#13773,#13774),(#13775,
#13776),(#13777,#13778),(#13779,#13780),(#13781,#13782),(#13783,#13784),
(#13785,#13786),(#13787,#13788)),.UNSPECIFIED.,.F.,.F.,.F.,(4,3,3,3,4),
(2,2),(-6.,-5.,-4.,-3.,-2.),(0.,0.002),.UNSPECIFIED.);
#52=B_SPLINE_SURFACE_WITH_KNOTS('',3,1,((#13822,#13823),(#13824,#13825),
(#13826,#13827),(#13828,#13829),(#13830,#13831),(#13832,#13833),(#13834,
#13835),(#13836,#13837),(#13838,#13839),(#13840,#13841),(#13842,#13843),
(#13844,#13845),(#13846,#13847)),.UNSPECIFIED.,.F.,.F.,.F.,(4,3,3,3,4),
(2,2),(-14.,-13.,-12.,-11.,-10.),(0.,0.002),.UNSPECIFIED.);
#53=B_SPLINE_SURFACE_WITH_KNOTS('',3,1,((#13923,#13924),(#13925,#13926),
(#13927,#13928),(#13929,#13930),(#13931,#13932),(#13933,#13934),(#13935,
#13936)),.UNSPECIFIED.,.F.,.F.,.F.,(4,3,4),(2,2),(-2.,-1.,0.),(0.,0.002),
 .UNSPECIFIED.);
#54=B_SPLINE_SURFACE_WITH_KNOTS('',3,1,((#13948,#13949),(#13950,#13951),
(#13952,#13953),(#13954,#13955),(#13956,#13957),(#13958,#13959),(#13960,
#13961),(#13962,#13963),(#13964,#13965),(#13966,#13967),(#13968,#13969),
(#13970,#13971),(#13972,#13973),(#13974,#13975),(#13976,#13977),(#13978,
#13979),(#13980,#13981),(#13982,#13983),(#13984,#13985),(#13986,#13987),
(#13988,#13989),(#13990,#13991),(#13992,#13993),(#13994,#13995),(#13996,
#13997),(#13998,#13999),(#14000,#14001),(#14002,#14003),(#14004,#14005),
(#14006,#14007),(#14008,#14009),(#14010,#14011),(#14012,#14013),(#14014,
#14015),(#14016,#14017),(#14018,#14019),(#14020,#14021),(#14022,#14023),
(#14024,#14025),(#14026,#14027)),.UNSPECIFIED.,.F.,.F.,.F.,(4,3,3,3,3,3,
3,3,3,3,3,3,3,4),(2,2),(-33.,-32.,-31.,-30.,-29.,-28.,-27.,-26.,-25.,-24.,
-23.,-22.,-21.,-20.),(0.,0.002),.UNSPECIFIED.);
#55=B_SPLINE_SURFACE_WITH_KNOTS('',3,1,((#14074,#14075),(#14076,#14077),
(#14078,#14079),(#14080,#14081),(#14082,#14083),(#14084,#14085),(#14086,
#14087),(#14088,#14089),(#14090,#14091),(#14092,#14093),(#14094,#14095),
(#14096,#14097),(#14098,#14099),(#14100,#14101),(#14102,#14103),(#14104,
#14105),(#14106,#14107),(#14108,#14109),(#14110,#14111),(#14112,#14113),
(#14114,#14115),(#14116,#14117),(#14118,#14119),(#14120,#14121),(#14122,
#14123),(#14124,#14125),(#14126,#14127),(#14128,#14129),(#14130,#14131),
(#14132,#14133),(#14134,#14135),(#14136,#14137),(#14138,#14139),(#14140,
#14141),(#14142,#14143),(#14144,#14145),(#14146,#14147),(#14148,#14149),
(#14150,#14151),(#14152,#14153),(#14154,#14155),(#14156,#14157),(#14158,
#14159),(#14160,#14161),(#14162,#14163),(#14164,#14165),(#14166,#14167),
(#14168,#14169),(#14170,#14171)),.UNSPECIFIED.,.F.,.F.,.F.,(4,3,3,3,3,3,
3,3,3,3,3,3,3,3,3,3,4),(2,2),(-19.,-18.,-17.,-16.,-15.,-14.,-13.,-12.,-11.,
-10.,-9.,-8.,-7.,-6.,-5.,-4.,-3.),(0.,0.002),.UNSPECIFIED.);
#56=B_SPLINE_SURFACE_WITH_KNOTS('',3,1,((#14378,#14379),(#14380,#14381),
(#14382,#14383),(#14384,#14385),(#14386,#14387),(#14388,#14389),(#14390,
#14391),(#14392,#14393),(#14394,#14395),(#14396,#14397)),.UNSPECIFIED.,
 .F.,.F.,.F.,(4,3,3,4),(2,2),(-18.,-17.,-16.,-15.),(0.,0.002),
 .UNSPECIFIED.);
#57=B_SPLINE_SURFACE_WITH_KNOTS('',3,1,((#14424,#14425),(#14426,#14427),
(#14428,#14429),(#14430,#14431),(#14432,#14433),(#14434,#14435),(#14436,
#14437),(#14438,#14439),(#14440,#14441),(#14442,#14443),(#14444,#14445),
(#14446,#14447),(#14448,#14449),(#14450,#14451),(#14452,#14453),(#14454,
#14455),(#14456,#14457),(#14458,#14459),(#14460,#14461)),.UNSPECIFIED.,
 .F.,.F.,.F.,(4,3,3,3,3,3,4),(2,2),(-12.,-11.,-10.,-9.,-8.,-7.,-6.),(0.,
0.002),.UNSPECIFIED.);
#58=B_SPLINE_SURFACE_WITH_KNOTS('',3,1,((#14495,#14496),(#14497,#14498),
(#14499,#14500),(#14501,#14502),(#14503,#14504),(#14505,#14506),(#14507,
#14508),(#14509,#14510),(#14511,#14512),(#14513,#14514)),.UNSPECIFIED.,
 .F.,.F.,.F.,(4,3,3,4),(2,2),(-3.,-2.,-1.,0.),(0.,0.002),.UNSPECIFIED.);
#59=B_SPLINE_SURFACE_WITH_KNOTS('',3,1,((#14649,#14650),(#14651,#14652),
(#14653,#14654),(#14655,#14656),(#14657,#14658),(#14659,#14660),(#14661,
#14662),(#14663,#14664),(#14665,#14666),(#14667,#14668),(#14669,#14670),
(#14671,#14672),(#14673,#14674),(#14675,#14676),(#14677,#14678),(#14679,
#14680),(#14681,#14682),(#14683,#14684),(#14685,#14686),(#14687,#14688),
(#14689,#14690),(#14691,#14692),(#14693,#14694),(#14695,#14696),(#14697,
#14698),(#14699,#14700),(#14701,#14702),(#14703,#14704),(#14705,#14706),
(#14707,#14708),(#14709,#14710),(#14711,#14712),(#14713,#14714),(#14715,
#14716),(#14717,#14718),(#14719,#14720),(#14721,#14722),(#14723,#14724),
(#14725,#14726),(#14727,#14728),(#14729,#14730),(#14731,#14732),(#14733,
#14734)),.UNSPECIFIED.,.T.,.F.,.F.,(4,3,3,3,3,3,3,3,3,3,3,3,3,3,4),(2,2),
(-14.,-13.,-12.,-11.,-10.,-9.,-8.,-7.,-6.,-5.,-4.,-3.,-2.,-1.,0.),(0.,0.002),
 .UNSPECIFIED.);
#60=B_SPLINE_SURFACE_WITH_KNOTS('',3,1,((#14824,#14825),(#14826,#14827),
(#14828,#14829),(#14830,#14831),(#14832,#14833),(#14834,#14835),(#14836,
#14837),(#14838,#14839),(#14840,#14841),(#14842,#14843),(#14844,#14845),
(#14846,#14847),(#14848,#14849),(#14850,#14851),(#14852,#14853),(#14854,
#14855),(#14856,#14857),(#14858,#14859),(#14860,#14861),(#14862,#14863),
(#14864,#14865),(#14866,#14867),(#14868,#14869),(#14870,#14871),(#14872,
#14873),(#14874,#14875),(#14876,#14877),(#14878,#14879),(#14880,#14881),
(#14882,#14883),(#14884,#14885),(#14886,#14887),(#14888,#14889),(#14890,
#14891),(#14892,#14893),(#14894,#14895),(#14896,#14897),(#14898,#14899),
(#14900,#14901),(#14902,#14903),(#14904,#14905),(#14906,#14907),(#14908,
#14909),(#14910,#14911),(#14912,#14913),(#14914,#14915),(#14916,#14917),
(#14918,#14919),(#14920,#14921)),.UNSPECIFIED.,.T.,.F.,.F.,(4,3,3,3,3,3,
3,3,3,3,3,3,3,3,3,3,4),(2,2),(-16.,-15.,-14.,-13.,-12.,-11.,-10.,-9.,-8.,
-7.,-6.,-5.,-4.,-3.,-2.,-1.,0.),(0.,0.002),.UNSPECIFIED.);
#61=B_SPLINE_SURFACE_WITH_KNOTS('',3,1,((#15005,#15006),(#15007,#15008),
(#15009,#15010),(#15011,#15012),(#15013,#15014),(#15015,#15016),(#15017,
#15018),(#15019,#15020),(#15021,#15022),(#15023,#15024),(#15025,#15026),
(#15027,#15028),(#15029,#15030)),.UNSPECIFIED.,.F.,.F.,.F.,(4,3,3,3,4),
(2,2),(-9.,-8.,-7.,-6.,-5.),(0.,0.002),.UNSPECIFIED.);
#62=B_SPLINE_SURFACE_WITH_KNOTS('',3,1,((#15066,#15067),(#15068,#15069),
(#15070,#15071),(#15072,#15073),(#15074,#15075),(#15076,#15077),(#15078,
#15079),(#15080,#15081),(#15082,#15083),(#15084,#15085),(#15086,#15087),
(#15088,#15089),(#15090,#15091)),.UNSPECIFIED.,.F.,.F.,.F.,(4,3,3,3,4),
(2,2),(-18.,-17.,-16.,-15.,-14.),(0.,0.002),.UNSPECIFIED.);
#63=B_SPLINE_SURFACE_WITH_KNOTS('',3,1,((#15125,#15126),(#15127,#15128),
(#15129,#15130),(#15131,#15132),(#15133,#15134),(#15135,#15136),(#15137,
#15138),(#15139,#15140),(#15141,#15142),(#15143,#15144)),.UNSPECIFIED.,
 .F.,.F.,.F.,(4,3,3,4),(2,2),(-14.,-13.,-12.,-11.),(0.,0.002),
 .UNSPECIFIED.);
#64=B_SPLINE_SURFACE_WITH_KNOTS('',3,1,((#15157,#15158),(#15159,#15160),
(#15161,#15162),(#15163,#15164)),.UNSPECIFIED.,.F.,.F.,.F.,(4,4),(2,2),
(-15.,-14.),(0.,0.002),.UNSPECIFIED.);
#65=B_SPLINE_SURFACE_WITH_KNOTS('',3,1,((#15175,#15176),(#15177,#15178),
(#15179,#15180),(#15181,#15182),(#15183,#15184),(#15185,#15186),(#15187,
#15188),(#15189,#15190),(#15191,#15192),(#15193,#15194)),.UNSPECIFIED.,
 .F.,.F.,.F.,(4,3,3,4),(2,2),(-19.,-18.,-17.,-16.),(0.,0.002),
 .UNSPECIFIED.);
#66=B_SPLINE_SURFACE_WITH_KNOTS('',3,1,((#15216,#15217),(#15218,#15219),
(#15220,#15221),(#15222,#15223),(#15224,#15225),(#15226,#15227),(#15228,
#15229),(#15230,#15231),(#15232,#15233),(#15234,#15235)),.UNSPECIFIED.,
 .F.,.F.,.F.,(4,3,3,4),(2,2),(-3.,-2.,-1.,0.),(0.,0.002),.UNSPECIFIED.);
#67=B_SPLINE_SURFACE_WITH_KNOTS('',3,1,((#15248,#15249),(#15250,#15251),
(#15252,#15253),(#15254,#15255),(#15256,#15257),(#15258,#15259),(#15260,
#15261),(#15262,#15263),(#15264,#15265),(#15266,#15267),(#15268,#15269),
(#15270,#15271),(#15272,#15273),(#15274,#15275),(#15276,#15277),(#15278,
#15279),(#15280,#15281),(#15282,#15283),(#15284,#15285)),.UNSPECIFIED.,
 .F.,.F.,.F.,(4,3,3,3,3,3,4),(2,2),(-9.,-8.,-7.,-6.,-5.,-4.,-3.),(0.,0.002),
 .UNSPECIFIED.);
#68=B_SPLINE_SURFACE_WITH_KNOTS('',3,1,((#15414,#15415),(#15416,#15417),
(#15418,#15419),(#15420,#15421),(#15422,#15423),(#15424,#15425),(#15426,
#15427),(#15428,#15429),(#15430,#15431),(#15432,#15433),(#15434,#15435),
(#15436,#15437),(#15438,#15439),(#15440,#15441),(#15442,#15443),(#15444,
#15445)),.UNSPECIFIED.,.F.,.F.,.F.,(4,3,3,3,3,4),(2,2),(-8.,-7.,-6.,-5.,
-4.,-3.),(0.,0.002),.UNSPECIFIED.);
#69=B_SPLINE_SURFACE_WITH_KNOTS('',3,1,((#15484,#15485),(#15486,#15487),
(#15488,#15489),(#15490,#15491),(#15492,#15493),(#15494,#15495),(#15496,
#15497),(#15498,#15499),(#15500,#15501),(#15502,#15503),(#15504,#15505),
(#15506,#15507),(#15508,#15509),(#15510,#15511),(#15512,#15513),(#15514,
#15515)),.UNSPECIFIED.,.F.,.F.,.F.,(4,3,3,3,3,4),(2,2),(-18.,-17.,-16.,
-15.,-14.,-13.),(0.,0.002),.UNSPECIFIED.);
#70=B_SPLINE_SURFACE_WITH_KNOTS('',3,1,((#15586,#15587),(#15588,#15589),
(#15590,#15591),(#15592,#15593),(#15594,#15595),(#15596,#15597),(#15598,
#15599)),.UNSPECIFIED.,.F.,.F.,.F.,(4,3,4),(2,2),(-2.,-1.,0.),(0.,0.002),
 .UNSPECIFIED.);
#71=B_SPLINE_SURFACE_WITH_KNOTS('',3,1,((#15611,#15612),(#15613,#15614),
(#15615,#15616),(#15617,#15618),(#15619,#15620),(#15621,#15622),(#15623,
#15624),(#15625,#15626),(#15627,#15628),(#15629,#15630)),.UNSPECIFIED.,
 .F.,.F.,.F.,(4,3,3,4),(2,2),(-14.,-13.,-12.,-11.),(0.,0.002),
 .UNSPECIFIED.);
#72=B_SPLINE_SURFACE_WITH_KNOTS('',3,1,((#15655,#15656),(#15657,#15658),
(#15659,#15660),(#15661,#15662),(#15663,#15664),(#15665,#15666),(#15667,
#15668),(#15669,#15670),(#15671,#15672),(#15673,#15674),(#15675,#15676),
(#15677,#15678),(#15679,#15680),(#15681,#15682),(#15683,#15684),(#15685,
#15686)),.UNSPECIFIED.,.F.,.F.,.F.,(4,3,3,3,3,4),(2,2),(-8.,-7.,-6.,-5.,
-4.,-3.),(0.,0.002),.UNSPECIFIED.);
#73=B_SPLINE_SURFACE_WITH_KNOTS('',3,1,((#15750,#15751),(#15752,#15753),
(#15754,#15755),(#15756,#15757),(#15758,#15759),(#15760,#15761),(#15762,
#15763),(#15764,#15765),(#15766,#15767),(#15768,#15769),(#15770,#15771),
(#15772,#15773),(#15774,#15775),(#15776,#15777),(#15778,#15779),(#15780,
#15781),(#15782,#15783),(#15784,#15785),(#15786,#15787),(#15788,#15789),
(#15790,#15791),(#15792,#15793),(#15794,#15795),(#15796,#15797),(#15798,
#15799),(#15800,#15801),(#15802,#15803),(#15804,#15805),(#15806,#15807),
(#15808,#15809),(#15810,#15811),(#15812,#15813),(#15814,#15815),(#15816,
#15817),(#15818,#15819),(#15820,#15821),(#15822,#15823),(#15824,#15825),
(#15826,#15827),(#15828,#15829),(#15830,#15831),(#15832,#15833),(#15834,
#15835)),.UNSPECIFIED.,.T.,.F.,.F.,(4,3,3,3,3,3,3,3,3,3,3,3,3,3,4),(2,2),
(-14.,-13.,-12.,-11.,-10.,-9.,-8.,-7.,-6.,-5.,-4.,-3.,-2.,-1.,0.),(0.,0.002),
 .UNSPECIFIED.);
#74=B_SPLINE_SURFACE_WITH_KNOTS('',3,1,((#15925,#15926),(#15927,#15928),
(#15929,#15930),(#15931,#15932),(#15933,#15934),(#15935,#15936),(#15937,
#15938),(#15939,#15940),(#15941,#15942),(#15943,#15944),(#15945,#15946),
(#15947,#15948),(#15949,#15950),(#15951,#15952),(#15953,#15954),(#15955,
#15956),(#15957,#15958),(#15959,#15960),(#15961,#15962),(#15963,#15964),
(#15965,#15966),(#15967,#15968),(#15969,#15970),(#15971,#15972),(#15973,
#15974),(#15975,#15976),(#15977,#15978),(#15979,#15980),(#15981,#15982),
(#15983,#15984),(#15985,#15986),(#15987,#15988),(#15989,#15990),(#15991,
#15992),(#15993,#15994),(#15995,#15996),(#15997,#15998),(#15999,#16000),
(#16001,#16002),(#16003,#16004),(#16005,#16006),(#16007,#16008),(#16009,
#16010),(#16011,#16012),(#16013,#16014),(#16015,#16016),(#16017,#16018),
(#16019,#16020),(#16021,#16022)),.UNSPECIFIED.,.T.,.F.,.F.,(4,3,3,3,3,3,
3,3,3,3,3,3,3,3,3,3,4),(2,2),(-16.,-15.,-14.,-13.,-12.,-11.,-10.,-9.,-8.,
-7.,-6.,-5.,-4.,-3.,-2.,-1.,0.),(0.,0.002),.UNSPECIFIED.);
#75=B_SPLINE_SURFACE_WITH_KNOTS('',3,1,((#16075,#16076),(#16077,#16078),
(#16079,#16080),(#16081,#16082),(#16083,#16084),(#16085,#16086),(#16087,
#16088),(#16089,#16090),(#16091,#16092),(#16093,#16094),(#16095,#16096),
(#16097,#16098),(#16099,#16100),(#16101,#16102),(#16103,#16104),(#16105,
#16106)),.UNSPECIFIED.,.F.,.F.,.F.,(4,3,3,3,3,4),(2,2),(-6.,-5.,-4.,-3.,
-2.,-1.),(0.,0.002),.UNSPECIFIED.);
#76=B_SPLINE_SURFACE_WITH_KNOTS('',3,1,((#16169,#16170),(#16171,#16172),
(#16173,#16174),(#16175,#16176),(#16177,#16178),(#16179,#16180),(#16181,
#16182),(#16183,#16184),(#16185,#16186),(#16187,#16188),(#16189,#16190),
(#16191,#16192),(#16193,#16194)),.UNSPECIFIED.,.F.,.F.,.F.,(4,3,3,3,4),
(2,2),(-5.,-4.,-3.,-2.,-1.),(0.,0.002),.UNSPECIFIED.);
#77=B_SPLINE_SURFACE_WITH_KNOTS('',3,1,((#16233,#16234),(#16235,#16236),
(#16237,#16238),(#16239,#16240),(#16241,#16242),(#16243,#16244),(#16245,
#16246),(#16247,#16248),(#16249,#16250),(#16251,#16252),(#16253,#16254),
(#16255,#16256),(#16257,#16258),(#16259,#16260),(#16261,#16262),(#16263,
#16264)),.UNSPECIFIED.,.F.,.F.,.F.,(4,3,3,3,3,4),(2,2),(-5.,-4.,-3.,-2.,
-1.,0.),(0.,0.002),.UNSPECIFIED.);
#78=B_SPLINE_SURFACE_WITH_KNOTS('',3,1,((#16285,#16286),(#16287,#16288),
(#16289,#16290),(#16291,#16292),(#16293,#16294),(#16295,#16296),(#16297,
#16298),(#16299,#16300),(#16301,#16302),(#16303,#16304),(#16305,#16306),
(#16307,#16308),(#16309,#16310),(#16311,#16312),(#16313,#16314),(#16315,
#16316)),.UNSPECIFIED.,.F.,.F.,.F.,(4,3,3,3,3,4),(2,2),(-6.,-5.,-4.,-3.,
-2.,-1.),(0.,0.002),.UNSPECIFIED.);
#79=SPHERICAL_SURFACE('',#7975,4.);
#80=SPHERICAL_SURFACE('',#7979,4.);
#81=SPHERICAL_SURFACE('',#7984,4.);
#82=SPHERICAL_SURFACE('',#7992,4.);
#83=ELLIPSE('',#7969,6.28638427721959,3.30771076367687);
#84=ELLIPSE('',#7970,88.5044787518543,19.3361170261456);
#85=ELLIPSE('',#7971,13.5082466972077,6.10200798705484);
#86=ELLIPSE('',#7972,95.3691544766308,19.0487926160081);
#87=ELLIPSE('',#7990,5.65685424949238,4.);
#88=ELLIPSE('',#7991,5.65685424949239,4.);
#89=ELLIPSE('',#7998,5.65685424949239,4.);
#90=ELLIPSE('',#7999,5.65685424949239,4.);
#91=ELLIPSE('',#8002,5.65685424949238,4.);
#92=ELLIPSE('',#8003,5.65685424949239,4.);
#93=ELLIPSE('',#8005,5.65685424949239,4.);
#94=ELLIPSE('',#8006,5.65685424949239,4.);
#95=ELLIPSE('',#8022,10.3727536031372,4.87299069070702);
#96=ELLIPSE('',#8023,10.3727536031372,4.87299069070702);
#97=ELLIPSE('',#8025,9.77045336573754,4.92712461781816);
#98=ELLIPSE('',#8026,9.77045336573754,4.92712461781816);
#99=ELLIPSE('',#8075,6.28638427721959,3.30771076367687);
#100=ELLIPSE('',#8088,88.5044787518543,19.3361170261456);
#101=ELLIPSE('',#8212,13.5082466972077,6.10200798705484);
#102=ELLIPSE('',#8214,95.3691544766308,19.0487926160081);
#103=B_SPLINE_CURVE_WITH_KNOTS('',3,(#10481,#10482,#10483,#10484,#10485,
#10486,#10487),.UNSPECIFIED.,.F.,.F.,(4,3,4),(-2.,-1.,0.),.UNSPECIFIED.);
#104=B_SPLINE_CURVE_WITH_KNOTS('',3,(#10491,#10492,#10493,#10494,#10495,
#10496,#10497,#10498,#10499,#10500,#10501,#10502,#10503,#10504,#10505,#10506,
#10507,#10508,#10509,#10510,#10511,#10512,#10513,#10514,#10515,#10516,#10517,
#10518,#10519,#10520,#10521,#10522,#10523,#10524,#10525,#10526,#10527,#10528,
#10529,#10530,#10531,#10532,#10533,#10534,#10535,#10536,#10537,#10538,#10539),
 .UNSPECIFIED.,.F.,.F.,(4,3,3,3,3,3,3,3,3,3,3,3,3,3,3,3,4),(-19.,-18.,-17.,
-16.,-15.,-14.,-13.,-12.,-11.,-10.,-9.,-8.,-7.,-6.,-5.,-4.,-3.),
 .UNSPECIFIED.);
#105=B_SPLINE_CURVE_WITH_KNOTS('',3,(#10542,#10543,#10544,#10545,#10546,
#10547,#10548,#10549,#10550,#10551,#10552,#10553,#10554,#10555,#10556,#10557,
#10558,#10559,#10560,#10561,#10562,#10563,#10564,#10565,#10566,#10567,#10568,
#10569,#10570,#10571,#10572,#10573,#10574,#10575,#10576,#10577,#10578,#10579,
#10580,#10581),.UNSPECIFIED.,.F.,.F.,(4,3,3,3,3,3,3,3,3,3,3,3,3,4),(-33.,
-32.,-31.,-30.,-29.,-28.,-27.,-26.,-25.,-24.,-23.,-22.,-21.,-20.),
 .UNSPECIFIED.);
#106=B_SPLINE_CURVE_WITH_KNOTS('',3,(#10584,#10585,#10586,#10587,#10588,
#10589,#10590,#10591,#10592,#10593,#10594,#10595,#10596,#10597,#10598,#10599,
#10600,#10601,#10602,#10603,#10604,#10605,#10606,#10607,#10608,#10609,#10610,
#10611,#10612,#10613,#10614,#10615,#10616,#10617,#10618,#10619,#10620),
 .UNSPECIFIED.,.F.,.F.,(4,3,3,3,3,3,3,3,3,3,3,3,4),(-23.,-22.,-21.,-20.,
-19.,-18.,-17.,-16.,-15.,-14.,-13.,-12.,-11.),.UNSPECIFIED.);
#107=B_SPLINE_CURVE_WITH_KNOTS('',3,(#10624,#10625,#10626,#10627,#10628,
#10629,#10630),.UNSPECIFIED.,.F.,.F.,(4,3,4),(-26.,-25.,-24.),
 .UNSPECIFIED.);
#108=B_SPLINE_CURVE_WITH_KNOTS('',3,(#10632,#10633,#10634,#10635,#10636,
#10637,#10638,#10639,#10640,#10641,#10642,#10643,#10644,#10645,#10646,#10647,
#10648,#10649,#10650,#10651,#10652,#10653,#10654,#10655,#10656,#10657,#10658,
#10659,#10660,#10661,#10662),.UNSPECIFIED.,.F.,.F.,(4,3,3,3,3,3,3,3,3,3,
4),(-10.,-9.,-8.,-7.,-6.,-5.,-4.,-3.,-2.,-1.,0.),.UNSPECIFIED.);
#109=B_SPLINE_CURVE_WITH_KNOTS('',3,(#10668,#10669,#10670,#10671,#10672,
#10673,#10674,#10675,#10676,#10677,#10678,#10679,#10680,#10681,#10682,#10683,
#10684,#10685,#10686,#10687,#10688,#10689,#10690,#10691,#10692),
 .UNSPECIFIED.,.F.,.F.,(4,3,3,3,3,3,3,3,4),(-9.,-8.,-7.,-6.,-5.,-4.,-3.,
-2.,-1.),.UNSPECIFIED.);
#110=B_SPLINE_CURVE_WITH_KNOTS('',3,(#10716,#10717,#10718,#10719,#10720,
#10721,#10722,#10723,#10724,#10725,#10726,#10727,#10728,#10729,#10730,#10731,
#10732,#10733,#10734,#10735,#10736,#10737,#10738,#10739,#10740,#10741,#10742,
#10743,#10744,#10745,#10746,#10747,#10748,#10749,#10750,#10751,#10752),
 .UNSPECIFIED.,.F.,.F.,(4,3,3,3,3,3,3,3,3,3,3,3,4),(-23.,-22.,-21.,-20.,
-19.,-18.,-17.,-16.,-15.,-14.,-13.,-12.,-11.),.UNSPECIFIED.);
#111=B_SPLINE_CURVE_WITH_KNOTS('',3,(#10756,#10757,#10758,#10759,#10760,
#10761,#10762),.UNSPECIFIED.,.F.,.F.,(4,3,4),(-26.,-25.,-24.),
 .UNSPECIFIED.);
#112=B_SPLINE_CURVE_WITH_KNOTS('',3,(#10764,#10765,#10766,#10767,#10768,
#10769,#10770,#10771,#10772,#10773,#10774,#10775,#10776,#10777,#10778,#10779,
#10780,#10781,#10782,#10783,#10784,#10785,#10786,#10787,#10788,#10789,#10790,
#10791,#10792,#10793,#10794),.UNSPECIFIED.,.F.,.F.,(4,3,3,3,3,3,3,3,3,3,
4),(-10.,-9.,-8.,-7.,-6.,-5.,-4.,-3.,-2.,-1.,0.),.UNSPECIFIED.);
#113=B_SPLINE_CURVE_WITH_KNOTS('',3,(#10798,#10799,#10800,#10801,#10802,
#10803,#10804,#10805,#10806,#10807),.UNSPECIFIED.,.F.,.F.,(4,3,3,4),(-14.,
-13.,-12.,-11.),.UNSPECIFIED.);
#114=B_SPLINE_CURVE_WITH_KNOTS('',3,(#10815,#10816,#10817,#10818,#10819,
#10820,#10821,#10822,#10823,#10824,#10825,#10826,#10827),.UNSPECIFIED.,
 .F.,.F.,(4,3,3,3,4),(-8.,-7.,-6.,-5.,-4.),.UNSPECIFIED.);
#115=B_SPLINE_CURVE_WITH_KNOTS('',3,(#10834,#10835,#10836,#10837),
 .UNSPECIFIED.,.F.,.F.,(4,4),(-1.,0.),.UNSPECIFIED.);
#116=B_SPLINE_CURVE_WITH_KNOTS('',3,(#10840,#10841,#10842,#10843),
 .UNSPECIFIED.,.F.,.F.,(4,4),(-5.,-4.),.UNSPECIFIED.);
#117=B_SPLINE_CURVE_WITH_KNOTS('',3,(#10845,#10846,#10847,#10848),
 .UNSPECIFIED.,.F.,.F.,(4,4),(-4.,-3.),.UNSPECIFIED.);
#118=B_SPLINE_CURVE_WITH_KNOTS('',3,(#10850,#10851,#10852,#10853,#10854,
#10855,#10856,#10857,#10858,#10859),.UNSPECIFIED.,.F.,.F.,(4,3,3,4),(-3.,
-2.,-1.,0.),.UNSPECIFIED.);
#119=B_SPLINE_CURVE_WITH_KNOTS('',3,(#10861,#10862,#10863,#10864,#10865,
#10866,#10867),.UNSPECIFIED.,.F.,.F.,(4,3,4),(-32.,-31.,-30.),
 .UNSPECIFIED.);
#120=B_SPLINE_CURVE_WITH_KNOTS('',3,(#10875,#10876,#10877,#10878),
 .UNSPECIFIED.,.F.,.F.,(4,4),(-27.,-26.),.UNSPECIFIED.);
#121=B_SPLINE_CURVE_WITH_KNOTS('',3,(#10880,#10881,#10882,#10883,#10884,
#10885,#10886),.UNSPECIFIED.,.F.,.F.,(4,3,4),(-26.,-25.,-24.),
 .UNSPECIFIED.);
#122=B_SPLINE_CURVE_WITH_KNOTS('',3,(#10888,#10889,#10890,#10891,#10892,
#10893,#10894),.UNSPECIFIED.,.F.,.F.,(4,3,4),(-24.,-23.,-22.),
 .UNSPECIFIED.);
#123=B_SPLINE_CURVE_WITH_KNOTS('',3,(#10902,#10903,#10904,#10905),
 .UNSPECIFIED.,.F.,.F.,(4,4),(-19.,-18.),.UNSPECIFIED.);
#124=B_SPLINE_CURVE_WITH_KNOTS('',3,(#10907,#10908,#10909,#10910,#10911,
#10912,#10913),.UNSPECIFIED.,.F.,.F.,(4,3,4),(-18.,-17.,-16.),
 .UNSPECIFIED.);
#125=B_SPLINE_CURVE_WITH_KNOTS('',3,(#10915,#10916,#10917,#10918),
 .UNSPECIFIED.,.F.,.F.,(4,4),(-16.,-15.),.UNSPECIFIED.);
#126=B_SPLINE_CURVE_WITH_KNOTS('',3,(#10932,#10933,#10934,#10935),
 .UNSPECIFIED.,.F.,.F.,(4,4),(-8.99996825665181,-8.),.UNSPECIFIED.);
#127=B_SPLINE_CURVE_WITH_KNOTS('',3,(#10936,#10937,#10938,#10939,#10940,
#10941,#10942,#10943,#10944,#10945),.UNSPECIFIED.,.F.,.F.,(4,3,3,4),(-8.,
-7.,-6.,-5.),.UNSPECIFIED.);
#128=B_SPLINE_CURVE_WITH_KNOTS('',3,(#10948,#10949,#10950,#10951),
 .UNSPECIFIED.,.F.,.F.,(4,4),(-9.9999307940668,-9.),.UNSPECIFIED.);
#129=B_SPLINE_CURVE_WITH_KNOTS('',3,(#10953,#10954,#10955,#10956,#10957,
#10958,#10959),.UNSPECIFIED.,.F.,.F.,(4,3,4),(-9.,-8.,-7.),
 .UNSPECIFIED.);
#130=B_SPLINE_CURVE_WITH_KNOTS('',3,(#10963,#10964,#10965,#10966,#10967,
#10968,#10969),.UNSPECIFIED.,.F.,.F.,(4,3,4),(-6.,-5.,-4.),
 .UNSPECIFIED.);
#131=B_SPLINE_CURVE_WITH_KNOTS('',3,(#10971,#10972,#10973,#10974,#10975,
#10976,#10977,#10978,#10979,#10980),.UNSPECIFIED.,.F.,.F.,(4,3,3,4),(-4.,
-3.,-2.,-1.),.UNSPECIFIED.);
#132=B_SPLINE_CURVE_WITH_KNOTS('',3,(#10982,#10983,#10984,#10985),
 .UNSPECIFIED.,.F.,.F.,(4,4),(-1.,-7.43936325082953E-5),.UNSPECIFIED.);
#133=B_SPLINE_CURVE_WITH_KNOTS('',3,(#10997,#10998,#10999,#11000,#11001,
#11002,#11003,#11004,#11005,#11006,#11007,#11008,#11009),.UNSPECIFIED.,
 .F.,.F.,(4,3,3,3,4),(-6.,-5.,-4.,-3.,-2.),.UNSPECIFIED.);
#134=B_SPLINE_CURVE_WITH_KNOTS('',3,(#11019,#11020,#11021,#11022,#11023,
#11024,#11025,#11026,#11027,#11028,#11029,#11030,#11031),.UNSPECIFIED.,
 .F.,.F.,(4,3,3,3,4),(-14.,-13.,-12.,-11.,-10.),.UNSPECIFIED.);
#135=B_SPLINE_CURVE_WITH_KNOTS('',3,(#11063,#11064,#11065,#11066,#11067,
#11068,#11069),.UNSPECIFIED.,.F.,.F.,(4,3,4),(-2.,-1.,0.),.UNSPECIFIED.);
#136=B_SPLINE_CURVE_WITH_KNOTS('',3,(#11073,#11074,#11075,#11076,#11077,
#11078,#11079,#11080,#11081,#11082,#11083,#11084,#11085,#11086,#11087,#11088,
#11089,#11090,#11091,#11092,#11093,#11094,#11095,#11096,#11097,#11098,#11099,
#11100,#11101,#11102,#11103,#11104,#11105,#11106,#11107,#11108,#11109,#11110,
#11111,#11112,#11113,#11114,#11115,#11116,#11117,#11118,#11119,#11120,#11121),
 .UNSPECIFIED.,.F.,.F.,(4,3,3,3,3,3,3,3,3,3,3,3,3,3,3,3,4),(-19.,-18.,-17.,
-16.,-15.,-14.,-13.,-12.,-11.,-10.,-9.,-8.,-7.,-6.,-5.,-4.,-3.),
 .UNSPECIFIED.);
#137=B_SPLINE_CURVE_WITH_KNOTS('',3,(#11124,#11125,#11126,#11127,#11128,
#11129,#11130,#11131,#11132,#11133,#11134,#11135,#11136,#11137,#11138,#11139,
#11140,#11141,#11142,#11143,#11144,#11145,#11146,#11147,#11148,#11149,#11150,
#11151,#11152,#11153,#11154,#11155,#11156,#11157,#11158,#11159,#11160,#11161,
#11162,#11163),.UNSPECIFIED.,.F.,.F.,(4,3,3,3,3,3,3,3,3,3,3,3,3,4),(-33.,
-32.,-31.,-30.,-29.,-28.,-27.,-26.,-25.,-24.,-23.,-22.,-21.,-20.),
 .UNSPECIFIED.);
#138=B_SPLINE_CURVE_WITH_KNOTS('',3,(#11240,#11241,#11242,#11243,#11244,
#11245,#11246,#11247,#11248,#11249),.UNSPECIFIED.,.F.,.F.,(4,3,3,4),(-18.,
-17.,-16.,-15.),.UNSPECIFIED.);
#139=B_SPLINE_CURVE_WITH_KNOTS('',3,(#11251,#11252,#11253,#11254,#11255,
#11256,#11257,#11258,#11259,#11260),.UNSPECIFIED.,.F.,.F.,(4,3,3,4),(-3.,
-2.,-1.,0.),.UNSPECIFIED.);
#140=B_SPLINE_CURVE_WITH_KNOTS('',3,(#11268,#11269,#11270,#11271,#11272,
#11273,#11274,#11275,#11276,#11277,#11278,#11279,#11280,#11281,#11282,#11283,
#11284,#11285,#11286),.UNSPECIFIED.,.F.,.F.,(4,3,3,3,3,3,4),(-12.,-11.,
-10.,-9.,-8.,-7.,-6.),.UNSPECIFIED.);
#141=B_SPLINE_CURVE_WITH_KNOTS('',3,(#11353,#11354,#11355,#11356,#11357,
#11358,#11359,#11360,#11361,#11362,#11363,#11364,#11365,#11366,#11367,#11368,
#11369,#11370,#11371,#11372,#11373,#11374,#11375,#11376,#11377,#11378,#11379,
#11380,#11381,#11382,#11383,#11384,#11385,#11386,#11387,#11388,#11389,#11390,
#11391,#11392,#11393,#11394,#11395,#11396,#11397,#11398,#11399,#11400,#11401),
 .UNSPECIFIED.,.T.,.F.,(4,3,3,3,3,3,3,3,3,3,3,3,3,3,3,3,4),(-16.,-15.,-14.,
-13.,-12.,-11.,-10.,-9.,-8.,-7.,-6.,-5.,-4.,-3.,-2.,-1.,0.),
 .UNSPECIFIED.);
#142=B_SPLINE_CURVE_WITH_KNOTS('',3,(#11418,#11419,#11420,#11421,#11422,
#11423,#11424,#11425,#11426,#11427,#11428,#11429,#11430),.UNSPECIFIED.,
 .F.,.F.,(4,3,3,3,4),(-18.,-17.,-16.,-15.,-14.),.UNSPECIFIED.);
#143=B_SPLINE_CURVE_WITH_KNOTS('',3,(#11442,#11443,#11444,#11445,#11446,
#11447,#11448,#11449,#11450,#11451,#11452,#11453,#11454),.UNSPECIFIED.,
 .F.,.F.,(4,3,3,3,4),(-9.,-8.,-7.,-6.,-5.),.UNSPECIFIED.);
#144=B_SPLINE_CURVE_WITH_KNOTS('',3,(#11464,#11465,#11466,#11467,#11468,
#11469,#11470,#11471,#11472,#11473,#11474,#11475,#11476,#11477,#11478,#11479,
#11480,#11481,#11482),.UNSPECIFIED.,.F.,.F.,(4,3,3,3,3,3,4),(-9.,-8.,-7.,
-6.,-5.,-4.,-3.),.UNSPECIFIED.);
#145=B_SPLINE_CURVE_WITH_KNOTS('',3,(#11484,#11485,#11486,#11487,#11488,
#11489,#11490,#11491,#11492,#11493),.UNSPECIFIED.,.F.,.F.,(4,3,3,4),(-3.,
-2.,-1.,0.),.UNSPECIFIED.);
#146=B_SPLINE_CURVE_WITH_KNOTS('',3,(#11497,#11498,#11499,#11500,#11501,
#11502,#11503,#11504,#11505,#11506),.UNSPECIFIED.,.F.,.F.,(4,3,3,4),(-19.,
-18.,-17.,-16.),.UNSPECIFIED.);
#147=B_SPLINE_CURVE_WITH_KNOTS('',3,(#11510,#11511,#11512,#11513),
 .UNSPECIFIED.,.F.,.F.,(4,4),(-15.,-14.),.UNSPECIFIED.);
#148=B_SPLINE_CURVE_WITH_KNOTS('',3,(#11514,#11515,#11516,#11517,#11518,
#11519,#11520,#11521,#11522,#11523),.UNSPECIFIED.,.F.,.F.,(4,3,3,4),(-14.,
-13.,-12.,-11.),.UNSPECIFIED.);
#149=B_SPLINE_CURVE_WITH_KNOTS('',3,(#11586,#11587,#11588,#11589,#11590,
#11591,#11592,#11593,#11594,#11595,#11596,#11597,#11598,#11599,#11600,#11601),
 .UNSPECIFIED.,.F.,.F.,(4,3,3,3,3,4),(-18.,-17.,-16.,-15.,-14.,-13.),
 .UNSPECIFIED.);
#150=B_SPLINE_CURVE_WITH_KNOTS('',3,(#11612,#11613,#11614,#11615,#11616,
#11617,#11618,#11619,#11620,#11621,#11622,#11623,#11624,#11625,#11626,#11627),
 .UNSPECIFIED.,.F.,.F.,(4,3,3,3,3,4),(-8.,-7.,-6.,-5.,-4.,-3.),
 .UNSPECIFIED.);
#151=B_SPLINE_CURVE_WITH_KNOTS('',3,(#11646,#11647,#11648,#11649,#11650,
#11651,#11652),.UNSPECIFIED.,.F.,.F.,(4,3,4),(-2.,-1.,0.),.UNSPECIFIED.);
#152=B_SPLINE_CURVE_WITH_KNOTS('',3,(#11656,#11657,#11658,#11659,#11660,
#11661,#11662,#11663,#11664,#11665,#11666,#11667,#11668,#11669,#11670,#11671),
 .UNSPECIFIED.,.F.,.F.,(4,3,3,3,3,4),(-8.,-7.,-6.,-5.,-4.,-3.),
 .UNSPECIFIED.);
#153=B_SPLINE_CURVE_WITH_KNOTS('',3,(#11678,#11679,#11680,#11681,#11682,
#11683,#11684,#11685,#11686,#11687),.UNSPECIFIED.,.F.,.F.,(4,3,3,4),(-14.,
-13.,-12.,-11.),.UNSPECIFIED.);
#154=B_SPLINE_CURVE_WITH_KNOTS('',3,(#11709,#11710,#11711,#11712,#11713,
#11714,#11715,#11716,#11717,#11718,#11719,#11720,#11721,#11722,#11723,#11724,
#11725,#11726,#11727,#11728,#11729,#11730,#11731,#11732,#11733,#11734,#11735,
#11736,#11737,#11738,#11739,#11740,#11741,#11742,#11743,#11744,#11745,#11746,
#11747,#11748,#11749,#11750,#11751,#11752,#11753,#11754,#11755,#11756,#11757),
 .UNSPECIFIED.,.T.,.F.,(4,3,3,3,3,3,3,3,3,3,3,3,3,3,3,3,4),(-16.,-15.,-14.,
-13.,-12.,-11.,-10.,-9.,-8.,-7.,-6.,-5.,-4.,-3.,-2.,-1.,0.),
 .UNSPECIFIED.);
#155=B_SPLINE_CURVE_WITH_KNOTS('',3,(#11760,#11761,#11762,#11763,#11764,
#11765,#11766,#11767,#11768,#11769,#11770,#11771,#11772,#11773,#11774,#11775),
 .UNSPECIFIED.,.F.,.F.,(4,3,3,3,3,4),(-4.99999892216544,-4.,-3.,-2.,-1.,
0.),.UNSPECIFIED.);
#156=B_SPLINE_CURVE_WITH_KNOTS('',3,(#11782,#11783,#11784,#11785,#11786,
#11787,#11788,#11789,#11790,#11791,#11792,#11793,#11794,#11795,#11796,#11797),
 .UNSPECIFIED.,.F.,.F.,(4,3,3,3,3,4),(-6.,-5.,-4.,-3.,-2.,-1.00000147925423),
 .UNSPECIFIED.);
#157=B_SPLINE_CURVE_WITH_KNOTS('',3,(#11982,#11983,#11984,#11985,#11986,
#11987,#11988,#11989,#11990,#11991,#11992,#11993,#11994,#11995,#11996,#11997,
#11998,#11999,#12000,#12001,#12002,#12003,#12004,#12005,#12006,#12007,#12008,
#12009),.UNSPECIFIED.,.F.,.F.,(4,3,3,3,3,3,3,3,3,4),(0.,1.,2.,3.,4.,5.,
6.,7.,8.,9.),.UNSPECIFIED.);
#158=B_SPLINE_CURVE_WITH_KNOTS('',3,(#12013,#12014,#12015,#12016,#12017,
#12018,#12019,#12020,#12021,#12022,#12023,#12024,#12025,#12026,#12027,#12028,
#12029,#12030,#12031,#12032,#12033,#12034,#12035,#12036,#12037,#12038,#12039,
#12040),.UNSPECIFIED.,.F.,.F.,(4,3,3,3,3,3,3,3,3,4),(-9.,-8.,-7.,-6.,-5.,
-4.,-3.,-2.,-1.,0.),.UNSPECIFIED.);
#159=B_SPLINE_CURVE_WITH_KNOTS('',3,(#12062,#12063,#12064,#12065,#12066,
#12067,#12068),.UNSPECIFIED.,.F.,.F.,(4,3,4),(9.,10.,11.),.UNSPECIFIED.);
#160=B_SPLINE_CURVE_WITH_KNOTS('',3,(#12069,#12070,#12071,#12072,#12073,
#12074,#12075),.UNSPECIFIED.,.F.,.F.,(4,3,4),(-11.,-10.,-9.),
 .UNSPECIFIED.);
#161=B_SPLINE_CURVE_WITH_KNOTS('',3,(#12087,#12088,#12089,#12090),
 .UNSPECIFIED.,.F.,.F.,(4,4),(5.,6.),.UNSPECIFIED.);
#162=B_SPLINE_CURVE_WITH_KNOTS('',3,(#12094,#12095,#12096,#12097),
 .UNSPECIFIED.,.F.,.F.,(4,4),(-6.,-5.),.UNSPECIFIED.);
#163=B_SPLINE_CURVE_WITH_KNOTS('',3,(#12114,#12115,#12116,#12117),
 .UNSPECIFIED.,.F.,.F.,(4,4),(3.,4.),.UNSPECIFIED.);
#164=B_SPLINE_CURVE_WITH_KNOTS('',3,(#12119,#12120,#12121,#12122),
 .UNSPECIFIED.,.F.,.F.,(4,4),(-4.,-3.),.UNSPECIFIED.);
#165=B_SPLINE_CURVE_WITH_KNOTS('',3,(#12150,#12151,#12152,#12153,#12154,
#12155,#12156),.UNSPECIFIED.,.F.,.F.,(4,3,4),(0.,1.,2.),.UNSPECIFIED.);
#166=B_SPLINE_CURVE_WITH_KNOTS('',3,(#12158,#12159,#12160,#12161,#12162,
#12163,#12164),.UNSPECIFIED.,.F.,.F.,(4,3,4),(-2.,-1.,0.),.UNSPECIFIED.);
#167=B_SPLINE_CURVE_WITH_KNOTS('',3,(#12231,#12232,#12233,#12234,#12235,
#12236,#12237),.UNSPECIFIED.,.F.,.F.,(4,3,4),(-2.,-1.,0.),.UNSPECIFIED.);
#168=B_SPLINE_CURVE_WITH_KNOTS('',3,(#12321,#12322,#12323,#12324,#12325,
#12326,#12327,#12328,#12329,#12330,#12331,#12332,#12333,#12334,#12335,#12336,
#12337,#12338,#12339,#12340,#12341,#12342,#12343,#12344,#12345,#12346,#12347,
#12348,#12349,#12350,#12351,#12352,#12353,#12354,#12355,#12356,#12357,#12358,
#12359,#12360),.UNSPECIFIED.,.F.,.F.,(4,3,3,3,3,3,3,3,3,3,3,3,3,4),(-33.,
-32.,-31.,-30.,-29.,-28.,-27.,-26.,-25.,-24.,-23.,-22.,-21.,-20.),
 .UNSPECIFIED.);
#169=B_SPLINE_CURVE_WITH_KNOTS('',3,(#12465,#12466,#12467,#12468,#12469,
#12470,#12471,#12472,#12473,#12474,#12475,#12476,#12477,#12478,#12479,#12480,
#12481,#12482,#12483,#12484,#12485,#12486,#12487,#12488,#12489,#12490,#12491,
#12492,#12493,#12494,#12495,#12496,#12497,#12498,#12499,#12500,#12501,#12502,
#12503,#12504,#12505,#12506,#12507,#12508,#12509,#12510,#12511,#12512,#12513),
 .UNSPECIFIED.,.F.,.F.,(4,3,3,3,3,3,3,3,3,3,3,3,3,3,3,3,4),(-19.,-18.,-17.,
-16.,-15.,-14.,-13.,-12.,-11.,-10.,-9.,-8.,-7.,-6.,-5.,-4.,-3.),
 .UNSPECIFIED.);
#170=B_SPLINE_CURVE_WITH_KNOTS('',3,(#12594,#12595,#12596,#12597,#12598,
#12599,#12600,#12601,#12602,#12603,#12604,#12605,#12606,#12607,#12608,#12609,
#12610,#12611,#12612,#12613,#12614,#12615,#12616,#12617,#12618,#12619,#12620,
#12621,#12622,#12623,#12624,#12625,#12626,#12627,#12628,#12629,#12630),
 .UNSPECIFIED.,.F.,.F.,(4,3,3,3,3,3,3,3,3,3,3,3,4),(-23.,-22.,-21.,-20.,
-19.,-18.,-17.,-16.,-15.,-14.,-13.,-12.,-11.),.UNSPECIFIED.);
#171=B_SPLINE_CURVE_WITH_KNOTS('',3,(#12700,#12701,#12702,#12703,#12704,
#12705,#12706,#12707,#12708,#12709,#12710,#12711,#12712,#12713,#12714,#12715,
#12716,#12717,#12718,#12719,#12720,#12721,#12722,#12723,#12724,#12725,#12726,
#12727,#12728,#12729,#12730),.UNSPECIFIED.,.F.,.F.,(4,3,3,3,3,3,3,3,3,3,
4),(-10.,-9.,-8.,-7.,-6.,-5.,-4.,-3.,-2.,-1.,0.),.UNSPECIFIED.);
#172=B_SPLINE_CURVE_WITH_KNOTS('',3,(#12747,#12748,#12749,#12750,#12751,
#12752,#12753),.UNSPECIFIED.,.F.,.F.,(4,3,4),(-26.,-25.,-24.),
 .UNSPECIFIED.);
#173=B_SPLINE_CURVE_WITH_KNOTS('',3,(#12797,#12798,#12799,#12800,#12801,
#12802,#12803,#12804,#12805,#12806,#12807,#12808,#12809,#12810,#12811,#12812,
#12813,#12814,#12815),.UNSPECIFIED.,.F.,.F.,(4,3,3,3,3,3,4),(-6.99976677755149,
-6.,-5.,-4.,-3.,-2.,-1.),.UNSPECIFIED.);
#174=B_SPLINE_CURVE_WITH_KNOTS('',3,(#12819,#12820,#12821,#12822,#12823,
#12824,#12825,#12826,#12827,#12828,#12829,#12830,#12831,#12832,#12833,#12834,
#12835,#12836,#12837),.UNSPECIFIED.,.F.,.F.,(4,3,3,3,3,3,4),(-6.99976677755149,
-6.,-5.,-4.,-3.,-2.,-1.),.UNSPECIFIED.);
#175=B_SPLINE_CURVE_WITH_KNOTS('',3,(#12918,#12919,#12920,#12921,#12922,
#12923,#12924,#12925,#12926,#12927,#12928,#12929,#12930,#12931,#12932,#12933,
#12934,#12935,#12936,#12937,#12938,#12939,#12940,#12941,#12942),
 .UNSPECIFIED.,.F.,.F.,(4,3,3,3,3,3,3,3,4),(-9.,-8.,-7.,-6.,-5.,-4.,-3.,
-2.,-1.),.UNSPECIFIED.);
#176=B_SPLINE_CURVE_WITH_KNOTS('',3,(#13058,#13059,#13060,#13061,#13062,
#13063,#13064,#13065,#13066,#13067,#13068,#13069,#13070,#13071,#13072,#13073,
#13074,#13075,#13076,#13077,#13078,#13079,#13080,#13081,#13082,#13083,#13084,
#13085,#13086,#13087,#13088,#13089,#13090,#13091,#13092,#13093,#13094),
 .UNSPECIFIED.,.F.,.F.,(4,3,3,3,3,3,3,3,3,3,3,3,4),(-23.,-22.,-21.,-20.,
-19.,-18.,-17.,-16.,-15.,-14.,-13.,-12.,-11.),.UNSPECIFIED.);
#177=B_SPLINE_CURVE_WITH_KNOTS('',3,(#13164,#13165,#13166,#13167,#13168,
#13169,#13170,#13171,#13172,#13173,#13174,#13175,#13176,#13177,#13178,#13179,
#13180,#13181,#13182,#13183,#13184,#13185,#13186,#13187,#13188,#13189,#13190,
#13191,#13192,#13193,#13194),.UNSPECIFIED.,.F.,.F.,(4,3,3,3,3,3,3,3,3,3,
4),(-10.,-9.,-8.,-7.,-6.,-5.,-4.,-3.,-2.,-1.,0.),.UNSPECIFIED.);
#178=B_SPLINE_CURVE_WITH_KNOTS('',3,(#13211,#13212,#13213,#13214,#13215,
#13216,#13217),.UNSPECIFIED.,.F.,.F.,(4,3,4),(-26.,-25.,-24.),
 .UNSPECIFIED.);
#179=B_SPLINE_CURVE_WITH_KNOTS('',3,(#13244,#13245,#13246,#13247,#13248,
#13249,#13250,#13251,#13252,#13253),.UNSPECIFIED.,.F.,.F.,(4,3,3,4),(-14.,
-13.,-12.,-11.),.UNSPECIFIED.);
#180=B_SPLINE_CURVE_WITH_KNOTS('',3,(#13265,#13266,#13267,#13268),
 .UNSPECIFIED.,.F.,.F.,(4,4),(-1.,0.),.UNSPECIFIED.);
#181=B_SPLINE_CURVE_WITH_KNOTS('',3,(#13309,#13310,#13311,#13312,#13313,
#13314,#13315,#13316,#13317,#13318,#13319,#13320,#13321),.UNSPECIFIED.,
 .F.,.F.,(4,3,3,3,4),(-8.,-7.,-6.,-5.,-4.),.UNSPECIFIED.);
#182=B_SPLINE_CURVE_WITH_KNOTS('',3,(#13344,#13345,#13346,#13347),
 .UNSPECIFIED.,.F.,.F.,(4,4),(-5.,-4.),.UNSPECIFIED.);
#183=B_SPLINE_CURVE_WITH_KNOTS('',3,(#13371,#13372,#13373,#13374,#13375,
#13376,#13377,#13378,#13379,#13380),.UNSPECIFIED.,.F.,.F.,(4,3,3,4),(-8.,
-7.,-6.,-5.),.UNSPECIFIED.);
#184=B_SPLINE_CURVE_WITH_KNOTS('',3,(#13391,#13392,#13393,#13394),
 .UNSPECIFIED.,.F.,.F.,(4,4),(-8.99996825665181,-8.),.UNSPECIFIED.);
#185=B_SPLINE_CURVE_WITH_KNOTS('',3,(#13434,#13435,#13436,#13437),
 .UNSPECIFIED.,.F.,.F.,(4,4),(-16.,-15.),.UNSPECIFIED.);
#186=B_SPLINE_CURVE_WITH_KNOTS('',3,(#13454,#13455,#13456,#13457,#13458,
#13459,#13460),.UNSPECIFIED.,.F.,.F.,(4,3,4),(-18.,-17.,-16.),
 .UNSPECIFIED.);
#187=B_SPLINE_CURVE_WITH_KNOTS('',3,(#13471,#13472,#13473,#13474),
 .UNSPECIFIED.,.F.,.F.,(4,4),(-19.,-18.),.UNSPECIFIED.);
#188=B_SPLINE_CURVE_WITH_KNOTS('',3,(#13503,#13504,#13505,#13506,#13507,
#13508,#13509),.UNSPECIFIED.,.F.,.F.,(4,3,4),(-24.,-23.,-22.),
 .UNSPECIFIED.);
#189=B_SPLINE_CURVE_WITH_KNOTS('',3,(#13526,#13527,#13528,#13529,#13530,
#13531,#13532),.UNSPECIFIED.,.F.,.F.,(4,3,4),(-26.,-25.,-24.),
 .UNSPECIFIED.);
#190=B_SPLINE_CURVE_WITH_KNOTS('',3,(#13543,#13544,#13545,#13546),
 .UNSPECIFIED.,.F.,.F.,(4,4),(-27.,-26.),.UNSPECIFIED.);
#191=B_SPLINE_CURVE_WITH_KNOTS('',3,(#13575,#13576,#13577,#13578,#13579,
#13580,#13581),.UNSPECIFIED.,.F.,.F.,(4,3,4),(-32.,-31.,-30.),
 .UNSPECIFIED.);
#192=B_SPLINE_CURVE_WITH_KNOTS('',3,(#13604,#13605,#13606,#13607,#13608,
#13609,#13610,#13611,#13612,#13613),.UNSPECIFIED.,.F.,.F.,(4,3,3,4),(-3.,
-2.,-1.,0.),.UNSPECIFIED.);
#193=B_SPLINE_CURVE_WITH_KNOTS('',3,(#13622,#13623,#13624,#13625),
 .UNSPECIFIED.,.F.,.F.,(4,4),(-4.,-3.),.UNSPECIFIED.);
#194=B_SPLINE_CURVE_WITH_KNOTS('',3,(#13638,#13639,#13640,#13641),
 .UNSPECIFIED.,.F.,.F.,(4,4),(-9.9999307940668,-9.),.UNSPECIFIED.);
#195=B_SPLINE_CURVE_WITH_KNOTS('',3,(#13673,#13674,#13675,#13676),
 .UNSPECIFIED.,.F.,.F.,(4,4),(-1.,-7.43936325082953E-5),.UNSPECIFIED.);
#196=B_SPLINE_CURVE_WITH_KNOTS('',3,(#13699,#13700,#13701,#13702,#13703,
#13704,#13705,#13706,#13707,#13708),.UNSPECIFIED.,.F.,.F.,(4,3,3,4),(-4.,
-3.,-2.,-1.),.UNSPECIFIED.);
#197=B_SPLINE_CURVE_WITH_KNOTS('',3,(#13725,#13726,#13727,#13728,#13729,
#13730,#13731),.UNSPECIFIED.,.F.,.F.,(4,3,4),(-6.,-5.,-4.),
 .UNSPECIFIED.);
#198=B_SPLINE_CURVE_WITH_KNOTS('',3,(#13755,#13756,#13757,#13758,#13759,
#13760,#13761),.UNSPECIFIED.,.F.,.F.,(4,3,4),(-9.,-8.,-7.),
 .UNSPECIFIED.);
#199=B_SPLINE_CURVE_WITH_KNOTS('',3,(#13792,#13793,#13794,#13795,#13796,
#13797,#13798,#13799,#13800,#13801,#13802,#13803,#13804),.UNSPECIFIED.,
 .F.,.F.,(4,3,3,3,4),(-6.,-5.,-4.,-3.,-2.),.UNSPECIFIED.);
#200=B_SPLINE_CURVE_WITH_KNOTS('',3,(#13850,#13851,#13852,#13853,#13854,
#13855,#13856,#13857,#13858,#13859,#13860,#13861,#13862),.UNSPECIFIED.,
 .F.,.F.,(4,3,3,3,4),(-14.,-13.,-12.,-11.,-10.),.UNSPECIFIED.);
#201=B_SPLINE_CURVE_WITH_KNOTS('',3,(#13940,#13941,#13942,#13943,#13944,
#13945,#13946),.UNSPECIFIED.,.F.,.F.,(4,3,4),(-2.,-1.,0.),.UNSPECIFIED.);
#202=B_SPLINE_CURVE_WITH_KNOTS('',3,(#14030,#14031,#14032,#14033,#14034,
#14035,#14036,#14037,#14038,#14039,#14040,#14041,#14042,#14043,#14044,#14045,
#14046,#14047,#14048,#14049,#14050,#14051,#14052,#14053,#14054,#14055,#14056,
#14057,#14058,#14059,#14060,#14061,#14062,#14063,#14064,#14065,#14066,#14067,
#14068,#14069),.UNSPECIFIED.,.F.,.F.,(4,3,3,3,3,3,3,3,3,3,3,3,3,4),(-33.,
-32.,-31.,-30.,-29.,-28.,-27.,-26.,-25.,-24.,-23.,-22.,-21.,-20.),
 .UNSPECIFIED.);
#203=B_SPLINE_CURVE_WITH_KNOTS('',3,(#14174,#14175,#14176,#14177,#14178,
#14179,#14180,#14181,#14182,#14183,#14184,#14185,#14186,#14187,#14188,#14189,
#14190,#14191,#14192,#14193,#14194,#14195,#14196,#14197,#14198,#14199,#14200,
#14201,#14202,#14203,#14204,#14205,#14206,#14207,#14208,#14209,#14210,#14211,
#14212,#14213,#14214,#14215,#14216,#14217,#14218,#14219,#14220,#14221,#14222),
 .UNSPECIFIED.,.F.,.F.,(4,3,3,3,3,3,3,3,3,3,3,3,3,3,3,3,4),(-19.,-18.,-17.,
-16.,-15.,-14.,-13.,-12.,-11.,-10.,-9.,-8.,-7.,-6.,-5.,-4.,-3.),
 .UNSPECIFIED.);
#204=B_SPLINE_CURVE_WITH_KNOTS('',3,(#14401,#14402,#14403,#14404,#14405,
#14406,#14407,#14408,#14409,#14410),.UNSPECIFIED.,.F.,.F.,(4,3,3,4),(-18.,
-17.,-16.,-15.),.UNSPECIFIED.);
#205=B_SPLINE_CURVE_WITH_KNOTS('',3,(#14464,#14465,#14466,#14467,#14468,
#14469,#14470,#14471,#14472,#14473,#14474,#14475,#14476,#14477,#14478,#14479,
#14480,#14481,#14482),.UNSPECIFIED.,.F.,.F.,(4,3,3,3,3,3,4),(-12.,-11.,
-10.,-9.,-8.,-7.,-6.),.UNSPECIFIED.);
#206=B_SPLINE_CURVE_WITH_KNOTS('',3,(#14515,#14516,#14517,#14518,#14519,
#14520,#14521,#14522,#14523,#14524),.UNSPECIFIED.,.F.,.F.,(4,3,3,4),(-3.,
-2.,-1.,0.),.UNSPECIFIED.);
#207=B_SPLINE_CURVE_WITH_KNOTS('',3,(#14736,#14737,#14738,#14739,#14740,
#14741,#14742,#14743,#14744,#14745,#14746,#14747,#14748,#14749,#14750,#14751,
#14752,#14753,#14754,#14755,#14756,#14757,#14758,#14759,#14760,#14761,#14762,
#14763,#14764,#14765,#14766,#14767,#14768,#14769,#14770,#14771,#14772,#14773,
#14774,#14775,#14776,#14777,#14778),.UNSPECIFIED.,.T.,.F.,(4,3,3,3,3,3,
3,3,3,3,3,3,3,3,4),(-14.,-13.,-12.,-11.,-10.,-9.,-8.,-7.,-6.,-5.,-4.,-3.,
-2.,-1.,0.),.UNSPECIFIED.);
#208=B_SPLINE_CURVE_WITH_KNOTS('',3,(#14781,#14782,#14783,#14784,#14785,
#14786,#14787,#14788,#14789,#14790,#14791,#14792,#14793,#14794,#14795,#14796,
#14797,#14798,#14799,#14800,#14801,#14802,#14803,#14804,#14805,#14806,#14807,
#14808,#14809,#14810,#14811,#14812,#14813,#14814,#14815,#14816,#14817,#14818,
#14819,#14820,#14821,#14822,#14823),.UNSPECIFIED.,.T.,.F.,(4,3,3,3,3,3,
3,3,3,3,3,3,3,3,4),(-14.,-13.,-12.,-11.,-10.,-9.,-8.,-7.,-6.,-5.,-4.,-3.,
-2.,-1.,0.),.UNSPECIFIED.);
#209=B_SPLINE_CURVE_WITH_KNOTS('',3,(#14924,#14925,#14926,#14927,#14928,
#14929,#14930,#14931,#14932,#14933,#14934,#14935,#14936,#14937,#14938,#14939,
#14940,#14941,#14942,#14943,#14944,#14945,#14946,#14947,#14948,#14949,#14950,
#14951,#14952,#14953,#14954,#14955,#14956,#14957,#14958,#14959,#14960,#14961,
#14962,#14963,#14964,#14965,#14966,#14967,#14968,#14969,#14970,#14971,#14972),
 .UNSPECIFIED.,.T.,.F.,(4,3,3,3,3,3,3,3,3,3,3,3,3,3,3,3,4),(-16.,-15.,-14.,
-13.,-12.,-11.,-10.,-9.,-8.,-7.,-6.,-5.,-4.,-3.,-2.,-1.,0.),
 .UNSPECIFIED.);
#210=B_SPLINE_CURVE_WITH_KNOTS('',3,(#15033,#15034,#15035,#15036,#15037,
#15038,#15039,#15040,#15041,#15042,#15043,#15044,#15045),.UNSPECIFIED.,
 .F.,.F.,(4,3,3,3,4),(-9.,-8.,-7.,-6.,-5.),.UNSPECIFIED.);
#211=B_SPLINE_CURVE_WITH_KNOTS('',3,(#15094,#15095,#15096,#15097,#15098,
#15099,#15100,#15101,#15102,#15103,#15104,#15105,#15106),.UNSPECIFIED.,
 .F.,.F.,(4,3,3,3,4),(-18.,-17.,-16.,-15.,-14.),.UNSPECIFIED.);
#212=B_SPLINE_CURVE_WITH_KNOTS('',3,(#15147,#15148,#15149,#15150,#15151,
#15152,#15153,#15154,#15155,#15156),.UNSPECIFIED.,.F.,.F.,(4,3,3,4),(-14.,
-13.,-12.,-11.),.UNSPECIFIED.);
#213=B_SPLINE_CURVE_WITH_KNOTS('',3,(#15167,#15168,#15169,#15170),
 .UNSPECIFIED.,.F.,.F.,(4,4),(-15.,-14.),.UNSPECIFIED.);
#214=B_SPLINE_CURVE_WITH_KNOTS('',3,(#15197,#15198,#15199,#15200,#15201,
#15202,#15203,#15204,#15205,#15206),.UNSPECIFIED.,.F.,.F.,(4,3,3,4),(-19.,
-18.,-17.,-16.),.UNSPECIFIED.);
#215=B_SPLINE_CURVE_WITH_KNOTS('',3,(#15238,#15239,#15240,#15241,#15242,
#15243,#15244,#15245,#15246,#15247),.UNSPECIFIED.,.F.,.F.,(4,3,3,4),(-3.,
-2.,-1.,0.),.UNSPECIFIED.);
#216=B_SPLINE_CURVE_WITH_KNOTS('',3,(#15288,#15289,#15290,#15291,#15292,
#15293,#15294,#15295,#15296,#15297,#15298,#15299,#15300,#15301,#15302,#15303,
#15304,#15305,#15306),.UNSPECIFIED.,.F.,.F.,(4,3,3,3,3,3,4),(-9.,-8.,-7.,
-6.,-5.,-4.,-3.),.UNSPECIFIED.);
#217=B_SPLINE_CURVE_WITH_KNOTS('',3,(#15448,#15449,#15450,#15451,#15452,
#15453,#15454,#15455,#15456,#15457,#15458,#15459,#15460,#15461,#15462,#15463),
 .UNSPECIFIED.,.F.,.F.,(4,3,3,3,3,4),(-8.,-7.,-6.,-5.,-4.,-3.),
 .UNSPECIFIED.);
#218=B_SPLINE_CURVE_WITH_KNOTS('',3,(#15518,#15519,#15520,#15521,#15522,
#15523,#15524,#15525,#15526,#15527,#15528,#15529,#15530,#15531,#15532,#15533),
 .UNSPECIFIED.,.F.,.F.,(4,3,3,3,3,4),(-18.,-17.,-16.,-15.,-14.,-13.),
 .UNSPECIFIED.);
#219=B_SPLINE_CURVE_WITH_KNOTS('',3,(#15603,#15604,#15605,#15606,#15607,
#15608,#15609),.UNSPECIFIED.,.F.,.F.,(4,3,4),(-2.,-1.,0.),.UNSPECIFIED.);
#220=B_SPLINE_CURVE_WITH_KNOTS('',3,(#15633,#15634,#15635,#15636,#15637,
#15638,#15639,#15640,#15641,#15642),.UNSPECIFIED.,.F.,.F.,(4,3,3,4),(-14.,
-13.,-12.,-11.),.UNSPECIFIED.);
#221=B_SPLINE_CURVE_WITH_KNOTS('',3,(#15689,#15690,#15691,#15692,#15693,
#15694,#15695,#15696,#15697,#15698,#15699,#15700,#15701,#15702,#15703,#15704),
 .UNSPECIFIED.,.F.,.F.,(4,3,3,3,3,4),(-8.,-7.,-6.,-5.,-4.,-3.),
 .UNSPECIFIED.);
#222=B_SPLINE_CURVE_WITH_KNOTS('',3,(#15837,#15838,#15839,#15840,#15841,
#15842,#15843,#15844,#15845,#15846,#15847,#15848,#15849,#15850,#15851,#15852,
#15853,#15854,#15855,#15856,#15857,#15858,#15859,#15860,#15861,#15862,#15863,
#15864,#15865,#15866,#15867,#15868,#15869,#15870,#15871,#15872,#15873,#15874,
#15875,#15876,#15877,#15878,#15879),.UNSPECIFIED.,.T.,.F.,(4,3,3,3,3,3,
3,3,3,3,3,3,3,3,4),(-14.,-13.,-12.,-11.,-10.,-9.,-8.,-7.,-6.,-5.,-4.,-3.,
-2.,-1.,0.),.UNSPECIFIED.);
#223=B_SPLINE_CURVE_WITH_KNOTS('',3,(#15882,#15883,#15884,#15885,#15886,
#15887,#15888,#15889,#15890,#15891,#15892,#15893,#15894,#15895,#15896,#15897,
#15898,#15899,#15900,#15901,#15902,#15903,#15904,#15905,#15906,#15907,#15908,
#15909,#15910,#15911,#15912,#15913,#15914,#15915,#15916,#15917,#15918,#15919,
#15920,#15921,#15922,#15923,#15924),.UNSPECIFIED.,.T.,.F.,(4,3,3,3,3,3,
3,3,3,3,3,3,3,3,4),(-14.,-13.,-12.,-11.,-10.,-9.,-8.,-7.,-6.,-5.,-4.,-3.,
-2.,-1.,0.),.UNSPECIFIED.);
#224=B_SPLINE_CURVE_WITH_KNOTS('',3,(#16025,#16026,#16027,#16028,#16029,
#16030,#16031,#16032,#16033,#16034,#16035,#16036,#16037,#16038,#16039,#16040,
#16041,#16042,#16043,#16044,#16045,#16046,#16047,#16048,#16049,#16050,#16051,
#16052,#16053,#16054,#16055,#16056,#16057,#16058,#16059,#16060,#16061,#16062,
#16063,#16064,#16065,#16066,#16067,#16068,#16069,#16070,#16071,#16072,#16073),
 .UNSPECIFIED.,.T.,.F.,(4,3,3,3,3,3,3,3,3,3,3,3,3,3,3,3,4),(-16.,-15.,-14.,
-13.,-12.,-11.,-10.,-9.,-8.,-7.,-6.,-5.,-4.,-3.,-2.,-1.,0.),
 .UNSPECIFIED.);
#225=B_SPLINE_CURVE_WITH_KNOTS('',3,(#16109,#16110,#16111,#16112,#16113,
#16114,#16115,#16116,#16117,#16118,#16119,#16120,#16121,#16122,#16123,#16124),
 .UNSPECIFIED.,.F.,.F.,(4,3,3,3,3,4),(-6.,-5.,-4.,-3.,-2.,-1.),
 .UNSPECIFIED.);
#226=B_SPLINE_CURVE_WITH_KNOTS('',3,(#16128,#16129,#16130,#16131,#16132,
#16133,#16134,#16135,#16136,#16137,#16138,#16139,#16140,#16141,#16142,#16143),
 .UNSPECIFIED.,.F.,.F.,(4,3,3,3,3,4),(-6.,-5.,-4.,-3.,-2.,-1.),
 .UNSPECIFIED.);
#227=B_SPLINE_CURVE_WITH_KNOTS('',3,(#16196,#16197,#16198,#16199,#16200,
#16201,#16202,#16203,#16204,#16205,#16206,#16207,#16208),.UNSPECIFIED.,
 .F.,.F.,(4,3,3,3,4),(-5.,-4.,-3.,-2.,-1.),.UNSPECIFIED.);
#228=B_SPLINE_CURVE_WITH_KNOTS('',3,(#16211,#16212,#16213,#16214,#16215,
#16216,#16217,#16218,#16219,#16220,#16221,#16222,#16223),.UNSPECIFIED.,
 .F.,.F.,(4,3,3,3,4),(-5.,-4.,-3.,-2.,-1.),.UNSPECIFIED.);
#229=B_SPLINE_CURVE_WITH_KNOTS('',3,(#16268,#16269,#16270,#16271,#16272,
#16273,#16274,#16275,#16276,#16277,#16278,#16279,#16280,#16281,#16282,#16283),
 .UNSPECIFIED.,.F.,.F.,(4,3,3,3,3,4),(-4.99999892416728,-4.,-3.,-2.,-1.,
0.),.UNSPECIFIED.);
#230=B_SPLINE_CURVE_WITH_KNOTS('',3,(#16319,#16320,#16321,#16322,#16323,
#16324,#16325,#16326,#16327,#16328,#16329,#16330,#16331,#16332,#16333,#16334),
 .UNSPECIFIED.,.F.,.F.,(4,3,3,3,3,4),(-6.,-5.,-4.,-3.,-2.,-1.00000147925423),
 .UNSPECIFIED.);
#231=(
BOUNDED_SURFACE()
B_SPLINE_SURFACE(2,2,((#10318,#10319,#10320,#10321,#10322,#10323,#10324),
(#10325,#10326,#10327,#10328,#10329,#10330,#10331),(#10332,#10333,#10334,
#10335,#10336,#10337,#10338)),.UNSPECIFIED.,.F.,.F.,.F.)
B_SPLINE_SURFACE_WITH_KNOTS((3,3),(3,2,2,3),(0.,1.5707963267949),(-1.83259571459405,
-0.610865238198015,0.610865238198017,1.83259571459405),.UNSPECIFIED.)
GEOMETRIC_REPRESENTATION_ITEM()
RATIONAL_B_SPLINE_SURFACE(((1.,0.819152044288991,1.,0.819152044288991,1.,
0.819152044288991,1.),(0.707106781186544,0.579227965339566,0.707106781186544,
0.579227965339566,0.707106781186544,0.579227965339566,0.707106781186544),
(1.,0.819152044288991,1.,0.819152044288991,1.,0.819152044288991,1.)))
REPRESENTATION_ITEM('')
SURFACE()
);
#232=(
BOUNDED_SURFACE()
B_SPLINE_SURFACE(2,2,((#10359,#10360,#10361,#10362,#10363,#10364,#10365),
(#10366,#10367,#10368,#10369,#10370,#10371,#10372),(#10373,#10374,#10375,
#10376,#10377,#10378,#10379)),.UNSPECIFIED.,.F.,.F.,.F.)
B_SPLINE_SURFACE_WITH_KNOTS((3,3),(3,2,2,3),(0.,1.5707963267949),(-1.83259571459405,
-0.610865238198015,0.610865238198016,1.83259571459405),.UNSPECIFIED.)
GEOMETRIC_REPRESENTATION_ITEM()
RATIONAL_B_SPLINE_SURFACE(((1.,0.819152044288992,1.,0.819152044288992,1.,
0.819152044288992,1.),(0.707106781186537,0.579227965339561,0.707106781186537,
0.579227965339561,0.707106781186537,0.579227965339561,0.707106781186537),
(1.,0.819152044288992,1.,0.819152044288992,1.,0.819152044288992,1.)))
REPRESENTATION_ITEM('')
SURFACE()
);
#233=(
BOUNDED_SURFACE()
B_SPLINE_SURFACE(2,2,((#10395,#10396,#10397,#10398,#10399,#10400,#10401),
(#10402,#10403,#10404,#10405,#10406,#10407,#10408),(#10409,#10410,#10411,
#10412,#10413,#10414,#10415)),.UNSPECIFIED.,.F.,.F.,.F.)
B_SPLINE_SURFACE_WITH_KNOTS((3,3),(3,2,2,3),(0.,1.5707963267949),(-1.0471975511966,
0.174532925199433,1.39626340159546,2.6179938779915),.UNSPECIFIED.)
GEOMETRIC_REPRESENTATION_ITEM()
RATIONAL_B_SPLINE_SURFACE(((1.,0.819152044288991,1.,0.819152044288991,1.,
0.819152044288991,1.),(0.707106781186541,0.579227965339564,0.707106781186541,
0.579227965339564,0.707106781186541,0.579227965339564,0.707106781186541),
(1.,0.819152044288991,1.,0.819152044288991,1.,0.819152044288991,1.)))
REPRESENTATION_ITEM('')
SURFACE()
);
#234=(
BOUNDED_SURFACE()
B_SPLINE_SURFACE(2,2,((#10433,#10434,#10435,#10436,#10437,#10438,#10439),
(#10440,#10441,#10442,#10443,#10444,#10445,#10446),(#10447,#10448,#10449,
#10450,#10451,#10452,#10453)),.UNSPECIFIED.,.F.,.F.,.F.)
B_SPLINE_SURFACE_WITH_KNOTS((3,3),(3,2,2,3),(0.,1.5707963267949),(-2.6179938779915,
-1.39626340159546,-0.174532925199432,1.0471975511966),.UNSPECIFIED.)
GEOMETRIC_REPRESENTATION_ITEM()
RATIONAL_B_SPLINE_SURFACE(((1.,0.819152044288991,1.,0.819152044288991,1.,
0.819152044288991,1.),(0.707106781186541,0.579227965339563,0.707106781186541,
0.579227965339563,0.707106781186541,0.579227965339563,0.707106781186541),
(1.,0.819152044288991,1.,0.819152044288991,1.,0.819152044288991,1.)))
REPRESENTATION_ITEM('')
SURFACE()
);
#235=(
BOUNDED_SURFACE()
B_SPLINE_SURFACE(1,2,((#12124,#12125,#12126),(#12127,#12128,#12129)),
 .UNSPECIFIED.,.F.,.F.,.F.)
B_SPLINE_SURFACE_WITH_KNOTS((2,2),(3,3),(0.,0.00192812832206397),(3.04611760721357,
3.31784589378336),.UNSPECIFIED.)
GEOMETRIC_REPRESENTATION_ITEM()
RATIONAL_B_SPLINE_SURFACE(((1.,0.990784655930955,1.),(1.,0.990784655930955,
1.)))
REPRESENTATION_ITEM('')
SURFACE()
);
#236=(
BOUNDED_SURFACE()
B_SPLINE_SURFACE(1,2,((#12172,#12173,#12174),(#12175,#12176,#12177)),
 .UNSPECIFIED.,.F.,.F.,.F.)
B_SPLINE_SURFACE_WITH_KNOTS((2,2),(3,3),(0.,0.00204698791871162),(2.95951208682964,
3.25487832071274),.UNSPECIFIED.)
GEOMETRIC_REPRESENTATION_ITEM()
RATIONAL_B_SPLINE_SURFACE(((1.,0.989114654469463,1.),(1.,0.989114654469463,
1.)))
REPRESENTATION_ITEM('')
SURFACE()
);
#237=(
BOUNDED_SURFACE()
B_SPLINE_SURFACE(1,2,((#13415,#13416,#13417),(#13418,#13419,#13420)),
 .UNSPECIFIED.,.F.,.F.,.F.)
B_SPLINE_SURFACE_WITH_KNOTS((2,2),(3,3),(0.,0.00318147906937147),(2.76287214714531,
3.09647775412579),.UNSPECIFIED.)
GEOMETRIC_REPRESENTATION_ITEM()
RATIONAL_B_SPLINE_SURFACE(((1.,0.986120637852235,1.),(1.,0.986120637852235,
1.)))
REPRESENTATION_ITEM('')
SURFACE()
);
#238=(
BOUNDED_SURFACE()
B_SPLINE_SURFACE(1,2,((#13732,#13733,#13734),(#13735,#13736,#13737)),
 .UNSPECIFIED.,.F.,.F.,.F.)
B_SPLINE_SURFACE_WITH_KNOTS((2,2),(3,3),(0.,0.000225977264450936),(-0.04693322413984,
0.0708059317612903),.UNSPECIFIED.)
GEOMETRIC_REPRESENTATION_ITEM()
RATIONAL_B_SPLINE_SURFACE(((1.,0.998267686778651,1.),(1.,0.998267686778651,
1.)))
REPRESENTATION_ITEM('')
SURFACE()
);
#239=(
BOUNDED_SURFACE()
B_SPLINE_SURFACE(1,2,((#15114,#15115,#15116),(#15117,#15118,#15119)),
 .UNSPECIFIED.,.F.,.F.,.F.)
B_SPLINE_SURFACE_WITH_KNOTS((2,2),(3,3),(0.,0.00148057704662251),(3.00835472979504,
3.22663459631246),.UNSPECIFIED.)
GEOMETRIC_REPRESENTATION_ITEM()
RATIONAL_B_SPLINE_SURFACE(((1.,0.994050146988527,1.),(1.,0.994050146988527,
1.)))
REPRESENTATION_ITEM('')
SURFACE()
);
#240=(
BOUNDED_SURFACE()
B_SPLINE_SURFACE(1,2,((#15207,#15208,#15209),(#15210,#15211,#15212)),
 .UNSPECIFIED.,.F.,.F.,.F.)
B_SPLINE_SURFACE_WITH_KNOTS((2,2),(3,3),(0.,0.000209711411511998),(-3.18350973281974,
-3.071143286834),.UNSPECIFIED.)
GEOMETRIC_REPRESENTATION_ITEM()
RATIONAL_B_SPLINE_SURFACE(((1.,0.998422137843245,1.),(1.,0.998422137843245,
1.)))
REPRESENTATION_ITEM('')
SURFACE()
);
#241=FACE_BOUND('',#2787,.T.);
#242=FACE_BOUND('',#2788,.T.);
#243=FACE_BOUND('',#2789,.T.);
#244=FACE_BOUND('',#2790,.T.);
#245=FACE_BOUND('',#2791,.T.);
#246=FACE_BOUND('',#2812,.T.);
#247=FACE_BOUND('',#2813,.T.);
#248=FACE_BOUND('',#2814,.T.);
#249=FACE_BOUND('',#2815,.T.);
#250=FACE_BOUND('',#2816,.T.);
#251=FACE_BOUND('',#2817,.T.);
#252=FACE_BOUND('',#2818,.T.);
#253=FACE_BOUND('',#2819,.T.);
#254=FACE_BOUND('',#2820,.T.);
#255=FACE_BOUND('',#2821,.T.);
#256=FACE_BOUND('',#2822,.T.);
#257=FACE_BOUND('',#2823,.T.);
#258=FACE_BOUND('',#2824,.T.);
#259=FACE_BOUND('',#2825,.T.);
#260=FACE_BOUND('',#2826,.T.);
#261=FACE_BOUND('',#2827,.T.);
#262=FACE_BOUND('',#2828,.T.);
#263=FACE_BOUND('',#2829,.T.);
#264=FACE_BOUND('',#2830,.T.);
#265=FACE_BOUND('',#2831,.T.);
#266=FACE_BOUND('',#2832,.T.);
#267=FACE_BOUND('',#2833,.T.);
#268=FACE_BOUND('',#2834,.T.);
#269=FACE_BOUND('',#2835,.T.);
#270=FACE_BOUND('',#2836,.T.);
#271=FACE_BOUND('',#2837,.T.);
#272=FACE_BOUND('',#2838,.T.);
#273=FACE_BOUND('',#2839,.T.);
#274=FACE_BOUND('',#2840,.T.);
#275=FACE_BOUND('',#2841,.T.);
#276=FACE_BOUND('',#2842,.T.);
#277=FACE_BOUND('',#2843,.T.);
#278=FACE_BOUND('',#2844,.T.);
#279=FACE_BOUND('',#2913,.T.);
#280=FACE_BOUND('',#2977,.T.);
#281=FACE_BOUND('',#3094,.T.);
#282=FACE_BOUND('',#3123,.T.);
#283=FACE_BOUND('',#3196,.T.);
#284=FACE_BOUND('',#3211,.T.);
#285=FACE_BOUND('',#3212,.T.);
#286=PLANE('',#7900);
#287=PLANE('',#7907);
#288=PLANE('',#7914);
#289=PLANE('',#7968);
#290=PLANE('',#7974);
#291=PLANE('',#8007);
#292=PLANE('',#8008);
#293=PLANE('',#8009);
#294=PLANE('',#8010);
#295=PLANE('',#8011);
#296=PLANE('',#8012);
#297=PLANE('',#8013);
#298=PLANE('',#8014);
#299=PLANE('',#8016);
#300=PLANE('',#8017);
#301=PLANE('',#8018);
#302=PLANE('',#8019);
#303=PLANE('',#8020);
#304=PLANE('',#8021);
#305=PLANE('',#8024);
#306=PLANE('',#8027);
#307=PLANE('',#8028);
#308=PLANE('',#8029);
#309=PLANE('',#8030);
#310=PLANE('',#8031);
#311=PLANE('',#8032);
#312=PLANE('',#8033);
#313=PLANE('',#8034);
#314=PLANE('',#8035);
#315=PLANE('',#8036);
#316=PLANE('',#8037);
#317=PLANE('',#8038);
#318=PLANE('',#8039);
#319=PLANE('',#8040);
#320=PLANE('',#8041);
#321=PLANE('',#8042);
#322=PLANE('',#8043);
#323=PLANE('',#8044);
#324=PLANE('',#8045);
#325=PLANE('',#8046);
#326=PLANE('',#8047);
#327=PLANE('',#8048);
#328=PLANE('',#8049);
#329=PLANE('',#8050);
#330=PLANE('',#8051);
#331=PLANE('',#8052);
#332=PLANE('',#8053);
#333=PLANE('',#8054);
#334=PLANE('',#8055);
#335=PLANE('',#8056);
#336=PLANE('',#8057);
#337=PLANE('',#8058);
#338=PLANE('',#8059);
#339=PLANE('',#8060);
#340=PLANE('',#8061);
#341=PLANE('',#8062);
#342=PLANE('',#8063);
#343=PLANE('',#8064);
#344=PLANE('',#8065);
#345=PLANE('',#8066);
#346=PLANE('',#8067);
#347=PLANE('',#8068);
#348=PLANE('',#8069);
#349=PLANE('',#8070);
#350=PLANE('',#8071);
#351=PLANE('',#8072);
#352=PLANE('',#8073);
#353=PLANE('',#8074);
#354=PLANE('',#8076);
#355=PLANE('',#8077);
#356=PLANE('',#8078);
#357=PLANE('',#8079);
#358=PLANE('',#8080);
#359=PLANE('',#8081);
#360=PLANE('',#8082);
#361=PLANE('',#8083);
#362=PLANE('',#8084);
#363=PLANE('',#8085);
#364=PLANE('',#8086);
#365=PLANE('',#8087);
#366=PLANE('',#8089);
#367=PLANE('',#8090);
#368=PLANE('',#8091);
#369=PLANE('',#8092);
#370=PLANE('',#8093);
#371=PLANE('',#8094);
#372=PLANE('',#8095);
#373=PLANE('',#8096);
#374=PLANE('',#8097);
#375=PLANE('',#8098);
#376=PLANE('',#8099);
#377=PLANE('',#8100);
#378=PLANE('',#8101);
#379=PLANE('',#8102);
#380=PLANE('',#8103);
#381=PLANE('',#8104);
#382=PLANE('',#8105);
#383=PLANE('',#8106);
#384=PLANE('',#8107);
#385=PLANE('',#8108);
#386=PLANE('',#8109);
#387=PLANE('',#8110);
#388=PLANE('',#8111);
#389=PLANE('',#8112);
#390=PLANE('',#8113);
#391=PLANE('',#8114);
#392=PLANE('',#8115);
#393=PLANE('',#8116);
#394=PLANE('',#8117);
#395=PLANE('',#8118);
#396=PLANE('',#8119);
#397=PLANE('',#8120);
#398=PLANE('',#8121);
#399=PLANE('',#8122);
#400=PLANE('',#8123);
#401=PLANE('',#8124);
#402=PLANE('',#8125);
#403=PLANE('',#8126);
#404=PLANE('',#8127);
#405=PLANE('',#8128);
#406=PLANE('',#8129);
#407=PLANE('',#8130);
#408=PLANE('',#8131);
#409=PLANE('',#8132);
#410=PLANE('',#8133);
#411=PLANE('',#8134);
#412=PLANE('',#8135);
#413=PLANE('',#8136);
#414=PLANE('',#8137);
#415=PLANE('',#8138);
#416=PLANE('',#8139);
#417=PLANE('',#8140);
#418=PLANE('',#8141);
#419=PLANE('',#8142);
#420=PLANE('',#8143);
#421=PLANE('',#8144);
#422=PLANE('',#8145);
#423=PLANE('',#8146);
#424=PLANE('',#8147);
#425=PLANE('',#8148);
#426=PLANE('',#8149);
#427=PLANE('',#8150);
#428=PLANE('',#8151);
#429=PLANE('',#8152);
#430=PLANE('',#8153);
#431=PLANE('',#8154);
#432=PLANE('',#8155);
#433=PLANE('',#8156);
#434=PLANE('',#8157);
#435=PLANE('',#8158);
#436=PLANE('',#8159);
#437=PLANE('',#8160);
#438=PLANE('',#8161);
#439=PLANE('',#8162);
#440=PLANE('',#8163);
#441=PLANE('',#8164);
#442=PLANE('',#8165);
#443=PLANE('',#8166);
#444=PLANE('',#8167);
#445=PLANE('',#8168);
#446=PLANE('',#8169);
#447=PLANE('',#8170);
#448=PLANE('',#8171);
#449=PLANE('',#8172);
#450=PLANE('',#8173);
#451=PLANE('',#8174);
#452=PLANE('',#8175);
#453=PLANE('',#8176);
#454=PLANE('',#8177);
#455=PLANE('',#8178);
#456=PLANE('',#8179);
#457=PLANE('',#8180);
#458=PLANE('',#8181);
#459=PLANE('',#8182);
#460=PLANE('',#8183);
#461=PLANE('',#8184);
#462=PLANE('',#8185);
#463=PLANE('',#8186);
#464=PLANE('',#8187);
#465=PLANE('',#8188);
#466=PLANE('',#8189);
#467=PLANE('',#8190);
#468=PLANE('',#8191);
#469=PLANE('',#8192);
#470=PLANE('',#8193);
#471=PLANE('',#8194);
#472=PLANE('',#8195);
#473=PLANE('',#8196);
#474=PLANE('',#8197);
#475=PLANE('',#8198);
#476=PLANE('',#8199);
#477=PLANE('',#8200);
#478=PLANE('',#8201);
#479=PLANE('',#8202);
#480=PLANE('',#8203);
#481=PLANE('',#8204);
#482=PLANE('',#8205);
#483=PLANE('',#8206);
#484=PLANE('',#8207);
#485=PLANE('',#8208);
#486=PLANE('',#8209);
#487=PLANE('',#8210);
#488=PLANE('',#8211);
#489=PLANE('',#8213);
#490=PLANE('',#8215);
#491=PLANE('',#8216);
#492=PLANE('',#8217);
#493=PLANE('',#8218);
#494=PLANE('',#8219);
#495=PLANE('',#8220);
#496=PLANE('',#8221);
#497=PLANE('',#8222);
#498=PLANE('',#8223);
#499=PLANE('',#8224);
#500=PLANE('',#8225);
#501=PLANE('',#8226);
#502=PLANE('',#8227);
#503=PLANE('',#8228);
#504=PLANE('',#8229);
#505=PLANE('',#8230);
#506=PLANE('',#8231);
#507=PLANE('',#8232);
#508=PLANE('',#8233);
#509=PLANE('',#8234);
#510=PLANE('',#8235);
#511=PLANE('',#8236);
#512=PLANE('',#8237);
#513=PLANE('',#8238);
#514=PLANE('',#8239);
#515=PLANE('',#8240);
#516=PLANE('',#8241);
#517=PLANE('',#8242);
#518=PLANE('',#8243);
#519=PLANE('',#8244);
#520=PLANE('',#8245);
#521=PLANE('',#8246);
#522=PLANE('',#8247);
#523=PLANE('',#8248);
#524=PLANE('',#8249);
#525=PLANE('',#8250);
#526=PLANE('',#8251);
#527=PLANE('',#8252);
#528=PLANE('',#8253);
#529=PLANE('',#8254);
#530=PLANE('',#8255);
#531=PLANE('',#8256);
#532=PLANE('',#8257);
#533=PLANE('',#8258);
#534=PLANE('',#8259);
#535=PLANE('',#8260);
#536=PLANE('',#8261);
#537=PLANE('',#8262);
#538=PLANE('',#8263);
#539=PLANE('',#8264);
#540=PLANE('',#8265);
#541=PLANE('',#8266);
#542=PLANE('',#8267);
#543=PLANE('',#8268);
#544=PLANE('',#8269);
#545=PLANE('',#8270);
#546=PLANE('',#8271);
#547=PLANE('',#8272);
#548=PLANE('',#8273);
#549=PLANE('',#8274);
#550=PLANE('',#8275);
#551=PLANE('',#8276);
#552=PLANE('',#8277);
#553=PLANE('',#8278);
#554=PLANE('',#8279);
#555=PLANE('',#8280);
#556=PLANE('',#8281);
#557=PLANE('',#8282);
#558=PLANE('',#8283);
#559=PLANE('',#8284);
#560=PLANE('',#8285);
#561=PLANE('',#8286);
#562=PLANE('',#8287);
#563=PLANE('',#8288);
#564=PLANE('',#8289);
#565=PLANE('',#8290);
#566=PLANE('',#8291);
#567=PLANE('',#8292);
#568=PLANE('',#8293);
#569=PLANE('',#8294);
#570=PLANE('',#8295);
#571=PLANE('',#8296);
#572=PLANE('',#8297);
#573=PLANE('',#8298);
#574=PLANE('',#8299);
#575=PLANE('',#8300);
#576=PLANE('',#8301);
#577=PLANE('',#8302);
#578=PLANE('',#8303);
#579=PLANE('',#8304);
#580=PLANE('',#8305);
#581=PLANE('',#8306);
#582=PLANE('',#8309);
#583=PLANE('',#8312);
#584=PLANE('',#8315);
#585=PLANE('',#8318);
#586=PLANE('',#8320);
#587=LINE('',#10147,#1443);
#588=LINE('',#10148,#1444);
#589=LINE('',#10171,#1445);
#590=LINE('',#10172,#1446);
#591=LINE('',#10195,#1447);
#592=LINE('',#10196,#1448);
#593=LINE('',#10219,#1449);
#594=LINE('',#10220,#1450);
#595=LINE('',#10232,#1451);
#596=LINE('',#10234,#1452);
#597=LINE('',#10235,#1453);
#598=LINE('',#10238,#1454);
#599=LINE('',#10242,#1455);
#600=LINE('',#10246,#1456);
#601=LINE('',#10250,#1457);
#602=LINE('',#10251,#1458);
#603=LINE('',#10254,#1459);
#604=LINE('',#10258,#1460);
#605=LINE('',#10262,#1461);
#606=LINE('',#10275,#1462);
#607=LINE('',#10277,#1463);
#608=LINE('',#10279,#1464);
#609=LINE('',#10281,#1465);
#610=LINE('',#10283,#1466);
#611=LINE('',#10285,#1467);
#612=LINE('',#10287,#1468);
#613=LINE('',#10289,#1469);
#614=LINE('',#10291,#1470);
#615=LINE('',#10293,#1471);
#616=LINE('',#10295,#1472);
#617=LINE('',#10296,#1473);
#618=LINE('',#10310,#1474);
#619=LINE('',#10311,#1475);
#620=LINE('',#10353,#1476);
#621=LINE('',#10354,#1477);
#622=LINE('',#10390,#1478);
#623=LINE('',#10426,#1479);
#624=LINE('',#10457,#1480);
#625=LINE('',#10459,#1481);
#626=LINE('',#10461,#1482);
#627=LINE('',#10465,#1483);
#628=LINE('',#10467,#1484);
#629=LINE('',#10469,#1485);
#630=LINE('',#10471,#1486);
#631=LINE('',#10473,#1487);
#632=LINE('',#10475,#1488);
#633=LINE('',#10477,#1489);
#634=LINE('',#10478,#1490);
#635=LINE('',#10489,#1491);
#636=LINE('',#10541,#1492);
#637=LINE('',#10622,#1493);
#638=LINE('',#10663,#1494);
#639=LINE('',#10666,#1495);
#640=LINE('',#10694,#1496);
#641=LINE('',#10695,#1497);
#642=LINE('',#10698,#1498);
#643=LINE('',#10700,#1499);
#644=LINE('',#10702,#1500);
#645=LINE('',#10704,#1501);
#646=LINE('',#10706,#1502);
#647=LINE('',#10708,#1503);
#648=LINE('',#10710,#1504);
#649=LINE('',#10712,#1505);
#650=LINE('',#10713,#1506);
#651=LINE('',#10754,#1507);
#652=LINE('',#10795,#1508);
#653=LINE('',#10809,#1509);
#654=LINE('',#10811,#1510);
#655=LINE('',#10813,#1511);
#656=LINE('',#10829,#1512);
#657=LINE('',#10831,#1513);
#658=LINE('',#10833,#1514);
#659=LINE('',#10869,#1515);
#660=LINE('',#10871,#1516);
#661=LINE('',#10873,#1517);
#662=LINE('',#10896,#1518);
#663=LINE('',#10898,#1519);
#664=LINE('',#10900,#1520);
#665=LINE('',#10922,#1521);
#666=LINE('',#10924,#1522);
#667=LINE('',#10926,#1523);
#668=LINE('',#10928,#1524);
#669=LINE('',#10930,#1525);
#670=LINE('',#10987,#1526);
#671=LINE('',#10989,#1527);
#672=LINE('',#10991,#1528);
#673=LINE('',#10993,#1529);
#674=LINE('',#10994,#1530);
#675=LINE('',#11011,#1531);
#676=LINE('',#11013,#1532);
#677=LINE('',#11015,#1533);
#678=LINE('',#11017,#1534);
#679=LINE('',#11033,#1535);
#680=LINE('',#11035,#1536);
#681=LINE('',#11037,#1537);
#682=LINE('',#11038,#1538);
#683=LINE('',#11041,#1539);
#684=LINE('',#11043,#1540);
#685=LINE('',#11045,#1541);
#686=LINE('',#11047,#1542);
#687=LINE('',#11049,#1543);
#688=LINE('',#11051,#1544);
#689=LINE('',#11053,#1545);
#690=LINE('',#11055,#1546);
#691=LINE('',#11057,#1547);
#692=LINE('',#11059,#1548);
#693=LINE('',#11060,#1549);
#694=LINE('',#11071,#1550);
#695=LINE('',#11123,#1551);
#696=LINE('',#11166,#1552);
#697=LINE('',#11168,#1553);
#698=LINE('',#11170,#1554);
#699=LINE('',#11171,#1555);
#700=LINE('',#11174,#1556);
#701=LINE('',#11176,#1557);
#702=LINE('',#11178,#1558);
#703=LINE('',#11180,#1559);
#704=LINE('',#11182,#1560);
#705=LINE('',#11184,#1561);
#706=LINE('',#11186,#1562);
#707=LINE('',#11188,#1563);
#708=LINE('',#11190,#1564);
#709=LINE('',#11192,#1565);
#710=LINE('',#11194,#1566);
#711=LINE('',#11195,#1567);
#712=LINE('',#11198,#1568);
#713=LINE('',#11200,#1569);
#714=LINE('',#11202,#1570);
#715=LINE('',#11204,#1571);
#716=LINE('',#11206,#1572);
#717=LINE('',#11208,#1573);
#718=LINE('',#11210,#1574);
#719=LINE('',#11212,#1575);
#720=LINE('',#11214,#1576);
#721=LINE('',#11216,#1577);
#722=LINE('',#11218,#1578);
#723=LINE('',#11220,#1579);
#724=LINE('',#11221,#1580);
#725=LINE('',#11224,#1581);
#726=LINE('',#11226,#1582);
#727=LINE('',#11228,#1583);
#728=LINE('',#11230,#1584);
#729=LINE('',#11232,#1585);
#730=LINE('',#11234,#1586);
#731=LINE('',#11236,#1587);
#732=LINE('',#11237,#1588);
#733=LINE('',#11262,#1589);
#734=LINE('',#11264,#1590);
#735=LINE('',#11266,#1591);
#736=LINE('',#11288,#1592);
#737=LINE('',#11290,#1593);
#738=LINE('',#11291,#1594);
#739=LINE('',#11294,#1595);
#740=LINE('',#11296,#1596);
#741=LINE('',#11298,#1597);
#742=LINE('',#11300,#1598);
#743=LINE('',#11302,#1599);
#744=LINE('',#11304,#1600);
#745=LINE('',#11306,#1601);
#746=LINE('',#11308,#1602);
#747=LINE('',#11310,#1603);
#748=LINE('',#11311,#1604);
#749=LINE('',#11314,#1605);
#750=LINE('',#11316,#1606);
#751=LINE('',#11318,#1607);
#752=LINE('',#11320,#1608);
#753=LINE('',#11322,#1609);
#754=LINE('',#11324,#1610);
#755=LINE('',#11326,#1611);
#756=LINE('',#11327,#1612);
#757=LINE('',#11330,#1613);
#758=LINE('',#11332,#1614);
#759=LINE('',#11334,#1615);
#760=LINE('',#11336,#1616);
#761=LINE('',#11338,#1617);
#762=LINE('',#11340,#1618);
#763=LINE('',#11342,#1619);
#764=LINE('',#11344,#1620);
#765=LINE('',#11346,#1621);
#766=LINE('',#11348,#1622);
#767=LINE('',#11350,#1623);
#768=LINE('',#11351,#1624);
#769=LINE('',#11404,#1625);
#770=LINE('',#11406,#1626);
#771=LINE('',#11408,#1627);
#772=LINE('',#11409,#1628);
#773=LINE('',#11412,#1629);
#774=LINE('',#11414,#1630);
#775=LINE('',#11416,#1631);
#776=LINE('',#11432,#1632);
#777=LINE('',#11434,#1633);
#778=LINE('',#11436,#1634);
#779=LINE('',#11438,#1635);
#780=LINE('',#11440,#1636);
#781=LINE('',#11456,#1637);
#782=LINE('',#11457,#1638);
#783=LINE('',#11462,#1639);
#784=LINE('',#11508,#1640);
#785=LINE('',#11526,#1641);
#786=LINE('',#11528,#1642);
#787=LINE('',#11530,#1643);
#788=LINE('',#11532,#1644);
#789=LINE('',#11534,#1645);
#790=LINE('',#11536,#1646);
#791=LINE('',#11538,#1647);
#792=LINE('',#11540,#1648);
#793=LINE('',#11542,#1649);
#794=LINE('',#11544,#1650);
#795=LINE('',#11546,#1651);
#796=LINE('',#11547,#1652);
#797=LINE('',#11550,#1653);
#798=LINE('',#11552,#1654);
#799=LINE('',#11554,#1655);
#800=LINE('',#11556,#1656);
#801=LINE('',#11558,#1657);
#802=LINE('',#11560,#1658);
#803=LINE('',#11562,#1659);
#804=LINE('',#11564,#1660);
#805=LINE('',#11566,#1661);
#806=LINE('',#11568,#1662);
#807=LINE('',#11570,#1663);
#808=LINE('',#11571,#1664);
#809=LINE('',#11574,#1665);
#810=LINE('',#11576,#1666);
#811=LINE('',#11578,#1667);
#812=LINE('',#11580,#1668);
#813=LINE('',#11582,#1669);
#814=LINE('',#11584,#1670);
#815=LINE('',#11603,#1671);
#816=LINE('',#11605,#1672);
#817=LINE('',#11607,#1673);
#818=LINE('',#11609,#1674);
#819=LINE('',#11611,#1675);
#820=LINE('',#11630,#1676);
#821=LINE('',#11632,#1677);
#822=LINE('',#11634,#1678);
#823=LINE('',#11636,#1679);
#824=LINE('',#11638,#1680);
#825=LINE('',#11640,#1681);
#826=LINE('',#11642,#1682);
#827=LINE('',#11643,#1683);
#828=LINE('',#11654,#1684);
#829=LINE('',#11673,#1685);
#830=LINE('',#11675,#1686);
#831=LINE('',#11677,#1687);
#832=LINE('',#11690,#1688);
#833=LINE('',#11692,#1689);
#834=LINE('',#11694,#1690);
#835=LINE('',#11696,#1691);
#836=LINE('',#11698,#1692);
#837=LINE('',#11699,#1693);
#838=LINE('',#11702,#1694);
#839=LINE('',#11704,#1695);
#840=LINE('',#11706,#1696);
#841=LINE('',#11707,#1697);
#842=LINE('',#11777,#1698);
#843=LINE('',#11779,#1699);
#844=LINE('',#11781,#1700);
#845=LINE('',#11799,#1701);
#846=LINE('',#11800,#1702);
#847=LINE('',#11817,#1703);
#848=LINE('',#11818,#1704);
#849=LINE('',#11827,#1705);
#850=LINE('',#11828,#1706);
#851=LINE('',#11833,#1707);
#852=LINE('',#11835,#1708);
#853=LINE('',#11845,#1709);
#854=LINE('',#11846,#1710);
#855=LINE('',#11851,#1711);
#856=LINE('',#11853,#1712);
#857=LINE('',#11856,#1713);
#858=LINE('',#11857,#1714);
#859=LINE('',#11862,#1715);
#860=LINE('',#11864,#1716);
#861=LINE('',#11870,#1717);
#862=LINE('',#11872,#1718);
#863=LINE('',#11876,#1719);
#864=LINE('',#11878,#1720);
#865=LINE('',#11880,#1721);
#866=LINE('',#11881,#1722);
#867=LINE('',#11884,#1723);
#868=LINE('',#11885,#1724);
#869=LINE('',#11886,#1725);
#870=LINE('',#11889,#1726);
#871=LINE('',#11890,#1727);
#872=LINE('',#11891,#1728);
#873=LINE('',#11894,#1729);
#874=LINE('',#11896,#1730);
#875=LINE('',#11897,#1731);
#876=LINE('',#11899,#1732);
#877=LINE('',#11902,#1733);
#878=LINE('',#11903,#1734);
#879=LINE('',#11906,#1735);
#880=LINE('',#11908,#1736);
#881=LINE('',#11911,#1737);
#882=LINE('',#11913,#1738);
#883=LINE('',#11914,#1739);
#884=LINE('',#11917,#1740);
#885=LINE('',#11919,#1741);
#886=LINE('',#11920,#1742);
#887=LINE('',#11922,#1743);
#888=LINE('',#11923,#1744);
#889=LINE('',#12011,#1745);
#890=LINE('',#12041,#1746);
#891=LINE('',#12044,#1747);
#892=LINE('',#12046,#1748);
#893=LINE('',#12047,#1749);
#894=LINE('',#12092,#1750);
#895=LINE('',#12098,#1751);
#896=LINE('',#12101,#1752);
#897=LINE('',#12103,#1753);
#898=LINE('',#12104,#1754);
#899=LINE('',#12123,#1755);
#900=LINE('',#12134,#1756);
#901=LINE('',#12165,#1757);
#902=LINE('',#12168,#1758);
#903=LINE('',#12170,#1759);
#904=LINE('',#12171,#1760);
#905=LINE('',#12183,#1761);
#906=LINE('',#12185,#1762);
#907=LINE('',#12186,#1763);
#908=LINE('',#12189,#1764);
#909=LINE('',#12190,#1765);
#910=LINE('',#12193,#1766);
#911=LINE('',#12194,#1767);
#912=LINE('',#12197,#1768);
#913=LINE('',#12198,#1769);
#914=LINE('',#12201,#1770);
#915=LINE('',#12202,#1771);
#916=LINE('',#12205,#1772);
#917=LINE('',#12206,#1773);
#918=LINE('',#12209,#1774);
#919=LINE('',#12210,#1775);
#920=LINE('',#12212,#1776);
#921=LINE('',#12229,#1777);
#922=LINE('',#12238,#1778);
#923=LINE('',#12320,#1779);
#924=LINE('',#12363,#1780);
#925=LINE('',#12364,#1781);
#926=LINE('',#12464,#1782);
#927=LINE('',#12515,#1783);
#928=LINE('',#12592,#1784);
#929=LINE('',#12631,#1785);
#930=LINE('',#12634,#1786);
#931=LINE('',#12635,#1787);
#932=LINE('',#12699,#1788);
#933=LINE('',#12746,#1789);
#934=LINE('',#12755,#1790);
#935=LINE('',#12817,#1791);
#936=LINE('',#12838,#1792);
#937=LINE('',#12841,#1793);
#938=LINE('',#12843,#1794);
#939=LINE('',#12844,#1795);
#940=LINE('',#12847,#1796);
#941=LINE('',#12849,#1797);
#942=LINE('',#12850,#1798);
#943=LINE('',#12852,#1799);
#944=LINE('',#12853,#1800);
#945=LINE('',#12856,#1801);
#946=LINE('',#12858,#1802);
#947=LINE('',#12859,#1803);
#948=LINE('',#12862,#1804);
#949=LINE('',#12863,#1805);
#950=LINE('',#12866,#1806);
#951=LINE('',#12867,#1807);
#952=LINE('',#12946,#1808);
#953=LINE('',#12948,#1809);
#954=LINE('',#12949,#1810);
#955=LINE('',#12952,#1811);
#956=LINE('',#12953,#1812);
#957=LINE('',#12956,#1813);
#958=LINE('',#12957,#1814);
#959=LINE('',#12960,#1815);
#960=LINE('',#12961,#1816);
#961=LINE('',#12964,#1817);
#962=LINE('',#12965,#1818);
#963=LINE('',#12968,#1819);
#964=LINE('',#12969,#1820);
#965=LINE('',#12972,#1821);
#966=LINE('',#12973,#1822);
#967=LINE('',#12976,#1823);
#968=LINE('',#12977,#1824);
#969=LINE('',#12979,#1825);
#970=LINE('',#13056,#1826);
#971=LINE('',#13095,#1827);
#972=LINE('',#13098,#1828);
#973=LINE('',#13099,#1829);
#974=LINE('',#13163,#1830);
#975=LINE('',#13210,#1831);
#976=LINE('',#13219,#1832);
#977=LINE('',#13242,#1833);
#978=LINE('',#13254,#1834);
#979=LINE('',#13264,#1835);
#980=LINE('',#13271,#1836);
#981=LINE('',#13272,#1837);
#982=LINE('',#13275,#1838);
#983=LINE('',#13276,#1839);
#984=LINE('',#13279,#1840);
#985=LINE('',#13280,#1841);
#986=LINE('',#13308,#1842);
#987=LINE('',#13324,#1843);
#988=LINE('',#13325,#1844);
#989=LINE('',#13328,#1845);
#990=LINE('',#13329,#1846);
#991=LINE('',#13331,#1847);
#992=LINE('',#13342,#1848);
#993=LINE('',#13348,#1849);
#994=LINE('',#13370,#1850);
#995=LINE('',#13390,#1851);
#996=LINE('',#13397,#1852);
#997=LINE('',#13398,#1853);
#998=LINE('',#13401,#1854);
#999=LINE('',#13402,#1855);
#1000=LINE('',#13405,#1856);
#1001=LINE('',#13406,#1857);
#1002=LINE('',#13409,#1858);
#1003=LINE('',#13410,#1859);
#1004=LINE('',#13413,#1860);
#1005=LINE('',#13414,#1861);
#1006=LINE('',#13422,#1862);
#1007=LINE('',#13433,#1863);
#1008=LINE('',#13453,#1864);
#1009=LINE('',#13470,#1865);
#1010=LINE('',#13477,#1866);
#1011=LINE('',#13478,#1867);
#1012=LINE('',#13481,#1868);
#1013=LINE('',#13482,#1869);
#1014=LINE('',#13485,#1870);
#1015=LINE('',#13486,#1871);
#1016=LINE('',#13502,#1872);
#1017=LINE('',#13525,#1873);
#1018=LINE('',#13542,#1874);
#1019=LINE('',#13549,#1875);
#1020=LINE('',#13550,#1876);
#1021=LINE('',#13553,#1877);
#1022=LINE('',#13554,#1878);
#1023=LINE('',#13557,#1879);
#1024=LINE('',#13558,#1880);
#1025=LINE('',#13574,#1881);
#1026=LINE('',#13603,#1882);
#1027=LINE('',#13636,#1883);
#1028=LINE('',#13642,#1884);
#1029=LINE('',#13645,#1885);
#1030=LINE('',#13646,#1886);
#1031=LINE('',#13649,#1887);
#1032=LINE('',#13650,#1888);
#1033=LINE('',#13653,#1889);
#1034=LINE('',#13654,#1890);
#1035=LINE('',#13657,#1891);
#1036=LINE('',#13658,#1892);
#1037=LINE('',#13661,#1893);
#1038=LINE('',#13662,#1894);
#1039=LINE('',#13672,#1895);
#1040=LINE('',#13698,#1896);
#1041=LINE('',#13724,#1897);
#1042=LINE('',#13739,#1898);
#1043=LINE('',#13790,#1899);
#1044=LINE('',#13805,#1900);
#1045=LINE('',#13808,#1901);
#1046=LINE('',#13809,#1902);
#1047=LINE('',#13812,#1903);
#1048=LINE('',#13813,#1904);
#1049=LINE('',#13816,#1905);
#1050=LINE('',#13817,#1906);
#1051=LINE('',#13820,#1907);
#1052=LINE('',#13821,#1908);
#1053=LINE('',#13849,#1909);
#1054=LINE('',#13865,#1910);
#1055=LINE('',#13866,#1911);
#1056=LINE('',#13869,#1912);
#1057=LINE('',#13870,#1913);
#1058=LINE('',#13873,#1914);
#1059=LINE('',#13874,#1915);
#1060=LINE('',#13876,#1916);
#1061=LINE('',#13880,#1917);
#1062=LINE('',#13882,#1918);
#1063=LINE('',#13883,#1919);
#1064=LINE('',#13886,#1920);
#1065=LINE('',#13887,#1921);
#1066=LINE('',#13890,#1922);
#1067=LINE('',#13891,#1923);
#1068=LINE('',#13894,#1924);
#1069=LINE('',#13895,#1925);
#1070=LINE('',#13898,#1926);
#1071=LINE('',#13899,#1927);
#1072=LINE('',#13902,#1928);
#1073=LINE('',#13903,#1929);
#1074=LINE('',#13906,#1930);
#1075=LINE('',#13907,#1931);
#1076=LINE('',#13910,#1932);
#1077=LINE('',#13911,#1933);
#1078=LINE('',#13914,#1934);
#1079=LINE('',#13915,#1935);
#1080=LINE('',#13918,#1936);
#1081=LINE('',#13919,#1937);
#1082=LINE('',#13921,#1938);
#1083=LINE('',#13938,#1939);
#1084=LINE('',#13947,#1940);
#1085=LINE('',#14029,#1941);
#1086=LINE('',#14072,#1942);
#1087=LINE('',#14073,#1943);
#1088=LINE('',#14173,#1944);
#1089=LINE('',#14224,#1945);
#1090=LINE('',#14228,#1946);
#1091=LINE('',#14230,#1947);
#1092=LINE('',#14231,#1948);
#1093=LINE('',#14234,#1949);
#1094=LINE('',#14235,#1950);
#1095=LINE('',#14238,#1951);
#1096=LINE('',#14239,#1952);
#1097=LINE('',#14241,#1953);
#1098=LINE('',#14245,#1954);
#1099=LINE('',#14247,#1955);
#1100=LINE('',#14248,#1956);
#1101=LINE('',#14251,#1957);
#1102=LINE('',#14252,#1958);
#1103=LINE('',#14255,#1959);
#1104=LINE('',#14256,#1960);
#1105=LINE('',#14259,#1961);
#1106=LINE('',#14260,#1962);
#1107=LINE('',#14263,#1963);
#1108=LINE('',#14264,#1964);
#1109=LINE('',#14267,#1965);
#1110=LINE('',#14268,#1966);
#1111=LINE('',#14271,#1967);
#1112=LINE('',#14272,#1968);
#1113=LINE('',#14275,#1969);
#1114=LINE('',#14276,#1970);
#1115=LINE('',#14279,#1971);
#1116=LINE('',#14280,#1972);
#1117=LINE('',#14283,#1973);
#1118=LINE('',#14284,#1974);
#1119=LINE('',#14287,#1975);
#1120=LINE('',#14288,#1976);
#1121=LINE('',#14290,#1977);
#1122=LINE('',#14294,#1978);
#1123=LINE('',#14296,#1979);
#1124=LINE('',#14297,#1980);
#1125=LINE('',#14300,#1981);
#1126=LINE('',#14301,#1982);
#1127=LINE('',#14304,#1983);
#1128=LINE('',#14305,#1984);
#1129=LINE('',#14308,#1985);
#1130=LINE('',#14309,#1986);
#1131=LINE('',#14312,#1987);
#1132=LINE('',#14313,#1988);
#1133=LINE('',#14316,#1989);
#1134=LINE('',#14317,#1990);
#1135=LINE('',#14320,#1991);
#1136=LINE('',#14321,#1992);
#1137=LINE('',#14324,#1993);
#1138=LINE('',#14325,#1994);
#1139=LINE('',#14328,#1995);
#1140=LINE('',#14329,#1996);
#1141=LINE('',#14332,#1997);
#1142=LINE('',#14333,#1998);
#1143=LINE('',#14336,#1999);
#1144=LINE('',#14337,#2000);
#1145=LINE('',#14340,#2001);
#1146=LINE('',#14341,#2002);
#1147=LINE('',#14343,#2003);
#1148=LINE('',#14347,#2004);
#1149=LINE('',#14349,#2005);
#1150=LINE('',#14350,#2006);
#1151=LINE('',#14353,#2007);
#1152=LINE('',#14354,#2008);
#1153=LINE('',#14357,#2009);
#1154=LINE('',#14358,#2010);
#1155=LINE('',#14361,#2011);
#1156=LINE('',#14362,#2012);
#1157=LINE('',#14365,#2013);
#1158=LINE('',#14366,#2014);
#1159=LINE('',#14369,#2015);
#1160=LINE('',#14370,#2016);
#1161=LINE('',#14373,#2017);
#1162=LINE('',#14374,#2018);
#1163=LINE('',#14376,#2019);
#1164=LINE('',#14399,#2020);
#1165=LINE('',#14411,#2021);
#1166=LINE('',#14414,#2022);
#1167=LINE('',#14415,#2023);
#1168=LINE('',#14418,#2024);
#1169=LINE('',#14419,#2025);
#1170=LINE('',#14422,#2026);
#1171=LINE('',#14423,#2027);
#1172=LINE('',#14463,#2028);
#1173=LINE('',#14485,#2029);
#1174=LINE('',#14486,#2030);
#1175=LINE('',#14489,#2031);
#1176=LINE('',#14490,#2032);
#1177=LINE('',#14493,#2033);
#1178=LINE('',#14494,#2034);
#1179=LINE('',#14528,#2035);
#1180=LINE('',#14530,#2036);
#1181=LINE('',#14531,#2037);
#1182=LINE('',#14534,#2038);
#1183=LINE('',#14535,#2039);
#1184=LINE('',#14538,#2040);
#1185=LINE('',#14539,#2041);
#1186=LINE('',#14542,#2042);
#1187=LINE('',#14543,#2043);
#1188=LINE('',#14546,#2044);
#1189=LINE('',#14547,#2045);
#1190=LINE('',#14550,#2046);
#1191=LINE('',#14551,#2047);
#1192=LINE('',#14554,#2048);
#1193=LINE('',#14555,#2049);
#1194=LINE('',#14558,#2050);
#1195=LINE('',#14559,#2051);
#1196=LINE('',#14562,#2052);
#1197=LINE('',#14563,#2053);
#1198=LINE('',#14565,#2054);
#1199=LINE('',#14569,#2055);
#1200=LINE('',#14571,#2056);
#1201=LINE('',#14572,#2057);
#1202=LINE('',#14575,#2058);
#1203=LINE('',#14576,#2059);
#1204=LINE('',#14579,#2060);
#1205=LINE('',#14580,#2061);
#1206=LINE('',#14583,#2062);
#1207=LINE('',#14584,#2063);
#1208=LINE('',#14587,#2064);
#1209=LINE('',#14588,#2065);
#1210=LINE('',#14591,#2066);
#1211=LINE('',#14592,#2067);
#1212=LINE('',#14595,#2068);
#1213=LINE('',#14596,#2069);
#1214=LINE('',#14598,#2070);
#1215=LINE('',#14602,#2071);
#1216=LINE('',#14604,#2072);
#1217=LINE('',#14605,#2073);
#1218=LINE('',#14608,#2074);
#1219=LINE('',#14609,#2075);
#1220=LINE('',#14612,#2076);
#1221=LINE('',#14613,#2077);
#1222=LINE('',#14616,#2078);
#1223=LINE('',#14617,#2079);
#1224=LINE('',#14620,#2080);
#1225=LINE('',#14621,#2081);
#1226=LINE('',#14624,#2082);
#1227=LINE('',#14625,#2083);
#1228=LINE('',#14628,#2084);
#1229=LINE('',#14629,#2085);
#1230=LINE('',#14632,#2086);
#1231=LINE('',#14633,#2087);
#1232=LINE('',#14636,#2088);
#1233=LINE('',#14637,#2089);
#1234=LINE('',#14640,#2090);
#1235=LINE('',#14641,#2091);
#1236=LINE('',#14644,#2092);
#1237=LINE('',#14645,#2093);
#1238=LINE('',#14647,#2094);
#1239=LINE('',#14780,#2095);
#1240=LINE('',#14923,#2096);
#1241=LINE('',#14976,#2097);
#1242=LINE('',#14978,#2098);
#1243=LINE('',#14979,#2099);
#1244=LINE('',#14982,#2100);
#1245=LINE('',#14983,#2101);
#1246=LINE('',#14986,#2102);
#1247=LINE('',#14987,#2103);
#1248=LINE('',#14989,#2104);
#1249=LINE('',#14993,#2105);
#1250=LINE('',#14995,#2106);
#1251=LINE('',#14996,#2107);
#1252=LINE('',#14999,#2108);
#1253=LINE('',#15000,#2109);
#1254=LINE('',#15003,#2110);
#1255=LINE('',#15004,#2111);
#1256=LINE('',#15032,#2112);
#1257=LINE('',#15048,#2113);
#1258=LINE('',#15049,#2114);
#1259=LINE('',#15052,#2115);
#1260=LINE('',#15053,#2116);
#1261=LINE('',#15056,#2117);
#1262=LINE('',#15057,#2118);
#1263=LINE('',#15060,#2119);
#1264=LINE('',#15061,#2120);
#1265=LINE('',#15064,#2121);
#1266=LINE('',#15065,#2122);
#1267=LINE('',#15093,#2123);
#1268=LINE('',#15109,#2124);
#1269=LINE('',#15110,#2125);
#1270=LINE('',#15112,#2126);
#1271=LINE('',#15121,#2127);
#1272=LINE('',#15124,#2128);
#1273=LINE('',#15146,#2129);
#1274=LINE('',#15166,#2130);
#1275=LINE('',#15173,#2131);
#1276=LINE('',#15174,#2132);
#1277=LINE('',#15196,#2133);
#1278=LINE('',#15214,#2134);
#1279=LINE('',#15237,#2135);
#1280=LINE('',#15287,#2136);
#1281=LINE('',#15308,#2137);
#1282=LINE('',#15312,#2138);
#1283=LINE('',#15314,#2139);
#1284=LINE('',#15315,#2140);
#1285=LINE('',#15318,#2141);
#1286=LINE('',#15319,#2142);
#1287=LINE('',#15322,#2143);
#1288=LINE('',#15323,#2144);
#1289=LINE('',#15326,#2145);
#1290=LINE('',#15327,#2146);
#1291=LINE('',#15330,#2147);
#1292=LINE('',#15331,#2148);
#1293=LINE('',#15334,#2149);
#1294=LINE('',#15335,#2150);
#1295=LINE('',#15338,#2151);
#1296=LINE('',#15339,#2152);
#1297=LINE('',#15342,#2153);
#1298=LINE('',#15343,#2154);
#1299=LINE('',#15346,#2155);
#1300=LINE('',#15347,#2156);
#1301=LINE('',#15350,#2157);
#1302=LINE('',#15351,#2158);
#1303=LINE('',#15354,#2159);
#1304=LINE('',#15355,#2160);
#1305=LINE('',#15357,#2161);
#1306=LINE('',#15361,#2162);
#1307=LINE('',#15363,#2163);
#1308=LINE('',#15364,#2164);
#1309=LINE('',#15367,#2165);
#1310=LINE('',#15368,#2166);
#1311=LINE('',#15371,#2167);
#1312=LINE('',#15372,#2168);
#1313=LINE('',#15375,#2169);
#1314=LINE('',#15376,#2170);
#1315=LINE('',#15379,#2171);
#1316=LINE('',#15380,#2172);
#1317=LINE('',#15383,#2173);
#1318=LINE('',#15384,#2174);
#1319=LINE('',#15387,#2175);
#1320=LINE('',#15388,#2176);
#1321=LINE('',#15391,#2177);
#1322=LINE('',#15392,#2178);
#1323=LINE('',#15395,#2179);
#1324=LINE('',#15396,#2180);
#1325=LINE('',#15399,#2181);
#1326=LINE('',#15400,#2182);
#1327=LINE('',#15403,#2183);
#1328=LINE('',#15404,#2184);
#1329=LINE('',#15406,#2185);
#1330=LINE('',#15410,#2186);
#1331=LINE('',#15412,#2187);
#1332=LINE('',#15413,#2188);
#1333=LINE('',#15447,#2189);
#1334=LINE('',#15466,#2190);
#1335=LINE('',#15467,#2191);
#1336=LINE('',#15470,#2192);
#1337=LINE('',#15471,#2193);
#1338=LINE('',#15474,#2194);
#1339=LINE('',#15475,#2195);
#1340=LINE('',#15478,#2196);
#1341=LINE('',#15479,#2197);
#1342=LINE('',#15482,#2198);
#1343=LINE('',#15483,#2199);
#1344=LINE('',#15517,#2200);
#1345=LINE('',#15536,#2201);
#1346=LINE('',#15537,#2202);
#1347=LINE('',#15540,#2203);
#1348=LINE('',#15541,#2204);
#1349=LINE('',#15544,#2205);
#1350=LINE('',#15545,#2206);
#1351=LINE('',#15548,#2207);
#1352=LINE('',#15549,#2208);
#1353=LINE('',#15551,#2209);
#1354=LINE('',#15555,#2210);
#1355=LINE('',#15557,#2211);
#1356=LINE('',#15558,#2212);
#1357=LINE('',#15561,#2213);
#1358=LINE('',#15562,#2214);
#1359=LINE('',#15565,#2215);
#1360=LINE('',#15566,#2216);
#1361=LINE('',#15569,#2217);
#1362=LINE('',#15570,#2218);
#1363=LINE('',#15573,#2219);
#1364=LINE('',#15574,#2220);
#1365=LINE('',#15577,#2221);
#1366=LINE('',#15578,#2222);
#1367=LINE('',#15581,#2223);
#1368=LINE('',#15582,#2224);
#1369=LINE('',#15584,#2225);
#1370=LINE('',#15601,#2226);
#1371=LINE('',#15610,#2227);
#1372=LINE('',#15632,#2228);
#1373=LINE('',#15645,#2229);
#1374=LINE('',#15646,#2230);
#1375=LINE('',#15649,#2231);
#1376=LINE('',#15650,#2232);
#1377=LINE('',#15653,#2233);
#1378=LINE('',#15654,#2234);
#1379=LINE('',#15688,#2235);
#1380=LINE('',#15706,#2236);
#1381=LINE('',#15710,#2237);
#1382=LINE('',#15712,#2238);
#1383=LINE('',#15713,#2239);
#1384=LINE('',#15716,#2240);
#1385=LINE('',#15717,#2241);
#1386=LINE('',#15720,#2242);
#1387=LINE('',#15721,#2243);
#1388=LINE('',#15724,#2244);
#1389=LINE('',#15725,#2245);
#1390=LINE('',#15728,#2246);
#1391=LINE('',#15729,#2247);
#1392=LINE('',#15731,#2248);
#1393=LINE('',#15735,#2249);
#1394=LINE('',#15737,#2250);
#1395=LINE('',#15738,#2251);
#1396=LINE('',#15741,#2252);
#1397=LINE('',#15742,#2253);
#1398=LINE('',#15745,#2254);
#1399=LINE('',#15746,#2255);
#1400=LINE('',#15748,#2256);
#1401=LINE('',#15881,#2257);
#1402=LINE('',#16024,#2258);
#1403=LINE('',#16126,#2259);
#1404=LINE('',#16144,#2260);
#1405=LINE('',#16147,#2261);
#1406=LINE('',#16149,#2262);
#1407=LINE('',#16150,#2263);
#1408=LINE('',#16153,#2264);
#1409=LINE('',#16155,#2265);
#1410=LINE('',#16156,#2266);
#1411=LINE('',#16158,#2267);
#1412=LINE('',#16159,#2268);
#1413=LINE('',#16163,#2269);
#1414=LINE('',#16165,#2270);
#1415=LINE('',#16167,#2271);
#1416=LINE('',#16168,#2272);
#1417=LINE('',#16210,#2273);
#1418=LINE('',#16226,#2274);
#1419=LINE('',#16228,#2275);
#1420=LINE('',#16229,#2276);
#1421=LINE('',#16231,#2277);
#1422=LINE('',#16232,#2278);
#1423=LINE('',#16266,#2279);
#1424=LINE('',#16284,#2280);
#1425=LINE('',#16318,#2281);
#1426=LINE('',#16337,#2282);
#1427=LINE('',#16338,#2283);
#1428=LINE('',#16341,#2284);
#1429=LINE('',#16342,#2285);
#1430=LINE('',#16344,#2286);
#1431=LINE('',#16351,#2287);
#1432=LINE('',#16353,#2288);
#1433=LINE('',#16355,#2289);
#1434=LINE('',#16357,#2290);
#1435=LINE('',#16359,#2291);
#1436=LINE('',#16362,#2292);
#1437=LINE('',#16364,#2293);
#1438=LINE('',#16366,#2294);
#1439=LINE('',#16371,#2295);
#1440=LINE('',#16376,#2296);
#1441=LINE('',#16381,#2297);
#1442=LINE('',#16386,#2298);
#1443=VECTOR('',#8337,10.);
#1444=VECTOR('',#8338,10.);
#1445=VECTOR('',#8367,10.);
#1446=VECTOR('',#8368,10.);
#1447=VECTOR('',#8397,10.);
#1448=VECTOR('',#8398,10.);
#1449=VECTOR('',#8427,10.);
#1450=VECTOR('',#8428,10.);
#1451=VECTOR('',#8445,10.);
#1452=VECTOR('',#8446,10.);
#1453=VECTOR('',#8447,10.);
#1454=VECTOR('',#8450,10.);
#1455=VECTOR('',#8455,10.);
#1456=VECTOR('',#8460,10.);
#1457=VECTOR('',#8465,10.);
#1458=VECTOR('',#8466,10.);
#1459=VECTOR('',#8469,10.);
#1460=VECTOR('',#8474,10.);
#1461=VECTOR('',#8479,10.);
#1462=VECTOR('',#8492,10.);
#1463=VECTOR('',#8493,10.);
#1464=VECTOR('',#8494,10.);
#1465=VECTOR('',#8495,10.);
#1466=VECTOR('',#8496,10.);
#1467=VECTOR('',#8497,10.);
#1468=VECTOR('',#8498,10.);
#1469=VECTOR('',#8499,10.);
#1470=VECTOR('',#8500,10.);
#1471=VECTOR('',#8501,10.);
#1472=VECTOR('',#8502,10.);
#1473=VECTOR('',#8503,10.);
#1474=VECTOR('',#8518,10.);
#1475=VECTOR('',#8519,10.);
#1476=VECTOR('',#8546,10.);
#1477=VECTOR('',#8547,10.);
#1478=VECTOR('',#8568,10.);
#1479=VECTOR('',#8589,10.);
#1480=VECTOR('',#8604,10.);
#1481=VECTOR('',#8607,10.);
#1482=VECTOR('',#8610,10.);
#1483=VECTOR('',#8613,10.);
#1484=VECTOR('',#8614,10.);
#1485=VECTOR('',#8615,10.);
#1486=VECTOR('',#8616,10.);
#1487=VECTOR('',#8617,10.);
#1488=VECTOR('',#8618,10.);
#1489=VECTOR('',#8619,10.);
#1490=VECTOR('',#8620,10.);
#1491=VECTOR('',#8621,10.);
#1492=VECTOR('',#8622,10.);
#1493=VECTOR('',#8623,10.);
#1494=VECTOR('',#8624,10.);
#1495=VECTOR('',#8625,10.);
#1496=VECTOR('',#8626,10.);
#1497=VECTOR('',#8627,10.);
#1498=VECTOR('',#8628,10.);
#1499=VECTOR('',#8629,10.);
#1500=VECTOR('',#8630,10.);
#1501=VECTOR('',#8631,10.);
#1502=VECTOR('',#8632,10.);
#1503=VECTOR('',#8633,10.);
#1504=VECTOR('',#8634,10.);
#1505=VECTOR('',#8635,10.);
#1506=VECTOR('',#8636,10.);
#1507=VECTOR('',#8637,10.);
#1508=VECTOR('',#8638,10.);
#1509=VECTOR('',#8639,10.);
#1510=VECTOR('',#8640,10.);
#1511=VECTOR('',#8641,10.);
#1512=VECTOR('',#8642,10.);
#1513=VECTOR('',#8643,10.);
#1514=VECTOR('',#8644,10.);
#1515=VECTOR('',#8645,10.);
#1516=VECTOR('',#8646,10.);
#1517=VECTOR('',#8647,10.);
#1518=VECTOR('',#8648,10.);
#1519=VECTOR('',#8649,10.);
#1520=VECTOR('',#8650,10.);
#1521=VECTOR('',#8653,10.);
#1522=VECTOR('',#8654,10.);
#1523=VECTOR('',#8655,10.);
#1524=VECTOR('',#8656,10.);
#1525=VECTOR('',#8657,10.);
#1526=VECTOR('',#8660,10.);
#1527=VECTOR('',#8661,10.);
#1528=VECTOR('',#8662,10.);
#1529=VECTOR('',#8663,10.);
#1530=VECTOR('',#8664,10.);
#1531=VECTOR('',#8665,10.);
#1532=VECTOR('',#8666,10.);
#1533=VECTOR('',#8667,10.);
#1534=VECTOR('',#8668,10.);
#1535=VECTOR('',#8669,10.);
#1536=VECTOR('',#8670,10.);
#1537=VECTOR('',#8671,10.);
#1538=VECTOR('',#8672,10.);
#1539=VECTOR('',#8673,10.);
#1540=VECTOR('',#8674,10.);
#1541=VECTOR('',#8675,10.);
#1542=VECTOR('',#8676,10.);
#1543=VECTOR('',#8677,10.);
#1544=VECTOR('',#8678,10.);
#1545=VECTOR('',#8679,10.);
#1546=VECTOR('',#8680,10.);
#1547=VECTOR('',#8681,10.);
#1548=VECTOR('',#8682,10.);
#1549=VECTOR('',#8683,10.);
#1550=VECTOR('',#8684,10.);
#1551=VECTOR('',#8685,10.);
#1552=VECTOR('',#8686,10.);
#1553=VECTOR('',#8687,10.);
#1554=VECTOR('',#8688,10.);
#1555=VECTOR('',#8689,10.);
#1556=VECTOR('',#8690,10.);
#1557=VECTOR('',#8691,10.);
#1558=VECTOR('',#8692,10.);
#1559=VECTOR('',#8693,10.);
#1560=VECTOR('',#8694,10.);
#1561=VECTOR('',#8695,10.);
#1562=VECTOR('',#8696,10.);
#1563=VECTOR('',#8697,10.);
#1564=VECTOR('',#8698,10.);
#1565=VECTOR('',#8699,10.);
#1566=VECTOR('',#8700,10.);
#1567=VECTOR('',#8701,10.);
#1568=VECTOR('',#8702,10.);
#1569=VECTOR('',#8703,10.);
#1570=VECTOR('',#8704,10.);
#1571=VECTOR('',#8705,10.);
#1572=VECTOR('',#8706,10.);
#1573=VECTOR('',#8707,10.);
#1574=VECTOR('',#8708,10.);
#1575=VECTOR('',#8709,10.);
#1576=VECTOR('',#8710,10.);
#1577=VECTOR('',#8711,10.);
#1578=VECTOR('',#8712,10.);
#1579=VECTOR('',#8713,10.);
#1580=VECTOR('',#8714,10.);
#1581=VECTOR('',#8715,10.);
#1582=VECTOR('',#8716,10.);
#1583=VECTOR('',#8717,10.);
#1584=VECTOR('',#8718,10.);
#1585=VECTOR('',#8719,10.);
#1586=VECTOR('',#8720,10.);
#1587=VECTOR('',#8721,10.);
#1588=VECTOR('',#8722,10.);
#1589=VECTOR('',#8723,10.);
#1590=VECTOR('',#8724,10.);
#1591=VECTOR('',#8725,10.);
#1592=VECTOR('',#8726,10.);
#1593=VECTOR('',#8727,10.);
#1594=VECTOR('',#8728,10.);
#1595=VECTOR('',#8729,10.);
#1596=VECTOR('',#8730,10.);
#1597=VECTOR('',#8731,10.);
#1598=VECTOR('',#8732,10.);
#1599=VECTOR('',#8733,10.);
#1600=VECTOR('',#8734,10.);
#1601=VECTOR('',#8735,10.);
#1602=VECTOR('',#8736,10.);
#1603=VECTOR('',#8737,10.);
#1604=VECTOR('',#8738,10.);
#1605=VECTOR('',#8739,10.);
#1606=VECTOR('',#8740,10.);
#1607=VECTOR('',#8741,10.);
#1608=VECTOR('',#8742,10.);
#1609=VECTOR('',#8743,10.);
#1610=VECTOR('',#8744,10.);
#1611=VECTOR('',#8745,10.);
#1612=VECTOR('',#8746,10.);
#1613=VECTOR('',#8747,10.);
#1614=VECTOR('',#8748,10.);
#1615=VECTOR('',#8749,10.);
#1616=VECTOR('',#8750,10.);
#1617=VECTOR('',#8751,10.);
#1618=VECTOR('',#8752,10.);
#1619=VECTOR('',#8753,10.);
#1620=VECTOR('',#8754,10.);
#1621=VECTOR('',#8755,10.);
#1622=VECTOR('',#8756,10.);
#1623=VECTOR('',#8757,10.);
#1624=VECTOR('',#8758,10.);
#1625=VECTOR('',#8759,10.);
#1626=VECTOR('',#8760,10.);
#1627=VECTOR('',#8761,10.);
#1628=VECTOR('',#8762,10.);
#1629=VECTOR('',#8763,10.);
#1630=VECTOR('',#8764,10.);
#1631=VECTOR('',#8765,10.);
#1632=VECTOR('',#8766,10.);
#1633=VECTOR('',#8767,10.);
#1634=VECTOR('',#8768,10.);
#1635=VECTOR('',#8769,10.);
#1636=VECTOR('',#8770,10.);
#1637=VECTOR('',#8771,10.);
#1638=VECTOR('',#8772,10.);
#1639=VECTOR('',#8775,10.);
#1640=VECTOR('',#8778,10.);
#1641=VECTOR('',#8779,10.);
#1642=VECTOR('',#8780,10.);
#1643=VECTOR('',#8781,10.);
#1644=VECTOR('',#8782,10.);
#1645=VECTOR('',#8783,10.);
#1646=VECTOR('',#8784,10.);
#1647=VECTOR('',#8785,10.);
#1648=VECTOR('',#8786,10.);
#1649=VECTOR('',#8787,10.);
#1650=VECTOR('',#8788,10.);
#1651=VECTOR('',#8789,10.);
#1652=VECTOR('',#8790,10.);
#1653=VECTOR('',#8791,10.);
#1654=VECTOR('',#8792,10.);
#1655=VECTOR('',#8793,10.);
#1656=VECTOR('',#8794,10.);
#1657=VECTOR('',#8795,10.);
#1658=VECTOR('',#8796,10.);
#1659=VECTOR('',#8797,10.);
#1660=VECTOR('',#8798,10.);
#1661=VECTOR('',#8799,10.);
#1662=VECTOR('',#8800,10.);
#1663=VECTOR('',#8801,10.);
#1664=VECTOR('',#8802,10.);
#1665=VECTOR('',#8803,10.);
#1666=VECTOR('',#8804,10.);
#1667=VECTOR('',#8805,10.);
#1668=VECTOR('',#8806,10.);
#1669=VECTOR('',#8807,10.);
#1670=VECTOR('',#8808,10.);
#1671=VECTOR('',#8809,10.);
#1672=VECTOR('',#8810,10.);
#1673=VECTOR('',#8811,10.);
#1674=VECTOR('',#8812,10.);
#1675=VECTOR('',#8813,10.);
#1676=VECTOR('',#8814,10.);
#1677=VECTOR('',#8815,10.);
#1678=VECTOR('',#8816,10.);
#1679=VECTOR('',#8817,10.);
#1680=VECTOR('',#8818,10.);
#1681=VECTOR('',#8819,10.);
#1682=VECTOR('',#8820,10.);
#1683=VECTOR('',#8821,10.);
#1684=VECTOR('',#8822,10.);
#1685=VECTOR('',#8823,10.);
#1686=VECTOR('',#8824,10.);
#1687=VECTOR('',#8825,10.);
#1688=VECTOR('',#8826,10.);
#1689=VECTOR('',#8827,10.);
#1690=VECTOR('',#8828,10.);
#1691=VECTOR('',#8829,10.);
#1692=VECTOR('',#8830,10.);
#1693=VECTOR('',#8831,10.);
#1694=VECTOR('',#8832,10.);
#1695=VECTOR('',#8833,10.);
#1696=VECTOR('',#8834,10.);
#1697=VECTOR('',#8835,10.);
#1698=VECTOR('',#8836,10.);
#1699=VECTOR('',#8837,10.);
#1700=VECTOR('',#8838,10.);
#1701=VECTOR('',#8841,10.);
#1702=VECTOR('',#8842,10.);
#1703=VECTOR('',#8863,10.);
#1704=VECTOR('',#8864,10.);
#1705=VECTOR('',#8875,10.);
#1706=VECTOR('',#8876,10.);
#1707=VECTOR('',#8881,10.);
#1708=VECTOR('',#8882,10.);
#1709=VECTOR('',#8895,10.);
#1710=VECTOR('',#8896,10.);
#1711=VECTOR('',#8901,10.);
#1712=VECTOR('',#8902,10.);
#1713=VECTOR('',#8907,10.);
#1714=VECTOR('',#8908,10.);
#1715=VECTOR('',#8913,10.);
#1716=VECTOR('',#8914,10.);
#1717=VECTOR('',#8921,10.);
#1718=VECTOR('',#8922,10.);
#1719=VECTOR('',#8927,10.);
#1720=VECTOR('',#8928,10.);
#1721=VECTOR('',#8929,10.);
#1722=VECTOR('',#8930,10.);
#1723=VECTOR('',#8933,10.);
#1724=VECTOR('',#8934,10.);
#1725=VECTOR('',#8935,10.);
#1726=VECTOR('',#8938,10.);
#1727=VECTOR('',#8939,10.);
#1728=VECTOR('',#8940,10.);
#1729=VECTOR('',#8943,10.);
#1730=VECTOR('',#8944,10.);
#1731=VECTOR('',#8945,10.);
#1732=VECTOR('',#8948,10.);
#1733=VECTOR('',#8951,10.);
#1734=VECTOR('',#8952,10.);
#1735=VECTOR('',#8957,10.);
#1736=VECTOR('',#8960,10.);
#1737=VECTOR('',#8963,10.);
#1738=VECTOR('',#8964,10.);
#1739=VECTOR('',#8965,10.);
#1740=VECTOR('',#8968,10.);
#1741=VECTOR('',#8969,10.);
#1742=VECTOR('',#8970,10.);
#1743=VECTOR('',#8973,10.);
#1744=VECTOR('',#8974,10.);
#1745=VECTOR('',#8975,10.);
#1746=VECTOR('',#8976,10.);
#1747=VECTOR('',#8979,10.);
#1748=VECTOR('',#8980,10.);
#1749=VECTOR('',#8981,10.);
#1750=VECTOR('',#8984,10.);
#1751=VECTOR('',#8985,10.);
#1752=VECTOR('',#8988,10.);
#1753=VECTOR('',#8989,10.);
#1754=VECTOR('',#8990,10.);
#1755=VECTOR('',#8991,10.);
#1756=VECTOR('',#8996,10.);
#1757=VECTOR('',#8997,10.);
#1758=VECTOR('',#9000,10.);
#1759=VECTOR('',#9001,10.);
#1760=VECTOR('',#9002,10.);
#1761=VECTOR('',#9011,10.);
#1762=VECTOR('',#9012,10.);
#1763=VECTOR('',#9013,10.);
#1764=VECTOR('',#9016,10.);
#1765=VECTOR('',#9017,10.);
#1766=VECTOR('',#9020,10.);
#1767=VECTOR('',#9021,10.);
#1768=VECTOR('',#9024,10.);
#1769=VECTOR('',#9025,10.);
#1770=VECTOR('',#9028,10.);
#1771=VECTOR('',#9029,10.);
#1772=VECTOR('',#9032,10.);
#1773=VECTOR('',#9033,10.);
#1774=VECTOR('',#9036,10.);
#1775=VECTOR('',#9037,10.);
#1776=VECTOR('',#9040,10.);
#1777=VECTOR('',#9043,10.);
#1778=VECTOR('',#9044,10.);
#1779=VECTOR('',#9045,10.);
#1780=VECTOR('',#9048,10.);
#1781=VECTOR('',#9049,10.);
#1782=VECTOR('',#9050,10.);
#1783=VECTOR('',#9053,10.);
#1784=VECTOR('',#9056,10.);
#1785=VECTOR('',#9057,10.);
#1786=VECTOR('',#9060,10.);
#1787=VECTOR('',#9061,10.);
#1788=VECTOR('',#9062,10.);
#1789=VECTOR('',#9063,10.);
#1790=VECTOR('',#9066,10.);
#1791=VECTOR('',#9069,10.);
#1792=VECTOR('',#9070,10.);
#1793=VECTOR('',#9073,10.);
#1794=VECTOR('',#9074,10.);
#1795=VECTOR('',#9075,10.);
#1796=VECTOR('',#9078,10.);
#1797=VECTOR('',#9079,10.);
#1798=VECTOR('',#9080,10.);
#1799=VECTOR('',#9083,10.);
#1800=VECTOR('',#9084,10.);
#1801=VECTOR('',#9087,10.);
#1802=VECTOR('',#9088,10.);
#1803=VECTOR('',#9089,10.);
#1804=VECTOR('',#9092,10.);
#1805=VECTOR('',#9093,10.);
#1806=VECTOR('',#9096,10.);
#1807=VECTOR('',#9097,10.);
#1808=VECTOR('',#9102,10.);
#1809=VECTOR('',#9103,10.);
#1810=VECTOR('',#9104,10.);
#1811=VECTOR('',#9107,10.);
#1812=VECTOR('',#9108,10.);
#1813=VECTOR('',#9111,10.);
#1814=VECTOR('',#9112,10.);
#1815=VECTOR('',#9115,10.);
#1816=VECTOR('',#9116,10.);
#1817=VECTOR('',#9119,10.);
#1818=VECTOR('',#9120,10.);
#1819=VECTOR('',#9123,10.);
#1820=VECTOR('',#9124,10.);
#1821=VECTOR('',#9127,10.);
#1822=VECTOR('',#9128,10.);
#1823=VECTOR('',#9131,10.);
#1824=VECTOR('',#9132,10.);
#1825=VECTOR('',#9135,10.);
#1826=VECTOR('',#9138,10.);
#1827=VECTOR('',#9139,10.);
#1828=VECTOR('',#9142,10.);
#1829=VECTOR('',#9143,10.);
#1830=VECTOR('',#9144,10.);
#1831=VECTOR('',#9145,10.);
#1832=VECTOR('',#9148,10.);
#1833=VECTOR('',#9151,10.);
#1834=VECTOR('',#9152,10.);
#1835=VECTOR('',#9153,10.);
#1836=VECTOR('',#9156,10.);
#1837=VECTOR('',#9157,10.);
#1838=VECTOR('',#9160,10.);
#1839=VECTOR('',#9161,10.);
#1840=VECTOR('',#9164,10.);
#1841=VECTOR('',#9165,10.);
#1842=VECTOR('',#9166,10.);
#1843=VECTOR('',#9169,10.);
#1844=VECTOR('',#9170,10.);
#1845=VECTOR('',#9173,10.);
#1846=VECTOR('',#9174,10.);
#1847=VECTOR('',#9177,10.);
#1848=VECTOR('',#9180,10.);
#1849=VECTOR('',#9181,10.);
#1850=VECTOR('',#9182,10.);
#1851=VECTOR('',#9183,10.);
#1852=VECTOR('',#9186,10.);
#1853=VECTOR('',#9187,10.);
#1854=VECTOR('',#9190,10.);
#1855=VECTOR('',#9191,10.);
#1856=VECTOR('',#9194,10.);
#1857=VECTOR('',#9195,10.);
#1858=VECTOR('',#9198,10.);
#1859=VECTOR('',#9199,10.);
#1860=VECTOR('',#9202,10.);
#1861=VECTOR('',#9203,10.);
#1862=VECTOR('',#9204,10.);
#1863=VECTOR('',#9207,10.);
#1864=VECTOR('',#9208,10.);
#1865=VECTOR('',#9209,10.);
#1866=VECTOR('',#9212,10.);
#1867=VECTOR('',#9213,10.);
#1868=VECTOR('',#9216,10.);
#1869=VECTOR('',#9217,10.);
#1870=VECTOR('',#9220,10.);
#1871=VECTOR('',#9221,10.);
#1872=VECTOR('',#9222,10.);
#1873=VECTOR('',#9223,10.);
#1874=VECTOR('',#9224,10.);
#1875=VECTOR('',#9227,10.);
#1876=VECTOR('',#9228,10.);
#1877=VECTOR('',#9231,10.);
#1878=VECTOR('',#9232,10.);
#1879=VECTOR('',#9235,10.);
#1880=VECTOR('',#9236,10.);
#1881=VECTOR('',#9237,10.);
#1882=VECTOR('',#9238,10.);
#1883=VECTOR('',#9241,10.);
#1884=VECTOR('',#9242,10.);
#1885=VECTOR('',#9245,10.);
#1886=VECTOR('',#9246,10.);
#1887=VECTOR('',#9249,10.);
#1888=VECTOR('',#9250,10.);
#1889=VECTOR('',#9253,10.);
#1890=VECTOR('',#9254,10.);
#1891=VECTOR('',#9257,10.);
#1892=VECTOR('',#9258,10.);
#1893=VECTOR('',#9261,10.);
#1894=VECTOR('',#9262,10.);
#1895=VECTOR('',#9263,10.);
#1896=VECTOR('',#9264,10.);
#1897=VECTOR('',#9265,10.);
#1898=VECTOR('',#9266,10.);
#1899=VECTOR('',#9271,10.);
#1900=VECTOR('',#9272,10.);
#1901=VECTOR('',#9275,10.);
#1902=VECTOR('',#9276,10.);
#1903=VECTOR('',#9279,10.);
#1904=VECTOR('',#9280,10.);
#1905=VECTOR('',#9283,10.);
#1906=VECTOR('',#9284,10.);
#1907=VECTOR('',#9287,10.);
#1908=VECTOR('',#9288,10.);
#1909=VECTOR('',#9289,10.);
#1910=VECTOR('',#9292,10.);
#1911=VECTOR('',#9293,10.);
#1912=VECTOR('',#9296,10.);
#1913=VECTOR('',#9297,10.);
#1914=VECTOR('',#9300,10.);
#1915=VECTOR('',#9301,10.);
#1916=VECTOR('',#9304,10.);
#1917=VECTOR('',#9309,10.);
#1918=VECTOR('',#9310,10.);
#1919=VECTOR('',#9311,10.);
#1920=VECTOR('',#9314,10.);
#1921=VECTOR('',#9315,10.);
#1922=VECTOR('',#9318,10.);
#1923=VECTOR('',#9319,10.);
#1924=VECTOR('',#9322,10.);
#1925=VECTOR('',#9323,10.);
#1926=VECTOR('',#9326,10.);
#1927=VECTOR('',#9327,10.);
#1928=VECTOR('',#9330,10.);
#1929=VECTOR('',#9331,10.);
#1930=VECTOR('',#9334,10.);
#1931=VECTOR('',#9335,10.);
#1932=VECTOR('',#9338,10.);
#1933=VECTOR('',#9339,10.);
#1934=VECTOR('',#9342,10.);
#1935=VECTOR('',#9343,10.);
#1936=VECTOR('',#9346,10.);
#1937=VECTOR('',#9347,10.);
#1938=VECTOR('',#9350,10.);
#1939=VECTOR('',#9353,10.);
#1940=VECTOR('',#9354,10.);
#1941=VECTOR('',#9355,10.);
#1942=VECTOR('',#9358,10.);
#1943=VECTOR('',#9359,10.);
#1944=VECTOR('',#9360,10.);
#1945=VECTOR('',#9363,10.);
#1946=VECTOR('',#9368,10.);
#1947=VECTOR('',#9369,10.);
#1948=VECTOR('',#9370,10.);
#1949=VECTOR('',#9373,10.);
#1950=VECTOR('',#9374,10.);
#1951=VECTOR('',#9377,10.);
#1952=VECTOR('',#9378,10.);
#1953=VECTOR('',#9381,10.);
#1954=VECTOR('',#9386,10.);
#1955=VECTOR('',#9387,10.);
#1956=VECTOR('',#9388,10.);
#1957=VECTOR('',#9391,10.);
#1958=VECTOR('',#9392,10.);
#1959=VECTOR('',#9395,10.);
#1960=VECTOR('',#9396,10.);
#1961=VECTOR('',#9399,10.);
#1962=VECTOR('',#9400,10.);
#1963=VECTOR('',#9403,10.);
#1964=VECTOR('',#9404,10.);
#1965=VECTOR('',#9407,10.);
#1966=VECTOR('',#9408,10.);
#1967=VECTOR('',#9411,10.);
#1968=VECTOR('',#9412,10.);
#1969=VECTOR('',#9415,10.);
#1970=VECTOR('',#9416,10.);
#1971=VECTOR('',#9419,10.);
#1972=VECTOR('',#9420,10.);
#1973=VECTOR('',#9423,10.);
#1974=VECTOR('',#9424,10.);
#1975=VECTOR('',#9427,10.);
#1976=VECTOR('',#9428,10.);
#1977=VECTOR('',#9431,10.);
#1978=VECTOR('',#9436,10.);
#1979=VECTOR('',#9437,10.);
#1980=VECTOR('',#9438,10.);
#1981=VECTOR('',#9441,10.);
#1982=VECTOR('',#9442,10.);
#1983=VECTOR('',#9445,10.);
#1984=VECTOR('',#9446,10.);
#1985=VECTOR('',#9449,10.);
#1986=VECTOR('',#9450,10.);
#1987=VECTOR('',#9453,10.);
#1988=VECTOR('',#9454,10.);
#1989=VECTOR('',#9457,10.);
#1990=VECTOR('',#9458,10.);
#1991=VECTOR('',#9461,10.);
#1992=VECTOR('',#9462,10.);
#1993=VECTOR('',#9465,10.);
#1994=VECTOR('',#9466,10.);
#1995=VECTOR('',#9469,10.);
#1996=VECTOR('',#9470,10.);
#1997=VECTOR('',#9473,10.);
#1998=VECTOR('',#9474,10.);
#1999=VECTOR('',#9477,10.);
#2000=VECTOR('',#9478,10.);
#2001=VECTOR('',#9481,10.);
#2002=VECTOR('',#9482,10.);
#2003=VECTOR('',#9485,10.);
#2004=VECTOR('',#9490,10.);
#2005=VECTOR('',#9491,10.);
#2006=VECTOR('',#9492,10.);
#2007=VECTOR('',#9495,10.);
#2008=VECTOR('',#9496,10.);
#2009=VECTOR('',#9499,10.);
#2010=VECTOR('',#9500,10.);
#2011=VECTOR('',#9503,10.);
#2012=VECTOR('',#9504,10.);
#2013=VECTOR('',#9507,10.);
#2014=VECTOR('',#9508,10.);
#2015=VECTOR('',#9511,10.);
#2016=VECTOR('',#9512,10.);
#2017=VECTOR('',#9515,10.);
#2018=VECTOR('',#9516,10.);
#2019=VECTOR('',#9519,10.);
#2020=VECTOR('',#9522,10.);
#2021=VECTOR('',#9523,10.);
#2022=VECTOR('',#9526,10.);
#2023=VECTOR('',#9527,10.);
#2024=VECTOR('',#9530,10.);
#2025=VECTOR('',#9531,10.);
#2026=VECTOR('',#9534,10.);
#2027=VECTOR('',#9535,10.);
#2028=VECTOR('',#9536,10.);
#2029=VECTOR('',#9539,10.);
#2030=VECTOR('',#9540,10.);
#2031=VECTOR('',#9543,10.);
#2032=VECTOR('',#9544,10.);
#2033=VECTOR('',#9547,10.);
#2034=VECTOR('',#9548,10.);
#2035=VECTOR('',#9553,10.);
#2036=VECTOR('',#9554,10.);
#2037=VECTOR('',#9555,10.);
#2038=VECTOR('',#9558,10.);
#2039=VECTOR('',#9559,10.);
#2040=VECTOR('',#9562,10.);
#2041=VECTOR('',#9563,10.);
#2042=VECTOR('',#9566,10.);
#2043=VECTOR('',#9567,10.);
#2044=VECTOR('',#9570,10.);
#2045=VECTOR('',#9571,10.);
#2046=VECTOR('',#9574,10.);
#2047=VECTOR('',#9575,10.);
#2048=VECTOR('',#9578,10.);
#2049=VECTOR('',#9579,10.);
#2050=VECTOR('',#9582,10.);
#2051=VECTOR('',#9583,10.);
#2052=VECTOR('',#9586,10.);
#2053=VECTOR('',#9587,10.);
#2054=VECTOR('',#9590,10.);
#2055=VECTOR('',#9595,10.);
#2056=VECTOR('',#9596,10.);
#2057=VECTOR('',#9597,10.);
#2058=VECTOR('',#9600,10.);
#2059=VECTOR('',#9601,10.);
#2060=VECTOR('',#9604,10.);
#2061=VECTOR('',#9605,10.);
#2062=VECTOR('',#9608,10.);
#2063=VECTOR('',#9609,10.);
#2064=VECTOR('',#9612,10.);
#2065=VECTOR('',#9613,10.);
#2066=VECTOR('',#9616,10.);
#2067=VECTOR('',#9617,10.);
#2068=VECTOR('',#9620,10.);
#2069=VECTOR('',#9621,10.);
#2070=VECTOR('',#9624,10.);
#2071=VECTOR('',#9629,10.);
#2072=VECTOR('',#9630,10.);
#2073=VECTOR('',#9631,10.);
#2074=VECTOR('',#9634,10.);
#2075=VECTOR('',#9635,10.);
#2076=VECTOR('',#9638,10.);
#2077=VECTOR('',#9639,10.);
#2078=VECTOR('',#9642,10.);
#2079=VECTOR('',#9643,10.);
#2080=VECTOR('',#9646,10.);
#2081=VECTOR('',#9647,10.);
#2082=VECTOR('',#9650,10.);
#2083=VECTOR('',#9651,10.);
#2084=VECTOR('',#9654,10.);
#2085=VECTOR('',#9655,10.);
#2086=VECTOR('',#9658,10.);
#2087=VECTOR('',#9659,10.);
#2088=VECTOR('',#9662,10.);
#2089=VECTOR('',#9663,10.);
#2090=VECTOR('',#9666,10.);
#2091=VECTOR('',#9667,10.);
#2092=VECTOR('',#9670,10.);
#2093=VECTOR('',#9671,10.);
#2094=VECTOR('',#9674,10.);
#2095=VECTOR('',#9677,10.);
#2096=VECTOR('',#9678,10.);
#2097=VECTOR('',#9683,10.);
#2098=VECTOR('',#9684,10.);
#2099=VECTOR('',#9685,10.);
#2100=VECTOR('',#9688,10.);
#2101=VECTOR('',#9689,10.);
#2102=VECTOR('',#9692,10.);
#2103=VECTOR('',#9693,10.);
#2104=VECTOR('',#9696,10.);
#2105=VECTOR('',#9701,10.);
#2106=VECTOR('',#9702,10.);
#2107=VECTOR('',#9703,10.);
#2108=VECTOR('',#9706,10.);
#2109=VECTOR('',#9707,10.);
#2110=VECTOR('',#9710,10.);
#2111=VECTOR('',#9711,10.);
#2112=VECTOR('',#9712,10.);
#2113=VECTOR('',#9715,10.);
#2114=VECTOR('',#9716,10.);
#2115=VECTOR('',#9719,10.);
#2116=VECTOR('',#9720,10.);
#2117=VECTOR('',#9723,10.);
#2118=VECTOR('',#9724,10.);
#2119=VECTOR('',#9727,10.);
#2120=VECTOR('',#9728,10.);
#2121=VECTOR('',#9731,10.);
#2122=VECTOR('',#9732,10.);
#2123=VECTOR('',#9733,10.);
#2124=VECTOR('',#9736,10.);
#2125=VECTOR('',#9737,10.);
#2126=VECTOR('',#9740,10.);
#2127=VECTOR('',#9743,10.);
#2128=VECTOR('',#9746,10.);
#2129=VECTOR('',#9747,10.);
#2130=VECTOR('',#9748,10.);
#2131=VECTOR('',#9751,10.);
#2132=VECTOR('',#9752,10.);
#2133=VECTOR('',#9753,10.);
#2134=VECTOR('',#9754,10.);
#2135=VECTOR('',#9757,10.);
#2136=VECTOR('',#9758,10.);
#2137=VECTOR('',#9761,10.);
#2138=VECTOR('',#9766,10.);
#2139=VECTOR('',#9767,10.);
#2140=VECTOR('',#9768,10.);
#2141=VECTOR('',#9771,10.);
#2142=VECTOR('',#9772,10.);
#2143=VECTOR('',#9775,10.);
#2144=VECTOR('',#9776,10.);
#2145=VECTOR('',#9779,10.);
#2146=VECTOR('',#9780,10.);
#2147=VECTOR('',#9783,10.);
#2148=VECTOR('',#9784,10.);
#2149=VECTOR('',#9787,10.);
#2150=VECTOR('',#9788,10.);
#2151=VECTOR('',#9791,10.);
#2152=VECTOR('',#9792,10.);
#2153=VECTOR('',#9795,10.);
#2154=VECTOR('',#9796,10.);
#2155=VECTOR('',#9799,10.);
#2156=VECTOR('',#9800,10.);
#2157=VECTOR('',#9803,10.);
#2158=VECTOR('',#9804,10.);
#2159=VECTOR('',#9807,10.);
#2160=VECTOR('',#9808,10.);
#2161=VECTOR('',#9811,10.);
#2162=VECTOR('',#9816,10.);
#2163=VECTOR('',#9817,10.);
#2164=VECTOR('',#9818,10.);
#2165=VECTOR('',#9821,10.);
#2166=VECTOR('',#9822,10.);
#2167=VECTOR('',#9825,10.);
#2168=VECTOR('',#9826,10.);
#2169=VECTOR('',#9829,10.);
#2170=VECTOR('',#9830,10.);
#2171=VECTOR('',#9833,10.);
#2172=VECTOR('',#9834,10.);
#2173=VECTOR('',#9837,10.);
#2174=VECTOR('',#9838,10.);
#2175=VECTOR('',#9841,10.);
#2176=VECTOR('',#9842,10.);
#2177=VECTOR('',#9845,10.);
#2178=VECTOR('',#9846,10.);
#2179=VECTOR('',#9849,10.);
#2180=VECTOR('',#9850,10.);
#2181=VECTOR('',#9853,10.);
#2182=VECTOR('',#9854,10.);
#2183=VECTOR('',#9857,10.);
#2184=VECTOR('',#9858,10.);
#2185=VECTOR('',#9861,10.);
#2186=VECTOR('',#9866,10.);
#2187=VECTOR('',#9867,10.);
#2188=VECTOR('',#9868,10.);
#2189=VECTOR('',#9869,10.);
#2190=VECTOR('',#9872,10.);
#2191=VECTOR('',#9873,10.);
#2192=VECTOR('',#9876,10.);
#2193=VECTOR('',#9877,10.);
#2194=VECTOR('',#9880,10.);
#2195=VECTOR('',#9881,10.);
#2196=VECTOR('',#9884,10.);
#2197=VECTOR('',#9885,10.);
#2198=VECTOR('',#9888,10.);
#2199=VECTOR('',#9889,10.);
#2200=VECTOR('',#9890,10.);
#2201=VECTOR('',#9893,10.);
#2202=VECTOR('',#9894,10.);
#2203=VECTOR('',#9897,10.);
#2204=VECTOR('',#9898,10.);
#2205=VECTOR('',#9901,10.);
#2206=VECTOR('',#9902,10.);
#2207=VECTOR('',#9905,10.);
#2208=VECTOR('',#9906,10.);
#2209=VECTOR('',#9909,10.);
#2210=VECTOR('',#9914,10.);
#2211=VECTOR('',#9915,10.);
#2212=VECTOR('',#9916,10.);
#2213=VECTOR('',#9919,10.);
#2214=VECTOR('',#9920,10.);
#2215=VECTOR('',#9923,10.);
#2216=VECTOR('',#9924,10.);
#2217=VECTOR('',#9927,10.);
#2218=VECTOR('',#9928,10.);
#2219=VECTOR('',#9931,10.);
#2220=VECTOR('',#9932,10.);
#2221=VECTOR('',#9935,10.);
#2222=VECTOR('',#9936,10.);
#2223=VECTOR('',#9939,10.);
#2224=VECTOR('',#9940,10.);
#2225=VECTOR('',#9943,10.);
#2226=VECTOR('',#9946,10.);
#2227=VECTOR('',#9947,10.);
#2228=VECTOR('',#9948,10.);
#2229=VECTOR('',#9951,10.);
#2230=VECTOR('',#9952,10.);
#2231=VECTOR('',#9955,10.);
#2232=VECTOR('',#9956,10.);
#2233=VECTOR('',#9959,10.);
#2234=VECTOR('',#9960,10.);
#2235=VECTOR('',#9961,10.);
#2236=VECTOR('',#9964,10.);
#2237=VECTOR('',#9969,10.);
#2238=VECTOR('',#9970,10.);
#2239=VECTOR('',#9971,10.);
#2240=VECTOR('',#9974,10.);
#2241=VECTOR('',#9975,10.);
#2242=VECTOR('',#9978,10.);
#2243=VECTOR('',#9979,10.);
#2244=VECTOR('',#9982,10.);
#2245=VECTOR('',#9983,10.);
#2246=VECTOR('',#9986,10.);
#2247=VECTOR('',#9987,10.);
#2248=VECTOR('',#9990,10.);
#2249=VECTOR('',#9995,10.);
#2250=VECTOR('',#9996,10.);
#2251=VECTOR('',#9997,10.);
#2252=VECTOR('',#10000,10.);
#2253=VECTOR('',#10001,10.);
#2254=VECTOR('',#10004,10.);
#2255=VECTOR('',#10005,10.);
#2256=VECTOR('',#10008,10.);
#2257=VECTOR('',#10011,10.);
#2258=VECTOR('',#10012,10.);
#2259=VECTOR('',#10015,10.);
#2260=VECTOR('',#10016,10.);
#2261=VECTOR('',#10019,10.);
#2262=VECTOR('',#10020,10.);
#2263=VECTOR('',#10021,10.);
#2264=VECTOR('',#10024,10.);
#2265=VECTOR('',#10025,10.);
#2266=VECTOR('',#10026,10.);
#2267=VECTOR('',#10029,10.);
#2268=VECTOR('',#10030,10.);
#2269=VECTOR('',#10033,10.);
#2270=VECTOR('',#10034,10.);
#2271=VECTOR('',#10035,10.);
#2272=VECTOR('',#10036,10.);
#2273=VECTOR('',#10037,10.);
#2274=VECTOR('',#10040,10.);
#2275=VECTOR('',#10041,10.);
#2276=VECTOR('',#10042,10.);
#2277=VECTOR('',#10045,10.);
#2278=VECTOR('',#10046,10.);
#2279=VECTOR('',#10047,10.);
#2280=VECTOR('',#10048,10.);
#2281=VECTOR('',#10049,10.);
#2282=VECTOR('',#10052,10.);
#2283=VECTOR('',#10053,10.);
#2284=VECTOR('',#10056,10.);
#2285=VECTOR('',#10057,10.);
#2286=VECTOR('',#10060,10.);
#2287=VECTOR('',#10073,10.);
#2288=VECTOR('',#10076,10.);
#2289=VECTOR('',#10079,10.);
#2290=VECTOR('',#10082,10.);
#2291=VECTOR('',#10085,10.);
#2292=VECTOR('',#10090,10.);
#2293=VECTOR('',#10093,10.);
#2294=VECTOR('',#10096,10.);
#2295=VECTOR('',#10103,2.);
#2296=VECTOR('',#10110,2.);
#2297=VECTOR('',#10117,1.99999999999998);
#2298=VECTOR('',#10124,2.);
#2299=CYLINDRICAL_SURFACE('',#7849,1.);
#2300=CYLINDRICAL_SURFACE('',#7863,1.);
#2301=CYLINDRICAL_SURFACE('',#7877,1.);
#2302=CYLINDRICAL_SURFACE('',#7891,1.);
#2303=CYLINDRICAL_SURFACE('',#7901,4.);
#2304=CYLINDRICAL_SURFACE('',#7903,4.);
#2305=CYLINDRICAL_SURFACE('',#7905,4.);
#2306=CYLINDRICAL_SURFACE('',#7908,4.);
#2307=CYLINDRICAL_SURFACE('',#7910,4.);
#2308=CYLINDRICAL_SURFACE('',#7912,4.);
#2309=CYLINDRICAL_SURFACE('',#7924,2.);
#2310=CYLINDRICAL_SURFACE('',#7937,2.);
#2311=CYLINDRICAL_SURFACE('',#7947,2.);
#2312=CYLINDRICAL_SURFACE('',#7957,2.);
#2313=CYLINDRICAL_SURFACE('',#7965,4.);
#2314=CYLINDRICAL_SURFACE('',#7966,4.);
#2315=CYLINDRICAL_SURFACE('',#7967,4.);
#2316=CYLINDRICAL_SURFACE('',#7973,4.);
#2317=CYLINDRICAL_SURFACE('',#7983,4.);
#2318=CYLINDRICAL_SURFACE('',#7988,4.);
#2319=CYLINDRICAL_SURFACE('',#7989,4.);
#2320=CYLINDRICAL_SURFACE('',#7996,4.);
#2321=CYLINDRICAL_SURFACE('',#7997,4.);
#2322=CYLINDRICAL_SURFACE('',#8000,4.);
#2323=CYLINDRICAL_SURFACE('',#8001,4.);
#2324=CYLINDRICAL_SURFACE('',#8004,4.);
#2325=CYLINDRICAL_SURFACE('',#8015,4.);
#2326=CYLINDRICAL_SURFACE('',#8307,2.);
#2327=CYLINDRICAL_SURFACE('',#8310,2.);
#2328=CYLINDRICAL_SURFACE('',#8313,1.99999999999998);
#2329=CYLINDRICAL_SURFACE('',#8316,2.);
#2330=CYLINDRICAL_SURFACE('',#8319,4.);
#2331=FACE_OUTER_BOUND('',#2762,.T.);
#2332=FACE_OUTER_BOUND('',#2763,.T.);
#2333=FACE_OUTER_BOUND('',#2764,.T.);
#2334=FACE_OUTER_BOUND('',#2765,.T.);
#2335=FACE_OUTER_BOUND('',#2766,.T.);
#2336=FACE_OUTER_BOUND('',#2767,.T.);
#2337=FACE_OUTER_BOUND('',#2768,.T.);
#2338=FACE_OUTER_BOUND('',#2769,.T.);
#2339=FACE_OUTER_BOUND('',#2770,.T.);
#2340=FACE_OUTER_BOUND('',#2771,.T.);
#2341=FACE_OUTER_BOUND('',#2772,.T.);
#2342=FACE_OUTER_BOUND('',#2773,.T.);
#2343=FACE_OUTER_BOUND('',#2774,.T.);
#2344=FACE_OUTER_BOUND('',#2775,.T.);
#2345=FACE_OUTER_BOUND('',#2776,.T.);
#2346=FACE_OUTER_BOUND('',#2777,.T.);
#2347=FACE_OUTER_BOUND('',#2778,.T.);
#2348=FACE_OUTER_BOUND('',#2779,.T.);
#2349=FACE_OUTER_BOUND('',#2780,.T.);
#2350=FACE_OUTER_BOUND('',#2781,.T.);
#2351=FACE_OUTER_BOUND('',#2782,.T.);
#2352=FACE_OUTER_BOUND('',#2783,.T.);
#2353=FACE_OUTER_BOUND('',#2784,.T.);
#2354=FACE_OUTER_BOUND('',#2785,.T.);
#2355=FACE_OUTER_BOUND('',#2786,.T.);
#2356=FACE_OUTER_BOUND('',#2792,.T.);
#2357=FACE_OUTER_BOUND('',#2793,.T.);
#2358=FACE_OUTER_BOUND('',#2794,.T.);
#2359=FACE_OUTER_BOUND('',#2795,.T.);
#2360=FACE_OUTER_BOUND('',#2796,.T.);
#2361=FACE_OUTER_BOUND('',#2797,.T.);
#2362=FACE_OUTER_BOUND('',#2798,.T.);
#2363=FACE_OUTER_BOUND('',#2799,.T.);
#2364=FACE_OUTER_BOUND('',#2800,.T.);
#2365=FACE_OUTER_BOUND('',#2801,.T.);
#2366=FACE_OUTER_BOUND('',#2802,.T.);
#2367=FACE_OUTER_BOUND('',#2803,.T.);
#2368=FACE_OUTER_BOUND('',#2804,.T.);
#2369=FACE_OUTER_BOUND('',#2805,.T.);
#2370=FACE_OUTER_BOUND('',#2806,.T.);
#2371=FACE_OUTER_BOUND('',#2807,.T.);
#2372=FACE_OUTER_BOUND('',#2808,.T.);
#2373=FACE_OUTER_BOUND('',#2809,.T.);
#2374=FACE_OUTER_BOUND('',#2810,.T.);
#2375=FACE_OUTER_BOUND('',#2811,.T.);
#2376=FACE_OUTER_BOUND('',#2845,.T.);
#2377=FACE_OUTER_BOUND('',#2846,.T.);
#2378=FACE_OUTER_BOUND('',#2847,.T.);
#2379=FACE_OUTER_BOUND('',#2848,.T.);
#2380=FACE_OUTER_BOUND('',#2849,.T.);
#2381=FACE_OUTER_BOUND('',#2850,.T.);
#2382=FACE_OUTER_BOUND('',#2851,.T.);
#2383=FACE_OUTER_BOUND('',#2852,.T.);
#2384=FACE_OUTER_BOUND('',#2853,.T.);
#2385=FACE_OUTER_BOUND('',#2854,.T.);
#2386=FACE_OUTER_BOUND('',#2855,.T.);
#2387=FACE_OUTER_BOUND('',#2856,.T.);
#2388=FACE_OUTER_BOUND('',#2857,.T.);
#2389=FACE_OUTER_BOUND('',#2858,.T.);
#2390=FACE_OUTER_BOUND('',#2859,.T.);
#2391=FACE_OUTER_BOUND('',#2860,.T.);
#2392=FACE_OUTER_BOUND('',#2861,.T.);
#2393=FACE_OUTER_BOUND('',#2862,.T.);
#2394=FACE_OUTER_BOUND('',#2863,.T.);
#2395=FACE_OUTER_BOUND('',#2864,.T.);
#2396=FACE_OUTER_BOUND('',#2865,.T.);
#2397=FACE_OUTER_BOUND('',#2866,.T.);
#2398=FACE_OUTER_BOUND('',#2867,.T.);
#2399=FACE_OUTER_BOUND('',#2868,.T.);
#2400=FACE_OUTER_BOUND('',#2869,.T.);
#2401=FACE_OUTER_BOUND('',#2870,.T.);
#2402=FACE_OUTER_BOUND('',#2871,.T.);
#2403=FACE_OUTER_BOUND('',#2872,.T.);
#2404=FACE_OUTER_BOUND('',#2873,.T.);
#2405=FACE_OUTER_BOUND('',#2874,.T.);
#2406=FACE_OUTER_BOUND('',#2875,.T.);
#2407=FACE_OUTER_BOUND('',#2876,.T.);
#2408=FACE_OUTER_BOUND('',#2877,.T.);
#2409=FACE_OUTER_BOUND('',#2878,.T.);
#2410=FACE_OUTER_BOUND('',#2879,.T.);
#2411=FACE_OUTER_BOUND('',#2880,.T.);
#2412=FACE_OUTER_BOUND('',#2881,.T.);
#2413=FACE_OUTER_BOUND('',#2882,.T.);
#2414=FACE_OUTER_BOUND('',#2883,.T.);
#2415=FACE_OUTER_BOUND('',#2884,.T.);
#2416=FACE_OUTER_BOUND('',#2885,.T.);
#2417=FACE_OUTER_BOUND('',#2886,.T.);
#2418=FACE_OUTER_BOUND('',#2887,.T.);
#2419=FACE_OUTER_BOUND('',#2888,.T.);
#2420=FACE_OUTER_BOUND('',#2889,.T.);
#2421=FACE_OUTER_BOUND('',#2890,.T.);
#2422=FACE_OUTER_BOUND('',#2891,.T.);
#2423=FACE_OUTER_BOUND('',#2892,.T.);
#2424=FACE_OUTER_BOUND('',#2893,.T.);
#2425=FACE_OUTER_BOUND('',#2894,.T.);
#2426=FACE_OUTER_BOUND('',#2895,.T.);
#2427=FACE_OUTER_BOUND('',#2896,.T.);
#2428=FACE_OUTER_BOUND('',#2897,.T.);
#2429=FACE_OUTER_BOUND('',#2898,.T.);
#2430=FACE_OUTER_BOUND('',#2899,.T.);
#2431=FACE_OUTER_BOUND('',#2900,.T.);
#2432=FACE_OUTER_BOUND('',#2901,.T.);
#2433=FACE_OUTER_BOUND('',#2902,.T.);
#2434=FACE_OUTER_BOUND('',#2903,.T.);
#2435=FACE_OUTER_BOUND('',#2904,.T.);
#2436=FACE_OUTER_BOUND('',#2905,.T.);
#2437=FACE_OUTER_BOUND('',#2906,.T.);
#2438=FACE_OUTER_BOUND('',#2907,.T.);
#2439=FACE_OUTER_BOUND('',#2908,.T.);
#2440=FACE_OUTER_BOUND('',#2909,.T.);
#2441=FACE_OUTER_BOUND('',#2910,.T.);
#2442=FACE_OUTER_BOUND('',#2911,.T.);
#2443=FACE_OUTER_BOUND('',#2912,.T.);
#2444=FACE_OUTER_BOUND('',#2914,.T.);
#2445=FACE_OUTER_BOUND('',#2915,.T.);
#2446=FACE_OUTER_BOUND('',#2916,.T.);
#2447=FACE_OUTER_BOUND('',#2917,.T.);
#2448=FACE_OUTER_BOUND('',#2918,.T.);
#2449=FACE_OUTER_BOUND('',#2919,.T.);
#2450=FACE_OUTER_BOUND('',#2920,.T.);
#2451=FACE_OUTER_BOUND('',#2921,.T.);
#2452=FACE_OUTER_BOUND('',#2922,.T.);
#2453=FACE_OUTER_BOUND('',#2923,.T.);
#2454=FACE_OUTER_BOUND('',#2924,.T.);
#2455=FACE_OUTER_BOUND('',#2925,.T.);
#2456=FACE_OUTER_BOUND('',#2926,.T.);
#2457=FACE_OUTER_BOUND('',#2927,.T.);
#2458=FACE_OUTER_BOUND('',#2928,.T.);
#2459=FACE_OUTER_BOUND('',#2929,.T.);
#2460=FACE_OUTER_BOUND('',#2930,.T.);
#2461=FACE_OUTER_BOUND('',#2931,.T.);
#2462=FACE_OUTER_BOUND('',#2932,.T.);
#2463=FACE_OUTER_BOUND('',#2933,.T.);
#2464=FACE_OUTER_BOUND('',#2934,.T.);
#2465=FACE_OUTER_BOUND('',#2935,.T.);
#2466=FACE_OUTER_BOUND('',#2936,.T.);
#2467=FACE_OUTER_BOUND('',#2937,.T.);
#2468=FACE_OUTER_BOUND('',#2938,.T.);
#2469=FACE_OUTER_BOUND('',#2939,.T.);
#2470=FACE_OUTER_BOUND('',#2940,.T.);
#2471=FACE_OUTER_BOUND('',#2941,.T.);
#2472=FACE_OUTER_BOUND('',#2942,.T.);
#2473=FACE_OUTER_BOUND('',#2943,.T.);
#2474=FACE_OUTER_BOUND('',#2944,.T.);
#2475=FACE_OUTER_BOUND('',#2945,.T.);
#2476=FACE_OUTER_BOUND('',#2946,.T.);
#2477=FACE_OUTER_BOUND('',#2947,.T.);
#2478=FACE_OUTER_BOUND('',#2948,.T.);
#2479=FACE_OUTER_BOUND('',#2949,.T.);
#2480=FACE_OUTER_BOUND('',#2950,.T.);
#2481=FACE_OUTER_BOUND('',#2951,.T.);
#2482=FACE_OUTER_BOUND('',#2952,.T.);
#2483=FACE_OUTER_BOUND('',#2953,.T.);
#2484=FACE_OUTER_BOUND('',#2954,.T.);
#2485=FACE_OUTER_BOUND('',#2955,.T.);
#2486=FACE_OUTER_BOUND('',#2956,.T.);
#2487=FACE_OUTER_BOUND('',#2957,.T.);
#2488=FACE_OUTER_BOUND('',#2958,.T.);
#2489=FACE_OUTER_BOUND('',#2959,.T.);
#2490=FACE_OUTER_BOUND('',#2960,.T.);
#2491=FACE_OUTER_BOUND('',#2961,.T.);
#2492=FACE_OUTER_BOUND('',#2962,.T.);
#2493=FACE_OUTER_BOUND('',#2963,.T.);
#2494=FACE_OUTER_BOUND('',#2964,.T.);
#2495=FACE_OUTER_BOUND('',#2965,.T.);
#2496=FACE_OUTER_BOUND('',#2966,.T.);
#2497=FACE_OUTER_BOUND('',#2967,.T.);
#2498=FACE_OUTER_BOUND('',#2968,.T.);
#2499=FACE_OUTER_BOUND('',#2969,.T.);
#2500=FACE_OUTER_BOUND('',#2970,.T.);
#2501=FACE_OUTER_BOUND('',#2971,.T.);
#2502=FACE_OUTER_BOUND('',#2972,.T.);
#2503=FACE_OUTER_BOUND('',#2973,.T.);
#2504=FACE_OUTER_BOUND('',#2974,.T.);
#2505=FACE_OUTER_BOUND('',#2975,.T.);
#2506=FACE_OUTER_BOUND('',#2976,.T.);
#2507=FACE_OUTER_BOUND('',#2978,.T.);
#2508=FACE_OUTER_BOUND('',#2979,.T.);
#2509=FACE_OUTER_BOUND('',#2980,.T.);
#2510=FACE_OUTER_BOUND('',#2981,.T.);
#2511=FACE_OUTER_BOUND('',#2982,.T.);
#2512=FACE_OUTER_BOUND('',#2983,.T.);
#2513=FACE_OUTER_BOUND('',#2984,.T.);
#2514=FACE_OUTER_BOUND('',#2985,.T.);
#2515=FACE_OUTER_BOUND('',#2986,.T.);
#2516=FACE_OUTER_BOUND('',#2987,.T.);
#2517=FACE_OUTER_BOUND('',#2988,.T.);
#2518=FACE_OUTER_BOUND('',#2989,.T.);
#2519=FACE_OUTER_BOUND('',#2990,.T.);
#2520=FACE_OUTER_BOUND('',#2991,.T.);
#2521=FACE_OUTER_BOUND('',#2992,.T.);
#2522=FACE_OUTER_BOUND('',#2993,.T.);
#2523=FACE_OUTER_BOUND('',#2994,.T.);
#2524=FACE_OUTER_BOUND('',#2995,.T.);
#2525=FACE_OUTER_BOUND('',#2996,.T.);
#2526=FACE_OUTER_BOUND('',#2997,.T.);
#2527=FACE_OUTER_BOUND('',#2998,.T.);
#2528=FACE_OUTER_BOUND('',#2999,.T.);
#2529=FACE_OUTER_BOUND('',#3000,.T.);
#2530=FACE_OUTER_BOUND('',#3001,.T.);
#2531=FACE_OUTER_BOUND('',#3002,.T.);
#2532=FACE_OUTER_BOUND('',#3003,.T.);
#2533=FACE_OUTER_BOUND('',#3004,.T.);
#2534=FACE_OUTER_BOUND('',#3005,.T.);
#2535=FACE_OUTER_BOUND('',#3006,.T.);
#2536=FACE_OUTER_BOUND('',#3007,.T.);
#2537=FACE_OUTER_BOUND('',#3008,.T.);
#2538=FACE_OUTER_BOUND('',#3009,.T.);
#2539=FACE_OUTER_BOUND('',#3010,.T.);
#2540=FACE_OUTER_BOUND('',#3011,.T.);
#2541=FACE_OUTER_BOUND('',#3012,.T.);
#2542=FACE_OUTER_BOUND('',#3013,.T.);
#2543=FACE_OUTER_BOUND('',#3014,.T.);
#2544=FACE_OUTER_BOUND('',#3015,.T.);
#2545=FACE_OUTER_BOUND('',#3016,.T.);
#2546=FACE_OUTER_BOUND('',#3017,.T.);
#2547=FACE_OUTER_BOUND('',#3018,.T.);
#2548=FACE_OUTER_BOUND('',#3019,.T.);
#2549=FACE_OUTER_BOUND('',#3020,.T.);
#2550=FACE_OUTER_BOUND('',#3021,.T.);
#2551=FACE_OUTER_BOUND('',#3022,.T.);
#2552=FACE_OUTER_BOUND('',#3023,.T.);
#2553=FACE_OUTER_BOUND('',#3024,.T.);
#2554=FACE_OUTER_BOUND('',#3025,.T.);
#2555=FACE_OUTER_BOUND('',#3026,.T.);
#2556=FACE_OUTER_BOUND('',#3027,.T.);
#2557=FACE_OUTER_BOUND('',#3028,.T.);
#2558=FACE_OUTER_BOUND('',#3029,.T.);
#2559=FACE_OUTER_BOUND('',#3030,.T.);
#2560=FACE_OUTER_BOUND('',#3031,.T.);
#2561=FACE_OUTER_BOUND('',#3032,.T.);
#2562=FACE_OUTER_BOUND('',#3033,.T.);
#2563=FACE_OUTER_BOUND('',#3034,.T.);
#2564=FACE_OUTER_BOUND('',#3035,.T.);
#2565=FACE_OUTER_BOUND('',#3036,.T.);
#2566=FACE_OUTER_BOUND('',#3037,.T.);
#2567=FACE_OUTER_BOUND('',#3038,.T.);
#2568=FACE_OUTER_BOUND('',#3039,.T.);
#2569=FACE_OUTER_BOUND('',#3040,.T.);
#2570=FACE_OUTER_BOUND('',#3041,.T.);
#2571=FACE_OUTER_BOUND('',#3042,.T.);
#2572=FACE_OUTER_BOUND('',#3043,.T.);
#2573=FACE_OUTER_BOUND('',#3044,.T.);
#2574=FACE_OUTER_BOUND('',#3045,.T.);
#2575=FACE_OUTER_BOUND('',#3046,.T.);
#2576=FACE_OUTER_BOUND('',#3047,.T.);
#2577=FACE_OUTER_BOUND('',#3048,.T.);
#2578=FACE_OUTER_BOUND('',#3049,.T.);
#2579=FACE_OUTER_BOUND('',#3050,.T.);
#2580=FACE_OUTER_BOUND('',#3051,.T.);
#2581=FACE_OUTER_BOUND('',#3052,.T.);
#2582=FACE_OUTER_BOUND('',#3053,.T.);
#2583=FACE_OUTER_BOUND('',#3054,.T.);
#2584=FACE_OUTER_BOUND('',#3055,.T.);
#2585=FACE_OUTER_BOUND('',#3056,.T.);
#2586=FACE_OUTER_BOUND('',#3057,.T.);
#2587=FACE_OUTER_BOUND('',#3058,.T.);
#2588=FACE_OUTER_BOUND('',#3059,.T.);
#2589=FACE_OUTER_BOUND('',#3060,.T.);
#2590=FACE_OUTER_BOUND('',#3061,.T.);
#2591=FACE_OUTER_BOUND('',#3062,.T.);
#2592=FACE_OUTER_BOUND('',#3063,.T.);
#2593=FACE_OUTER_BOUND('',#3064,.T.);
#2594=FACE_OUTER_BOUND('',#3065,.T.);
#2595=FACE_OUTER_BOUND('',#3066,.T.);
#2596=FACE_OUTER_BOUND('',#3067,.T.);
#2597=FACE_OUTER_BOUND('',#3068,.T.);
#2598=FACE_OUTER_BOUND('',#3069,.T.);
#2599=FACE_OUTER_BOUND('',#3070,.T.);
#2600=FACE_OUTER_BOUND('',#3071,.T.);
#2601=FACE_OUTER_BOUND('',#3072,.T.);
#2602=FACE_OUTER_BOUND('',#3073,.T.);
#2603=FACE_OUTER_BOUND('',#3074,.T.);
#2604=FACE_OUTER_BOUND('',#3075,.T.);
#2605=FACE_OUTER_BOUND('',#3076,.T.);
#2606=FACE_OUTER_BOUND('',#3077,.T.);
#2607=FACE_OUTER_BOUND('',#3078,.T.);
#2608=FACE_OUTER_BOUND('',#3079,.T.);
#2609=FACE_OUTER_BOUND('',#3080,.T.);
#2610=FACE_OUTER_BOUND('',#3081,.T.);
#2611=FACE_OUTER_BOUND('',#3082,.T.);
#2612=FACE_OUTER_BOUND('',#3083,.T.);
#2613=FACE_OUTER_BOUND('',#3084,.T.);
#2614=FACE_OUTER_BOUND('',#3085,.T.);
#2615=FACE_OUTER_BOUND('',#3086,.T.);
#2616=FACE_OUTER_BOUND('',#3087,.T.);
#2617=FACE_OUTER_BOUND('',#3088,.T.);
#2618=FACE_OUTER_BOUND('',#3089,.T.);
#2619=FACE_OUTER_BOUND('',#3090,.T.);
#2620=FACE_OUTER_BOUND('',#3091,.T.);
#2621=FACE_OUTER_BOUND('',#3092,.T.);
#2622=FACE_OUTER_BOUND('',#3093,.T.);
#2623=FACE_OUTER_BOUND('',#3095,.T.);
#2624=FACE_OUTER_BOUND('',#3096,.T.);
#2625=FACE_OUTER_BOUND('',#3097,.T.);
#2626=FACE_OUTER_BOUND('',#3098,.T.);
#2627=FACE_OUTER_BOUND('',#3099,.T.);
#2628=FACE_OUTER_BOUND('',#3100,.T.);
#2629=FACE_OUTER_BOUND('',#3101,.T.);
#2630=FACE_OUTER_BOUND('',#3102,.T.);
#2631=FACE_OUTER_BOUND('',#3103,.T.);
#2632=FACE_OUTER_BOUND('',#3104,.T.);
#2633=FACE_OUTER_BOUND('',#3105,.T.);
#2634=FACE_OUTER_BOUND('',#3106,.T.);
#2635=FACE_OUTER_BOUND('',#3107,.T.);
#2636=FACE_OUTER_BOUND('',#3108,.T.);
#2637=FACE_OUTER_BOUND('',#3109,.T.);
#2638=FACE_OUTER_BOUND('',#3110,.T.);
#2639=FACE_OUTER_BOUND('',#3111,.T.);
#2640=FACE_OUTER_BOUND('',#3112,.T.);
#2641=FACE_OUTER_BOUND('',#3113,.T.);
#2642=FACE_OUTER_BOUND('',#3114,.T.);
#2643=FACE_OUTER_BOUND('',#3115,.T.);
#2644=FACE_OUTER_BOUND('',#3116,.T.);
#2645=FACE_OUTER_BOUND('',#3117,.T.);
#2646=FACE_OUTER_BOUND('',#3118,.T.);
#2647=FACE_OUTER_BOUND('',#3119,.T.);
#2648=FACE_OUTER_BOUND('',#3120,.T.);
#2649=FACE_OUTER_BOUND('',#3121,.T.);
#2650=FACE_OUTER_BOUND('',#3122,.T.);
#2651=FACE_OUTER_BOUND('',#3124,.T.);
#2652=FACE_OUTER_BOUND('',#3125,.T.);
#2653=FACE_OUTER_BOUND('',#3126,.T.);
#2654=FACE_OUTER_BOUND('',#3127,.T.);
#2655=FACE_OUTER_BOUND('',#3128,.T.);
#2656=FACE_OUTER_BOUND('',#3129,.T.);
#2657=FACE_OUTER_BOUND('',#3130,.T.);
#2658=FACE_OUTER_BOUND('',#3131,.T.);
#2659=FACE_OUTER_BOUND('',#3132,.T.);
#2660=FACE_OUTER_BOUND('',#3133,.T.);
#2661=FACE_OUTER_BOUND('',#3134,.T.);
#2662=FACE_OUTER_BOUND('',#3135,.T.);
#2663=FACE_OUTER_BOUND('',#3136,.T.);
#2664=FACE_OUTER_BOUND('',#3137,.T.);
#2665=FACE_OUTER_BOUND('',#3138,.T.);
#2666=FACE_OUTER_BOUND('',#3139,.T.);
#2667=FACE_OUTER_BOUND('',#3140,.T.);
#2668=FACE_OUTER_BOUND('',#3141,.T.);
#2669=FACE_OUTER_BOUND('',#3142,.T.);
#2670=FACE_OUTER_BOUND('',#3143,.T.);
#2671=FACE_OUTER_BOUND('',#3144,.T.);
#2672=FACE_OUTER_BOUND('',#3145,.T.);
#2673=FACE_OUTER_BOUND('',#3146,.T.);
#2674=FACE_OUTER_BOUND('',#3147,.T.);
#2675=FACE_OUTER_BOUND('',#3148,.T.);
#2676=FACE_OUTER_BOUND('',#3149,.T.);
#2677=FACE_OUTER_BOUND('',#3150,.T.);
#2678=FACE_OUTER_BOUND('',#3151,.T.);
#2679=FACE_OUTER_BOUND('',#3152,.T.);
#2680=FACE_OUTER_BOUND('',#3153,.T.);
#2681=FACE_OUTER_BOUND('',#3154,.T.);
#2682=FACE_OUTER_BOUND('',#3155,.T.);
#2683=FACE_OUTER_BOUND('',#3156,.T.);
#2684=FACE_OUTER_BOUND('',#3157,.T.);
#2685=FACE_OUTER_BOUND('',#3158,.T.);
#2686=FACE_OUTER_BOUND('',#3159,.T.);
#2687=FACE_OUTER_BOUND('',#3160,.T.);
#2688=FACE_OUTER_BOUND('',#3161,.T.);
#2689=FACE_OUTER_BOUND('',#3162,.T.);
#2690=FACE_OUTER_BOUND('',#3163,.T.);
#2691=FACE_OUTER_BOUND('',#3164,.T.);
#2692=FACE_OUTER_BOUND('',#3165,.T.);
#2693=FACE_OUTER_BOUND('',#3166,.T.);
#2694=FACE_OUTER_BOUND('',#3167,.T.);
#2695=FACE_OUTER_BOUND('',#3168,.T.);
#2696=FACE_OUTER_BOUND('',#3169,.T.);
#2697=FACE_OUTER_BOUND('',#3170,.T.);
#2698=FACE_OUTER_BOUND('',#3171,.T.);
#2699=FACE_OUTER_BOUND('',#3172,.T.);
#2700=FACE_OUTER_BOUND('',#3173,.T.);
#2701=FACE_OUTER_BOUND('',#3174,.T.);
#2702=FACE_OUTER_BOUND('',#3175,.T.);
#2703=FACE_OUTER_BOUND('',#3176,.T.);
#2704=FACE_OUTER_BOUND('',#3177,.T.);
#2705=FACE_OUTER_BOUND('',#3178,.T.);
#2706=FACE_OUTER_BOUND('',#3179,.T.);
#2707=FACE_OUTER_BOUND('',#3180,.T.);
#2708=FACE_OUTER_BOUND('',#3181,.T.);
#2709=FACE_OUTER_BOUND('',#3182,.T.);
#2710=FACE_OUTER_BOUND('',#3183,.T.);
#2711=FACE_OUTER_BOUND('',#3184,.T.);
#2712=FACE_OUTER_BOUND('',#3185,.T.);
#2713=FACE_OUTER_BOUND('',#3186,.T.);
#2714=FACE_OUTER_BOUND('',#3187,.T.);
#2715=FACE_OUTER_BOUND('',#3188,.T.);
#2716=FACE_OUTER_BOUND('',#3189,.T.);
#2717=FACE_OUTER_BOUND('',#3190,.T.);
#2718=FACE_OUTER_BOUND('',#3191,.T.);
#2719=FACE_OUTER_BOUND('',#3192,.T.);
#2720=FACE_OUTER_BOUND('',#3193,.T.);
#2721=FACE_OUTER_BOUND('',#3194,.T.);
#2722=FACE_OUTER_BOUND('',#3195,.T.);
#2723=FACE_OUTER_BOUND('',#3197,.T.);
#2724=FACE_OUTER_BOUND('',#3198,.T.);
#2725=FACE_OUTER_BOUND('',#3199,.T.);
#2726=FACE_OUTER_BOUND('',#3200,.T.);
#2727=FACE_OUTER_BOUND('',#3201,.T.);
#2728=FACE_OUTER_BOUND('',#3202,.T.);
#2729=FACE_OUTER_BOUND('',#3203,.T.);
#2730=FACE_OUTER_BOUND('',#3204,.T.);
#2731=FACE_OUTER_BOUND('',#3205,.T.);
#2732=FACE_OUTER_BOUND('',#3206,.T.);
#2733=FACE_OUTER_BOUND('',#3207,.T.);
#2734=FACE_OUTER_BOUND('',#3208,.T.);
#2735=FACE_OUTER_BOUND('',#3209,.T.);
#2736=FACE_OUTER_BOUND('',#3210,.T.);
#2737=FACE_OUTER_BOUND('',#3213,.T.);
#2738=FACE_OUTER_BOUND('',#3214,.T.);
#2739=FACE_OUTER_BOUND('',#3215,.T.);
#2740=FACE_OUTER_BOUND('',#3216,.T.);
#2741=FACE_OUTER_BOUND('',#3217,.T.);
#2742=FACE_OUTER_BOUND('',#3218,.T.);
#2743=FACE_OUTER_BOUND('',#3219,.T.);
#2744=FACE_OUTER_BOUND('',#3220,.T.);
#2745=FACE_OUTER_BOUND('',#3221,.T.);
#2746=FACE_OUTER_BOUND('',#3222,.T.);
#2747=FACE_OUTER_BOUND('',#3223,.T.);
#2748=FACE_OUTER_BOUND('',#3224,.T.);
#2749=FACE_OUTER_BOUND('',#3225,.T.);
#2750=FACE_OUTER_BOUND('',#3226,.T.);
#2751=FACE_OUTER_BOUND('',#3227,.T.);
#2752=FACE_OUTER_BOUND('',#3228,.T.);
#2753=FACE_OUTER_BOUND('',#3229,.T.);
#2754=FACE_OUTER_BOUND('',#3230,.T.);
#2755=FACE_OUTER_BOUND('',#3231,.T.);
#2756=FACE_OUTER_BOUND('',#3232,.T.);
#2757=FACE_OUTER_BOUND('',#3233,.T.);
#2758=FACE_OUTER_BOUND('',#3234,.T.);
#2759=FACE_OUTER_BOUND('',#3235,.T.);
#2760=FACE_OUTER_BOUND('',#3236,.T.);
#2761=FACE_OUTER_BOUND('',#3237,.T.);
#2762=EDGE_LOOP('',(#5162,#5163,#5164,#5165));
#2763=EDGE_LOOP('',(#5166,#5167,#5168,#5169));
#2764=EDGE_LOOP('',(#5170,#5171,#5172,#5173));
#2765=EDGE_LOOP('',(#5174,#5175,#5176,#5177));
#2766=EDGE_LOOP('',(#5178,#5179,#5180,#5181));
#2767=EDGE_LOOP('',(#5182,#5183,#5184,#5185));
#2768=EDGE_LOOP('',(#5186,#5187,#5188,#5189));
#2769=EDGE_LOOP('',(#5190,#5191,#5192,#5193));
#2770=EDGE_LOOP('',(#5194,#5195,#5196,#5197));
#2771=EDGE_LOOP('',(#5198,#5199,#5200,#5201));
#2772=EDGE_LOOP('',(#5202,#5203,#5204,#5205));
#2773=EDGE_LOOP('',(#5206,#5207,#5208,#5209));
#2774=EDGE_LOOP('',(#5210,#5211,#5212,#5213));
#2775=EDGE_LOOP('',(#5214,#5215,#5216,#5217));
#2776=EDGE_LOOP('',(#5218,#5219,#5220,#5221));
#2777=EDGE_LOOP('',(#5222,#5223,#5224,#5225));
#2778=EDGE_LOOP('',(#5226,#5227,#5228,#5229));
#2779=EDGE_LOOP('',(#5230,#5231,#5232,#5233));
#2780=EDGE_LOOP('',(#5234,#5235,#5236,#5237));
#2781=EDGE_LOOP('',(#5238,#5239,#5240,#5241));
#2782=EDGE_LOOP('',(#5242,#5243,#5244,#5245));
#2783=EDGE_LOOP('',(#5246,#5247,#5248,#5249));
#2784=EDGE_LOOP('',(#5250,#5251,#5252,#5253));
#2785=EDGE_LOOP('',(#5254,#5255,#5256,#5257));
#2786=EDGE_LOOP('',(#5258,#5259,#5260,#5261,#5262,#5263,#5264,#5265,#5266,
#5267,#5268,#5269,#5270,#5271,#5272,#5273));
#2787=EDGE_LOOP('',(#5274));
#2788=EDGE_LOOP('',(#5275));
#2789=EDGE_LOOP('',(#5276));
#2790=EDGE_LOOP('',(#5277));
#2791=EDGE_LOOP('',(#5278,#5279,#5280,#5281,#5282,#5283,#5284,#5285,#5286,
#5287,#5288,#5289));
#2792=EDGE_LOOP('',(#5290,#5291,#5292,#5293));
#2793=EDGE_LOOP('',(#5294,#5295,#5296,#5297));
#2794=EDGE_LOOP('',(#5298,#5299,#5300,#5301));
#2795=EDGE_LOOP('',(#5302,#5303,#5304,#5305));
#2796=EDGE_LOOP('',(#5306,#5307,#5308,#5309));
#2797=EDGE_LOOP('',(#5310,#5311,#5312,#5313));
#2798=EDGE_LOOP('',(#5314,#5315,#5316,#5317));
#2799=EDGE_LOOP('',(#5318,#5319,#5320,#5321));
#2800=EDGE_LOOP('',(#5322,#5323,#5324,#5325));
#2801=EDGE_LOOP('',(#5326,#5327,#5328,#5329));
#2802=EDGE_LOOP('',(#5330,#5331,#5332,#5333));
#2803=EDGE_LOOP('',(#5334,#5335,#5336,#5337));
#2804=EDGE_LOOP('',(#5338,#5339,#5340,#5341));
#2805=EDGE_LOOP('',(#5342,#5343,#5344,#5345));
#2806=EDGE_LOOP('',(#5346,#5347,#5348,#5349));
#2807=EDGE_LOOP('',(#5350,#5351,#5352,#5353));
#2808=EDGE_LOOP('',(#5354,#5355,#5356,#5357));
#2809=EDGE_LOOP('',(#5358,#5359,#5360,#5361));
#2810=EDGE_LOOP('',(#5362,#5363,#5364,#5365));
#2811=EDGE_LOOP('',(#5366,#5367,#5368,#5369,#5370,#5371,#5372,#5373,#5374,
#5375,#5376,#5377,#5378,#5379,#5380,#5381));
#2812=EDGE_LOOP('',(#5382,#5383,#5384,#5385,#5386,#5387,#5388,#5389));
#2813=EDGE_LOOP('',(#5390,#5391,#5392,#5393,#5394));
#2814=EDGE_LOOP('',(#5395,#5396,#5397,#5398,#5399));
#2815=EDGE_LOOP('',(#5400,#5401,#5402,#5403));
#2816=EDGE_LOOP('',(#5404,#5405,#5406,#5407,#5408,#5409,#5410,#5411,#5412));
#2817=EDGE_LOOP('',(#5413,#5414,#5415,#5416,#5417));
#2818=EDGE_LOOP('',(#5418,#5419,#5420,#5421,#5422,#5423,#5424,#5425,#5426));
#2819=EDGE_LOOP('',(#5427,#5428,#5429,#5430,#5431,#5432,#5433,#5434,#5435,
#5436,#5437,#5438,#5439,#5440,#5441,#5442,#5443,#5444,#5445,#5446,#5447,
#5448,#5449,#5450));
#2820=EDGE_LOOP('',(#5451,#5452,#5453,#5454,#5455,#5456,#5457,#5458,#5459,
#5460,#5461));
#2821=EDGE_LOOP('',(#5462,#5463,#5464,#5465,#5466,#5467,#5468,#5469,#5470,
#5471));
#2822=EDGE_LOOP('',(#5472,#5473,#5474,#5475,#5476,#5477,#5478,#5479,#5480,
#5481,#5482));
#2823=EDGE_LOOP('',(#5483,#5484,#5485,#5486,#5487));
#2824=EDGE_LOOP('',(#5488,#5489,#5490,#5491));
#2825=EDGE_LOOP('',(#5492,#5493,#5494,#5495,#5496,#5497,#5498,#5499,#5500,
#5501,#5502,#5503));
#2826=EDGE_LOOP('',(#5504,#5505,#5506,#5507,#5508,#5509,#5510,#5511,#5512,
#5513,#5514,#5515,#5516));
#2827=EDGE_LOOP('',(#5517,#5518,#5519,#5520,#5521,#5522,#5523,#5524));
#2828=EDGE_LOOP('',(#5525,#5526,#5527,#5528,#5529,#5530,#5531,#5532,#5533));
#2829=EDGE_LOOP('',(#5534,#5535,#5536,#5537,#5538,#5539,#5540,#5541,#5542,
#5543));
#2830=EDGE_LOOP('',(#5544,#5545,#5546,#5547,#5548,#5549,#5550,#5551));
#2831=EDGE_LOOP('',(#5552,#5553,#5554,#5555,#5556,#5557,#5558,#5559,#5560,
#5561,#5562,#5563));
#2832=EDGE_LOOP('',(#5564));
#2833=EDGE_LOOP('',(#5565,#5566,#5567,#5568));
#2834=EDGE_LOOP('',(#5569,#5570,#5571,#5572,#5573,#5574,#5575,#5576,#5577,
#5578,#5579,#5580));
#2835=EDGE_LOOP('',(#5581,#5582,#5583,#5584,#5585,#5586,#5587,#5588,#5589));
#2836=EDGE_LOOP('',(#5590,#5591,#5592,#5593,#5594,#5595,#5596,#5597,#5598,
#5599,#5600,#5601));
#2837=EDGE_LOOP('',(#5602,#5603,#5604,#5605,#5606,#5607,#5608,#5609,#5610,
#5611,#5612,#5613));
#2838=EDGE_LOOP('',(#5614,#5615,#5616,#5617,#5618,#5619,#5620,#5621,#5622,
#5623,#5624,#5625,#5626));
#2839=EDGE_LOOP('',(#5627,#5628,#5629,#5630,#5631,#5632,#5633,#5634));
#2840=EDGE_LOOP('',(#5635,#5636,#5637,#5638,#5639,#5640,#5641));
#2841=EDGE_LOOP('',(#5642,#5643,#5644,#5645,#5646,#5647));
#2842=EDGE_LOOP('',(#5648,#5649,#5650,#5651));
#2843=EDGE_LOOP('',(#5652));
#2844=EDGE_LOOP('',(#5653,#5654,#5655,#5656,#5657));
#2845=EDGE_LOOP('',(#5658,#5659,#5660,#5661));
#2846=EDGE_LOOP('',(#5662,#5663,#5664,#5665));
#2847=EDGE_LOOP('',(#5666,#5667,#5668));
#2848=EDGE_LOOP('',(#5669,#5670,#5671));
#2849=EDGE_LOOP('',(#5672,#5673,#5674,#5675));
#2850=EDGE_LOOP('',(#5676,#5677,#5678));
#2851=EDGE_LOOP('',(#5679,#5680,#5681,#5682));
#2852=EDGE_LOOP('',(#5683,#5684,#5685,#5686,#5687));
#2853=EDGE_LOOP('',(#5688,#5689,#5690));
#2854=EDGE_LOOP('',(#5691,#5692,#5693,#5694));
#2855=EDGE_LOOP('',(#5695,#5696,#5697,#5698,#5699));
#2856=EDGE_LOOP('',(#5700,#5701,#5702,#5703));
#2857=EDGE_LOOP('',(#5704,#5705,#5706,#5707,#5708));
#2858=EDGE_LOOP('',(#5709,#5710,#5711,#5712,#5713));
#2859=EDGE_LOOP('',(#5714,#5715,#5716,#5717,#5718));
#2860=EDGE_LOOP('',(#5719,#5720,#5721,#5722,#5723,#5724,#5725,#5726));
#2861=EDGE_LOOP('',(#5727,#5728,#5729,#5730,#5731,#5732));
#2862=EDGE_LOOP('',(#5733,#5734,#5735,#5736,#5737));
#2863=EDGE_LOOP('',(#5738,#5739,#5740,#5741));
#2864=EDGE_LOOP('',(#5742,#5743,#5744,#5745,#5746,#5747));
#2865=EDGE_LOOP('',(#5748,#5749,#5750,#5751));
#2866=EDGE_LOOP('',(#5752,#5753,#5754,#5755));
#2867=EDGE_LOOP('',(#5756,#5757,#5758,#5759));
#2868=EDGE_LOOP('',(#5760,#5761,#5762,#5763,#5764));
#2869=EDGE_LOOP('',(#5765,#5766,#5767,#5768,#5769));
#2870=EDGE_LOOP('',(#5770,#5771,#5772,#5773,#5774,#5775,#5776,#5777));
#2871=EDGE_LOOP('',(#5778,#5779,#5780,#5781));
#2872=EDGE_LOOP('',(#5782,#5783,#5784,#5785));
#2873=EDGE_LOOP('',(#5786,#5787,#5788,#5789));
#2874=EDGE_LOOP('',(#5790,#5791,#5792));
#2875=EDGE_LOOP('',(#5793,#5794,#5795,#5796));
#2876=EDGE_LOOP('',(#5797,#5798,#5799,#5800));
#2877=EDGE_LOOP('',(#5801,#5802,#5803,#5804));
#2878=EDGE_LOOP('',(#5805,#5806,#5807,#5808));
#2879=EDGE_LOOP('',(#5809,#5810,#5811,#5812));
#2880=EDGE_LOOP('',(#5813,#5814,#5815,#5816));
#2881=EDGE_LOOP('',(#5817,#5818,#5819,#5820));
#2882=EDGE_LOOP('',(#5821,#5822,#5823,#5824,#5825,#5826,#5827));
#2883=EDGE_LOOP('',(#5828,#5829,#5830,#5831));
#2884=EDGE_LOOP('',(#5832,#5833,#5834,#5835));
#2885=EDGE_LOOP('',(#5836,#5837,#5838,#5839));
#2886=EDGE_LOOP('',(#5840,#5841,#5842,#5843));
#2887=EDGE_LOOP('',(#5844,#5845,#5846,#5847));
#2888=EDGE_LOOP('',(#5848,#5849,#5850,#5851));
#2889=EDGE_LOOP('',(#5852,#5853,#5854,#5855));
#2890=EDGE_LOOP('',(#5856,#5857,#5858,#5859));
#2891=EDGE_LOOP('',(#5860,#5861,#5862,#5863,#5864,#5865,#5866,#5867));
#2892=EDGE_LOOP('',(#5868,#5869,#5870,#5871));
#2893=EDGE_LOOP('',(#5872,#5873,#5874,#5875));
#2894=EDGE_LOOP('',(#5876,#5877,#5878,#5879));
#2895=EDGE_LOOP('',(#5880,#5881,#5882,#5883));
#2896=EDGE_LOOP('',(#5884,#5885,#5886,#5887));
#2897=EDGE_LOOP('',(#5888,#5889,#5890,#5891,#5892));
#2898=EDGE_LOOP('',(#5893,#5894,#5895,#5896));
#2899=EDGE_LOOP('',(#5897,#5898,#5899,#5900));
#2900=EDGE_LOOP('',(#5901,#5902,#5903,#5904));
#2901=EDGE_LOOP('',(#5905,#5906,#5907,#5908));
#2902=EDGE_LOOP('',(#5909,#5910,#5911,#5912));
#2903=EDGE_LOOP('',(#5913,#5914,#5915,#5916,#5917));
#2904=EDGE_LOOP('',(#5918,#5919,#5920,#5921));
#2905=EDGE_LOOP('',(#5922,#5923,#5924,#5925));
#2906=EDGE_LOOP('',(#5926,#5927,#5928,#5929));
#2907=EDGE_LOOP('',(#5930,#5931,#5932,#5933));
#2908=EDGE_LOOP('',(#5934,#5935,#5936,#5937));
#2909=EDGE_LOOP('',(#5938,#5939,#5940,#5941));
#2910=EDGE_LOOP('',(#5942,#5943,#5944,#5945));
#2911=EDGE_LOOP('',(#5946,#5947,#5948,#5949));
#2912=EDGE_LOOP('',(#5950,#5951,#5952,#5953));
#2913=EDGE_LOOP('',(#5954,#5955,#5956,#5957));
#2914=EDGE_LOOP('',(#5958,#5959,#5960,#5961));
#2915=EDGE_LOOP('',(#5962,#5963,#5964,#5965));
#2916=EDGE_LOOP('',(#5966,#5967,#5968,#5969));
#2917=EDGE_LOOP('',(#5970,#5971,#5972,#5973));
#2918=EDGE_LOOP('',(#5974,#5975,#5976,#5977));
#2919=EDGE_LOOP('',(#5978,#5979,#5980,#5981));
#2920=EDGE_LOOP('',(#5982,#5983,#5984,#5985));
#2921=EDGE_LOOP('',(#5986,#5987,#5988,#5989));
#2922=EDGE_LOOP('',(#5990,#5991,#5992,#5993));
#2923=EDGE_LOOP('',(#5994,#5995,#5996,#5997,#5998,#5999,#6000,#6001,#6002));
#2924=EDGE_LOOP('',(#6003,#6004,#6005,#6006));
#2925=EDGE_LOOP('',(#6007,#6008,#6009,#6010));
#2926=EDGE_LOOP('',(#6011,#6012,#6013,#6014));
#2927=EDGE_LOOP('',(#6015,#6016,#6017,#6018));
#2928=EDGE_LOOP('',(#6019,#6020,#6021,#6022));
#2929=EDGE_LOOP('',(#6023,#6024,#6025,#6026,#6027));
#2930=EDGE_LOOP('',(#6028,#6029,#6030,#6031));
#2931=EDGE_LOOP('',(#6032,#6033,#6034,#6035));
#2932=EDGE_LOOP('',(#6036,#6037,#6038,#6039));
#2933=EDGE_LOOP('',(#6040,#6041,#6042,#6043));
#2934=EDGE_LOOP('',(#6044,#6045,#6046,#6047));
#2935=EDGE_LOOP('',(#6048,#6049,#6050,#6051));
#2936=EDGE_LOOP('',(#6052,#6053,#6054,#6055));
#2937=EDGE_LOOP('',(#6056,#6057,#6058,#6059));
#2938=EDGE_LOOP('',(#6060,#6061,#6062,#6063));
#2939=EDGE_LOOP('',(#6064,#6065,#6066,#6067,#6068,#6069,#6070,#6071,#6072));
#2940=EDGE_LOOP('',(#6073,#6074,#6075,#6076));
#2941=EDGE_LOOP('',(#6077,#6078,#6079,#6080));
#2942=EDGE_LOOP('',(#6081,#6082,#6083,#6084));
#2943=EDGE_LOOP('',(#6085,#6086,#6087,#6088));
#2944=EDGE_LOOP('',(#6089,#6090,#6091,#6092));
#2945=EDGE_LOOP('',(#6093,#6094,#6095,#6096));
#2946=EDGE_LOOP('',(#6097,#6098,#6099,#6100));
#2947=EDGE_LOOP('',(#6101,#6102,#6103,#6104));
#2948=EDGE_LOOP('',(#6105,#6106,#6107,#6108));
#2949=EDGE_LOOP('',(#6109,#6110,#6111,#6112));
#2950=EDGE_LOOP('',(#6113,#6114,#6115,#6116));
#2951=EDGE_LOOP('',(#6117,#6118,#6119,#6120));
#2952=EDGE_LOOP('',(#6121,#6122,#6123,#6124));
#2953=EDGE_LOOP('',(#6125,#6126,#6127,#6128));
#2954=EDGE_LOOP('',(#6129,#6130,#6131,#6132));
#2955=EDGE_LOOP('',(#6133,#6134,#6135,#6136));
#2956=EDGE_LOOP('',(#6137,#6138,#6139,#6140));
#2957=EDGE_LOOP('',(#6141,#6142,#6143,#6144));
#2958=EDGE_LOOP('',(#6145,#6146,#6147,#6148));
#2959=EDGE_LOOP('',(#6149,#6150,#6151,#6152));
#2960=EDGE_LOOP('',(#6153,#6154,#6155,#6156));
#2961=EDGE_LOOP('',(#6157,#6158,#6159,#6160));
#2962=EDGE_LOOP('',(#6161,#6162,#6163,#6164));
#2963=EDGE_LOOP('',(#6165,#6166,#6167,#6168));
#2964=EDGE_LOOP('',(#6169,#6170,#6171,#6172,#6173,#6174,#6175,#6176,#6177,
#6178,#6179,#6180,#6181,#6182,#6183,#6184,#6185,#6186,#6187,#6188,#6189,
#6190,#6191,#6192));
#2965=EDGE_LOOP('',(#6193,#6194,#6195,#6196));
#2966=EDGE_LOOP('',(#6197,#6198,#6199,#6200));
#2967=EDGE_LOOP('',(#6201,#6202,#6203,#6204));
#2968=EDGE_LOOP('',(#6205,#6206,#6207,#6208));
#2969=EDGE_LOOP('',(#6209,#6210,#6211,#6212));
#2970=EDGE_LOOP('',(#6213,#6214,#6215,#6216));
#2971=EDGE_LOOP('',(#6217,#6218,#6219,#6220));
#2972=EDGE_LOOP('',(#6221,#6222,#6223,#6224));
#2973=EDGE_LOOP('',(#6225,#6226,#6227,#6228));
#2974=EDGE_LOOP('',(#6229,#6230,#6231,#6232));
#2975=EDGE_LOOP('',(#6233,#6234,#6235,#6236));
#2976=EDGE_LOOP('',(#6237,#6238,#6239,#6240,#6241,#6242,#6243,#6244,#6245,
#6246,#6247));
#2977=EDGE_LOOP('',(#6248,#6249,#6250));
#2978=EDGE_LOOP('',(#6251,#6252,#6253,#6254));
#2979=EDGE_LOOP('',(#6255,#6256,#6257,#6258));
#2980=EDGE_LOOP('',(#6259,#6260,#6261,#6262));
#2981=EDGE_LOOP('',(#6263,#6264,#6265,#6266));
#2982=EDGE_LOOP('',(#6267,#6268,#6269,#6270));
#2983=EDGE_LOOP('',(#6271,#6272,#6273,#6274));
#2984=EDGE_LOOP('',(#6275,#6276,#6277,#6278));
#2985=EDGE_LOOP('',(#6279,#6280,#6281,#6282));
#2986=EDGE_LOOP('',(#6283,#6284,#6285,#6286));
#2987=EDGE_LOOP('',(#6287,#6288,#6289,#6290));
#2988=EDGE_LOOP('',(#6291,#6292,#6293,#6294,#6295,#6296,#6297,#6298,#6299,
#6300));
#2989=EDGE_LOOP('',(#6301,#6302,#6303,#6304));
#2990=EDGE_LOOP('',(#6305,#6306,#6307,#6308));
#2991=EDGE_LOOP('',(#6309,#6310,#6311,#6312));
#2992=EDGE_LOOP('',(#6313,#6314,#6315,#6316));
#2993=EDGE_LOOP('',(#6317,#6318,#6319,#6320));
#2994=EDGE_LOOP('',(#6321,#6322,#6323,#6324));
#2995=EDGE_LOOP('',(#6325,#6326,#6327,#6328));
#2996=EDGE_LOOP('',(#6329,#6330,#6331,#6332));
#2997=EDGE_LOOP('',(#6333,#6334,#6335,#6336));
#2998=EDGE_LOOP('',(#6337,#6338,#6339,#6340));
#2999=EDGE_LOOP('',(#6341,#6342,#6343,#6344));
#3000=EDGE_LOOP('',(#6345,#6346,#6347,#6348,#6349,#6350,#6351,#6352,#6353,
#6354,#6355));
#3001=EDGE_LOOP('',(#6356,#6357,#6358,#6359));
#3002=EDGE_LOOP('',(#6360,#6361,#6362,#6363));
#3003=EDGE_LOOP('',(#6364,#6365,#6366,#6367));
#3004=EDGE_LOOP('',(#6368,#6369,#6370,#6371));
#3005=EDGE_LOOP('',(#6372,#6373,#6374,#6375));
#3006=EDGE_LOOP('',(#6376,#6377,#6378,#6379,#6380));
#3007=EDGE_LOOP('',(#6381,#6382,#6383,#6384));
#3008=EDGE_LOOP('',(#6385,#6386,#6387,#6388));
#3009=EDGE_LOOP('',(#6389,#6390,#6391,#6392));
#3010=EDGE_LOOP('',(#6393,#6394,#6395,#6396));
#3011=EDGE_LOOP('',(#6397,#6398,#6399,#6400));
#3012=EDGE_LOOP('',(#6401,#6402,#6403,#6404));
#3013=EDGE_LOOP('',(#6405,#6406,#6407,#6408));
#3014=EDGE_LOOP('',(#6409,#6410,#6411,#6412));
#3015=EDGE_LOOP('',(#6413,#6414,#6415,#6416));
#3016=EDGE_LOOP('',(#6417,#6418,#6419,#6420));
#3017=EDGE_LOOP('',(#6421,#6422,#6423,#6424));
#3018=EDGE_LOOP('',(#6425,#6426,#6427,#6428));
#3019=EDGE_LOOP('',(#6429,#6430,#6431,#6432));
#3020=EDGE_LOOP('',(#6433,#6434,#6435,#6436));
#3021=EDGE_LOOP('',(#6437,#6438,#6439,#6440));
#3022=EDGE_LOOP('',(#6441,#6442,#6443,#6444));
#3023=EDGE_LOOP('',(#6445,#6446,#6447,#6448));
#3024=EDGE_LOOP('',(#6449,#6450,#6451,#6452,#6453,#6454,#6455,#6456,#6457,
#6458,#6459,#6460));
#3025=EDGE_LOOP('',(#6461,#6462,#6463,#6464));
#3026=EDGE_LOOP('',(#6465,#6466,#6467,#6468));
#3027=EDGE_LOOP('',(#6469,#6470,#6471,#6472));
#3028=EDGE_LOOP('',(#6473,#6474,#6475,#6476));
#3029=EDGE_LOOP('',(#6477,#6478,#6479,#6480));
#3030=EDGE_LOOP('',(#6481,#6482,#6483,#6484));
#3031=EDGE_LOOP('',(#6485,#6486,#6487,#6488));
#3032=EDGE_LOOP('',(#6489,#6490,#6491,#6492));
#3033=EDGE_LOOP('',(#6493,#6494,#6495,#6496));
#3034=EDGE_LOOP('',(#6497,#6498,#6499,#6500));
#3035=EDGE_LOOP('',(#6501,#6502,#6503,#6504));
#3036=EDGE_LOOP('',(#6505,#6506,#6507,#6508));
#3037=EDGE_LOOP('',(#6509,#6510,#6511,#6512));
#3038=EDGE_LOOP('',(#6513,#6514,#6515,#6516,#6517,#6518,#6519,#6520,#6521,
#6522,#6523,#6524,#6525));
#3039=EDGE_LOOP('',(#6526,#6527,#6528,#6529));
#3040=EDGE_LOOP('',(#6530,#6531,#6532,#6533));
#3041=EDGE_LOOP('',(#6534,#6535,#6536,#6537));
#3042=EDGE_LOOP('',(#6538,#6539,#6540,#6541));
#3043=EDGE_LOOP('',(#6542,#6543,#6544,#6545));
#3044=EDGE_LOOP('',(#6546,#6547,#6548,#6549));
#3045=EDGE_LOOP('',(#6550,#6551,#6552,#6553));
#3046=EDGE_LOOP('',(#6554,#6555,#6556,#6557));
#3047=EDGE_LOOP('',(#6558,#6559,#6560,#6561,#6562,#6563,#6564,#6565));
#3048=EDGE_LOOP('',(#6566,#6567,#6568,#6569));
#3049=EDGE_LOOP('',(#6570,#6571,#6572,#6573));
#3050=EDGE_LOOP('',(#6574,#6575,#6576,#6577));
#3051=EDGE_LOOP('',(#6578,#6579,#6580,#6581));
#3052=EDGE_LOOP('',(#6582,#6583,#6584,#6585));
#3053=EDGE_LOOP('',(#6586,#6587,#6588,#6589));
#3054=EDGE_LOOP('',(#6590,#6591,#6592,#6593));
#3055=EDGE_LOOP('',(#6594,#6595,#6596,#6597));
#3056=EDGE_LOOP('',(#6598,#6599,#6600,#6601));
#3057=EDGE_LOOP('',(#6602,#6603,#6604,#6605,#6606,#6607,#6608,#6609,#6610));
#3058=EDGE_LOOP('',(#6611,#6612,#6613,#6614));
#3059=EDGE_LOOP('',(#6615,#6616,#6617,#6618));
#3060=EDGE_LOOP('',(#6619,#6620,#6621,#6622));
#3061=EDGE_LOOP('',(#6623,#6624,#6625,#6626));
#3062=EDGE_LOOP('',(#6627,#6628,#6629,#6630));
#3063=EDGE_LOOP('',(#6631,#6632,#6633,#6634));
#3064=EDGE_LOOP('',(#6635,#6636,#6637,#6638));
#3065=EDGE_LOOP('',(#6639,#6640,#6641,#6642));
#3066=EDGE_LOOP('',(#6643,#6644,#6645,#6646));
#3067=EDGE_LOOP('',(#6647,#6648,#6649,#6650));
#3068=EDGE_LOOP('',(#6651,#6652,#6653,#6654,#6655,#6656,#6657,#6658,#6659,
#6660));
#3069=EDGE_LOOP('',(#6661,#6662,#6663,#6664));
#3070=EDGE_LOOP('',(#6665,#6666,#6667,#6668));
#3071=EDGE_LOOP('',(#6669,#6670,#6671,#6672));
#3072=EDGE_LOOP('',(#6673,#6674,#6675,#6676));
#3073=EDGE_LOOP('',(#6677,#6678,#6679,#6680));
#3074=EDGE_LOOP('',(#6681,#6682,#6683,#6684));
#3075=EDGE_LOOP('',(#6685,#6686,#6687,#6688));
#3076=EDGE_LOOP('',(#6689,#6690,#6691,#6692));
#3077=EDGE_LOOP('',(#6693,#6694,#6695,#6696,#6697,#6698,#6699,#6700));
#3078=EDGE_LOOP('',(#6701,#6702,#6703,#6704));
#3079=EDGE_LOOP('',(#6705,#6706,#6707,#6708));
#3080=EDGE_LOOP('',(#6709,#6710,#6711,#6712));
#3081=EDGE_LOOP('',(#6713,#6714,#6715,#6716));
#3082=EDGE_LOOP('',(#6717,#6718,#6719,#6720));
#3083=EDGE_LOOP('',(#6721,#6722,#6723,#6724));
#3084=EDGE_LOOP('',(#6725,#6726,#6727,#6728));
#3085=EDGE_LOOP('',(#6729,#6730,#6731,#6732));
#3086=EDGE_LOOP('',(#6733,#6734,#6735,#6736));
#3087=EDGE_LOOP('',(#6737,#6738,#6739,#6740));
#3088=EDGE_LOOP('',(#6741,#6742,#6743,#6744));
#3089=EDGE_LOOP('',(#6745,#6746,#6747,#6748));
#3090=EDGE_LOOP('',(#6749,#6750,#6751,#6752,#6753,#6754,#6755,#6756,#6757,
#6758,#6759,#6760));
#3091=EDGE_LOOP('',(#6761,#6762,#6763,#6764));
#3092=EDGE_LOOP('',(#6765,#6766,#6767,#6768));
#3093=EDGE_LOOP('',(#6769));
#3094=EDGE_LOOP('',(#6770));
#3095=EDGE_LOOP('',(#6771,#6772,#6773,#6774));
#3096=EDGE_LOOP('',(#6775,#6776,#6777,#6778));
#3097=EDGE_LOOP('',(#6779,#6780,#6781,#6782));
#3098=EDGE_LOOP('',(#6783,#6784,#6785,#6786));
#3099=EDGE_LOOP('',(#6787,#6788,#6789,#6790));
#3100=EDGE_LOOP('',(#6791,#6792,#6793,#6794));
#3101=EDGE_LOOP('',(#6795,#6796,#6797,#6798));
#3102=EDGE_LOOP('',(#6799,#6800,#6801,#6802));
#3103=EDGE_LOOP('',(#6803,#6804,#6805,#6806));
#3104=EDGE_LOOP('',(#6807,#6808,#6809,#6810));
#3105=EDGE_LOOP('',(#6811,#6812,#6813,#6814));
#3106=EDGE_LOOP('',(#6815,#6816,#6817,#6818));
#3107=EDGE_LOOP('',(#6819,#6820,#6821,#6822));
#3108=EDGE_LOOP('',(#6823,#6824,#6825,#6826));
#3109=EDGE_LOOP('',(#6827,#6828,#6829,#6830));
#3110=EDGE_LOOP('',(#6831,#6832,#6833,#6834));
#3111=EDGE_LOOP('',(#6835,#6836,#6837,#6838));
#3112=EDGE_LOOP('',(#6839,#6840,#6841,#6842,#6843,#6844,#6845,#6846,#6847,
#6848,#6849,#6850));
#3113=EDGE_LOOP('',(#6851,#6852,#6853,#6854));
#3114=EDGE_LOOP('',(#6855,#6856,#6857,#6858));
#3115=EDGE_LOOP('',(#6859,#6860,#6861,#6862));
#3116=EDGE_LOOP('',(#6863,#6864,#6865,#6866));
#3117=EDGE_LOOP('',(#6867,#6868,#6869,#6870));
#3118=EDGE_LOOP('',(#6871,#6872,#6873,#6874));
#3119=EDGE_LOOP('',(#6875,#6876,#6877,#6878));
#3120=EDGE_LOOP('',(#6879,#6880,#6881,#6882));
#3121=EDGE_LOOP('',(#6883,#6884,#6885,#6886));
#3122=EDGE_LOOP('',(#6887,#6888,#6889,#6890,#6891,#6892,#6893,#6894,#6895));
#3123=EDGE_LOOP('',(#6896,#6897,#6898,#6899,#6900,#6901,#6902));
#3124=EDGE_LOOP('',(#6903,#6904,#6905,#6906));
#3125=EDGE_LOOP('',(#6907,#6908,#6909,#6910));
#3126=EDGE_LOOP('',(#6911,#6912,#6913,#6914));
#3127=EDGE_LOOP('',(#6915,#6916,#6917,#6918));
#3128=EDGE_LOOP('',(#6919,#6920,#6921,#6922));
#3129=EDGE_LOOP('',(#6923,#6924,#6925,#6926));
#3130=EDGE_LOOP('',(#6927,#6928,#6929,#6930));
#3131=EDGE_LOOP('',(#6931,#6932,#6933,#6934));
#3132=EDGE_LOOP('',(#6935,#6936,#6937,#6938));
#3133=EDGE_LOOP('',(#6939,#6940,#6941,#6942));
#3134=EDGE_LOOP('',(#6943,#6944,#6945,#6946));
#3135=EDGE_LOOP('',(#6947,#6948,#6949,#6950));
#3136=EDGE_LOOP('',(#6951,#6952,#6953,#6954,#6955,#6956,#6957,#6958,#6959,
#6960,#6961,#6962));
#3137=EDGE_LOOP('',(#6963,#6964,#6965,#6966));
#3138=EDGE_LOOP('',(#6967,#6968,#6969,#6970));
#3139=EDGE_LOOP('',(#6971,#6972,#6973,#6974));
#3140=EDGE_LOOP('',(#6975,#6976,#6977,#6978));
#3141=EDGE_LOOP('',(#6979,#6980,#6981,#6982));
#3142=EDGE_LOOP('',(#6983,#6984,#6985,#6986));
#3143=EDGE_LOOP('',(#6987,#6988,#6989,#6990));
#3144=EDGE_LOOP('',(#6991,#6992,#6993,#6994));
#3145=EDGE_LOOP('',(#6995,#6996,#6997,#6998));
#3146=EDGE_LOOP('',(#6999,#7000,#7001,#7002));
#3147=EDGE_LOOP('',(#7003,#7004,#7005,#7006));
#3148=EDGE_LOOP('',(#7007,#7008,#7009,#7010));
#3149=EDGE_LOOP('',(#7011,#7012,#7013,#7014,#7015,#7016,#7017,#7018,#7019,
#7020,#7021,#7022));
#3150=EDGE_LOOP('',(#7023,#7024,#7025,#7026));
#3151=EDGE_LOOP('',(#7027,#7028,#7029,#7030));
#3152=EDGE_LOOP('',(#7031,#7032,#7033,#7034));
#3153=EDGE_LOOP('',(#7035,#7036,#7037,#7038));
#3154=EDGE_LOOP('',(#7039,#7040,#7041,#7042));
#3155=EDGE_LOOP('',(#7043,#7044,#7045,#7046));
#3156=EDGE_LOOP('',(#7047,#7048,#7049,#7050));
#3157=EDGE_LOOP('',(#7051,#7052,#7053,#7054));
#3158=EDGE_LOOP('',(#7055,#7056,#7057,#7058));
#3159=EDGE_LOOP('',(#7059,#7060,#7061,#7062));
#3160=EDGE_LOOP('',(#7063,#7064,#7065,#7066));
#3161=EDGE_LOOP('',(#7067,#7068,#7069,#7070));
#3162=EDGE_LOOP('',(#7071,#7072,#7073,#7074));
#3163=EDGE_LOOP('',(#7075,#7076,#7077,#7078,#7079,#7080,#7081,#7082,#7083,
#7084,#7085,#7086,#7087));
#3164=EDGE_LOOP('',(#7088,#7089,#7090,#7091));
#3165=EDGE_LOOP('',(#7092,#7093,#7094,#7095));
#3166=EDGE_LOOP('',(#7096,#7097,#7098,#7099));
#3167=EDGE_LOOP('',(#7100,#7101,#7102,#7103));
#3168=EDGE_LOOP('',(#7104,#7105,#7106,#7107));
#3169=EDGE_LOOP('',(#7108,#7109,#7110,#7111));
#3170=EDGE_LOOP('',(#7112,#7113,#7114,#7115));
#3171=EDGE_LOOP('',(#7116,#7117,#7118,#7119));
#3172=EDGE_LOOP('',(#7120,#7121,#7122,#7123,#7124,#7125,#7126,#7127));
#3173=EDGE_LOOP('',(#7128,#7129,#7130,#7131));
#3174=EDGE_LOOP('',(#7132,#7133,#7134,#7135));
#3175=EDGE_LOOP('',(#7136,#7137,#7138,#7139));
#3176=EDGE_LOOP('',(#7140,#7141,#7142,#7143));
#3177=EDGE_LOOP('',(#7144,#7145,#7146,#7147));
#3178=EDGE_LOOP('',(#7148,#7149,#7150,#7151));
#3179=EDGE_LOOP('',(#7152,#7153,#7154,#7155));
#3180=EDGE_LOOP('',(#7156,#7157,#7158,#7159,#7160,#7161,#7162));
#3181=EDGE_LOOP('',(#7163,#7164,#7165,#7166));
#3182=EDGE_LOOP('',(#7167,#7168,#7169,#7170));
#3183=EDGE_LOOP('',(#7171,#7172,#7173,#7174));
#3184=EDGE_LOOP('',(#7175,#7176,#7177,#7178));
#3185=EDGE_LOOP('',(#7179,#7180,#7181,#7182));
#3186=EDGE_LOOP('',(#7183,#7184,#7185,#7186));
#3187=EDGE_LOOP('',(#7187,#7188,#7189,#7190,#7191,#7192));
#3188=EDGE_LOOP('',(#7193,#7194,#7195,#7196));
#3189=EDGE_LOOP('',(#7197,#7198,#7199,#7200));
#3190=EDGE_LOOP('',(#7201,#7202,#7203,#7204));
#3191=EDGE_LOOP('',(#7205,#7206,#7207,#7208));
#3192=EDGE_LOOP('',(#7209,#7210,#7211,#7212));
#3193=EDGE_LOOP('',(#7213,#7214,#7215,#7216));
#3194=EDGE_LOOP('',(#7217,#7218,#7219,#7220));
#3195=EDGE_LOOP('',(#7221));
#3196=EDGE_LOOP('',(#7222));
#3197=EDGE_LOOP('',(#7223,#7224,#7225,#7226));
#3198=EDGE_LOOP('',(#7227,#7228,#7229,#7230));
#3199=EDGE_LOOP('',(#7231,#7232,#7233,#7234));
#3200=EDGE_LOOP('',(#7235,#7236,#7237,#7238));
#3201=EDGE_LOOP('',(#7239,#7240,#7241,#7242));
#3202=EDGE_LOOP('',(#7243,#7244,#7245,#7246));
#3203=EDGE_LOOP('',(#7247,#7248,#7249,#7250));
#3204=EDGE_LOOP('',(#7251,#7252,#7253,#7254));
#3205=EDGE_LOOP('',(#7255,#7256,#7257,#7258));
#3206=EDGE_LOOP('',(#7259,#7260,#7261,#7262));
#3207=EDGE_LOOP('',(#7263,#7264,#7265,#7266));
#3208=EDGE_LOOP('',(#7267,#7268,#7269,#7270));
#3209=EDGE_LOOP('',(#7271,#7272,#7273,#7274));
#3210=EDGE_LOOP('',(#7275,#7276,#7277,#7278,#7279));
#3211=EDGE_LOOP('',(#7280,#7281,#7282,#7283));
#3212=EDGE_LOOP('',(#7284,#7285,#7286,#7287));
#3213=EDGE_LOOP('',(#7288,#7289,#7290,#7291));
#3214=EDGE_LOOP('',(#7292,#7293,#7294,#7295));
#3215=EDGE_LOOP('',(#7296));
#3216=EDGE_LOOP('',(#7297));
#3217=EDGE_LOOP('',(#7298,#7299,#7300,#7301));
#3218=EDGE_LOOP('',(#7302,#7303,#7304,#7305));
#3219=EDGE_LOOP('',(#7306,#7307,#7308,#7309));
#3220=EDGE_LOOP('',(#7310,#7311,#7312,#7313));
#3221=EDGE_LOOP('',(#7314,#7315,#7316,#7317));
#3222=EDGE_LOOP('',(#7318,#7319,#7320,#7321));
#3223=EDGE_LOOP('',(#7322,#7323,#7324,#7325));
#3224=EDGE_LOOP('',(#7326,#7327,#7328,#7329));
#3225=EDGE_LOOP('',(#7330,#7331,#7332,#7333));
#3226=EDGE_LOOP('',(#7334,#7335,#7336,#7337));
#3227=EDGE_LOOP('',(#7338,#7339,#7340,#7341));
#3228=EDGE_LOOP('',(#7342,#7343,#7344,#7345));
#3229=EDGE_LOOP('',(#7346));
#3230=EDGE_LOOP('',(#7347,#7348,#7349,#7350));
#3231=EDGE_LOOP('',(#7351));
#3232=EDGE_LOOP('',(#7352,#7353,#7354,#7355));
#3233=EDGE_LOOP('',(#7356));
#3234=EDGE_LOOP('',(#7357,#7358,#7359,#7360));
#3235=EDGE_LOOP('',(#7361));
#3236=EDGE_LOOP('',(#7362,#7363,#7364,#7365));
#3237=EDGE_LOOP('',(#7366,#7367,#7368,#7369));
#3238=CIRCLE('',#7845,1.);
#3239=CIRCLE('',#7846,5.);
#3240=CIRCLE('',#7847,1.);
#3241=CIRCLE('',#7848,4.);
#3242=CIRCLE('',#7850,1.);
#3243=CIRCLE('',#7852,1.);
#3244=CIRCLE('',#7853,4.);
#3245=CIRCLE('',#7854,5.);
#3246=CIRCLE('',#7856,1.);
#3247=CIRCLE('',#7857,4.);
#3248=CIRCLE('',#7858,3.);
#3249=CIRCLE('',#7860,1.);
#3250=CIRCLE('',#7861,4.);
#3251=CIRCLE('',#7862,5.);
#3252=CIRCLE('',#7864,1.);
#3253=CIRCLE('',#7866,1.);
#3254=CIRCLE('',#7867,4.);
#3255=CIRCLE('',#7868,5.);
#3256=CIRCLE('',#7870,1.);
#3257=CIRCLE('',#7871,4.);
#3258=CIRCLE('',#7872,3.);
#3259=CIRCLE('',#7874,1.);
#3260=CIRCLE('',#7875,4.);
#3261=CIRCLE('',#7876,5.);
#3262=CIRCLE('',#7878,1.);
#3263=CIRCLE('',#7880,1.);
#3264=CIRCLE('',#7881,4.);
#3265=CIRCLE('',#7882,5.);
#3266=CIRCLE('',#7884,1.);
#3267=CIRCLE('',#7885,4.);
#3268=CIRCLE('',#7886,3.);
#3269=CIRCLE('',#7888,1.);
#3270=CIRCLE('',#7889,4.);
#3271=CIRCLE('',#7890,5.);
#3272=CIRCLE('',#7892,1.);
#3273=CIRCLE('',#7894,1.);
#3274=CIRCLE('',#7895,4.);
#3275=CIRCLE('',#7896,5.);
#3276=CIRCLE('',#7898,3.);
#3277=CIRCLE('',#7899,4.);
#3278=CIRCLE('',#7902,4.);
#3279=CIRCLE('',#7904,4.);
#3280=CIRCLE('',#7906,4.);
#3281=CIRCLE('',#7909,4.);
#3282=CIRCLE('',#7911,4.);
#3283=CIRCLE('',#7913,4.);
#3284=CIRCLE('',#7915,2.);
#3285=CIRCLE('',#7916,1.99999999999998);
#3286=CIRCLE('',#7917,2.);
#3287=CIRCLE('',#7918,2.);
#3288=CIRCLE('',#7920,2.);
#3289=CIRCLE('',#7921,6.);
#3290=CIRCLE('',#7922,2.);
#3291=CIRCLE('',#7923,4.);
#3292=CIRCLE('',#7925,2.);
#3293=CIRCLE('',#7927,2.);
#3294=CIRCLE('',#7928,4.);
#3295=CIRCLE('',#7929,6.);
#3296=CIRCLE('',#7930,2.);
#3297=CIRCLE('',#7931,4.);
#3298=CIRCLE('',#7932,2.);
#3299=CIRCLE('',#7934,2.);
#3300=CIRCLE('',#7935,4.);
#3301=CIRCLE('',#7936,6.);
#3302=CIRCLE('',#7938,2.);
#3303=CIRCLE('',#7940,2.);
#3304=CIRCLE('',#7941,6.);
#3305=CIRCLE('',#7942,2.);
#3306=CIRCLE('',#7943,2.);
#3307=CIRCLE('',#7945,2.);
#3308=CIRCLE('',#7946,6.);
#3309=CIRCLE('',#7948,2.);
#3310=CIRCLE('',#7950,2.);
#3311=CIRCLE('',#7951,6.);
#3312=CIRCLE('',#7952,2.);
#3313=CIRCLE('',#7953,2.);
#3314=CIRCLE('',#7955,2.);
#3315=CIRCLE('',#7956,6.);
#3316=CIRCLE('',#7958,2.);
#3317=CIRCLE('',#7960,2.);
#3318=CIRCLE('',#7961,4.);
#3319=CIRCLE('',#7962,6.);
#3320=CIRCLE('',#7963,2.);
#3321=CIRCLE('',#7964,4.);
#3322=CIRCLE('',#7976,4.);
#3323=CIRCLE('',#7977,4.);
#3324=CIRCLE('',#7978,4.);
#3325=CIRCLE('',#7980,4.);
#3326=CIRCLE('',#7981,4.);
#3327=CIRCLE('',#7982,3.99999999999999);
#3328=CIRCLE('',#7985,4.);
#3329=CIRCLE('',#7986,4.);
#3330=CIRCLE('',#7987,4.00000000000001);
#3331=CIRCLE('',#7993,4.);
#3332=CIRCLE('',#7994,4.);
#3333=CIRCLE('',#7995,4.);
#3334=CIRCLE('',#8308,2.);
#3335=CIRCLE('',#8311,2.);
#3336=CIRCLE('',#8314,1.99999999999998);
#3337=CIRCLE('',#8317,2.);
#3338=VERTEX_POINT('',#10135);
#3339=VERTEX_POINT('',#10136);
#3340=VERTEX_POINT('',#10138);
#3341=VERTEX_POINT('',#10140);
#3342=VERTEX_POINT('',#10144);
#3343=VERTEX_POINT('',#10145);
#3344=VERTEX_POINT('',#10150);
#3345=VERTEX_POINT('',#10151);
#3346=VERTEX_POINT('',#10156);
#3347=VERTEX_POINT('',#10157);
#3348=VERTEX_POINT('',#10162);
#3349=VERTEX_POINT('',#10163);
#3350=VERTEX_POINT('',#10168);
#3351=VERTEX_POINT('',#10169);
#3352=VERTEX_POINT('',#10174);
#3353=VERTEX_POINT('',#10175);
#3354=VERTEX_POINT('',#10180);
#3355=VERTEX_POINT('',#10181);
#3356=VERTEX_POINT('',#10186);
#3357=VERTEX_POINT('',#10187);
#3358=VERTEX_POINT('',#10192);
#3359=VERTEX_POINT('',#10193);
#3360=VERTEX_POINT('',#10198);
#3361=VERTEX_POINT('',#10199);
#3362=VERTEX_POINT('',#10204);
#3363=VERTEX_POINT('',#10205);
#3364=VERTEX_POINT('',#10210);
#3365=VERTEX_POINT('',#10211);
#3366=VERTEX_POINT('',#10216);
#3367=VERTEX_POINT('',#10217);
#3368=VERTEX_POINT('',#10222);
#3369=VERTEX_POINT('',#10223);
#3370=VERTEX_POINT('',#10231);
#3371=VERTEX_POINT('',#10233);
#3372=VERTEX_POINT('',#10237);
#3373=VERTEX_POINT('',#10241);
#3374=VERTEX_POINT('',#10245);
#3375=VERTEX_POINT('',#10249);
#3376=VERTEX_POINT('',#10253);
#3377=VERTEX_POINT('',#10257);
#3378=VERTEX_POINT('',#10261);
#3379=VERTEX_POINT('',#10265);
#3380=VERTEX_POINT('',#10267);
#3381=VERTEX_POINT('',#10269);
#3382=VERTEX_POINT('',#10271);
#3383=VERTEX_POINT('',#10273);
#3384=VERTEX_POINT('',#10274);
#3385=VERTEX_POINT('',#10276);
#3386=VERTEX_POINT('',#10278);
#3387=VERTEX_POINT('',#10280);
#3388=VERTEX_POINT('',#10282);
#3389=VERTEX_POINT('',#10284);
#3390=VERTEX_POINT('',#10286);
#3391=VERTEX_POINT('',#10288);
#3392=VERTEX_POINT('',#10290);
#3393=VERTEX_POINT('',#10292);
#3394=VERTEX_POINT('',#10294);
#3395=VERTEX_POINT('',#10298);
#3396=VERTEX_POINT('',#10299);
#3397=VERTEX_POINT('',#10301);
#3398=VERTEX_POINT('',#10303);
#3399=VERTEX_POINT('',#10307);
#3400=VERTEX_POINT('',#10308);
#3401=VERTEX_POINT('',#10313);
#3402=VERTEX_POINT('',#10314);
#3403=VERTEX_POINT('',#10339);
#3404=VERTEX_POINT('',#10340);
#3405=VERTEX_POINT('',#10345);
#3406=VERTEX_POINT('',#10346);
#3407=VERTEX_POINT('',#10351);
#3408=VERTEX_POINT('',#10356);
#3409=VERTEX_POINT('',#10380);
#3410=VERTEX_POINT('',#10384);
#3411=VERTEX_POINT('',#10388);
#3412=VERTEX_POINT('',#10392);
#3413=VERTEX_POINT('',#10416);
#3414=VERTEX_POINT('',#10420);
#3415=VERTEX_POINT('',#10424);
#3416=VERTEX_POINT('',#10428);
#3417=VERTEX_POINT('',#10429);
#3418=VERTEX_POINT('',#10463);
#3419=VERTEX_POINT('',#10464);
#3420=VERTEX_POINT('',#10466);
#3421=VERTEX_POINT('',#10468);
#3422=VERTEX_POINT('',#10470);
#3423=VERTEX_POINT('',#10472);
#3424=VERTEX_POINT('',#10474);
#3425=VERTEX_POINT('',#10476);
#3426=VERTEX_POINT('',#10479);
#3427=VERTEX_POINT('',#10480);
#3428=VERTEX_POINT('',#10488);
#3429=VERTEX_POINT('',#10490);
#3430=VERTEX_POINT('',#10540);
#3431=VERTEX_POINT('',#10582);
#3432=VERTEX_POINT('',#10583);
#3433=VERTEX_POINT('',#10621);
#3434=VERTEX_POINT('',#10623);
#3435=VERTEX_POINT('',#10631);
#3436=VERTEX_POINT('',#10664);
#3437=VERTEX_POINT('',#10665);
#3438=VERTEX_POINT('',#10667);
#3439=VERTEX_POINT('',#10693);
#3440=VERTEX_POINT('',#10696);
#3441=VERTEX_POINT('',#10697);
#3442=VERTEX_POINT('',#10699);
#3443=VERTEX_POINT('',#10701);
#3444=VERTEX_POINT('',#10703);
#3445=VERTEX_POINT('',#10705);
#3446=VERTEX_POINT('',#10707);
#3447=VERTEX_POINT('',#10709);
#3448=VERTEX_POINT('',#10711);
#3449=VERTEX_POINT('',#10714);
#3450=VERTEX_POINT('',#10715);
#3451=VERTEX_POINT('',#10753);
#3452=VERTEX_POINT('',#10755);
#3453=VERTEX_POINT('',#10763);
#3454=VERTEX_POINT('',#10796);
#3455=VERTEX_POINT('',#10797);
#3456=VERTEX_POINT('',#10808);
#3457=VERTEX_POINT('',#10810);
#3458=VERTEX_POINT('',#10812);
#3459=VERTEX_POINT('',#10814);
#3460=VERTEX_POINT('',#10828);
#3461=VERTEX_POINT('',#10830);
#3462=VERTEX_POINT('',#10832);
#3463=VERTEX_POINT('',#10838);
#3464=VERTEX_POINT('',#10839);
#3465=VERTEX_POINT('',#10844);
#3466=VERTEX_POINT('',#10849);
#3467=VERTEX_POINT('',#10860);
#3468=VERTEX_POINT('',#10868);
#3469=VERTEX_POINT('',#10870);
#3470=VERTEX_POINT('',#10872);
#3471=VERTEX_POINT('',#10874);
#3472=VERTEX_POINT('',#10879);
#3473=VERTEX_POINT('',#10887);
#3474=VERTEX_POINT('',#10895);
#3475=VERTEX_POINT('',#10897);
#3476=VERTEX_POINT('',#10899);
#3477=VERTEX_POINT('',#10901);
#3478=VERTEX_POINT('',#10906);
#3479=VERTEX_POINT('',#10914);
#3480=VERTEX_POINT('',#10919);
#3481=VERTEX_POINT('',#10921);
#3482=VERTEX_POINT('',#10923);
#3483=VERTEX_POINT('',#10925);
#3484=VERTEX_POINT('',#10927);
#3485=VERTEX_POINT('',#10929);
#3486=VERTEX_POINT('',#10931);
#3487=VERTEX_POINT('',#10946);
#3488=VERTEX_POINT('',#10947);
#3489=VERTEX_POINT('',#10952);
#3490=VERTEX_POINT('',#10960);
#3491=VERTEX_POINT('',#10962);
#3492=VERTEX_POINT('',#10970);
#3493=VERTEX_POINT('',#10981);
#3494=VERTEX_POINT('',#10986);
#3495=VERTEX_POINT('',#10988);
#3496=VERTEX_POINT('',#10990);
#3497=VERTEX_POINT('',#10992);
#3498=VERTEX_POINT('',#10995);
#3499=VERTEX_POINT('',#10996);
#3500=VERTEX_POINT('',#11010);
#3501=VERTEX_POINT('',#11012);
#3502=VERTEX_POINT('',#11014);
#3503=VERTEX_POINT('',#11016);
#3504=VERTEX_POINT('',#11018);
#3505=VERTEX_POINT('',#11032);
#3506=VERTEX_POINT('',#11034);
#3507=VERTEX_POINT('',#11036);
#3508=VERTEX_POINT('',#11039);
#3509=VERTEX_POINT('',#11040);
#3510=VERTEX_POINT('',#11042);
#3511=VERTEX_POINT('',#11044);
#3512=VERTEX_POINT('',#11046);
#3513=VERTEX_POINT('',#11048);
#3514=VERTEX_POINT('',#11050);
#3515=VERTEX_POINT('',#11052);
#3516=VERTEX_POINT('',#11054);
#3517=VERTEX_POINT('',#11056);
#3518=VERTEX_POINT('',#11058);
#3519=VERTEX_POINT('',#11061);
#3520=VERTEX_POINT('',#11062);
#3521=VERTEX_POINT('',#11070);
#3522=VERTEX_POINT('',#11072);
#3523=VERTEX_POINT('',#11122);
#3524=VERTEX_POINT('',#11164);
#3525=VERTEX_POINT('',#11165);
#3526=VERTEX_POINT('',#11167);
#3527=VERTEX_POINT('',#11169);
#3528=VERTEX_POINT('',#11172);
#3529=VERTEX_POINT('',#11173);
#3530=VERTEX_POINT('',#11175);
#3531=VERTEX_POINT('',#11177);
#3532=VERTEX_POINT('',#11179);
#3533=VERTEX_POINT('',#11181);
#3534=VERTEX_POINT('',#11183);
#3535=VERTEX_POINT('',#11185);
#3536=VERTEX_POINT('',#11187);
#3537=VERTEX_POINT('',#11189);
#3538=VERTEX_POINT('',#11191);
#3539=VERTEX_POINT('',#11193);
#3540=VERTEX_POINT('',#11196);
#3541=VERTEX_POINT('',#11197);
#3542=VERTEX_POINT('',#11199);
#3543=VERTEX_POINT('',#11201);
#3544=VERTEX_POINT('',#11203);
#3545=VERTEX_POINT('',#11205);
#3546=VERTEX_POINT('',#11207);
#3547=VERTEX_POINT('',#11209);
#3548=VERTEX_POINT('',#11211);
#3549=VERTEX_POINT('',#11213);
#3550=VERTEX_POINT('',#11215);
#3551=VERTEX_POINT('',#11217);
#3552=VERTEX_POINT('',#11219);
#3553=VERTEX_POINT('',#11222);
#3554=VERTEX_POINT('',#11223);
#3555=VERTEX_POINT('',#11225);
#3556=VERTEX_POINT('',#11227);
#3557=VERTEX_POINT('',#11229);
#3558=VERTEX_POINT('',#11231);
#3559=VERTEX_POINT('',#11233);
#3560=VERTEX_POINT('',#11235);
#3561=VERTEX_POINT('',#11238);
#3562=VERTEX_POINT('',#11239);
#3563=VERTEX_POINT('',#11250);
#3564=VERTEX_POINT('',#11261);
#3565=VERTEX_POINT('',#11263);
#3566=VERTEX_POINT('',#11265);
#3567=VERTEX_POINT('',#11267);
#3568=VERTEX_POINT('',#11287);
#3569=VERTEX_POINT('',#11289);
#3570=VERTEX_POINT('',#11292);
#3571=VERTEX_POINT('',#11293);
#3572=VERTEX_POINT('',#11295);
#3573=VERTEX_POINT('',#11297);
#3574=VERTEX_POINT('',#11299);
#3575=VERTEX_POINT('',#11301);
#3576=VERTEX_POINT('',#11303);
#3577=VERTEX_POINT('',#11305);
#3578=VERTEX_POINT('',#11307);
#3579=VERTEX_POINT('',#11309);
#3580=VERTEX_POINT('',#11312);
#3581=VERTEX_POINT('',#11313);
#3582=VERTEX_POINT('',#11315);
#3583=VERTEX_POINT('',#11317);
#3584=VERTEX_POINT('',#11319);
#3585=VERTEX_POINT('',#11321);
#3586=VERTEX_POINT('',#11323);
#3587=VERTEX_POINT('',#11325);
#3588=VERTEX_POINT('',#11328);
#3589=VERTEX_POINT('',#11329);
#3590=VERTEX_POINT('',#11331);
#3591=VERTEX_POINT('',#11333);
#3592=VERTEX_POINT('',#11335);
#3593=VERTEX_POINT('',#11337);
#3594=VERTEX_POINT('',#11339);
#3595=VERTEX_POINT('',#11341);
#3596=VERTEX_POINT('',#11343);
#3597=VERTEX_POINT('',#11345);
#3598=VERTEX_POINT('',#11347);
#3599=VERTEX_POINT('',#11349);
#3600=VERTEX_POINT('',#11352);
#3601=VERTEX_POINT('',#11402);
#3602=VERTEX_POINT('',#11403);
#3603=VERTEX_POINT('',#11405);
#3604=VERTEX_POINT('',#11407);
#3605=VERTEX_POINT('',#11410);
#3606=VERTEX_POINT('',#11411);
#3607=VERTEX_POINT('',#11413);
#3608=VERTEX_POINT('',#11415);
#3609=VERTEX_POINT('',#11417);
#3610=VERTEX_POINT('',#11431);
#3611=VERTEX_POINT('',#11433);
#3612=VERTEX_POINT('',#11435);
#3613=VERTEX_POINT('',#11437);
#3614=VERTEX_POINT('',#11439);
#3615=VERTEX_POINT('',#11441);
#3616=VERTEX_POINT('',#11455);
#3617=VERTEX_POINT('',#11458);
#3618=VERTEX_POINT('',#11459);
#3619=VERTEX_POINT('',#11461);
#3620=VERTEX_POINT('',#11463);
#3621=VERTEX_POINT('',#11483);
#3622=VERTEX_POINT('',#11494);
#3623=VERTEX_POINT('',#11496);
#3624=VERTEX_POINT('',#11507);
#3625=VERTEX_POINT('',#11509);
#3626=VERTEX_POINT('',#11524);
#3627=VERTEX_POINT('',#11525);
#3628=VERTEX_POINT('',#11527);
#3629=VERTEX_POINT('',#11529);
#3630=VERTEX_POINT('',#11531);
#3631=VERTEX_POINT('',#11533);
#3632=VERTEX_POINT('',#11535);
#3633=VERTEX_POINT('',#11537);
#3634=VERTEX_POINT('',#11539);
#3635=VERTEX_POINT('',#11541);
#3636=VERTEX_POINT('',#11543);
#3637=VERTEX_POINT('',#11545);
#3638=VERTEX_POINT('',#11548);
#3639=VERTEX_POINT('',#11549);
#3640=VERTEX_POINT('',#11551);
#3641=VERTEX_POINT('',#11553);
#3642=VERTEX_POINT('',#11555);
#3643=VERTEX_POINT('',#11557);
#3644=VERTEX_POINT('',#11559);
#3645=VERTEX_POINT('',#11561);
#3646=VERTEX_POINT('',#11563);
#3647=VERTEX_POINT('',#11565);
#3648=VERTEX_POINT('',#11567);
#3649=VERTEX_POINT('',#11569);
#3650=VERTEX_POINT('',#11572);
#3651=VERTEX_POINT('',#11573);
#3652=VERTEX_POINT('',#11575);
#3653=VERTEX_POINT('',#11577);
#3654=VERTEX_POINT('',#11579);
#3655=VERTEX_POINT('',#11581);
#3656=VERTEX_POINT('',#11583);
#3657=VERTEX_POINT('',#11585);
#3658=VERTEX_POINT('',#11602);
#3659=VERTEX_POINT('',#11604);
#3660=VERTEX_POINT('',#11606);
#3661=VERTEX_POINT('',#11608);
#3662=VERTEX_POINT('',#11610);
#3663=VERTEX_POINT('',#11628);
#3664=VERTEX_POINT('',#11629);
#3665=VERTEX_POINT('',#11631);
#3666=VERTEX_POINT('',#11633);
#3667=VERTEX_POINT('',#11635);
#3668=VERTEX_POINT('',#11637);
#3669=VERTEX_POINT('',#11639);
#3670=VERTEX_POINT('',#11641);
#3671=VERTEX_POINT('',#11644);
#3672=VERTEX_POINT('',#11645);
#3673=VERTEX_POINT('',#11653);
#3674=VERTEX_POINT('',#11655);
#3675=VERTEX_POINT('',#11672);
#3676=VERTEX_POINT('',#11674);
#3677=VERTEX_POINT('',#11676);
#3678=VERTEX_POINT('',#11688);
#3679=VERTEX_POINT('',#11689);
#3680=VERTEX_POINT('',#11691);
#3681=VERTEX_POINT('',#11693);
#3682=VERTEX_POINT('',#11695);
#3683=VERTEX_POINT('',#11697);
#3684=VERTEX_POINT('',#11700);
#3685=VERTEX_POINT('',#11701);
#3686=VERTEX_POINT('',#11703);
#3687=VERTEX_POINT('',#11705);
#3688=VERTEX_POINT('',#11708);
#3689=VERTEX_POINT('',#11758);
#3690=VERTEX_POINT('',#11759);
#3691=VERTEX_POINT('',#11776);
#3692=VERTEX_POINT('',#11778);
#3693=VERTEX_POINT('',#11780);
#3694=VERTEX_POINT('',#11803);
#3695=VERTEX_POINT('',#11804);
#3696=VERTEX_POINT('',#11806);
#3697=VERTEX_POINT('',#11810);
#3698=VERTEX_POINT('',#11811);
#3699=VERTEX_POINT('',#11813);
#3700=VERTEX_POINT('',#11820);
#3701=VERTEX_POINT('',#11821);
#3702=VERTEX_POINT('',#11823);
#3703=VERTEX_POINT('',#11830);
#3704=VERTEX_POINT('',#11831);
#3705=VERTEX_POINT('',#11834);
#3706=VERTEX_POINT('',#11838);
#3707=VERTEX_POINT('',#11839);
#3708=VERTEX_POINT('',#11841);
#3709=VERTEX_POINT('',#11848);
#3710=VERTEX_POINT('',#11849);
#3711=VERTEX_POINT('',#11852);
#3712=VERTEX_POINT('',#11859);
#3713=VERTEX_POINT('',#11860);
#3714=VERTEX_POINT('',#11863);
#3715=VERTEX_POINT('',#11867);
#3716=VERTEX_POINT('',#11868);
#3717=VERTEX_POINT('',#11871);
#3718=VERTEX_POINT('',#11875);
#3719=VERTEX_POINT('',#11877);
#3720=VERTEX_POINT('',#11879);
#3721=VERTEX_POINT('',#11883);
#3722=VERTEX_POINT('',#11888);
#3723=VERTEX_POINT('',#11893);
#3724=VERTEX_POINT('',#11895);
#3725=VERTEX_POINT('',#11901);
#3726=VERTEX_POINT('',#11910);
#3727=VERTEX_POINT('',#11912);
#3728=VERTEX_POINT('',#11916);
#3729=VERTEX_POINT('',#11918);
#3730=VERTEX_POINT('',#11980);
#3731=VERTEX_POINT('',#11981);
#3732=VERTEX_POINT('',#12010);
#3733=VERTEX_POINT('',#12012);
#3734=VERTEX_POINT('',#12043);
#3735=VERTEX_POINT('',#12045);
#3736=VERTEX_POINT('',#12085);
#3737=VERTEX_POINT('',#12086);
#3738=VERTEX_POINT('',#12091);
#3739=VERTEX_POINT('',#12093);
#3740=VERTEX_POINT('',#12100);
#3741=VERTEX_POINT('',#12102);
#3742=VERTEX_POINT('',#12113);
#3743=VERTEX_POINT('',#12118);
#3744=VERTEX_POINT('',#12130);
#3745=VERTEX_POINT('',#12132);
#3746=VERTEX_POINT('',#12149);
#3747=VERTEX_POINT('',#12157);
#3748=VERTEX_POINT('',#12167);
#3749=VERTEX_POINT('',#12169);
#3750=VERTEX_POINT('',#12182);
#3751=VERTEX_POINT('',#12184);
#3752=VERTEX_POINT('',#12188);
#3753=VERTEX_POINT('',#12192);
#3754=VERTEX_POINT('',#12196);
#3755=VERTEX_POINT('',#12200);
#3756=VERTEX_POINT('',#12204);
#3757=VERTEX_POINT('',#12208);
#3758=VERTEX_POINT('',#12228);
#3759=VERTEX_POINT('',#12230);
#3760=VERTEX_POINT('',#12319);
#3761=VERTEX_POINT('',#12362);
#3762=VERTEX_POINT('',#12463);
#3763=VERTEX_POINT('',#12591);
#3764=VERTEX_POINT('',#12593);
#3765=VERTEX_POINT('',#12633);
#3766=VERTEX_POINT('',#12698);
#3767=VERTEX_POINT('',#12745);
#3768=VERTEX_POINT('',#12795);
#3769=VERTEX_POINT('',#12796);
#3770=VERTEX_POINT('',#12816);
#3771=VERTEX_POINT('',#12818);
#3772=VERTEX_POINT('',#12840);
#3773=VERTEX_POINT('',#12842);
#3774=VERTEX_POINT('',#12846);
#3775=VERTEX_POINT('',#12848);
#3776=VERTEX_POINT('',#12855);
#3777=VERTEX_POINT('',#12857);
#3778=VERTEX_POINT('',#12861);
#3779=VERTEX_POINT('',#12865);
#3780=VERTEX_POINT('',#12945);
#3781=VERTEX_POINT('',#12947);
#3782=VERTEX_POINT('',#12951);
#3783=VERTEX_POINT('',#12955);
#3784=VERTEX_POINT('',#12959);
#3785=VERTEX_POINT('',#12963);
#3786=VERTEX_POINT('',#12967);
#3787=VERTEX_POINT('',#12971);
#3788=VERTEX_POINT('',#12975);
#3789=VERTEX_POINT('',#13055);
#3790=VERTEX_POINT('',#13057);
#3791=VERTEX_POINT('',#13097);
#3792=VERTEX_POINT('',#13162);
#3793=VERTEX_POINT('',#13209);
#3794=VERTEX_POINT('',#13241);
#3795=VERTEX_POINT('',#13243);
#3796=VERTEX_POINT('',#13263);
#3797=VERTEX_POINT('',#13270);
#3798=VERTEX_POINT('',#13274);
#3799=VERTEX_POINT('',#13278);
#3800=VERTEX_POINT('',#13307);
#3801=VERTEX_POINT('',#13323);
#3802=VERTEX_POINT('',#13327);
#3803=VERTEX_POINT('',#13341);
#3804=VERTEX_POINT('',#13343);
#3805=VERTEX_POINT('',#13369);
#3806=VERTEX_POINT('',#13389);
#3807=VERTEX_POINT('',#13396);
#3808=VERTEX_POINT('',#13400);
#3809=VERTEX_POINT('',#13404);
#3810=VERTEX_POINT('',#13408);
#3811=VERTEX_POINT('',#13412);
#3812=VERTEX_POINT('',#13421);
#3813=VERTEX_POINT('',#13432);
#3814=VERTEX_POINT('',#13452);
#3815=VERTEX_POINT('',#13469);
#3816=VERTEX_POINT('',#13476);
#3817=VERTEX_POINT('',#13480);
#3818=VERTEX_POINT('',#13484);
#3819=VERTEX_POINT('',#13501);
#3820=VERTEX_POINT('',#13524);
#3821=VERTEX_POINT('',#13541);
#3822=VERTEX_POINT('',#13548);
#3823=VERTEX_POINT('',#13552);
#3824=VERTEX_POINT('',#13556);
#3825=VERTEX_POINT('',#13573);
#3826=VERTEX_POINT('',#13602);
#3827=VERTEX_POINT('',#13635);
#3828=VERTEX_POINT('',#13637);
#3829=VERTEX_POINT('',#13644);
#3830=VERTEX_POINT('',#13648);
#3831=VERTEX_POINT('',#13652);
#3832=VERTEX_POINT('',#13656);
#3833=VERTEX_POINT('',#13660);
#3834=VERTEX_POINT('',#13671);
#3835=VERTEX_POINT('',#13697);
#3836=VERTEX_POINT('',#13723);
#3837=VERTEX_POINT('',#13738);
#3838=VERTEX_POINT('',#13789);
#3839=VERTEX_POINT('',#13791);
#3840=VERTEX_POINT('',#13807);
#3841=VERTEX_POINT('',#13811);
#3842=VERTEX_POINT('',#13815);
#3843=VERTEX_POINT('',#13819);
#3844=VERTEX_POINT('',#13848);
#3845=VERTEX_POINT('',#13864);
#3846=VERTEX_POINT('',#13868);
#3847=VERTEX_POINT('',#13872);
#3848=VERTEX_POINT('',#13879);
#3849=VERTEX_POINT('',#13881);
#3850=VERTEX_POINT('',#13885);
#3851=VERTEX_POINT('',#13889);
#3852=VERTEX_POINT('',#13893);
#3853=VERTEX_POINT('',#13897);
#3854=VERTEX_POINT('',#13901);
#3855=VERTEX_POINT('',#13905);
#3856=VERTEX_POINT('',#13909);
#3857=VERTEX_POINT('',#13913);
#3858=VERTEX_POINT('',#13917);
#3859=VERTEX_POINT('',#13937);
#3860=VERTEX_POINT('',#13939);
#3861=VERTEX_POINT('',#14028);
#3862=VERTEX_POINT('',#14071);
#3863=VERTEX_POINT('',#14172);
#3864=VERTEX_POINT('',#14227);
#3865=VERTEX_POINT('',#14229);
#3866=VERTEX_POINT('',#14233);
#3867=VERTEX_POINT('',#14237);
#3868=VERTEX_POINT('',#14244);
#3869=VERTEX_POINT('',#14246);
#3870=VERTEX_POINT('',#14250);
#3871=VERTEX_POINT('',#14254);
#3872=VERTEX_POINT('',#14258);
#3873=VERTEX_POINT('',#14262);
#3874=VERTEX_POINT('',#14266);
#3875=VERTEX_POINT('',#14270);
#3876=VERTEX_POINT('',#14274);
#3877=VERTEX_POINT('',#14278);
#3878=VERTEX_POINT('',#14282);
#3879=VERTEX_POINT('',#14286);
#3880=VERTEX_POINT('',#14293);
#3881=VERTEX_POINT('',#14295);
#3882=VERTEX_POINT('',#14299);
#3883=VERTEX_POINT('',#14303);
#3884=VERTEX_POINT('',#14307);
#3885=VERTEX_POINT('',#14311);
#3886=VERTEX_POINT('',#14315);
#3887=VERTEX_POINT('',#14319);
#3888=VERTEX_POINT('',#14323);
#3889=VERTEX_POINT('',#14327);
#3890=VERTEX_POINT('',#14331);
#3891=VERTEX_POINT('',#14335);
#3892=VERTEX_POINT('',#14339);
#3893=VERTEX_POINT('',#14346);
#3894=VERTEX_POINT('',#14348);
#3895=VERTEX_POINT('',#14352);
#3896=VERTEX_POINT('',#14356);
#3897=VERTEX_POINT('',#14360);
#3898=VERTEX_POINT('',#14364);
#3899=VERTEX_POINT('',#14368);
#3900=VERTEX_POINT('',#14372);
#3901=VERTEX_POINT('',#14398);
#3902=VERTEX_POINT('',#14400);
#3903=VERTEX_POINT('',#14413);
#3904=VERTEX_POINT('',#14417);
#3905=VERTEX_POINT('',#14421);
#3906=VERTEX_POINT('',#14462);
#3907=VERTEX_POINT('',#14484);
#3908=VERTEX_POINT('',#14488);
#3909=VERTEX_POINT('',#14492);
#3910=VERTEX_POINT('',#14527);
#3911=VERTEX_POINT('',#14529);
#3912=VERTEX_POINT('',#14533);
#3913=VERTEX_POINT('',#14537);
#3914=VERTEX_POINT('',#14541);
#3915=VERTEX_POINT('',#14545);
#3916=VERTEX_POINT('',#14549);
#3917=VERTEX_POINT('',#14553);
#3918=VERTEX_POINT('',#14557);
#3919=VERTEX_POINT('',#14561);
#3920=VERTEX_POINT('',#14568);
#3921=VERTEX_POINT('',#14570);
#3922=VERTEX_POINT('',#14574);
#3923=VERTEX_POINT('',#14578);
#3924=VERTEX_POINT('',#14582);
#3925=VERTEX_POINT('',#14586);
#3926=VERTEX_POINT('',#14590);
#3927=VERTEX_POINT('',#14594);
#3928=VERTEX_POINT('',#14601);
#3929=VERTEX_POINT('',#14603);
#3930=VERTEX_POINT('',#14607);
#3931=VERTEX_POINT('',#14611);
#3932=VERTEX_POINT('',#14615);
#3933=VERTEX_POINT('',#14619);
#3934=VERTEX_POINT('',#14623);
#3935=VERTEX_POINT('',#14627);
#3936=VERTEX_POINT('',#14631);
#3937=VERTEX_POINT('',#14635);
#3938=VERTEX_POINT('',#14639);
#3939=VERTEX_POINT('',#14643);
#3940=VERTEX_POINT('',#14735);
#3941=VERTEX_POINT('',#14779);
#3942=VERTEX_POINT('',#14922);
#3943=VERTEX_POINT('',#14975);
#3944=VERTEX_POINT('',#14977);
#3945=VERTEX_POINT('',#14981);
#3946=VERTEX_POINT('',#14985);
#3947=VERTEX_POINT('',#14992);
#3948=VERTEX_POINT('',#14994);
#3949=VERTEX_POINT('',#14998);
#3950=VERTEX_POINT('',#15002);
#3951=VERTEX_POINT('',#15031);
#3952=VERTEX_POINT('',#15047);
#3953=VERTEX_POINT('',#15051);
#3954=VERTEX_POINT('',#15055);
#3955=VERTEX_POINT('',#15059);
#3956=VERTEX_POINT('',#15063);
#3957=VERTEX_POINT('',#15092);
#3958=VERTEX_POINT('',#15108);
#3959=VERTEX_POINT('',#15120);
#3960=VERTEX_POINT('',#15122);
#3961=VERTEX_POINT('',#15145);
#3962=VERTEX_POINT('',#15165);
#3963=VERTEX_POINT('',#15172);
#3964=VERTEX_POINT('',#15195);
#3965=VERTEX_POINT('',#15213);
#3966=VERTEX_POINT('',#15236);
#3967=VERTEX_POINT('',#15286);
#3968=VERTEX_POINT('',#15311);
#3969=VERTEX_POINT('',#15313);
#3970=VERTEX_POINT('',#15317);
#3971=VERTEX_POINT('',#15321);
#3972=VERTEX_POINT('',#15325);
#3973=VERTEX_POINT('',#15329);
#3974=VERTEX_POINT('',#15333);
#3975=VERTEX_POINT('',#15337);
#3976=VERTEX_POINT('',#15341);
#3977=VERTEX_POINT('',#15345);
#3978=VERTEX_POINT('',#15349);
#3979=VERTEX_POINT('',#15353);
#3980=VERTEX_POINT('',#15360);
#3981=VERTEX_POINT('',#15362);
#3982=VERTEX_POINT('',#15366);
#3983=VERTEX_POINT('',#15370);
#3984=VERTEX_POINT('',#15374);
#3985=VERTEX_POINT('',#15378);
#3986=VERTEX_POINT('',#15382);
#3987=VERTEX_POINT('',#15386);
#3988=VERTEX_POINT('',#15390);
#3989=VERTEX_POINT('',#15394);
#3990=VERTEX_POINT('',#15398);
#3991=VERTEX_POINT('',#15402);
#3992=VERTEX_POINT('',#15409);
#3993=VERTEX_POINT('',#15411);
#3994=VERTEX_POINT('',#15446);
#3995=VERTEX_POINT('',#15465);
#3996=VERTEX_POINT('',#15469);
#3997=VERTEX_POINT('',#15473);
#3998=VERTEX_POINT('',#15477);
#3999=VERTEX_POINT('',#15481);
#4000=VERTEX_POINT('',#15516);
#4001=VERTEX_POINT('',#15535);
#4002=VERTEX_POINT('',#15539);
#4003=VERTEX_POINT('',#15543);
#4004=VERTEX_POINT('',#15547);
#4005=VERTEX_POINT('',#15554);
#4006=VERTEX_POINT('',#15556);
#4007=VERTEX_POINT('',#15560);
#4008=VERTEX_POINT('',#15564);
#4009=VERTEX_POINT('',#15568);
#4010=VERTEX_POINT('',#15572);
#4011=VERTEX_POINT('',#15576);
#4012=VERTEX_POINT('',#15580);
#4013=VERTEX_POINT('',#15600);
#4014=VERTEX_POINT('',#15602);
#4015=VERTEX_POINT('',#15631);
#4016=VERTEX_POINT('',#15644);
#4017=VERTEX_POINT('',#15648);
#4018=VERTEX_POINT('',#15652);
#4019=VERTEX_POINT('',#15687);
#4020=VERTEX_POINT('',#15709);
#4021=VERTEX_POINT('',#15711);
#4022=VERTEX_POINT('',#15715);
#4023=VERTEX_POINT('',#15719);
#4024=VERTEX_POINT('',#15723);
#4025=VERTEX_POINT('',#15727);
#4026=VERTEX_POINT('',#15734);
#4027=VERTEX_POINT('',#15736);
#4028=VERTEX_POINT('',#15740);
#4029=VERTEX_POINT('',#15744);
#4030=VERTEX_POINT('',#15836);
#4031=VERTEX_POINT('',#15880);
#4032=VERTEX_POINT('',#16023);
#4033=VERTEX_POINT('',#16107);
#4034=VERTEX_POINT('',#16108);
#4035=VERTEX_POINT('',#16125);
#4036=VERTEX_POINT('',#16127);
#4037=VERTEX_POINT('',#16146);
#4038=VERTEX_POINT('',#16148);
#4039=VERTEX_POINT('',#16152);
#4040=VERTEX_POINT('',#16154);
#4041=VERTEX_POINT('',#16161);
#4042=VERTEX_POINT('',#16162);
#4043=VERTEX_POINT('',#16164);
#4044=VERTEX_POINT('',#16166);
#4045=VERTEX_POINT('',#16195);
#4046=VERTEX_POINT('',#16209);
#4047=VERTEX_POINT('',#16225);
#4048=VERTEX_POINT('',#16227);
#4049=VERTEX_POINT('',#16265);
#4050=VERTEX_POINT('',#16267);
#4051=VERTEX_POINT('',#16317);
#4052=VERTEX_POINT('',#16336);
#4053=VERTEX_POINT('',#16340);
#4054=VERTEX_POINT('',#16370);
#4055=VERTEX_POINT('',#16375);
#4056=VERTEX_POINT('',#16380);
#4057=VERTEX_POINT('',#16385);
#4058=EDGE_CURVE('',#3338,#3339,#3238,.T.);
#4059=EDGE_CURVE('',#3339,#3340,#3239,.T.);
#4060=EDGE_CURVE('',#3340,#3341,#3240,.T.);
#4061=EDGE_CURVE('',#3341,#3338,#3241,.T.);
#4062=EDGE_CURVE('',#3342,#3343,#3242,.T.);
#4063=EDGE_CURVE('',#3343,#3341,#587,.T.);
#4064=EDGE_CURVE('',#3340,#3342,#588,.T.);
#4065=EDGE_CURVE('',#3344,#3345,#3243,.T.);
#4066=EDGE_CURVE('',#3345,#3343,#3244,.T.);
#4067=EDGE_CURVE('',#3342,#3344,#3245,.T.);
#4068=EDGE_CURVE('',#3346,#3347,#3246,.T.);
#4069=EDGE_CURVE('',#3347,#3345,#3247,.T.);
#4070=EDGE_CURVE('',#3344,#3346,#3248,.T.);
#4071=EDGE_CURVE('',#3348,#3349,#3249,.T.);
#4072=EDGE_CURVE('',#3349,#3347,#3250,.T.);
#4073=EDGE_CURVE('',#3346,#3348,#3251,.T.);
#4074=EDGE_CURVE('',#3350,#3351,#3252,.T.);
#4075=EDGE_CURVE('',#3351,#3349,#589,.T.);
#4076=EDGE_CURVE('',#3348,#3350,#590,.T.);
#4077=EDGE_CURVE('',#3352,#3353,#3253,.T.);
#4078=EDGE_CURVE('',#3353,#3351,#3254,.T.);
#4079=EDGE_CURVE('',#3350,#3352,#3255,.T.);
#4080=EDGE_CURVE('',#3354,#3355,#3256,.T.);
#4081=EDGE_CURVE('',#3355,#3353,#3257,.T.);
#4082=EDGE_CURVE('',#3352,#3354,#3258,.T.);
#4083=EDGE_CURVE('',#3356,#3357,#3259,.T.);
#4084=EDGE_CURVE('',#3357,#3355,#3260,.T.);
#4085=EDGE_CURVE('',#3354,#3356,#3261,.T.);
#4086=EDGE_CURVE('',#3358,#3359,#3262,.T.);
#4087=EDGE_CURVE('',#3359,#3357,#591,.T.);
#4088=EDGE_CURVE('',#3356,#3358,#592,.T.);
#4089=EDGE_CURVE('',#3360,#3361,#3263,.T.);
#4090=EDGE_CURVE('',#3361,#3359,#3264,.T.);
#4091=EDGE_CURVE('',#3358,#3360,#3265,.T.);
#4092=EDGE_CURVE('',#3362,#3363,#3266,.T.);
#4093=EDGE_CURVE('',#3363,#3361,#3267,.T.);
#4094=EDGE_CURVE('',#3360,#3362,#3268,.T.);
#4095=EDGE_CURVE('',#3364,#3365,#3269,.T.);
#4096=EDGE_CURVE('',#3365,#3363,#3270,.T.);
#4097=EDGE_CURVE('',#3362,#3364,#3271,.T.);
#4098=EDGE_CURVE('',#3366,#3367,#3272,.T.);
#4099=EDGE_CURVE('',#3367,#3365,#593,.T.);
#4100=EDGE_CURVE('',#3364,#3366,#594,.T.);
#4101=EDGE_CURVE('',#3368,#3369,#3273,.T.);
#4102=EDGE_CURVE('',#3369,#3367,#3274,.T.);
#4103=EDGE_CURVE('',#3366,#3368,#3275,.T.);
#4104=EDGE_CURVE('',#3368,#3339,#3276,.T.);
#4105=EDGE_CURVE('',#3338,#3369,#3277,.T.);
#4106=EDGE_CURVE('',#3370,#3359,#595,.T.);
#4107=EDGE_CURVE('',#3371,#3370,#596,.T.);
#4108=EDGE_CURVE('',#3357,#3371,#597,.T.);
#4109=EDGE_CURVE('',#3361,#3372,#598,.T.);
#4110=EDGE_CURVE('',#3370,#3372,#3278,.T.);
#4111=EDGE_CURVE('',#3373,#3363,#599,.T.);
#4112=EDGE_CURVE('',#3372,#3373,#3279,.T.);
#4113=EDGE_CURVE('',#3365,#3374,#600,.T.);
#4114=EDGE_CURVE('',#3373,#3374,#3280,.T.);
#4115=EDGE_CURVE('',#3375,#3367,#601,.T.);
#4116=EDGE_CURVE('',#3374,#3375,#602,.T.);
#4117=EDGE_CURVE('',#3369,#3376,#603,.T.);
#4118=EDGE_CURVE('',#3375,#3376,#3281,.T.);
#4119=EDGE_CURVE('',#3377,#3338,#604,.T.);
#4120=EDGE_CURVE('',#3376,#3377,#3282,.T.);
#4121=EDGE_CURVE('',#3341,#3378,#605,.T.);
#4122=EDGE_CURVE('',#3377,#3378,#3283,.T.);
#4123=EDGE_CURVE('',#3379,#3379,#3284,.T.);
#4124=EDGE_CURVE('',#3380,#3380,#3285,.T.);
#4125=EDGE_CURVE('',#3381,#3381,#3286,.T.);
#4126=EDGE_CURVE('',#3382,#3382,#3287,.T.);
#4127=EDGE_CURVE('',#3383,#3384,#606,.T.);
#4128=EDGE_CURVE('',#3384,#3385,#607,.T.);
#4129=EDGE_CURVE('',#3385,#3386,#608,.T.);
#4130=EDGE_CURVE('',#3386,#3387,#609,.T.);
#4131=EDGE_CURVE('',#3387,#3388,#610,.T.);
#4132=EDGE_CURVE('',#3388,#3389,#611,.T.);
#4133=EDGE_CURVE('',#3389,#3390,#612,.T.);
#4134=EDGE_CURVE('',#3390,#3391,#613,.T.);
#4135=EDGE_CURVE('',#3391,#3392,#614,.T.);
#4136=EDGE_CURVE('',#3392,#3393,#615,.T.);
#4137=EDGE_CURVE('',#3393,#3394,#616,.T.);
#4138=EDGE_CURVE('',#3394,#3383,#617,.T.);
#4139=EDGE_CURVE('',#3395,#3396,#3288,.T.);
#4140=EDGE_CURVE('',#3396,#3397,#3289,.T.);
#4141=EDGE_CURVE('',#3397,#3398,#3290,.T.);
#4142=EDGE_CURVE('',#3398,#3395,#3291,.T.);
#4143=EDGE_CURVE('',#3399,#3400,#3292,.T.);
#4144=EDGE_CURVE('',#3400,#3398,#618,.T.);
#4145=EDGE_CURVE('',#3397,#3399,#619,.T.);
#4146=EDGE_CURVE('',#3401,#3402,#3293,.T.);
#4147=EDGE_CURVE('',#3402,#3400,#3294,.T.);
#4148=EDGE_CURVE('',#3399,#3401,#3295,.T.);
#4149=EDGE_CURVE('',#3403,#3404,#3296,.T.);
#4150=EDGE_CURVE('',#3404,#3402,#3297,.T.);
#4151=EDGE_CURVE('',#3401,#3403,#3298,.T.);
#4152=EDGE_CURVE('',#3405,#3406,#3299,.T.);
#4153=EDGE_CURVE('',#3406,#3404,#3300,.T.);
#4154=EDGE_CURVE('',#3403,#3405,#3301,.T.);
#4155=EDGE_CURVE('',#3407,#3378,#3302,.T.);
#4156=EDGE_CURVE('',#3378,#3406,#620,.T.);
#4157=EDGE_CURVE('',#3405,#3407,#621,.T.);
#4158=EDGE_CURVE('',#3408,#3377,#3303,.T.);
#4159=EDGE_CURVE('',#3407,#3408,#3304,.T.);
#4160=EDGE_CURVE('',#3409,#3376,#3305,.T.);
#4161=EDGE_CURVE('',#3408,#3409,#3306,.T.);
#4162=EDGE_CURVE('',#3410,#3375,#3307,.T.);
#4163=EDGE_CURVE('',#3409,#3410,#3308,.T.);
#4164=EDGE_CURVE('',#3411,#3374,#3309,.T.);
#4165=EDGE_CURVE('',#3410,#3411,#622,.T.);
#4166=EDGE_CURVE('',#3412,#3373,#3310,.T.);
#4167=EDGE_CURVE('',#3411,#3412,#3311,.T.);
#4168=EDGE_CURVE('',#3413,#3372,#3312,.T.);
#4169=EDGE_CURVE('',#3412,#3413,#3313,.T.);
#4170=EDGE_CURVE('',#3414,#3370,#3314,.T.);
#4171=EDGE_CURVE('',#3413,#3414,#3315,.T.);
#4172=EDGE_CURVE('',#3415,#3371,#3316,.T.);
#4173=EDGE_CURVE('',#3414,#3415,#623,.T.);
#4174=EDGE_CURVE('',#3416,#3417,#3317,.T.);
#4175=EDGE_CURVE('',#3417,#3371,#3318,.T.);
#4176=EDGE_CURVE('',#3415,#3416,#3319,.T.);
#4177=EDGE_CURVE('',#3416,#3396,#3320,.T.);
#4178=EDGE_CURVE('',#3395,#3417,#3321,.T.);
#4179=EDGE_CURVE('',#3417,#3355,#624,.T.);
#4180=EDGE_CURVE('',#3353,#3395,#625,.T.);
#4181=EDGE_CURVE('',#3398,#3351,#626,.T.);
#4182=EDGE_CURVE('',#3418,#3419,#627,.T.);
#4183=EDGE_CURVE('',#3419,#3420,#628,.T.);
#4184=EDGE_CURVE('',#3420,#3421,#629,.T.);
#4185=EDGE_CURVE('',#3421,#3422,#630,.T.);
#4186=EDGE_CURVE('',#3422,#3423,#631,.T.);
#4187=EDGE_CURVE('',#3423,#3424,#632,.T.);
#4188=EDGE_CURVE('',#3424,#3425,#633,.T.);
#4189=EDGE_CURVE('',#3425,#3418,#634,.T.);
#4190=EDGE_CURVE('',#3426,#3427,#103,.T.);
#4191=EDGE_CURVE('',#3427,#3428,#635,.T.);
#4192=EDGE_CURVE('',#3428,#3429,#104,.T.);
#4193=EDGE_CURVE('',#3429,#3430,#636,.T.);
#4194=EDGE_CURVE('',#3430,#3426,#105,.T.);
#4195=EDGE_CURVE('',#3431,#3432,#106,.T.);
#4196=EDGE_CURVE('',#3432,#3433,#637,.T.);
#4197=EDGE_CURVE('',#3433,#3434,#107,.T.);
#4198=EDGE_CURVE('',#3434,#3435,#108,.T.);
#4199=EDGE_CURVE('',#3435,#3431,#638,.T.);
#4200=EDGE_CURVE('',#3436,#3437,#639,.T.);
#4201=EDGE_CURVE('',#3437,#3438,#109,.T.);
#4202=EDGE_CURVE('',#3438,#3439,#640,.T.);
#4203=EDGE_CURVE('',#3439,#3436,#641,.T.);
#4204=EDGE_CURVE('',#3440,#3441,#642,.T.);
#4205=EDGE_CURVE('',#3441,#3442,#643,.T.);
#4206=EDGE_CURVE('',#3442,#3443,#644,.T.);
#4207=EDGE_CURVE('',#3443,#3444,#645,.T.);
#4208=EDGE_CURVE('',#3444,#3445,#646,.T.);
#4209=EDGE_CURVE('',#3445,#3446,#647,.T.);
#4210=EDGE_CURVE('',#3446,#3447,#648,.T.);
#4211=EDGE_CURVE('',#3447,#3448,#649,.T.);
#4212=EDGE_CURVE('',#3448,#3440,#650,.T.);
#4213=EDGE_CURVE('',#3449,#3450,#110,.T.);
#4214=EDGE_CURVE('',#3450,#3451,#651,.T.);
#4215=EDGE_CURVE('',#3451,#3452,#111,.T.);
#4216=EDGE_CURVE('',#3452,#3453,#112,.T.);
#4217=EDGE_CURVE('',#3453,#3449,#652,.T.);
#4218=EDGE_CURVE('',#3454,#3455,#113,.T.);
#4219=EDGE_CURVE('',#3455,#3456,#653,.T.);
#4220=EDGE_CURVE('',#3456,#3457,#654,.T.);
#4221=EDGE_CURVE('',#3457,#3458,#655,.T.);
#4222=EDGE_CURVE('',#3458,#3459,#114,.T.);
#4223=EDGE_CURVE('',#3459,#3460,#656,.T.);
#4224=EDGE_CURVE('',#3460,#3461,#657,.T.);
#4225=EDGE_CURVE('',#3461,#3462,#658,.T.);
#4226=EDGE_CURVE('',#3462,#3454,#115,.T.);
#4227=EDGE_CURVE('',#3463,#3464,#116,.T.);
#4228=EDGE_CURVE('',#3464,#3465,#117,.T.);
#4229=EDGE_CURVE('',#3465,#3466,#118,.T.);
#4230=EDGE_CURVE('',#3466,#3467,#119,.T.);
#4231=EDGE_CURVE('',#3467,#3468,#659,.T.);
#4232=EDGE_CURVE('',#3468,#3469,#660,.T.);
#4233=EDGE_CURVE('',#3469,#3470,#661,.T.);
#4234=EDGE_CURVE('',#3470,#3471,#120,.T.);
#4235=EDGE_CURVE('',#3471,#3472,#121,.T.);
#4236=EDGE_CURVE('',#3472,#3473,#122,.T.);
#4237=EDGE_CURVE('',#3473,#3474,#662,.T.);
#4238=EDGE_CURVE('',#3474,#3475,#663,.T.);
#4239=EDGE_CURVE('',#3475,#3476,#664,.T.);
#4240=EDGE_CURVE('',#3476,#3477,#123,.T.);
#4241=EDGE_CURVE('',#3477,#3478,#124,.T.);
#4242=EDGE_CURVE('',#3478,#3479,#125,.T.);
#4243=EDGE_CURVE('',#3479,#3480,#83,.T.);
#4244=EDGE_CURVE('',#3480,#3481,#665,.T.);
#4245=EDGE_CURVE('',#3481,#3482,#666,.T.);
#4246=EDGE_CURVE('',#3482,#3483,#667,.T.);
#4247=EDGE_CURVE('',#3483,#3484,#668,.T.);
#4248=EDGE_CURVE('',#3484,#3485,#669,.T.);
#4249=EDGE_CURVE('',#3485,#3486,#126,.T.);
#4250=EDGE_CURVE('',#3486,#3463,#127,.T.);
#4251=EDGE_CURVE('',#3487,#3488,#128,.T.);
#4252=EDGE_CURVE('',#3488,#3489,#129,.T.);
#4253=EDGE_CURVE('',#3489,#3490,#84,.T.);
#4254=EDGE_CURVE('',#3490,#3491,#130,.T.);
#4255=EDGE_CURVE('',#3491,#3492,#131,.T.);
#4256=EDGE_CURVE('',#3492,#3493,#132,.T.);
#4257=EDGE_CURVE('',#3493,#3494,#670,.T.);
#4258=EDGE_CURVE('',#3494,#3495,#671,.T.);
#4259=EDGE_CURVE('',#3495,#3496,#672,.T.);
#4260=EDGE_CURVE('',#3496,#3497,#673,.T.);
#4261=EDGE_CURVE('',#3497,#3487,#674,.T.);
#4262=EDGE_CURVE('',#3498,#3499,#133,.T.);
#4263=EDGE_CURVE('',#3499,#3500,#675,.T.);
#4264=EDGE_CURVE('',#3500,#3501,#676,.T.);
#4265=EDGE_CURVE('',#3501,#3502,#677,.T.);
#4266=EDGE_CURVE('',#3502,#3503,#678,.T.);
#4267=EDGE_CURVE('',#3503,#3504,#134,.T.);
#4268=EDGE_CURVE('',#3504,#3505,#679,.T.);
#4269=EDGE_CURVE('',#3505,#3506,#680,.T.);
#4270=EDGE_CURVE('',#3506,#3507,#681,.T.);
#4271=EDGE_CURVE('',#3507,#3498,#682,.T.);
#4272=EDGE_CURVE('',#3508,#3509,#683,.T.);
#4273=EDGE_CURVE('',#3509,#3510,#684,.T.);
#4274=EDGE_CURVE('',#3510,#3511,#685,.T.);
#4275=EDGE_CURVE('',#3511,#3512,#686,.T.);
#4276=EDGE_CURVE('',#3512,#3513,#687,.T.);
#4277=EDGE_CURVE('',#3513,#3514,#688,.T.);
#4278=EDGE_CURVE('',#3514,#3515,#689,.T.);
#4279=EDGE_CURVE('',#3515,#3516,#690,.T.);
#4280=EDGE_CURVE('',#3516,#3517,#691,.T.);
#4281=EDGE_CURVE('',#3517,#3518,#692,.T.);
#4282=EDGE_CURVE('',#3518,#3508,#693,.T.);
#4283=EDGE_CURVE('',#3519,#3520,#135,.T.);
#4284=EDGE_CURVE('',#3520,#3521,#694,.T.);
#4285=EDGE_CURVE('',#3521,#3522,#136,.T.);
#4286=EDGE_CURVE('',#3522,#3523,#695,.T.);
#4287=EDGE_CURVE('',#3523,#3519,#137,.T.);
#4288=EDGE_CURVE('',#3524,#3525,#696,.T.);
#4289=EDGE_CURVE('',#3525,#3526,#697,.T.);
#4290=EDGE_CURVE('',#3526,#3527,#698,.T.);
#4291=EDGE_CURVE('',#3527,#3524,#699,.T.);
#4292=EDGE_CURVE('',#3528,#3529,#700,.T.);
#4293=EDGE_CURVE('',#3529,#3530,#701,.T.);
#4294=EDGE_CURVE('',#3530,#3531,#702,.T.);
#4295=EDGE_CURVE('',#3531,#3532,#703,.T.);
#4296=EDGE_CURVE('',#3532,#3533,#704,.T.);
#4297=EDGE_CURVE('',#3533,#3534,#705,.T.);
#4298=EDGE_CURVE('',#3534,#3535,#706,.T.);
#4299=EDGE_CURVE('',#3535,#3536,#707,.T.);
#4300=EDGE_CURVE('',#3536,#3537,#708,.T.);
#4301=EDGE_CURVE('',#3537,#3538,#709,.T.);
#4302=EDGE_CURVE('',#3538,#3539,#710,.T.);
#4303=EDGE_CURVE('',#3539,#3528,#711,.T.);
#4304=EDGE_CURVE('',#3540,#3541,#712,.T.);
#4305=EDGE_CURVE('',#3541,#3542,#713,.T.);
#4306=EDGE_CURVE('',#3542,#3543,#714,.T.);
#4307=EDGE_CURVE('',#3543,#3544,#715,.T.);
#4308=EDGE_CURVE('',#3544,#3545,#716,.T.);
#4309=EDGE_CURVE('',#3545,#3546,#717,.T.);
#4310=EDGE_CURVE('',#3546,#3547,#718,.T.);
#4311=EDGE_CURVE('',#3547,#3548,#719,.T.);
#4312=EDGE_CURVE('',#3548,#3549,#720,.T.);
#4313=EDGE_CURVE('',#3549,#3550,#721,.T.);
#4314=EDGE_CURVE('',#3550,#3551,#722,.T.);
#4315=EDGE_CURVE('',#3551,#3552,#723,.T.);
#4316=EDGE_CURVE('',#3552,#3540,#724,.T.);
#4317=EDGE_CURVE('',#3553,#3554,#725,.T.);
#4318=EDGE_CURVE('',#3554,#3555,#726,.T.);
#4319=EDGE_CURVE('',#3555,#3556,#727,.T.);
#4320=EDGE_CURVE('',#3556,#3557,#728,.T.);
#4321=EDGE_CURVE('',#3557,#3558,#729,.T.);
#4322=EDGE_CURVE('',#3558,#3559,#730,.T.);
#4323=EDGE_CURVE('',#3559,#3560,#731,.T.);
#4324=EDGE_CURVE('',#3560,#3553,#732,.T.);
#4325=EDGE_CURVE('',#3561,#3562,#138,.T.);
#4326=EDGE_CURVE('',#3562,#3563,#139,.T.);
#4327=EDGE_CURVE('',#3563,#3564,#733,.T.);
#4328=EDGE_CURVE('',#3564,#3565,#734,.T.);
#4329=EDGE_CURVE('',#3565,#3566,#735,.T.);
#4330=EDGE_CURVE('',#3566,#3567,#140,.T.);
#4331=EDGE_CURVE('',#3567,#3568,#736,.T.);
#4332=EDGE_CURVE('',#3568,#3569,#737,.T.);
#4333=EDGE_CURVE('',#3569,#3561,#738,.T.);
#4334=EDGE_CURVE('',#3570,#3571,#739,.T.);
#4335=EDGE_CURVE('',#3571,#3572,#740,.T.);
#4336=EDGE_CURVE('',#3572,#3573,#741,.T.);
#4337=EDGE_CURVE('',#3573,#3574,#742,.T.);
#4338=EDGE_CURVE('',#3574,#3575,#743,.T.);
#4339=EDGE_CURVE('',#3575,#3576,#744,.T.);
#4340=EDGE_CURVE('',#3576,#3577,#745,.T.);
#4341=EDGE_CURVE('',#3577,#3578,#746,.T.);
#4342=EDGE_CURVE('',#3578,#3579,#747,.T.);
#4343=EDGE_CURVE('',#3579,#3570,#748,.T.);
#4344=EDGE_CURVE('',#3580,#3581,#749,.T.);
#4345=EDGE_CURVE('',#3581,#3582,#750,.T.);
#4346=EDGE_CURVE('',#3582,#3583,#751,.T.);
#4347=EDGE_CURVE('',#3583,#3584,#752,.T.);
#4348=EDGE_CURVE('',#3584,#3585,#753,.T.);
#4349=EDGE_CURVE('',#3585,#3586,#754,.T.);
#4350=EDGE_CURVE('',#3586,#3587,#755,.T.);
#4351=EDGE_CURVE('',#3587,#3580,#756,.T.);
#4352=EDGE_CURVE('',#3588,#3589,#757,.T.);
#4353=EDGE_CURVE('',#3589,#3590,#758,.T.);
#4354=EDGE_CURVE('',#3590,#3591,#759,.T.);
#4355=EDGE_CURVE('',#3591,#3592,#760,.T.);
#4356=EDGE_CURVE('',#3592,#3593,#761,.T.);
#4357=EDGE_CURVE('',#3593,#3594,#762,.T.);
#4358=EDGE_CURVE('',#3594,#3595,#763,.T.);
#4359=EDGE_CURVE('',#3595,#3596,#764,.T.);
#4360=EDGE_CURVE('',#3596,#3597,#765,.T.);
#4361=EDGE_CURVE('',#3597,#3598,#766,.T.);
#4362=EDGE_CURVE('',#3598,#3599,#767,.T.);
#4363=EDGE_CURVE('',#3599,#3588,#768,.T.);
#4364=EDGE_CURVE('',#3600,#3600,#141,.T.);
#4365=EDGE_CURVE('',#3601,#3602,#769,.T.);
#4366=EDGE_CURVE('',#3602,#3603,#770,.T.);
#4367=EDGE_CURVE('',#3603,#3604,#771,.T.);
#4368=EDGE_CURVE('',#3604,#3601,#772,.T.);
#4369=EDGE_CURVE('',#3605,#3606,#773,.T.);
#4370=EDGE_CURVE('',#3606,#3607,#774,.T.);
#4371=EDGE_CURVE('',#3607,#3608,#775,.T.);
#4372=EDGE_CURVE('',#3608,#3609,#142,.T.);
#4373=EDGE_CURVE('',#3609,#3610,#776,.T.);
#4374=EDGE_CURVE('',#3610,#3611,#777,.T.);
#4375=EDGE_CURVE('',#3611,#3612,#778,.T.);
#4376=EDGE_CURVE('',#3612,#3613,#779,.T.);
#4377=EDGE_CURVE('',#3613,#3614,#780,.T.);
#4378=EDGE_CURVE('',#3614,#3615,#143,.T.);
#4379=EDGE_CURVE('',#3615,#3616,#781,.T.);
#4380=EDGE_CURVE('',#3616,#3605,#782,.T.);
#4381=EDGE_CURVE('',#3617,#3618,#85,.T.);
#4382=EDGE_CURVE('',#3618,#3619,#783,.T.);
#4383=EDGE_CURVE('',#3619,#3620,#144,.T.);
#4384=EDGE_CURVE('',#3620,#3621,#145,.T.);
#4385=EDGE_CURVE('',#3621,#3622,#86,.T.);
#4386=EDGE_CURVE('',#3622,#3623,#146,.T.);
#4387=EDGE_CURVE('',#3623,#3624,#784,.T.);
#4388=EDGE_CURVE('',#3624,#3625,#147,.T.);
#4389=EDGE_CURVE('',#3625,#3617,#148,.T.);
#4390=EDGE_CURVE('',#3626,#3627,#785,.T.);
#4391=EDGE_CURVE('',#3627,#3628,#786,.T.);
#4392=EDGE_CURVE('',#3628,#3629,#787,.T.);
#4393=EDGE_CURVE('',#3629,#3630,#788,.T.);
#4394=EDGE_CURVE('',#3630,#3631,#789,.T.);
#4395=EDGE_CURVE('',#3631,#3632,#790,.T.);
#4396=EDGE_CURVE('',#3632,#3633,#791,.T.);
#4397=EDGE_CURVE('',#3633,#3634,#792,.T.);
#4398=EDGE_CURVE('',#3634,#3635,#793,.T.);
#4399=EDGE_CURVE('',#3635,#3636,#794,.T.);
#4400=EDGE_CURVE('',#3636,#3637,#795,.T.);
#4401=EDGE_CURVE('',#3637,#3626,#796,.T.);
#4402=EDGE_CURVE('',#3638,#3639,#797,.T.);
#4403=EDGE_CURVE('',#3639,#3640,#798,.T.);
#4404=EDGE_CURVE('',#3640,#3641,#799,.T.);
#4405=EDGE_CURVE('',#3641,#3642,#800,.T.);
#4406=EDGE_CURVE('',#3642,#3643,#801,.T.);
#4407=EDGE_CURVE('',#3643,#3644,#802,.T.);
#4408=EDGE_CURVE('',#3644,#3645,#803,.T.);
#4409=EDGE_CURVE('',#3645,#3646,#804,.T.);
#4410=EDGE_CURVE('',#3646,#3647,#805,.T.);
#4411=EDGE_CURVE('',#3647,#3648,#806,.T.);
#4412=EDGE_CURVE('',#3648,#3649,#807,.T.);
#4413=EDGE_CURVE('',#3649,#3638,#808,.T.);
#4414=EDGE_CURVE('',#3650,#3651,#809,.T.);
#4415=EDGE_CURVE('',#3651,#3652,#810,.T.);
#4416=EDGE_CURVE('',#3652,#3653,#811,.T.);
#4417=EDGE_CURVE('',#3653,#3654,#812,.T.);
#4418=EDGE_CURVE('',#3654,#3655,#813,.T.);
#4419=EDGE_CURVE('',#3655,#3656,#814,.T.);
#4420=EDGE_CURVE('',#3656,#3657,#149,.T.);
#4421=EDGE_CURVE('',#3657,#3658,#815,.T.);
#4422=EDGE_CURVE('',#3658,#3659,#816,.T.);
#4423=EDGE_CURVE('',#3659,#3660,#817,.T.);
#4424=EDGE_CURVE('',#3660,#3661,#818,.T.);
#4425=EDGE_CURVE('',#3661,#3662,#819,.T.);
#4426=EDGE_CURVE('',#3662,#3650,#150,.T.);
#4427=EDGE_CURVE('',#3663,#3664,#820,.T.);
#4428=EDGE_CURVE('',#3664,#3665,#821,.T.);
#4429=EDGE_CURVE('',#3665,#3666,#822,.T.);
#4430=EDGE_CURVE('',#3666,#3667,#823,.T.);
#4431=EDGE_CURVE('',#3667,#3668,#824,.T.);
#4432=EDGE_CURVE('',#3668,#3669,#825,.T.);
#4433=EDGE_CURVE('',#3669,#3670,#826,.T.);
#4434=EDGE_CURVE('',#3670,#3663,#827,.T.);
#4435=EDGE_CURVE('',#3671,#3672,#151,.T.);
#4436=EDGE_CURVE('',#3672,#3673,#828,.T.);
#4437=EDGE_CURVE('',#3673,#3674,#152,.T.);
#4438=EDGE_CURVE('',#3674,#3675,#829,.T.);
#4439=EDGE_CURVE('',#3675,#3676,#830,.T.);
#4440=EDGE_CURVE('',#3676,#3677,#831,.T.);
#4441=EDGE_CURVE('',#3677,#3671,#153,.T.);
#4442=EDGE_CURVE('',#3678,#3679,#832,.T.);
#4443=EDGE_CURVE('',#3679,#3680,#833,.T.);
#4444=EDGE_CURVE('',#3680,#3681,#834,.T.);
#4445=EDGE_CURVE('',#3681,#3682,#835,.T.);
#4446=EDGE_CURVE('',#3682,#3683,#836,.T.);
#4447=EDGE_CURVE('',#3683,#3678,#837,.T.);
#4448=EDGE_CURVE('',#3684,#3685,#838,.T.);
#4449=EDGE_CURVE('',#3685,#3686,#839,.T.);
#4450=EDGE_CURVE('',#3686,#3687,#840,.T.);
#4451=EDGE_CURVE('',#3687,#3684,#841,.T.);
#4452=EDGE_CURVE('',#3688,#3688,#154,.T.);
#4453=EDGE_CURVE('',#3689,#3690,#155,.T.);
#4454=EDGE_CURVE('',#3690,#3691,#842,.T.);
#4455=EDGE_CURVE('',#3691,#3692,#843,.T.);
#4456=EDGE_CURVE('',#3692,#3693,#844,.T.);
#4457=EDGE_CURVE('',#3693,#3689,#156,.T.);
#4458=EDGE_CURVE('',#3345,#3404,#845,.T.);
#4459=EDGE_CURVE('',#3406,#3343,#846,.T.);
#4460=EDGE_CURVE('',#3694,#3695,#3322,.F.);
#4461=EDGE_CURVE('',#3696,#3694,#3323,.F.);
#4462=EDGE_CURVE('',#3695,#3696,#3324,.F.);
#4463=EDGE_CURVE('',#3697,#3698,#3325,.F.);
#4464=EDGE_CURVE('',#3699,#3697,#3326,.F.);
#4465=EDGE_CURVE('',#3698,#3699,#3327,.F.);
#4466=EDGE_CURVE('',#3694,#3699,#847,.T.);
#4467=EDGE_CURVE('',#3697,#3696,#848,.T.);
#4468=EDGE_CURVE('',#3700,#3701,#3328,.F.);
#4469=EDGE_CURVE('',#3702,#3700,#3329,.F.);
#4470=EDGE_CURVE('',#3701,#3702,#3330,.F.);
#4471=EDGE_CURVE('',#3700,#3694,#849,.T.);
#4472=EDGE_CURVE('',#3695,#3702,#850,.T.);
#4473=EDGE_CURVE('',#3703,#3704,#87,.T.);
#4474=EDGE_CURVE('',#3703,#3701,#851,.T.);
#4475=EDGE_CURVE('',#3702,#3705,#852,.T.);
#4476=EDGE_CURVE('',#3704,#3705,#88,.T.);
#4477=EDGE_CURVE('',#3706,#3707,#3331,.F.);
#4478=EDGE_CURVE('',#3708,#3706,#3332,.F.);
#4479=EDGE_CURVE('',#3707,#3708,#3333,.F.);
#4480=EDGE_CURVE('',#3706,#3700,#853,.T.);
#4481=EDGE_CURVE('',#3701,#3708,#854,.T.);
#4482=EDGE_CURVE('',#3709,#3710,#89,.T.);
#4483=EDGE_CURVE('',#3709,#3707,#855,.T.);
#4484=EDGE_CURVE('',#3708,#3711,#856,.T.);
#4485=EDGE_CURVE('',#3710,#3711,#90,.T.);
#4486=EDGE_CURVE('',#3699,#3706,#857,.T.);
#4487=EDGE_CURVE('',#3707,#3698,#858,.T.);
#4488=EDGE_CURVE('',#3712,#3713,#91,.T.);
#4489=EDGE_CURVE('',#3712,#3697,#859,.T.);
#4490=EDGE_CURVE('',#3698,#3714,#860,.T.);
#4491=EDGE_CURVE('',#3713,#3714,#92,.T.);
#4492=EDGE_CURVE('',#3715,#3716,#93,.T.);
#4493=EDGE_CURVE('',#3715,#3695,#861,.T.);
#4494=EDGE_CURVE('',#3696,#3717,#862,.T.);
#4495=EDGE_CURVE('',#3716,#3717,#94,.T.);
#4496=EDGE_CURVE('',#3711,#3718,#863,.T.);
#4497=EDGE_CURVE('',#3718,#3719,#864,.T.);
#4498=EDGE_CURVE('',#3719,#3720,#865,.T.);
#4499=EDGE_CURVE('',#3710,#3720,#866,.T.);
#4500=EDGE_CURVE('',#3721,#3703,#867,.T.);
#4501=EDGE_CURVE('',#3721,#3389,#868,.T.);
#4502=EDGE_CURVE('',#3388,#3718,#869,.T.);
#4503=EDGE_CURVE('',#3720,#3722,#870,.T.);
#4504=EDGE_CURVE('',#3713,#3722,#871,.T.);
#4505=EDGE_CURVE('',#3714,#3709,#872,.T.);
#4506=EDGE_CURVE('',#3723,#3704,#873,.T.);
#4507=EDGE_CURVE('',#3723,#3724,#874,.T.);
#4508=EDGE_CURVE('',#3724,#3721,#875,.T.);
#4509=EDGE_CURVE('',#3705,#3715,#876,.T.);
#4510=EDGE_CURVE('',#3716,#3725,#877,.T.);
#4511=EDGE_CURVE('',#3725,#3723,#878,.T.);
#4512=EDGE_CURVE('',#3349,#3400,#879,.T.);
#4513=EDGE_CURVE('',#3402,#3347,#880,.T.);
#4514=EDGE_CURVE('',#3722,#3726,#881,.T.);
#4515=EDGE_CURVE('',#3726,#3727,#882,.T.);
#4516=EDGE_CURVE('',#3727,#3712,#883,.T.);
#4517=EDGE_CURVE('',#3717,#3728,#884,.T.);
#4518=EDGE_CURVE('',#3728,#3729,#885,.T.);
#4519=EDGE_CURVE('',#3729,#3725,#886,.T.);
#4520=EDGE_CURVE('',#3383,#3727,#887,.T.);
#4521=EDGE_CURVE('',#3394,#3728,#888,.T.);
#4522=EDGE_CURVE('',#3730,#3731,#157,.T.);
#4523=EDGE_CURVE('',#3730,#3732,#889,.T.);
#4524=EDGE_CURVE('',#3733,#3732,#158,.T.);
#4525=EDGE_CURVE('',#3731,#3733,#890,.T.);
#4526=EDGE_CURVE('',#3731,#3734,#891,.T.);
#4527=EDGE_CURVE('',#3735,#3733,#892,.T.);
#4528=EDGE_CURVE('',#3734,#3735,#893,.T.);
#4529=EDGE_CURVE('',#3734,#3730,#159,.T.);
#4530=EDGE_CURVE('',#3732,#3735,#160,.T.);
#4531=EDGE_CURVE('',#3736,#3737,#161,.T.);
#4532=EDGE_CURVE('',#3736,#3738,#894,.T.);
#4533=EDGE_CURVE('',#3739,#3738,#162,.T.);
#4534=EDGE_CURVE('',#3737,#3739,#895,.T.);
#4535=EDGE_CURVE('',#3737,#3740,#896,.T.);
#4536=EDGE_CURVE('',#3741,#3739,#897,.T.);
#4537=EDGE_CURVE('',#3740,#3741,#898,.T.);
#4538=EDGE_CURVE('',#3740,#3742,#163,.T.);
#4539=EDGE_CURVE('',#3743,#3741,#164,.T.);
#4540=EDGE_CURVE('',#3742,#3743,#899,.T.);
#4541=EDGE_CURVE('',#3742,#3744,#95,.T.);
#4542=EDGE_CURVE('',#3745,#3743,#96,.T.);
#4543=EDGE_CURVE('',#3744,#3745,#900,.T.);
#4544=EDGE_CURVE('',#3744,#3746,#165,.T.);
#4545=EDGE_CURVE('',#3747,#3745,#166,.T.);
#4546=EDGE_CURVE('',#3746,#3747,#901,.T.);
#4547=EDGE_CURVE('',#3746,#3748,#902,.T.);
#4548=EDGE_CURVE('',#3749,#3747,#903,.T.);
#4549=EDGE_CURVE('',#3748,#3749,#904,.T.);
#4550=EDGE_CURVE('',#3748,#3736,#97,.T.);
#4551=EDGE_CURVE('',#3738,#3749,#98,.T.);
#4552=EDGE_CURVE('',#3418,#3750,#905,.T.);
#4553=EDGE_CURVE('',#3750,#3751,#906,.T.);
#4554=EDGE_CURVE('',#3419,#3751,#907,.T.);
#4555=EDGE_CURVE('',#3425,#3752,#908,.T.);
#4556=EDGE_CURVE('',#3752,#3750,#909,.T.);
#4557=EDGE_CURVE('',#3424,#3753,#910,.T.);
#4558=EDGE_CURVE('',#3753,#3752,#911,.T.);
#4559=EDGE_CURVE('',#3423,#3754,#912,.T.);
#4560=EDGE_CURVE('',#3754,#3753,#913,.T.);
#4561=EDGE_CURVE('',#3422,#3755,#914,.T.);
#4562=EDGE_CURVE('',#3755,#3754,#915,.T.);
#4563=EDGE_CURVE('',#3421,#3756,#916,.T.);
#4564=EDGE_CURVE('',#3756,#3755,#917,.T.);
#4565=EDGE_CURVE('',#3420,#3757,#918,.T.);
#4566=EDGE_CURVE('',#3757,#3756,#919,.T.);
#4567=EDGE_CURVE('',#3751,#3757,#920,.T.);
#4568=EDGE_CURVE('',#3426,#3758,#921,.T.);
#4569=EDGE_CURVE('',#3758,#3759,#167,.T.);
#4570=EDGE_CURVE('',#3427,#3759,#922,.T.);
#4571=EDGE_CURVE('',#3430,#3760,#923,.T.);
#4572=EDGE_CURVE('',#3760,#3758,#168,.T.);
#4573=EDGE_CURVE('',#3429,#3761,#924,.T.);
#4574=EDGE_CURVE('',#3761,#3760,#925,.T.);
#4575=EDGE_CURVE('',#3428,#3762,#926,.T.);
#4576=EDGE_CURVE('',#3762,#3761,#169,.T.);
#4577=EDGE_CURVE('',#3759,#3762,#927,.T.);
#4578=EDGE_CURVE('',#3431,#3763,#928,.T.);
#4579=EDGE_CURVE('',#3763,#3764,#170,.T.);
#4580=EDGE_CURVE('',#3432,#3764,#929,.T.);
#4581=EDGE_CURVE('',#3435,#3765,#930,.T.);
#4582=EDGE_CURVE('',#3765,#3763,#931,.T.);
#4583=EDGE_CURVE('',#3434,#3766,#932,.T.);
#4584=EDGE_CURVE('',#3766,#3765,#171,.T.);
#4585=EDGE_CURVE('',#3433,#3767,#933,.T.);
#4586=EDGE_CURVE('',#3767,#3766,#172,.T.);
#4587=EDGE_CURVE('',#3764,#3767,#934,.T.);
#4588=EDGE_CURVE('',#3768,#3769,#173,.T.);
#4589=EDGE_CURVE('',#3768,#3770,#935,.T.);
#4590=EDGE_CURVE('',#3770,#3771,#174,.T.);
#4591=EDGE_CURVE('',#3769,#3771,#936,.T.);
#4592=EDGE_CURVE('',#3772,#3768,#937,.T.);
#4593=EDGE_CURVE('',#3772,#3773,#938,.T.);
#4594=EDGE_CURVE('',#3773,#3770,#939,.T.);
#4595=EDGE_CURVE('',#3774,#3772,#940,.T.);
#4596=EDGE_CURVE('',#3774,#3775,#941,.T.);
#4597=EDGE_CURVE('',#3775,#3773,#942,.T.);
#4598=EDGE_CURVE('',#3769,#3774,#943,.T.);
#4599=EDGE_CURVE('',#3771,#3775,#944,.T.);
#4600=EDGE_CURVE('',#3436,#3776,#945,.T.);
#4601=EDGE_CURVE('',#3776,#3777,#946,.T.);
#4602=EDGE_CURVE('',#3437,#3777,#947,.T.);
#4603=EDGE_CURVE('',#3439,#3778,#948,.T.);
#4604=EDGE_CURVE('',#3778,#3776,#949,.T.);
#4605=EDGE_CURVE('',#3438,#3779,#950,.T.);
#4606=EDGE_CURVE('',#3779,#3778,#951,.T.);
#4607=EDGE_CURVE('',#3777,#3779,#175,.T.);
#4608=EDGE_CURVE('',#3440,#3780,#952,.T.);
#4609=EDGE_CURVE('',#3780,#3781,#953,.T.);
#4610=EDGE_CURVE('',#3441,#3781,#954,.T.);
#4611=EDGE_CURVE('',#3448,#3782,#955,.T.);
#4612=EDGE_CURVE('',#3782,#3780,#956,.T.);
#4613=EDGE_CURVE('',#3447,#3783,#957,.T.);
#4614=EDGE_CURVE('',#3783,#3782,#958,.T.);
#4615=EDGE_CURVE('',#3446,#3784,#959,.T.);
#4616=EDGE_CURVE('',#3784,#3783,#960,.T.);
#4617=EDGE_CURVE('',#3445,#3785,#961,.T.);
#4618=EDGE_CURVE('',#3785,#3784,#962,.T.);
#4619=EDGE_CURVE('',#3444,#3786,#963,.T.);
#4620=EDGE_CURVE('',#3786,#3785,#964,.T.);
#4621=EDGE_CURVE('',#3443,#3787,#965,.T.);
#4622=EDGE_CURVE('',#3787,#3786,#966,.T.);
#4623=EDGE_CURVE('',#3442,#3788,#967,.T.);
#4624=EDGE_CURVE('',#3788,#3787,#968,.T.);
#4625=EDGE_CURVE('',#3781,#3788,#969,.T.);
#4626=EDGE_CURVE('',#3449,#3789,#970,.T.);
#4627=EDGE_CURVE('',#3789,#3790,#176,.T.);
#4628=EDGE_CURVE('',#3450,#3790,#971,.T.);
#4629=EDGE_CURVE('',#3453,#3791,#972,.T.);
#4630=EDGE_CURVE('',#3791,#3789,#973,.T.);
#4631=EDGE_CURVE('',#3452,#3792,#974,.T.);
#4632=EDGE_CURVE('',#3792,#3791,#177,.T.);
#4633=EDGE_CURVE('',#3451,#3793,#975,.T.);
#4634=EDGE_CURVE('',#3793,#3792,#178,.T.);
#4635=EDGE_CURVE('',#3790,#3793,#976,.T.);
#4636=EDGE_CURVE('',#3454,#3794,#977,.T.);
#4637=EDGE_CURVE('',#3794,#3795,#179,.T.);
#4638=EDGE_CURVE('',#3455,#3795,#978,.T.);
#4639=EDGE_CURVE('',#3462,#3796,#979,.T.);
#4640=EDGE_CURVE('',#3796,#3794,#180,.T.);
#4641=EDGE_CURVE('',#3461,#3797,#980,.T.);
#4642=EDGE_CURVE('',#3797,#3796,#981,.T.);
#4643=EDGE_CURVE('',#3460,#3798,#982,.T.);
#4644=EDGE_CURVE('',#3798,#3797,#983,.T.);
#4645=EDGE_CURVE('',#3459,#3799,#984,.T.);
#4646=EDGE_CURVE('',#3799,#3798,#985,.T.);
#4647=EDGE_CURVE('',#3458,#3800,#986,.T.);
#4648=EDGE_CURVE('',#3800,#3799,#181,.T.);
#4649=EDGE_CURVE('',#3457,#3801,#987,.T.);
#4650=EDGE_CURVE('',#3801,#3800,#988,.T.);
#4651=EDGE_CURVE('',#3456,#3802,#989,.T.);
#4652=EDGE_CURVE('',#3802,#3801,#990,.T.);
#4653=EDGE_CURVE('',#3795,#3802,#991,.T.);
#4654=EDGE_CURVE('',#3463,#3803,#992,.T.);
#4655=EDGE_CURVE('',#3803,#3804,#182,.T.);
#4656=EDGE_CURVE('',#3464,#3804,#993,.T.);
#4657=EDGE_CURVE('',#3486,#3805,#994,.T.);
#4658=EDGE_CURVE('',#3805,#3803,#183,.T.);
#4659=EDGE_CURVE('',#3485,#3806,#995,.T.);
#4660=EDGE_CURVE('',#3806,#3805,#184,.T.);
#4661=EDGE_CURVE('',#3484,#3807,#996,.T.);
#4662=EDGE_CURVE('',#3807,#3806,#997,.T.);
#4663=EDGE_CURVE('',#3483,#3808,#998,.T.);
#4664=EDGE_CURVE('',#3808,#3807,#999,.T.);
#4665=EDGE_CURVE('',#3482,#3809,#1000,.T.);
#4666=EDGE_CURVE('',#3809,#3808,#1001,.T.);
#4667=EDGE_CURVE('',#3481,#3810,#1002,.T.);
#4668=EDGE_CURVE('',#3810,#3809,#1003,.T.);
#4669=EDGE_CURVE('',#3480,#3811,#1004,.T.);
#4670=EDGE_CURVE('',#3811,#3810,#1005,.T.);
#4671=EDGE_CURVE('',#3479,#3812,#1006,.T.);
#4672=EDGE_CURVE('',#3812,#3811,#99,.T.);
#4673=EDGE_CURVE('',#3478,#3813,#1007,.T.);
#4674=EDGE_CURVE('',#3813,#3812,#185,.T.);
#4675=EDGE_CURVE('',#3477,#3814,#1008,.T.);
#4676=EDGE_CURVE('',#3814,#3813,#186,.T.);
#4677=EDGE_CURVE('',#3476,#3815,#1009,.T.);
#4678=EDGE_CURVE('',#3815,#3814,#187,.T.);
#4679=EDGE_CURVE('',#3475,#3816,#1010,.T.);
#4680=EDGE_CURVE('',#3816,#3815,#1011,.T.);
#4681=EDGE_CURVE('',#3474,#3817,#1012,.T.);
#4682=EDGE_CURVE('',#3817,#3816,#1013,.T.);
#4683=EDGE_CURVE('',#3473,#3818,#1014,.T.);
#4684=EDGE_CURVE('',#3818,#3817,#1015,.T.);
#4685=EDGE_CURVE('',#3472,#3819,#1016,.T.);
#4686=EDGE_CURVE('',#3819,#3818,#188,.T.);
#4687=EDGE_CURVE('',#3471,#3820,#1017,.T.);
#4688=EDGE_CURVE('',#3820,#3819,#189,.T.);
#4689=EDGE_CURVE('',#3470,#3821,#1018,.T.);
#4690=EDGE_CURVE('',#3821,#3820,#190,.T.);
#4691=EDGE_CURVE('',#3469,#3822,#1019,.T.);
#4692=EDGE_CURVE('',#3822,#3821,#1020,.T.);
#4693=EDGE_CURVE('',#3468,#3823,#1021,.T.);
#4694=EDGE_CURVE('',#3823,#3822,#1022,.T.);
#4695=EDGE_CURVE('',#3467,#3824,#1023,.T.);
#4696=EDGE_CURVE('',#3824,#3823,#1024,.T.);
#4697=EDGE_CURVE('',#3466,#3825,#1025,.T.);
#4698=EDGE_CURVE('',#3825,#3824,#191,.T.);
#4699=EDGE_CURVE('',#3465,#3826,#1026,.T.);
#4700=EDGE_CURVE('',#3826,#3825,#192,.T.);
#4701=EDGE_CURVE('',#3804,#3826,#193,.T.);
#4702=EDGE_CURVE('',#3487,#3827,#1027,.T.);
#4703=EDGE_CURVE('',#3827,#3828,#194,.T.);
#4704=EDGE_CURVE('',#3488,#3828,#1028,.T.);
#4705=EDGE_CURVE('',#3497,#3829,#1029,.T.);
#4706=EDGE_CURVE('',#3829,#3827,#1030,.T.);
#4707=EDGE_CURVE('',#3496,#3830,#1031,.T.);
#4708=EDGE_CURVE('',#3830,#3829,#1032,.T.);
#4709=EDGE_CURVE('',#3495,#3831,#1033,.T.);
#4710=EDGE_CURVE('',#3831,#3830,#1034,.T.);
#4711=EDGE_CURVE('',#3494,#3832,#1035,.T.);
#4712=EDGE_CURVE('',#3832,#3831,#1036,.T.);
#4713=EDGE_CURVE('',#3493,#3833,#1037,.T.);
#4714=EDGE_CURVE('',#3833,#3832,#1038,.T.);
#4715=EDGE_CURVE('',#3492,#3834,#1039,.T.);
#4716=EDGE_CURVE('',#3834,#3833,#195,.T.);
#4717=EDGE_CURVE('',#3491,#3835,#1040,.T.);
#4718=EDGE_CURVE('',#3835,#3834,#196,.T.);
#4719=EDGE_CURVE('',#3490,#3836,#1041,.T.);
#4720=EDGE_CURVE('',#3836,#3835,#197,.T.);
#4721=EDGE_CURVE('',#3489,#3837,#1042,.T.);
#4722=EDGE_CURVE('',#3837,#3836,#100,.T.);
#4723=EDGE_CURVE('',#3828,#3837,#198,.T.);
#4724=EDGE_CURVE('',#3498,#3838,#1043,.T.);
#4725=EDGE_CURVE('',#3838,#3839,#199,.T.);
#4726=EDGE_CURVE('',#3499,#3839,#1044,.T.);
#4727=EDGE_CURVE('',#3507,#3840,#1045,.T.);
#4728=EDGE_CURVE('',#3840,#3838,#1046,.T.);
#4729=EDGE_CURVE('',#3506,#3841,#1047,.T.);
#4730=EDGE_CURVE('',#3841,#3840,#1048,.T.);
#4731=EDGE_CURVE('',#3505,#3842,#1049,.T.);
#4732=EDGE_CURVE('',#3842,#3841,#1050,.T.);
#4733=EDGE_CURVE('',#3504,#3843,#1051,.T.);
#4734=EDGE_CURVE('',#3843,#3842,#1052,.T.);
#4735=EDGE_CURVE('',#3503,#3844,#1053,.T.);
#4736=EDGE_CURVE('',#3844,#3843,#200,.T.);
#4737=EDGE_CURVE('',#3502,#3845,#1054,.T.);
#4738=EDGE_CURVE('',#3845,#3844,#1055,.T.);
#4739=EDGE_CURVE('',#3501,#3846,#1056,.T.);
#4740=EDGE_CURVE('',#3846,#3845,#1057,.T.);
#4741=EDGE_CURVE('',#3500,#3847,#1058,.T.);
#4742=EDGE_CURVE('',#3847,#3846,#1059,.T.);
#4743=EDGE_CURVE('',#3839,#3847,#1060,.T.);
#4744=EDGE_CURVE('',#3508,#3848,#1061,.T.);
#4745=EDGE_CURVE('',#3848,#3849,#1062,.T.);
#4746=EDGE_CURVE('',#3509,#3849,#1063,.T.);
#4747=EDGE_CURVE('',#3518,#3850,#1064,.T.);
#4748=EDGE_CURVE('',#3850,#3848,#1065,.T.);
#4749=EDGE_CURVE('',#3517,#3851,#1066,.T.);
#4750=EDGE_CURVE('',#3851,#3850,#1067,.T.);
#4751=EDGE_CURVE('',#3516,#3852,#1068,.T.);
#4752=EDGE_CURVE('',#3852,#3851,#1069,.T.);
#4753=EDGE_CURVE('',#3515,#3853,#1070,.T.);
#4754=EDGE_CURVE('',#3853,#3852,#1071,.T.);
#4755=EDGE_CURVE('',#3514,#3854,#1072,.T.);
#4756=EDGE_CURVE('',#3854,#3853,#1073,.T.);
#4757=EDGE_CURVE('',#3513,#3855,#1074,.T.);
#4758=EDGE_CURVE('',#3855,#3854,#1075,.T.);
#4759=EDGE_CURVE('',#3512,#3856,#1076,.T.);
#4760=EDGE_CURVE('',#3856,#3855,#1077,.T.);
#4761=EDGE_CURVE('',#3511,#3857,#1078,.T.);
#4762=EDGE_CURVE('',#3857,#3856,#1079,.T.);
#4763=EDGE_CURVE('',#3510,#3858,#1080,.T.);
#4764=EDGE_CURVE('',#3858,#3857,#1081,.T.);
#4765=EDGE_CURVE('',#3849,#3858,#1082,.T.);
#4766=EDGE_CURVE('',#3519,#3859,#1083,.T.);
#4767=EDGE_CURVE('',#3859,#3860,#201,.T.);
#4768=EDGE_CURVE('',#3520,#3860,#1084,.T.);
#4769=EDGE_CURVE('',#3523,#3861,#1085,.T.);
#4770=EDGE_CURVE('',#3861,#3859,#202,.T.);
#4771=EDGE_CURVE('',#3522,#3862,#1086,.T.);
#4772=EDGE_CURVE('',#3862,#3861,#1087,.T.);
#4773=EDGE_CURVE('',#3521,#3863,#1088,.T.);
#4774=EDGE_CURVE('',#3863,#3862,#203,.T.);
#4775=EDGE_CURVE('',#3860,#3863,#1089,.T.);
#4776=EDGE_CURVE('',#3524,#3864,#1090,.T.);
#4777=EDGE_CURVE('',#3864,#3865,#1091,.T.);
#4778=EDGE_CURVE('',#3525,#3865,#1092,.T.);
#4779=EDGE_CURVE('',#3527,#3866,#1093,.T.);
#4780=EDGE_CURVE('',#3866,#3864,#1094,.T.);
#4781=EDGE_CURVE('',#3526,#3867,#1095,.T.);
#4782=EDGE_CURVE('',#3867,#3866,#1096,.T.);
#4783=EDGE_CURVE('',#3865,#3867,#1097,.T.);
#4784=EDGE_CURVE('',#3528,#3868,#1098,.T.);
#4785=EDGE_CURVE('',#3868,#3869,#1099,.T.);
#4786=EDGE_CURVE('',#3529,#3869,#1100,.T.);
#4787=EDGE_CURVE('',#3539,#3870,#1101,.T.);
#4788=EDGE_CURVE('',#3870,#3868,#1102,.T.);
#4789=EDGE_CURVE('',#3538,#3871,#1103,.T.);
#4790=EDGE_CURVE('',#3871,#3870,#1104,.T.);
#4791=EDGE_CURVE('',#3537,#3872,#1105,.T.);
#4792=EDGE_CURVE('',#3872,#3871,#1106,.T.);
#4793=EDGE_CURVE('',#3536,#3873,#1107,.T.);
#4794=EDGE_CURVE('',#3873,#3872,#1108,.T.);
#4795=EDGE_CURVE('',#3535,#3874,#1109,.T.);
#4796=EDGE_CURVE('',#3874,#3873,#1110,.T.);
#4797=EDGE_CURVE('',#3534,#3875,#1111,.T.);
#4798=EDGE_CURVE('',#3875,#3874,#1112,.T.);
#4799=EDGE_CURVE('',#3533,#3876,#1113,.T.);
#4800=EDGE_CURVE('',#3876,#3875,#1114,.T.);
#4801=EDGE_CURVE('',#3532,#3877,#1115,.T.);
#4802=EDGE_CURVE('',#3877,#3876,#1116,.T.);
#4803=EDGE_CURVE('',#3531,#3878,#1117,.T.);
#4804=EDGE_CURVE('',#3878,#3877,#1118,.T.);
#4805=EDGE_CURVE('',#3530,#3879,#1119,.T.);
#4806=EDGE_CURVE('',#3879,#3878,#1120,.T.);
#4807=EDGE_CURVE('',#3869,#3879,#1121,.T.);
#4808=EDGE_CURVE('',#3540,#3880,#1122,.T.);
#4809=EDGE_CURVE('',#3880,#3881,#1123,.T.);
#4810=EDGE_CURVE('',#3541,#3881,#1124,.T.);
#4811=EDGE_CURVE('',#3552,#3882,#1125,.T.);
#4812=EDGE_CURVE('',#3882,#3880,#1126,.T.);
#4813=EDGE_CURVE('',#3551,#3883,#1127,.T.);
#4814=EDGE_CURVE('',#3883,#3882,#1128,.T.);
#4815=EDGE_CURVE('',#3550,#3884,#1129,.T.);
#4816=EDGE_CURVE('',#3884,#3883,#1130,.T.);
#4817=EDGE_CURVE('',#3549,#3885,#1131,.T.);
#4818=EDGE_CURVE('',#3885,#3884,#1132,.T.);
#4819=EDGE_CURVE('',#3548,#3886,#1133,.T.);
#4820=EDGE_CURVE('',#3886,#3885,#1134,.T.);
#4821=EDGE_CURVE('',#3547,#3887,#1135,.T.);
#4822=EDGE_CURVE('',#3887,#3886,#1136,.T.);
#4823=EDGE_CURVE('',#3546,#3888,#1137,.T.);
#4824=EDGE_CURVE('',#3888,#3887,#1138,.T.);
#4825=EDGE_CURVE('',#3545,#3889,#1139,.T.);
#4826=EDGE_CURVE('',#3889,#3888,#1140,.T.);
#4827=EDGE_CURVE('',#3544,#3890,#1141,.T.);
#4828=EDGE_CURVE('',#3890,#3889,#1142,.T.);
#4829=EDGE_CURVE('',#3543,#3891,#1143,.T.);
#4830=EDGE_CURVE('',#3891,#3890,#1144,.T.);
#4831=EDGE_CURVE('',#3542,#3892,#1145,.T.);
#4832=EDGE_CURVE('',#3892,#3891,#1146,.T.);
#4833=EDGE_CURVE('',#3881,#3892,#1147,.T.);
#4834=EDGE_CURVE('',#3553,#3893,#1148,.T.);
#4835=EDGE_CURVE('',#3893,#3894,#1149,.T.);
#4836=EDGE_CURVE('',#3554,#3894,#1150,.T.);
#4837=EDGE_CURVE('',#3560,#3895,#1151,.T.);
#4838=EDGE_CURVE('',#3895,#3893,#1152,.T.);
#4839=EDGE_CURVE('',#3559,#3896,#1153,.T.);
#4840=EDGE_CURVE('',#3896,#3895,#1154,.T.);
#4841=EDGE_CURVE('',#3558,#3897,#1155,.T.);
#4842=EDGE_CURVE('',#3897,#3896,#1156,.T.);
#4843=EDGE_CURVE('',#3557,#3898,#1157,.T.);
#4844=EDGE_CURVE('',#3898,#3897,#1158,.T.);
#4845=EDGE_CURVE('',#3556,#3899,#1159,.T.);
#4846=EDGE_CURVE('',#3899,#3898,#1160,.T.);
#4847=EDGE_CURVE('',#3555,#3900,#1161,.T.);
#4848=EDGE_CURVE('',#3900,#3899,#1162,.T.);
#4849=EDGE_CURVE('',#3894,#3900,#1163,.T.);
#4850=EDGE_CURVE('',#3561,#3901,#1164,.T.);
#4851=EDGE_CURVE('',#3901,#3902,#204,.T.);
#4852=EDGE_CURVE('',#3562,#3902,#1165,.T.);
#4853=EDGE_CURVE('',#3569,#3903,#1166,.T.);
#4854=EDGE_CURVE('',#3903,#3901,#1167,.T.);
#4855=EDGE_CURVE('',#3568,#3904,#1168,.T.);
#4856=EDGE_CURVE('',#3904,#3903,#1169,.T.);
#4857=EDGE_CURVE('',#3567,#3905,#1170,.T.);
#4858=EDGE_CURVE('',#3905,#3904,#1171,.T.);
#4859=EDGE_CURVE('',#3566,#3906,#1172,.T.);
#4860=EDGE_CURVE('',#3906,#3905,#205,.T.);
#4861=EDGE_CURVE('',#3565,#3907,#1173,.T.);
#4862=EDGE_CURVE('',#3907,#3906,#1174,.T.);
#4863=EDGE_CURVE('',#3564,#3908,#1175,.T.);
#4864=EDGE_CURVE('',#3908,#3907,#1176,.T.);
#4865=EDGE_CURVE('',#3563,#3909,#1177,.T.);
#4866=EDGE_CURVE('',#3909,#3908,#1178,.T.);
#4867=EDGE_CURVE('',#3902,#3909,#206,.T.);
#4868=EDGE_CURVE('',#3570,#3910,#1179,.T.);
#4869=EDGE_CURVE('',#3910,#3911,#1180,.T.);
#4870=EDGE_CURVE('',#3571,#3911,#1181,.T.);
#4871=EDGE_CURVE('',#3579,#3912,#1182,.T.);
#4872=EDGE_CURVE('',#3912,#3910,#1183,.T.);
#4873=EDGE_CURVE('',#3578,#3913,#1184,.T.);
#4874=EDGE_CURVE('',#3913,#3912,#1185,.T.);
#4875=EDGE_CURVE('',#3577,#3914,#1186,.T.);
#4876=EDGE_CURVE('',#3914,#3913,#1187,.T.);
#4877=EDGE_CURVE('',#3576,#3915,#1188,.T.);
#4878=EDGE_CURVE('',#3915,#3914,#1189,.T.);
#4879=EDGE_CURVE('',#3575,#3916,#1190,.T.);
#4880=EDGE_CURVE('',#3916,#3915,#1191,.T.);
#4881=EDGE_CURVE('',#3574,#3917,#1192,.T.);
#4882=EDGE_CURVE('',#3917,#3916,#1193,.T.);
#4883=EDGE_CURVE('',#3573,#3918,#1194,.T.);
#4884=EDGE_CURVE('',#3918,#3917,#1195,.T.);
#4885=EDGE_CURVE('',#3572,#3919,#1196,.T.);
#4886=EDGE_CURVE('',#3919,#3918,#1197,.T.);
#4887=EDGE_CURVE('',#3911,#3919,#1198,.T.);
#4888=EDGE_CURVE('',#3580,#3920,#1199,.T.);
#4889=EDGE_CURVE('',#3920,#3921,#1200,.T.);
#4890=EDGE_CURVE('',#3581,#3921,#1201,.T.);
#4891=EDGE_CURVE('',#3587,#3922,#1202,.T.);
#4892=EDGE_CURVE('',#3922,#3920,#1203,.T.);
#4893=EDGE_CURVE('',#3586,#3923,#1204,.T.);
#4894=EDGE_CURVE('',#3923,#3922,#1205,.T.);
#4895=EDGE_CURVE('',#3585,#3924,#1206,.T.);
#4896=EDGE_CURVE('',#3924,#3923,#1207,.T.);
#4897=EDGE_CURVE('',#3584,#3925,#1208,.T.);
#4898=EDGE_CURVE('',#3925,#3924,#1209,.T.);
#4899=EDGE_CURVE('',#3583,#3926,#1210,.T.);
#4900=EDGE_CURVE('',#3926,#3925,#1211,.T.);
#4901=EDGE_CURVE('',#3582,#3927,#1212,.T.);
#4902=EDGE_CURVE('',#3927,#3926,#1213,.T.);
#4903=EDGE_CURVE('',#3921,#3927,#1214,.T.);
#4904=EDGE_CURVE('',#3588,#3928,#1215,.T.);
#4905=EDGE_CURVE('',#3928,#3929,#1216,.T.);
#4906=EDGE_CURVE('',#3589,#3929,#1217,.T.);
#4907=EDGE_CURVE('',#3599,#3930,#1218,.T.);
#4908=EDGE_CURVE('',#3930,#3928,#1219,.T.);
#4909=EDGE_CURVE('',#3598,#3931,#1220,.T.);
#4910=EDGE_CURVE('',#3931,#3930,#1221,.T.);
#4911=EDGE_CURVE('',#3597,#3932,#1222,.T.);
#4912=EDGE_CURVE('',#3932,#3931,#1223,.T.);
#4913=EDGE_CURVE('',#3596,#3933,#1224,.T.);
#4914=EDGE_CURVE('',#3933,#3932,#1225,.T.);
#4915=EDGE_CURVE('',#3595,#3934,#1226,.T.);
#4916=EDGE_CURVE('',#3934,#3933,#1227,.T.);
#4917=EDGE_CURVE('',#3594,#3935,#1228,.T.);
#4918=EDGE_CURVE('',#3935,#3934,#1229,.T.);
#4919=EDGE_CURVE('',#3593,#3936,#1230,.T.);
#4920=EDGE_CURVE('',#3936,#3935,#1231,.T.);
#4921=EDGE_CURVE('',#3592,#3937,#1232,.T.);
#4922=EDGE_CURVE('',#3937,#3936,#1233,.T.);
#4923=EDGE_CURVE('',#3591,#3938,#1234,.T.);
#4924=EDGE_CURVE('',#3938,#3937,#1235,.T.);
#4925=EDGE_CURVE('',#3590,#3939,#1236,.T.);
#4926=EDGE_CURVE('',#3939,#3938,#1237,.T.);
#4927=EDGE_CURVE('',#3929,#3939,#1238,.T.);
#4928=EDGE_CURVE('',#3940,#3940,#207,.T.);
#4929=EDGE_CURVE('',#3940,#3941,#1239,.T.);
#4930=EDGE_CURVE('',#3941,#3941,#208,.T.);
#4931=EDGE_CURVE('',#3600,#3942,#1240,.T.);
#4932=EDGE_CURVE('',#3942,#3942,#209,.T.);
#4933=EDGE_CURVE('',#3601,#3943,#1241,.T.);
#4934=EDGE_CURVE('',#3943,#3944,#1242,.T.);
#4935=EDGE_CURVE('',#3602,#3944,#1243,.T.);
#4936=EDGE_CURVE('',#3604,#3945,#1244,.T.);
#4937=EDGE_CURVE('',#3945,#3943,#1245,.T.);
#4938=EDGE_CURVE('',#3603,#3946,#1246,.T.);
#4939=EDGE_CURVE('',#3946,#3945,#1247,.T.);
#4940=EDGE_CURVE('',#3944,#3946,#1248,.T.);
#4941=EDGE_CURVE('',#3605,#3947,#1249,.T.);
#4942=EDGE_CURVE('',#3947,#3948,#1250,.T.);
#4943=EDGE_CURVE('',#3606,#3948,#1251,.T.);
#4944=EDGE_CURVE('',#3616,#3949,#1252,.T.);
#4945=EDGE_CURVE('',#3949,#3947,#1253,.T.);
#4946=EDGE_CURVE('',#3615,#3950,#1254,.T.);
#4947=EDGE_CURVE('',#3950,#3949,#1255,.T.);
#4948=EDGE_CURVE('',#3614,#3951,#1256,.T.);
#4949=EDGE_CURVE('',#3951,#3950,#210,.T.);
#4950=EDGE_CURVE('',#3613,#3952,#1257,.T.);
#4951=EDGE_CURVE('',#3952,#3951,#1258,.T.);
#4952=EDGE_CURVE('',#3612,#3953,#1259,.T.);
#4953=EDGE_CURVE('',#3953,#3952,#1260,.T.);
#4954=EDGE_CURVE('',#3611,#3954,#1261,.T.);
#4955=EDGE_CURVE('',#3954,#3953,#1262,.T.);
#4956=EDGE_CURVE('',#3610,#3955,#1263,.T.);
#4957=EDGE_CURVE('',#3955,#3954,#1264,.T.);
#4958=EDGE_CURVE('',#3609,#3956,#1265,.T.);
#4959=EDGE_CURVE('',#3956,#3955,#1266,.T.);
#4960=EDGE_CURVE('',#3608,#3957,#1267,.T.);
#4961=EDGE_CURVE('',#3957,#3956,#211,.T.);
#4962=EDGE_CURVE('',#3607,#3958,#1268,.T.);
#4963=EDGE_CURVE('',#3958,#3957,#1269,.T.);
#4964=EDGE_CURVE('',#3948,#3958,#1270,.T.);
#4965=EDGE_CURVE('',#3617,#3959,#1271,.T.);
#4966=EDGE_CURVE('',#3959,#3960,#101,.T.);
#4967=EDGE_CURVE('',#3618,#3960,#1272,.T.);
#4968=EDGE_CURVE('',#3625,#3961,#1273,.T.);
#4969=EDGE_CURVE('',#3961,#3959,#212,.T.);
#4970=EDGE_CURVE('',#3624,#3962,#1274,.T.);
#4971=EDGE_CURVE('',#3962,#3961,#213,.T.);
#4972=EDGE_CURVE('',#3623,#3963,#1275,.T.);
#4973=EDGE_CURVE('',#3963,#3962,#1276,.T.);
#4974=EDGE_CURVE('',#3622,#3964,#1277,.T.);
#4975=EDGE_CURVE('',#3964,#3963,#214,.T.);
#4976=EDGE_CURVE('',#3621,#3965,#1278,.T.);
#4977=EDGE_CURVE('',#3965,#3964,#102,.T.);
#4978=EDGE_CURVE('',#3620,#3966,#1279,.T.);
#4979=EDGE_CURVE('',#3966,#3965,#215,.T.);
#4980=EDGE_CURVE('',#3619,#3967,#1280,.T.);
#4981=EDGE_CURVE('',#3967,#3966,#216,.T.);
#4982=EDGE_CURVE('',#3960,#3967,#1281,.T.);
#4983=EDGE_CURVE('',#3626,#3968,#1282,.T.);
#4984=EDGE_CURVE('',#3968,#3969,#1283,.T.);
#4985=EDGE_CURVE('',#3627,#3969,#1284,.T.);
#4986=EDGE_CURVE('',#3637,#3970,#1285,.T.);
#4987=EDGE_CURVE('',#3970,#3968,#1286,.T.);
#4988=EDGE_CURVE('',#3636,#3971,#1287,.T.);
#4989=EDGE_CURVE('',#3971,#3970,#1288,.T.);
#4990=EDGE_CURVE('',#3635,#3972,#1289,.T.);
#4991=EDGE_CURVE('',#3972,#3971,#1290,.T.);
#4992=EDGE_CURVE('',#3634,#3973,#1291,.T.);
#4993=EDGE_CURVE('',#3973,#3972,#1292,.T.);
#4994=EDGE_CURVE('',#3633,#3974,#1293,.T.);
#4995=EDGE_CURVE('',#3974,#3973,#1294,.T.);
#4996=EDGE_CURVE('',#3632,#3975,#1295,.T.);
#4997=EDGE_CURVE('',#3975,#3974,#1296,.T.);
#4998=EDGE_CURVE('',#3631,#3976,#1297,.T.);
#4999=EDGE_CURVE('',#3976,#3975,#1298,.T.);
#5000=EDGE_CURVE('',#3630,#3977,#1299,.T.);
#5001=EDGE_CURVE('',#3977,#3976,#1300,.T.);
#5002=EDGE_CURVE('',#3629,#3978,#1301,.T.);
#5003=EDGE_CURVE('',#3978,#3977,#1302,.T.);
#5004=EDGE_CURVE('',#3628,#3979,#1303,.T.);
#5005=EDGE_CURVE('',#3979,#3978,#1304,.T.);
#5006=EDGE_CURVE('',#3969,#3979,#1305,.T.);
#5007=EDGE_CURVE('',#3638,#3980,#1306,.T.);
#5008=EDGE_CURVE('',#3980,#3981,#1307,.T.);
#5009=EDGE_CURVE('',#3639,#3981,#1308,.T.);
#5010=EDGE_CURVE('',#3649,#3982,#1309,.T.);
#5011=EDGE_CURVE('',#3982,#3980,#1310,.T.);
#5012=EDGE_CURVE('',#3648,#3983,#1311,.T.);
#5013=EDGE_CURVE('',#3983,#3982,#1312,.T.);
#5014=EDGE_CURVE('',#3647,#3984,#1313,.T.);
#5015=EDGE_CURVE('',#3984,#3983,#1314,.T.);
#5016=EDGE_CURVE('',#3646,#3985,#1315,.T.);
#5017=EDGE_CURVE('',#3985,#3984,#1316,.T.);
#5018=EDGE_CURVE('',#3645,#3986,#1317,.T.);
#5019=EDGE_CURVE('',#3986,#3985,#1318,.T.);
#5020=EDGE_CURVE('',#3644,#3987,#1319,.T.);
#5021=EDGE_CURVE('',#3987,#3986,#1320,.T.);
#5022=EDGE_CURVE('',#3643,#3988,#1321,.T.);
#5023=EDGE_CURVE('',#3988,#3987,#1322,.T.);
#5024=EDGE_CURVE('',#3642,#3989,#1323,.T.);
#5025=EDGE_CURVE('',#3989,#3988,#1324,.T.);
#5026=EDGE_CURVE('',#3641,#3990,#1325,.T.);
#5027=EDGE_CURVE('',#3990,#3989,#1326,.T.);
#5028=EDGE_CURVE('',#3640,#3991,#1327,.T.);
#5029=EDGE_CURVE('',#3991,#3990,#1328,.T.);
#5030=EDGE_CURVE('',#3981,#3991,#1329,.T.);
#5031=EDGE_CURVE('',#3650,#3992,#1330,.T.);
#5032=EDGE_CURVE('',#3992,#3993,#1331,.T.);
#5033=EDGE_CURVE('',#3651,#3993,#1332,.T.);
#5034=EDGE_CURVE('',#3662,#3994,#1333,.T.);
#5035=EDGE_CURVE('',#3994,#3992,#217,.T.);
#5036=EDGE_CURVE('',#3661,#3995,#1334,.T.);
#5037=EDGE_CURVE('',#3995,#3994,#1335,.T.);
#5038=EDGE_CURVE('',#3660,#3996,#1336,.T.);
#5039=EDGE_CURVE('',#3996,#3995,#1337,.T.);
#5040=EDGE_CURVE('',#3659,#3997,#1338,.T.);
#5041=EDGE_CURVE('',#3997,#3996,#1339,.T.);
#5042=EDGE_CURVE('',#3658,#3998,#1340,.T.);
#5043=EDGE_CURVE('',#3998,#3997,#1341,.T.);
#5044=EDGE_CURVE('',#3657,#3999,#1342,.T.);
#5045=EDGE_CURVE('',#3999,#3998,#1343,.T.);
#5046=EDGE_CURVE('',#3656,#4000,#1344,.T.);
#5047=EDGE_CURVE('',#4000,#3999,#218,.T.);
#5048=EDGE_CURVE('',#3655,#4001,#1345,.T.);
#5049=EDGE_CURVE('',#4001,#4000,#1346,.T.);
#5050=EDGE_CURVE('',#3654,#4002,#1347,.T.);
#5051=EDGE_CURVE('',#4002,#4001,#1348,.T.);
#5052=EDGE_CURVE('',#3653,#4003,#1349,.T.);
#5053=EDGE_CURVE('',#4003,#4002,#1350,.T.);
#5054=EDGE_CURVE('',#3652,#4004,#1351,.T.);
#5055=EDGE_CURVE('',#4004,#4003,#1352,.T.);
#5056=EDGE_CURVE('',#3993,#4004,#1353,.T.);
#5057=EDGE_CURVE('',#3663,#4005,#1354,.T.);
#5058=EDGE_CURVE('',#4005,#4006,#1355,.T.);
#5059=EDGE_CURVE('',#3664,#4006,#1356,.T.);
#5060=EDGE_CURVE('',#3670,#4007,#1357,.T.);
#5061=EDGE_CURVE('',#4007,#4005,#1358,.T.);
#5062=EDGE_CURVE('',#3669,#4008,#1359,.T.);
#5063=EDGE_CURVE('',#4008,#4007,#1360,.T.);
#5064=EDGE_CURVE('',#3668,#4009,#1361,.T.);
#5065=EDGE_CURVE('',#4009,#4008,#1362,.T.);
#5066=EDGE_CURVE('',#3667,#4010,#1363,.T.);
#5067=EDGE_CURVE('',#4010,#4009,#1364,.T.);
#5068=EDGE_CURVE('',#3666,#4011,#1365,.T.);
#5069=EDGE_CURVE('',#4011,#4010,#1366,.T.);
#5070=EDGE_CURVE('',#3665,#4012,#1367,.T.);
#5071=EDGE_CURVE('',#4012,#4011,#1368,.T.);
#5072=EDGE_CURVE('',#4006,#4012,#1369,.T.);
#5073=EDGE_CURVE('',#3671,#4013,#1370,.T.);
#5074=EDGE_CURVE('',#4013,#4014,#219,.T.);
#5075=EDGE_CURVE('',#3672,#4014,#1371,.T.);
#5076=EDGE_CURVE('',#3677,#4015,#1372,.T.);
#5077=EDGE_CURVE('',#4015,#4013,#220,.T.);
#5078=EDGE_CURVE('',#3676,#4016,#1373,.T.);
#5079=EDGE_CURVE('',#4016,#4015,#1374,.T.);
#5080=EDGE_CURVE('',#3675,#4017,#1375,.T.);
#5081=EDGE_CURVE('',#4017,#4016,#1376,.T.);
#5082=EDGE_CURVE('',#3674,#4018,#1377,.T.);
#5083=EDGE_CURVE('',#4018,#4017,#1378,.T.);
#5084=EDGE_CURVE('',#3673,#4019,#1379,.T.);
#5085=EDGE_CURVE('',#4019,#4018,#221,.T.);
#5086=EDGE_CURVE('',#4014,#4019,#1380,.T.);
#5087=EDGE_CURVE('',#3678,#4020,#1381,.T.);
#5088=EDGE_CURVE('',#4020,#4021,#1382,.T.);
#5089=EDGE_CURVE('',#3679,#4021,#1383,.T.);
#5090=EDGE_CURVE('',#3683,#4022,#1384,.T.);
#5091=EDGE_CURVE('',#4022,#4020,#1385,.T.);
#5092=EDGE_CURVE('',#3682,#4023,#1386,.T.);
#5093=EDGE_CURVE('',#4023,#4022,#1387,.T.);
#5094=EDGE_CURVE('',#3681,#4024,#1388,.T.);
#5095=EDGE_CURVE('',#4024,#4023,#1389,.T.);
#5096=EDGE_CURVE('',#3680,#4025,#1390,.T.);
#5097=EDGE_CURVE('',#4025,#4024,#1391,.T.);
#5098=EDGE_CURVE('',#4021,#4025,#1392,.T.);
#5099=EDGE_CURVE('',#3684,#4026,#1393,.T.);
#5100=EDGE_CURVE('',#4026,#4027,#1394,.T.);
#5101=EDGE_CURVE('',#3685,#4027,#1395,.T.);
#5102=EDGE_CURVE('',#3687,#4028,#1396,.T.);
#5103=EDGE_CURVE('',#4028,#4026,#1397,.T.);
#5104=EDGE_CURVE('',#3686,#4029,#1398,.T.);
#5105=EDGE_CURVE('',#4029,#4028,#1399,.T.);
#5106=EDGE_CURVE('',#4027,#4029,#1400,.T.);
#5107=EDGE_CURVE('',#4030,#4030,#222,.T.);
#5108=EDGE_CURVE('',#4030,#4031,#1401,.T.);
#5109=EDGE_CURVE('',#4031,#4031,#223,.T.);
#5110=EDGE_CURVE('',#3688,#4032,#1402,.T.);
#5111=EDGE_CURVE('',#4032,#4032,#224,.T.);
#5112=EDGE_CURVE('',#4033,#4034,#225,.T.);
#5113=EDGE_CURVE('',#4033,#4035,#1403,.T.);
#5114=EDGE_CURVE('',#4035,#4036,#226,.T.);
#5115=EDGE_CURVE('',#4034,#4036,#1404,.T.);
#5116=EDGE_CURVE('',#4037,#4033,#1405,.T.);
#5117=EDGE_CURVE('',#4037,#4038,#1406,.T.);
#5118=EDGE_CURVE('',#4038,#4035,#1407,.T.);
#5119=EDGE_CURVE('',#4039,#4037,#1408,.T.);
#5120=EDGE_CURVE('',#4039,#4040,#1409,.T.);
#5121=EDGE_CURVE('',#4040,#4038,#1410,.T.);
#5122=EDGE_CURVE('',#4034,#4039,#1411,.T.);
#5123=EDGE_CURVE('',#4036,#4040,#1412,.T.);
#5124=EDGE_CURVE('',#4041,#4042,#1413,.T.);
#5125=EDGE_CURVE('',#4041,#4043,#1414,.T.);
#5126=EDGE_CURVE('',#4043,#4044,#1415,.T.);
#5127=EDGE_CURVE('',#4042,#4044,#1416,.T.);
#5128=EDGE_CURVE('',#4045,#4041,#227,.T.);
#5129=EDGE_CURVE('',#4045,#4046,#1417,.T.);
#5130=EDGE_CURVE('',#4046,#4043,#228,.T.);
#5131=EDGE_CURVE('',#4047,#4045,#1418,.T.);
#5132=EDGE_CURVE('',#4047,#4048,#1419,.T.);
#5133=EDGE_CURVE('',#4048,#4046,#1420,.T.);
#5134=EDGE_CURVE('',#4042,#4047,#1421,.T.);
#5135=EDGE_CURVE('',#4044,#4048,#1422,.T.);
#5136=EDGE_CURVE('',#3689,#4049,#1423,.T.);
#5137=EDGE_CURVE('',#4049,#4050,#229,.T.);
#5138=EDGE_CURVE('',#3690,#4050,#1424,.T.);
#5139=EDGE_CURVE('',#3693,#4051,#1425,.T.);
#5140=EDGE_CURVE('',#4051,#4049,#230,.T.);
#5141=EDGE_CURVE('',#3692,#4052,#1426,.T.);
#5142=EDGE_CURVE('',#4052,#4051,#1427,.T.);
#5143=EDGE_CURVE('',#3691,#4053,#1428,.T.);
#5144=EDGE_CURVE('',#4053,#4052,#1429,.T.);
#5145=EDGE_CURVE('',#4050,#4053,#1430,.T.);
#5146=EDGE_CURVE('',#3729,#3393,#1431,.T.);
#5147=EDGE_CURVE('',#3384,#3726,#1432,.T.);
#5148=EDGE_CURVE('',#3392,#3725,#1433,.T.);
#5149=EDGE_CURVE('',#3390,#3724,#1434,.T.);
#5150=EDGE_CURVE('',#3391,#3723,#1435,.T.);
#5151=EDGE_CURVE('',#3385,#3722,#1436,.T.);
#5152=EDGE_CURVE('',#3386,#3720,#1437,.T.);
#5153=EDGE_CURVE('',#3387,#3719,#1438,.T.);
#5154=EDGE_CURVE('',#3382,#4054,#1439,.T.);
#5155=EDGE_CURVE('',#4054,#4054,#3334,.T.);
#5156=EDGE_CURVE('',#3381,#4055,#1440,.T.);
#5157=EDGE_CURVE('',#4055,#4055,#3335,.T.);
#5158=EDGE_CURVE('',#3380,#4056,#1441,.T.);
#5159=EDGE_CURVE('',#4056,#4056,#3336,.T.);
#5160=EDGE_CURVE('',#3379,#4057,#1442,.T.);
#5161=EDGE_CURVE('',#4057,#4057,#3337,.T.);
#5162=ORIENTED_EDGE('',*,*,#4058,.T.);
#5163=ORIENTED_EDGE('',*,*,#4059,.T.);
#5164=ORIENTED_EDGE('',*,*,#4060,.T.);
#5165=ORIENTED_EDGE('',*,*,#4061,.T.);
#5166=ORIENTED_EDGE('',*,*,#4062,.T.);
#5167=ORIENTED_EDGE('',*,*,#4063,.T.);
#5168=ORIENTED_EDGE('',*,*,#4060,.F.);
#5169=ORIENTED_EDGE('',*,*,#4064,.T.);
#5170=ORIENTED_EDGE('',*,*,#4065,.T.);
#5171=ORIENTED_EDGE('',*,*,#4066,.T.);
#5172=ORIENTED_EDGE('',*,*,#4062,.F.);
#5173=ORIENTED_EDGE('',*,*,#4067,.T.);
#5174=ORIENTED_EDGE('',*,*,#4068,.T.);
#5175=ORIENTED_EDGE('',*,*,#4069,.T.);
#5176=ORIENTED_EDGE('',*,*,#4065,.F.);
#5177=ORIENTED_EDGE('',*,*,#4070,.T.);
#5178=ORIENTED_EDGE('',*,*,#4071,.T.);
#5179=ORIENTED_EDGE('',*,*,#4072,.T.);
#5180=ORIENTED_EDGE('',*,*,#4068,.F.);
#5181=ORIENTED_EDGE('',*,*,#4073,.T.);
#5182=ORIENTED_EDGE('',*,*,#4074,.T.);
#5183=ORIENTED_EDGE('',*,*,#4075,.T.);
#5184=ORIENTED_EDGE('',*,*,#4071,.F.);
#5185=ORIENTED_EDGE('',*,*,#4076,.T.);
#5186=ORIENTED_EDGE('',*,*,#4077,.T.);
#5187=ORIENTED_EDGE('',*,*,#4078,.T.);
#5188=ORIENTED_EDGE('',*,*,#4074,.F.);
#5189=ORIENTED_EDGE('',*,*,#4079,.T.);
#5190=ORIENTED_EDGE('',*,*,#4080,.T.);
#5191=ORIENTED_EDGE('',*,*,#4081,.T.);
#5192=ORIENTED_EDGE('',*,*,#4077,.F.);
#5193=ORIENTED_EDGE('',*,*,#4082,.T.);
#5194=ORIENTED_EDGE('',*,*,#4083,.T.);
#5195=ORIENTED_EDGE('',*,*,#4084,.T.);
#5196=ORIENTED_EDGE('',*,*,#4080,.F.);
#5197=ORIENTED_EDGE('',*,*,#4085,.T.);
#5198=ORIENTED_EDGE('',*,*,#4086,.T.);
#5199=ORIENTED_EDGE('',*,*,#4087,.T.);
#5200=ORIENTED_EDGE('',*,*,#4083,.F.);
#5201=ORIENTED_EDGE('',*,*,#4088,.T.);
#5202=ORIENTED_EDGE('',*,*,#4089,.T.);
#5203=ORIENTED_EDGE('',*,*,#4090,.T.);
#5204=ORIENTED_EDGE('',*,*,#4086,.F.);
#5205=ORIENTED_EDGE('',*,*,#4091,.T.);
#5206=ORIENTED_EDGE('',*,*,#4092,.T.);
#5207=ORIENTED_EDGE('',*,*,#4093,.T.);
#5208=ORIENTED_EDGE('',*,*,#4089,.F.);
#5209=ORIENTED_EDGE('',*,*,#4094,.T.);
#5210=ORIENTED_EDGE('',*,*,#4095,.T.);
#5211=ORIENTED_EDGE('',*,*,#4096,.T.);
#5212=ORIENTED_EDGE('',*,*,#4092,.F.);
#5213=ORIENTED_EDGE('',*,*,#4097,.T.);
#5214=ORIENTED_EDGE('',*,*,#4098,.T.);
#5215=ORIENTED_EDGE('',*,*,#4099,.T.);
#5216=ORIENTED_EDGE('',*,*,#4095,.F.);
#5217=ORIENTED_EDGE('',*,*,#4100,.T.);
#5218=ORIENTED_EDGE('',*,*,#4101,.T.);
#5219=ORIENTED_EDGE('',*,*,#4102,.T.);
#5220=ORIENTED_EDGE('',*,*,#4098,.F.);
#5221=ORIENTED_EDGE('',*,*,#4103,.T.);
#5222=ORIENTED_EDGE('',*,*,#4101,.F.);
#5223=ORIENTED_EDGE('',*,*,#4104,.T.);
#5224=ORIENTED_EDGE('',*,*,#4058,.F.);
#5225=ORIENTED_EDGE('',*,*,#4105,.T.);
#5226=ORIENTED_EDGE('',*,*,#4087,.F.);
#5227=ORIENTED_EDGE('',*,*,#4106,.F.);
#5228=ORIENTED_EDGE('',*,*,#4107,.F.);
#5229=ORIENTED_EDGE('',*,*,#4108,.F.);
#5230=ORIENTED_EDGE('',*,*,#4090,.F.);
#5231=ORIENTED_EDGE('',*,*,#4109,.T.);
#5232=ORIENTED_EDGE('',*,*,#4110,.F.);
#5233=ORIENTED_EDGE('',*,*,#4106,.T.);
#5234=ORIENTED_EDGE('',*,*,#4093,.F.);
#5235=ORIENTED_EDGE('',*,*,#4111,.F.);
#5236=ORIENTED_EDGE('',*,*,#4112,.F.);
#5237=ORIENTED_EDGE('',*,*,#4109,.F.);
#5238=ORIENTED_EDGE('',*,*,#4096,.F.);
#5239=ORIENTED_EDGE('',*,*,#4113,.T.);
#5240=ORIENTED_EDGE('',*,*,#4114,.F.);
#5241=ORIENTED_EDGE('',*,*,#4111,.T.);
#5242=ORIENTED_EDGE('',*,*,#4099,.F.);
#5243=ORIENTED_EDGE('',*,*,#4115,.F.);
#5244=ORIENTED_EDGE('',*,*,#4116,.F.);
#5245=ORIENTED_EDGE('',*,*,#4113,.F.);
#5246=ORIENTED_EDGE('',*,*,#4102,.F.);
#5247=ORIENTED_EDGE('',*,*,#4117,.T.);
#5248=ORIENTED_EDGE('',*,*,#4118,.F.);
#5249=ORIENTED_EDGE('',*,*,#4115,.T.);
#5250=ORIENTED_EDGE('',*,*,#4105,.F.);
#5251=ORIENTED_EDGE('',*,*,#4119,.F.);
#5252=ORIENTED_EDGE('',*,*,#4120,.F.);
#5253=ORIENTED_EDGE('',*,*,#4117,.F.);
#5254=ORIENTED_EDGE('',*,*,#4061,.F.);
#5255=ORIENTED_EDGE('',*,*,#4121,.T.);
#5256=ORIENTED_EDGE('',*,*,#4122,.F.);
#5257=ORIENTED_EDGE('',*,*,#4119,.T.);
#5258=ORIENTED_EDGE('',*,*,#4059,.F.);
#5259=ORIENTED_EDGE('',*,*,#4104,.F.);
#5260=ORIENTED_EDGE('',*,*,#4103,.F.);
#5261=ORIENTED_EDGE('',*,*,#4100,.F.);
#5262=ORIENTED_EDGE('',*,*,#4097,.F.);
#5263=ORIENTED_EDGE('',*,*,#4094,.F.);
#5264=ORIENTED_EDGE('',*,*,#4091,.F.);
#5265=ORIENTED_EDGE('',*,*,#4088,.F.);
#5266=ORIENTED_EDGE('',*,*,#4085,.F.);
#5267=ORIENTED_EDGE('',*,*,#4082,.F.);
#5268=ORIENTED_EDGE('',*,*,#4079,.F.);
#5269=ORIENTED_EDGE('',*,*,#4076,.F.);
#5270=ORIENTED_EDGE('',*,*,#4073,.F.);
#5271=ORIENTED_EDGE('',*,*,#4070,.F.);
#5272=ORIENTED_EDGE('',*,*,#4067,.F.);
#5273=ORIENTED_EDGE('',*,*,#4064,.F.);
#5274=ORIENTED_EDGE('',*,*,#4123,.T.);
#5275=ORIENTED_EDGE('',*,*,#4124,.T.);
#5276=ORIENTED_EDGE('',*,*,#4125,.T.);
#5277=ORIENTED_EDGE('',*,*,#4126,.T.);
#5278=ORIENTED_EDGE('',*,*,#4127,.T.);
#5279=ORIENTED_EDGE('',*,*,#4128,.T.);
#5280=ORIENTED_EDGE('',*,*,#4129,.T.);
#5281=ORIENTED_EDGE('',*,*,#4130,.T.);
#5282=ORIENTED_EDGE('',*,*,#4131,.T.);
#5283=ORIENTED_EDGE('',*,*,#4132,.T.);
#5284=ORIENTED_EDGE('',*,*,#4133,.T.);
#5285=ORIENTED_EDGE('',*,*,#4134,.T.);
#5286=ORIENTED_EDGE('',*,*,#4135,.T.);
#5287=ORIENTED_EDGE('',*,*,#4136,.T.);
#5288=ORIENTED_EDGE('',*,*,#4137,.T.);
#5289=ORIENTED_EDGE('',*,*,#4138,.T.);
#5290=ORIENTED_EDGE('',*,*,#4139,.T.);
#5291=ORIENTED_EDGE('',*,*,#4140,.T.);
#5292=ORIENTED_EDGE('',*,*,#4141,.T.);
#5293=ORIENTED_EDGE('',*,*,#4142,.T.);
#5294=ORIENTED_EDGE('',*,*,#4143,.T.);
#5295=ORIENTED_EDGE('',*,*,#4144,.T.);
#5296=ORIENTED_EDGE('',*,*,#4141,.F.);
#5297=ORIENTED_EDGE('',*,*,#4145,.T.);
#5298=ORIENTED_EDGE('',*,*,#4146,.T.);
#5299=ORIENTED_EDGE('',*,*,#4147,.T.);
#5300=ORIENTED_EDGE('',*,*,#4143,.F.);
#5301=ORIENTED_EDGE('',*,*,#4148,.T.);
#5302=ORIENTED_EDGE('',*,*,#4149,.T.);
#5303=ORIENTED_EDGE('',*,*,#4150,.T.);
#5304=ORIENTED_EDGE('',*,*,#4146,.F.);
#5305=ORIENTED_EDGE('',*,*,#4151,.T.);
#5306=ORIENTED_EDGE('',*,*,#4152,.T.);
#5307=ORIENTED_EDGE('',*,*,#4153,.T.);
#5308=ORIENTED_EDGE('',*,*,#4149,.F.);
#5309=ORIENTED_EDGE('',*,*,#4154,.T.);
#5310=ORIENTED_EDGE('',*,*,#4155,.T.);
#5311=ORIENTED_EDGE('',*,*,#4156,.T.);
#5312=ORIENTED_EDGE('',*,*,#4152,.F.);
#5313=ORIENTED_EDGE('',*,*,#4157,.T.);
#5314=ORIENTED_EDGE('',*,*,#4158,.T.);
#5315=ORIENTED_EDGE('',*,*,#4122,.T.);
#5316=ORIENTED_EDGE('',*,*,#4155,.F.);
#5317=ORIENTED_EDGE('',*,*,#4159,.T.);
#5318=ORIENTED_EDGE('',*,*,#4160,.T.);
#5319=ORIENTED_EDGE('',*,*,#4120,.T.);
#5320=ORIENTED_EDGE('',*,*,#4158,.F.);
#5321=ORIENTED_EDGE('',*,*,#4161,.T.);
#5322=ORIENTED_EDGE('',*,*,#4162,.T.);
#5323=ORIENTED_EDGE('',*,*,#4118,.T.);
#5324=ORIENTED_EDGE('',*,*,#4160,.F.);
#5325=ORIENTED_EDGE('',*,*,#4163,.T.);
#5326=ORIENTED_EDGE('',*,*,#4164,.T.);
#5327=ORIENTED_EDGE('',*,*,#4116,.T.);
#5328=ORIENTED_EDGE('',*,*,#4162,.F.);
#5329=ORIENTED_EDGE('',*,*,#4165,.T.);
#5330=ORIENTED_EDGE('',*,*,#4166,.T.);
#5331=ORIENTED_EDGE('',*,*,#4114,.T.);
#5332=ORIENTED_EDGE('',*,*,#4164,.F.);
#5333=ORIENTED_EDGE('',*,*,#4167,.T.);
#5334=ORIENTED_EDGE('',*,*,#4168,.T.);
#5335=ORIENTED_EDGE('',*,*,#4112,.T.);
#5336=ORIENTED_EDGE('',*,*,#4166,.F.);
#5337=ORIENTED_EDGE('',*,*,#4169,.T.);
#5338=ORIENTED_EDGE('',*,*,#4170,.T.);
#5339=ORIENTED_EDGE('',*,*,#4110,.T.);
#5340=ORIENTED_EDGE('',*,*,#4168,.F.);
#5341=ORIENTED_EDGE('',*,*,#4171,.T.);
#5342=ORIENTED_EDGE('',*,*,#4172,.T.);
#5343=ORIENTED_EDGE('',*,*,#4107,.T.);
#5344=ORIENTED_EDGE('',*,*,#4170,.F.);
#5345=ORIENTED_EDGE('',*,*,#4173,.T.);
#5346=ORIENTED_EDGE('',*,*,#4174,.T.);
#5347=ORIENTED_EDGE('',*,*,#4175,.T.);
#5348=ORIENTED_EDGE('',*,*,#4172,.F.);
#5349=ORIENTED_EDGE('',*,*,#4176,.T.);
#5350=ORIENTED_EDGE('',*,*,#4174,.F.);
#5351=ORIENTED_EDGE('',*,*,#4177,.T.);
#5352=ORIENTED_EDGE('',*,*,#4139,.F.);
#5353=ORIENTED_EDGE('',*,*,#4178,.T.);
#5354=ORIENTED_EDGE('',*,*,#4084,.F.);
#5355=ORIENTED_EDGE('',*,*,#4108,.T.);
#5356=ORIENTED_EDGE('',*,*,#4175,.F.);
#5357=ORIENTED_EDGE('',*,*,#4179,.T.);
#5358=ORIENTED_EDGE('',*,*,#4081,.F.);
#5359=ORIENTED_EDGE('',*,*,#4179,.F.);
#5360=ORIENTED_EDGE('',*,*,#4178,.F.);
#5361=ORIENTED_EDGE('',*,*,#4180,.F.);
#5362=ORIENTED_EDGE('',*,*,#4078,.F.);
#5363=ORIENTED_EDGE('',*,*,#4180,.T.);
#5364=ORIENTED_EDGE('',*,*,#4142,.F.);
#5365=ORIENTED_EDGE('',*,*,#4181,.T.);
#5366=ORIENTED_EDGE('',*,*,#4140,.F.);
#5367=ORIENTED_EDGE('',*,*,#4177,.F.);
#5368=ORIENTED_EDGE('',*,*,#4176,.F.);
#5369=ORIENTED_EDGE('',*,*,#4173,.F.);
#5370=ORIENTED_EDGE('',*,*,#4171,.F.);
#5371=ORIENTED_EDGE('',*,*,#4169,.F.);
#5372=ORIENTED_EDGE('',*,*,#4167,.F.);
#5373=ORIENTED_EDGE('',*,*,#4165,.F.);
#5374=ORIENTED_EDGE('',*,*,#4163,.F.);
#5375=ORIENTED_EDGE('',*,*,#4161,.F.);
#5376=ORIENTED_EDGE('',*,*,#4159,.F.);
#5377=ORIENTED_EDGE('',*,*,#4157,.F.);
#5378=ORIENTED_EDGE('',*,*,#4154,.F.);
#5379=ORIENTED_EDGE('',*,*,#4151,.F.);
#5380=ORIENTED_EDGE('',*,*,#4148,.F.);
#5381=ORIENTED_EDGE('',*,*,#4145,.F.);
#5382=ORIENTED_EDGE('',*,*,#4182,.T.);
#5383=ORIENTED_EDGE('',*,*,#4183,.T.);
#5384=ORIENTED_EDGE('',*,*,#4184,.T.);
#5385=ORIENTED_EDGE('',*,*,#4185,.T.);
#5386=ORIENTED_EDGE('',*,*,#4186,.T.);
#5387=ORIENTED_EDGE('',*,*,#4187,.T.);
#5388=ORIENTED_EDGE('',*,*,#4188,.T.);
#5389=ORIENTED_EDGE('',*,*,#4189,.T.);
#5390=ORIENTED_EDGE('',*,*,#4190,.T.);
#5391=ORIENTED_EDGE('',*,*,#4191,.T.);
#5392=ORIENTED_EDGE('',*,*,#4192,.T.);
#5393=ORIENTED_EDGE('',*,*,#4193,.T.);
#5394=ORIENTED_EDGE('',*,*,#4194,.T.);
#5395=ORIENTED_EDGE('',*,*,#4195,.T.);
#5396=ORIENTED_EDGE('',*,*,#4196,.T.);
#5397=ORIENTED_EDGE('',*,*,#4197,.T.);
#5398=ORIENTED_EDGE('',*,*,#4198,.T.);
#5399=ORIENTED_EDGE('',*,*,#4199,.T.);
#5400=ORIENTED_EDGE('',*,*,#4200,.T.);
#5401=ORIENTED_EDGE('',*,*,#4201,.T.);
#5402=ORIENTED_EDGE('',*,*,#4202,.T.);
#5403=ORIENTED_EDGE('',*,*,#4203,.T.);
#5404=ORIENTED_EDGE('',*,*,#4204,.T.);
#5405=ORIENTED_EDGE('',*,*,#4205,.T.);
#5406=ORIENTED_EDGE('',*,*,#4206,.T.);
#5407=ORIENTED_EDGE('',*,*,#4207,.T.);
#5408=ORIENTED_EDGE('',*,*,#4208,.T.);
#5409=ORIENTED_EDGE('',*,*,#4209,.T.);
#5410=ORIENTED_EDGE('',*,*,#4210,.T.);
#5411=ORIENTED_EDGE('',*,*,#4211,.T.);
#5412=ORIENTED_EDGE('',*,*,#4212,.T.);
#5413=ORIENTED_EDGE('',*,*,#4213,.T.);
#5414=ORIENTED_EDGE('',*,*,#4214,.T.);
#5415=ORIENTED_EDGE('',*,*,#4215,.T.);
#5416=ORIENTED_EDGE('',*,*,#4216,.T.);
#5417=ORIENTED_EDGE('',*,*,#4217,.T.);
#5418=ORIENTED_EDGE('',*,*,#4218,.T.);
#5419=ORIENTED_EDGE('',*,*,#4219,.T.);
#5420=ORIENTED_EDGE('',*,*,#4220,.T.);
#5421=ORIENTED_EDGE('',*,*,#4221,.T.);
#5422=ORIENTED_EDGE('',*,*,#4222,.T.);
#5423=ORIENTED_EDGE('',*,*,#4223,.T.);
#5424=ORIENTED_EDGE('',*,*,#4224,.T.);
#5425=ORIENTED_EDGE('',*,*,#4225,.T.);
#5426=ORIENTED_EDGE('',*,*,#4226,.T.);
#5427=ORIENTED_EDGE('',*,*,#4227,.T.);
#5428=ORIENTED_EDGE('',*,*,#4228,.T.);
#5429=ORIENTED_EDGE('',*,*,#4229,.T.);
#5430=ORIENTED_EDGE('',*,*,#4230,.T.);
#5431=ORIENTED_EDGE('',*,*,#4231,.T.);
#5432=ORIENTED_EDGE('',*,*,#4232,.T.);
#5433=ORIENTED_EDGE('',*,*,#4233,.T.);
#5434=ORIENTED_EDGE('',*,*,#4234,.T.);
#5435=ORIENTED_EDGE('',*,*,#4235,.T.);
#5436=ORIENTED_EDGE('',*,*,#4236,.T.);
#5437=ORIENTED_EDGE('',*,*,#4237,.T.);
#5438=ORIENTED_EDGE('',*,*,#4238,.T.);
#5439=ORIENTED_EDGE('',*,*,#4239,.T.);
#5440=ORIENTED_EDGE('',*,*,#4240,.T.);
#5441=ORIENTED_EDGE('',*,*,#4241,.T.);
#5442=ORIENTED_EDGE('',*,*,#4242,.T.);
#5443=ORIENTED_EDGE('',*,*,#4243,.T.);
#5444=ORIENTED_EDGE('',*,*,#4244,.T.);
#5445=ORIENTED_EDGE('',*,*,#4245,.T.);
#5446=ORIENTED_EDGE('',*,*,#4246,.T.);
#5447=ORIENTED_EDGE('',*,*,#4247,.T.);
#5448=ORIENTED_EDGE('',*,*,#4248,.T.);
#5449=ORIENTED_EDGE('',*,*,#4249,.T.);
#5450=ORIENTED_EDGE('',*,*,#4250,.T.);
#5451=ORIENTED_EDGE('',*,*,#4251,.T.);
#5452=ORIENTED_EDGE('',*,*,#4252,.T.);
#5453=ORIENTED_EDGE('',*,*,#4253,.T.);
#5454=ORIENTED_EDGE('',*,*,#4254,.T.);
#5455=ORIENTED_EDGE('',*,*,#4255,.T.);
#5456=ORIENTED_EDGE('',*,*,#4256,.T.);
#5457=ORIENTED_EDGE('',*,*,#4257,.T.);
#5458=ORIENTED_EDGE('',*,*,#4258,.T.);
#5459=ORIENTED_EDGE('',*,*,#4259,.T.);
#5460=ORIENTED_EDGE('',*,*,#4260,.T.);
#5461=ORIENTED_EDGE('',*,*,#4261,.T.);
#5462=ORIENTED_EDGE('',*,*,#4262,.T.);
#5463=ORIENTED_EDGE('',*,*,#4263,.T.);
#5464=ORIENTED_EDGE('',*,*,#4264,.T.);
#5465=ORIENTED_EDGE('',*,*,#4265,.T.);
#5466=ORIENTED_EDGE('',*,*,#4266,.T.);
#5467=ORIENTED_EDGE('',*,*,#4267,.T.);
#5468=ORIENTED_EDGE('',*,*,#4268,.T.);
#5469=ORIENTED_EDGE('',*,*,#4269,.T.);
#5470=ORIENTED_EDGE('',*,*,#4270,.T.);
#5471=ORIENTED_EDGE('',*,*,#4271,.T.);
#5472=ORIENTED_EDGE('',*,*,#4272,.T.);
#5473=ORIENTED_EDGE('',*,*,#4273,.T.);
#5474=ORIENTED_EDGE('',*,*,#4274,.T.);
#5475=ORIENTED_EDGE('',*,*,#4275,.T.);
#5476=ORIENTED_EDGE('',*,*,#4276,.T.);
#5477=ORIENTED_EDGE('',*,*,#4277,.T.);
#5478=ORIENTED_EDGE('',*,*,#4278,.T.);
#5479=ORIENTED_EDGE('',*,*,#4279,.T.);
#5480=ORIENTED_EDGE('',*,*,#4280,.T.);
#5481=ORIENTED_EDGE('',*,*,#4281,.T.);
#5482=ORIENTED_EDGE('',*,*,#4282,.T.);
#5483=ORIENTED_EDGE('',*,*,#4283,.T.);
#5484=ORIENTED_EDGE('',*,*,#4284,.T.);
#5485=ORIENTED_EDGE('',*,*,#4285,.T.);
#5486=ORIENTED_EDGE('',*,*,#4286,.T.);
#5487=ORIENTED_EDGE('',*,*,#4287,.T.);
#5488=ORIENTED_EDGE('',*,*,#4288,.T.);
#5489=ORIENTED_EDGE('',*,*,#4289,.T.);
#5490=ORIENTED_EDGE('',*,*,#4290,.T.);
#5491=ORIENTED_EDGE('',*,*,#4291,.T.);
#5492=ORIENTED_EDGE('',*,*,#4292,.T.);
#5493=ORIENTED_EDGE('',*,*,#4293,.T.);
#5494=ORIENTED_EDGE('',*,*,#4294,.T.);
#5495=ORIENTED_EDGE('',*,*,#4295,.T.);
#5496=ORIENTED_EDGE('',*,*,#4296,.T.);
#5497=ORIENTED_EDGE('',*,*,#4297,.T.);
#5498=ORIENTED_EDGE('',*,*,#4298,.T.);
#5499=ORIENTED_EDGE('',*,*,#4299,.T.);
#5500=ORIENTED_EDGE('',*,*,#4300,.T.);
#5501=ORIENTED_EDGE('',*,*,#4301,.T.);
#5502=ORIENTED_EDGE('',*,*,#4302,.T.);
#5503=ORIENTED_EDGE('',*,*,#4303,.T.);
#5504=ORIENTED_EDGE('',*,*,#4304,.T.);
#5505=ORIENTED_EDGE('',*,*,#4305,.T.);
#5506=ORIENTED_EDGE('',*,*,#4306,.T.);
#5507=ORIENTED_EDGE('',*,*,#4307,.T.);
#5508=ORIENTED_EDGE('',*,*,#4308,.T.);
#5509=ORIENTED_EDGE('',*,*,#4309,.T.);
#5510=ORIENTED_EDGE('',*,*,#4310,.T.);
#5511=ORIENTED_EDGE('',*,*,#4311,.T.);
#5512=ORIENTED_EDGE('',*,*,#4312,.T.);
#5513=ORIENTED_EDGE('',*,*,#4313,.T.);
#5514=ORIENTED_EDGE('',*,*,#4314,.T.);
#5515=ORIENTED_EDGE('',*,*,#4315,.T.);
#5516=ORIENTED_EDGE('',*,*,#4316,.T.);
#5517=ORIENTED_EDGE('',*,*,#4317,.T.);
#5518=ORIENTED_EDGE('',*,*,#4318,.T.);
#5519=ORIENTED_EDGE('',*,*,#4319,.T.);
#5520=ORIENTED_EDGE('',*,*,#4320,.T.);
#5521=ORIENTED_EDGE('',*,*,#4321,.T.);
#5522=ORIENTED_EDGE('',*,*,#4322,.T.);
#5523=ORIENTED_EDGE('',*,*,#4323,.T.);
#5524=ORIENTED_EDGE('',*,*,#4324,.T.);
#5525=ORIENTED_EDGE('',*,*,#4325,.T.);
#5526=ORIENTED_EDGE('',*,*,#4326,.T.);
#5527=ORIENTED_EDGE('',*,*,#4327,.T.);
#5528=ORIENTED_EDGE('',*,*,#4328,.T.);
#5529=ORIENTED_EDGE('',*,*,#4329,.T.);
#5530=ORIENTED_EDGE('',*,*,#4330,.T.);
#5531=ORIENTED_EDGE('',*,*,#4331,.T.);
#5532=ORIENTED_EDGE('',*,*,#4332,.T.);
#5533=ORIENTED_EDGE('',*,*,#4333,.T.);
#5534=ORIENTED_EDGE('',*,*,#4334,.T.);
#5535=ORIENTED_EDGE('',*,*,#4335,.T.);
#5536=ORIENTED_EDGE('',*,*,#4336,.T.);
#5537=ORIENTED_EDGE('',*,*,#4337,.T.);
#5538=ORIENTED_EDGE('',*,*,#4338,.T.);
#5539=ORIENTED_EDGE('',*,*,#4339,.T.);
#5540=ORIENTED_EDGE('',*,*,#4340,.T.);
#5541=ORIENTED_EDGE('',*,*,#4341,.T.);
#5542=ORIENTED_EDGE('',*,*,#4342,.T.);
#5543=ORIENTED_EDGE('',*,*,#4343,.T.);
#5544=ORIENTED_EDGE('',*,*,#4344,.T.);
#5545=ORIENTED_EDGE('',*,*,#4345,.T.);
#5546=ORIENTED_EDGE('',*,*,#4346,.T.);
#5547=ORIENTED_EDGE('',*,*,#4347,.T.);
#5548=ORIENTED_EDGE('',*,*,#4348,.T.);
#5549=ORIENTED_EDGE('',*,*,#4349,.T.);
#5550=ORIENTED_EDGE('',*,*,#4350,.T.);
#5551=ORIENTED_EDGE('',*,*,#4351,.T.);
#5552=ORIENTED_EDGE('',*,*,#4352,.T.);
#5553=ORIENTED_EDGE('',*,*,#4353,.T.);
#5554=ORIENTED_EDGE('',*,*,#4354,.T.);
#5555=ORIENTED_EDGE('',*,*,#4355,.T.);
#5556=ORIENTED_EDGE('',*,*,#4356,.T.);
#5557=ORIENTED_EDGE('',*,*,#4357,.T.);
#5558=ORIENTED_EDGE('',*,*,#4358,.T.);
#5559=ORIENTED_EDGE('',*,*,#4359,.T.);
#5560=ORIENTED_EDGE('',*,*,#4360,.T.);
#5561=ORIENTED_EDGE('',*,*,#4361,.T.);
#5562=ORIENTED_EDGE('',*,*,#4362,.T.);
#5563=ORIENTED_EDGE('',*,*,#4363,.T.);
#5564=ORIENTED_EDGE('',*,*,#4364,.T.);
#5565=ORIENTED_EDGE('',*,*,#4365,.T.);
#5566=ORIENTED_EDGE('',*,*,#4366,.T.);
#5567=ORIENTED_EDGE('',*,*,#4367,.T.);
#5568=ORIENTED_EDGE('',*,*,#4368,.T.);
#5569=ORIENTED_EDGE('',*,*,#4369,.T.);
#5570=ORIENTED_EDGE('',*,*,#4370,.T.);
#5571=ORIENTED_EDGE('',*,*,#4371,.T.);
#5572=ORIENTED_EDGE('',*,*,#4372,.T.);
#5573=ORIENTED_EDGE('',*,*,#4373,.T.);
#5574=ORIENTED_EDGE('',*,*,#4374,.T.);
#5575=ORIENTED_EDGE('',*,*,#4375,.T.);
#5576=ORIENTED_EDGE('',*,*,#4376,.T.);
#5577=ORIENTED_EDGE('',*,*,#4377,.T.);
#5578=ORIENTED_EDGE('',*,*,#4378,.T.);
#5579=ORIENTED_EDGE('',*,*,#4379,.T.);
#5580=ORIENTED_EDGE('',*,*,#4380,.T.);
#5581=ORIENTED_EDGE('',*,*,#4381,.T.);
#5582=ORIENTED_EDGE('',*,*,#4382,.T.);
#5583=ORIENTED_EDGE('',*,*,#4383,.T.);
#5584=ORIENTED_EDGE('',*,*,#4384,.T.);
#5585=ORIENTED_EDGE('',*,*,#4385,.T.);
#5586=ORIENTED_EDGE('',*,*,#4386,.T.);
#5587=ORIENTED_EDGE('',*,*,#4387,.T.);
#5588=ORIENTED_EDGE('',*,*,#4388,.T.);
#5589=ORIENTED_EDGE('',*,*,#4389,.T.);
#5590=ORIENTED_EDGE('',*,*,#4390,.T.);
#5591=ORIENTED_EDGE('',*,*,#4391,.T.);
#5592=ORIENTED_EDGE('',*,*,#4392,.T.);
#5593=ORIENTED_EDGE('',*,*,#4393,.T.);
#5594=ORIENTED_EDGE('',*,*,#4394,.T.);
#5595=ORIENTED_EDGE('',*,*,#4395,.T.);
#5596=ORIENTED_EDGE('',*,*,#4396,.T.);
#5597=ORIENTED_EDGE('',*,*,#4397,.T.);
#5598=ORIENTED_EDGE('',*,*,#4398,.T.);
#5599=ORIENTED_EDGE('',*,*,#4399,.T.);
#5600=ORIENTED_EDGE('',*,*,#4400,.T.);
#5601=ORIENTED_EDGE('',*,*,#4401,.T.);
#5602=ORIENTED_EDGE('',*,*,#4402,.T.);
#5603=ORIENTED_EDGE('',*,*,#4403,.T.);
#5604=ORIENTED_EDGE('',*,*,#4404,.T.);
#5605=ORIENTED_EDGE('',*,*,#4405,.T.);
#5606=ORIENTED_EDGE('',*,*,#4406,.T.);
#5607=ORIENTED_EDGE('',*,*,#4407,.T.);
#5608=ORIENTED_EDGE('',*,*,#4408,.T.);
#5609=ORIENTED_EDGE('',*,*,#4409,.T.);
#5610=ORIENTED_EDGE('',*,*,#4410,.T.);
#5611=ORIENTED_EDGE('',*,*,#4411,.T.);
#5612=ORIENTED_EDGE('',*,*,#4412,.T.);
#5613=ORIENTED_EDGE('',*,*,#4413,.T.);
#5614=ORIENTED_EDGE('',*,*,#4414,.T.);
#5615=ORIENTED_EDGE('',*,*,#4415,.T.);
#5616=ORIENTED_EDGE('',*,*,#4416,.T.);
#5617=ORIENTED_EDGE('',*,*,#4417,.T.);
#5618=ORIENTED_EDGE('',*,*,#4418,.T.);
#5619=ORIENTED_EDGE('',*,*,#4419,.T.);
#5620=ORIENTED_EDGE('',*,*,#4420,.T.);
#5621=ORIENTED_EDGE('',*,*,#4421,.T.);
#5622=ORIENTED_EDGE('',*,*,#4422,.T.);
#5623=ORIENTED_EDGE('',*,*,#4423,.T.);
#5624=ORIENTED_EDGE('',*,*,#4424,.T.);
#5625=ORIENTED_EDGE('',*,*,#4425,.T.);
#5626=ORIENTED_EDGE('',*,*,#4426,.T.);
#5627=ORIENTED_EDGE('',*,*,#4427,.T.);
#5628=ORIENTED_EDGE('',*,*,#4428,.T.);
#5629=ORIENTED_EDGE('',*,*,#4429,.T.);
#5630=ORIENTED_EDGE('',*,*,#4430,.T.);
#5631=ORIENTED_EDGE('',*,*,#4431,.T.);
#5632=ORIENTED_EDGE('',*,*,#4432,.T.);
#5633=ORIENTED_EDGE('',*,*,#4433,.T.);
#5634=ORIENTED_EDGE('',*,*,#4434,.T.);
#5635=ORIENTED_EDGE('',*,*,#4435,.T.);
#5636=ORIENTED_EDGE('',*,*,#4436,.T.);
#5637=ORIENTED_EDGE('',*,*,#4437,.T.);
#5638=ORIENTED_EDGE('',*,*,#4438,.T.);
#5639=ORIENTED_EDGE('',*,*,#4439,.T.);
#5640=ORIENTED_EDGE('',*,*,#4440,.T.);
#5641=ORIENTED_EDGE('',*,*,#4441,.T.);
#5642=ORIENTED_EDGE('',*,*,#4442,.T.);
#5643=ORIENTED_EDGE('',*,*,#4443,.T.);
#5644=ORIENTED_EDGE('',*,*,#4444,.T.);
#5645=ORIENTED_EDGE('',*,*,#4445,.T.);
#5646=ORIENTED_EDGE('',*,*,#4446,.T.);
#5647=ORIENTED_EDGE('',*,*,#4447,.T.);
#5648=ORIENTED_EDGE('',*,*,#4448,.T.);
#5649=ORIENTED_EDGE('',*,*,#4449,.T.);
#5650=ORIENTED_EDGE('',*,*,#4450,.T.);
#5651=ORIENTED_EDGE('',*,*,#4451,.T.);
#5652=ORIENTED_EDGE('',*,*,#4452,.T.);
#5653=ORIENTED_EDGE('',*,*,#4453,.T.);
#5654=ORIENTED_EDGE('',*,*,#4454,.T.);
#5655=ORIENTED_EDGE('',*,*,#4455,.T.);
#5656=ORIENTED_EDGE('',*,*,#4456,.T.);
#5657=ORIENTED_EDGE('',*,*,#4457,.T.);
#5658=ORIENTED_EDGE('',*,*,#4066,.F.);
#5659=ORIENTED_EDGE('',*,*,#4458,.T.);
#5660=ORIENTED_EDGE('',*,*,#4153,.F.);
#5661=ORIENTED_EDGE('',*,*,#4459,.T.);
#5662=ORIENTED_EDGE('',*,*,#4063,.F.);
#5663=ORIENTED_EDGE('',*,*,#4459,.F.);
#5664=ORIENTED_EDGE('',*,*,#4156,.F.);
#5665=ORIENTED_EDGE('',*,*,#4121,.F.);
#5666=ORIENTED_EDGE('',*,*,#4460,.F.);
#5667=ORIENTED_EDGE('',*,*,#4461,.F.);
#5668=ORIENTED_EDGE('',*,*,#4462,.F.);
#5669=ORIENTED_EDGE('',*,*,#4463,.F.);
#5670=ORIENTED_EDGE('',*,*,#4464,.F.);
#5671=ORIENTED_EDGE('',*,*,#4465,.F.);
#5672=ORIENTED_EDGE('',*,*,#4461,.T.);
#5673=ORIENTED_EDGE('',*,*,#4466,.T.);
#5674=ORIENTED_EDGE('',*,*,#4464,.T.);
#5675=ORIENTED_EDGE('',*,*,#4467,.T.);
#5676=ORIENTED_EDGE('',*,*,#4468,.F.);
#5677=ORIENTED_EDGE('',*,*,#4469,.F.);
#5678=ORIENTED_EDGE('',*,*,#4470,.F.);
#5679=ORIENTED_EDGE('',*,*,#4469,.T.);
#5680=ORIENTED_EDGE('',*,*,#4471,.T.);
#5681=ORIENTED_EDGE('',*,*,#4460,.T.);
#5682=ORIENTED_EDGE('',*,*,#4472,.T.);
#5683=ORIENTED_EDGE('',*,*,#4473,.F.);
#5684=ORIENTED_EDGE('',*,*,#4474,.T.);
#5685=ORIENTED_EDGE('',*,*,#4470,.T.);
#5686=ORIENTED_EDGE('',*,*,#4475,.T.);
#5687=ORIENTED_EDGE('',*,*,#4476,.F.);
#5688=ORIENTED_EDGE('',*,*,#4477,.F.);
#5689=ORIENTED_EDGE('',*,*,#4478,.F.);
#5690=ORIENTED_EDGE('',*,*,#4479,.F.);
#5691=ORIENTED_EDGE('',*,*,#4478,.T.);
#5692=ORIENTED_EDGE('',*,*,#4480,.T.);
#5693=ORIENTED_EDGE('',*,*,#4468,.T.);
#5694=ORIENTED_EDGE('',*,*,#4481,.T.);
#5695=ORIENTED_EDGE('',*,*,#4482,.F.);
#5696=ORIENTED_EDGE('',*,*,#4483,.T.);
#5697=ORIENTED_EDGE('',*,*,#4479,.T.);
#5698=ORIENTED_EDGE('',*,*,#4484,.T.);
#5699=ORIENTED_EDGE('',*,*,#4485,.F.);
#5700=ORIENTED_EDGE('',*,*,#4465,.T.);
#5701=ORIENTED_EDGE('',*,*,#4486,.T.);
#5702=ORIENTED_EDGE('',*,*,#4477,.T.);
#5703=ORIENTED_EDGE('',*,*,#4487,.T.);
#5704=ORIENTED_EDGE('',*,*,#4488,.F.);
#5705=ORIENTED_EDGE('',*,*,#4489,.T.);
#5706=ORIENTED_EDGE('',*,*,#4463,.T.);
#5707=ORIENTED_EDGE('',*,*,#4490,.T.);
#5708=ORIENTED_EDGE('',*,*,#4491,.F.);
#5709=ORIENTED_EDGE('',*,*,#4492,.F.);
#5710=ORIENTED_EDGE('',*,*,#4493,.T.);
#5711=ORIENTED_EDGE('',*,*,#4462,.T.);
#5712=ORIENTED_EDGE('',*,*,#4494,.T.);
#5713=ORIENTED_EDGE('',*,*,#4495,.F.);
#5714=ORIENTED_EDGE('',*,*,#4485,.T.);
#5715=ORIENTED_EDGE('',*,*,#4496,.T.);
#5716=ORIENTED_EDGE('',*,*,#4497,.T.);
#5717=ORIENTED_EDGE('',*,*,#4498,.T.);
#5718=ORIENTED_EDGE('',*,*,#4499,.F.);
#5719=ORIENTED_EDGE('',*,*,#4484,.F.);
#5720=ORIENTED_EDGE('',*,*,#4481,.F.);
#5721=ORIENTED_EDGE('',*,*,#4474,.F.);
#5722=ORIENTED_EDGE('',*,*,#4500,.F.);
#5723=ORIENTED_EDGE('',*,*,#4501,.T.);
#5724=ORIENTED_EDGE('',*,*,#4132,.F.);
#5725=ORIENTED_EDGE('',*,*,#4502,.T.);
#5726=ORIENTED_EDGE('',*,*,#4496,.F.);
#5727=ORIENTED_EDGE('',*,*,#4482,.T.);
#5728=ORIENTED_EDGE('',*,*,#4499,.T.);
#5729=ORIENTED_EDGE('',*,*,#4503,.T.);
#5730=ORIENTED_EDGE('',*,*,#4504,.F.);
#5731=ORIENTED_EDGE('',*,*,#4491,.T.);
#5732=ORIENTED_EDGE('',*,*,#4505,.T.);
#5733=ORIENTED_EDGE('',*,*,#4473,.T.);
#5734=ORIENTED_EDGE('',*,*,#4506,.F.);
#5735=ORIENTED_EDGE('',*,*,#4507,.T.);
#5736=ORIENTED_EDGE('',*,*,#4508,.T.);
#5737=ORIENTED_EDGE('',*,*,#4500,.T.);
#5738=ORIENTED_EDGE('',*,*,#4475,.F.);
#5739=ORIENTED_EDGE('',*,*,#4472,.F.);
#5740=ORIENTED_EDGE('',*,*,#4493,.F.);
#5741=ORIENTED_EDGE('',*,*,#4509,.F.);
#5742=ORIENTED_EDGE('',*,*,#4476,.T.);
#5743=ORIENTED_EDGE('',*,*,#4509,.T.);
#5744=ORIENTED_EDGE('',*,*,#4492,.T.);
#5745=ORIENTED_EDGE('',*,*,#4510,.T.);
#5746=ORIENTED_EDGE('',*,*,#4511,.T.);
#5747=ORIENTED_EDGE('',*,*,#4506,.T.);
#5748=ORIENTED_EDGE('',*,*,#4466,.F.);
#5749=ORIENTED_EDGE('',*,*,#4471,.F.);
#5750=ORIENTED_EDGE('',*,*,#4480,.F.);
#5751=ORIENTED_EDGE('',*,*,#4486,.F.);
#5752=ORIENTED_EDGE('',*,*,#4075,.F.);
#5753=ORIENTED_EDGE('',*,*,#4181,.F.);
#5754=ORIENTED_EDGE('',*,*,#4144,.F.);
#5755=ORIENTED_EDGE('',*,*,#4512,.F.);
#5756=ORIENTED_EDGE('',*,*,#4072,.F.);
#5757=ORIENTED_EDGE('',*,*,#4512,.T.);
#5758=ORIENTED_EDGE('',*,*,#4147,.F.);
#5759=ORIENTED_EDGE('',*,*,#4513,.T.);
#5760=ORIENTED_EDGE('',*,*,#4488,.T.);
#5761=ORIENTED_EDGE('',*,*,#4504,.T.);
#5762=ORIENTED_EDGE('',*,*,#4514,.T.);
#5763=ORIENTED_EDGE('',*,*,#4515,.T.);
#5764=ORIENTED_EDGE('',*,*,#4516,.T.);
#5765=ORIENTED_EDGE('',*,*,#4495,.T.);
#5766=ORIENTED_EDGE('',*,*,#4517,.T.);
#5767=ORIENTED_EDGE('',*,*,#4518,.T.);
#5768=ORIENTED_EDGE('',*,*,#4519,.T.);
#5769=ORIENTED_EDGE('',*,*,#4510,.F.);
#5770=ORIENTED_EDGE('',*,*,#4489,.F.);
#5771=ORIENTED_EDGE('',*,*,#4516,.F.);
#5772=ORIENTED_EDGE('',*,*,#4520,.F.);
#5773=ORIENTED_EDGE('',*,*,#4138,.F.);
#5774=ORIENTED_EDGE('',*,*,#4521,.T.);
#5775=ORIENTED_EDGE('',*,*,#4517,.F.);
#5776=ORIENTED_EDGE('',*,*,#4494,.F.);
#5777=ORIENTED_EDGE('',*,*,#4467,.F.);
#5778=ORIENTED_EDGE('',*,*,#4522,.F.);
#5779=ORIENTED_EDGE('',*,*,#4523,.T.);
#5780=ORIENTED_EDGE('',*,*,#4524,.F.);
#5781=ORIENTED_EDGE('',*,*,#4525,.F.);
#5782=ORIENTED_EDGE('',*,*,#4526,.F.);
#5783=ORIENTED_EDGE('',*,*,#4525,.T.);
#5784=ORIENTED_EDGE('',*,*,#4527,.F.);
#5785=ORIENTED_EDGE('',*,*,#4528,.F.);
#5786=ORIENTED_EDGE('',*,*,#4529,.F.);
#5787=ORIENTED_EDGE('',*,*,#4528,.T.);
#5788=ORIENTED_EDGE('',*,*,#4530,.F.);
#5789=ORIENTED_EDGE('',*,*,#4523,.F.);
#5790=ORIENTED_EDGE('',*,*,#4529,.T.);
#5791=ORIENTED_EDGE('',*,*,#4522,.T.);
#5792=ORIENTED_EDGE('',*,*,#4526,.T.);
#5793=ORIENTED_EDGE('',*,*,#4531,.F.);
#5794=ORIENTED_EDGE('',*,*,#4532,.T.);
#5795=ORIENTED_EDGE('',*,*,#4533,.F.);
#5796=ORIENTED_EDGE('',*,*,#4534,.F.);
#5797=ORIENTED_EDGE('',*,*,#4535,.F.);
#5798=ORIENTED_EDGE('',*,*,#4534,.T.);
#5799=ORIENTED_EDGE('',*,*,#4536,.F.);
#5800=ORIENTED_EDGE('',*,*,#4537,.F.);
#5801=ORIENTED_EDGE('',*,*,#4538,.F.);
#5802=ORIENTED_EDGE('',*,*,#4537,.T.);
#5803=ORIENTED_EDGE('',*,*,#4539,.F.);
#5804=ORIENTED_EDGE('',*,*,#4540,.F.);
#5805=ORIENTED_EDGE('',*,*,#4541,.F.);
#5806=ORIENTED_EDGE('',*,*,#4540,.T.);
#5807=ORIENTED_EDGE('',*,*,#4542,.F.);
#5808=ORIENTED_EDGE('',*,*,#4543,.F.);
#5809=ORIENTED_EDGE('',*,*,#4544,.F.);
#5810=ORIENTED_EDGE('',*,*,#4543,.T.);
#5811=ORIENTED_EDGE('',*,*,#4545,.F.);
#5812=ORIENTED_EDGE('',*,*,#4546,.F.);
#5813=ORIENTED_EDGE('',*,*,#4547,.F.);
#5814=ORIENTED_EDGE('',*,*,#4546,.T.);
#5815=ORIENTED_EDGE('',*,*,#4548,.F.);
#5816=ORIENTED_EDGE('',*,*,#4549,.F.);
#5817=ORIENTED_EDGE('',*,*,#4550,.F.);
#5818=ORIENTED_EDGE('',*,*,#4549,.T.);
#5819=ORIENTED_EDGE('',*,*,#4551,.F.);
#5820=ORIENTED_EDGE('',*,*,#4532,.F.);
#5821=ORIENTED_EDGE('',*,*,#4550,.T.);
#5822=ORIENTED_EDGE('',*,*,#4531,.T.);
#5823=ORIENTED_EDGE('',*,*,#4535,.T.);
#5824=ORIENTED_EDGE('',*,*,#4538,.T.);
#5825=ORIENTED_EDGE('',*,*,#4541,.T.);
#5826=ORIENTED_EDGE('',*,*,#4544,.T.);
#5827=ORIENTED_EDGE('',*,*,#4547,.T.);
#5828=ORIENTED_EDGE('',*,*,#4182,.F.);
#5829=ORIENTED_EDGE('',*,*,#4552,.T.);
#5830=ORIENTED_EDGE('',*,*,#4553,.T.);
#5831=ORIENTED_EDGE('',*,*,#4554,.F.);
#5832=ORIENTED_EDGE('',*,*,#4189,.F.);
#5833=ORIENTED_EDGE('',*,*,#4555,.T.);
#5834=ORIENTED_EDGE('',*,*,#4556,.T.);
#5835=ORIENTED_EDGE('',*,*,#4552,.F.);
#5836=ORIENTED_EDGE('',*,*,#4188,.F.);
#5837=ORIENTED_EDGE('',*,*,#4557,.T.);
#5838=ORIENTED_EDGE('',*,*,#4558,.T.);
#5839=ORIENTED_EDGE('',*,*,#4555,.F.);
#5840=ORIENTED_EDGE('',*,*,#4187,.F.);
#5841=ORIENTED_EDGE('',*,*,#4559,.T.);
#5842=ORIENTED_EDGE('',*,*,#4560,.T.);
#5843=ORIENTED_EDGE('',*,*,#4557,.F.);
#5844=ORIENTED_EDGE('',*,*,#4186,.F.);
#5845=ORIENTED_EDGE('',*,*,#4561,.T.);
#5846=ORIENTED_EDGE('',*,*,#4562,.T.);
#5847=ORIENTED_EDGE('',*,*,#4559,.F.);
#5848=ORIENTED_EDGE('',*,*,#4185,.F.);
#5849=ORIENTED_EDGE('',*,*,#4563,.T.);
#5850=ORIENTED_EDGE('',*,*,#4564,.T.);
#5851=ORIENTED_EDGE('',*,*,#4561,.F.);
#5852=ORIENTED_EDGE('',*,*,#4184,.F.);
#5853=ORIENTED_EDGE('',*,*,#4565,.T.);
#5854=ORIENTED_EDGE('',*,*,#4566,.T.);
#5855=ORIENTED_EDGE('',*,*,#4563,.F.);
#5856=ORIENTED_EDGE('',*,*,#4183,.F.);
#5857=ORIENTED_EDGE('',*,*,#4554,.T.);
#5858=ORIENTED_EDGE('',*,*,#4567,.T.);
#5859=ORIENTED_EDGE('',*,*,#4565,.F.);
#5860=ORIENTED_EDGE('',*,*,#4567,.F.);
#5861=ORIENTED_EDGE('',*,*,#4553,.F.);
#5862=ORIENTED_EDGE('',*,*,#4556,.F.);
#5863=ORIENTED_EDGE('',*,*,#4558,.F.);
#5864=ORIENTED_EDGE('',*,*,#4560,.F.);
#5865=ORIENTED_EDGE('',*,*,#4562,.F.);
#5866=ORIENTED_EDGE('',*,*,#4564,.F.);
#5867=ORIENTED_EDGE('',*,*,#4566,.F.);
#5868=ORIENTED_EDGE('',*,*,#4190,.F.);
#5869=ORIENTED_EDGE('',*,*,#4568,.T.);
#5870=ORIENTED_EDGE('',*,*,#4569,.T.);
#5871=ORIENTED_EDGE('',*,*,#4570,.F.);
#5872=ORIENTED_EDGE('',*,*,#4194,.F.);
#5873=ORIENTED_EDGE('',*,*,#4571,.T.);
#5874=ORIENTED_EDGE('',*,*,#4572,.T.);
#5875=ORIENTED_EDGE('',*,*,#4568,.F.);
#5876=ORIENTED_EDGE('',*,*,#4193,.F.);
#5877=ORIENTED_EDGE('',*,*,#4573,.T.);
#5878=ORIENTED_EDGE('',*,*,#4574,.T.);
#5879=ORIENTED_EDGE('',*,*,#4571,.F.);
#5880=ORIENTED_EDGE('',*,*,#4192,.F.);
#5881=ORIENTED_EDGE('',*,*,#4575,.T.);
#5882=ORIENTED_EDGE('',*,*,#4576,.T.);
#5883=ORIENTED_EDGE('',*,*,#4573,.F.);
#5884=ORIENTED_EDGE('',*,*,#4191,.F.);
#5885=ORIENTED_EDGE('',*,*,#4570,.T.);
#5886=ORIENTED_EDGE('',*,*,#4577,.T.);
#5887=ORIENTED_EDGE('',*,*,#4575,.F.);
#5888=ORIENTED_EDGE('',*,*,#4577,.F.);
#5889=ORIENTED_EDGE('',*,*,#4569,.F.);
#5890=ORIENTED_EDGE('',*,*,#4572,.F.);
#5891=ORIENTED_EDGE('',*,*,#4574,.F.);
#5892=ORIENTED_EDGE('',*,*,#4576,.F.);
#5893=ORIENTED_EDGE('',*,*,#4195,.F.);
#5894=ORIENTED_EDGE('',*,*,#4578,.T.);
#5895=ORIENTED_EDGE('',*,*,#4579,.T.);
#5896=ORIENTED_EDGE('',*,*,#4580,.F.);
#5897=ORIENTED_EDGE('',*,*,#4199,.F.);
#5898=ORIENTED_EDGE('',*,*,#4581,.T.);
#5899=ORIENTED_EDGE('',*,*,#4582,.T.);
#5900=ORIENTED_EDGE('',*,*,#4578,.F.);
#5901=ORIENTED_EDGE('',*,*,#4198,.F.);
#5902=ORIENTED_EDGE('',*,*,#4583,.T.);
#5903=ORIENTED_EDGE('',*,*,#4584,.T.);
#5904=ORIENTED_EDGE('',*,*,#4581,.F.);
#5905=ORIENTED_EDGE('',*,*,#4197,.F.);
#5906=ORIENTED_EDGE('',*,*,#4585,.T.);
#5907=ORIENTED_EDGE('',*,*,#4586,.T.);
#5908=ORIENTED_EDGE('',*,*,#4583,.F.);
#5909=ORIENTED_EDGE('',*,*,#4196,.F.);
#5910=ORIENTED_EDGE('',*,*,#4580,.T.);
#5911=ORIENTED_EDGE('',*,*,#4587,.T.);
#5912=ORIENTED_EDGE('',*,*,#4585,.F.);
#5913=ORIENTED_EDGE('',*,*,#4587,.F.);
#5914=ORIENTED_EDGE('',*,*,#4579,.F.);
#5915=ORIENTED_EDGE('',*,*,#4582,.F.);
#5916=ORIENTED_EDGE('',*,*,#4584,.F.);
#5917=ORIENTED_EDGE('',*,*,#4586,.F.);
#5918=ORIENTED_EDGE('',*,*,#4588,.F.);
#5919=ORIENTED_EDGE('',*,*,#4589,.T.);
#5920=ORIENTED_EDGE('',*,*,#4590,.T.);
#5921=ORIENTED_EDGE('',*,*,#4591,.F.);
#5922=ORIENTED_EDGE('',*,*,#4592,.F.);
#5923=ORIENTED_EDGE('',*,*,#4593,.T.);
#5924=ORIENTED_EDGE('',*,*,#4594,.T.);
#5925=ORIENTED_EDGE('',*,*,#4589,.F.);
#5926=ORIENTED_EDGE('',*,*,#4595,.F.);
#5927=ORIENTED_EDGE('',*,*,#4596,.T.);
#5928=ORIENTED_EDGE('',*,*,#4597,.T.);
#5929=ORIENTED_EDGE('',*,*,#4593,.F.);
#5930=ORIENTED_EDGE('',*,*,#4598,.F.);
#5931=ORIENTED_EDGE('',*,*,#4591,.T.);
#5932=ORIENTED_EDGE('',*,*,#4599,.T.);
#5933=ORIENTED_EDGE('',*,*,#4596,.F.);
#5934=ORIENTED_EDGE('',*,*,#4200,.F.);
#5935=ORIENTED_EDGE('',*,*,#4600,.T.);
#5936=ORIENTED_EDGE('',*,*,#4601,.T.);
#5937=ORIENTED_EDGE('',*,*,#4602,.F.);
#5938=ORIENTED_EDGE('',*,*,#4203,.F.);
#5939=ORIENTED_EDGE('',*,*,#4603,.T.);
#5940=ORIENTED_EDGE('',*,*,#4604,.T.);
#5941=ORIENTED_EDGE('',*,*,#4600,.F.);
#5942=ORIENTED_EDGE('',*,*,#4202,.F.);
#5943=ORIENTED_EDGE('',*,*,#4605,.T.);
#5944=ORIENTED_EDGE('',*,*,#4606,.T.);
#5945=ORIENTED_EDGE('',*,*,#4603,.F.);
#5946=ORIENTED_EDGE('',*,*,#4201,.F.);
#5947=ORIENTED_EDGE('',*,*,#4602,.T.);
#5948=ORIENTED_EDGE('',*,*,#4607,.T.);
#5949=ORIENTED_EDGE('',*,*,#4605,.F.);
#5950=ORIENTED_EDGE('',*,*,#4607,.F.);
#5951=ORIENTED_EDGE('',*,*,#4601,.F.);
#5952=ORIENTED_EDGE('',*,*,#4604,.F.);
#5953=ORIENTED_EDGE('',*,*,#4606,.F.);
#5954=ORIENTED_EDGE('',*,*,#4599,.F.);
#5955=ORIENTED_EDGE('',*,*,#4590,.F.);
#5956=ORIENTED_EDGE('',*,*,#4594,.F.);
#5957=ORIENTED_EDGE('',*,*,#4597,.F.);
#5958=ORIENTED_EDGE('',*,*,#4204,.F.);
#5959=ORIENTED_EDGE('',*,*,#4608,.T.);
#5960=ORIENTED_EDGE('',*,*,#4609,.T.);
#5961=ORIENTED_EDGE('',*,*,#4610,.F.);
#5962=ORIENTED_EDGE('',*,*,#4212,.F.);
#5963=ORIENTED_EDGE('',*,*,#4611,.T.);
#5964=ORIENTED_EDGE('',*,*,#4612,.T.);
#5965=ORIENTED_EDGE('',*,*,#4608,.F.);
#5966=ORIENTED_EDGE('',*,*,#4211,.F.);
#5967=ORIENTED_EDGE('',*,*,#4613,.T.);
#5968=ORIENTED_EDGE('',*,*,#4614,.T.);
#5969=ORIENTED_EDGE('',*,*,#4611,.F.);
#5970=ORIENTED_EDGE('',*,*,#4210,.F.);
#5971=ORIENTED_EDGE('',*,*,#4615,.T.);
#5972=ORIENTED_EDGE('',*,*,#4616,.T.);
#5973=ORIENTED_EDGE('',*,*,#4613,.F.);
#5974=ORIENTED_EDGE('',*,*,#4209,.F.);
#5975=ORIENTED_EDGE('',*,*,#4617,.T.);
#5976=ORIENTED_EDGE('',*,*,#4618,.T.);
#5977=ORIENTED_EDGE('',*,*,#4615,.F.);
#5978=ORIENTED_EDGE('',*,*,#4208,.F.);
#5979=ORIENTED_EDGE('',*,*,#4619,.T.);
#5980=ORIENTED_EDGE('',*,*,#4620,.T.);
#5981=ORIENTED_EDGE('',*,*,#4617,.F.);
#5982=ORIENTED_EDGE('',*,*,#4207,.F.);
#5983=ORIENTED_EDGE('',*,*,#4621,.T.);
#5984=ORIENTED_EDGE('',*,*,#4622,.T.);
#5985=ORIENTED_EDGE('',*,*,#4619,.F.);
#5986=ORIENTED_EDGE('',*,*,#4206,.F.);
#5987=ORIENTED_EDGE('',*,*,#4623,.T.);
#5988=ORIENTED_EDGE('',*,*,#4624,.T.);
#5989=ORIENTED_EDGE('',*,*,#4621,.F.);
#5990=ORIENTED_EDGE('',*,*,#4205,.F.);
#5991=ORIENTED_EDGE('',*,*,#4610,.T.);
#5992=ORIENTED_EDGE('',*,*,#4625,.T.);
#5993=ORIENTED_EDGE('',*,*,#4623,.F.);
#5994=ORIENTED_EDGE('',*,*,#4625,.F.);
#5995=ORIENTED_EDGE('',*,*,#4609,.F.);
#5996=ORIENTED_EDGE('',*,*,#4612,.F.);
#5997=ORIENTED_EDGE('',*,*,#4614,.F.);
#5998=ORIENTED_EDGE('',*,*,#4616,.F.);
#5999=ORIENTED_EDGE('',*,*,#4618,.F.);
#6000=ORIENTED_EDGE('',*,*,#4620,.F.);
#6001=ORIENTED_EDGE('',*,*,#4622,.F.);
#6002=ORIENTED_EDGE('',*,*,#4624,.F.);
#6003=ORIENTED_EDGE('',*,*,#4213,.F.);
#6004=ORIENTED_EDGE('',*,*,#4626,.T.);
#6005=ORIENTED_EDGE('',*,*,#4627,.T.);
#6006=ORIENTED_EDGE('',*,*,#4628,.F.);
#6007=ORIENTED_EDGE('',*,*,#4217,.F.);
#6008=ORIENTED_EDGE('',*,*,#4629,.T.);
#6009=ORIENTED_EDGE('',*,*,#4630,.T.);
#6010=ORIENTED_EDGE('',*,*,#4626,.F.);
#6011=ORIENTED_EDGE('',*,*,#4216,.F.);
#6012=ORIENTED_EDGE('',*,*,#4631,.T.);
#6013=ORIENTED_EDGE('',*,*,#4632,.T.);
#6014=ORIENTED_EDGE('',*,*,#4629,.F.);
#6015=ORIENTED_EDGE('',*,*,#4215,.F.);
#6016=ORIENTED_EDGE('',*,*,#4633,.T.);
#6017=ORIENTED_EDGE('',*,*,#4634,.T.);
#6018=ORIENTED_EDGE('',*,*,#4631,.F.);
#6019=ORIENTED_EDGE('',*,*,#4214,.F.);
#6020=ORIENTED_EDGE('',*,*,#4628,.T.);
#6021=ORIENTED_EDGE('',*,*,#4635,.T.);
#6022=ORIENTED_EDGE('',*,*,#4633,.F.);
#6023=ORIENTED_EDGE('',*,*,#4635,.F.);
#6024=ORIENTED_EDGE('',*,*,#4627,.F.);
#6025=ORIENTED_EDGE('',*,*,#4630,.F.);
#6026=ORIENTED_EDGE('',*,*,#4632,.F.);
#6027=ORIENTED_EDGE('',*,*,#4634,.F.);
#6028=ORIENTED_EDGE('',*,*,#4218,.F.);
#6029=ORIENTED_EDGE('',*,*,#4636,.T.);
#6030=ORIENTED_EDGE('',*,*,#4637,.T.);
#6031=ORIENTED_EDGE('',*,*,#4638,.F.);
#6032=ORIENTED_EDGE('',*,*,#4226,.F.);
#6033=ORIENTED_EDGE('',*,*,#4639,.T.);
#6034=ORIENTED_EDGE('',*,*,#4640,.T.);
#6035=ORIENTED_EDGE('',*,*,#4636,.F.);
#6036=ORIENTED_EDGE('',*,*,#4225,.F.);
#6037=ORIENTED_EDGE('',*,*,#4641,.T.);
#6038=ORIENTED_EDGE('',*,*,#4642,.T.);
#6039=ORIENTED_EDGE('',*,*,#4639,.F.);
#6040=ORIENTED_EDGE('',*,*,#4224,.F.);
#6041=ORIENTED_EDGE('',*,*,#4643,.T.);
#6042=ORIENTED_EDGE('',*,*,#4644,.T.);
#6043=ORIENTED_EDGE('',*,*,#4641,.F.);
#6044=ORIENTED_EDGE('',*,*,#4223,.F.);
#6045=ORIENTED_EDGE('',*,*,#4645,.T.);
#6046=ORIENTED_EDGE('',*,*,#4646,.T.);
#6047=ORIENTED_EDGE('',*,*,#4643,.F.);
#6048=ORIENTED_EDGE('',*,*,#4222,.F.);
#6049=ORIENTED_EDGE('',*,*,#4647,.T.);
#6050=ORIENTED_EDGE('',*,*,#4648,.T.);
#6051=ORIENTED_EDGE('',*,*,#4645,.F.);
#6052=ORIENTED_EDGE('',*,*,#4221,.F.);
#6053=ORIENTED_EDGE('',*,*,#4649,.T.);
#6054=ORIENTED_EDGE('',*,*,#4650,.T.);
#6055=ORIENTED_EDGE('',*,*,#4647,.F.);
#6056=ORIENTED_EDGE('',*,*,#4220,.F.);
#6057=ORIENTED_EDGE('',*,*,#4651,.T.);
#6058=ORIENTED_EDGE('',*,*,#4652,.T.);
#6059=ORIENTED_EDGE('',*,*,#4649,.F.);
#6060=ORIENTED_EDGE('',*,*,#4219,.F.);
#6061=ORIENTED_EDGE('',*,*,#4638,.T.);
#6062=ORIENTED_EDGE('',*,*,#4653,.T.);
#6063=ORIENTED_EDGE('',*,*,#4651,.F.);
#6064=ORIENTED_EDGE('',*,*,#4653,.F.);
#6065=ORIENTED_EDGE('',*,*,#4637,.F.);
#6066=ORIENTED_EDGE('',*,*,#4640,.F.);
#6067=ORIENTED_EDGE('',*,*,#4642,.F.);
#6068=ORIENTED_EDGE('',*,*,#4644,.F.);
#6069=ORIENTED_EDGE('',*,*,#4646,.F.);
#6070=ORIENTED_EDGE('',*,*,#4648,.F.);
#6071=ORIENTED_EDGE('',*,*,#4650,.F.);
#6072=ORIENTED_EDGE('',*,*,#4652,.F.);
#6073=ORIENTED_EDGE('',*,*,#4227,.F.);
#6074=ORIENTED_EDGE('',*,*,#4654,.T.);
#6075=ORIENTED_EDGE('',*,*,#4655,.T.);
#6076=ORIENTED_EDGE('',*,*,#4656,.F.);
#6077=ORIENTED_EDGE('',*,*,#4250,.F.);
#6078=ORIENTED_EDGE('',*,*,#4657,.T.);
#6079=ORIENTED_EDGE('',*,*,#4658,.T.);
#6080=ORIENTED_EDGE('',*,*,#4654,.F.);
#6081=ORIENTED_EDGE('',*,*,#4249,.F.);
#6082=ORIENTED_EDGE('',*,*,#4659,.T.);
#6083=ORIENTED_EDGE('',*,*,#4660,.T.);
#6084=ORIENTED_EDGE('',*,*,#4657,.F.);
#6085=ORIENTED_EDGE('',*,*,#4248,.F.);
#6086=ORIENTED_EDGE('',*,*,#4661,.T.);
#6087=ORIENTED_EDGE('',*,*,#4662,.T.);
#6088=ORIENTED_EDGE('',*,*,#4659,.F.);
#6089=ORIENTED_EDGE('',*,*,#4247,.F.);
#6090=ORIENTED_EDGE('',*,*,#4663,.T.);
#6091=ORIENTED_EDGE('',*,*,#4664,.T.);
#6092=ORIENTED_EDGE('',*,*,#4661,.F.);
#6093=ORIENTED_EDGE('',*,*,#4246,.F.);
#6094=ORIENTED_EDGE('',*,*,#4665,.T.);
#6095=ORIENTED_EDGE('',*,*,#4666,.T.);
#6096=ORIENTED_EDGE('',*,*,#4663,.F.);
#6097=ORIENTED_EDGE('',*,*,#4245,.F.);
#6098=ORIENTED_EDGE('',*,*,#4667,.T.);
#6099=ORIENTED_EDGE('',*,*,#4668,.T.);
#6100=ORIENTED_EDGE('',*,*,#4665,.F.);
#6101=ORIENTED_EDGE('',*,*,#4244,.F.);
#6102=ORIENTED_EDGE('',*,*,#4669,.T.);
#6103=ORIENTED_EDGE('',*,*,#4670,.T.);
#6104=ORIENTED_EDGE('',*,*,#4667,.F.);
#6105=ORIENTED_EDGE('',*,*,#4243,.F.);
#6106=ORIENTED_EDGE('',*,*,#4671,.T.);
#6107=ORIENTED_EDGE('',*,*,#4672,.T.);
#6108=ORIENTED_EDGE('',*,*,#4669,.F.);
#6109=ORIENTED_EDGE('',*,*,#4242,.F.);
#6110=ORIENTED_EDGE('',*,*,#4673,.T.);
#6111=ORIENTED_EDGE('',*,*,#4674,.T.);
#6112=ORIENTED_EDGE('',*,*,#4671,.F.);
#6113=ORIENTED_EDGE('',*,*,#4241,.F.);
#6114=ORIENTED_EDGE('',*,*,#4675,.T.);
#6115=ORIENTED_EDGE('',*,*,#4676,.T.);
#6116=ORIENTED_EDGE('',*,*,#4673,.F.);
#6117=ORIENTED_EDGE('',*,*,#4240,.F.);
#6118=ORIENTED_EDGE('',*,*,#4677,.T.);
#6119=ORIENTED_EDGE('',*,*,#4678,.T.);
#6120=ORIENTED_EDGE('',*,*,#4675,.F.);
#6121=ORIENTED_EDGE('',*,*,#4239,.F.);
#6122=ORIENTED_EDGE('',*,*,#4679,.T.);
#6123=ORIENTED_EDGE('',*,*,#4680,.T.);
#6124=ORIENTED_EDGE('',*,*,#4677,.F.);
#6125=ORIENTED_EDGE('',*,*,#4238,.F.);
#6126=ORIENTED_EDGE('',*,*,#4681,.T.);
#6127=ORIENTED_EDGE('',*,*,#4682,.T.);
#6128=ORIENTED_EDGE('',*,*,#4679,.F.);
#6129=ORIENTED_EDGE('',*,*,#4237,.F.);
#6130=ORIENTED_EDGE('',*,*,#4683,.T.);
#6131=ORIENTED_EDGE('',*,*,#4684,.T.);
#6132=ORIENTED_EDGE('',*,*,#4681,.F.);
#6133=ORIENTED_EDGE('',*,*,#4236,.F.);
#6134=ORIENTED_EDGE('',*,*,#4685,.T.);
#6135=ORIENTED_EDGE('',*,*,#4686,.T.);
#6136=ORIENTED_EDGE('',*,*,#4683,.F.);
#6137=ORIENTED_EDGE('',*,*,#4235,.F.);
#6138=ORIENTED_EDGE('',*,*,#4687,.T.);
#6139=ORIENTED_EDGE('',*,*,#4688,.T.);
#6140=ORIENTED_EDGE('',*,*,#4685,.F.);
#6141=ORIENTED_EDGE('',*,*,#4234,.F.);
#6142=ORIENTED_EDGE('',*,*,#4689,.T.);
#6143=ORIENTED_EDGE('',*,*,#4690,.T.);
#6144=ORIENTED_EDGE('',*,*,#4687,.F.);
#6145=ORIENTED_EDGE('',*,*,#4233,.F.);
#6146=ORIENTED_EDGE('',*,*,#4691,.T.);
#6147=ORIENTED_EDGE('',*,*,#4692,.T.);
#6148=ORIENTED_EDGE('',*,*,#4689,.F.);
#6149=ORIENTED_EDGE('',*,*,#4232,.F.);
#6150=ORIENTED_EDGE('',*,*,#4693,.T.);
#6151=ORIENTED_EDGE('',*,*,#4694,.T.);
#6152=ORIENTED_EDGE('',*,*,#4691,.F.);
#6153=ORIENTED_EDGE('',*,*,#4231,.F.);
#6154=ORIENTED_EDGE('',*,*,#4695,.T.);
#6155=ORIENTED_EDGE('',*,*,#4696,.T.);
#6156=ORIENTED_EDGE('',*,*,#4693,.F.);
#6157=ORIENTED_EDGE('',*,*,#4230,.F.);
#6158=ORIENTED_EDGE('',*,*,#4697,.T.);
#6159=ORIENTED_EDGE('',*,*,#4698,.T.);
#6160=ORIENTED_EDGE('',*,*,#4695,.F.);
#6161=ORIENTED_EDGE('',*,*,#4229,.F.);
#6162=ORIENTED_EDGE('',*,*,#4699,.T.);
#6163=ORIENTED_EDGE('',*,*,#4700,.T.);
#6164=ORIENTED_EDGE('',*,*,#4697,.F.);
#6165=ORIENTED_EDGE('',*,*,#4228,.F.);
#6166=ORIENTED_EDGE('',*,*,#4656,.T.);
#6167=ORIENTED_EDGE('',*,*,#4701,.T.);
#6168=ORIENTED_EDGE('',*,*,#4699,.F.);
#6169=ORIENTED_EDGE('',*,*,#4701,.F.);
#6170=ORIENTED_EDGE('',*,*,#4655,.F.);
#6171=ORIENTED_EDGE('',*,*,#4658,.F.);
#6172=ORIENTED_EDGE('',*,*,#4660,.F.);
#6173=ORIENTED_EDGE('',*,*,#4662,.F.);
#6174=ORIENTED_EDGE('',*,*,#4664,.F.);
#6175=ORIENTED_EDGE('',*,*,#4666,.F.);
#6176=ORIENTED_EDGE('',*,*,#4668,.F.);
#6177=ORIENTED_EDGE('',*,*,#4670,.F.);
#6178=ORIENTED_EDGE('',*,*,#4672,.F.);
#6179=ORIENTED_EDGE('',*,*,#4674,.F.);
#6180=ORIENTED_EDGE('',*,*,#4676,.F.);
#6181=ORIENTED_EDGE('',*,*,#4678,.F.);
#6182=ORIENTED_EDGE('',*,*,#4680,.F.);
#6183=ORIENTED_EDGE('',*,*,#4682,.F.);
#6184=ORIENTED_EDGE('',*,*,#4684,.F.);
#6185=ORIENTED_EDGE('',*,*,#4686,.F.);
#6186=ORIENTED_EDGE('',*,*,#4688,.F.);
#6187=ORIENTED_EDGE('',*,*,#4690,.F.);
#6188=ORIENTED_EDGE('',*,*,#4692,.F.);
#6189=ORIENTED_EDGE('',*,*,#4694,.F.);
#6190=ORIENTED_EDGE('',*,*,#4696,.F.);
#6191=ORIENTED_EDGE('',*,*,#4698,.F.);
#6192=ORIENTED_EDGE('',*,*,#4700,.F.);
#6193=ORIENTED_EDGE('',*,*,#4251,.F.);
#6194=ORIENTED_EDGE('',*,*,#4702,.T.);
#6195=ORIENTED_EDGE('',*,*,#4703,.T.);
#6196=ORIENTED_EDGE('',*,*,#4704,.F.);
#6197=ORIENTED_EDGE('',*,*,#4261,.F.);
#6198=ORIENTED_EDGE('',*,*,#4705,.T.);
#6199=ORIENTED_EDGE('',*,*,#4706,.T.);
#6200=ORIENTED_EDGE('',*,*,#4702,.F.);
#6201=ORIENTED_EDGE('',*,*,#4260,.F.);
#6202=ORIENTED_EDGE('',*,*,#4707,.T.);
#6203=ORIENTED_EDGE('',*,*,#4708,.T.);
#6204=ORIENTED_EDGE('',*,*,#4705,.F.);
#6205=ORIENTED_EDGE('',*,*,#4259,.F.);
#6206=ORIENTED_EDGE('',*,*,#4709,.T.);
#6207=ORIENTED_EDGE('',*,*,#4710,.T.);
#6208=ORIENTED_EDGE('',*,*,#4707,.F.);
#6209=ORIENTED_EDGE('',*,*,#4258,.F.);
#6210=ORIENTED_EDGE('',*,*,#4711,.T.);
#6211=ORIENTED_EDGE('',*,*,#4712,.T.);
#6212=ORIENTED_EDGE('',*,*,#4709,.F.);
#6213=ORIENTED_EDGE('',*,*,#4257,.F.);
#6214=ORIENTED_EDGE('',*,*,#4713,.T.);
#6215=ORIENTED_EDGE('',*,*,#4714,.T.);
#6216=ORIENTED_EDGE('',*,*,#4711,.F.);
#6217=ORIENTED_EDGE('',*,*,#4256,.F.);
#6218=ORIENTED_EDGE('',*,*,#4715,.T.);
#6219=ORIENTED_EDGE('',*,*,#4716,.T.);
#6220=ORIENTED_EDGE('',*,*,#4713,.F.);
#6221=ORIENTED_EDGE('',*,*,#4255,.F.);
#6222=ORIENTED_EDGE('',*,*,#4717,.T.);
#6223=ORIENTED_EDGE('',*,*,#4718,.T.);
#6224=ORIENTED_EDGE('',*,*,#4715,.F.);
#6225=ORIENTED_EDGE('',*,*,#4254,.F.);
#6226=ORIENTED_EDGE('',*,*,#4719,.T.);
#6227=ORIENTED_EDGE('',*,*,#4720,.T.);
#6228=ORIENTED_EDGE('',*,*,#4717,.F.);
#6229=ORIENTED_EDGE('',*,*,#4253,.F.);
#6230=ORIENTED_EDGE('',*,*,#4721,.T.);
#6231=ORIENTED_EDGE('',*,*,#4722,.T.);
#6232=ORIENTED_EDGE('',*,*,#4719,.F.);
#6233=ORIENTED_EDGE('',*,*,#4252,.F.);
#6234=ORIENTED_EDGE('',*,*,#4704,.T.);
#6235=ORIENTED_EDGE('',*,*,#4723,.T.);
#6236=ORIENTED_EDGE('',*,*,#4721,.F.);
#6237=ORIENTED_EDGE('',*,*,#4723,.F.);
#6238=ORIENTED_EDGE('',*,*,#4703,.F.);
#6239=ORIENTED_EDGE('',*,*,#4706,.F.);
#6240=ORIENTED_EDGE('',*,*,#4708,.F.);
#6241=ORIENTED_EDGE('',*,*,#4710,.F.);
#6242=ORIENTED_EDGE('',*,*,#4712,.F.);
#6243=ORIENTED_EDGE('',*,*,#4714,.F.);
#6244=ORIENTED_EDGE('',*,*,#4716,.F.);
#6245=ORIENTED_EDGE('',*,*,#4718,.F.);
#6246=ORIENTED_EDGE('',*,*,#4720,.F.);
#6247=ORIENTED_EDGE('',*,*,#4722,.F.);
#6248=ORIENTED_EDGE('',*,*,#4524,.T.);
#6249=ORIENTED_EDGE('',*,*,#4530,.T.);
#6250=ORIENTED_EDGE('',*,*,#4527,.T.);
#6251=ORIENTED_EDGE('',*,*,#4262,.F.);
#6252=ORIENTED_EDGE('',*,*,#4724,.T.);
#6253=ORIENTED_EDGE('',*,*,#4725,.T.);
#6254=ORIENTED_EDGE('',*,*,#4726,.F.);
#6255=ORIENTED_EDGE('',*,*,#4271,.F.);
#6256=ORIENTED_EDGE('',*,*,#4727,.T.);
#6257=ORIENTED_EDGE('',*,*,#4728,.T.);
#6258=ORIENTED_EDGE('',*,*,#4724,.F.);
#6259=ORIENTED_EDGE('',*,*,#4270,.F.);
#6260=ORIENTED_EDGE('',*,*,#4729,.T.);
#6261=ORIENTED_EDGE('',*,*,#4730,.T.);
#6262=ORIENTED_EDGE('',*,*,#4727,.F.);
#6263=ORIENTED_EDGE('',*,*,#4269,.F.);
#6264=ORIENTED_EDGE('',*,*,#4731,.T.);
#6265=ORIENTED_EDGE('',*,*,#4732,.T.);
#6266=ORIENTED_EDGE('',*,*,#4729,.F.);
#6267=ORIENTED_EDGE('',*,*,#4268,.F.);
#6268=ORIENTED_EDGE('',*,*,#4733,.T.);
#6269=ORIENTED_EDGE('',*,*,#4734,.T.);
#6270=ORIENTED_EDGE('',*,*,#4731,.F.);
#6271=ORIENTED_EDGE('',*,*,#4267,.F.);
#6272=ORIENTED_EDGE('',*,*,#4735,.T.);
#6273=ORIENTED_EDGE('',*,*,#4736,.T.);
#6274=ORIENTED_EDGE('',*,*,#4733,.F.);
#6275=ORIENTED_EDGE('',*,*,#4266,.F.);
#6276=ORIENTED_EDGE('',*,*,#4737,.T.);
#6277=ORIENTED_EDGE('',*,*,#4738,.T.);
#6278=ORIENTED_EDGE('',*,*,#4735,.F.);
#6279=ORIENTED_EDGE('',*,*,#4265,.F.);
#6280=ORIENTED_EDGE('',*,*,#4739,.T.);
#6281=ORIENTED_EDGE('',*,*,#4740,.T.);
#6282=ORIENTED_EDGE('',*,*,#4737,.F.);
#6283=ORIENTED_EDGE('',*,*,#4264,.F.);
#6284=ORIENTED_EDGE('',*,*,#4741,.T.);
#6285=ORIENTED_EDGE('',*,*,#4742,.T.);
#6286=ORIENTED_EDGE('',*,*,#4739,.F.);
#6287=ORIENTED_EDGE('',*,*,#4263,.F.);
#6288=ORIENTED_EDGE('',*,*,#4726,.T.);
#6289=ORIENTED_EDGE('',*,*,#4743,.T.);
#6290=ORIENTED_EDGE('',*,*,#4741,.F.);
#6291=ORIENTED_EDGE('',*,*,#4743,.F.);
#6292=ORIENTED_EDGE('',*,*,#4725,.F.);
#6293=ORIENTED_EDGE('',*,*,#4728,.F.);
#6294=ORIENTED_EDGE('',*,*,#4730,.F.);
#6295=ORIENTED_EDGE('',*,*,#4732,.F.);
#6296=ORIENTED_EDGE('',*,*,#4734,.F.);
#6297=ORIENTED_EDGE('',*,*,#4736,.F.);
#6298=ORIENTED_EDGE('',*,*,#4738,.F.);
#6299=ORIENTED_EDGE('',*,*,#4740,.F.);
#6300=ORIENTED_EDGE('',*,*,#4742,.F.);
#6301=ORIENTED_EDGE('',*,*,#4272,.F.);
#6302=ORIENTED_EDGE('',*,*,#4744,.T.);
#6303=ORIENTED_EDGE('',*,*,#4745,.T.);
#6304=ORIENTED_EDGE('',*,*,#4746,.F.);
#6305=ORIENTED_EDGE('',*,*,#4282,.F.);
#6306=ORIENTED_EDGE('',*,*,#4747,.T.);
#6307=ORIENTED_EDGE('',*,*,#4748,.T.);
#6308=ORIENTED_EDGE('',*,*,#4744,.F.);
#6309=ORIENTED_EDGE('',*,*,#4281,.F.);
#6310=ORIENTED_EDGE('',*,*,#4749,.T.);
#6311=ORIENTED_EDGE('',*,*,#4750,.T.);
#6312=ORIENTED_EDGE('',*,*,#4747,.F.);
#6313=ORIENTED_EDGE('',*,*,#4280,.F.);
#6314=ORIENTED_EDGE('',*,*,#4751,.T.);
#6315=ORIENTED_EDGE('',*,*,#4752,.T.);
#6316=ORIENTED_EDGE('',*,*,#4749,.F.);
#6317=ORIENTED_EDGE('',*,*,#4279,.F.);
#6318=ORIENTED_EDGE('',*,*,#4753,.T.);
#6319=ORIENTED_EDGE('',*,*,#4754,.T.);
#6320=ORIENTED_EDGE('',*,*,#4751,.F.);
#6321=ORIENTED_EDGE('',*,*,#4278,.F.);
#6322=ORIENTED_EDGE('',*,*,#4755,.T.);
#6323=ORIENTED_EDGE('',*,*,#4756,.T.);
#6324=ORIENTED_EDGE('',*,*,#4753,.F.);
#6325=ORIENTED_EDGE('',*,*,#4277,.F.);
#6326=ORIENTED_EDGE('',*,*,#4757,.T.);
#6327=ORIENTED_EDGE('',*,*,#4758,.T.);
#6328=ORIENTED_EDGE('',*,*,#4755,.F.);
#6329=ORIENTED_EDGE('',*,*,#4276,.F.);
#6330=ORIENTED_EDGE('',*,*,#4759,.T.);
#6331=ORIENTED_EDGE('',*,*,#4760,.T.);
#6332=ORIENTED_EDGE('',*,*,#4757,.F.);
#6333=ORIENTED_EDGE('',*,*,#4275,.F.);
#6334=ORIENTED_EDGE('',*,*,#4761,.T.);
#6335=ORIENTED_EDGE('',*,*,#4762,.T.);
#6336=ORIENTED_EDGE('',*,*,#4759,.F.);
#6337=ORIENTED_EDGE('',*,*,#4274,.F.);
#6338=ORIENTED_EDGE('',*,*,#4763,.T.);
#6339=ORIENTED_EDGE('',*,*,#4764,.T.);
#6340=ORIENTED_EDGE('',*,*,#4761,.F.);
#6341=ORIENTED_EDGE('',*,*,#4273,.F.);
#6342=ORIENTED_EDGE('',*,*,#4746,.T.);
#6343=ORIENTED_EDGE('',*,*,#4765,.T.);
#6344=ORIENTED_EDGE('',*,*,#4763,.F.);
#6345=ORIENTED_EDGE('',*,*,#4765,.F.);
#6346=ORIENTED_EDGE('',*,*,#4745,.F.);
#6347=ORIENTED_EDGE('',*,*,#4748,.F.);
#6348=ORIENTED_EDGE('',*,*,#4750,.F.);
#6349=ORIENTED_EDGE('',*,*,#4752,.F.);
#6350=ORIENTED_EDGE('',*,*,#4754,.F.);
#6351=ORIENTED_EDGE('',*,*,#4756,.F.);
#6352=ORIENTED_EDGE('',*,*,#4758,.F.);
#6353=ORIENTED_EDGE('',*,*,#4760,.F.);
#6354=ORIENTED_EDGE('',*,*,#4762,.F.);
#6355=ORIENTED_EDGE('',*,*,#4764,.F.);
#6356=ORIENTED_EDGE('',*,*,#4283,.F.);
#6357=ORIENTED_EDGE('',*,*,#4766,.T.);
#6358=ORIENTED_EDGE('',*,*,#4767,.T.);
#6359=ORIENTED_EDGE('',*,*,#4768,.F.);
#6360=ORIENTED_EDGE('',*,*,#4287,.F.);
#6361=ORIENTED_EDGE('',*,*,#4769,.T.);
#6362=ORIENTED_EDGE('',*,*,#4770,.T.);
#6363=ORIENTED_EDGE('',*,*,#4766,.F.);
#6364=ORIENTED_EDGE('',*,*,#4286,.F.);
#6365=ORIENTED_EDGE('',*,*,#4771,.T.);
#6366=ORIENTED_EDGE('',*,*,#4772,.T.);
#6367=ORIENTED_EDGE('',*,*,#4769,.F.);
#6368=ORIENTED_EDGE('',*,*,#4285,.F.);
#6369=ORIENTED_EDGE('',*,*,#4773,.T.);
#6370=ORIENTED_EDGE('',*,*,#4774,.T.);
#6371=ORIENTED_EDGE('',*,*,#4771,.F.);
#6372=ORIENTED_EDGE('',*,*,#4284,.F.);
#6373=ORIENTED_EDGE('',*,*,#4768,.T.);
#6374=ORIENTED_EDGE('',*,*,#4775,.T.);
#6375=ORIENTED_EDGE('',*,*,#4773,.F.);
#6376=ORIENTED_EDGE('',*,*,#4775,.F.);
#6377=ORIENTED_EDGE('',*,*,#4767,.F.);
#6378=ORIENTED_EDGE('',*,*,#4770,.F.);
#6379=ORIENTED_EDGE('',*,*,#4772,.F.);
#6380=ORIENTED_EDGE('',*,*,#4774,.F.);
#6381=ORIENTED_EDGE('',*,*,#4288,.F.);
#6382=ORIENTED_EDGE('',*,*,#4776,.T.);
#6383=ORIENTED_EDGE('',*,*,#4777,.T.);
#6384=ORIENTED_EDGE('',*,*,#4778,.F.);
#6385=ORIENTED_EDGE('',*,*,#4291,.F.);
#6386=ORIENTED_EDGE('',*,*,#4779,.T.);
#6387=ORIENTED_EDGE('',*,*,#4780,.T.);
#6388=ORIENTED_EDGE('',*,*,#4776,.F.);
#6389=ORIENTED_EDGE('',*,*,#4290,.F.);
#6390=ORIENTED_EDGE('',*,*,#4781,.T.);
#6391=ORIENTED_EDGE('',*,*,#4782,.T.);
#6392=ORIENTED_EDGE('',*,*,#4779,.F.);
#6393=ORIENTED_EDGE('',*,*,#4289,.F.);
#6394=ORIENTED_EDGE('',*,*,#4778,.T.);
#6395=ORIENTED_EDGE('',*,*,#4783,.T.);
#6396=ORIENTED_EDGE('',*,*,#4781,.F.);
#6397=ORIENTED_EDGE('',*,*,#4783,.F.);
#6398=ORIENTED_EDGE('',*,*,#4777,.F.);
#6399=ORIENTED_EDGE('',*,*,#4780,.F.);
#6400=ORIENTED_EDGE('',*,*,#4782,.F.);
#6401=ORIENTED_EDGE('',*,*,#4292,.F.);
#6402=ORIENTED_EDGE('',*,*,#4784,.T.);
#6403=ORIENTED_EDGE('',*,*,#4785,.T.);
#6404=ORIENTED_EDGE('',*,*,#4786,.F.);
#6405=ORIENTED_EDGE('',*,*,#4303,.F.);
#6406=ORIENTED_EDGE('',*,*,#4787,.T.);
#6407=ORIENTED_EDGE('',*,*,#4788,.T.);
#6408=ORIENTED_EDGE('',*,*,#4784,.F.);
#6409=ORIENTED_EDGE('',*,*,#4302,.F.);
#6410=ORIENTED_EDGE('',*,*,#4789,.T.);
#6411=ORIENTED_EDGE('',*,*,#4790,.T.);
#6412=ORIENTED_EDGE('',*,*,#4787,.F.);
#6413=ORIENTED_EDGE('',*,*,#4301,.F.);
#6414=ORIENTED_EDGE('',*,*,#4791,.T.);
#6415=ORIENTED_EDGE('',*,*,#4792,.T.);
#6416=ORIENTED_EDGE('',*,*,#4789,.F.);
#6417=ORIENTED_EDGE('',*,*,#4300,.F.);
#6418=ORIENTED_EDGE('',*,*,#4793,.T.);
#6419=ORIENTED_EDGE('',*,*,#4794,.T.);
#6420=ORIENTED_EDGE('',*,*,#4791,.F.);
#6421=ORIENTED_EDGE('',*,*,#4299,.F.);
#6422=ORIENTED_EDGE('',*,*,#4795,.T.);
#6423=ORIENTED_EDGE('',*,*,#4796,.T.);
#6424=ORIENTED_EDGE('',*,*,#4793,.F.);
#6425=ORIENTED_EDGE('',*,*,#4298,.F.);
#6426=ORIENTED_EDGE('',*,*,#4797,.T.);
#6427=ORIENTED_EDGE('',*,*,#4798,.T.);
#6428=ORIENTED_EDGE('',*,*,#4795,.F.);
#6429=ORIENTED_EDGE('',*,*,#4297,.F.);
#6430=ORIENTED_EDGE('',*,*,#4799,.T.);
#6431=ORIENTED_EDGE('',*,*,#4800,.T.);
#6432=ORIENTED_EDGE('',*,*,#4797,.F.);
#6433=ORIENTED_EDGE('',*,*,#4296,.F.);
#6434=ORIENTED_EDGE('',*,*,#4801,.T.);
#6435=ORIENTED_EDGE('',*,*,#4802,.T.);
#6436=ORIENTED_EDGE('',*,*,#4799,.F.);
#6437=ORIENTED_EDGE('',*,*,#4295,.F.);
#6438=ORIENTED_EDGE('',*,*,#4803,.T.);
#6439=ORIENTED_EDGE('',*,*,#4804,.T.);
#6440=ORIENTED_EDGE('',*,*,#4801,.F.);
#6441=ORIENTED_EDGE('',*,*,#4294,.F.);
#6442=ORIENTED_EDGE('',*,*,#4805,.T.);
#6443=ORIENTED_EDGE('',*,*,#4806,.T.);
#6444=ORIENTED_EDGE('',*,*,#4803,.F.);
#6445=ORIENTED_EDGE('',*,*,#4293,.F.);
#6446=ORIENTED_EDGE('',*,*,#4786,.T.);
#6447=ORIENTED_EDGE('',*,*,#4807,.T.);
#6448=ORIENTED_EDGE('',*,*,#4805,.F.);
#6449=ORIENTED_EDGE('',*,*,#4807,.F.);
#6450=ORIENTED_EDGE('',*,*,#4785,.F.);
#6451=ORIENTED_EDGE('',*,*,#4788,.F.);
#6452=ORIENTED_EDGE('',*,*,#4790,.F.);
#6453=ORIENTED_EDGE('',*,*,#4792,.F.);
#6454=ORIENTED_EDGE('',*,*,#4794,.F.);
#6455=ORIENTED_EDGE('',*,*,#4796,.F.);
#6456=ORIENTED_EDGE('',*,*,#4798,.F.);
#6457=ORIENTED_EDGE('',*,*,#4800,.F.);
#6458=ORIENTED_EDGE('',*,*,#4802,.F.);
#6459=ORIENTED_EDGE('',*,*,#4804,.F.);
#6460=ORIENTED_EDGE('',*,*,#4806,.F.);
#6461=ORIENTED_EDGE('',*,*,#4304,.F.);
#6462=ORIENTED_EDGE('',*,*,#4808,.T.);
#6463=ORIENTED_EDGE('',*,*,#4809,.T.);
#6464=ORIENTED_EDGE('',*,*,#4810,.F.);
#6465=ORIENTED_EDGE('',*,*,#4316,.F.);
#6466=ORIENTED_EDGE('',*,*,#4811,.T.);
#6467=ORIENTED_EDGE('',*,*,#4812,.T.);
#6468=ORIENTED_EDGE('',*,*,#4808,.F.);
#6469=ORIENTED_EDGE('',*,*,#4315,.F.);
#6470=ORIENTED_EDGE('',*,*,#4813,.T.);
#6471=ORIENTED_EDGE('',*,*,#4814,.T.);
#6472=ORIENTED_EDGE('',*,*,#4811,.F.);
#6473=ORIENTED_EDGE('',*,*,#4314,.F.);
#6474=ORIENTED_EDGE('',*,*,#4815,.T.);
#6475=ORIENTED_EDGE('',*,*,#4816,.T.);
#6476=ORIENTED_EDGE('',*,*,#4813,.F.);
#6477=ORIENTED_EDGE('',*,*,#4313,.F.);
#6478=ORIENTED_EDGE('',*,*,#4817,.T.);
#6479=ORIENTED_EDGE('',*,*,#4818,.T.);
#6480=ORIENTED_EDGE('',*,*,#4815,.F.);
#6481=ORIENTED_EDGE('',*,*,#4312,.F.);
#6482=ORIENTED_EDGE('',*,*,#4819,.T.);
#6483=ORIENTED_EDGE('',*,*,#4820,.T.);
#6484=ORIENTED_EDGE('',*,*,#4817,.F.);
#6485=ORIENTED_EDGE('',*,*,#4311,.F.);
#6486=ORIENTED_EDGE('',*,*,#4821,.T.);
#6487=ORIENTED_EDGE('',*,*,#4822,.T.);
#6488=ORIENTED_EDGE('',*,*,#4819,.F.);
#6489=ORIENTED_EDGE('',*,*,#4310,.F.);
#6490=ORIENTED_EDGE('',*,*,#4823,.T.);
#6491=ORIENTED_EDGE('',*,*,#4824,.T.);
#6492=ORIENTED_EDGE('',*,*,#4821,.F.);
#6493=ORIENTED_EDGE('',*,*,#4309,.F.);
#6494=ORIENTED_EDGE('',*,*,#4825,.T.);
#6495=ORIENTED_EDGE('',*,*,#4826,.T.);
#6496=ORIENTED_EDGE('',*,*,#4823,.F.);
#6497=ORIENTED_EDGE('',*,*,#4308,.F.);
#6498=ORIENTED_EDGE('',*,*,#4827,.T.);
#6499=ORIENTED_EDGE('',*,*,#4828,.T.);
#6500=ORIENTED_EDGE('',*,*,#4825,.F.);
#6501=ORIENTED_EDGE('',*,*,#4307,.F.);
#6502=ORIENTED_EDGE('',*,*,#4829,.T.);
#6503=ORIENTED_EDGE('',*,*,#4830,.T.);
#6504=ORIENTED_EDGE('',*,*,#4827,.F.);
#6505=ORIENTED_EDGE('',*,*,#4306,.F.);
#6506=ORIENTED_EDGE('',*,*,#4831,.T.);
#6507=ORIENTED_EDGE('',*,*,#4832,.T.);
#6508=ORIENTED_EDGE('',*,*,#4829,.F.);
#6509=ORIENTED_EDGE('',*,*,#4305,.F.);
#6510=ORIENTED_EDGE('',*,*,#4810,.T.);
#6511=ORIENTED_EDGE('',*,*,#4833,.T.);
#6512=ORIENTED_EDGE('',*,*,#4831,.F.);
#6513=ORIENTED_EDGE('',*,*,#4833,.F.);
#6514=ORIENTED_EDGE('',*,*,#4809,.F.);
#6515=ORIENTED_EDGE('',*,*,#4812,.F.);
#6516=ORIENTED_EDGE('',*,*,#4814,.F.);
#6517=ORIENTED_EDGE('',*,*,#4816,.F.);
#6518=ORIENTED_EDGE('',*,*,#4818,.F.);
#6519=ORIENTED_EDGE('',*,*,#4820,.F.);
#6520=ORIENTED_EDGE('',*,*,#4822,.F.);
#6521=ORIENTED_EDGE('',*,*,#4824,.F.);
#6522=ORIENTED_EDGE('',*,*,#4826,.F.);
#6523=ORIENTED_EDGE('',*,*,#4828,.F.);
#6524=ORIENTED_EDGE('',*,*,#4830,.F.);
#6525=ORIENTED_EDGE('',*,*,#4832,.F.);
#6526=ORIENTED_EDGE('',*,*,#4317,.F.);
#6527=ORIENTED_EDGE('',*,*,#4834,.T.);
#6528=ORIENTED_EDGE('',*,*,#4835,.T.);
#6529=ORIENTED_EDGE('',*,*,#4836,.F.);
#6530=ORIENTED_EDGE('',*,*,#4324,.F.);
#6531=ORIENTED_EDGE('',*,*,#4837,.T.);
#6532=ORIENTED_EDGE('',*,*,#4838,.T.);
#6533=ORIENTED_EDGE('',*,*,#4834,.F.);
#6534=ORIENTED_EDGE('',*,*,#4323,.F.);
#6535=ORIENTED_EDGE('',*,*,#4839,.T.);
#6536=ORIENTED_EDGE('',*,*,#4840,.T.);
#6537=ORIENTED_EDGE('',*,*,#4837,.F.);
#6538=ORIENTED_EDGE('',*,*,#4322,.F.);
#6539=ORIENTED_EDGE('',*,*,#4841,.T.);
#6540=ORIENTED_EDGE('',*,*,#4842,.T.);
#6541=ORIENTED_EDGE('',*,*,#4839,.F.);
#6542=ORIENTED_EDGE('',*,*,#4321,.F.);
#6543=ORIENTED_EDGE('',*,*,#4843,.T.);
#6544=ORIENTED_EDGE('',*,*,#4844,.T.);
#6545=ORIENTED_EDGE('',*,*,#4841,.F.);
#6546=ORIENTED_EDGE('',*,*,#4320,.F.);
#6547=ORIENTED_EDGE('',*,*,#4845,.T.);
#6548=ORIENTED_EDGE('',*,*,#4846,.T.);
#6549=ORIENTED_EDGE('',*,*,#4843,.F.);
#6550=ORIENTED_EDGE('',*,*,#4319,.F.);
#6551=ORIENTED_EDGE('',*,*,#4847,.T.);
#6552=ORIENTED_EDGE('',*,*,#4848,.T.);
#6553=ORIENTED_EDGE('',*,*,#4845,.F.);
#6554=ORIENTED_EDGE('',*,*,#4318,.F.);
#6555=ORIENTED_EDGE('',*,*,#4836,.T.);
#6556=ORIENTED_EDGE('',*,*,#4849,.T.);
#6557=ORIENTED_EDGE('',*,*,#4847,.F.);
#6558=ORIENTED_EDGE('',*,*,#4849,.F.);
#6559=ORIENTED_EDGE('',*,*,#4835,.F.);
#6560=ORIENTED_EDGE('',*,*,#4838,.F.);
#6561=ORIENTED_EDGE('',*,*,#4840,.F.);
#6562=ORIENTED_EDGE('',*,*,#4842,.F.);
#6563=ORIENTED_EDGE('',*,*,#4844,.F.);
#6564=ORIENTED_EDGE('',*,*,#4846,.F.);
#6565=ORIENTED_EDGE('',*,*,#4848,.F.);
#6566=ORIENTED_EDGE('',*,*,#4325,.F.);
#6567=ORIENTED_EDGE('',*,*,#4850,.T.);
#6568=ORIENTED_EDGE('',*,*,#4851,.T.);
#6569=ORIENTED_EDGE('',*,*,#4852,.F.);
#6570=ORIENTED_EDGE('',*,*,#4333,.F.);
#6571=ORIENTED_EDGE('',*,*,#4853,.T.);
#6572=ORIENTED_EDGE('',*,*,#4854,.T.);
#6573=ORIENTED_EDGE('',*,*,#4850,.F.);
#6574=ORIENTED_EDGE('',*,*,#4332,.F.);
#6575=ORIENTED_EDGE('',*,*,#4855,.T.);
#6576=ORIENTED_EDGE('',*,*,#4856,.T.);
#6577=ORIENTED_EDGE('',*,*,#4853,.F.);
#6578=ORIENTED_EDGE('',*,*,#4331,.F.);
#6579=ORIENTED_EDGE('',*,*,#4857,.T.);
#6580=ORIENTED_EDGE('',*,*,#4858,.T.);
#6581=ORIENTED_EDGE('',*,*,#4855,.F.);
#6582=ORIENTED_EDGE('',*,*,#4330,.F.);
#6583=ORIENTED_EDGE('',*,*,#4859,.T.);
#6584=ORIENTED_EDGE('',*,*,#4860,.T.);
#6585=ORIENTED_EDGE('',*,*,#4857,.F.);
#6586=ORIENTED_EDGE('',*,*,#4329,.F.);
#6587=ORIENTED_EDGE('',*,*,#4861,.T.);
#6588=ORIENTED_EDGE('',*,*,#4862,.T.);
#6589=ORIENTED_EDGE('',*,*,#4859,.F.);
#6590=ORIENTED_EDGE('',*,*,#4328,.F.);
#6591=ORIENTED_EDGE('',*,*,#4863,.T.);
#6592=ORIENTED_EDGE('',*,*,#4864,.T.);
#6593=ORIENTED_EDGE('',*,*,#4861,.F.);
#6594=ORIENTED_EDGE('',*,*,#4327,.F.);
#6595=ORIENTED_EDGE('',*,*,#4865,.T.);
#6596=ORIENTED_EDGE('',*,*,#4866,.T.);
#6597=ORIENTED_EDGE('',*,*,#4863,.F.);
#6598=ORIENTED_EDGE('',*,*,#4326,.F.);
#6599=ORIENTED_EDGE('',*,*,#4852,.T.);
#6600=ORIENTED_EDGE('',*,*,#4867,.T.);
#6601=ORIENTED_EDGE('',*,*,#4865,.F.);
#6602=ORIENTED_EDGE('',*,*,#4867,.F.);
#6603=ORIENTED_EDGE('',*,*,#4851,.F.);
#6604=ORIENTED_EDGE('',*,*,#4854,.F.);
#6605=ORIENTED_EDGE('',*,*,#4856,.F.);
#6606=ORIENTED_EDGE('',*,*,#4858,.F.);
#6607=ORIENTED_EDGE('',*,*,#4860,.F.);
#6608=ORIENTED_EDGE('',*,*,#4862,.F.);
#6609=ORIENTED_EDGE('',*,*,#4864,.F.);
#6610=ORIENTED_EDGE('',*,*,#4866,.F.);
#6611=ORIENTED_EDGE('',*,*,#4334,.F.);
#6612=ORIENTED_EDGE('',*,*,#4868,.T.);
#6613=ORIENTED_EDGE('',*,*,#4869,.T.);
#6614=ORIENTED_EDGE('',*,*,#4870,.F.);
#6615=ORIENTED_EDGE('',*,*,#4343,.F.);
#6616=ORIENTED_EDGE('',*,*,#4871,.T.);
#6617=ORIENTED_EDGE('',*,*,#4872,.T.);
#6618=ORIENTED_EDGE('',*,*,#4868,.F.);
#6619=ORIENTED_EDGE('',*,*,#4342,.F.);
#6620=ORIENTED_EDGE('',*,*,#4873,.T.);
#6621=ORIENTED_EDGE('',*,*,#4874,.T.);
#6622=ORIENTED_EDGE('',*,*,#4871,.F.);
#6623=ORIENTED_EDGE('',*,*,#4341,.F.);
#6624=ORIENTED_EDGE('',*,*,#4875,.T.);
#6625=ORIENTED_EDGE('',*,*,#4876,.T.);
#6626=ORIENTED_EDGE('',*,*,#4873,.F.);
#6627=ORIENTED_EDGE('',*,*,#4340,.F.);
#6628=ORIENTED_EDGE('',*,*,#4877,.T.);
#6629=ORIENTED_EDGE('',*,*,#4878,.T.);
#6630=ORIENTED_EDGE('',*,*,#4875,.F.);
#6631=ORIENTED_EDGE('',*,*,#4339,.F.);
#6632=ORIENTED_EDGE('',*,*,#4879,.T.);
#6633=ORIENTED_EDGE('',*,*,#4880,.T.);
#6634=ORIENTED_EDGE('',*,*,#4877,.F.);
#6635=ORIENTED_EDGE('',*,*,#4338,.F.);
#6636=ORIENTED_EDGE('',*,*,#4881,.T.);
#6637=ORIENTED_EDGE('',*,*,#4882,.T.);
#6638=ORIENTED_EDGE('',*,*,#4879,.F.);
#6639=ORIENTED_EDGE('',*,*,#4337,.F.);
#6640=ORIENTED_EDGE('',*,*,#4883,.T.);
#6641=ORIENTED_EDGE('',*,*,#4884,.T.);
#6642=ORIENTED_EDGE('',*,*,#4881,.F.);
#6643=ORIENTED_EDGE('',*,*,#4336,.F.);
#6644=ORIENTED_EDGE('',*,*,#4885,.T.);
#6645=ORIENTED_EDGE('',*,*,#4886,.T.);
#6646=ORIENTED_EDGE('',*,*,#4883,.F.);
#6647=ORIENTED_EDGE('',*,*,#4335,.F.);
#6648=ORIENTED_EDGE('',*,*,#4870,.T.);
#6649=ORIENTED_EDGE('',*,*,#4887,.T.);
#6650=ORIENTED_EDGE('',*,*,#4885,.F.);
#6651=ORIENTED_EDGE('',*,*,#4887,.F.);
#6652=ORIENTED_EDGE('',*,*,#4869,.F.);
#6653=ORIENTED_EDGE('',*,*,#4872,.F.);
#6654=ORIENTED_EDGE('',*,*,#4874,.F.);
#6655=ORIENTED_EDGE('',*,*,#4876,.F.);
#6656=ORIENTED_EDGE('',*,*,#4878,.F.);
#6657=ORIENTED_EDGE('',*,*,#4880,.F.);
#6658=ORIENTED_EDGE('',*,*,#4882,.F.);
#6659=ORIENTED_EDGE('',*,*,#4884,.F.);
#6660=ORIENTED_EDGE('',*,*,#4886,.F.);
#6661=ORIENTED_EDGE('',*,*,#4344,.F.);
#6662=ORIENTED_EDGE('',*,*,#4888,.T.);
#6663=ORIENTED_EDGE('',*,*,#4889,.T.);
#6664=ORIENTED_EDGE('',*,*,#4890,.F.);
#6665=ORIENTED_EDGE('',*,*,#4351,.F.);
#6666=ORIENTED_EDGE('',*,*,#4891,.T.);
#6667=ORIENTED_EDGE('',*,*,#4892,.T.);
#6668=ORIENTED_EDGE('',*,*,#4888,.F.);
#6669=ORIENTED_EDGE('',*,*,#4350,.F.);
#6670=ORIENTED_EDGE('',*,*,#4893,.T.);
#6671=ORIENTED_EDGE('',*,*,#4894,.T.);
#6672=ORIENTED_EDGE('',*,*,#4891,.F.);
#6673=ORIENTED_EDGE('',*,*,#4349,.F.);
#6674=ORIENTED_EDGE('',*,*,#4895,.T.);
#6675=ORIENTED_EDGE('',*,*,#4896,.T.);
#6676=ORIENTED_EDGE('',*,*,#4893,.F.);
#6677=ORIENTED_EDGE('',*,*,#4348,.F.);
#6678=ORIENTED_EDGE('',*,*,#4897,.T.);
#6679=ORIENTED_EDGE('',*,*,#4898,.T.);
#6680=ORIENTED_EDGE('',*,*,#4895,.F.);
#6681=ORIENTED_EDGE('',*,*,#4347,.F.);
#6682=ORIENTED_EDGE('',*,*,#4899,.T.);
#6683=ORIENTED_EDGE('',*,*,#4900,.T.);
#6684=ORIENTED_EDGE('',*,*,#4897,.F.);
#6685=ORIENTED_EDGE('',*,*,#4346,.F.);
#6686=ORIENTED_EDGE('',*,*,#4901,.T.);
#6687=ORIENTED_EDGE('',*,*,#4902,.T.);
#6688=ORIENTED_EDGE('',*,*,#4899,.F.);
#6689=ORIENTED_EDGE('',*,*,#4345,.F.);
#6690=ORIENTED_EDGE('',*,*,#4890,.T.);
#6691=ORIENTED_EDGE('',*,*,#4903,.T.);
#6692=ORIENTED_EDGE('',*,*,#4901,.F.);
#6693=ORIENTED_EDGE('',*,*,#4903,.F.);
#6694=ORIENTED_EDGE('',*,*,#4889,.F.);
#6695=ORIENTED_EDGE('',*,*,#4892,.F.);
#6696=ORIENTED_EDGE('',*,*,#4894,.F.);
#6697=ORIENTED_EDGE('',*,*,#4896,.F.);
#6698=ORIENTED_EDGE('',*,*,#4898,.F.);
#6699=ORIENTED_EDGE('',*,*,#4900,.F.);
#6700=ORIENTED_EDGE('',*,*,#4902,.F.);
#6701=ORIENTED_EDGE('',*,*,#4352,.F.);
#6702=ORIENTED_EDGE('',*,*,#4904,.T.);
#6703=ORIENTED_EDGE('',*,*,#4905,.T.);
#6704=ORIENTED_EDGE('',*,*,#4906,.F.);
#6705=ORIENTED_EDGE('',*,*,#4363,.F.);
#6706=ORIENTED_EDGE('',*,*,#4907,.T.);
#6707=ORIENTED_EDGE('',*,*,#4908,.T.);
#6708=ORIENTED_EDGE('',*,*,#4904,.F.);
#6709=ORIENTED_EDGE('',*,*,#4362,.F.);
#6710=ORIENTED_EDGE('',*,*,#4909,.T.);
#6711=ORIENTED_EDGE('',*,*,#4910,.T.);
#6712=ORIENTED_EDGE('',*,*,#4907,.F.);
#6713=ORIENTED_EDGE('',*,*,#4361,.F.);
#6714=ORIENTED_EDGE('',*,*,#4911,.T.);
#6715=ORIENTED_EDGE('',*,*,#4912,.T.);
#6716=ORIENTED_EDGE('',*,*,#4909,.F.);
#6717=ORIENTED_EDGE('',*,*,#4360,.F.);
#6718=ORIENTED_EDGE('',*,*,#4913,.T.);
#6719=ORIENTED_EDGE('',*,*,#4914,.T.);
#6720=ORIENTED_EDGE('',*,*,#4911,.F.);
#6721=ORIENTED_EDGE('',*,*,#4359,.F.);
#6722=ORIENTED_EDGE('',*,*,#4915,.T.);
#6723=ORIENTED_EDGE('',*,*,#4916,.T.);
#6724=ORIENTED_EDGE('',*,*,#4913,.F.);
#6725=ORIENTED_EDGE('',*,*,#4358,.F.);
#6726=ORIENTED_EDGE('',*,*,#4917,.T.);
#6727=ORIENTED_EDGE('',*,*,#4918,.T.);
#6728=ORIENTED_EDGE('',*,*,#4915,.F.);
#6729=ORIENTED_EDGE('',*,*,#4357,.F.);
#6730=ORIENTED_EDGE('',*,*,#4919,.T.);
#6731=ORIENTED_EDGE('',*,*,#4920,.T.);
#6732=ORIENTED_EDGE('',*,*,#4917,.F.);
#6733=ORIENTED_EDGE('',*,*,#4356,.F.);
#6734=ORIENTED_EDGE('',*,*,#4921,.T.);
#6735=ORIENTED_EDGE('',*,*,#4922,.T.);
#6736=ORIENTED_EDGE('',*,*,#4919,.F.);
#6737=ORIENTED_EDGE('',*,*,#4355,.F.);
#6738=ORIENTED_EDGE('',*,*,#4923,.T.);
#6739=ORIENTED_EDGE('',*,*,#4924,.T.);
#6740=ORIENTED_EDGE('',*,*,#4921,.F.);
#6741=ORIENTED_EDGE('',*,*,#4354,.F.);
#6742=ORIENTED_EDGE('',*,*,#4925,.T.);
#6743=ORIENTED_EDGE('',*,*,#4926,.T.);
#6744=ORIENTED_EDGE('',*,*,#4923,.F.);
#6745=ORIENTED_EDGE('',*,*,#4353,.F.);
#6746=ORIENTED_EDGE('',*,*,#4906,.T.);
#6747=ORIENTED_EDGE('',*,*,#4927,.T.);
#6748=ORIENTED_EDGE('',*,*,#4925,.F.);
#6749=ORIENTED_EDGE('',*,*,#4927,.F.);
#6750=ORIENTED_EDGE('',*,*,#4905,.F.);
#6751=ORIENTED_EDGE('',*,*,#4908,.F.);
#6752=ORIENTED_EDGE('',*,*,#4910,.F.);
#6753=ORIENTED_EDGE('',*,*,#4912,.F.);
#6754=ORIENTED_EDGE('',*,*,#4914,.F.);
#6755=ORIENTED_EDGE('',*,*,#4916,.F.);
#6756=ORIENTED_EDGE('',*,*,#4918,.F.);
#6757=ORIENTED_EDGE('',*,*,#4920,.F.);
#6758=ORIENTED_EDGE('',*,*,#4922,.F.);
#6759=ORIENTED_EDGE('',*,*,#4924,.F.);
#6760=ORIENTED_EDGE('',*,*,#4926,.F.);
#6761=ORIENTED_EDGE('',*,*,#4928,.F.);
#6762=ORIENTED_EDGE('',*,*,#4929,.T.);
#6763=ORIENTED_EDGE('',*,*,#4930,.T.);
#6764=ORIENTED_EDGE('',*,*,#4929,.F.);
#6765=ORIENTED_EDGE('',*,*,#4364,.F.);
#6766=ORIENTED_EDGE('',*,*,#4931,.T.);
#6767=ORIENTED_EDGE('',*,*,#4932,.T.);
#6768=ORIENTED_EDGE('',*,*,#4931,.F.);
#6769=ORIENTED_EDGE('',*,*,#4932,.F.);
#6770=ORIENTED_EDGE('',*,*,#4930,.F.);
#6771=ORIENTED_EDGE('',*,*,#4365,.F.);
#6772=ORIENTED_EDGE('',*,*,#4933,.T.);
#6773=ORIENTED_EDGE('',*,*,#4934,.T.);
#6774=ORIENTED_EDGE('',*,*,#4935,.F.);
#6775=ORIENTED_EDGE('',*,*,#4368,.F.);
#6776=ORIENTED_EDGE('',*,*,#4936,.T.);
#6777=ORIENTED_EDGE('',*,*,#4937,.T.);
#6778=ORIENTED_EDGE('',*,*,#4933,.F.);
#6779=ORIENTED_EDGE('',*,*,#4367,.F.);
#6780=ORIENTED_EDGE('',*,*,#4938,.T.);
#6781=ORIENTED_EDGE('',*,*,#4939,.T.);
#6782=ORIENTED_EDGE('',*,*,#4936,.F.);
#6783=ORIENTED_EDGE('',*,*,#4366,.F.);
#6784=ORIENTED_EDGE('',*,*,#4935,.T.);
#6785=ORIENTED_EDGE('',*,*,#4940,.T.);
#6786=ORIENTED_EDGE('',*,*,#4938,.F.);
#6787=ORIENTED_EDGE('',*,*,#4940,.F.);
#6788=ORIENTED_EDGE('',*,*,#4934,.F.);
#6789=ORIENTED_EDGE('',*,*,#4937,.F.);
#6790=ORIENTED_EDGE('',*,*,#4939,.F.);
#6791=ORIENTED_EDGE('',*,*,#4369,.F.);
#6792=ORIENTED_EDGE('',*,*,#4941,.T.);
#6793=ORIENTED_EDGE('',*,*,#4942,.T.);
#6794=ORIENTED_EDGE('',*,*,#4943,.F.);
#6795=ORIENTED_EDGE('',*,*,#4380,.F.);
#6796=ORIENTED_EDGE('',*,*,#4944,.T.);
#6797=ORIENTED_EDGE('',*,*,#4945,.T.);
#6798=ORIENTED_EDGE('',*,*,#4941,.F.);
#6799=ORIENTED_EDGE('',*,*,#4379,.F.);
#6800=ORIENTED_EDGE('',*,*,#4946,.T.);
#6801=ORIENTED_EDGE('',*,*,#4947,.T.);
#6802=ORIENTED_EDGE('',*,*,#4944,.F.);
#6803=ORIENTED_EDGE('',*,*,#4378,.F.);
#6804=ORIENTED_EDGE('',*,*,#4948,.T.);
#6805=ORIENTED_EDGE('',*,*,#4949,.T.);
#6806=ORIENTED_EDGE('',*,*,#4946,.F.);
#6807=ORIENTED_EDGE('',*,*,#4377,.F.);
#6808=ORIENTED_EDGE('',*,*,#4950,.T.);
#6809=ORIENTED_EDGE('',*,*,#4951,.T.);
#6810=ORIENTED_EDGE('',*,*,#4948,.F.);
#6811=ORIENTED_EDGE('',*,*,#4376,.F.);
#6812=ORIENTED_EDGE('',*,*,#4952,.T.);
#6813=ORIENTED_EDGE('',*,*,#4953,.T.);
#6814=ORIENTED_EDGE('',*,*,#4950,.F.);
#6815=ORIENTED_EDGE('',*,*,#4375,.F.);
#6816=ORIENTED_EDGE('',*,*,#4954,.T.);
#6817=ORIENTED_EDGE('',*,*,#4955,.T.);
#6818=ORIENTED_EDGE('',*,*,#4952,.F.);
#6819=ORIENTED_EDGE('',*,*,#4374,.F.);
#6820=ORIENTED_EDGE('',*,*,#4956,.T.);
#6821=ORIENTED_EDGE('',*,*,#4957,.T.);
#6822=ORIENTED_EDGE('',*,*,#4954,.F.);
#6823=ORIENTED_EDGE('',*,*,#4373,.F.);
#6824=ORIENTED_EDGE('',*,*,#4958,.T.);
#6825=ORIENTED_EDGE('',*,*,#4959,.T.);
#6826=ORIENTED_EDGE('',*,*,#4956,.F.);
#6827=ORIENTED_EDGE('',*,*,#4372,.F.);
#6828=ORIENTED_EDGE('',*,*,#4960,.T.);
#6829=ORIENTED_EDGE('',*,*,#4961,.T.);
#6830=ORIENTED_EDGE('',*,*,#4958,.F.);
#6831=ORIENTED_EDGE('',*,*,#4371,.F.);
#6832=ORIENTED_EDGE('',*,*,#4962,.T.);
#6833=ORIENTED_EDGE('',*,*,#4963,.T.);
#6834=ORIENTED_EDGE('',*,*,#4960,.F.);
#6835=ORIENTED_EDGE('',*,*,#4370,.F.);
#6836=ORIENTED_EDGE('',*,*,#4943,.T.);
#6837=ORIENTED_EDGE('',*,*,#4964,.T.);
#6838=ORIENTED_EDGE('',*,*,#4962,.F.);
#6839=ORIENTED_EDGE('',*,*,#4964,.F.);
#6840=ORIENTED_EDGE('',*,*,#4942,.F.);
#6841=ORIENTED_EDGE('',*,*,#4945,.F.);
#6842=ORIENTED_EDGE('',*,*,#4947,.F.);
#6843=ORIENTED_EDGE('',*,*,#4949,.F.);
#6844=ORIENTED_EDGE('',*,*,#4951,.F.);
#6845=ORIENTED_EDGE('',*,*,#4953,.F.);
#6846=ORIENTED_EDGE('',*,*,#4955,.F.);
#6847=ORIENTED_EDGE('',*,*,#4957,.F.);
#6848=ORIENTED_EDGE('',*,*,#4959,.F.);
#6849=ORIENTED_EDGE('',*,*,#4961,.F.);
#6850=ORIENTED_EDGE('',*,*,#4963,.F.);
#6851=ORIENTED_EDGE('',*,*,#4381,.F.);
#6852=ORIENTED_EDGE('',*,*,#4965,.T.);
#6853=ORIENTED_EDGE('',*,*,#4966,.T.);
#6854=ORIENTED_EDGE('',*,*,#4967,.F.);
#6855=ORIENTED_EDGE('',*,*,#4389,.F.);
#6856=ORIENTED_EDGE('',*,*,#4968,.T.);
#6857=ORIENTED_EDGE('',*,*,#4969,.T.);
#6858=ORIENTED_EDGE('',*,*,#4965,.F.);
#6859=ORIENTED_EDGE('',*,*,#4388,.F.);
#6860=ORIENTED_EDGE('',*,*,#4970,.T.);
#6861=ORIENTED_EDGE('',*,*,#4971,.T.);
#6862=ORIENTED_EDGE('',*,*,#4968,.F.);
#6863=ORIENTED_EDGE('',*,*,#4387,.F.);
#6864=ORIENTED_EDGE('',*,*,#4972,.T.);
#6865=ORIENTED_EDGE('',*,*,#4973,.T.);
#6866=ORIENTED_EDGE('',*,*,#4970,.F.);
#6867=ORIENTED_EDGE('',*,*,#4386,.F.);
#6868=ORIENTED_EDGE('',*,*,#4974,.T.);
#6869=ORIENTED_EDGE('',*,*,#4975,.T.);
#6870=ORIENTED_EDGE('',*,*,#4972,.F.);
#6871=ORIENTED_EDGE('',*,*,#4385,.F.);
#6872=ORIENTED_EDGE('',*,*,#4976,.T.);
#6873=ORIENTED_EDGE('',*,*,#4977,.T.);
#6874=ORIENTED_EDGE('',*,*,#4974,.F.);
#6875=ORIENTED_EDGE('',*,*,#4384,.F.);
#6876=ORIENTED_EDGE('',*,*,#4978,.T.);
#6877=ORIENTED_EDGE('',*,*,#4979,.T.);
#6878=ORIENTED_EDGE('',*,*,#4976,.F.);
#6879=ORIENTED_EDGE('',*,*,#4383,.F.);
#6880=ORIENTED_EDGE('',*,*,#4980,.T.);
#6881=ORIENTED_EDGE('',*,*,#4981,.T.);
#6882=ORIENTED_EDGE('',*,*,#4978,.F.);
#6883=ORIENTED_EDGE('',*,*,#4382,.F.);
#6884=ORIENTED_EDGE('',*,*,#4967,.T.);
#6885=ORIENTED_EDGE('',*,*,#4982,.T.);
#6886=ORIENTED_EDGE('',*,*,#4980,.F.);
#6887=ORIENTED_EDGE('',*,*,#4982,.F.);
#6888=ORIENTED_EDGE('',*,*,#4966,.F.);
#6889=ORIENTED_EDGE('',*,*,#4969,.F.);
#6890=ORIENTED_EDGE('',*,*,#4971,.F.);
#6891=ORIENTED_EDGE('',*,*,#4973,.F.);
#6892=ORIENTED_EDGE('',*,*,#4975,.F.);
#6893=ORIENTED_EDGE('',*,*,#4977,.F.);
#6894=ORIENTED_EDGE('',*,*,#4979,.F.);
#6895=ORIENTED_EDGE('',*,*,#4981,.F.);
#6896=ORIENTED_EDGE('',*,*,#4533,.T.);
#6897=ORIENTED_EDGE('',*,*,#4551,.T.);
#6898=ORIENTED_EDGE('',*,*,#4548,.T.);
#6899=ORIENTED_EDGE('',*,*,#4545,.T.);
#6900=ORIENTED_EDGE('',*,*,#4542,.T.);
#6901=ORIENTED_EDGE('',*,*,#4539,.T.);
#6902=ORIENTED_EDGE('',*,*,#4536,.T.);
#6903=ORIENTED_EDGE('',*,*,#4390,.F.);
#6904=ORIENTED_EDGE('',*,*,#4983,.T.);
#6905=ORIENTED_EDGE('',*,*,#4984,.T.);
#6906=ORIENTED_EDGE('',*,*,#4985,.F.);
#6907=ORIENTED_EDGE('',*,*,#4401,.F.);
#6908=ORIENTED_EDGE('',*,*,#4986,.T.);
#6909=ORIENTED_EDGE('',*,*,#4987,.T.);
#6910=ORIENTED_EDGE('',*,*,#4983,.F.);
#6911=ORIENTED_EDGE('',*,*,#4400,.F.);
#6912=ORIENTED_EDGE('',*,*,#4988,.T.);
#6913=ORIENTED_EDGE('',*,*,#4989,.T.);
#6914=ORIENTED_EDGE('',*,*,#4986,.F.);
#6915=ORIENTED_EDGE('',*,*,#4399,.F.);
#6916=ORIENTED_EDGE('',*,*,#4990,.T.);
#6917=ORIENTED_EDGE('',*,*,#4991,.T.);
#6918=ORIENTED_EDGE('',*,*,#4988,.F.);
#6919=ORIENTED_EDGE('',*,*,#4398,.F.);
#6920=ORIENTED_EDGE('',*,*,#4992,.T.);
#6921=ORIENTED_EDGE('',*,*,#4993,.T.);
#6922=ORIENTED_EDGE('',*,*,#4990,.F.);
#6923=ORIENTED_EDGE('',*,*,#4397,.F.);
#6924=ORIENTED_EDGE('',*,*,#4994,.T.);
#6925=ORIENTED_EDGE('',*,*,#4995,.T.);
#6926=ORIENTED_EDGE('',*,*,#4992,.F.);
#6927=ORIENTED_EDGE('',*,*,#4396,.F.);
#6928=ORIENTED_EDGE('',*,*,#4996,.T.);
#6929=ORIENTED_EDGE('',*,*,#4997,.T.);
#6930=ORIENTED_EDGE('',*,*,#4994,.F.);
#6931=ORIENTED_EDGE('',*,*,#4395,.F.);
#6932=ORIENTED_EDGE('',*,*,#4998,.T.);
#6933=ORIENTED_EDGE('',*,*,#4999,.T.);
#6934=ORIENTED_EDGE('',*,*,#4996,.F.);
#6935=ORIENTED_EDGE('',*,*,#4394,.F.);
#6936=ORIENTED_EDGE('',*,*,#5000,.T.);
#6937=ORIENTED_EDGE('',*,*,#5001,.T.);
#6938=ORIENTED_EDGE('',*,*,#4998,.F.);
#6939=ORIENTED_EDGE('',*,*,#4393,.F.);
#6940=ORIENTED_EDGE('',*,*,#5002,.T.);
#6941=ORIENTED_EDGE('',*,*,#5003,.T.);
#6942=ORIENTED_EDGE('',*,*,#5000,.F.);
#6943=ORIENTED_EDGE('',*,*,#4392,.F.);
#6944=ORIENTED_EDGE('',*,*,#5004,.T.);
#6945=ORIENTED_EDGE('',*,*,#5005,.T.);
#6946=ORIENTED_EDGE('',*,*,#5002,.F.);
#6947=ORIENTED_EDGE('',*,*,#4391,.F.);
#6948=ORIENTED_EDGE('',*,*,#4985,.T.);
#6949=ORIENTED_EDGE('',*,*,#5006,.T.);
#6950=ORIENTED_EDGE('',*,*,#5004,.F.);
#6951=ORIENTED_EDGE('',*,*,#5006,.F.);
#6952=ORIENTED_EDGE('',*,*,#4984,.F.);
#6953=ORIENTED_EDGE('',*,*,#4987,.F.);
#6954=ORIENTED_EDGE('',*,*,#4989,.F.);
#6955=ORIENTED_EDGE('',*,*,#4991,.F.);
#6956=ORIENTED_EDGE('',*,*,#4993,.F.);
#6957=ORIENTED_EDGE('',*,*,#4995,.F.);
#6958=ORIENTED_EDGE('',*,*,#4997,.F.);
#6959=ORIENTED_EDGE('',*,*,#4999,.F.);
#6960=ORIENTED_EDGE('',*,*,#5001,.F.);
#6961=ORIENTED_EDGE('',*,*,#5003,.F.);
#6962=ORIENTED_EDGE('',*,*,#5005,.F.);
#6963=ORIENTED_EDGE('',*,*,#4402,.F.);
#6964=ORIENTED_EDGE('',*,*,#5007,.T.);
#6965=ORIENTED_EDGE('',*,*,#5008,.T.);
#6966=ORIENTED_EDGE('',*,*,#5009,.F.);
#6967=ORIENTED_EDGE('',*,*,#4413,.F.);
#6968=ORIENTED_EDGE('',*,*,#5010,.T.);
#6969=ORIENTED_EDGE('',*,*,#5011,.T.);
#6970=ORIENTED_EDGE('',*,*,#5007,.F.);
#6971=ORIENTED_EDGE('',*,*,#4412,.F.);
#6972=ORIENTED_EDGE('',*,*,#5012,.T.);
#6973=ORIENTED_EDGE('',*,*,#5013,.T.);
#6974=ORIENTED_EDGE('',*,*,#5010,.F.);
#6975=ORIENTED_EDGE('',*,*,#4411,.F.);
#6976=ORIENTED_EDGE('',*,*,#5014,.T.);
#6977=ORIENTED_EDGE('',*,*,#5015,.T.);
#6978=ORIENTED_EDGE('',*,*,#5012,.F.);
#6979=ORIENTED_EDGE('',*,*,#4410,.F.);
#6980=ORIENTED_EDGE('',*,*,#5016,.T.);
#6981=ORIENTED_EDGE('',*,*,#5017,.T.);
#6982=ORIENTED_EDGE('',*,*,#5014,.F.);
#6983=ORIENTED_EDGE('',*,*,#4409,.F.);
#6984=ORIENTED_EDGE('',*,*,#5018,.T.);
#6985=ORIENTED_EDGE('',*,*,#5019,.T.);
#6986=ORIENTED_EDGE('',*,*,#5016,.F.);
#6987=ORIENTED_EDGE('',*,*,#4408,.F.);
#6988=ORIENTED_EDGE('',*,*,#5020,.T.);
#6989=ORIENTED_EDGE('',*,*,#5021,.T.);
#6990=ORIENTED_EDGE('',*,*,#5018,.F.);
#6991=ORIENTED_EDGE('',*,*,#4407,.F.);
#6992=ORIENTED_EDGE('',*,*,#5022,.T.);
#6993=ORIENTED_EDGE('',*,*,#5023,.T.);
#6994=ORIENTED_EDGE('',*,*,#5020,.F.);
#6995=ORIENTED_EDGE('',*,*,#4406,.F.);
#6996=ORIENTED_EDGE('',*,*,#5024,.T.);
#6997=ORIENTED_EDGE('',*,*,#5025,.T.);
#6998=ORIENTED_EDGE('',*,*,#5022,.F.);
#6999=ORIENTED_EDGE('',*,*,#4405,.F.);
#7000=ORIENTED_EDGE('',*,*,#5026,.T.);
#7001=ORIENTED_EDGE('',*,*,#5027,.T.);
#7002=ORIENTED_EDGE('',*,*,#5024,.F.);
#7003=ORIENTED_EDGE('',*,*,#4404,.F.);
#7004=ORIENTED_EDGE('',*,*,#5028,.T.);
#7005=ORIENTED_EDGE('',*,*,#5029,.T.);
#7006=ORIENTED_EDGE('',*,*,#5026,.F.);
#7007=ORIENTED_EDGE('',*,*,#4403,.F.);
#7008=ORIENTED_EDGE('',*,*,#5009,.T.);
#7009=ORIENTED_EDGE('',*,*,#5030,.T.);
#7010=ORIENTED_EDGE('',*,*,#5028,.F.);
#7011=ORIENTED_EDGE('',*,*,#5030,.F.);
#7012=ORIENTED_EDGE('',*,*,#5008,.F.);
#7013=ORIENTED_EDGE('',*,*,#5011,.F.);
#7014=ORIENTED_EDGE('',*,*,#5013,.F.);
#7015=ORIENTED_EDGE('',*,*,#5015,.F.);
#7016=ORIENTED_EDGE('',*,*,#5017,.F.);
#7017=ORIENTED_EDGE('',*,*,#5019,.F.);
#7018=ORIENTED_EDGE('',*,*,#5021,.F.);
#7019=ORIENTED_EDGE('',*,*,#5023,.F.);
#7020=ORIENTED_EDGE('',*,*,#5025,.F.);
#7021=ORIENTED_EDGE('',*,*,#5027,.F.);
#7022=ORIENTED_EDGE('',*,*,#5029,.F.);
#7023=ORIENTED_EDGE('',*,*,#4414,.F.);
#7024=ORIENTED_EDGE('',*,*,#5031,.T.);
#7025=ORIENTED_EDGE('',*,*,#5032,.T.);
#7026=ORIENTED_EDGE('',*,*,#5033,.F.);
#7027=ORIENTED_EDGE('',*,*,#4426,.F.);
#7028=ORIENTED_EDGE('',*,*,#5034,.T.);
#7029=ORIENTED_EDGE('',*,*,#5035,.T.);
#7030=ORIENTED_EDGE('',*,*,#5031,.F.);
#7031=ORIENTED_EDGE('',*,*,#4425,.F.);
#7032=ORIENTED_EDGE('',*,*,#5036,.T.);
#7033=ORIENTED_EDGE('',*,*,#5037,.T.);
#7034=ORIENTED_EDGE('',*,*,#5034,.F.);
#7035=ORIENTED_EDGE('',*,*,#4424,.F.);
#7036=ORIENTED_EDGE('',*,*,#5038,.T.);
#7037=ORIENTED_EDGE('',*,*,#5039,.T.);
#7038=ORIENTED_EDGE('',*,*,#5036,.F.);
#7039=ORIENTED_EDGE('',*,*,#4423,.F.);
#7040=ORIENTED_EDGE('',*,*,#5040,.T.);
#7041=ORIENTED_EDGE('',*,*,#5041,.T.);
#7042=ORIENTED_EDGE('',*,*,#5038,.F.);
#7043=ORIENTED_EDGE('',*,*,#4422,.F.);
#7044=ORIENTED_EDGE('',*,*,#5042,.T.);
#7045=ORIENTED_EDGE('',*,*,#5043,.T.);
#7046=ORIENTED_EDGE('',*,*,#5040,.F.);
#7047=ORIENTED_EDGE('',*,*,#4421,.F.);
#7048=ORIENTED_EDGE('',*,*,#5044,.T.);
#7049=ORIENTED_EDGE('',*,*,#5045,.T.);
#7050=ORIENTED_EDGE('',*,*,#5042,.F.);
#7051=ORIENTED_EDGE('',*,*,#4420,.F.);
#7052=ORIENTED_EDGE('',*,*,#5046,.T.);
#7053=ORIENTED_EDGE('',*,*,#5047,.T.);
#7054=ORIENTED_EDGE('',*,*,#5044,.F.);
#7055=ORIENTED_EDGE('',*,*,#4419,.F.);
#7056=ORIENTED_EDGE('',*,*,#5048,.T.);
#7057=ORIENTED_EDGE('',*,*,#5049,.T.);
#7058=ORIENTED_EDGE('',*,*,#5046,.F.);
#7059=ORIENTED_EDGE('',*,*,#4418,.F.);
#7060=ORIENTED_EDGE('',*,*,#5050,.T.);
#7061=ORIENTED_EDGE('',*,*,#5051,.T.);
#7062=ORIENTED_EDGE('',*,*,#5048,.F.);
#7063=ORIENTED_EDGE('',*,*,#4417,.F.);
#7064=ORIENTED_EDGE('',*,*,#5052,.T.);
#7065=ORIENTED_EDGE('',*,*,#5053,.T.);
#7066=ORIENTED_EDGE('',*,*,#5050,.F.);
#7067=ORIENTED_EDGE('',*,*,#4416,.F.);
#7068=ORIENTED_EDGE('',*,*,#5054,.T.);
#7069=ORIENTED_EDGE('',*,*,#5055,.T.);
#7070=ORIENTED_EDGE('',*,*,#5052,.F.);
#7071=ORIENTED_EDGE('',*,*,#4415,.F.);
#7072=ORIENTED_EDGE('',*,*,#5033,.T.);
#7073=ORIENTED_EDGE('',*,*,#5056,.T.);
#7074=ORIENTED_EDGE('',*,*,#5054,.F.);
#7075=ORIENTED_EDGE('',*,*,#5056,.F.);
#7076=ORIENTED_EDGE('',*,*,#5032,.F.);
#7077=ORIENTED_EDGE('',*,*,#5035,.F.);
#7078=ORIENTED_EDGE('',*,*,#5037,.F.);
#7079=ORIENTED_EDGE('',*,*,#5039,.F.);
#7080=ORIENTED_EDGE('',*,*,#5041,.F.);
#7081=ORIENTED_EDGE('',*,*,#5043,.F.);
#7082=ORIENTED_EDGE('',*,*,#5045,.F.);
#7083=ORIENTED_EDGE('',*,*,#5047,.F.);
#7084=ORIENTED_EDGE('',*,*,#5049,.F.);
#7085=ORIENTED_EDGE('',*,*,#5051,.F.);
#7086=ORIENTED_EDGE('',*,*,#5053,.F.);
#7087=ORIENTED_EDGE('',*,*,#5055,.F.);
#7088=ORIENTED_EDGE('',*,*,#4427,.F.);
#7089=ORIENTED_EDGE('',*,*,#5057,.T.);
#7090=ORIENTED_EDGE('',*,*,#5058,.T.);
#7091=ORIENTED_EDGE('',*,*,#5059,.F.);
#7092=ORIENTED_EDGE('',*,*,#4434,.F.);
#7093=ORIENTED_EDGE('',*,*,#5060,.T.);
#7094=ORIENTED_EDGE('',*,*,#5061,.T.);
#7095=ORIENTED_EDGE('',*,*,#5057,.F.);
#7096=ORIENTED_EDGE('',*,*,#4433,.F.);
#7097=ORIENTED_EDGE('',*,*,#5062,.T.);
#7098=ORIENTED_EDGE('',*,*,#5063,.T.);
#7099=ORIENTED_EDGE('',*,*,#5060,.F.);
#7100=ORIENTED_EDGE('',*,*,#4432,.F.);
#7101=ORIENTED_EDGE('',*,*,#5064,.T.);
#7102=ORIENTED_EDGE('',*,*,#5065,.T.);
#7103=ORIENTED_EDGE('',*,*,#5062,.F.);
#7104=ORIENTED_EDGE('',*,*,#4431,.F.);
#7105=ORIENTED_EDGE('',*,*,#5066,.T.);
#7106=ORIENTED_EDGE('',*,*,#5067,.T.);
#7107=ORIENTED_EDGE('',*,*,#5064,.F.);
#7108=ORIENTED_EDGE('',*,*,#4430,.F.);
#7109=ORIENTED_EDGE('',*,*,#5068,.T.);
#7110=ORIENTED_EDGE('',*,*,#5069,.T.);
#7111=ORIENTED_EDGE('',*,*,#5066,.F.);
#7112=ORIENTED_EDGE('',*,*,#4429,.F.);
#7113=ORIENTED_EDGE('',*,*,#5070,.T.);
#7114=ORIENTED_EDGE('',*,*,#5071,.T.);
#7115=ORIENTED_EDGE('',*,*,#5068,.F.);
#7116=ORIENTED_EDGE('',*,*,#4428,.F.);
#7117=ORIENTED_EDGE('',*,*,#5059,.T.);
#7118=ORIENTED_EDGE('',*,*,#5072,.T.);
#7119=ORIENTED_EDGE('',*,*,#5070,.F.);
#7120=ORIENTED_EDGE('',*,*,#5072,.F.);
#7121=ORIENTED_EDGE('',*,*,#5058,.F.);
#7122=ORIENTED_EDGE('',*,*,#5061,.F.);
#7123=ORIENTED_EDGE('',*,*,#5063,.F.);
#7124=ORIENTED_EDGE('',*,*,#5065,.F.);
#7125=ORIENTED_EDGE('',*,*,#5067,.F.);
#7126=ORIENTED_EDGE('',*,*,#5069,.F.);
#7127=ORIENTED_EDGE('',*,*,#5071,.F.);
#7128=ORIENTED_EDGE('',*,*,#4435,.F.);
#7129=ORIENTED_EDGE('',*,*,#5073,.T.);
#7130=ORIENTED_EDGE('',*,*,#5074,.T.);
#7131=ORIENTED_EDGE('',*,*,#5075,.F.);
#7132=ORIENTED_EDGE('',*,*,#4441,.F.);
#7133=ORIENTED_EDGE('',*,*,#5076,.T.);
#7134=ORIENTED_EDGE('',*,*,#5077,.T.);
#7135=ORIENTED_EDGE('',*,*,#5073,.F.);
#7136=ORIENTED_EDGE('',*,*,#4440,.F.);
#7137=ORIENTED_EDGE('',*,*,#5078,.T.);
#7138=ORIENTED_EDGE('',*,*,#5079,.T.);
#7139=ORIENTED_EDGE('',*,*,#5076,.F.);
#7140=ORIENTED_EDGE('',*,*,#4439,.F.);
#7141=ORIENTED_EDGE('',*,*,#5080,.T.);
#7142=ORIENTED_EDGE('',*,*,#5081,.T.);
#7143=ORIENTED_EDGE('',*,*,#5078,.F.);
#7144=ORIENTED_EDGE('',*,*,#4438,.F.);
#7145=ORIENTED_EDGE('',*,*,#5082,.T.);
#7146=ORIENTED_EDGE('',*,*,#5083,.T.);
#7147=ORIENTED_EDGE('',*,*,#5080,.F.);
#7148=ORIENTED_EDGE('',*,*,#4437,.F.);
#7149=ORIENTED_EDGE('',*,*,#5084,.T.);
#7150=ORIENTED_EDGE('',*,*,#5085,.T.);
#7151=ORIENTED_EDGE('',*,*,#5082,.F.);
#7152=ORIENTED_EDGE('',*,*,#4436,.F.);
#7153=ORIENTED_EDGE('',*,*,#5075,.T.);
#7154=ORIENTED_EDGE('',*,*,#5086,.T.);
#7155=ORIENTED_EDGE('',*,*,#5084,.F.);
#7156=ORIENTED_EDGE('',*,*,#5086,.F.);
#7157=ORIENTED_EDGE('',*,*,#5074,.F.);
#7158=ORIENTED_EDGE('',*,*,#5077,.F.);
#7159=ORIENTED_EDGE('',*,*,#5079,.F.);
#7160=ORIENTED_EDGE('',*,*,#5081,.F.);
#7161=ORIENTED_EDGE('',*,*,#5083,.F.);
#7162=ORIENTED_EDGE('',*,*,#5085,.F.);
#7163=ORIENTED_EDGE('',*,*,#4442,.F.);
#7164=ORIENTED_EDGE('',*,*,#5087,.T.);
#7165=ORIENTED_EDGE('',*,*,#5088,.T.);
#7166=ORIENTED_EDGE('',*,*,#5089,.F.);
#7167=ORIENTED_EDGE('',*,*,#4447,.F.);
#7168=ORIENTED_EDGE('',*,*,#5090,.T.);
#7169=ORIENTED_EDGE('',*,*,#5091,.T.);
#7170=ORIENTED_EDGE('',*,*,#5087,.F.);
#7171=ORIENTED_EDGE('',*,*,#4446,.F.);
#7172=ORIENTED_EDGE('',*,*,#5092,.T.);
#7173=ORIENTED_EDGE('',*,*,#5093,.T.);
#7174=ORIENTED_EDGE('',*,*,#5090,.F.);
#7175=ORIENTED_EDGE('',*,*,#4445,.F.);
#7176=ORIENTED_EDGE('',*,*,#5094,.T.);
#7177=ORIENTED_EDGE('',*,*,#5095,.T.);
#7178=ORIENTED_EDGE('',*,*,#5092,.F.);
#7179=ORIENTED_EDGE('',*,*,#4444,.F.);
#7180=ORIENTED_EDGE('',*,*,#5096,.T.);
#7181=ORIENTED_EDGE('',*,*,#5097,.T.);
#7182=ORIENTED_EDGE('',*,*,#5094,.F.);
#7183=ORIENTED_EDGE('',*,*,#4443,.F.);
#7184=ORIENTED_EDGE('',*,*,#5089,.T.);
#7185=ORIENTED_EDGE('',*,*,#5098,.T.);
#7186=ORIENTED_EDGE('',*,*,#5096,.F.);
#7187=ORIENTED_EDGE('',*,*,#5098,.F.);
#7188=ORIENTED_EDGE('',*,*,#5088,.F.);
#7189=ORIENTED_EDGE('',*,*,#5091,.F.);
#7190=ORIENTED_EDGE('',*,*,#5093,.F.);
#7191=ORIENTED_EDGE('',*,*,#5095,.F.);
#7192=ORIENTED_EDGE('',*,*,#5097,.F.);
#7193=ORIENTED_EDGE('',*,*,#4448,.F.);
#7194=ORIENTED_EDGE('',*,*,#5099,.T.);
#7195=ORIENTED_EDGE('',*,*,#5100,.T.);
#7196=ORIENTED_EDGE('',*,*,#5101,.F.);
#7197=ORIENTED_EDGE('',*,*,#4451,.F.);
#7198=ORIENTED_EDGE('',*,*,#5102,.T.);
#7199=ORIENTED_EDGE('',*,*,#5103,.T.);
#7200=ORIENTED_EDGE('',*,*,#5099,.F.);
#7201=ORIENTED_EDGE('',*,*,#4450,.F.);
#7202=ORIENTED_EDGE('',*,*,#5104,.T.);
#7203=ORIENTED_EDGE('',*,*,#5105,.T.);
#7204=ORIENTED_EDGE('',*,*,#5102,.F.);
#7205=ORIENTED_EDGE('',*,*,#4449,.F.);
#7206=ORIENTED_EDGE('',*,*,#5101,.T.);
#7207=ORIENTED_EDGE('',*,*,#5106,.T.);
#7208=ORIENTED_EDGE('',*,*,#5104,.F.);
#7209=ORIENTED_EDGE('',*,*,#5106,.F.);
#7210=ORIENTED_EDGE('',*,*,#5100,.F.);
#7211=ORIENTED_EDGE('',*,*,#5103,.F.);
#7212=ORIENTED_EDGE('',*,*,#5105,.F.);
#7213=ORIENTED_EDGE('',*,*,#5107,.F.);
#7214=ORIENTED_EDGE('',*,*,#5108,.T.);
#7215=ORIENTED_EDGE('',*,*,#5109,.T.);
#7216=ORIENTED_EDGE('',*,*,#5108,.F.);
#7217=ORIENTED_EDGE('',*,*,#4452,.F.);
#7218=ORIENTED_EDGE('',*,*,#5110,.T.);
#7219=ORIENTED_EDGE('',*,*,#5111,.T.);
#7220=ORIENTED_EDGE('',*,*,#5110,.F.);
#7221=ORIENTED_EDGE('',*,*,#5111,.F.);
#7222=ORIENTED_EDGE('',*,*,#5109,.F.);
#7223=ORIENTED_EDGE('',*,*,#5112,.F.);
#7224=ORIENTED_EDGE('',*,*,#5113,.T.);
#7225=ORIENTED_EDGE('',*,*,#5114,.T.);
#7226=ORIENTED_EDGE('',*,*,#5115,.F.);
#7227=ORIENTED_EDGE('',*,*,#5116,.F.);
#7228=ORIENTED_EDGE('',*,*,#5117,.T.);
#7229=ORIENTED_EDGE('',*,*,#5118,.T.);
#7230=ORIENTED_EDGE('',*,*,#5113,.F.);
#7231=ORIENTED_EDGE('',*,*,#5119,.F.);
#7232=ORIENTED_EDGE('',*,*,#5120,.T.);
#7233=ORIENTED_EDGE('',*,*,#5121,.T.);
#7234=ORIENTED_EDGE('',*,*,#5117,.F.);
#7235=ORIENTED_EDGE('',*,*,#5122,.F.);
#7236=ORIENTED_EDGE('',*,*,#5115,.T.);
#7237=ORIENTED_EDGE('',*,*,#5123,.T.);
#7238=ORIENTED_EDGE('',*,*,#5120,.F.);
#7239=ORIENTED_EDGE('',*,*,#5124,.F.);
#7240=ORIENTED_EDGE('',*,*,#5125,.T.);
#7241=ORIENTED_EDGE('',*,*,#5126,.T.);
#7242=ORIENTED_EDGE('',*,*,#5127,.F.);
#7243=ORIENTED_EDGE('',*,*,#5128,.F.);
#7244=ORIENTED_EDGE('',*,*,#5129,.T.);
#7245=ORIENTED_EDGE('',*,*,#5130,.T.);
#7246=ORIENTED_EDGE('',*,*,#5125,.F.);
#7247=ORIENTED_EDGE('',*,*,#5131,.F.);
#7248=ORIENTED_EDGE('',*,*,#5132,.T.);
#7249=ORIENTED_EDGE('',*,*,#5133,.T.);
#7250=ORIENTED_EDGE('',*,*,#5129,.F.);
#7251=ORIENTED_EDGE('',*,*,#5134,.F.);
#7252=ORIENTED_EDGE('',*,*,#5127,.T.);
#7253=ORIENTED_EDGE('',*,*,#5135,.T.);
#7254=ORIENTED_EDGE('',*,*,#5132,.F.);
#7255=ORIENTED_EDGE('',*,*,#4453,.F.);
#7256=ORIENTED_EDGE('',*,*,#5136,.T.);
#7257=ORIENTED_EDGE('',*,*,#5137,.T.);
#7258=ORIENTED_EDGE('',*,*,#5138,.F.);
#7259=ORIENTED_EDGE('',*,*,#4457,.F.);
#7260=ORIENTED_EDGE('',*,*,#5139,.T.);
#7261=ORIENTED_EDGE('',*,*,#5140,.T.);
#7262=ORIENTED_EDGE('',*,*,#5136,.F.);
#7263=ORIENTED_EDGE('',*,*,#4456,.F.);
#7264=ORIENTED_EDGE('',*,*,#5141,.T.);
#7265=ORIENTED_EDGE('',*,*,#5142,.T.);
#7266=ORIENTED_EDGE('',*,*,#5139,.F.);
#7267=ORIENTED_EDGE('',*,*,#4455,.F.);
#7268=ORIENTED_EDGE('',*,*,#5143,.T.);
#7269=ORIENTED_EDGE('',*,*,#5144,.T.);
#7270=ORIENTED_EDGE('',*,*,#5141,.F.);
#7271=ORIENTED_EDGE('',*,*,#4454,.F.);
#7272=ORIENTED_EDGE('',*,*,#5138,.T.);
#7273=ORIENTED_EDGE('',*,*,#5145,.T.);
#7274=ORIENTED_EDGE('',*,*,#5143,.F.);
#7275=ORIENTED_EDGE('',*,*,#5145,.F.);
#7276=ORIENTED_EDGE('',*,*,#5137,.F.);
#7277=ORIENTED_EDGE('',*,*,#5140,.F.);
#7278=ORIENTED_EDGE('',*,*,#5142,.F.);
#7279=ORIENTED_EDGE('',*,*,#5144,.F.);
#7280=ORIENTED_EDGE('',*,*,#5135,.F.);
#7281=ORIENTED_EDGE('',*,*,#5126,.F.);
#7282=ORIENTED_EDGE('',*,*,#5130,.F.);
#7283=ORIENTED_EDGE('',*,*,#5133,.F.);
#7284=ORIENTED_EDGE('',*,*,#5123,.F.);
#7285=ORIENTED_EDGE('',*,*,#5114,.F.);
#7286=ORIENTED_EDGE('',*,*,#5118,.F.);
#7287=ORIENTED_EDGE('',*,*,#5121,.F.);
#7288=ORIENTED_EDGE('',*,*,#5124,.T.);
#7289=ORIENTED_EDGE('',*,*,#5134,.T.);
#7290=ORIENTED_EDGE('',*,*,#5131,.T.);
#7291=ORIENTED_EDGE('',*,*,#5128,.T.);
#7292=ORIENTED_EDGE('',*,*,#5112,.T.);
#7293=ORIENTED_EDGE('',*,*,#5122,.T.);
#7294=ORIENTED_EDGE('',*,*,#5119,.T.);
#7295=ORIENTED_EDGE('',*,*,#5116,.T.);
#7296=ORIENTED_EDGE('',*,*,#5107,.T.);
#7297=ORIENTED_EDGE('',*,*,#4928,.T.);
#7298=ORIENTED_EDGE('',*,*,#4521,.F.);
#7299=ORIENTED_EDGE('',*,*,#4137,.F.);
#7300=ORIENTED_EDGE('',*,*,#5146,.F.);
#7301=ORIENTED_EDGE('',*,*,#4518,.F.);
#7302=ORIENTED_EDGE('',*,*,#5147,.F.);
#7303=ORIENTED_EDGE('',*,*,#4127,.F.);
#7304=ORIENTED_EDGE('',*,*,#4520,.T.);
#7305=ORIENTED_EDGE('',*,*,#4515,.F.);
#7306=ORIENTED_EDGE('',*,*,#5146,.T.);
#7307=ORIENTED_EDGE('',*,*,#4136,.F.);
#7308=ORIENTED_EDGE('',*,*,#5148,.T.);
#7309=ORIENTED_EDGE('',*,*,#4519,.F.);
#7310=ORIENTED_EDGE('',*,*,#4133,.F.);
#7311=ORIENTED_EDGE('',*,*,#4501,.F.);
#7312=ORIENTED_EDGE('',*,*,#4508,.F.);
#7313=ORIENTED_EDGE('',*,*,#5149,.F.);
#7314=ORIENTED_EDGE('',*,*,#4134,.F.);
#7315=ORIENTED_EDGE('',*,*,#5149,.T.);
#7316=ORIENTED_EDGE('',*,*,#4507,.F.);
#7317=ORIENTED_EDGE('',*,*,#5150,.F.);
#7318=ORIENTED_EDGE('',*,*,#4135,.F.);
#7319=ORIENTED_EDGE('',*,*,#5150,.T.);
#7320=ORIENTED_EDGE('',*,*,#4511,.F.);
#7321=ORIENTED_EDGE('',*,*,#5148,.F.);
#7322=ORIENTED_EDGE('',*,*,#5147,.T.);
#7323=ORIENTED_EDGE('',*,*,#4514,.F.);
#7324=ORIENTED_EDGE('',*,*,#5151,.F.);
#7325=ORIENTED_EDGE('',*,*,#4128,.F.);
#7326=ORIENTED_EDGE('',*,*,#4129,.F.);
#7327=ORIENTED_EDGE('',*,*,#5151,.T.);
#7328=ORIENTED_EDGE('',*,*,#4503,.F.);
#7329=ORIENTED_EDGE('',*,*,#5152,.F.);
#7330=ORIENTED_EDGE('',*,*,#4130,.F.);
#7331=ORIENTED_EDGE('',*,*,#5152,.T.);
#7332=ORIENTED_EDGE('',*,*,#4498,.F.);
#7333=ORIENTED_EDGE('',*,*,#5153,.F.);
#7334=ORIENTED_EDGE('',*,*,#4131,.F.);
#7335=ORIENTED_EDGE('',*,*,#5153,.T.);
#7336=ORIENTED_EDGE('',*,*,#4497,.F.);
#7337=ORIENTED_EDGE('',*,*,#4502,.F.);
#7338=ORIENTED_EDGE('',*,*,#4483,.F.);
#7339=ORIENTED_EDGE('',*,*,#4505,.F.);
#7340=ORIENTED_EDGE('',*,*,#4490,.F.);
#7341=ORIENTED_EDGE('',*,*,#4487,.F.);
#7342=ORIENTED_EDGE('',*,*,#4126,.F.);
#7343=ORIENTED_EDGE('',*,*,#5154,.T.);
#7344=ORIENTED_EDGE('',*,*,#5155,.T.);
#7345=ORIENTED_EDGE('',*,*,#5154,.F.);
#7346=ORIENTED_EDGE('',*,*,#5155,.F.);
#7347=ORIENTED_EDGE('',*,*,#4125,.F.);
#7348=ORIENTED_EDGE('',*,*,#5156,.T.);
#7349=ORIENTED_EDGE('',*,*,#5157,.T.);
#7350=ORIENTED_EDGE('',*,*,#5156,.F.);
#7351=ORIENTED_EDGE('',*,*,#5157,.F.);
#7352=ORIENTED_EDGE('',*,*,#4124,.F.);
#7353=ORIENTED_EDGE('',*,*,#5158,.T.);
#7354=ORIENTED_EDGE('',*,*,#5159,.T.);
#7355=ORIENTED_EDGE('',*,*,#5158,.F.);
#7356=ORIENTED_EDGE('',*,*,#5159,.F.);
#7357=ORIENTED_EDGE('',*,*,#4123,.F.);
#7358=ORIENTED_EDGE('',*,*,#5160,.T.);
#7359=ORIENTED_EDGE('',*,*,#5161,.T.);
#7360=ORIENTED_EDGE('',*,*,#5160,.F.);
#7361=ORIENTED_EDGE('',*,*,#5161,.F.);
#7362=ORIENTED_EDGE('',*,*,#4069,.F.);
#7363=ORIENTED_EDGE('',*,*,#4513,.F.);
#7364=ORIENTED_EDGE('',*,*,#4150,.F.);
#7365=ORIENTED_EDGE('',*,*,#4458,.F.);
#7366=ORIENTED_EDGE('',*,*,#4588,.T.);
#7367=ORIENTED_EDGE('',*,*,#4598,.T.);
#7368=ORIENTED_EDGE('',*,*,#4595,.T.);
#7369=ORIENTED_EDGE('',*,*,#4592,.T.);
#7370=TOROIDAL_SURFACE('',#7844,5.,1.);
#7371=TOROIDAL_SURFACE('',#7851,5.,1.);
#7372=TOROIDAL_SURFACE('',#7855,3.,1.);
#7373=TOROIDAL_SURFACE('',#7859,5.,1.);
#7374=TOROIDAL_SURFACE('',#7865,5.,1.);
#7375=TOROIDAL_SURFACE('',#7869,3.,1.);
#7376=TOROIDAL_SURFACE('',#7873,5.,1.);
#7377=TOROIDAL_SURFACE('',#7879,5.,1.);
#7378=TOROIDAL_SURFACE('',#7883,3.,1.);
#7379=TOROIDAL_SURFACE('',#7887,5.,1.);
#7380=TOROIDAL_SURFACE('',#7893,5.,1.);
#7381=TOROIDAL_SURFACE('',#7897,3.,1.);
#7382=TOROIDAL_SURFACE('',#7919,6.,2.);
#7383=TOROIDAL_SURFACE('',#7926,6.,2.);
#7384=TOROIDAL_SURFACE('',#7933,6.,2.);
#7385=TOROIDAL_SURFACE('',#7939,6.,2.);
#7386=TOROIDAL_SURFACE('',#7944,6.,2.);
#7387=TOROIDAL_SURFACE('',#7949,6.,2.);
#7388=TOROIDAL_SURFACE('',#7954,6.,2.);
#7389=TOROIDAL_SURFACE('',#7959,6.,2.);
#7390=ADVANCED_FACE('',(#2331),#7370,.T.);
#7391=ADVANCED_FACE('',(#2332),#2299,.T.);
#7392=ADVANCED_FACE('',(#2333),#7371,.T.);
#7393=ADVANCED_FACE('',(#2334),#7372,.T.);
#7394=ADVANCED_FACE('',(#2335),#7373,.T.);
#7395=ADVANCED_FACE('',(#2336),#2300,.T.);
#7396=ADVANCED_FACE('',(#2337),#7374,.T.);
#7397=ADVANCED_FACE('',(#2338),#7375,.T.);
#7398=ADVANCED_FACE('',(#2339),#7376,.T.);
#7399=ADVANCED_FACE('',(#2340),#2301,.T.);
#7400=ADVANCED_FACE('',(#2341),#7377,.T.);
#7401=ADVANCED_FACE('',(#2342),#7378,.T.);
#7402=ADVANCED_FACE('',(#2343),#7379,.T.);
#7403=ADVANCED_FACE('',(#2344),#2302,.T.);
#7404=ADVANCED_FACE('',(#2345),#7380,.T.);
#7405=ADVANCED_FACE('',(#2346),#7381,.T.);
#7406=ADVANCED_FACE('',(#2347),#286,.T.);
#7407=ADVANCED_FACE('',(#2348),#2303,.F.);
#7408=ADVANCED_FACE('',(#2349),#2304,.T.);
#7409=ADVANCED_FACE('',(#2350),#2305,.F.);
#7410=ADVANCED_FACE('',(#2351),#287,.T.);
#7411=ADVANCED_FACE('',(#2352),#2306,.F.);
#7412=ADVANCED_FACE('',(#2353),#2307,.T.);
#7413=ADVANCED_FACE('',(#2354),#2308,.F.);
#7414=ADVANCED_FACE('',(#2355,#241,#242,#243,#244,#245),#288,.T.);
#7415=ADVANCED_FACE('',(#2356),#7382,.T.);
#7416=ADVANCED_FACE('',(#2357),#2309,.T.);
#7417=ADVANCED_FACE('',(#2358),#7383,.T.);
#7418=ADVANCED_FACE('',(#2359),#231,.F.);
#7419=ADVANCED_FACE('',(#2360),#7384,.T.);
#7420=ADVANCED_FACE('',(#2361),#2310,.T.);
#7421=ADVANCED_FACE('',(#2362),#7385,.T.);
#7422=ADVANCED_FACE('',(#2363),#232,.F.);
#7423=ADVANCED_FACE('',(#2364),#7386,.T.);
#7424=ADVANCED_FACE('',(#2365),#2311,.T.);
#7425=ADVANCED_FACE('',(#2366),#7387,.T.);
#7426=ADVANCED_FACE('',(#2367),#233,.F.);
#7427=ADVANCED_FACE('',(#2368),#7388,.T.);
#7428=ADVANCED_FACE('',(#2369),#2312,.T.);
#7429=ADVANCED_FACE('',(#2370),#7389,.T.);
#7430=ADVANCED_FACE('',(#2371),#234,.F.);
#7431=ADVANCED_FACE('',(#2372),#2313,.F.);
#7432=ADVANCED_FACE('',(#2373),#2314,.T.);
#7433=ADVANCED_FACE('',(#2374),#2315,.F.);
#7434=ADVANCED_FACE('',(#2375,#246,#247,#248,#249,#250,#251,#252,#253,#254,
#255,#256,#257,#258,#259,#260,#261,#262,#263,#264,#265,#266,#267,#268,#269,
#270,#271,#272,#273,#274,#275,#276,#277,#278),#289,.F.);
#7435=ADVANCED_FACE('',(#2376),#2316,.F.);
#7436=ADVANCED_FACE('',(#2377),#290,.T.);
#7437=ADVANCED_FACE('',(#2378),#79,.F.);
#7438=ADVANCED_FACE('',(#2379),#80,.F.);
#7439=ADVANCED_FACE('',(#2380),#2317,.F.);
#7440=ADVANCED_FACE('',(#2381),#81,.F.);
#7441=ADVANCED_FACE('',(#2382),#2318,.F.);
#7442=ADVANCED_FACE('',(#2383),#2319,.F.);
#7443=ADVANCED_FACE('',(#2384),#82,.F.);
#7444=ADVANCED_FACE('',(#2385),#2320,.F.);
#7445=ADVANCED_FACE('',(#2386),#2321,.F.);
#7446=ADVANCED_FACE('',(#2387),#2322,.F.);
#7447=ADVANCED_FACE('',(#2388),#2323,.F.);
#7448=ADVANCED_FACE('',(#2389),#2324,.F.);
#7449=ADVANCED_FACE('',(#2390),#291,.T.);
#7450=ADVANCED_FACE('',(#2391),#292,.T.);
#7451=ADVANCED_FACE('',(#2392),#293,.T.);
#7452=ADVANCED_FACE('',(#2393),#294,.T.);
#7453=ADVANCED_FACE('',(#2394),#295,.T.);
#7454=ADVANCED_FACE('',(#2395),#296,.T.);
#7455=ADVANCED_FACE('',(#2396),#297,.T.);
#7456=ADVANCED_FACE('',(#2397),#298,.T.);
#7457=ADVANCED_FACE('',(#2398),#2325,.F.);
#7458=ADVANCED_FACE('',(#2399),#299,.T.);
#7459=ADVANCED_FACE('',(#2400),#300,.T.);
#7460=ADVANCED_FACE('',(#2401),#301,.T.);
#7461=ADVANCED_FACE('',(#2402),#15,.T.);
#7462=ADVANCED_FACE('',(#2403),#302,.T.);
#7463=ADVANCED_FACE('',(#2404),#16,.T.);
#7464=ADVANCED_FACE('',(#2405),#303,.T.);
#7465=ADVANCED_FACE('',(#2406),#17,.T.);
#7466=ADVANCED_FACE('',(#2407),#304,.T.);
#7467=ADVANCED_FACE('',(#2408),#18,.T.);
#7468=ADVANCED_FACE('',(#2409),#235,.F.);
#7469=ADVANCED_FACE('',(#2410),#19,.T.);
#7470=ADVANCED_FACE('',(#2411),#305,.T.);
#7471=ADVANCED_FACE('',(#2412),#236,.F.);
#7472=ADVANCED_FACE('',(#2413),#306,.T.);
#7473=ADVANCED_FACE('',(#2414),#307,.F.);
#7474=ADVANCED_FACE('',(#2415),#308,.F.);
#7475=ADVANCED_FACE('',(#2416),#309,.F.);
#7476=ADVANCED_FACE('',(#2417),#310,.F.);
#7477=ADVANCED_FACE('',(#2418),#311,.F.);
#7478=ADVANCED_FACE('',(#2419),#312,.F.);
#7479=ADVANCED_FACE('',(#2420),#313,.F.);
#7480=ADVANCED_FACE('',(#2421),#314,.F.);
#7481=ADVANCED_FACE('',(#2422),#315,.F.);
#7482=ADVANCED_FACE('',(#2423),#20,.F.);
#7483=ADVANCED_FACE('',(#2424),#21,.F.);
#7484=ADVANCED_FACE('',(#2425),#316,.F.);
#7485=ADVANCED_FACE('',(#2426),#22,.F.);
#7486=ADVANCED_FACE('',(#2427),#317,.F.);
#7487=ADVANCED_FACE('',(#2428),#318,.T.);
#7488=ADVANCED_FACE('',(#2429),#23,.F.);
#7489=ADVANCED_FACE('',(#2430),#319,.F.);
#7490=ADVANCED_FACE('',(#2431),#24,.F.);
#7491=ADVANCED_FACE('',(#2432),#25,.F.);
#7492=ADVANCED_FACE('',(#2433),#320,.F.);
#7493=ADVANCED_FACE('',(#2434),#321,.T.);
#7494=ADVANCED_FACE('',(#2435),#26,.F.);
#7495=ADVANCED_FACE('',(#2436),#322,.F.);
#7496=ADVANCED_FACE('',(#2437),#323,.F.);
#7497=ADVANCED_FACE('',(#2438),#324,.F.);
#7498=ADVANCED_FACE('',(#2439),#325,.F.);
#7499=ADVANCED_FACE('',(#2440),#326,.F.);
#7500=ADVANCED_FACE('',(#2441),#327,.F.);
#7501=ADVANCED_FACE('',(#2442),#27,.F.);
#7502=ADVANCED_FACE('',(#2443,#279),#328,.T.);
#7503=ADVANCED_FACE('',(#2444),#329,.F.);
#7504=ADVANCED_FACE('',(#2445),#330,.F.);
#7505=ADVANCED_FACE('',(#2446),#331,.F.);
#7506=ADVANCED_FACE('',(#2447),#332,.F.);
#7507=ADVANCED_FACE('',(#2448),#333,.F.);
#7508=ADVANCED_FACE('',(#2449),#334,.F.);
#7509=ADVANCED_FACE('',(#2450),#335,.F.);
#7510=ADVANCED_FACE('',(#2451),#336,.F.);
#7511=ADVANCED_FACE('',(#2452),#337,.F.);
#7512=ADVANCED_FACE('',(#2453),#338,.F.);
#7513=ADVANCED_FACE('',(#2454),#28,.F.);
#7514=ADVANCED_FACE('',(#2455),#339,.F.);
#7515=ADVANCED_FACE('',(#2456),#29,.F.);
#7516=ADVANCED_FACE('',(#2457),#30,.F.);
#7517=ADVANCED_FACE('',(#2458),#340,.F.);
#7518=ADVANCED_FACE('',(#2459),#341,.T.);
#7519=ADVANCED_FACE('',(#2460),#31,.F.);
#7520=ADVANCED_FACE('',(#2461),#32,.F.);
#7521=ADVANCED_FACE('',(#2462),#342,.F.);
#7522=ADVANCED_FACE('',(#2463),#343,.F.);
#7523=ADVANCED_FACE('',(#2464),#344,.F.);
#7524=ADVANCED_FACE('',(#2465),#33,.F.);
#7525=ADVANCED_FACE('',(#2466),#345,.F.);
#7526=ADVANCED_FACE('',(#2467),#346,.F.);
#7527=ADVANCED_FACE('',(#2468),#347,.F.);
#7528=ADVANCED_FACE('',(#2469),#348,.T.);
#7529=ADVANCED_FACE('',(#2470),#34,.F.);
#7530=ADVANCED_FACE('',(#2471),#35,.F.);
#7531=ADVANCED_FACE('',(#2472),#36,.F.);
#7532=ADVANCED_FACE('',(#2473),#349,.F.);
#7533=ADVANCED_FACE('',(#2474),#350,.F.);
#7534=ADVANCED_FACE('',(#2475),#351,.F.);
#7535=ADVANCED_FACE('',(#2476),#352,.F.);
#7536=ADVANCED_FACE('',(#2477),#353,.F.);
#7537=ADVANCED_FACE('',(#2478),#237,.F.);
#7538=ADVANCED_FACE('',(#2479),#37,.F.);
#7539=ADVANCED_FACE('',(#2480),#38,.F.);
#7540=ADVANCED_FACE('',(#2481),#39,.F.);
#7541=ADVANCED_FACE('',(#2482),#354,.F.);
#7542=ADVANCED_FACE('',(#2483),#355,.F.);
#7543=ADVANCED_FACE('',(#2484),#356,.F.);
#7544=ADVANCED_FACE('',(#2485),#40,.F.);
#7545=ADVANCED_FACE('',(#2486),#41,.F.);
#7546=ADVANCED_FACE('',(#2487),#42,.F.);
#7547=ADVANCED_FACE('',(#2488),#357,.F.);
#7548=ADVANCED_FACE('',(#2489),#358,.F.);
#7549=ADVANCED_FACE('',(#2490),#359,.F.);
#7550=ADVANCED_FACE('',(#2491),#43,.F.);
#7551=ADVANCED_FACE('',(#2492),#44,.F.);
#7552=ADVANCED_FACE('',(#2493),#45,.F.);
#7553=ADVANCED_FACE('',(#2494),#360,.T.);
#7554=ADVANCED_FACE('',(#2495),#46,.F.);
#7555=ADVANCED_FACE('',(#2496),#361,.F.);
#7556=ADVANCED_FACE('',(#2497),#362,.F.);
#7557=ADVANCED_FACE('',(#2498),#363,.F.);
#7558=ADVANCED_FACE('',(#2499),#364,.F.);
#7559=ADVANCED_FACE('',(#2500),#365,.F.);
#7560=ADVANCED_FACE('',(#2501),#47,.F.);
#7561=ADVANCED_FACE('',(#2502),#48,.F.);
#7562=ADVANCED_FACE('',(#2503),#49,.F.);
#7563=ADVANCED_FACE('',(#2504),#238,.T.);
#7564=ADVANCED_FACE('',(#2505),#50,.F.);
#7565=ADVANCED_FACE('',(#2506,#280),#366,.T.);
#7566=ADVANCED_FACE('',(#2507),#51,.F.);
#7567=ADVANCED_FACE('',(#2508),#367,.F.);
#7568=ADVANCED_FACE('',(#2509),#368,.F.);
#7569=ADVANCED_FACE('',(#2510),#369,.F.);
#7570=ADVANCED_FACE('',(#2511),#370,.F.);
#7571=ADVANCED_FACE('',(#2512),#52,.F.);
#7572=ADVANCED_FACE('',(#2513),#371,.F.);
#7573=ADVANCED_FACE('',(#2514),#372,.F.);
#7574=ADVANCED_FACE('',(#2515),#373,.F.);
#7575=ADVANCED_FACE('',(#2516),#374,.F.);
#7576=ADVANCED_FACE('',(#2517),#375,.T.);
#7577=ADVANCED_FACE('',(#2518),#376,.F.);
#7578=ADVANCED_FACE('',(#2519),#377,.F.);
#7579=ADVANCED_FACE('',(#2520),#378,.F.);
#7580=ADVANCED_FACE('',(#2521),#379,.F.);
#7581=ADVANCED_FACE('',(#2522),#380,.F.);
#7582=ADVANCED_FACE('',(#2523),#381,.F.);
#7583=ADVANCED_FACE('',(#2524),#382,.F.);
#7584=ADVANCED_FACE('',(#2525),#383,.F.);
#7585=ADVANCED_FACE('',(#2526),#384,.F.);
#7586=ADVANCED_FACE('',(#2527),#385,.F.);
#7587=ADVANCED_FACE('',(#2528),#386,.F.);
#7588=ADVANCED_FACE('',(#2529),#387,.F.);
#7589=ADVANCED_FACE('',(#2530),#53,.F.);
#7590=ADVANCED_FACE('',(#2531),#54,.F.);
#7591=ADVANCED_FACE('',(#2532),#388,.F.);
#7592=ADVANCED_FACE('',(#2533),#55,.F.);
#7593=ADVANCED_FACE('',(#2534),#389,.F.);
#7594=ADVANCED_FACE('',(#2535),#390,.T.);
#7595=ADVANCED_FACE('',(#2536),#391,.F.);
#7596=ADVANCED_FACE('',(#2537),#392,.F.);
#7597=ADVANCED_FACE('',(#2538),#393,.F.);
#7598=ADVANCED_FACE('',(#2539),#394,.F.);
#7599=ADVANCED_FACE('',(#2540),#395,.F.);
#7600=ADVANCED_FACE('',(#2541),#396,.F.);
#7601=ADVANCED_FACE('',(#2542),#397,.F.);
#7602=ADVANCED_FACE('',(#2543),#398,.F.);
#7603=ADVANCED_FACE('',(#2544),#399,.F.);
#7604=ADVANCED_FACE('',(#2545),#400,.F.);
#7605=ADVANCED_FACE('',(#2546),#401,.F.);
#7606=ADVANCED_FACE('',(#2547),#402,.F.);
#7607=ADVANCED_FACE('',(#2548),#403,.F.);
#7608=ADVANCED_FACE('',(#2549),#404,.F.);
#7609=ADVANCED_FACE('',(#2550),#405,.F.);
#7610=ADVANCED_FACE('',(#2551),#406,.F.);
#7611=ADVANCED_FACE('',(#2552),#407,.F.);
#7612=ADVANCED_FACE('',(#2553),#408,.F.);
#7613=ADVANCED_FACE('',(#2554),#409,.F.);
#7614=ADVANCED_FACE('',(#2555),#410,.F.);
#7615=ADVANCED_FACE('',(#2556),#411,.F.);
#7616=ADVANCED_FACE('',(#2557),#412,.F.);
#7617=ADVANCED_FACE('',(#2558),#413,.F.);
#7618=ADVANCED_FACE('',(#2559),#414,.F.);
#7619=ADVANCED_FACE('',(#2560),#415,.F.);
#7620=ADVANCED_FACE('',(#2561),#416,.F.);
#7621=ADVANCED_FACE('',(#2562),#417,.F.);
#7622=ADVANCED_FACE('',(#2563),#418,.F.);
#7623=ADVANCED_FACE('',(#2564),#419,.F.);
#7624=ADVANCED_FACE('',(#2565),#420,.F.);
#7625=ADVANCED_FACE('',(#2566),#421,.F.);
#7626=ADVANCED_FACE('',(#2567),#422,.F.);
#7627=ADVANCED_FACE('',(#2568),#423,.F.);
#7628=ADVANCED_FACE('',(#2569),#424,.F.);
#7629=ADVANCED_FACE('',(#2570),#425,.F.);
#7630=ADVANCED_FACE('',(#2571),#426,.F.);
#7631=ADVANCED_FACE('',(#2572),#427,.F.);
#7632=ADVANCED_FACE('',(#2573),#428,.F.);
#7633=ADVANCED_FACE('',(#2574),#429,.F.);
#7634=ADVANCED_FACE('',(#2575),#430,.F.);
#7635=ADVANCED_FACE('',(#2576),#431,.F.);
#7636=ADVANCED_FACE('',(#2577),#56,.F.);
#7637=ADVANCED_FACE('',(#2578),#432,.F.);
#7638=ADVANCED_FACE('',(#2579),#433,.F.);
#7639=ADVANCED_FACE('',(#2580),#434,.F.);
#7640=ADVANCED_FACE('',(#2581),#57,.F.);
#7641=ADVANCED_FACE('',(#2582),#435,.F.);
#7642=ADVANCED_FACE('',(#2583),#436,.F.);
#7643=ADVANCED_FACE('',(#2584),#437,.F.);
#7644=ADVANCED_FACE('',(#2585),#58,.F.);
#7645=ADVANCED_FACE('',(#2586),#438,.T.);
#7646=ADVANCED_FACE('',(#2587),#439,.F.);
#7647=ADVANCED_FACE('',(#2588),#440,.F.);
#7648=ADVANCED_FACE('',(#2589),#441,.F.);
#7649=ADVANCED_FACE('',(#2590),#442,.F.);
#7650=ADVANCED_FACE('',(#2591),#443,.F.);
#7651=ADVANCED_FACE('',(#2592),#444,.F.);
#7652=ADVANCED_FACE('',(#2593),#445,.F.);
#7653=ADVANCED_FACE('',(#2594),#446,.F.);
#7654=ADVANCED_FACE('',(#2595),#447,.F.);
#7655=ADVANCED_FACE('',(#2596),#448,.F.);
#7656=ADVANCED_FACE('',(#2597),#449,.F.);
#7657=ADVANCED_FACE('',(#2598),#450,.F.);
#7658=ADVANCED_FACE('',(#2599),#451,.F.);
#7659=ADVANCED_FACE('',(#2600),#452,.F.);
#7660=ADVANCED_FACE('',(#2601),#453,.F.);
#7661=ADVANCED_FACE('',(#2602),#454,.F.);
#7662=ADVANCED_FACE('',(#2603),#455,.F.);
#7663=ADVANCED_FACE('',(#2604),#456,.F.);
#7664=ADVANCED_FACE('',(#2605),#457,.F.);
#7665=ADVANCED_FACE('',(#2606),#458,.F.);
#7666=ADVANCED_FACE('',(#2607),#459,.F.);
#7667=ADVANCED_FACE('',(#2608),#460,.F.);
#7668=ADVANCED_FACE('',(#2609),#461,.F.);
#7669=ADVANCED_FACE('',(#2610),#462,.F.);
#7670=ADVANCED_FACE('',(#2611),#463,.F.);
#7671=ADVANCED_FACE('',(#2612),#464,.F.);
#7672=ADVANCED_FACE('',(#2613),#465,.F.);
#7673=ADVANCED_FACE('',(#2614),#466,.F.);
#7674=ADVANCED_FACE('',(#2615),#467,.F.);
#7675=ADVANCED_FACE('',(#2616),#468,.F.);
#7676=ADVANCED_FACE('',(#2617),#469,.F.);
#7677=ADVANCED_FACE('',(#2618),#470,.F.);
#7678=ADVANCED_FACE('',(#2619),#471,.F.);
#7679=ADVANCED_FACE('',(#2620),#59,.F.);
#7680=ADVANCED_FACE('',(#2621),#60,.F.);
#7681=ADVANCED_FACE('',(#2622,#281),#472,.T.);
#7682=ADVANCED_FACE('',(#2623),#473,.F.);
#7683=ADVANCED_FACE('',(#2624),#474,.F.);
#7684=ADVANCED_FACE('',(#2625),#475,.F.);
#7685=ADVANCED_FACE('',(#2626),#476,.F.);
#7686=ADVANCED_FACE('',(#2627),#477,.F.);
#7687=ADVANCED_FACE('',(#2628),#478,.F.);
#7688=ADVANCED_FACE('',(#2629),#479,.F.);
#7689=ADVANCED_FACE('',(#2630),#480,.F.);
#7690=ADVANCED_FACE('',(#2631),#61,.F.);
#7691=ADVANCED_FACE('',(#2632),#481,.F.);
#7692=ADVANCED_FACE('',(#2633),#482,.F.);
#7693=ADVANCED_FACE('',(#2634),#483,.F.);
#7694=ADVANCED_FACE('',(#2635),#484,.F.);
#7695=ADVANCED_FACE('',(#2636),#485,.F.);
#7696=ADVANCED_FACE('',(#2637),#62,.F.);
#7697=ADVANCED_FACE('',(#2638),#486,.F.);
#7698=ADVANCED_FACE('',(#2639),#487,.F.);
#7699=ADVANCED_FACE('',(#2640),#488,.T.);
#7700=ADVANCED_FACE('',(#2641),#239,.F.);
#7701=ADVANCED_FACE('',(#2642),#63,.F.);
#7702=ADVANCED_FACE('',(#2643),#64,.F.);
#7703=ADVANCED_FACE('',(#2644),#489,.F.);
#7704=ADVANCED_FACE('',(#2645),#65,.F.);
#7705=ADVANCED_FACE('',(#2646),#240,.T.);
#7706=ADVANCED_FACE('',(#2647),#66,.F.);
#7707=ADVANCED_FACE('',(#2648),#67,.F.);
#7708=ADVANCED_FACE('',(#2649),#490,.F.);
#7709=ADVANCED_FACE('',(#2650,#282),#491,.T.);
#7710=ADVANCED_FACE('',(#2651),#492,.F.);
#7711=ADVANCED_FACE('',(#2652),#493,.F.);
#7712=ADVANCED_FACE('',(#2653),#494,.F.);
#7713=ADVANCED_FACE('',(#2654),#495,.F.);
#7714=ADVANCED_FACE('',(#2655),#496,.F.);
#7715=ADVANCED_FACE('',(#2656),#497,.F.);
#7716=ADVANCED_FACE('',(#2657),#498,.F.);
#7717=ADVANCED_FACE('',(#2658),#499,.F.);
#7718=ADVANCED_FACE('',(#2659),#500,.F.);
#7719=ADVANCED_FACE('',(#2660),#501,.F.);
#7720=ADVANCED_FACE('',(#2661),#502,.F.);
#7721=ADVANCED_FACE('',(#2662),#503,.F.);
#7722=ADVANCED_FACE('',(#2663),#504,.F.);
#7723=ADVANCED_FACE('',(#2664),#505,.F.);
#7724=ADVANCED_FACE('',(#2665),#506,.F.);
#7725=ADVANCED_FACE('',(#2666),#507,.F.);
#7726=ADVANCED_FACE('',(#2667),#508,.F.);
#7727=ADVANCED_FACE('',(#2668),#509,.F.);
#7728=ADVANCED_FACE('',(#2669),#510,.F.);
#7729=ADVANCED_FACE('',(#2670),#511,.F.);
#7730=ADVANCED_FACE('',(#2671),#512,.F.);
#7731=ADVANCED_FACE('',(#2672),#513,.F.);
#7732=ADVANCED_FACE('',(#2673),#514,.F.);
#7733=ADVANCED_FACE('',(#2674),#515,.F.);
#7734=ADVANCED_FACE('',(#2675),#516,.F.);
#7735=ADVANCED_FACE('',(#2676),#517,.F.);
#7736=ADVANCED_FACE('',(#2677),#518,.F.);
#7737=ADVANCED_FACE('',(#2678),#68,.F.);
#7738=ADVANCED_FACE('',(#2679),#519,.F.);
#7739=ADVANCED_FACE('',(#2680),#520,.F.);
#7740=ADVANCED_FACE('',(#2681),#521,.F.);
#7741=ADVANCED_FACE('',(#2682),#522,.F.);
#7742=ADVANCED_FACE('',(#2683),#523,.F.);
#7743=ADVANCED_FACE('',(#2684),#69,.F.);
#7744=ADVANCED_FACE('',(#2685),#524,.F.);
#7745=ADVANCED_FACE('',(#2686),#525,.F.);
#7746=ADVANCED_FACE('',(#2687),#526,.F.);
#7747=ADVANCED_FACE('',(#2688),#527,.F.);
#7748=ADVANCED_FACE('',(#2689),#528,.F.);
#7749=ADVANCED_FACE('',(#2690),#529,.T.);
#7750=ADVANCED_FACE('',(#2691),#530,.F.);
#7751=ADVANCED_FACE('',(#2692),#531,.F.);
#7752=ADVANCED_FACE('',(#2693),#532,.F.);
#7753=ADVANCED_FACE('',(#2694),#533,.F.);
#7754=ADVANCED_FACE('',(#2695),#534,.F.);
#7755=ADVANCED_FACE('',(#2696),#535,.F.);
#7756=ADVANCED_FACE('',(#2697),#536,.F.);
#7757=ADVANCED_FACE('',(#2698),#537,.F.);
#7758=ADVANCED_FACE('',(#2699),#538,.F.);
#7759=ADVANCED_FACE('',(#2700),#70,.F.);
#7760=ADVANCED_FACE('',(#2701),#71,.F.);
#7761=ADVANCED_FACE('',(#2702),#539,.F.);
#7762=ADVANCED_FACE('',(#2703),#540,.F.);
#7763=ADVANCED_FACE('',(#2704),#541,.F.);
#7764=ADVANCED_FACE('',(#2705),#72,.F.);
#7765=ADVANCED_FACE('',(#2706),#542,.F.);
#7766=ADVANCED_FACE('',(#2707),#543,.T.);
#7767=ADVANCED_FACE('',(#2708),#544,.F.);
#7768=ADVANCED_FACE('',(#2709),#545,.F.);
#7769=ADVANCED_FACE('',(#2710),#546,.F.);
#7770=ADVANCED_FACE('',(#2711),#547,.F.);
#7771=ADVANCED_FACE('',(#2712),#548,.F.);
#7772=ADVANCED_FACE('',(#2713),#549,.F.);
#7773=ADVANCED_FACE('',(#2714),#550,.F.);
#7774=ADVANCED_FACE('',(#2715),#551,.F.);
#7775=ADVANCED_FACE('',(#2716),#552,.F.);
#7776=ADVANCED_FACE('',(#2717),#553,.F.);
#7777=ADVANCED_FACE('',(#2718),#554,.F.);
#7778=ADVANCED_FACE('',(#2719),#555,.F.);
#7779=ADVANCED_FACE('',(#2720),#73,.F.);
#7780=ADVANCED_FACE('',(#2721),#74,.F.);
#7781=ADVANCED_FACE('',(#2722,#283),#556,.T.);
#7782=ADVANCED_FACE('',(#2723),#75,.F.);
#7783=ADVANCED_FACE('',(#2724),#557,.F.);
#7784=ADVANCED_FACE('',(#2725),#558,.F.);
#7785=ADVANCED_FACE('',(#2726),#559,.F.);
#7786=ADVANCED_FACE('',(#2727),#560,.F.);
#7787=ADVANCED_FACE('',(#2728),#76,.F.);
#7788=ADVANCED_FACE('',(#2729),#561,.F.);
#7789=ADVANCED_FACE('',(#2730),#562,.F.);
#7790=ADVANCED_FACE('',(#2731),#77,.F.);
#7791=ADVANCED_FACE('',(#2732),#78,.F.);
#7792=ADVANCED_FACE('',(#2733),#563,.F.);
#7793=ADVANCED_FACE('',(#2734),#564,.F.);
#7794=ADVANCED_FACE('',(#2735),#565,.F.);
#7795=ADVANCED_FACE('',(#2736,#284,#285),#566,.T.);
#7796=ADVANCED_FACE('',(#2737),#567,.F.);
#7797=ADVANCED_FACE('',(#2738),#568,.F.);
#7798=ADVANCED_FACE('',(#2739),#569,.F.);
#7799=ADVANCED_FACE('',(#2740),#570,.F.);
#7800=ADVANCED_FACE('',(#2741),#571,.F.);
#7801=ADVANCED_FACE('',(#2742),#572,.F.);
#7802=ADVANCED_FACE('',(#2743),#573,.T.);
#7803=ADVANCED_FACE('',(#2744),#574,.T.);
#7804=ADVANCED_FACE('',(#2745),#575,.T.);
#7805=ADVANCED_FACE('',(#2746),#576,.T.);
#7806=ADVANCED_FACE('',(#2747),#577,.T.);
#7807=ADVANCED_FACE('',(#2748),#578,.T.);
#7808=ADVANCED_FACE('',(#2749),#579,.T.);
#7809=ADVANCED_FACE('',(#2750),#580,.T.);
#7810=ADVANCED_FACE('',(#2751),#581,.T.);
#7811=ADVANCED_FACE('',(#2752),#2326,.F.);
#7812=ADVANCED_FACE('',(#2753),#582,.T.);
#7813=ADVANCED_FACE('',(#2754),#2327,.F.);
#7814=ADVANCED_FACE('',(#2755),#583,.T.);
#7815=ADVANCED_FACE('',(#2756),#2328,.F.);
#7816=ADVANCED_FACE('',(#2757),#584,.T.);
#7817=ADVANCED_FACE('',(#2758),#2329,.F.);
#7818=ADVANCED_FACE('',(#2759),#585,.T.);
#7819=ADVANCED_FACE('',(#2760),#2330,.T.);
#7820=ADVANCED_FACE('',(#2761),#586,.F.);
#7821=CLOSED_SHELL('',(#7390,#7391,#7392,#7393,#7394,#7395,#7396,#7397,
#7398,#7399,#7400,#7401,#7402,#7403,#7404,#7405,#7406,#7407,#7408,#7409,
#7410,#7411,#7412,#7413,#7414,#7415,#7416,#7417,#7418,#7419,#7420,#7421,
#7422,#7423,#7424,#7425,#7426,#7427,#7428,#7429,#7430,#7431,#7432,#7433,
#7434,#7435,#7436,#7437,#7438,#7439,#7440,#7441,#7442,#7443,#7444,#7445,
#7446,#7447,#7448,#7449,#7450,#7451,#7452,#7453,#7454,#7455,#7456,#7457,
#7458,#7459,#7460,#7461,#7462,#7463,#7464,#7465,#7466,#7467,#7468,#7469,
#7470,#7471,#7472,#7473,#7474,#7475,#7476,#7477,#7478,#7479,#7480,#7481,
#7482,#7483,#7484,#7485,#7486,#7487,#7488,#7489,#7490,#7491,#7492,#7493,
#7494,#7495,#7496,#7497,#7498,#7499,#7500,#7501,#7502,#7503,#7504,#7505,
#7506,#7507,#7508,#7509,#7510,#7511,#7512,#7513,#7514,#7515,#7516,#7517,
#7518,#7519,#7520,#7521,#7522,#7523,#7524,#7525,#7526,#7527,#7528,#7529,
#7530,#7531,#7532,#7533,#7534,#7535,#7536,#7537,#7538,#7539,#7540,#7541,
#7542,#7543,#7544,#7545,#7546,#7547,#7548,#7549,#7550,#7551,#7552,#7553,
#7554,#7555,#7556,#7557,#7558,#7559,#7560,#7561,#7562,#7563,#7564,#7565,
#7566,#7567,#7568,#7569,#7570,#7571,#7572,#7573,#7574,#7575,#7576,#7577,
#7578,#7579,#7580,#7581,#7582,#7583,#7584,#7585,#7586,#7587,#7588,#7589,
#7590,#7591,#7592,#7593,#7594,#7595,#7596,#7597,#7598,#7599,#7600,#7601,
#7602,#7603,#7604,#7605,#7606,#7607,#7608,#7609,#7610,#7611,#7612,#7613,
#7614,#7615,#7616,#7617,#7618,#7619,#7620,#7621,#7622,#7623,#7624,#7625,
#7626,#7627,#7628,#7629,#7630,#7631,#7632,#7633,#7634,#7635,#7636,#7637,
#7638,#7639,#7640,#7641,#7642,#7643,#7644,#7645,#7646,#7647,#7648,#7649,
#7650,#7651,#7652,#7653,#7654,#7655,#7656,#7657,#7658,#7659,#7660,#7661,
#7662,#7663,#7664,#7665,#7666,#7667,#7668,#7669,#7670,#7671,#7672,#7673,
#7674,#7675,#7676,#7677,#7678,#7679,#7680,#7681,#7682,#7683,#7684,#7685,
#7686,#7687,#7688,#7689,#7690,#7691,#7692,#7693,#7694,#7695,#7696,#7697,
#7698,#7699,#7700,#7701,#7702,#7703,#7704,#7705,#7706,#7707,#7708,#7709,
#7710,#7711,#7712,#7713,#7714,#7715,#7716,#7717,#7718,#7719,#7720,#7721,
#7722,#7723,#7724,#7725,#7726,#7727,#7728,#7729,#7730,#7731,#7732,#7733,
#7734,#7735,#7736,#7737,#7738,#7739,#7740,#7741,#7742,#7743,#7744,#7745,
#7746,#7747,#7748,#7749,#7750,#7751,#7752,#7753,#7754,#7755,#7756,#7757,
#7758,#7759,#7760,#7761,#7762,#7763,#7764,#7765,#7766,#7767,#7768,#7769,
#7770,#7771,#7772,#7773,#7774,#7775,#7776,#7777,#7778,#7779,#7780,#7781,
#7782,#7783,#7784,#7785,#7786,#7787,#7788,#7789,#7790,#7791,#7792,#7793,
#7794,#7795,#7796,#7797,#7798,#7799,#7800,#7801,#7802,#7803,#7804,#7805,
#7806,#7807,#7808,#7809,#7810,#7811,#7812,#7813,#7814,#7815,#7816,#7817,
#7818,#7819,#7820));
#7822=DERIVED_UNIT_ELEMENT(#7825,1.);
#7823=DERIVED_UNIT_ELEMENT(#16396,-3.);
#7824=DIMENSIONAL_EXPONENTS(0.,1.,0.,0.,0.,0.,0.);
#7825=(
CONVERSION_BASED_UNIT('gram',#7827)
MASS_UNIT()
NAMED_UNIT(#7824)
);
#7826=(
MASS_UNIT()
NAMED_UNIT(*)
SI_UNIT(.KILO.,.GRAM.)
);
#7827=MASS_MEASURE_WITH_UNIT(MASS_MEASURE(0.001),#7826);
#7828=DERIVED_UNIT((#7822,#7823));
#7829=MEASURE_REPRESENTATION_ITEM('density measure',
POSITIVE_RATIO_MEASURE(0.93),#7828);
#7830=PROPERTY_DEFINITION_REPRESENTATION(#7835,#7832);
#7831=PROPERTY_DEFINITION_REPRESENTATION(#7836,#7833);
#7832=REPRESENTATION('material name',(#7834),#16393);
#7833=REPRESENTATION('density',(#7829),#16393);
#7834=DESCRIPTIVE_REPRESENTATION_ITEM('Gummi','Gummi');
#7835=PROPERTY_DEFINITION('material property','material name',#16403);
#7836=PROPERTY_DEFINITION('material property','density of part',#16403);
#7837=DATE_TIME_ROLE('creation_date');
#7838=APPLIED_DATE_AND_TIME_ASSIGNMENT(#7839,#7837,(#16403));
#7839=DATE_AND_TIME(#7840,#7841);
#7840=CALENDAR_DATE(2025,26,1);
#7841=LOCAL_TIME(0,0,0.,#7842);
#7842=COORDINATED_UNIVERSAL_TIME_OFFSET(0,0,.BEHIND.);
#7843=AXIS2_PLACEMENT_3D('',#10133,#8321,#8322);
#7844=AXIS2_PLACEMENT_3D('',#10134,#8323,#8324);
#7845=AXIS2_PLACEMENT_3D('',#10137,#8325,#8326);
#7846=AXIS2_PLACEMENT_3D('',#10139,#8327,#8328);
#7847=AXIS2_PLACEMENT_3D('',#10141,#8329,#8330);
#7848=AXIS2_PLACEMENT_3D('',#10142,#8331,#8332);
#7849=AXIS2_PLACEMENT_3D('',#10143,#8333,#8334);
#7850=AXIS2_PLACEMENT_3D('',#10146,#8335,#8336);
#7851=AXIS2_PLACEMENT_3D('',#10149,#8339,#8340);
#7852=AXIS2_PLACEMENT_3D('',#10152,#8341,#8342);
#7853=AXIS2_PLACEMENT_3D('',#10153,#8343,#8344);
#7854=AXIS2_PLACEMENT_3D('',#10154,#8345,#8346);
#7855=AXIS2_PLACEMENT_3D('',#10155,#8347,#8348);
#7856=AXIS2_PLACEMENT_3D('',#10158,#8349,#8350);
#7857=AXIS2_PLACEMENT_3D('',#10159,#8351,#8352);
#7858=AXIS2_PLACEMENT_3D('',#10160,#8353,#8354);
#7859=AXIS2_PLACEMENT_3D('',#10161,#8355,#8356);
#7860=AXIS2_PLACEMENT_3D('',#10164,#8357,#8358);
#7861=AXIS2_PLACEMENT_3D('',#10165,#8359,#8360);
#7862=AXIS2_PLACEMENT_3D('',#10166,#8361,#8362);
#7863=AXIS2_PLACEMENT_3D('',#10167,#8363,#8364);
#7864=AXIS2_PLACEMENT_3D('',#10170,#8365,#8366);
#7865=AXIS2_PLACEMENT_3D('',#10173,#8369,#8370);
#7866=AXIS2_PLACEMENT_3D('',#10176,#8371,#8372);
#7867=AXIS2_PLACEMENT_3D('',#10177,#8373,#8374);
#7868=AXIS2_PLACEMENT_3D('',#10178,#8375,#8376);
#7869=AXIS2_PLACEMENT_3D('',#10179,#8377,#8378);
#7870=AXIS2_PLACEMENT_3D('',#10182,#8379,#8380);
#7871=AXIS2_PLACEMENT_3D('',#10183,#8381,#8382);
#7872=AXIS2_PLACEMENT_3D('',#10184,#8383,#8384);
#7873=AXIS2_PLACEMENT_3D('',#10185,#8385,#8386);
#7874=AXIS2_PLACEMENT_3D('',#10188,#8387,#8388);
#7875=AXIS2_PLACEMENT_3D('',#10189,#8389,#8390);
#7876=AXIS2_PLACEMENT_3D('',#10190,#8391,#8392);
#7877=AXIS2_PLACEMENT_3D('',#10191,#8393,#8394);
#7878=AXIS2_PLACEMENT_3D('',#10194,#8395,#8396);
#7879=AXIS2_PLACEMENT_3D('',#10197,#8399,#8400);
#7880=AXIS2_PLACEMENT_3D('',#10200,#8401,#8402);
#7881=AXIS2_PLACEMENT_3D('',#10201,#8403,#8404);
#7882=AXIS2_PLACEMENT_3D('',#10202,#8405,#8406);
#7883=AXIS2_PLACEMENT_3D('',#10203,#8407,#8408);
#7884=AXIS2_PLACEMENT_3D('',#10206,#8409,#8410);
#7885=AXIS2_PLACEMENT_3D('',#10207,#8411,#8412);
#7886=AXIS2_PLACEMENT_3D('',#10208,#8413,#8414);
#7887=AXIS2_PLACEMENT_3D('',#10209,#8415,#8416);
#7888=AXIS2_PLACEMENT_3D('',#10212,#8417,#8418);
#7889=AXIS2_PLACEMENT_3D('',#10213,#8419,#8420);
#7890=AXIS2_PLACEMENT_3D('',#10214,#8421,#8422);
#7891=AXIS2_PLACEMENT_3D('',#10215,#8423,#8424);
#7892=AXIS2_PLACEMENT_3D('',#10218,#8425,#8426);
#7893=AXIS2_PLACEMENT_3D('',#10221,#8429,#8430);
#7894=AXIS2_PLACEMENT_3D('',#10224,#8431,#8432);
#7895=AXIS2_PLACEMENT_3D('',#10225,#8433,#8434);
#7896=AXIS2_PLACEMENT_3D('',#10226,#8435,#8436);
#7897=AXIS2_PLACEMENT_3D('',#10227,#8437,#8438);
#7898=AXIS2_PLACEMENT_3D('',#10228,#8439,#8440);
#7899=AXIS2_PLACEMENT_3D('',#10229,#8441,#8442);
#7900=AXIS2_PLACEMENT_3D('',#10230,#8443,#8444);
#7901=AXIS2_PLACEMENT_3D('',#10236,#8448,#8449);
#7902=AXIS2_PLACEMENT_3D('',#10239,#8451,#8452);
#7903=AXIS2_PLACEMENT_3D('',#10240,#8453,#8454);
#7904=AXIS2_PLACEMENT_3D('',#10243,#8456,#8457);
#7905=AXIS2_PLACEMENT_3D('',#10244,#8458,#8459);
#7906=AXIS2_PLACEMENT_3D('',#10247,#8461,#8462);
#7907=AXIS2_PLACEMENT_3D('',#10248,#8463,#8464);
#7908=AXIS2_PLACEMENT_3D('',#10252,#8467,#8468);
#7909=AXIS2_PLACEMENT_3D('',#10255,#8470,#8471);
#7910=AXIS2_PLACEMENT_3D('',#10256,#8472,#8473);
#7911=AXIS2_PLACEMENT_3D('',#10259,#8475,#8476);
#7912=AXIS2_PLACEMENT_3D('',#10260,#8477,#8478);
#7913=AXIS2_PLACEMENT_3D('',#10263,#8480,#8481);
#7914=AXIS2_PLACEMENT_3D('',#10264,#8482,#8483);
#7915=AXIS2_PLACEMENT_3D('',#10266,#8484,#8485);
#7916=AXIS2_PLACEMENT_3D('',#10268,#8486,#8487);
#7917=AXIS2_PLACEMENT_3D('',#10270,#8488,#8489);
#7918=AXIS2_PLACEMENT_3D('',#10272,#8490,#8491);
#7919=AXIS2_PLACEMENT_3D('',#10297,#8504,#8505);
#7920=AXIS2_PLACEMENT_3D('',#10300,#8506,#8507);
#7921=AXIS2_PLACEMENT_3D('',#10302,#8508,#8509);
#7922=AXIS2_PLACEMENT_3D('',#10304,#8510,#8511);
#7923=AXIS2_PLACEMENT_3D('',#10305,#8512,#8513);
#7924=AXIS2_PLACEMENT_3D('',#10306,#8514,#8515);
#7925=AXIS2_PLACEMENT_3D('',#10309,#8516,#8517);
#7926=AXIS2_PLACEMENT_3D('',#10312,#8520,#8521);
#7927=AXIS2_PLACEMENT_3D('',#10315,#8522,#8523);
#7928=AXIS2_PLACEMENT_3D('',#10316,#8524,#8525);
#7929=AXIS2_PLACEMENT_3D('',#10317,#8526,#8527);
#7930=AXIS2_PLACEMENT_3D('',#10341,#8528,#8529);
#7931=AXIS2_PLACEMENT_3D('',#10342,#8530,#8531);
#7932=AXIS2_PLACEMENT_3D('',#10343,#8532,#8533);
#7933=AXIS2_PLACEMENT_3D('',#10344,#8534,#8535);
#7934=AXIS2_PLACEMENT_3D('',#10347,#8536,#8537);
#7935=AXIS2_PLACEMENT_3D('',#10348,#8538,#8539);
#7936=AXIS2_PLACEMENT_3D('',#10349,#8540,#8541);
#7937=AXIS2_PLACEMENT_3D('',#10350,#8542,#8543);
#7938=AXIS2_PLACEMENT_3D('',#10352,#8544,#8545);
#7939=AXIS2_PLACEMENT_3D('',#10355,#8548,#8549);
#7940=AXIS2_PLACEMENT_3D('',#10357,#8550,#8551);
#7941=AXIS2_PLACEMENT_3D('',#10358,#8552,#8553);
#7942=AXIS2_PLACEMENT_3D('',#10381,#8554,#8555);
#7943=AXIS2_PLACEMENT_3D('',#10382,#8556,#8557);
#7944=AXIS2_PLACEMENT_3D('',#10383,#8558,#8559);
#7945=AXIS2_PLACEMENT_3D('',#10385,#8560,#8561);
#7946=AXIS2_PLACEMENT_3D('',#10386,#8562,#8563);
#7947=AXIS2_PLACEMENT_3D('',#10387,#8564,#8565);
#7948=AXIS2_PLACEMENT_3D('',#10389,#8566,#8567);
#7949=AXIS2_PLACEMENT_3D('',#10391,#8569,#8570);
#7950=AXIS2_PLACEMENT_3D('',#10393,#8571,#8572);
#7951=AXIS2_PLACEMENT_3D('',#10394,#8573,#8574);
#7952=AXIS2_PLACEMENT_3D('',#10417,#8575,#8576);
#7953=AXIS2_PLACEMENT_3D('',#10418,#8577,#8578);
#7954=AXIS2_PLACEMENT_3D('',#10419,#8579,#8580);
#7955=AXIS2_PLACEMENT_3D('',#10421,#8581,#8582);
#7956=AXIS2_PLACEMENT_3D('',#10422,#8583,#8584);
#7957=AXIS2_PLACEMENT_3D('',#10423,#8585,#8586);
#7958=AXIS2_PLACEMENT_3D('',#10425,#8587,#8588);
#7959=AXIS2_PLACEMENT_3D('',#10427,#8590,#8591);
#7960=AXIS2_PLACEMENT_3D('',#10430,#8592,#8593);
#7961=AXIS2_PLACEMENT_3D('',#10431,#8594,#8595);
#7962=AXIS2_PLACEMENT_3D('',#10432,#8596,#8597);
#7963=AXIS2_PLACEMENT_3D('',#10454,#8598,#8599);
#7964=AXIS2_PLACEMENT_3D('',#10455,#8600,#8601);
#7965=AXIS2_PLACEMENT_3D('',#10456,#8602,#8603);
#7966=AXIS2_PLACEMENT_3D('',#10458,#8605,#8606);
#7967=AXIS2_PLACEMENT_3D('',#10460,#8608,#8609);
#7968=AXIS2_PLACEMENT_3D('',#10462,#8611,#8612);
#7969=AXIS2_PLACEMENT_3D('',#10920,#8651,#8652);
#7970=AXIS2_PLACEMENT_3D('',#10961,#8658,#8659);
#7971=AXIS2_PLACEMENT_3D('',#11460,#8773,#8774);
#7972=AXIS2_PLACEMENT_3D('',#11495,#8776,#8777);
#7973=AXIS2_PLACEMENT_3D('',#11798,#8839,#8840);
#7974=AXIS2_PLACEMENT_3D('',#11801,#8843,#8844);
#7975=AXIS2_PLACEMENT_3D('',#11802,#8845,#8846);
#7976=AXIS2_PLACEMENT_3D('',#11805,#8847,#8848);
#7977=AXIS2_PLACEMENT_3D('',#11807,#8849,#8850);
#7978=AXIS2_PLACEMENT_3D('',#11808,#8851,#8852);
#7979=AXIS2_PLACEMENT_3D('',#11809,#8853,#8854);
#7980=AXIS2_PLACEMENT_3D('',#11812,#8855,#8856);
#7981=AXIS2_PLACEMENT_3D('',#11814,#8857,#8858);
#7982=AXIS2_PLACEMENT_3D('',#11815,#8859,#8860);
#7983=AXIS2_PLACEMENT_3D('',#11816,#8861,#8862);
#7984=AXIS2_PLACEMENT_3D('',#11819,#8865,#8866);
#7985=AXIS2_PLACEMENT_3D('',#11822,#8867,#8868);
#7986=AXIS2_PLACEMENT_3D('',#11824,#8869,#8870);
#7987=AXIS2_PLACEMENT_3D('',#11825,#8871,#8872);
#7988=AXIS2_PLACEMENT_3D('',#11826,#8873,#8874);
#7989=AXIS2_PLACEMENT_3D('',#11829,#8877,#8878);
#7990=AXIS2_PLACEMENT_3D('',#11832,#8879,#8880);
#7991=AXIS2_PLACEMENT_3D('',#11836,#8883,#8884);
#7992=AXIS2_PLACEMENT_3D('',#11837,#8885,#8886);
#7993=AXIS2_PLACEMENT_3D('',#11840,#8887,#8888);
#7994=AXIS2_PLACEMENT_3D('',#11842,#8889,#8890);
#7995=AXIS2_PLACEMENT_3D('',#11843,#8891,#8892);
#7996=AXIS2_PLACEMENT_3D('',#11844,#8893,#8894);
#7997=AXIS2_PLACEMENT_3D('',#11847,#8897,#8898);
#7998=AXIS2_PLACEMENT_3D('',#11850,#8899,#8900);
#7999=AXIS2_PLACEMENT_3D('',#11854,#8903,#8904);
#8000=AXIS2_PLACEMENT_3D('',#11855,#8905,#8906);
#8001=AXIS2_PLACEMENT_3D('',#11858,#8909,#8910);
#8002=AXIS2_PLACEMENT_3D('',#11861,#8911,#8912);
#8003=AXIS2_PLACEMENT_3D('',#11865,#8915,#8916);
#8004=AXIS2_PLACEMENT_3D('',#11866,#8917,#8918);
#8005=AXIS2_PLACEMENT_3D('',#11869,#8919,#8920);
#8006=AXIS2_PLACEMENT_3D('',#11873,#8923,#8924);
#8007=AXIS2_PLACEMENT_3D('',#11874,#8925,#8926);
#8008=AXIS2_PLACEMENT_3D('',#11882,#8931,#8932);
#8009=AXIS2_PLACEMENT_3D('',#11887,#8936,#8937);
#8010=AXIS2_PLACEMENT_3D('',#11892,#8941,#8942);
#8011=AXIS2_PLACEMENT_3D('',#11898,#8946,#8947);
#8012=AXIS2_PLACEMENT_3D('',#11900,#8949,#8950);
#8013=AXIS2_PLACEMENT_3D('',#11904,#8953,#8954);
#8014=AXIS2_PLACEMENT_3D('',#11905,#8955,#8956);
#8015=AXIS2_PLACEMENT_3D('',#11907,#8958,#8959);
#8016=AXIS2_PLACEMENT_3D('',#11909,#8961,#8962);
#8017=AXIS2_PLACEMENT_3D('',#11915,#8966,#8967);
#8018=AXIS2_PLACEMENT_3D('',#11921,#8971,#8972);
#8019=AXIS2_PLACEMENT_3D('',#12042,#8977,#8978);
#8020=AXIS2_PLACEMENT_3D('',#12076,#8982,#8983);
#8021=AXIS2_PLACEMENT_3D('',#12099,#8986,#8987);
#8022=AXIS2_PLACEMENT_3D('',#12131,#8992,#8993);
#8023=AXIS2_PLACEMENT_3D('',#12133,#8994,#8995);
#8024=AXIS2_PLACEMENT_3D('',#12166,#8998,#8999);
#8025=AXIS2_PLACEMENT_3D('',#12178,#9003,#9004);
#8026=AXIS2_PLACEMENT_3D('',#12179,#9005,#9006);
#8027=AXIS2_PLACEMENT_3D('',#12180,#9007,#9008);
#8028=AXIS2_PLACEMENT_3D('',#12181,#9009,#9010);
#8029=AXIS2_PLACEMENT_3D('',#12187,#9014,#9015);
#8030=AXIS2_PLACEMENT_3D('',#12191,#9018,#9019);
#8031=AXIS2_PLACEMENT_3D('',#12195,#9022,#9023);
#8032=AXIS2_PLACEMENT_3D('',#12199,#9026,#9027);
#8033=AXIS2_PLACEMENT_3D('',#12203,#9030,#9031);
#8034=AXIS2_PLACEMENT_3D('',#12207,#9034,#9035);
#8035=AXIS2_PLACEMENT_3D('',#12211,#9038,#9039);
#8036=AXIS2_PLACEMENT_3D('',#12213,#9041,#9042);
#8037=AXIS2_PLACEMENT_3D('',#12361,#9046,#9047);
#8038=AXIS2_PLACEMENT_3D('',#12514,#9051,#9052);
#8039=AXIS2_PLACEMENT_3D('',#12516,#9054,#9055);
#8040=AXIS2_PLACEMENT_3D('',#12632,#9058,#9059);
#8041=AXIS2_PLACEMENT_3D('',#12754,#9064,#9065);
#8042=AXIS2_PLACEMENT_3D('',#12756,#9067,#9068);
#8043=AXIS2_PLACEMENT_3D('',#12839,#9071,#9072);
#8044=AXIS2_PLACEMENT_3D('',#12845,#9076,#9077);
#8045=AXIS2_PLACEMENT_3D('',#12851,#9081,#9082);
#8046=AXIS2_PLACEMENT_3D('',#12854,#9085,#9086);
#8047=AXIS2_PLACEMENT_3D('',#12860,#9090,#9091);
#8048=AXIS2_PLACEMENT_3D('',#12864,#9094,#9095);
#8049=AXIS2_PLACEMENT_3D('',#12943,#9098,#9099);
#8050=AXIS2_PLACEMENT_3D('',#12944,#9100,#9101);
#8051=AXIS2_PLACEMENT_3D('',#12950,#9105,#9106);
#8052=AXIS2_PLACEMENT_3D('',#12954,#9109,#9110);
#8053=AXIS2_PLACEMENT_3D('',#12958,#9113,#9114);
#8054=AXIS2_PLACEMENT_3D('',#12962,#9117,#9118);
#8055=AXIS2_PLACEMENT_3D('',#12966,#9121,#9122);
#8056=AXIS2_PLACEMENT_3D('',#12970,#9125,#9126);
#8057=AXIS2_PLACEMENT_3D('',#12974,#9129,#9130);
#8058=AXIS2_PLACEMENT_3D('',#12978,#9133,#9134);
#8059=AXIS2_PLACEMENT_3D('',#12980,#9136,#9137);
#8060=AXIS2_PLACEMENT_3D('',#13096,#9140,#9141);
#8061=AXIS2_PLACEMENT_3D('',#13218,#9146,#9147);
#8062=AXIS2_PLACEMENT_3D('',#13220,#9149,#9150);
#8063=AXIS2_PLACEMENT_3D('',#13269,#9154,#9155);
#8064=AXIS2_PLACEMENT_3D('',#13273,#9158,#9159);
#8065=AXIS2_PLACEMENT_3D('',#13277,#9162,#9163);
#8066=AXIS2_PLACEMENT_3D('',#13322,#9167,#9168);
#8067=AXIS2_PLACEMENT_3D('',#13326,#9171,#9172);
#8068=AXIS2_PLACEMENT_3D('',#13330,#9175,#9176);
#8069=AXIS2_PLACEMENT_3D('',#13332,#9178,#9179);
#8070=AXIS2_PLACEMENT_3D('',#13395,#9184,#9185);
#8071=AXIS2_PLACEMENT_3D('',#13399,#9188,#9189);
#8072=AXIS2_PLACEMENT_3D('',#13403,#9192,#9193);
#8073=AXIS2_PLACEMENT_3D('',#13407,#9196,#9197);
#8074=AXIS2_PLACEMENT_3D('',#13411,#9200,#9201);
#8075=AXIS2_PLACEMENT_3D('',#13423,#9205,#9206);
#8076=AXIS2_PLACEMENT_3D('',#13475,#9210,#9211);
#8077=AXIS2_PLACEMENT_3D('',#13479,#9214,#9215);
#8078=AXIS2_PLACEMENT_3D('',#13483,#9218,#9219);
#8079=AXIS2_PLACEMENT_3D('',#13547,#9225,#9226);
#8080=AXIS2_PLACEMENT_3D('',#13551,#9229,#9230);
#8081=AXIS2_PLACEMENT_3D('',#13555,#9233,#9234);
#8082=AXIS2_PLACEMENT_3D('',#13626,#9239,#9240);
#8083=AXIS2_PLACEMENT_3D('',#13643,#9243,#9244);
#8084=AXIS2_PLACEMENT_3D('',#13647,#9247,#9248);
#8085=AXIS2_PLACEMENT_3D('',#13651,#9251,#9252);
#8086=AXIS2_PLACEMENT_3D('',#13655,#9255,#9256);
#8087=AXIS2_PLACEMENT_3D('',#13659,#9259,#9260);
#8088=AXIS2_PLACEMENT_3D('',#13740,#9267,#9268);
#8089=AXIS2_PLACEMENT_3D('',#13762,#9269,#9270);
#8090=AXIS2_PLACEMENT_3D('',#13806,#9273,#9274);
#8091=AXIS2_PLACEMENT_3D('',#13810,#9277,#9278);
#8092=AXIS2_PLACEMENT_3D('',#13814,#9281,#9282);
#8093=AXIS2_PLACEMENT_3D('',#13818,#9285,#9286);
#8094=AXIS2_PLACEMENT_3D('',#13863,#9290,#9291);
#8095=AXIS2_PLACEMENT_3D('',#13867,#9294,#9295);
#8096=AXIS2_PLACEMENT_3D('',#13871,#9298,#9299);
#8097=AXIS2_PLACEMENT_3D('',#13875,#9302,#9303);
#8098=AXIS2_PLACEMENT_3D('',#13877,#9305,#9306);
#8099=AXIS2_PLACEMENT_3D('',#13878,#9307,#9308);
#8100=AXIS2_PLACEMENT_3D('',#13884,#9312,#9313);
#8101=AXIS2_PLACEMENT_3D('',#13888,#9316,#9317);
#8102=AXIS2_PLACEMENT_3D('',#13892,#9320,#9321);
#8103=AXIS2_PLACEMENT_3D('',#13896,#9324,#9325);
#8104=AXIS2_PLACEMENT_3D('',#13900,#9328,#9329);
#8105=AXIS2_PLACEMENT_3D('',#13904,#9332,#9333);
#8106=AXIS2_PLACEMENT_3D('',#13908,#9336,#9337);
#8107=AXIS2_PLACEMENT_3D('',#13912,#9340,#9341);
#8108=AXIS2_PLACEMENT_3D('',#13916,#9344,#9345);
#8109=AXIS2_PLACEMENT_3D('',#13920,#9348,#9349);
#8110=AXIS2_PLACEMENT_3D('',#13922,#9351,#9352);
#8111=AXIS2_PLACEMENT_3D('',#14070,#9356,#9357);
#8112=AXIS2_PLACEMENT_3D('',#14223,#9361,#9362);
#8113=AXIS2_PLACEMENT_3D('',#14225,#9364,#9365);
#8114=AXIS2_PLACEMENT_3D('',#14226,#9366,#9367);
#8115=AXIS2_PLACEMENT_3D('',#14232,#9371,#9372);
#8116=AXIS2_PLACEMENT_3D('',#14236,#9375,#9376);
#8117=AXIS2_PLACEMENT_3D('',#14240,#9379,#9380);
#8118=AXIS2_PLACEMENT_3D('',#14242,#9382,#9383);
#8119=AXIS2_PLACEMENT_3D('',#14243,#9384,#9385);
#8120=AXIS2_PLACEMENT_3D('',#14249,#9389,#9390);
#8121=AXIS2_PLACEMENT_3D('',#14253,#9393,#9394);
#8122=AXIS2_PLACEMENT_3D('',#14257,#9397,#9398);
#8123=AXIS2_PLACEMENT_3D('',#14261,#9401,#9402);
#8124=AXIS2_PLACEMENT_3D('',#14265,#9405,#9406);
#8125=AXIS2_PLACEMENT_3D('',#14269,#9409,#9410);
#8126=AXIS2_PLACEMENT_3D('',#14273,#9413,#9414);
#8127=AXIS2_PLACEMENT_3D('',#14277,#9417,#9418);
#8128=AXIS2_PLACEMENT_3D('',#14281,#9421,#9422);
#8129=AXIS2_PLACEMENT_3D('',#14285,#9425,#9426);
#8130=AXIS2_PLACEMENT_3D('',#14289,#9429,#9430);
#8131=AXIS2_PLACEMENT_3D('',#14291,#9432,#9433);
#8132=AXIS2_PLACEMENT_3D('',#14292,#9434,#9435);
#8133=AXIS2_PLACEMENT_3D('',#14298,#9439,#9440);
#8134=AXIS2_PLACEMENT_3D('',#14302,#9443,#9444);
#8135=AXIS2_PLACEMENT_3D('',#14306,#9447,#9448);
#8136=AXIS2_PLACEMENT_3D('',#14310,#9451,#9452);
#8137=AXIS2_PLACEMENT_3D('',#14314,#9455,#9456);
#8138=AXIS2_PLACEMENT_3D('',#14318,#9459,#9460);
#8139=AXIS2_PLACEMENT_3D('',#14322,#9463,#9464);
#8140=AXIS2_PLACEMENT_3D('',#14326,#9467,#9468);
#8141=AXIS2_PLACEMENT_3D('',#14330,#9471,#9472);
#8142=AXIS2_PLACEMENT_3D('',#14334,#9475,#9476);
#8143=AXIS2_PLACEMENT_3D('',#14338,#9479,#9480);
#8144=AXIS2_PLACEMENT_3D('',#14342,#9483,#9484);
#8145=AXIS2_PLACEMENT_3D('',#14344,#9486,#9487);
#8146=AXIS2_PLACEMENT_3D('',#14345,#9488,#9489);
#8147=AXIS2_PLACEMENT_3D('',#14351,#9493,#9494);
#8148=AXIS2_PLACEMENT_3D('',#14355,#9497,#9498);
#8149=AXIS2_PLACEMENT_3D('',#14359,#9501,#9502);
#8150=AXIS2_PLACEMENT_3D('',#14363,#9505,#9506);
#8151=AXIS2_PLACEMENT_3D('',#14367,#9509,#9510);
#8152=AXIS2_PLACEMENT_3D('',#14371,#9513,#9514);
#8153=AXIS2_PLACEMENT_3D('',#14375,#9517,#9518);
#8154=AXIS2_PLACEMENT_3D('',#14377,#9520,#9521);
#8155=AXIS2_PLACEMENT_3D('',#14412,#9524,#9525);
#8156=AXIS2_PLACEMENT_3D('',#14416,#9528,#9529);
#8157=AXIS2_PLACEMENT_3D('',#14420,#9532,#9533);
#8158=AXIS2_PLACEMENT_3D('',#14483,#9537,#9538);
#8159=AXIS2_PLACEMENT_3D('',#14487,#9541,#9542);
#8160=AXIS2_PLACEMENT_3D('',#14491,#9545,#9546);
#8161=AXIS2_PLACEMENT_3D('',#14525,#9549,#9550);
#8162=AXIS2_PLACEMENT_3D('',#14526,#9551,#9552);
#8163=AXIS2_PLACEMENT_3D('',#14532,#9556,#9557);
#8164=AXIS2_PLACEMENT_3D('',#14536,#9560,#9561);
#8165=AXIS2_PLACEMENT_3D('',#14540,#9564,#9565);
#8166=AXIS2_PLACEMENT_3D('',#14544,#9568,#9569);
#8167=AXIS2_PLACEMENT_3D('',#14548,#9572,#9573);
#8168=AXIS2_PLACEMENT_3D('',#14552,#9576,#9577);
#8169=AXIS2_PLACEMENT_3D('',#14556,#9580,#9581);
#8170=AXIS2_PLACEMENT_3D('',#14560,#9584,#9585);
#8171=AXIS2_PLACEMENT_3D('',#14564,#9588,#9589);
#8172=AXIS2_PLACEMENT_3D('',#14566,#9591,#9592);
#8173=AXIS2_PLACEMENT_3D('',#14567,#9593,#9594);
#8174=AXIS2_PLACEMENT_3D('',#14573,#9598,#9599);
#8175=AXIS2_PLACEMENT_3D('',#14577,#9602,#9603);
#8176=AXIS2_PLACEMENT_3D('',#14581,#9606,#9607);
#8177=AXIS2_PLACEMENT_3D('',#14585,#9610,#9611);
#8178=AXIS2_PLACEMENT_3D('',#14589,#9614,#9615);
#8179=AXIS2_PLACEMENT_3D('',#14593,#9618,#9619);
#8180=AXIS2_PLACEMENT_3D('',#14597,#9622,#9623);
#8181=AXIS2_PLACEMENT_3D('',#14599,#9625,#9626);
#8182=AXIS2_PLACEMENT_3D('',#14600,#9627,#9628);
#8183=AXIS2_PLACEMENT_3D('',#14606,#9632,#9633);
#8184=AXIS2_PLACEMENT_3D('',#14610,#9636,#9637);
#8185=AXIS2_PLACEMENT_3D('',#14614,#9640,#9641);
#8186=AXIS2_PLACEMENT_3D('',#14618,#9644,#9645);
#8187=AXIS2_PLACEMENT_3D('',#14622,#9648,#9649);
#8188=AXIS2_PLACEMENT_3D('',#14626,#9652,#9653);
#8189=AXIS2_PLACEMENT_3D('',#14630,#9656,#9657);
#8190=AXIS2_PLACEMENT_3D('',#14634,#9660,#9661);
#8191=AXIS2_PLACEMENT_3D('',#14638,#9664,#9665);
#8192=AXIS2_PLACEMENT_3D('',#14642,#9668,#9669);
#8193=AXIS2_PLACEMENT_3D('',#14646,#9672,#9673);
#8194=AXIS2_PLACEMENT_3D('',#14648,#9675,#9676);
#8195=AXIS2_PLACEMENT_3D('',#14973,#9679,#9680);
#8196=AXIS2_PLACEMENT_3D('',#14974,#9681,#9682);
#8197=AXIS2_PLACEMENT_3D('',#14980,#9686,#9687);
#8198=AXIS2_PLACEMENT_3D('',#14984,#9690,#9691);
#8199=AXIS2_PLACEMENT_3D('',#14988,#9694,#9695);
#8200=AXIS2_PLACEMENT_3D('',#14990,#9697,#9698);
#8201=AXIS2_PLACEMENT_3D('',#14991,#9699,#9700);
#8202=AXIS2_PLACEMENT_3D('',#14997,#9704,#9705);
#8203=AXIS2_PLACEMENT_3D('',#15001,#9708,#9709);
#8204=AXIS2_PLACEMENT_3D('',#15046,#9713,#9714);
#8205=AXIS2_PLACEMENT_3D('',#15050,#9717,#9718);
#8206=AXIS2_PLACEMENT_3D('',#15054,#9721,#9722);
#8207=AXIS2_PLACEMENT_3D('',#15058,#9725,#9726);
#8208=AXIS2_PLACEMENT_3D('',#15062,#9729,#9730);
#8209=AXIS2_PLACEMENT_3D('',#15107,#9734,#9735);
#8210=AXIS2_PLACEMENT_3D('',#15111,#9738,#9739);
#8211=AXIS2_PLACEMENT_3D('',#15113,#9741,#9742);
#8212=AXIS2_PLACEMENT_3D('',#15123,#9744,#9745);
#8213=AXIS2_PLACEMENT_3D('',#15171,#9749,#9750);
#8214=AXIS2_PLACEMENT_3D('',#15215,#9755,#9756);
#8215=AXIS2_PLACEMENT_3D('',#15307,#9759,#9760);
#8216=AXIS2_PLACEMENT_3D('',#15309,#9762,#9763);
#8217=AXIS2_PLACEMENT_3D('',#15310,#9764,#9765);
#8218=AXIS2_PLACEMENT_3D('',#15316,#9769,#9770);
#8219=AXIS2_PLACEMENT_3D('',#15320,#9773,#9774);
#8220=AXIS2_PLACEMENT_3D('',#15324,#9777,#9778);
#8221=AXIS2_PLACEMENT_3D('',#15328,#9781,#9782);
#8222=AXIS2_PLACEMENT_3D('',#15332,#9785,#9786);
#8223=AXIS2_PLACEMENT_3D('',#15336,#9789,#9790);
#8224=AXIS2_PLACEMENT_3D('',#15340,#9793,#9794);
#8225=AXIS2_PLACEMENT_3D('',#15344,#9797,#9798);
#8226=AXIS2_PLACEMENT_3D('',#15348,#9801,#9802);
#8227=AXIS2_PLACEMENT_3D('',#15352,#9805,#9806);
#8228=AXIS2_PLACEMENT_3D('',#15356,#9809,#9810);
#8229=AXIS2_PLACEMENT_3D('',#15358,#9812,#9813);
#8230=AXIS2_PLACEMENT_3D('',#15359,#9814,#9815);
#8231=AXIS2_PLACEMENT_3D('',#15365,#9819,#9820);
#8232=AXIS2_PLACEMENT_3D('',#15369,#9823,#9824);
#8233=AXIS2_PLACEMENT_3D('',#15373,#9827,#9828);
#8234=AXIS2_PLACEMENT_3D('',#15377,#9831,#9832);
#8235=AXIS2_PLACEMENT_3D('',#15381,#9835,#9836);
#8236=AXIS2_PLACEMENT_3D('',#15385,#9839,#9840);
#8237=AXIS2_PLACEMENT_3D('',#15389,#9843,#9844);
#8238=AXIS2_PLACEMENT_3D('',#15393,#9847,#9848);
#8239=AXIS2_PLACEMENT_3D('',#15397,#9851,#9852);
#8240=AXIS2_PLACEMENT_3D('',#15401,#9855,#9856);
#8241=AXIS2_PLACEMENT_3D('',#15405,#9859,#9860);
#8242=AXIS2_PLACEMENT_3D('',#15407,#9862,#9863);
#8243=AXIS2_PLACEMENT_3D('',#15408,#9864,#9865);
#8244=AXIS2_PLACEMENT_3D('',#15464,#9870,#9871);
#8245=AXIS2_PLACEMENT_3D('',#15468,#9874,#9875);
#8246=AXIS2_PLACEMENT_3D('',#15472,#9878,#9879);
#8247=AXIS2_PLACEMENT_3D('',#15476,#9882,#9883);
#8248=AXIS2_PLACEMENT_3D('',#15480,#9886,#9887);
#8249=AXIS2_PLACEMENT_3D('',#15534,#9891,#9892);
#8250=AXIS2_PLACEMENT_3D('',#15538,#9895,#9896);
#8251=AXIS2_PLACEMENT_3D('',#15542,#9899,#9900);
#8252=AXIS2_PLACEMENT_3D('',#15546,#9903,#9904);
#8253=AXIS2_PLACEMENT_3D('',#15550,#9907,#9908);
#8254=AXIS2_PLACEMENT_3D('',#15552,#9910,#9911);
#8255=AXIS2_PLACEMENT_3D('',#15553,#9912,#9913);
#8256=AXIS2_PLACEMENT_3D('',#15559,#9917,#9918);
#8257=AXIS2_PLACEMENT_3D('',#15563,#9921,#9922);
#8258=AXIS2_PLACEMENT_3D('',#15567,#9925,#9926);
#8259=AXIS2_PLACEMENT_3D('',#15571,#9929,#9930);
#8260=AXIS2_PLACEMENT_3D('',#15575,#9933,#9934);
#8261=AXIS2_PLACEMENT_3D('',#15579,#9937,#9938);
#8262=AXIS2_PLACEMENT_3D('',#15583,#9941,#9942);
#8263=AXIS2_PLACEMENT_3D('',#15585,#9944,#9945);
#8264=AXIS2_PLACEMENT_3D('',#15643,#9949,#9950);
#8265=AXIS2_PLACEMENT_3D('',#15647,#9953,#9954);
#8266=AXIS2_PLACEMENT_3D('',#15651,#9957,#9958);
#8267=AXIS2_PLACEMENT_3D('',#15705,#9962,#9963);
#8268=AXIS2_PLACEMENT_3D('',#15707,#9965,#9966);
#8269=AXIS2_PLACEMENT_3D('',#15708,#9967,#9968);
#8270=AXIS2_PLACEMENT_3D('',#15714,#9972,#9973);
#8271=AXIS2_PLACEMENT_3D('',#15718,#9976,#9977);
#8272=AXIS2_PLACEMENT_3D('',#15722,#9980,#9981);
#8273=AXIS2_PLACEMENT_3D('',#15726,#9984,#9985);
#8274=AXIS2_PLACEMENT_3D('',#15730,#9988,#9989);
#8275=AXIS2_PLACEMENT_3D('',#15732,#9991,#9992);
#8276=AXIS2_PLACEMENT_3D('',#15733,#9993,#9994);
#8277=AXIS2_PLACEMENT_3D('',#15739,#9998,#9999);
#8278=AXIS2_PLACEMENT_3D('',#15743,#10002,#10003);
#8279=AXIS2_PLACEMENT_3D('',#15747,#10006,#10007);
#8280=AXIS2_PLACEMENT_3D('',#15749,#10009,#10010);
#8281=AXIS2_PLACEMENT_3D('',#16074,#10013,#10014);
#8282=AXIS2_PLACEMENT_3D('',#16145,#10017,#10018);
#8283=AXIS2_PLACEMENT_3D('',#16151,#10022,#10023);
#8284=AXIS2_PLACEMENT_3D('',#16157,#10027,#10028);
#8285=AXIS2_PLACEMENT_3D('',#16160,#10031,#10032);
#8286=AXIS2_PLACEMENT_3D('',#16224,#10038,#10039);
#8287=AXIS2_PLACEMENT_3D('',#16230,#10043,#10044);
#8288=AXIS2_PLACEMENT_3D('',#16335,#10050,#10051);
#8289=AXIS2_PLACEMENT_3D('',#16339,#10054,#10055);
#8290=AXIS2_PLACEMENT_3D('',#16343,#10058,#10059);
#8291=AXIS2_PLACEMENT_3D('',#16345,#10061,#10062);
#8292=AXIS2_PLACEMENT_3D('',#16346,#10063,#10064);
#8293=AXIS2_PLACEMENT_3D('',#16347,#10065,#10066);
#8294=AXIS2_PLACEMENT_3D('',#16348,#10067,#10068);
#8295=AXIS2_PLACEMENT_3D('',#16349,#10069,#10070);
#8296=AXIS2_PLACEMENT_3D('',#16350,#10071,#10072);
#8297=AXIS2_PLACEMENT_3D('',#16352,#10074,#10075);
#8298=AXIS2_PLACEMENT_3D('',#16354,#10077,#10078);
#8299=AXIS2_PLACEMENT_3D('',#16356,#10080,#10081);
#8300=AXIS2_PLACEMENT_3D('',#16358,#10083,#10084);
#8301=AXIS2_PLACEMENT_3D('',#16360,#10086,#10087);
#8302=AXIS2_PLACEMENT_3D('',#16361,#10088,#10089);
#8303=AXIS2_PLACEMENT_3D('',#16363,#10091,#10092);
#8304=AXIS2_PLACEMENT_3D('',#16365,#10094,#10095);
#8305=AXIS2_PLACEMENT_3D('',#16367,#10097,#10098);
#8306=AXIS2_PLACEMENT_3D('',#16368,#10099,#10100);
#8307=AXIS2_PLACEMENT_3D('',#16369,#10101,#10102);
#8308=AXIS2_PLACEMENT_3D('',#16372,#10104,#10105);
#8309=AXIS2_PLACEMENT_3D('',#16373,#10106,#10107);
#8310=AXIS2_PLACEMENT_3D('',#16374,#10108,#10109);
#8311=AXIS2_PLACEMENT_3D('',#16377,#10111,#10112);
#8312=AXIS2_PLACEMENT_3D('',#16378,#10113,#10114);
#8313=AXIS2_PLACEMENT_3D('',#16379,#10115,#10116);
#8314=AXIS2_PLACEMENT_3D('',#16382,#10118,#10119);
#8315=AXIS2_PLACEMENT_3D('',#16383,#10120,#10121);
#8316=AXIS2_PLACEMENT_3D('',#16384,#10122,#10123);
#8317=AXIS2_PLACEMENT_3D('',#16387,#10125,#10126);
#8318=AXIS2_PLACEMENT_3D('',#16388,#10127,#10128);
#8319=AXIS2_PLACEMENT_3D('',#16389,#10129,#10130);
#8320=AXIS2_PLACEMENT_3D('',#16390,#10131,#10132);
#8321=DIRECTION('axis',(0.,0.,1.));
#8322=DIRECTION('refdir',(1.,0.,0.));
#8323=DIRECTION('center_axis',(0.,1.,0.));
#8324=DIRECTION('ref_axis',(0.,0.,1.));
#8325=DIRECTION('center_axis',(-0.499999999999997,0.,-0.86602540378444));
#8326=DIRECTION('ref_axis',(-0.86602540378444,0.,0.499999999999997));
#8327=DIRECTION('center_axis',(0.,1.,0.));
#8328=DIRECTION('ref_axis',(0.5,0.,-0.866025403784438));
#8329=DIRECTION('center_axis',(1.,0.,0.));
#8330=DIRECTION('ref_axis',(0.,1.,0.));
#8331=DIRECTION('center_axis',(0.,-1.,0.));
#8332=DIRECTION('ref_axis',(0.5,0.,-0.866025403784438));
#8333=DIRECTION('center_axis',(1.,0.,-2.468876774705E-16));
#8334=DIRECTION('ref_axis',(0.,0.707106781186551,0.707106781186544));
#8335=DIRECTION('center_axis',(1.,0.,-8.88178419700128E-15));
#8336=DIRECTION('ref_axis',(0.,1.,0.));
#8337=DIRECTION('',(1.,0.,-2.468876774705E-16));
#8338=DIRECTION('',(-1.,0.,2.468876774705E-16));
#8339=DIRECTION('center_axis',(0.,1.,0.));
#8340=DIRECTION('ref_axis',(0.,0.,1.));
#8341=DIRECTION('center_axis',(0.499999999999997,0.,-0.86602540378444));
#8342=DIRECTION('ref_axis',(0.,1.,0.));
#8343=DIRECTION('center_axis',(0.,-1.,0.));
#8344=DIRECTION('ref_axis',(-0.499999999999999,0.,-0.866025403784439));
#8345=DIRECTION('center_axis',(0.,1.,0.));
#8346=DIRECTION('ref_axis',(-0.499999999999999,0.,-0.866025403784439));
#8347=DIRECTION('center_axis',(0.,1.,0.));
#8348=DIRECTION('ref_axis',(0.,0.,1.));
#8349=DIRECTION('center_axis',(-0.86602540378444,0.,0.499999999999997));
#8350=DIRECTION('ref_axis',(0.,1.,0.));
#8351=DIRECTION('center_axis',(0.,1.,0.));
#8352=DIRECTION('ref_axis',(-0.707106781186546,0.,0.707106781186549));
#8353=DIRECTION('center_axis',(0.,-1.,0.));
#8354=DIRECTION('ref_axis',(-0.707106781186546,0.,0.707106781186549));
#8355=DIRECTION('center_axis',(0.,1.,0.));
#8356=DIRECTION('ref_axis',(0.,0.,1.));
#8357=DIRECTION('center_axis',(0.,0.,1.));
#8358=DIRECTION('ref_axis',(0.,1.,0.));
#8359=DIRECTION('center_axis',(0.,-1.,0.));
#8360=DIRECTION('ref_axis',(0.866025403784439,0.,0.499999999999999));
#8361=DIRECTION('center_axis',(0.,1.,0.));
#8362=DIRECTION('ref_axis',(0.866025403784439,0.,0.499999999999999));
#8363=DIRECTION('center_axis',(2.16628882853689E-16,0.,1.));
#8364=DIRECTION('ref_axis',(-0.707106781186551,0.707106781186544,0.));
#8365=DIRECTION('center_axis',(0.,0.,1.));
#8366=DIRECTION('ref_axis',(0.,1.,0.));
#8367=DIRECTION('',(2.16628882853689E-16,0.,1.));
#8368=DIRECTION('',(-2.16628882853689E-16,0.,-1.));
#8369=DIRECTION('center_axis',(0.,1.,0.));
#8370=DIRECTION('ref_axis',(0.,0.,1.));
#8371=DIRECTION('center_axis',(0.86602540378444,0.,0.499999999999997));
#8372=DIRECTION('ref_axis',(0.,1.,0.));
#8373=DIRECTION('center_axis',(0.,-1.,0.));
#8374=DIRECTION('ref_axis',(0.866025403784438,0.,-0.5));
#8375=DIRECTION('center_axis',(0.,1.,0.));
#8376=DIRECTION('ref_axis',(0.866025403784438,0.,-0.5));
#8377=DIRECTION('center_axis',(0.,1.,0.));
#8378=DIRECTION('ref_axis',(-0.707106781186548,0.,-0.707106781186548));
#8379=DIRECTION('center_axis',(-0.500000000000001,0.,-0.866025403784438));
#8380=DIRECTION('ref_axis',(0.,1.,0.));
#8381=DIRECTION('center_axis',(0.,1.,0.));
#8382=DIRECTION('ref_axis',(-0.707106781186548,0.,-0.707106781186548));
#8383=DIRECTION('center_axis',(0.,-1.,0.));
#8384=DIRECTION('ref_axis',(-0.707106781186548,0.,-0.707106781186548));
#8385=DIRECTION('center_axis',(0.,1.,0.));
#8386=DIRECTION('ref_axis',(0.,0.,1.));
#8387=DIRECTION('center_axis',(-1.,0.,0.));
#8388=DIRECTION('ref_axis',(0.,1.,0.));
#8389=DIRECTION('center_axis',(0.,-1.,0.));
#8390=DIRECTION('ref_axis',(-0.5,0.,0.866025403784438));
#8391=DIRECTION('center_axis',(0.,1.,0.));
#8392=DIRECTION('ref_axis',(-0.5,0.,0.866025403784438));
#8393=DIRECTION('center_axis',(-1.,0.,2.468876774705E-16));
#8394=DIRECTION('ref_axis',(0.,0.707106781186551,-0.707106781186544));
#8395=DIRECTION('center_axis',(-1.,0.,0.));
#8396=DIRECTION('ref_axis',(0.,1.,0.));
#8397=DIRECTION('',(-1.,0.,2.468876774705E-16));
#8398=DIRECTION('',(1.,0.,-2.468876774705E-16));
#8399=DIRECTION('center_axis',(0.,1.,0.));
#8400=DIRECTION('ref_axis',(0.,0.,1.));
#8401=DIRECTION('center_axis',(-0.499999999999997,0.,0.86602540378444));
#8402=DIRECTION('ref_axis',(0.,1.,0.));
#8403=DIRECTION('center_axis',(0.,-1.,0.));
#8404=DIRECTION('ref_axis',(0.499999999999999,0.,0.866025403784439));
#8405=DIRECTION('center_axis',(0.,1.,0.));
#8406=DIRECTION('ref_axis',(0.499999999999999,0.,0.866025403784439));
#8407=DIRECTION('center_axis',(0.,1.,0.));
#8408=DIRECTION('ref_axis',(0.707106781186548,0.,-0.707106781186547));
#8409=DIRECTION('center_axis',(0.866025403784437,0.,-0.500000000000004));
#8410=DIRECTION('ref_axis',(0.,1.,0.));
#8411=DIRECTION('center_axis',(0.,1.,0.));
#8412=DIRECTION('ref_axis',(0.707106781186549,0.,-0.707106781186546));
#8413=DIRECTION('center_axis',(0.,-1.,0.));
#8414=DIRECTION('ref_axis',(0.707106781186549,0.,-0.707106781186546));
#8415=DIRECTION('center_axis',(0.,1.,0.));
#8416=DIRECTION('ref_axis',(0.,0.,1.));
#8417=DIRECTION('center_axis',(0.,0.,-1.));
#8418=DIRECTION('ref_axis',(0.,1.,0.));
#8419=DIRECTION('center_axis',(0.,-1.,0.));
#8420=DIRECTION('ref_axis',(-0.866025403784439,0.,-0.499999999999999));
#8421=DIRECTION('center_axis',(0.,1.,0.));
#8422=DIRECTION('ref_axis',(-0.866025403784439,0.,-0.499999999999999));
#8423=DIRECTION('center_axis',(-2.16628882853689E-16,0.,-1.));
#8424=DIRECTION('ref_axis',(0.707106781186551,0.707106781186544,0.));
#8425=DIRECTION('center_axis',(8.8817841970012E-15,0.,-1.));
#8426=DIRECTION('ref_axis',(0.,1.,0.));
#8427=DIRECTION('',(-2.16628882853689E-16,0.,-1.));
#8428=DIRECTION('',(2.16628882853689E-16,0.,1.));
#8429=DIRECTION('center_axis',(0.,1.,0.));
#8430=DIRECTION('ref_axis',(0.,0.,1.));
#8431=DIRECTION('center_axis',(-0.86602540378444,0.,-0.499999999999997));
#8432=DIRECTION('ref_axis',(0.,1.,0.));
#8433=DIRECTION('center_axis',(0.,-1.,0.));
#8434=DIRECTION('ref_axis',(-0.866025403784438,0.,0.5));
#8435=DIRECTION('center_axis',(0.,1.,0.));
#8436=DIRECTION('ref_axis',(-0.866025403784438,0.,0.5));
#8437=DIRECTION('center_axis',(0.,1.,0.));
#8438=DIRECTION('ref_axis',(0.,0.,1.));
#8439=DIRECTION('center_axis',(0.,-1.,0.));
#8440=DIRECTION('ref_axis',(0.707106781186546,0.,0.707106781186549));
#8441=DIRECTION('center_axis',(0.,1.,0.));
#8442=DIRECTION('ref_axis',(0.707106781186546,0.,0.707106781186549));
#8443=DIRECTION('center_axis',(-2.468876774705E-16,0.,-1.));
#8444=DIRECTION('ref_axis',(1.,0.,-2.468876774705E-16));
#8445=DIRECTION('',(0.,1.,0.));
#8446=DIRECTION('',(1.,0.,-2.468876774705E-16));
#8447=DIRECTION('',(0.,-1.,0.));
#8448=DIRECTION('center_axis',(0.,1.,0.));
#8449=DIRECTION('ref_axis',(0.499999999999999,0.,0.866025403784439));
#8450=DIRECTION('',(0.,-1.,0.));
#8451=DIRECTION('center_axis',(0.,1.,0.));
#8452=DIRECTION('ref_axis',(0.499999999999999,0.,0.866025403784439));
#8453=DIRECTION('center_axis',(0.,-1.,0.));
#8454=DIRECTION('ref_axis',(0.707106781186547,0.,-0.707106781186548));
#8455=DIRECTION('',(0.,1.,0.));
#8456=DIRECTION('center_axis',(0.,-1.,0.));
#8457=DIRECTION('ref_axis',(0.707106781186549,0.,-0.707106781186546));
#8458=DIRECTION('center_axis',(0.,1.,0.));
#8459=DIRECTION('ref_axis',(-0.866025403784439,0.,-0.499999999999999));
#8460=DIRECTION('',(0.,-1.,0.));
#8461=DIRECTION('center_axis',(0.,1.,0.));
#8462=DIRECTION('ref_axis',(-0.866025403784439,0.,-0.499999999999999));
#8463=DIRECTION('center_axis',(1.,0.,-2.16628882853689E-16));
#8464=DIRECTION('ref_axis',(2.16628882853689E-16,0.,1.));
#8465=DIRECTION('',(0.,1.,0.));
#8466=DIRECTION('',(2.16628882853689E-16,0.,1.));
#8467=DIRECTION('center_axis',(0.,1.,0.));
#8468=DIRECTION('ref_axis',(-0.866025403784439,0.,0.5));
#8469=DIRECTION('',(0.,-1.,0.));
#8470=DIRECTION('center_axis',(0.,1.,0.));
#8471=DIRECTION('ref_axis',(-0.866025403784438,0.,0.5));
#8472=DIRECTION('center_axis',(0.,-1.,0.));
#8473=DIRECTION('ref_axis',(0.707106781186548,0.,0.707106781186547));
#8474=DIRECTION('',(0.,1.,0.));
#8475=DIRECTION('center_axis',(0.,-1.,0.));
#8476=DIRECTION('ref_axis',(0.707106781186546,0.,0.707106781186549));
#8477=DIRECTION('center_axis',(0.,1.,0.));
#8478=DIRECTION('ref_axis',(0.499999999999999,0.,-0.866025403784439));
#8479=DIRECTION('',(0.,-1.,0.));
#8480=DIRECTION('center_axis',(0.,1.,0.));
#8481=DIRECTION('ref_axis',(0.5,0.,-0.866025403784438));
#8482=DIRECTION('center_axis',(0.,1.,0.));
#8483=DIRECTION('ref_axis',(0.,0.,1.));
#8484=DIRECTION('center_axis',(0.,-1.,0.));
#8485=DIRECTION('ref_axis',(1.,0.,0.));
#8486=DIRECTION('center_axis',(0.,-1.,0.));
#8487=DIRECTION('ref_axis',(1.,0.,0.));
#8488=DIRECTION('center_axis',(0.,-1.,0.));
#8489=DIRECTION('ref_axis',(1.,0.,0.));
#8490=DIRECTION('center_axis',(0.,-1.,0.));
#8491=DIRECTION('ref_axis',(1.,0.,0.));
#8492=DIRECTION('',(-1.,0.,8.88178419700125E-16));
#8493=DIRECTION('',(2.35799580451361E-16,0.,1.));
#8494=DIRECTION('',(-1.,0.,2.65325890873824E-16));
#8495=DIRECTION('',(-1.57199720300907E-16,0.,-1.));
#8496=DIRECTION('',(-1.,0.,0.));
#8497=DIRECTION('',(-2.25808072805117E-16,0.,-1.));
#8498=DIRECTION('',(1.,0.,0.));
#8499=DIRECTION('',(-1.57199720300907E-16,0.,-1.));
#8500=DIRECTION('',(1.,0.,-2.65325890873824E-16));
#8501=DIRECTION('',(2.35799580451361E-16,0.,1.));
#8502=DIRECTION('',(1.,0.,0.));
#8503=DIRECTION('',(2.25808072805117E-16,0.,1.));
#8504=DIRECTION('center_axis',(0.,-1.,0.));
#8505=DIRECTION('ref_axis',(0.,0.,-1.));
#8506=DIRECTION('center_axis',(0.866025403784437,0.,0.500000000000002));
#8507=DIRECTION('ref_axis',(-0.500000000000002,0.,0.866025403784437));
#8508=DIRECTION('center_axis',(0.,-1.,0.));
#8509=DIRECTION('ref_axis',(0.866025403784438,0.,-0.5));
#8510=DIRECTION('center_axis',(0.,0.,-1.));
#8511=DIRECTION('ref_axis',(0.,-1.,0.));
#8512=DIRECTION('center_axis',(0.,1.,0.));
#8513=DIRECTION('ref_axis',(0.866025403784438,0.,-0.5));
#8514=DIRECTION('center_axis',(-2.16628882853689E-16,0.,-1.));
#8515=DIRECTION('ref_axis',(-0.707106781186546,-0.707106781186549,0.));
#8516=DIRECTION('center_axis',(0.,0.,-1.));
#8517=DIRECTION('ref_axis',(0.,-1.,0.));
#8518=DIRECTION('',(-2.16628882853689E-16,0.,-1.));
#8519=DIRECTION('',(2.16628882853689E-16,0.,1.));
#8520=DIRECTION('center_axis',(0.,-1.,0.));
#8521=DIRECTION('ref_axis',(0.,0.,-1.));
#8522=DIRECTION('center_axis',(0.866025403784437,0.,-0.500000000000002));
#8523=DIRECTION('ref_axis',(0.,-1.,0.));
#8524=DIRECTION('center_axis',(0.,1.,0.));
#8525=DIRECTION('ref_axis',(0.866025403784439,0.,0.499999999999999));
#8526=DIRECTION('center_axis',(0.,-1.,0.));
#8527=DIRECTION('ref_axis',(0.866025403784439,0.,0.499999999999999));
#8528=DIRECTION('center_axis',(-0.499999999999999,0.,0.866025403784439));
#8529=DIRECTION('ref_axis',(0.,-1.,0.));
#8530=DIRECTION('center_axis',(0.,-1.,0.));
#8531=DIRECTION('ref_axis',(-0.707106781186546,0.,0.707106781186549));
#8532=DIRECTION('center_axis',(0.,1.,0.));
#8533=DIRECTION('ref_axis',(-0.707106781186546,0.,0.707106781186549));
#8534=DIRECTION('center_axis',(0.,-1.,0.));
#8535=DIRECTION('ref_axis',(0.,0.,-1.));
#8536=DIRECTION('center_axis',(-1.,0.,0.));
#8537=DIRECTION('ref_axis',(0.,-1.,0.));
#8538=DIRECTION('center_axis',(0.,1.,0.));
#8539=DIRECTION('ref_axis',(-0.499999999999999,0.,-0.866025403784439));
#8540=DIRECTION('center_axis',(0.,-1.,0.));
#8541=DIRECTION('ref_axis',(-0.499999999999999,0.,-0.866025403784439));
#8542=DIRECTION('center_axis',(-1.,0.,2.468876774705E-16));
#8543=DIRECTION('ref_axis',(0.,-0.707106781186549,0.707106781186546));
#8544=DIRECTION('center_axis',(-1.,0.,0.));
#8545=DIRECTION('ref_axis',(0.,-1.,0.));
#8546=DIRECTION('',(-1.,0.,2.468876774705E-16));
#8547=DIRECTION('',(1.,0.,-2.468876774705E-16));
#8548=DIRECTION('center_axis',(0.,-1.,0.));
#8549=DIRECTION('ref_axis',(0.,0.,-1.));
#8550=DIRECTION('center_axis',(-0.500000000000002,0.,-0.866025403784437));
#8551=DIRECTION('ref_axis',(0.,-1.,0.));
#8552=DIRECTION('center_axis',(0.,-1.,0.));
#8553=DIRECTION('ref_axis',(0.5,0.,-0.866025403784438));
#8554=DIRECTION('center_axis',(0.866025403784439,0.,0.499999999999999));
#8555=DIRECTION('ref_axis',(0.,-1.,0.));
#8556=DIRECTION('center_axis',(0.,1.,0.));
#8557=DIRECTION('ref_axis',(0.707106781186546,0.,0.707106781186549));
#8558=DIRECTION('center_axis',(0.,-1.,0.));
#8559=DIRECTION('ref_axis',(0.,0.,-1.));
#8560=DIRECTION('center_axis',(0.,0.,1.));
#8561=DIRECTION('ref_axis',(0.,-1.,0.));
#8562=DIRECTION('center_axis',(0.,-1.,0.));
#8563=DIRECTION('ref_axis',(-0.866025403784438,0.,0.5));
#8564=DIRECTION('center_axis',(2.16628882853689E-16,0.,1.));
#8565=DIRECTION('ref_axis',(0.707106781186546,-0.707106781186549,0.));
#8566=DIRECTION('center_axis',(0.,0.,1.));
#8567=DIRECTION('ref_axis',(0.,-1.,0.));
#8568=DIRECTION('',(-2.16628882853689E-16,0.,-1.));
#8569=DIRECTION('center_axis',(0.,-1.,0.));
#8570=DIRECTION('ref_axis',(0.,0.,-1.));
#8571=DIRECTION('center_axis',(-0.866025403784437,0.,0.500000000000002));
#8572=DIRECTION('ref_axis',(0.,-1.,0.));
#8573=DIRECTION('center_axis',(0.,-1.,0.));
#8574=DIRECTION('ref_axis',(-0.866025403784439,0.,-0.499999999999999));
#8575=DIRECTION('center_axis',(0.499999999999999,0.,-0.866025403784439));
#8576=DIRECTION('ref_axis',(0.,-1.,0.));
#8577=DIRECTION('center_axis',(0.,1.,0.));
#8578=DIRECTION('ref_axis',(0.707106781186549,0.,-0.707106781186546));
#8579=DIRECTION('center_axis',(0.,-1.,0.));
#8580=DIRECTION('ref_axis',(0.,0.,-1.));
#8581=DIRECTION('center_axis',(1.,0.,0.));
#8582=DIRECTION('ref_axis',(0.,-1.,0.));
#8583=DIRECTION('center_axis',(0.,-1.,0.));
#8584=DIRECTION('ref_axis',(0.499999999999999,0.,0.866025403784439));
#8585=DIRECTION('center_axis',(1.,0.,-2.468876774705E-16));
#8586=DIRECTION('ref_axis',(0.,-0.707106781186549,-0.707106781186546));
#8587=DIRECTION('center_axis',(1.,0.,0.));
#8588=DIRECTION('ref_axis',(0.,-1.,0.));
#8589=DIRECTION('',(-1.,0.,2.468876774705E-16));
#8590=DIRECTION('center_axis',(0.,-1.,0.));
#8591=DIRECTION('ref_axis',(0.,0.,-1.));
#8592=DIRECTION('center_axis',(0.500000000000002,0.,0.866025403784437));
#8593=DIRECTION('ref_axis',(0.,-1.,0.));
#8594=DIRECTION('center_axis',(0.,1.,0.));
#8595=DIRECTION('ref_axis',(-0.5,0.,0.866025403784438));
#8596=DIRECTION('center_axis',(0.,-1.,0.));
#8597=DIRECTION('ref_axis',(-0.5,0.,0.866025403784438));
#8598=DIRECTION('center_axis',(0.,1.,0.));
#8599=DIRECTION('ref_axis',(-0.707106781186548,0.,-0.707106781186548));
#8600=DIRECTION('center_axis',(0.,-1.,0.));
#8601=DIRECTION('ref_axis',(-0.707106781186548,0.,-0.707106781186548));
#8602=DIRECTION('center_axis',(0.,1.,0.));
#8603=DIRECTION('ref_axis',(-0.499999999999999,0.,0.866025403784439));
#8604=DIRECTION('',(0.,1.,0.));
#8605=DIRECTION('center_axis',(0.,-1.,0.));
#8606=DIRECTION('ref_axis',(-0.707106781186547,0.,-0.707106781186548));
#8607=DIRECTION('',(0.,-1.,0.));
#8608=DIRECTION('center_axis',(0.,1.,0.));
#8609=DIRECTION('ref_axis',(0.866025403784439,0.,-0.5));
#8610=DIRECTION('',(0.,1.,0.));
#8611=DIRECTION('center_axis',(0.,1.,0.));
#8612=DIRECTION('ref_axis',(0.,0.,1.));
#8613=DIRECTION('',(1.,0.,0.));
#8614=DIRECTION('',(0.,0.,-1.));
#8615=DIRECTION('',(-1.,0.,0.));
#8616=DIRECTION('',(0.,0.,-1.));
#8617=DIRECTION('',(-1.,0.,0.));
#8618=DIRECTION('',(0.,0.,1.));
#8619=DIRECTION('',(-1.,0.,0.));
#8620=DIRECTION('',(0.,0.,1.));
#8621=DIRECTION('',(0.710581444197397,0.,0.703614959450367));
#8622=DIRECTION('',(-0.710581444197397,0.,-0.703614959450367));
#8623=DIRECTION('',(0.707106781186554,0.,-0.707106781186541));
#8624=DIRECTION('',(-0.703747660711152,0.,-0.710450019384602));
#8625=DIRECTION('',(1.,0.,0.));
#8626=DIRECTION('',(-1.,0.,0.));
#8627=DIRECTION('',(0.,0.,1.));
#8628=DIRECTION('',(-0.52323852501761,0.,0.852186274201478));
#8629=DIRECTION('',(1.,0.,0.));
#8630=DIRECTION('',(0.504170970429807,0.,-0.86360386322426));
#8631=DIRECTION('',(0.504170970429807,0.,0.86360386322426));
#8632=DIRECTION('',(1.,0.,0.));
#8633=DIRECTION('',(-0.52602411816597,0.,-0.850469650903378));
#8634=DIRECTION('',(0.,0.,-1.));
#8635=DIRECTION('',(-1.,0.,0.));
#8636=DIRECTION('',(0.,0.,1.));
#8637=DIRECTION('',(0.707106781186554,0.,-0.707106781186541));
#8638=DIRECTION('',(-0.703747660711164,0.,-0.710450019384591));
#8639=DIRECTION('',(-1.,0.,0.));
#8640=DIRECTION('',(-0.708270740597619,0.,-0.705940902635129));
#8641=DIRECTION('',(0.,0.,-1.));
#8642=DIRECTION('',(0.,0.,1.));
#8643=DIRECTION('',(0.707106781186548,0.,0.707106781186548));
#8644=DIRECTION('',(1.,0.,0.));
#8645=DIRECTION('',(0.,0.,-1.));
#8646=DIRECTION('',(-1.,0.,0.));
#8647=DIRECTION('',(0.,0.,1.));
#8648=DIRECTION('',(0.,0.,-1.));
#8649=DIRECTION('',(-1.,0.,0.));
#8650=DIRECTION('',(0.,0.,1.));
#8651=DIRECTION('center_axis',(0.,-1.,0.));
#8652=DIRECTION('ref_axis',(0.797605330527293,0.,-0.603179688579156));
#8653=DIRECTION('',(0.,0.,-1.));
#8654=DIRECTION('',(-1.,0.,0.));
#8655=DIRECTION('',(0.,0.,1.));
#8656=DIRECTION('',(1.,0.,0.));
#8657=DIRECTION('',(0.,0.,-1.));
#8658=DIRECTION('center_axis',(0.,1.,0.));
#8659=DIRECTION('ref_axis',(-0.689646995299141,0.,-0.724145718674679));
#8660=DIRECTION('',(0.,0.,1.));
#8661=DIRECTION('',(1.,0.,0.));
#8662=DIRECTION('',(0.,0.,-1.));
#8663=DIRECTION('',(-1.,0.,0.));
#8664=DIRECTION('',(0.,0.,1.));
#8665=DIRECTION('',(1.,0.,0.));
#8666=DIRECTION('',(0.707106781186547,0.,-0.707106781186547));
#8667=DIRECTION('',(0.707106781186554,0.,0.707106781186541));
#8668=DIRECTION('',(0.,0.,1.));
#8669=DIRECTION('',(0.,0.,-1.));
#8670=DIRECTION('',(-0.707106781186547,0.,-0.707106781186547));
#8671=DIRECTION('',(-0.707106781186548,0.,0.707106781186548));
#8672=DIRECTION('',(-1.,0.,0.));
#8673=DIRECTION('',(0.,0.,1.));
#8674=DIRECTION('',(1.,0.,0.));
#8675=DIRECTION('',(0.,0.,-1.));
#8676=DIRECTION('',(0.633860638561028,0.,0.773447277377719));
#8677=DIRECTION('',(1.,0.,0.));
#8678=DIRECTION('',(-0.647708679009214,0.,-0.761888093578144));
#8679=DIRECTION('',(0.624222109137329,0.,-0.781246925411003));
#8680=DIRECTION('',(-1.,0.,0.));
#8681=DIRECTION('',(-0.613643486042533,0.,0.78958322679599));
#8682=DIRECTION('',(0.,0.,-1.));
#8683=DIRECTION('',(-1.,0.,0.));
#8684=DIRECTION('',(0.710581444197413,0.,0.703614959450351));
#8685=DIRECTION('',(-0.710581444197399,0.,-0.703614959450365));
#8686=DIRECTION('',(1.,0.,0.));
#8687=DIRECTION('',(0.,0.,-1.));
#8688=DIRECTION('',(-1.,0.,0.));
#8689=DIRECTION('',(0.,0.,1.));
#8690=DIRECTION('',(0.,0.,1.));
#8691=DIRECTION('',(1.,0.,0.));
#8692=DIRECTION('',(0.,0.,-1.));
#8693=DIRECTION('',(1.,0.,0.));
#8694=DIRECTION('',(0.,0.,1.));
#8695=DIRECTION('',(1.,0.,0.));
#8696=DIRECTION('',(0.,0.,-1.));
#8697=DIRECTION('',(-1.,0.,0.));
#8698=DIRECTION('',(0.,0.,1.));
#8699=DIRECTION('',(-1.,0.,0.));
#8700=DIRECTION('',(0.,0.,-1.));
#8701=DIRECTION('',(-1.,0.,0.));
#8702=DIRECTION('',(0.285890415362424,0.,0.95826231815923));
#8703=DIRECTION('',(1.,0.,0.));
#8704=DIRECTION('',(0.285890415362424,0.,-0.95826231815923));
#8705=DIRECTION('',(0.290740886755599,0.,0.956801827322967));
#8706=DIRECTION('',(1.,0.,0.));
#8707=DIRECTION('',(-0.306096477146627,0.,-0.952000497204925));
#8708=DIRECTION('',(-1.,0.,0.));
#8709=DIRECTION('',(-0.287509703778579,0.,0.957777724857471));
#8710=DIRECTION('',(-0.287509703778579,0.,-0.957777724857471));
#8711=DIRECTION('',(-1.,0.,0.));
#8712=DIRECTION('',(-0.306096477146627,0.,0.952000497204925));
#8713=DIRECTION('',(1.,0.,0.));
#8714=DIRECTION('',(0.292352763781034,0.,-0.956310546584942));
#8715=DIRECTION('',(0.,0.,-1.));
#8716=DIRECTION('',(-1.,0.,0.));
#8717=DIRECTION('',(0.,0.,1.));
#8718=DIRECTION('',(-1.,0.,0.));
#8719=DIRECTION('',(0.,0.,1.));
#8720=DIRECTION('',(1.,0.,0.));
#8721=DIRECTION('',(0.,0.,-1.));
#8722=DIRECTION('',(-1.,0.,0.));
#8723=DIRECTION('',(0.,0.,1.));
#8724=DIRECTION('',(1.,0.,0.));
#8725=DIRECTION('',(0.,0.,-1.));
#8726=DIRECTION('',(0.,0.,1.));
#8727=DIRECTION('',(1.,0.,0.));
#8728=DIRECTION('',(0.,0.,-1.));
#8729=DIRECTION('',(-1.,0.,0.));
#8730=DIRECTION('',(0.,0.,1.));
#8731=DIRECTION('',(1.,0.,0.));
#8732=DIRECTION('',(0.615270855402983,0.,-0.788315783485072));
#8733=DIRECTION('',(0.,0.,1.));
#8734=DIRECTION('',(1.,0.,0.));
#8735=DIRECTION('',(0.,0.,-1.));
#8736=DIRECTION('',(-1.,0.,0.));
#8737=DIRECTION('',(-0.615270855402984,0.,0.788315783485071));
#8738=DIRECTION('',(0.,0.,-1.));
#8739=DIRECTION('',(1.,0.,0.));
#8740=DIRECTION('',(0.,0.,-1.));
#8741=DIRECTION('',(-1.,0.,0.));
#8742=DIRECTION('',(0.,0.,-1.));
#8743=DIRECTION('',(-1.,0.,0.));
#8744=DIRECTION('',(0.,0.,1.));
#8745=DIRECTION('',(-1.,0.,0.));
#8746=DIRECTION('',(0.,0.,1.));
#8747=DIRECTION('',(0.,0.,-1.));
#8748=DIRECTION('',(-1.,0.,0.));
#8749=DIRECTION('',(0.,0.,-1.));
#8750=DIRECTION('',(1.,0.,0.));
#8751=DIRECTION('',(0.,0.,-1.));
#8752=DIRECTION('',(-1.,0.,0.));
#8753=DIRECTION('',(0.,0.,1.));
#8754=DIRECTION('',(1.,0.,0.));
#8755=DIRECTION('',(0.,0.,-1.));
#8756=DIRECTION('',(-1.,0.,0.));
#8757=DIRECTION('',(0.,0.,-1.));
#8758=DIRECTION('',(1.,0.,0.));
#8759=DIRECTION('',(1.,0.,0.));
#8760=DIRECTION('',(0.,0.,-1.));
#8761=DIRECTION('',(-1.,0.,0.));
#8762=DIRECTION('',(0.,0.,1.));
#8763=DIRECTION('',(1.,0.,0.));
#8764=DIRECTION('',(0.707106781186548,0.,-0.707106781186548));
#8765=DIRECTION('',(0.,0.,-1.));
#8766=DIRECTION('',(0.,0.,1.));
#8767=DIRECTION('',(-0.707106781186548,0.,0.707106781186548));
#8768=DIRECTION('',(-1.,0.,0.));
#8769=DIRECTION('',(-0.707106781186548,0.,0.707106781186548));
#8770=DIRECTION('',(0.,0.,1.));
#8771=DIRECTION('',(0.,0.,-1.));
#8772=DIRECTION('',(0.707106781186543,0.,-0.707106781186552));
#8773=DIRECTION('center_axis',(0.,-1.,0.));
#8774=DIRECTION('ref_axis',(-0.545041014366614,0.,0.83840938249653));
#8775=DIRECTION('',(0.701546564655633,0.,-0.712623615676522));
#8776=DIRECTION('center_axis',(0.,1.,0.));
#8777=DIRECTION('ref_axis',(-0.671867734916589,0.,-0.740671146176258));
#8778=DIRECTION('',(-1.,0.,0.));
#8779=DIRECTION('',(1.,0.,0.));
#8780=DIRECTION('',(-0.593455255298284,0.,-0.804866982773457));
#8781=DIRECTION('',(0.586851902116431,0.,-0.809694291064428));
#8782=DIRECTION('',(-1.,0.,0.));
#8783=DIRECTION('',(-0.57979052316797,0.,0.814765579319973));
#8784=DIRECTION('',(-0.57979052316797,0.,-0.814765579319973));
#8785=DIRECTION('',(-1.,0.,0.));
#8786=DIRECTION('',(0.596453623692125,0.,0.802647540820087));
#8787=DIRECTION('',(-0.597789185193243,0.,0.801653347816872));
#8788=DIRECTION('',(1.,0.,0.));
#8789=DIRECTION('',(0.58994188371553,0.,-0.807445709529856));
#8790=DIRECTION('',(0.577097227376218,0.,0.816675449707338));
#8791=DIRECTION('',(0.589941883715536,0.,-0.807445709529851));
#8792=DIRECTION('',(0.576090954793828,0.,0.817385595545172));
#8793=DIRECTION('',(1.,0.,0.));
#8794=DIRECTION('',(-0.593455255298293,0.,-0.804866982773451));
#8795=DIRECTION('',(0.586851902116435,0.,-0.809694291064425));
#8796=DIRECTION('',(-1.,0.,0.));
#8797=DIRECTION('',(-0.57979052316797,0.,0.814765579319973));
#8798=DIRECTION('',(-0.57979052316797,0.,-0.814765579319973));
#8799=DIRECTION('',(-1.,0.,0.));
#8800=DIRECTION('',(0.595805045174529,0.,0.803129098056208));
#8801=DIRECTION('',(-0.597789185193243,0.,0.801653347816872));
#8802=DIRECTION('',(1.,0.,0.));
#8803=DIRECTION('',(0.707106781186548,0.,0.707106781186548));
#8804=DIRECTION('',(1.,0.,0.));
#8805=DIRECTION('',(0.707106781186548,0.,-0.707106781186548));
#8806=DIRECTION('',(1.,0.,0.));
#8807=DIRECTION('',(0.,0.,-1.));
#8808=DIRECTION('',(-0.707106781186548,0.,-0.707106781186548));
#8809=DIRECTION('',(0.707106781186547,0.,0.707106781186547));
#8810=DIRECTION('',(0.,0.,1.));
#8811=DIRECTION('',(-0.707106781186548,0.,0.707106781186548));
#8812=DIRECTION('',(-1.,0.,0.));
#8813=DIRECTION('',(-0.705875962776281,0.,-0.708335460904407));
#8814=DIRECTION('',(1.,0.,0.));
#8815=DIRECTION('',(0.,0.,-1.));
#8816=DIRECTION('',(-1.,0.,0.));
#8817=DIRECTION('',(0.,0.,-1.));
#8818=DIRECTION('',(-1.,0.,0.));
#8819=DIRECTION('',(0.,0.,1.));
#8820=DIRECTION('',(-1.,0.,0.));
#8821=DIRECTION('',(0.,0.,1.));
#8822=DIRECTION('',(0.720701156759295,0.,0.693245874597039));
#8823=DIRECTION('',(0.,0.,1.));
#8824=DIRECTION('',(1.,0.,0.));
#8825=DIRECTION('',(0.,0.,-1.));
#8826=DIRECTION('',(0.,0.,1.));
#8827=DIRECTION('',(1.,0.,0.));
#8828=DIRECTION('',(0.,0.,-1.));
#8829=DIRECTION('',(1.,0.,0.));
#8830=DIRECTION('',(0.,0.,-1.));
#8831=DIRECTION('',(-1.,0.,0.));
#8832=DIRECTION('',(1.,0.,0.));
#8833=DIRECTION('',(0.,0.,-1.));
#8834=DIRECTION('',(-1.,0.,0.));
#8835=DIRECTION('',(0.,0.,1.));
#8836=DIRECTION('',(-1.,0.,0.));
#8837=DIRECTION('',(0.,0.,1.));
#8838=DIRECTION('',(1.,0.,0.));
#8839=DIRECTION('center_axis',(0.,1.,0.));
#8840=DIRECTION('ref_axis',(-0.499999999999999,0.,-0.866025403784439));
#8841=DIRECTION('',(0.,-1.,0.));
#8842=DIRECTION('',(0.,1.,0.));
#8843=DIRECTION('center_axis',(2.468876774705E-16,0.,1.));
#8844=DIRECTION('ref_axis',(-1.,0.,2.468876774705E-16));
#8845=DIRECTION('center_axis',(-0.408248290463863,-0.816496580927726,0.408248290463863));
#8846=DIRECTION('ref_axis',(0.577350269189626,-0.577350269189626,-0.577350269189626));
#8847=DIRECTION('center_axis',(-1.,0.,4.44089209850062E-15));
#8848=DIRECTION('ref_axis',(0.,-1.,0.));
#8849=DIRECTION('center_axis',(0.,0.,1.));
#8850=DIRECTION('ref_axis',(1.,0.,0.));
#8851=DIRECTION('center_axis',(0.,1.,0.));
#8852=DIRECTION('ref_axis',(0.,0.,-1.));
#8853=DIRECTION('center_axis',(-0.408248290463861,-0.816496580927727,-0.408248290463863));
#8854=DIRECTION('ref_axis',(0.577350269189626,-0.577350269189625,0.577350269189626));
#8855=DIRECTION('center_axis',(0.,1.,0.));
#8856=DIRECTION('ref_axis',(1.,0.,0.));
#8857=DIRECTION('center_axis',(0.,0.,-1.));
#8858=DIRECTION('ref_axis',(0.,-1.,0.));
#8859=DIRECTION('center_axis',(-1.,0.,0.));
#8860=DIRECTION('ref_axis',(0.,0.,1.));
#8861=DIRECTION('center_axis',(-2.25808072805117E-16,0.,-1.));
#8862=DIRECTION('ref_axis',(0.707106781186548,-0.707106781186547,0.));
#8863=DIRECTION('',(2.25808072805117E-16,0.,1.));
#8864=DIRECTION('',(-2.25808072805117E-16,0.,-1.));
#8865=DIRECTION('center_axis',(0.408248290463865,0.408248290463862,-0.816496580927726));
#8866=DIRECTION('ref_axis',(-0.577350269189626,-0.577350269189625,-0.577350269189626));
#8867=DIRECTION('center_axis',(0.,0.,1.));
#8868=DIRECTION('ref_axis',(0.,-1.,0.));
#8869=DIRECTION('center_axis',(1.,-2.22044604925031E-15,0.));
#8870=DIRECTION('ref_axis',(0.,0.,-1.));
#8871=DIRECTION('center_axis',(0.,1.,0.));
#8872=DIRECTION('ref_axis',(-1.,0.,0.));
#8873=DIRECTION('center_axis',(-1.,0.,1.91831192159854E-16));
#8874=DIRECTION('ref_axis',(0.,-0.707106781186547,-0.707106781186548));
#8875=DIRECTION('',(1.,0.,-1.91831192159854E-16));
#8876=DIRECTION('',(-1.,0.,1.91831192159854E-16));
#8877=DIRECTION('center_axis',(0.,1.,0.));
#8878=DIRECTION('ref_axis',(-0.707106781186549,0.,-0.707106781186546));
#8879=DIRECTION('center_axis',(0.707106781186548,-0.707106781186548,-1.59670419527164E-16));
#8880=DIRECTION('ref_axis',(-0.707106781186547,-0.707106781186547,1.96261557335472E-16));
#8881=DIRECTION('',(0.,-1.,0.));
#8882=DIRECTION('',(0.,1.,0.));
#8883=DIRECTION('center_axis',(1.35645136819333E-16,-0.707106781186546,
0.707106781186549));
#8884=DIRECTION('ref_axis',(-4.90653893338679E-17,-0.707106781186549,-0.707106781186546));
#8885=DIRECTION('center_axis',(0.408248290463863,-0.816496580927726,-0.408248290463864));
#8886=DIRECTION('ref_axis',(-0.577350269189625,-0.577350269189625,0.577350269189627));
#8887=DIRECTION('center_axis',(1.,0.,-4.44089209850063E-15));
#8888=DIRECTION('ref_axis',(0.,-1.,0.));
#8889=DIRECTION('center_axis',(0.,-2.22044604925031E-15,-1.));
#8890=DIRECTION('ref_axis',(-1.,0.,0.));
#8891=DIRECTION('center_axis',(0.,1.,0.));
#8892=DIRECTION('ref_axis',(0.,0.,1.));
#8893=DIRECTION('center_axis',(2.25808072805117E-16,0.,1.));
#8894=DIRECTION('ref_axis',(-0.707106781186548,-0.707106781186547,0.));
#8895=DIRECTION('',(-2.25808072805117E-16,0.,-1.));
#8896=DIRECTION('',(2.25808072805117E-16,0.,1.));
#8897=DIRECTION('center_axis',(0.,1.,0.));
#8898=DIRECTION('ref_axis',(-0.707106781186548,0.,0.707106781186548));
#8899=DIRECTION('center_axis',(-2.26075228032221E-16,-0.707106781186546,
-0.707106781186549));
#8900=DIRECTION('ref_axis',(1.47196168001604E-16,-0.707106781186549,0.707106781186546));
#8901=DIRECTION('',(0.,-1.,0.));
#8902=DIRECTION('',(0.,1.,0.));
#8903=DIRECTION('center_axis',(0.707106781186549,-0.707106781186546,-1.59670419527164E-16));
#8904=DIRECTION('ref_axis',(-0.707106781186546,-0.707106781186549,2.45326946669339E-16));
#8905=DIRECTION('center_axis',(1.,0.,-3.19718653599757E-16));
#8906=DIRECTION('ref_axis',(0.,-0.707106781186549,0.707106781186546));
#8907=DIRECTION('',(-1.,0.,3.19718653599757E-16));
#8908=DIRECTION('',(1.,0.,-3.19718653599757E-16));
#8909=DIRECTION('center_axis',(0.,1.,0.));
#8910=DIRECTION('ref_axis',(0.707106781186548,0.,0.707106781186548));
#8911=DIRECTION('center_axis',(-0.707106781186548,-0.707106781186548,1.59670419527164E-16));
#8912=DIRECTION('ref_axis',(0.707106781186547,-0.707106781186547,-1.47196168001604E-16));
#8913=DIRECTION('',(0.,-1.,0.));
#8914=DIRECTION('',(0.,1.,0.));
#8915=DIRECTION('center_axis',(-2.26075228032221E-16,-0.707106781186546,
-0.707106781186549));
#8916=DIRECTION('ref_axis',(2.45326946669339E-16,-0.707106781186549,0.707106781186546));
#8917=DIRECTION('center_axis',(0.,1.,0.));
#8918=DIRECTION('ref_axis',(0.707106781186548,0.,-0.707106781186548));
#8919=DIRECTION('center_axis',(1.35645136819333E-16,-0.707106781186546,
0.707106781186549));
#8920=DIRECTION('ref_axis',(0.,-0.707106781186549,-0.707106781186546));
#8921=DIRECTION('',(0.,-1.,0.));
#8922=DIRECTION('',(0.,1.,0.));
#8923=DIRECTION('center_axis',(-0.707106781186549,-0.707106781186546,1.59670419527164E-16));
#8924=DIRECTION('ref_axis',(0.707106781186546,-0.707106781186549,-2.45326946669339E-16));
#8925=DIRECTION('center_axis',(0.707106781186549,-0.707106781186546,-1.59670419527164E-16));
#8926=DIRECTION('ref_axis',(-2.25808072805117E-16,0.,-1.));
#8927=DIRECTION('',(-2.25808072805117E-16,0.,-1.));
#8928=DIRECTION('',(0.707106781186546,0.707106781186549,0.));
#8929=DIRECTION('',(1.57199720300907E-16,0.,1.));
#8930=DIRECTION('',(0.577350269189625,0.577350269189627,-0.577350269189625));
#8931=DIRECTION('center_axis',(1.,0.,-2.25808072805117E-16));
#8932=DIRECTION('ref_axis',(-2.25808072805117E-16,0.,-1.));
#8933=DIRECTION('',(-2.25808072805117E-16,0.,-1.));
#8934=DIRECTION('',(0.,1.,0.));
#8935=DIRECTION('',(0.,-1.,0.));
#8936=DIRECTION('center_axis',(-2.26075228032221E-16,-0.707106781186546,
-0.707106781186549));
#8937=DIRECTION('ref_axis',(-1.,0.,3.19718653599757E-16));
#8938=DIRECTION('',(1.,0.,-2.65325890873824E-16));
#8939=DIRECTION('',(-0.577350269189626,0.577350269189626,-0.577350269189624));
#8940=DIRECTION('',(-1.,0.,3.19718653599757E-16));
#8941=DIRECTION('center_axis',(0.707106781186548,-0.707106781186548,-1.59670419527164E-16));
#8942=DIRECTION('ref_axis',(-2.25808072805117E-16,0.,-1.));
#8943=DIRECTION('',(-0.577350269189627,-0.577350269189627,-0.577350269189623));
#8944=DIRECTION('',(1.57199720300907E-16,0.,1.));
#8945=DIRECTION('',(-0.707106781186548,-0.707106781186548,0.));
#8946=DIRECTION('center_axis',(1.91831192159854E-16,0.,1.));
#8947=DIRECTION('ref_axis',(1.,0.,-1.91831192159854E-16));
#8948=DIRECTION('',(1.,0.,-1.91831192159854E-16));
#8949=DIRECTION('center_axis',(1.35645136819333E-16,-0.707106781186546,
0.707106781186549));
#8950=DIRECTION('ref_axis',(1.,0.,-1.91831192159854E-16));
#8951=DIRECTION('',(-0.577350269189625,0.577350269189627,0.577350269189625));
#8952=DIRECTION('',(-1.,0.,2.65325890873824E-16));
#8953=DIRECTION('center_axis',(0.,1.,0.));
#8954=DIRECTION('ref_axis',(0.,0.,1.));
#8955=DIRECTION('center_axis',(-1.,0.,2.16628882853689E-16));
#8956=DIRECTION('ref_axis',(-2.16628882853689E-16,0.,-1.));
#8957=DIRECTION('',(0.,-1.,0.));
#8958=DIRECTION('center_axis',(0.,-1.,0.));
#8959=DIRECTION('ref_axis',(0.866025403784439,0.,0.499999999999999));
#8960=DIRECTION('',(0.,1.,0.));
#8961=DIRECTION('center_axis',(-0.707106781186548,-0.707106781186548,1.59670419527164E-16));
#8962=DIRECTION('ref_axis',(2.25808072805117E-16,0.,1.));
#8963=DIRECTION('',(-2.35799580451361E-16,0.,-1.));
#8964=DIRECTION('',(0.707106781186548,-0.707106781186548,-6.2803698347351E-16));
#8965=DIRECTION('',(2.25808072805117E-16,0.,1.));
#8966=DIRECTION('center_axis',(-0.707106781186549,-0.707106781186546,1.59670419527164E-16));
#8967=DIRECTION('ref_axis',(2.25808072805117E-16,0.,1.));
#8968=DIRECTION('',(2.25808072805117E-16,0.,1.));
#8969=DIRECTION('',(-0.707106781186546,0.707106781186549,0.));
#8970=DIRECTION('',(-2.35799580451361E-16,0.,-1.));
#8971=DIRECTION('center_axis',(-1.,0.,2.25808072805117E-16));
#8972=DIRECTION('ref_axis',(2.25808072805117E-16,0.,1.));
#8973=DIRECTION('',(0.,-1.,0.));
#8974=DIRECTION('',(0.,-1.,0.));
#8975=DIRECTION('',(0.,1.,0.));
#8976=DIRECTION('',(0.,1.,0.));
#8977=DIRECTION('center_axis',(-1.,0.,0.));
#8978=DIRECTION('ref_axis',(0.,0.,1.));
#8979=DIRECTION('',(0.,0.,-1.));
#8980=DIRECTION('',(0.,0.,1.));
#8981=DIRECTION('',(0.,1.,0.));
#8982=DIRECTION('center_axis',(0.,-1.,0.));
#8983=DIRECTION('ref_axis',(0.,0.,-1.));
#8984=DIRECTION('',(0.,1.,0.));
#8985=DIRECTION('',(0.,1.,0.));
#8986=DIRECTION('center_axis',(0.,0.,-1.));
#8987=DIRECTION('ref_axis',(-1.,0.,0.));
#8988=DIRECTION('',(1.,0.,0.));
#8989=DIRECTION('',(-1.,0.,0.));
#8990=DIRECTION('',(0.,1.,0.));
#8991=DIRECTION('',(0.,1.,0.));
#8992=DIRECTION('center_axis',(0.,-1.,0.));
#8993=DIRECTION('ref_axis',(-0.673788503417463,0.,-0.738924253670466));
#8994=DIRECTION('center_axis',(0.,1.,0.));
#8995=DIRECTION('ref_axis',(-0.673788503417463,0.,-0.738924253670466));
#8996=DIRECTION('',(0.,1.,0.));
#8997=DIRECTION('',(0.,1.,0.));
#8998=DIRECTION('center_axis',(-0.447213595499958,0.,0.894427190999916));
#8999=DIRECTION('ref_axis',(0.894427190999916,0.,0.447213595499958));
#9000=DIRECTION('',(-0.894427190999916,0.,-0.447213595499958));
#9001=DIRECTION('',(0.894427190999916,0.,0.447213595499958));
#9002=DIRECTION('',(0.,1.,0.));
#9003=DIRECTION('center_axis',(0.,-1.,0.));
#9004=DIRECTION('ref_axis',(0.6718940344687,0.,-0.740647288826046));
#9005=DIRECTION('center_axis',(0.,1.,0.));
#9006=DIRECTION('ref_axis',(0.6718940344687,0.,-0.740647288826046));
#9007=DIRECTION('center_axis',(0.,-1.,0.));
#9008=DIRECTION('ref_axis',(0.,0.,-1.));
#9009=DIRECTION('center_axis',(0.,0.,1.));
#9010=DIRECTION('ref_axis',(1.,0.,0.));
#9011=DIRECTION('',(0.,1.,0.));
#9012=DIRECTION('',(1.,0.,0.));
#9013=DIRECTION('',(0.,1.,0.));
#9014=DIRECTION('center_axis',(-1.,0.,0.));
#9015=DIRECTION('ref_axis',(0.,0.,1.));
#9016=DIRECTION('',(0.,1.,0.));
#9017=DIRECTION('',(0.,0.,1.));
#9018=DIRECTION('center_axis',(0.,0.,-1.));
#9019=DIRECTION('ref_axis',(-1.,0.,0.));
#9020=DIRECTION('',(0.,1.,0.));
#9021=DIRECTION('',(-1.,0.,0.));
#9022=DIRECTION('center_axis',(-1.,0.,0.));
#9023=DIRECTION('ref_axis',(0.,0.,1.));
#9024=DIRECTION('',(0.,1.,0.));
#9025=DIRECTION('',(0.,0.,1.));
#9026=DIRECTION('center_axis',(0.,0.,-1.));
#9027=DIRECTION('ref_axis',(-1.,0.,0.));
#9028=DIRECTION('',(0.,1.,0.));
#9029=DIRECTION('',(-1.,0.,0.));
#9030=DIRECTION('center_axis',(1.,0.,0.));
#9031=DIRECTION('ref_axis',(0.,0.,-1.));
#9032=DIRECTION('',(0.,1.,0.));
#9033=DIRECTION('',(0.,0.,-1.));
#9034=DIRECTION('center_axis',(0.,0.,-1.));
#9035=DIRECTION('ref_axis',(-1.,0.,0.));
#9036=DIRECTION('',(0.,1.,0.));
#9037=DIRECTION('',(-1.,0.,0.));
#9038=DIRECTION('center_axis',(1.,0.,0.));
#9039=DIRECTION('ref_axis',(0.,0.,-1.));
#9040=DIRECTION('',(0.,0.,-1.));
#9041=DIRECTION('center_axis',(0.,1.,0.));
#9042=DIRECTION('ref_axis',(0.,0.,1.));
#9043=DIRECTION('',(0.,1.,0.));
#9044=DIRECTION('',(0.,1.,0.));
#9045=DIRECTION('',(0.,1.,0.));
#9046=DIRECTION('center_axis',(0.703614959450367,0.,-0.710581444197397));
#9047=DIRECTION('ref_axis',(-0.710581444197397,0.,-0.703614959450367));
#9048=DIRECTION('',(0.,1.,0.));
#9049=DIRECTION('',(-0.710581444197397,0.,-0.703614959450367));
#9050=DIRECTION('',(0.,1.,0.));
#9051=DIRECTION('center_axis',(-0.703614959450367,0.,0.710581444197397));
#9052=DIRECTION('ref_axis',(0.710581444197397,0.,0.703614959450367));
#9053=DIRECTION('',(0.710581444197397,0.,0.703614959450367));
#9054=DIRECTION('center_axis',(0.,-1.,0.));
#9055=DIRECTION('ref_axis',(0.,0.,-1.));
#9056=DIRECTION('',(0.,1.,0.));
#9057=DIRECTION('',(0.,1.,0.));
#9058=DIRECTION('center_axis',(0.710450019384602,0.,-0.703747660711152));
#9059=DIRECTION('ref_axis',(-0.703747660711152,0.,-0.710450019384602));
#9060=DIRECTION('',(0.,1.,0.));
#9061=DIRECTION('',(-0.703747660711152,0.,-0.710450019384602));
#9062=DIRECTION('',(0.,1.,0.));
#9063=DIRECTION('',(0.,1.,0.));
#9064=DIRECTION('center_axis',(0.707106781186541,0.,0.707106781186554));
#9065=DIRECTION('ref_axis',(0.707106781186554,0.,-0.707106781186541));
#9066=DIRECTION('',(0.707106781186554,0.,-0.707106781186541));
#9067=DIRECTION('center_axis',(0.,-1.,0.));
#9068=DIRECTION('ref_axis',(0.,0.,-1.));
#9069=DIRECTION('',(0.,1.,0.));
#9070=DIRECTION('',(0.,1.,0.));
#9071=DIRECTION('center_axis',(0.,0.,1.));
#9072=DIRECTION('ref_axis',(1.,0.,0.));
#9073=DIRECTION('',(1.,0.,0.));
#9074=DIRECTION('',(0.,1.,0.));
#9075=DIRECTION('',(1.,0.,0.));
#9076=DIRECTION('center_axis',(1.,0.,0.));
#9077=DIRECTION('ref_axis',(0.,0.,-1.));
#9078=DIRECTION('',(0.,0.,-1.));
#9079=DIRECTION('',(0.,1.,0.));
#9080=DIRECTION('',(0.,0.,-1.));
#9081=DIRECTION('center_axis',(0.,0.,-1.));
#9082=DIRECTION('ref_axis',(-1.,0.,0.));
#9083=DIRECTION('',(-1.,0.,0.));
#9084=DIRECTION('',(-1.,0.,0.));
#9085=DIRECTION('center_axis',(0.,0.,1.));
#9086=DIRECTION('ref_axis',(1.,0.,0.));
#9087=DIRECTION('',(0.,1.,0.));
#9088=DIRECTION('',(1.,0.,0.));
#9089=DIRECTION('',(0.,1.,0.));
#9090=DIRECTION('center_axis',(-1.,0.,0.));
#9091=DIRECTION('ref_axis',(0.,0.,1.));
#9092=DIRECTION('',(0.,1.,0.));
#9093=DIRECTION('',(0.,0.,1.));
#9094=DIRECTION('center_axis',(0.,0.,-1.));
#9095=DIRECTION('ref_axis',(-1.,0.,0.));
#9096=DIRECTION('',(0.,1.,0.));
#9097=DIRECTION('',(-1.,0.,0.));
#9098=DIRECTION('center_axis',(0.,-1.,0.));
#9099=DIRECTION('ref_axis',(0.,0.,-1.));
#9100=DIRECTION('center_axis',(-0.852186274201478,0.,-0.52323852501761));
#9101=DIRECTION('ref_axis',(-0.52323852501761,0.,0.852186274201478));
#9102=DIRECTION('',(0.,1.,0.));
#9103=DIRECTION('',(-0.52323852501761,0.,0.852186274201478));
#9104=DIRECTION('',(0.,1.,0.));
#9105=DIRECTION('center_axis',(-1.,0.,0.));
#9106=DIRECTION('ref_axis',(0.,0.,1.));
#9107=DIRECTION('',(0.,1.,0.));
#9108=DIRECTION('',(0.,0.,1.));
#9109=DIRECTION('center_axis',(0.,0.,-1.));
#9110=DIRECTION('ref_axis',(-1.,0.,0.));
#9111=DIRECTION('',(0.,1.,0.));
#9112=DIRECTION('',(-1.,0.,0.));
#9113=DIRECTION('center_axis',(1.,0.,0.));
#9114=DIRECTION('ref_axis',(0.,0.,-1.));
#9115=DIRECTION('',(0.,1.,0.));
#9116=DIRECTION('',(0.,0.,-1.));
#9117=DIRECTION('center_axis',(0.850469650903378,0.,-0.52602411816597));
#9118=DIRECTION('ref_axis',(-0.52602411816597,0.,-0.850469650903378));
#9119=DIRECTION('',(0.,1.,0.));
#9120=DIRECTION('',(-0.52602411816597,0.,-0.850469650903378));
#9121=DIRECTION('center_axis',(0.,0.,1.));
#9122=DIRECTION('ref_axis',(1.,0.,0.));
#9123=DIRECTION('',(0.,1.,0.));
#9124=DIRECTION('',(1.,0.,0.));
#9125=DIRECTION('center_axis',(-0.86360386322426,0.,0.504170970429807));
#9126=DIRECTION('ref_axis',(0.504170970429807,0.,0.86360386322426));
#9127=DIRECTION('',(0.,1.,0.));
#9128=DIRECTION('',(0.504170970429807,0.,0.86360386322426));
#9129=DIRECTION('center_axis',(0.86360386322426,0.,0.504170970429807));
#9130=DIRECTION('ref_axis',(0.504170970429807,0.,-0.86360386322426));
#9131=DIRECTION('',(0.,1.,0.));
#9132=DIRECTION('',(0.504170970429807,0.,-0.86360386322426));
#9133=DIRECTION('center_axis',(0.,0.,1.));
#9134=DIRECTION('ref_axis',(1.,0.,0.));
#9135=DIRECTION('',(1.,0.,0.));
#9136=DIRECTION('center_axis',(0.,1.,0.));
#9137=DIRECTION('ref_axis',(0.,0.,1.));
#9138=DIRECTION('',(0.,1.,0.));
#9139=DIRECTION('',(0.,1.,0.));
#9140=DIRECTION('center_axis',(0.710450019384591,0.,-0.703747660711164));
#9141=DIRECTION('ref_axis',(-0.703747660711164,0.,-0.710450019384591));
#9142=DIRECTION('',(0.,1.,0.));
#9143=DIRECTION('',(-0.703747660711164,0.,-0.710450019384591));
#9144=DIRECTION('',(0.,1.,0.));
#9145=DIRECTION('',(0.,1.,0.));
#9146=DIRECTION('center_axis',(0.707106781186541,0.,0.707106781186554));
#9147=DIRECTION('ref_axis',(0.707106781186554,0.,-0.707106781186541));
#9148=DIRECTION('',(0.707106781186554,0.,-0.707106781186541));
#9149=DIRECTION('center_axis',(0.,-1.,0.));
#9150=DIRECTION('ref_axis',(0.,0.,-1.));
#9151=DIRECTION('',(0.,1.,0.));
#9152=DIRECTION('',(0.,1.,0.));
#9153=DIRECTION('',(0.,1.,0.));
#9154=DIRECTION('center_axis',(0.,0.,1.));
#9155=DIRECTION('ref_axis',(1.,0.,0.));
#9156=DIRECTION('',(0.,1.,0.));
#9157=DIRECTION('',(1.,0.,0.));
#9158=DIRECTION('center_axis',(-0.707106781186548,0.,0.707106781186548));
#9159=DIRECTION('ref_axis',(0.707106781186548,0.,0.707106781186548));
#9160=DIRECTION('',(0.,1.,0.));
#9161=DIRECTION('',(0.707106781186548,0.,0.707106781186548));
#9162=DIRECTION('center_axis',(-1.,0.,0.));
#9163=DIRECTION('ref_axis',(0.,0.,1.));
#9164=DIRECTION('',(0.,1.,0.));
#9165=DIRECTION('',(0.,0.,1.));
#9166=DIRECTION('',(0.,1.,0.));
#9167=DIRECTION('center_axis',(1.,0.,0.));
#9168=DIRECTION('ref_axis',(0.,0.,-1.));
#9169=DIRECTION('',(0.,1.,0.));
#9170=DIRECTION('',(0.,0.,-1.));
#9171=DIRECTION('center_axis',(0.705940902635129,0.,-0.708270740597619));
#9172=DIRECTION('ref_axis',(-0.708270740597619,0.,-0.705940902635129));
#9173=DIRECTION('',(0.,1.,0.));
#9174=DIRECTION('',(-0.708270740597619,0.,-0.705940902635129));
#9175=DIRECTION('center_axis',(0.,0.,-1.));
#9176=DIRECTION('ref_axis',(-1.,0.,0.));
#9177=DIRECTION('',(-1.,0.,0.));
#9178=DIRECTION('center_axis',(0.,-1.,0.));
#9179=DIRECTION('ref_axis',(0.,0.,-1.));
#9180=DIRECTION('',(0.,1.,0.));
#9181=DIRECTION('',(0.,1.,0.));
#9182=DIRECTION('',(0.,1.,0.));
#9183=DIRECTION('',(0.,1.,0.));
#9184=DIRECTION('center_axis',(1.,0.,0.));
#9185=DIRECTION('ref_axis',(0.,0.,-1.));
#9186=DIRECTION('',(0.,1.,0.));
#9187=DIRECTION('',(0.,0.,-1.));
#9188=DIRECTION('center_axis',(0.,0.,1.));
#9189=DIRECTION('ref_axis',(1.,0.,0.));
#9190=DIRECTION('',(0.,1.,0.));
#9191=DIRECTION('',(1.,0.,0.));
#9192=DIRECTION('center_axis',(-1.,0.,0.));
#9193=DIRECTION('ref_axis',(0.,0.,1.));
#9194=DIRECTION('',(0.,1.,0.));
#9195=DIRECTION('',(0.,0.,1.));
#9196=DIRECTION('center_axis',(0.,0.,-1.));
#9197=DIRECTION('ref_axis',(-1.,0.,0.));
#9198=DIRECTION('',(0.,1.,0.));
#9199=DIRECTION('',(-1.,0.,0.));
#9200=DIRECTION('center_axis',(1.,0.,0.));
#9201=DIRECTION('ref_axis',(0.,0.,-1.));
#9202=DIRECTION('',(0.,1.,0.));
#9203=DIRECTION('',(0.,0.,-1.));
#9204=DIRECTION('',(0.,1.,0.));
#9205=DIRECTION('center_axis',(0.,-1.,0.));
#9206=DIRECTION('ref_axis',(0.797605330527293,0.,-0.603179688579156));
#9207=DIRECTION('',(0.,1.,0.));
#9208=DIRECTION('',(0.,1.,0.));
#9209=DIRECTION('',(0.,1.,0.));
#9210=DIRECTION('center_axis',(-1.,0.,0.));
#9211=DIRECTION('ref_axis',(0.,0.,1.));
#9212=DIRECTION('',(0.,1.,0.));
#9213=DIRECTION('',(0.,0.,1.));
#9214=DIRECTION('center_axis',(0.,0.,-1.));
#9215=DIRECTION('ref_axis',(-1.,0.,0.));
#9216=DIRECTION('',(0.,1.,0.));
#9217=DIRECTION('',(-1.,0.,0.));
#9218=DIRECTION('center_axis',(1.,0.,0.));
#9219=DIRECTION('ref_axis',(0.,0.,-1.));
#9220=DIRECTION('',(0.,1.,0.));
#9221=DIRECTION('',(0.,0.,-1.));
#9222=DIRECTION('',(0.,1.,0.));
#9223=DIRECTION('',(0.,1.,0.));
#9224=DIRECTION('',(0.,1.,0.));
#9225=DIRECTION('center_axis',(-1.,0.,0.));
#9226=DIRECTION('ref_axis',(0.,0.,1.));
#9227=DIRECTION('',(0.,1.,0.));
#9228=DIRECTION('',(0.,0.,1.));
#9229=DIRECTION('center_axis',(0.,0.,-1.));
#9230=DIRECTION('ref_axis',(-1.,0.,0.));
#9231=DIRECTION('',(0.,1.,0.));
#9232=DIRECTION('',(-1.,0.,0.));
#9233=DIRECTION('center_axis',(1.,0.,0.));
#9234=DIRECTION('ref_axis',(0.,0.,-1.));
#9235=DIRECTION('',(0.,1.,0.));
#9236=DIRECTION('',(0.,0.,-1.));
#9237=DIRECTION('',(0.,1.,0.));
#9238=DIRECTION('',(0.,1.,0.));
#9239=DIRECTION('center_axis',(0.,-1.,0.));
#9240=DIRECTION('ref_axis',(0.,0.,-1.));
#9241=DIRECTION('',(0.,1.,0.));
#9242=DIRECTION('',(0.,1.,0.));
#9243=DIRECTION('center_axis',(-1.,0.,0.));
#9244=DIRECTION('ref_axis',(0.,0.,1.));
#9245=DIRECTION('',(0.,1.,0.));
#9246=DIRECTION('',(0.,0.,1.));
#9247=DIRECTION('center_axis',(0.,0.,-1.));
#9248=DIRECTION('ref_axis',(-1.,0.,0.));
#9249=DIRECTION('',(0.,1.,0.));
#9250=DIRECTION('',(-1.,0.,0.));
#9251=DIRECTION('center_axis',(1.,0.,0.));
#9252=DIRECTION('ref_axis',(0.,0.,-1.));
#9253=DIRECTION('',(0.,1.,0.));
#9254=DIRECTION('',(0.,0.,-1.));
#9255=DIRECTION('center_axis',(0.,0.,1.));
#9256=DIRECTION('ref_axis',(1.,0.,0.));
#9257=DIRECTION('',(0.,1.,0.));
#9258=DIRECTION('',(1.,0.,0.));
#9259=DIRECTION('center_axis',(-1.,0.,0.));
#9260=DIRECTION('ref_axis',(0.,0.,1.));
#9261=DIRECTION('',(0.,1.,0.));
#9262=DIRECTION('',(0.,0.,1.));
#9263=DIRECTION('',(0.,1.,0.));
#9264=DIRECTION('',(0.,1.,0.));
#9265=DIRECTION('',(0.,1.,0.));
#9266=DIRECTION('',(0.,1.,0.));
#9267=DIRECTION('center_axis',(0.,1.,0.));
#9268=DIRECTION('ref_axis',(-0.689646995299141,0.,-0.724145718674679));
#9269=DIRECTION('center_axis',(0.,-1.,0.));
#9270=DIRECTION('ref_axis',(0.,0.,-1.));
#9271=DIRECTION('',(0.,1.,0.));
#9272=DIRECTION('',(0.,1.,0.));
#9273=DIRECTION('center_axis',(0.,0.,-1.));
#9274=DIRECTION('ref_axis',(-1.,0.,0.));
#9275=DIRECTION('',(0.,1.,0.));
#9276=DIRECTION('',(-1.,0.,0.));
#9277=DIRECTION('center_axis',(-0.707106781186548,0.,-0.707106781186548));
#9278=DIRECTION('ref_axis',(-0.707106781186548,0.,0.707106781186548));
#9279=DIRECTION('',(0.,1.,0.));
#9280=DIRECTION('',(-0.707106781186548,0.,0.707106781186548));
#9281=DIRECTION('center_axis',(0.707106781186548,0.,-0.707106781186548));
#9282=DIRECTION('ref_axis',(-0.707106781186548,0.,-0.707106781186548));
#9283=DIRECTION('',(0.,1.,0.));
#9284=DIRECTION('',(-0.707106781186547,0.,-0.707106781186547));
#9285=DIRECTION('center_axis',(1.,0.,0.));
#9286=DIRECTION('ref_axis',(0.,0.,-1.));
#9287=DIRECTION('',(0.,1.,0.));
#9288=DIRECTION('',(0.,0.,-1.));
#9289=DIRECTION('',(0.,1.,0.));
#9290=DIRECTION('center_axis',(-1.,0.,0.));
#9291=DIRECTION('ref_axis',(0.,0.,1.));
#9292=DIRECTION('',(0.,1.,0.));
#9293=DIRECTION('',(0.,0.,1.));
#9294=DIRECTION('center_axis',(-0.707106781186541,0.,0.707106781186554));
#9295=DIRECTION('ref_axis',(0.707106781186554,0.,0.707106781186541));
#9296=DIRECTION('',(0.,1.,0.));
#9297=DIRECTION('',(0.707106781186554,0.,0.707106781186541));
#9298=DIRECTION('center_axis',(0.707106781186548,0.,0.707106781186548));
#9299=DIRECTION('ref_axis',(0.707106781186548,0.,-0.707106781186548));
#9300=DIRECTION('',(0.,1.,0.));
#9301=DIRECTION('',(0.707106781186548,0.,-0.707106781186548));
#9302=DIRECTION('center_axis',(0.,0.,1.));
#9303=DIRECTION('ref_axis',(1.,0.,0.));
#9304=DIRECTION('',(1.,0.,0.));
#9305=DIRECTION('center_axis',(0.,-1.,0.));
#9306=DIRECTION('ref_axis',(0.,0.,-1.));
#9307=DIRECTION('center_axis',(-1.,0.,0.));
#9308=DIRECTION('ref_axis',(0.,0.,1.));
#9309=DIRECTION('',(0.,1.,0.));
#9310=DIRECTION('',(0.,0.,1.));
#9311=DIRECTION('',(0.,1.,0.));
#9312=DIRECTION('center_axis',(0.,0.,-1.));
#9313=DIRECTION('ref_axis',(-1.,0.,0.));
#9314=DIRECTION('',(0.,1.,0.));
#9315=DIRECTION('',(-1.,0.,0.));
#9316=DIRECTION('center_axis',(1.,0.,0.));
#9317=DIRECTION('ref_axis',(0.,0.,-1.));
#9318=DIRECTION('',(0.,1.,0.));
#9319=DIRECTION('',(0.,0.,-1.));
#9320=DIRECTION('center_axis',(-0.78958322679599,0.,-0.613643486042533));
#9321=DIRECTION('ref_axis',(-0.613643486042533,0.,0.78958322679599));
#9322=DIRECTION('',(0.,1.,0.));
#9323=DIRECTION('',(-0.613643486042533,0.,0.78958322679599));
#9324=DIRECTION('center_axis',(0.,0.,-1.));
#9325=DIRECTION('ref_axis',(-1.,0.,0.));
#9326=DIRECTION('',(0.,1.,0.));
#9327=DIRECTION('',(-1.,0.,0.));
#9328=DIRECTION('center_axis',(0.781246925411003,0.,0.624222109137329));
#9329=DIRECTION('ref_axis',(0.624222109137329,0.,-0.781246925411003));
#9330=DIRECTION('',(0.,1.,0.));
#9331=DIRECTION('',(0.624222109137329,0.,-0.781246925411003));
#9332=DIRECTION('center_axis',(0.761888093578144,0.,-0.647708679009214));
#9333=DIRECTION('ref_axis',(-0.647708679009214,0.,-0.761888093578144));
#9334=DIRECTION('',(0.,1.,0.));
#9335=DIRECTION('',(-0.647708679009214,0.,-0.761888093578144));
#9336=DIRECTION('center_axis',(0.,0.,1.));
#9337=DIRECTION('ref_axis',(1.,0.,0.));
#9338=DIRECTION('',(0.,1.,0.));
#9339=DIRECTION('',(1.,0.,0.));
#9340=DIRECTION('center_axis',(-0.773447277377719,0.,0.633860638561028));
#9341=DIRECTION('ref_axis',(0.633860638561028,0.,0.773447277377719));
#9342=DIRECTION('',(0.,1.,0.));
#9343=DIRECTION('',(0.633860638561028,0.,0.773447277377719));
#9344=DIRECTION('center_axis',(1.,0.,0.));
#9345=DIRECTION('ref_axis',(0.,0.,-1.));
#9346=DIRECTION('',(0.,1.,0.));
#9347=DIRECTION('',(0.,0.,-1.));
#9348=DIRECTION('center_axis',(0.,0.,1.));
#9349=DIRECTION('ref_axis',(1.,0.,0.));
#9350=DIRECTION('',(1.,0.,0.));
#9351=DIRECTION('center_axis',(0.,1.,0.));
#9352=DIRECTION('ref_axis',(0.,0.,1.));
#9353=DIRECTION('',(0.,1.,0.));
#9354=DIRECTION('',(0.,1.,0.));
#9355=DIRECTION('',(0.,1.,0.));
#9356=DIRECTION('center_axis',(0.703614959450365,0.,-0.710581444197399));
#9357=DIRECTION('ref_axis',(-0.710581444197399,0.,-0.703614959450365));
#9358=DIRECTION('',(0.,1.,0.));
#9359=DIRECTION('',(-0.710581444197399,0.,-0.703614959450365));
#9360=DIRECTION('',(0.,1.,0.));
#9361=DIRECTION('center_axis',(-0.703614959450351,0.,0.710581444197413));
#9362=DIRECTION('ref_axis',(0.710581444197413,0.,0.703614959450351));
#9363=DIRECTION('',(0.710581444197413,0.,0.703614959450351));
#9364=DIRECTION('center_axis',(0.,-1.,0.));
#9365=DIRECTION('ref_axis',(0.,0.,-1.));
#9366=DIRECTION('center_axis',(0.,0.,1.));
#9367=DIRECTION('ref_axis',(1.,0.,0.));
#9368=DIRECTION('',(0.,1.,0.));
#9369=DIRECTION('',(1.,0.,0.));
#9370=DIRECTION('',(0.,1.,0.));
#9371=DIRECTION('center_axis',(-1.,0.,0.));
#9372=DIRECTION('ref_axis',(0.,0.,1.));
#9373=DIRECTION('',(0.,1.,0.));
#9374=DIRECTION('',(0.,0.,1.));
#9375=DIRECTION('center_axis',(0.,0.,-1.));
#9376=DIRECTION('ref_axis',(-1.,0.,0.));
#9377=DIRECTION('',(0.,1.,0.));
#9378=DIRECTION('',(-1.,0.,0.));
#9379=DIRECTION('center_axis',(1.,0.,0.));
#9380=DIRECTION('ref_axis',(0.,0.,-1.));
#9381=DIRECTION('',(0.,0.,-1.));
#9382=DIRECTION('center_axis',(0.,1.,0.));
#9383=DIRECTION('ref_axis',(0.,0.,1.));
#9384=DIRECTION('center_axis',(-1.,0.,0.));
#9385=DIRECTION('ref_axis',(0.,0.,1.));
#9386=DIRECTION('',(0.,1.,0.));
#9387=DIRECTION('',(0.,0.,1.));
#9388=DIRECTION('',(0.,1.,0.));
#9389=DIRECTION('center_axis',(0.,0.,-1.));
#9390=DIRECTION('ref_axis',(-1.,0.,0.));
#9391=DIRECTION('',(0.,1.,0.));
#9392=DIRECTION('',(-1.,0.,0.));
#9393=DIRECTION('center_axis',(1.,0.,0.));
#9394=DIRECTION('ref_axis',(0.,0.,-1.));
#9395=DIRECTION('',(0.,1.,0.));
#9396=DIRECTION('',(0.,0.,-1.));
#9397=DIRECTION('center_axis',(0.,0.,-1.));
#9398=DIRECTION('ref_axis',(-1.,0.,0.));
#9399=DIRECTION('',(0.,1.,0.));
#9400=DIRECTION('',(-1.,0.,0.));
#9401=DIRECTION('center_axis',(-1.,0.,0.));
#9402=DIRECTION('ref_axis',(0.,0.,1.));
#9403=DIRECTION('',(0.,1.,0.));
#9404=DIRECTION('',(0.,0.,1.));
#9405=DIRECTION('center_axis',(0.,0.,-1.));
#9406=DIRECTION('ref_axis',(-1.,0.,0.));
#9407=DIRECTION('',(0.,1.,0.));
#9408=DIRECTION('',(-1.,0.,0.));
#9409=DIRECTION('center_axis',(1.,0.,0.));
#9410=DIRECTION('ref_axis',(0.,0.,-1.));
#9411=DIRECTION('',(0.,1.,0.));
#9412=DIRECTION('',(0.,0.,-1.));
#9413=DIRECTION('center_axis',(0.,0.,1.));
#9414=DIRECTION('ref_axis',(1.,0.,0.));
#9415=DIRECTION('',(0.,1.,0.));
#9416=DIRECTION('',(1.,0.,0.));
#9417=DIRECTION('center_axis',(-1.,0.,0.));
#9418=DIRECTION('ref_axis',(0.,0.,1.));
#9419=DIRECTION('',(0.,1.,0.));
#9420=DIRECTION('',(0.,0.,1.));
#9421=DIRECTION('center_axis',(0.,0.,1.));
#9422=DIRECTION('ref_axis',(1.,0.,0.));
#9423=DIRECTION('',(0.,1.,0.));
#9424=DIRECTION('',(1.,0.,0.));
#9425=DIRECTION('center_axis',(1.,0.,0.));
#9426=DIRECTION('ref_axis',(0.,0.,-1.));
#9427=DIRECTION('',(0.,1.,0.));
#9428=DIRECTION('',(0.,0.,-1.));
#9429=DIRECTION('center_axis',(0.,0.,1.));
#9430=DIRECTION('ref_axis',(1.,0.,0.));
#9431=DIRECTION('',(1.,0.,0.));
#9432=DIRECTION('center_axis',(0.,1.,0.));
#9433=DIRECTION('ref_axis',(0.,0.,1.));
#9434=DIRECTION('center_axis',(-0.95826231815923,0.,0.285890415362424));
#9435=DIRECTION('ref_axis',(0.285890415362424,0.,0.95826231815923));
#9436=DIRECTION('',(0.,1.,0.));
#9437=DIRECTION('',(0.285890415362424,0.,0.95826231815923));
#9438=DIRECTION('',(0.,1.,0.));
#9439=DIRECTION('center_axis',(0.956310546584942,0.,0.292352763781034));
#9440=DIRECTION('ref_axis',(0.292352763781034,0.,-0.956310546584942));
#9441=DIRECTION('',(0.,1.,0.));
#9442=DIRECTION('',(0.292352763781034,0.,-0.956310546584942));
#9443=DIRECTION('center_axis',(0.,0.,1.));
#9444=DIRECTION('ref_axis',(1.,0.,0.));
#9445=DIRECTION('',(0.,1.,0.));
#9446=DIRECTION('',(1.,0.,0.));
#9447=DIRECTION('center_axis',(-0.952000497204925,0.,-0.306096477146627));
#9448=DIRECTION('ref_axis',(-0.306096477146627,0.,0.952000497204925));
#9449=DIRECTION('',(0.,1.,0.));
#9450=DIRECTION('',(-0.306096477146627,0.,0.952000497204925));
#9451=DIRECTION('center_axis',(0.,0.,-1.));
#9452=DIRECTION('ref_axis',(-1.,0.,0.));
#9453=DIRECTION('',(0.,1.,0.));
#9454=DIRECTION('',(-1.,0.,0.));
#9455=DIRECTION('center_axis',(0.957777724857471,0.,-0.287509703778579));
#9456=DIRECTION('ref_axis',(-0.287509703778579,0.,-0.957777724857471));
#9457=DIRECTION('',(0.,1.,0.));
#9458=DIRECTION('',(-0.287509703778579,0.,-0.957777724857471));
#9459=DIRECTION('center_axis',(-0.957777724857471,0.,-0.287509703778579));
#9460=DIRECTION('ref_axis',(-0.287509703778579,0.,0.957777724857471));
#9461=DIRECTION('',(0.,1.,0.));
#9462=DIRECTION('',(-0.287509703778579,0.,0.957777724857471));
#9463=DIRECTION('center_axis',(0.,0.,-1.));
#9464=DIRECTION('ref_axis',(-1.,0.,0.));
#9465=DIRECTION('',(0.,1.,0.));
#9466=DIRECTION('',(-1.,0.,0.));
#9467=DIRECTION('center_axis',(0.952000497204925,0.,-0.306096477146627));
#9468=DIRECTION('ref_axis',(-0.306096477146627,0.,-0.952000497204925));
#9469=DIRECTION('',(0.,1.,0.));
#9470=DIRECTION('',(-0.306096477146627,0.,-0.952000497204925));
#9471=DIRECTION('center_axis',(0.,0.,1.));
#9472=DIRECTION('ref_axis',(1.,0.,0.));
#9473=DIRECTION('',(0.,1.,0.));
#9474=DIRECTION('',(1.,0.,0.));
#9475=DIRECTION('center_axis',(-0.956801827322967,0.,0.290740886755599));
#9476=DIRECTION('ref_axis',(0.290740886755599,0.,0.956801827322967));
#9477=DIRECTION('',(0.,1.,0.));
#9478=DIRECTION('',(0.290740886755599,0.,0.956801827322967));
#9479=DIRECTION('center_axis',(0.95826231815923,0.,0.285890415362424));
#9480=DIRECTION('ref_axis',(0.285890415362424,0.,-0.95826231815923));
#9481=DIRECTION('',(0.,1.,0.));
#9482=DIRECTION('',(0.285890415362424,0.,-0.95826231815923));
#9483=DIRECTION('center_axis',(0.,0.,1.));
#9484=DIRECTION('ref_axis',(1.,0.,0.));
#9485=DIRECTION('',(1.,0.,0.));
#9486=DIRECTION('center_axis',(0.,1.,0.));
#9487=DIRECTION('ref_axis',(0.,0.,1.));
#9488=DIRECTION('center_axis',(1.,0.,0.));
#9489=DIRECTION('ref_axis',(0.,0.,-1.));
#9490=DIRECTION('',(0.,1.,0.));
#9491=DIRECTION('',(0.,0.,-1.));
#9492=DIRECTION('',(0.,1.,0.));
#9493=DIRECTION('center_axis',(0.,0.,-1.));
#9494=DIRECTION('ref_axis',(-1.,0.,0.));
#9495=DIRECTION('',(0.,1.,0.));
#9496=DIRECTION('',(-1.,0.,0.));
#9497=DIRECTION('center_axis',(1.,0.,0.));
#9498=DIRECTION('ref_axis',(0.,0.,-1.));
#9499=DIRECTION('',(0.,1.,0.));
#9500=DIRECTION('',(0.,0.,-1.));
#9501=DIRECTION('center_axis',(0.,0.,1.));
#9502=DIRECTION('ref_axis',(1.,0.,0.));
#9503=DIRECTION('',(0.,1.,0.));
#9504=DIRECTION('',(1.,0.,0.));
#9505=DIRECTION('center_axis',(-1.,0.,0.));
#9506=DIRECTION('ref_axis',(0.,0.,1.));
#9507=DIRECTION('',(0.,1.,0.));
#9508=DIRECTION('',(0.,0.,1.));
#9509=DIRECTION('center_axis',(0.,0.,-1.));
#9510=DIRECTION('ref_axis',(-1.,0.,0.));
#9511=DIRECTION('',(0.,1.,0.));
#9512=DIRECTION('',(-1.,0.,0.));
#9513=DIRECTION('center_axis',(-1.,0.,0.));
#9514=DIRECTION('ref_axis',(0.,0.,1.));
#9515=DIRECTION('',(0.,1.,0.));
#9516=DIRECTION('',(0.,0.,1.));
#9517=DIRECTION('center_axis',(0.,0.,-1.));
#9518=DIRECTION('ref_axis',(-1.,0.,0.));
#9519=DIRECTION('',(-1.,0.,0.));
#9520=DIRECTION('center_axis',(0.,1.,0.));
#9521=DIRECTION('ref_axis',(0.,0.,1.));
#9522=DIRECTION('',(0.,1.,0.));
#9523=DIRECTION('',(0.,1.,0.));
#9524=DIRECTION('center_axis',(1.,0.,0.));
#9525=DIRECTION('ref_axis',(0.,0.,-1.));
#9526=DIRECTION('',(0.,1.,0.));
#9527=DIRECTION('',(0.,0.,-1.));
#9528=DIRECTION('center_axis',(0.,0.,1.));
#9529=DIRECTION('ref_axis',(1.,0.,0.));
#9530=DIRECTION('',(0.,1.,0.));
#9531=DIRECTION('',(1.,0.,0.));
#9532=DIRECTION('center_axis',(-1.,0.,0.));
#9533=DIRECTION('ref_axis',(0.,0.,1.));
#9534=DIRECTION('',(0.,1.,0.));
#9535=DIRECTION('',(0.,0.,1.));
#9536=DIRECTION('',(0.,1.,0.));
#9537=DIRECTION('center_axis',(1.,0.,0.));
#9538=DIRECTION('ref_axis',(0.,0.,-1.));
#9539=DIRECTION('',(0.,1.,0.));
#9540=DIRECTION('',(0.,0.,-1.));
#9541=DIRECTION('center_axis',(0.,0.,1.));
#9542=DIRECTION('ref_axis',(1.,0.,0.));
#9543=DIRECTION('',(0.,1.,0.));
#9544=DIRECTION('',(1.,0.,0.));
#9545=DIRECTION('center_axis',(-1.,0.,0.));
#9546=DIRECTION('ref_axis',(0.,0.,1.));
#9547=DIRECTION('',(0.,1.,0.));
#9548=DIRECTION('',(0.,0.,1.));
#9549=DIRECTION('center_axis',(0.,-1.,0.));
#9550=DIRECTION('ref_axis',(0.,0.,-1.));
#9551=DIRECTION('center_axis',(0.,0.,-1.));
#9552=DIRECTION('ref_axis',(-1.,0.,0.));
#9553=DIRECTION('',(0.,1.,0.));
#9554=DIRECTION('',(-1.,0.,0.));
#9555=DIRECTION('',(0.,1.,0.));
#9556=DIRECTION('center_axis',(1.,0.,0.));
#9557=DIRECTION('ref_axis',(0.,0.,-1.));
#9558=DIRECTION('',(0.,1.,0.));
#9559=DIRECTION('',(0.,0.,-1.));
#9560=DIRECTION('center_axis',(-0.788315783485071,0.,-0.615270855402984));
#9561=DIRECTION('ref_axis',(-0.615270855402984,0.,0.788315783485071));
#9562=DIRECTION('',(0.,1.,0.));
#9563=DIRECTION('',(-0.615270855402984,0.,0.788315783485071));
#9564=DIRECTION('center_axis',(0.,0.,-1.));
#9565=DIRECTION('ref_axis',(-1.,0.,0.));
#9566=DIRECTION('',(0.,1.,0.));
#9567=DIRECTION('',(-1.,0.,0.));
#9568=DIRECTION('center_axis',(1.,0.,0.));
#9569=DIRECTION('ref_axis',(0.,0.,-1.));
#9570=DIRECTION('',(0.,1.,0.));
#9571=DIRECTION('',(0.,0.,-1.));
#9572=DIRECTION('center_axis',(0.,0.,1.));
#9573=DIRECTION('ref_axis',(1.,0.,0.));
#9574=DIRECTION('',(0.,1.,0.));
#9575=DIRECTION('',(1.,0.,0.));
#9576=DIRECTION('center_axis',(-1.,0.,0.));
#9577=DIRECTION('ref_axis',(0.,0.,1.));
#9578=DIRECTION('',(0.,1.,0.));
#9579=DIRECTION('',(0.,0.,1.));
#9580=DIRECTION('center_axis',(0.788315783485072,0.,0.615270855402983));
#9581=DIRECTION('ref_axis',(0.615270855402983,0.,-0.788315783485072));
#9582=DIRECTION('',(0.,1.,0.));
#9583=DIRECTION('',(0.615270855402983,0.,-0.788315783485072));
#9584=DIRECTION('center_axis',(0.,0.,1.));
#9585=DIRECTION('ref_axis',(1.,0.,0.));
#9586=DIRECTION('',(0.,1.,0.));
#9587=DIRECTION('',(1.,0.,0.));
#9588=DIRECTION('center_axis',(-1.,0.,0.));
#9589=DIRECTION('ref_axis',(0.,0.,1.));
#9590=DIRECTION('',(0.,0.,1.));
#9591=DIRECTION('center_axis',(0.,1.,0.));
#9592=DIRECTION('ref_axis',(0.,0.,1.));
#9593=DIRECTION('center_axis',(0.,0.,1.));
#9594=DIRECTION('ref_axis',(1.,0.,0.));
#9595=DIRECTION('',(0.,1.,0.));
#9596=DIRECTION('',(1.,0.,0.));
#9597=DIRECTION('',(0.,1.,0.));
#9598=DIRECTION('center_axis',(-1.,0.,0.));
#9599=DIRECTION('ref_axis',(0.,0.,1.));
#9600=DIRECTION('',(0.,1.,0.));
#9601=DIRECTION('',(0.,0.,1.));
#9602=DIRECTION('center_axis',(0.,0.,-1.));
#9603=DIRECTION('ref_axis',(-1.,0.,0.));
#9604=DIRECTION('',(0.,1.,0.));
#9605=DIRECTION('',(-1.,0.,0.));
#9606=DIRECTION('center_axis',(-1.,0.,0.));
#9607=DIRECTION('ref_axis',(0.,0.,1.));
#9608=DIRECTION('',(0.,1.,0.));
#9609=DIRECTION('',(0.,0.,1.));
#9610=DIRECTION('center_axis',(0.,0.,-1.));
#9611=DIRECTION('ref_axis',(-1.,0.,0.));
#9612=DIRECTION('',(0.,1.,0.));
#9613=DIRECTION('',(-1.,0.,0.));
#9614=DIRECTION('center_axis',(1.,0.,0.));
#9615=DIRECTION('ref_axis',(0.,0.,-1.));
#9616=DIRECTION('',(0.,1.,0.));
#9617=DIRECTION('',(0.,0.,-1.));
#9618=DIRECTION('center_axis',(0.,0.,-1.));
#9619=DIRECTION('ref_axis',(-1.,0.,0.));
#9620=DIRECTION('',(0.,1.,0.));
#9621=DIRECTION('',(-1.,0.,0.));
#9622=DIRECTION('center_axis',(1.,0.,0.));
#9623=DIRECTION('ref_axis',(0.,0.,-1.));
#9624=DIRECTION('',(0.,0.,-1.));
#9625=DIRECTION('center_axis',(0.,1.,0.));
#9626=DIRECTION('ref_axis',(0.,0.,1.));
#9627=DIRECTION('center_axis',(1.,0.,0.));
#9628=DIRECTION('ref_axis',(0.,0.,-1.));
#9629=DIRECTION('',(0.,1.,0.));
#9630=DIRECTION('',(0.,0.,-1.));
#9631=DIRECTION('',(0.,1.,0.));
#9632=DIRECTION('center_axis',(0.,0.,1.));
#9633=DIRECTION('ref_axis',(1.,0.,0.));
#9634=DIRECTION('',(0.,1.,0.));
#9635=DIRECTION('',(1.,0.,0.));
#9636=DIRECTION('center_axis',(1.,0.,0.));
#9637=DIRECTION('ref_axis',(0.,0.,-1.));
#9638=DIRECTION('',(0.,1.,0.));
#9639=DIRECTION('',(0.,0.,-1.));
#9640=DIRECTION('center_axis',(0.,0.,-1.));
#9641=DIRECTION('ref_axis',(-1.,0.,0.));
#9642=DIRECTION('',(0.,1.,0.));
#9643=DIRECTION('',(-1.,0.,0.));
#9644=DIRECTION('center_axis',(1.,0.,0.));
#9645=DIRECTION('ref_axis',(0.,0.,-1.));
#9646=DIRECTION('',(0.,1.,0.));
#9647=DIRECTION('',(0.,0.,-1.));
#9648=DIRECTION('center_axis',(0.,0.,1.));
#9649=DIRECTION('ref_axis',(1.,0.,0.));
#9650=DIRECTION('',(0.,1.,0.));
#9651=DIRECTION('',(1.,0.,0.));
#9652=DIRECTION('center_axis',(-1.,0.,0.));
#9653=DIRECTION('ref_axis',(0.,0.,1.));
#9654=DIRECTION('',(0.,1.,0.));
#9655=DIRECTION('',(0.,0.,1.));
#9656=DIRECTION('center_axis',(0.,0.,-1.));
#9657=DIRECTION('ref_axis',(-1.,0.,0.));
#9658=DIRECTION('',(0.,1.,0.));
#9659=DIRECTION('',(-1.,0.,0.));
#9660=DIRECTION('center_axis',(1.,0.,0.));
#9661=DIRECTION('ref_axis',(0.,0.,-1.));
#9662=DIRECTION('',(0.,1.,0.));
#9663=DIRECTION('',(0.,0.,-1.));
#9664=DIRECTION('center_axis',(0.,0.,1.));
#9665=DIRECTION('ref_axis',(1.,0.,0.));
#9666=DIRECTION('',(0.,1.,0.));
#9667=DIRECTION('',(1.,0.,0.));
#9668=DIRECTION('center_axis',(1.,0.,0.));
#9669=DIRECTION('ref_axis',(0.,0.,-1.));
#9670=DIRECTION('',(0.,1.,0.));
#9671=DIRECTION('',(0.,0.,-1.));
#9672=DIRECTION('center_axis',(0.,0.,-1.));
#9673=DIRECTION('ref_axis',(-1.,0.,0.));
#9674=DIRECTION('',(-1.,0.,0.));
#9675=DIRECTION('center_axis',(0.,1.,0.));
#9676=DIRECTION('ref_axis',(0.,0.,1.));
#9677=DIRECTION('',(0.,1.,0.));
#9678=DIRECTION('',(0.,1.,0.));
#9679=DIRECTION('center_axis',(0.,-1.,0.));
#9680=DIRECTION('ref_axis',(0.,0.,-1.));
#9681=DIRECTION('center_axis',(0.,0.,1.));
#9682=DIRECTION('ref_axis',(1.,0.,0.));
#9683=DIRECTION('',(0.,1.,0.));
#9684=DIRECTION('',(1.,0.,0.));
#9685=DIRECTION('',(0.,1.,0.));
#9686=DIRECTION('center_axis',(-1.,0.,0.));
#9687=DIRECTION('ref_axis',(0.,0.,1.));
#9688=DIRECTION('',(0.,1.,0.));
#9689=DIRECTION('',(0.,0.,1.));
#9690=DIRECTION('center_axis',(0.,0.,-1.));
#9691=DIRECTION('ref_axis',(-1.,0.,0.));
#9692=DIRECTION('',(0.,1.,0.));
#9693=DIRECTION('',(-1.,0.,0.));
#9694=DIRECTION('center_axis',(1.,0.,0.));
#9695=DIRECTION('ref_axis',(0.,0.,-1.));
#9696=DIRECTION('',(0.,0.,-1.));
#9697=DIRECTION('center_axis',(0.,1.,0.));
#9698=DIRECTION('ref_axis',(0.,0.,1.));
#9699=DIRECTION('center_axis',(0.,0.,1.));
#9700=DIRECTION('ref_axis',(1.,0.,0.));
#9701=DIRECTION('',(0.,1.,0.));
#9702=DIRECTION('',(1.,0.,0.));
#9703=DIRECTION('',(0.,1.,0.));
#9704=DIRECTION('center_axis',(0.707106781186552,0.,0.707106781186543));
#9705=DIRECTION('ref_axis',(0.707106781186543,0.,-0.707106781186552));
#9706=DIRECTION('',(0.,1.,0.));
#9707=DIRECTION('',(0.707106781186543,0.,-0.707106781186552));
#9708=DIRECTION('center_axis',(1.,0.,0.));
#9709=DIRECTION('ref_axis',(0.,0.,-1.));
#9710=DIRECTION('',(0.,1.,0.));
#9711=DIRECTION('',(0.,0.,-1.));
#9712=DIRECTION('',(0.,1.,0.));
#9713=DIRECTION('center_axis',(-1.,0.,0.));
#9714=DIRECTION('ref_axis',(0.,0.,1.));
#9715=DIRECTION('',(0.,1.,0.));
#9716=DIRECTION('',(0.,0.,1.));
#9717=DIRECTION('center_axis',(-0.707106781186548,0.,-0.707106781186548));
#9718=DIRECTION('ref_axis',(-0.707106781186548,0.,0.707106781186548));
#9719=DIRECTION('',(0.,1.,0.));
#9720=DIRECTION('',(-0.707106781186548,0.,0.707106781186548));
#9721=DIRECTION('center_axis',(0.,0.,-1.));
#9722=DIRECTION('ref_axis',(-1.,0.,0.));
#9723=DIRECTION('',(0.,1.,0.));
#9724=DIRECTION('',(-1.,0.,0.));
#9725=DIRECTION('center_axis',(-0.707106781186548,0.,-0.707106781186548));
#9726=DIRECTION('ref_axis',(-0.707106781186548,0.,0.707106781186548));
#9727=DIRECTION('',(0.,1.,0.));
#9728=DIRECTION('',(-0.707106781186548,0.,0.707106781186548));
#9729=DIRECTION('center_axis',(-1.,0.,0.));
#9730=DIRECTION('ref_axis',(0.,0.,1.));
#9731=DIRECTION('',(0.,1.,0.));
#9732=DIRECTION('',(0.,0.,1.));
#9733=DIRECTION('',(0.,1.,0.));
#9734=DIRECTION('center_axis',(1.,0.,0.));
#9735=DIRECTION('ref_axis',(0.,0.,-1.));
#9736=DIRECTION('',(0.,1.,0.));
#9737=DIRECTION('',(0.,0.,-1.));
#9738=DIRECTION('center_axis',(0.707106781186548,0.,0.707106781186548));
#9739=DIRECTION('ref_axis',(0.707106781186548,0.,-0.707106781186548));
#9740=DIRECTION('',(0.707106781186548,0.,-0.707106781186548));
#9741=DIRECTION('center_axis',(0.,-1.,0.));
#9742=DIRECTION('ref_axis',(0.,0.,-1.));
#9743=DIRECTION('',(0.,1.,0.));
#9744=DIRECTION('center_axis',(0.,-1.,0.));
#9745=DIRECTION('ref_axis',(-0.545041014366614,0.,0.83840938249653));
#9746=DIRECTION('',(0.,1.,0.));
#9747=DIRECTION('',(0.,1.,0.));
#9748=DIRECTION('',(0.,1.,0.));
#9749=DIRECTION('center_axis',(0.,0.,-1.));
#9750=DIRECTION('ref_axis',(-1.,0.,0.));
#9751=DIRECTION('',(0.,1.,0.));
#9752=DIRECTION('',(-1.,0.,0.));
#9753=DIRECTION('',(0.,1.,0.));
#9754=DIRECTION('',(0.,1.,0.));
#9755=DIRECTION('center_axis',(0.,1.,0.));
#9756=DIRECTION('ref_axis',(-0.671867734916589,0.,-0.740671146176258));
#9757=DIRECTION('',(0.,1.,0.));
#9758=DIRECTION('',(0.,1.,0.));
#9759=DIRECTION('center_axis',(0.712623615676522,0.,0.701546564655633));
#9760=DIRECTION('ref_axis',(0.701546564655633,0.,-0.712623615676522));
#9761=DIRECTION('',(0.701546564655633,0.,-0.712623615676522));
#9762=DIRECTION('center_axis',(0.,-1.,0.));
#9763=DIRECTION('ref_axis',(0.,0.,-1.));
#9764=DIRECTION('center_axis',(0.,0.,1.));
#9765=DIRECTION('ref_axis',(1.,0.,0.));
#9766=DIRECTION('',(0.,1.,0.));
#9767=DIRECTION('',(1.,0.,0.));
#9768=DIRECTION('',(0.,1.,0.));
#9769=DIRECTION('center_axis',(-0.816675449707338,0.,0.577097227376218));
#9770=DIRECTION('ref_axis',(0.577097227376218,0.,0.816675449707338));
#9771=DIRECTION('',(0.,1.,0.));
#9772=DIRECTION('',(0.577097227376218,0.,0.816675449707338));
#9773=DIRECTION('center_axis',(0.807445709529856,0.,0.58994188371553));
#9774=DIRECTION('ref_axis',(0.58994188371553,0.,-0.807445709529856));
#9775=DIRECTION('',(0.,1.,0.));
#9776=DIRECTION('',(0.58994188371553,0.,-0.807445709529856));
#9777=DIRECTION('center_axis',(0.,0.,1.));
#9778=DIRECTION('ref_axis',(1.,0.,0.));
#9779=DIRECTION('',(0.,1.,0.));
#9780=DIRECTION('',(1.,0.,0.));
#9781=DIRECTION('center_axis',(-0.801653347816872,0.,-0.597789185193243));
#9782=DIRECTION('ref_axis',(-0.597789185193243,0.,0.801653347816872));
#9783=DIRECTION('',(0.,1.,0.));
#9784=DIRECTION('',(-0.597789185193243,0.,0.801653347816872));
#9785=DIRECTION('center_axis',(-0.802647540820087,0.,0.596453623692125));
#9786=DIRECTION('ref_axis',(0.596453623692125,0.,0.802647540820087));
#9787=DIRECTION('',(0.,1.,0.));
#9788=DIRECTION('',(0.596453623692125,0.,0.802647540820087));
#9789=DIRECTION('center_axis',(0.,0.,-1.));
#9790=DIRECTION('ref_axis',(-1.,0.,0.));
#9791=DIRECTION('',(0.,1.,0.));
#9792=DIRECTION('',(-1.,0.,0.));
#9793=DIRECTION('center_axis',(0.814765579319973,0.,-0.57979052316797));
#9794=DIRECTION('ref_axis',(-0.57979052316797,0.,-0.814765579319973));
#9795=DIRECTION('',(0.,1.,0.));
#9796=DIRECTION('',(-0.57979052316797,0.,-0.814765579319973));
#9797=DIRECTION('center_axis',(-0.814765579319973,0.,-0.57979052316797));
#9798=DIRECTION('ref_axis',(-0.57979052316797,0.,0.814765579319973));
#9799=DIRECTION('',(0.,1.,0.));
#9800=DIRECTION('',(-0.57979052316797,0.,0.814765579319973));
#9801=DIRECTION('center_axis',(0.,0.,-1.));
#9802=DIRECTION('ref_axis',(-1.,0.,0.));
#9803=DIRECTION('',(0.,1.,0.));
#9804=DIRECTION('',(-1.,0.,0.));
#9805=DIRECTION('center_axis',(0.809694291064428,0.,0.586851902116431));
#9806=DIRECTION('ref_axis',(0.586851902116431,0.,-0.809694291064428));
#9807=DIRECTION('',(0.,1.,0.));
#9808=DIRECTION('',(0.586851902116431,0.,-0.809694291064428));
#9809=DIRECTION('center_axis',(0.804866982773457,0.,-0.593455255298284));
#9810=DIRECTION('ref_axis',(-0.593455255298284,0.,-0.804866982773457));
#9811=DIRECTION('',(-0.593455255298284,0.,-0.804866982773457));
#9812=DIRECTION('center_axis',(0.,1.,0.));
#9813=DIRECTION('ref_axis',(0.,0.,1.));
#9814=DIRECTION('center_axis',(0.807445709529851,0.,0.589941883715536));
#9815=DIRECTION('ref_axis',(0.589941883715536,0.,-0.807445709529851));
#9816=DIRECTION('',(0.,1.,0.));
#9817=DIRECTION('',(0.589941883715536,0.,-0.807445709529851));
#9818=DIRECTION('',(0.,1.,0.));
#9819=DIRECTION('center_axis',(0.,0.,1.));
#9820=DIRECTION('ref_axis',(1.,0.,0.));
#9821=DIRECTION('',(0.,1.,0.));
#9822=DIRECTION('',(1.,0.,0.));
#9823=DIRECTION('center_axis',(-0.801653347816872,0.,-0.597789185193243));
#9824=DIRECTION('ref_axis',(-0.597789185193243,0.,0.801653347816872));
#9825=DIRECTION('',(0.,1.,0.));
#9826=DIRECTION('',(-0.597789185193243,0.,0.801653347816872));
#9827=DIRECTION('center_axis',(-0.803129098056208,0.,0.595805045174529));
#9828=DIRECTION('ref_axis',(0.595805045174529,0.,0.803129098056208));
#9829=DIRECTION('',(0.,1.,0.));
#9830=DIRECTION('',(0.595805045174529,0.,0.803129098056208));
#9831=DIRECTION('center_axis',(0.,0.,-1.));
#9832=DIRECTION('ref_axis',(-1.,0.,0.));
#9833=DIRECTION('',(0.,1.,0.));
#9834=DIRECTION('',(-1.,0.,0.));
#9835=DIRECTION('center_axis',(0.814765579319973,0.,-0.57979052316797));
#9836=DIRECTION('ref_axis',(-0.57979052316797,0.,-0.814765579319973));
#9837=DIRECTION('',(0.,1.,0.));
#9838=DIRECTION('',(-0.57979052316797,0.,-0.814765579319973));
#9839=DIRECTION('center_axis',(-0.814765579319973,0.,-0.57979052316797));
#9840=DIRECTION('ref_axis',(-0.57979052316797,0.,0.814765579319973));
#9841=DIRECTION('',(0.,1.,0.));
#9842=DIRECTION('',(-0.57979052316797,0.,0.814765579319973));
#9843=DIRECTION('center_axis',(0.,0.,-1.));
#9844=DIRECTION('ref_axis',(-1.,0.,0.));
#9845=DIRECTION('',(0.,1.,0.));
#9846=DIRECTION('',(-1.,0.,0.));
#9847=DIRECTION('center_axis',(0.809694291064425,0.,0.586851902116435));
#9848=DIRECTION('ref_axis',(0.586851902116435,0.,-0.809694291064425));
#9849=DIRECTION('',(0.,1.,0.));
#9850=DIRECTION('',(0.586851902116435,0.,-0.809694291064425));
#9851=DIRECTION('center_axis',(0.804866982773451,0.,-0.593455255298293));
#9852=DIRECTION('ref_axis',(-0.593455255298293,0.,-0.804866982773451));
#9853=DIRECTION('',(0.,1.,0.));
#9854=DIRECTION('',(-0.593455255298293,0.,-0.804866982773451));
#9855=DIRECTION('center_axis',(0.,0.,1.));
#9856=DIRECTION('ref_axis',(1.,0.,0.));
#9857=DIRECTION('',(0.,1.,0.));
#9858=DIRECTION('',(1.,0.,0.));
#9859=DIRECTION('center_axis',(-0.817385595545172,0.,0.576090954793828));
#9860=DIRECTION('ref_axis',(0.576090954793828,0.,0.817385595545172));
#9861=DIRECTION('',(0.576090954793828,0.,0.817385595545172));
#9862=DIRECTION('center_axis',(0.,1.,0.));
#9863=DIRECTION('ref_axis',(0.,0.,1.));
#9864=DIRECTION('center_axis',(-0.707106781186548,0.,0.707106781186548));
#9865=DIRECTION('ref_axis',(0.707106781186548,0.,0.707106781186548));
#9866=DIRECTION('',(0.,1.,0.));
#9867=DIRECTION('',(0.707106781186548,0.,0.707106781186548));
#9868=DIRECTION('',(0.,1.,0.));
#9869=DIRECTION('',(0.,1.,0.));
#9870=DIRECTION('center_axis',(0.708335460904407,0.,-0.705875962776281));
#9871=DIRECTION('ref_axis',(-0.705875962776281,0.,-0.708335460904407));
#9872=DIRECTION('',(0.,1.,0.));
#9873=DIRECTION('',(-0.705875962776281,0.,-0.708335460904407));
#9874=DIRECTION('center_axis',(0.,0.,-1.));
#9875=DIRECTION('ref_axis',(-1.,0.,0.));
#9876=DIRECTION('',(0.,1.,0.));
#9877=DIRECTION('',(-1.,0.,0.));
#9878=DIRECTION('center_axis',(-0.707106781186548,0.,-0.707106781186548));
#9879=DIRECTION('ref_axis',(-0.707106781186548,0.,0.707106781186548));
#9880=DIRECTION('',(0.,1.,0.));
#9881=DIRECTION('',(-0.707106781186548,0.,0.707106781186548));
#9882=DIRECTION('center_axis',(-1.,0.,0.));
#9883=DIRECTION('ref_axis',(0.,0.,1.));
#9884=DIRECTION('',(0.,1.,0.));
#9885=DIRECTION('',(0.,0.,1.));
#9886=DIRECTION('center_axis',(-0.707106781186548,0.,0.707106781186548));
#9887=DIRECTION('ref_axis',(0.707106781186548,0.,0.707106781186548));
#9888=DIRECTION('',(0.,1.,0.));
#9889=DIRECTION('',(0.707106781186548,0.,0.707106781186548));
#9890=DIRECTION('',(0.,1.,0.));
#9891=DIRECTION('center_axis',(0.707106781186548,0.,-0.707106781186548));
#9892=DIRECTION('ref_axis',(-0.707106781186548,0.,-0.707106781186548));
#9893=DIRECTION('',(0.,1.,0.));
#9894=DIRECTION('',(-0.707106781186548,0.,-0.707106781186548));
#9895=DIRECTION('center_axis',(1.,0.,0.));
#9896=DIRECTION('ref_axis',(0.,0.,-1.));
#9897=DIRECTION('',(0.,1.,0.));
#9898=DIRECTION('',(0.,0.,-1.));
#9899=DIRECTION('center_axis',(0.,0.,1.));
#9900=DIRECTION('ref_axis',(1.,0.,0.));
#9901=DIRECTION('',(0.,1.,0.));
#9902=DIRECTION('',(1.,0.,0.));
#9903=DIRECTION('center_axis',(0.707106781186548,0.,0.707106781186548));
#9904=DIRECTION('ref_axis',(0.707106781186548,0.,-0.707106781186548));
#9905=DIRECTION('',(0.,1.,0.));
#9906=DIRECTION('',(0.707106781186548,0.,-0.707106781186548));
#9907=DIRECTION('center_axis',(0.,0.,1.));
#9908=DIRECTION('ref_axis',(1.,0.,0.));
#9909=DIRECTION('',(1.,0.,0.));
#9910=DIRECTION('center_axis',(0.,-1.,0.));
#9911=DIRECTION('ref_axis',(0.,0.,-1.));
#9912=DIRECTION('center_axis',(0.,0.,1.));
#9913=DIRECTION('ref_axis',(1.,0.,0.));
#9914=DIRECTION('',(0.,1.,0.));
#9915=DIRECTION('',(1.,0.,0.));
#9916=DIRECTION('',(0.,1.,0.));
#9917=DIRECTION('center_axis',(-1.,0.,0.));
#9918=DIRECTION('ref_axis',(0.,0.,1.));
#9919=DIRECTION('',(0.,1.,0.));
#9920=DIRECTION('',(0.,0.,1.));
#9921=DIRECTION('center_axis',(0.,0.,-1.));
#9922=DIRECTION('ref_axis',(-1.,0.,0.));
#9923=DIRECTION('',(0.,1.,0.));
#9924=DIRECTION('',(-1.,0.,0.));
#9925=DIRECTION('center_axis',(-1.,0.,0.));
#9926=DIRECTION('ref_axis',(0.,0.,1.));
#9927=DIRECTION('',(0.,1.,0.));
#9928=DIRECTION('',(0.,0.,1.));
#9929=DIRECTION('center_axis',(0.,0.,-1.));
#9930=DIRECTION('ref_axis',(-1.,0.,0.));
#9931=DIRECTION('',(0.,1.,0.));
#9932=DIRECTION('',(-1.,0.,0.));
#9933=DIRECTION('center_axis',(1.,0.,0.));
#9934=DIRECTION('ref_axis',(0.,0.,-1.));
#9935=DIRECTION('',(0.,1.,0.));
#9936=DIRECTION('',(0.,0.,-1.));
#9937=DIRECTION('center_axis',(0.,0.,-1.));
#9938=DIRECTION('ref_axis',(-1.,0.,0.));
#9939=DIRECTION('',(0.,1.,0.));
#9940=DIRECTION('',(-1.,0.,0.));
#9941=DIRECTION('center_axis',(1.,0.,0.));
#9942=DIRECTION('ref_axis',(0.,0.,-1.));
#9943=DIRECTION('',(0.,0.,-1.));
#9944=DIRECTION('center_axis',(0.,1.,0.));
#9945=DIRECTION('ref_axis',(0.,0.,1.));
#9946=DIRECTION('',(0.,1.,0.));
#9947=DIRECTION('',(0.,1.,0.));
#9948=DIRECTION('',(0.,1.,0.));
#9949=DIRECTION('center_axis',(1.,0.,0.));
#9950=DIRECTION('ref_axis',(0.,0.,-1.));
#9951=DIRECTION('',(0.,1.,0.));
#9952=DIRECTION('',(0.,0.,-1.));
#9953=DIRECTION('center_axis',(0.,0.,1.));
#9954=DIRECTION('ref_axis',(1.,0.,0.));
#9955=DIRECTION('',(0.,1.,0.));
#9956=DIRECTION('',(1.,0.,0.));
#9957=DIRECTION('center_axis',(-1.,0.,0.));
#9958=DIRECTION('ref_axis',(0.,0.,1.));
#9959=DIRECTION('',(0.,1.,0.));
#9960=DIRECTION('',(0.,0.,1.));
#9961=DIRECTION('',(0.,1.,0.));
#9962=DIRECTION('center_axis',(-0.693245874597039,0.,0.720701156759295));
#9963=DIRECTION('ref_axis',(0.720701156759295,0.,0.693245874597039));
#9964=DIRECTION('',(0.720701156759295,0.,0.693245874597039));
#9965=DIRECTION('center_axis',(0.,-1.,0.));
#9966=DIRECTION('ref_axis',(0.,0.,-1.));
#9967=DIRECTION('center_axis',(-1.,0.,0.));
#9968=DIRECTION('ref_axis',(0.,0.,1.));
#9969=DIRECTION('',(0.,1.,0.));
#9970=DIRECTION('',(0.,0.,1.));
#9971=DIRECTION('',(0.,1.,0.));
#9972=DIRECTION('center_axis',(0.,0.,-1.));
#9973=DIRECTION('ref_axis',(-1.,0.,0.));
#9974=DIRECTION('',(0.,1.,0.));
#9975=DIRECTION('',(-1.,0.,0.));
#9976=DIRECTION('center_axis',(1.,0.,0.));
#9977=DIRECTION('ref_axis',(0.,0.,-1.));
#9978=DIRECTION('',(0.,1.,0.));
#9979=DIRECTION('',(0.,0.,-1.));
#9980=DIRECTION('center_axis',(0.,0.,1.));
#9981=DIRECTION('ref_axis',(1.,0.,0.));
#9982=DIRECTION('',(0.,1.,0.));
#9983=DIRECTION('',(1.,0.,0.));
#9984=DIRECTION('center_axis',(1.,0.,0.));
#9985=DIRECTION('ref_axis',(0.,0.,-1.));
#9986=DIRECTION('',(0.,1.,0.));
#9987=DIRECTION('',(0.,0.,-1.));
#9988=DIRECTION('center_axis',(0.,0.,1.));
#9989=DIRECTION('ref_axis',(1.,0.,0.));
#9990=DIRECTION('',(1.,0.,0.));
#9991=DIRECTION('center_axis',(0.,1.,0.));
#9992=DIRECTION('ref_axis',(0.,0.,1.));
#9993=DIRECTION('center_axis',(0.,0.,1.));
#9994=DIRECTION('ref_axis',(1.,0.,0.));
#9995=DIRECTION('',(0.,1.,0.));
#9996=DIRECTION('',(1.,0.,0.));
#9997=DIRECTION('',(0.,1.,0.));
#9998=DIRECTION('center_axis',(-1.,0.,0.));
#9999=DIRECTION('ref_axis',(0.,0.,1.));
#10000=DIRECTION('',(0.,1.,0.));
#10001=DIRECTION('',(0.,0.,1.));
#10002=DIRECTION('center_axis',(0.,0.,-1.));
#10003=DIRECTION('ref_axis',(-1.,0.,0.));
#10004=DIRECTION('',(0.,1.,0.));
#10005=DIRECTION('',(-1.,0.,0.));
#10006=DIRECTION('center_axis',(1.,0.,0.));
#10007=DIRECTION('ref_axis',(0.,0.,-1.));
#10008=DIRECTION('',(0.,0.,-1.));
#10009=DIRECTION('center_axis',(0.,1.,0.));
#10010=DIRECTION('ref_axis',(0.,0.,1.));
#10011=DIRECTION('',(0.,1.,0.));
#10012=DIRECTION('',(0.,1.,0.));
#10013=DIRECTION('center_axis',(0.,-1.,0.));
#10014=DIRECTION('ref_axis',(0.,0.,-1.));
#10015=DIRECTION('',(0.,1.,0.));
#10016=DIRECTION('',(0.,1.,0.));
#10017=DIRECTION('center_axis',(0.,0.,1.));
#10018=DIRECTION('ref_axis',(1.,0.,0.));
#10019=DIRECTION('',(1.,0.,0.));
#10020=DIRECTION('',(0.,1.,0.));
#10021=DIRECTION('',(1.,0.,0.));
#10022=DIRECTION('center_axis',(1.,0.,0.));
#10023=DIRECTION('ref_axis',(0.,0.,-1.));
#10024=DIRECTION('',(0.,0.,-1.));
#10025=DIRECTION('',(0.,1.,0.));
#10026=DIRECTION('',(0.,0.,-1.));
#10027=DIRECTION('center_axis',(0.,0.,-1.));
#10028=DIRECTION('ref_axis',(-1.,0.,0.));
#10029=DIRECTION('',(-1.,0.,0.));
#10030=DIRECTION('',(-1.,0.,0.));
#10031=DIRECTION('center_axis',(0.,0.,-1.));
#10032=DIRECTION('ref_axis',(-1.,0.,0.));
#10033=DIRECTION('',(-1.,0.,0.));
#10034=DIRECTION('',(0.,1.,0.));
#10035=DIRECTION('',(-1.,0.,0.));
#10036=DIRECTION('',(0.,1.,0.));
#10037=DIRECTION('',(0.,1.,0.));
#10038=DIRECTION('center_axis',(0.,0.,1.));
#10039=DIRECTION('ref_axis',(1.,0.,0.));
#10040=DIRECTION('',(1.,0.,0.));
#10041=DIRECTION('',(0.,1.,0.));
#10042=DIRECTION('',(1.,0.,0.));
#10043=DIRECTION('center_axis',(1.,0.,0.));
#10044=DIRECTION('ref_axis',(0.,0.,-1.));
#10045=DIRECTION('',(0.,0.,-1.));
#10046=DIRECTION('',(0.,0.,-1.));
#10047=DIRECTION('',(0.,1.,0.));
#10048=DIRECTION('',(0.,1.,0.));
#10049=DIRECTION('',(0.,1.,0.));
#10050=DIRECTION('center_axis',(0.,0.,1.));
#10051=DIRECTION('ref_axis',(1.,0.,0.));
#10052=DIRECTION('',(0.,1.,0.));
#10053=DIRECTION('',(1.,0.,0.));
#10054=DIRECTION('center_axis',(-1.,0.,0.));
#10055=DIRECTION('ref_axis',(0.,0.,1.));
#10056=DIRECTION('',(0.,1.,0.));
#10057=DIRECTION('',(0.,0.,1.));
#10058=DIRECTION('center_axis',(0.,0.,-1.));
#10059=DIRECTION('ref_axis',(-1.,0.,0.));
#10060=DIRECTION('',(-1.,0.,0.));
#10061=DIRECTION('center_axis',(0.,-1.,0.));
#10062=DIRECTION('ref_axis',(0.,0.,-1.));
#10063=DIRECTION('center_axis',(0.,1.,0.));
#10064=DIRECTION('ref_axis',(0.,0.,1.));
#10065=DIRECTION('center_axis',(0.,1.,0.));
#10066=DIRECTION('ref_axis',(0.,0.,1.));
#10067=DIRECTION('center_axis',(0.,1.,0.));
#10068=DIRECTION('ref_axis',(0.,0.,1.));
#10069=DIRECTION('center_axis',(0.,1.,0.));
#10070=DIRECTION('ref_axis',(0.,0.,1.));
#10071=DIRECTION('center_axis',(0.,0.,-1.));
#10072=DIRECTION('ref_axis',(1.,0.,0.));
#10073=DIRECTION('',(0.,1.,0.));
#10074=DIRECTION('center_axis',(8.88178419700125E-16,0.,1.));
#10075=DIRECTION('ref_axis',(-1.,0.,8.88178419700125E-16));
#10076=DIRECTION('',(0.,-1.,0.));
#10077=DIRECTION('center_axis',(-1.,0.,2.35799580451361E-16));
#10078=DIRECTION('ref_axis',(-2.35799580451361E-16,0.,-1.));
#10079=DIRECTION('',(0.,-1.,0.));
#10080=DIRECTION('center_axis',(0.,0.,1.));
#10081=DIRECTION('ref_axis',(-1.,0.,0.));
#10082=DIRECTION('',(0.,-1.,0.));
#10083=DIRECTION('center_axis',(1.,0.,-1.57199720300907E-16));
#10084=DIRECTION('ref_axis',(1.57199720300907E-16,0.,1.));
#10085=DIRECTION('',(0.,-1.,0.));
#10086=DIRECTION('center_axis',(2.65325890873824E-16,0.,1.));
#10087=DIRECTION('ref_axis',(-1.,0.,2.65325890873824E-16));
#10088=DIRECTION('center_axis',(-1.,0.,2.35799580451361E-16));
#10089=DIRECTION('ref_axis',(-2.35799580451361E-16,0.,-1.));
#10090=DIRECTION('',(0.,-1.,0.));
#10091=DIRECTION('center_axis',(-2.65325890873824E-16,0.,-1.));
#10092=DIRECTION('ref_axis',(1.,0.,-2.65325890873824E-16));
#10093=DIRECTION('',(0.,-1.,0.));
#10094=DIRECTION('center_axis',(1.,0.,-1.57199720300907E-16));
#10095=DIRECTION('ref_axis',(1.57199720300907E-16,0.,1.));
#10096=DIRECTION('',(0.,-1.,0.));
#10097=DIRECTION('center_axis',(0.,0.,-1.));
#10098=DIRECTION('ref_axis',(1.,0.,0.));
#10099=DIRECTION('center_axis',(-3.19718653599757E-16,0.,-1.));
#10100=DIRECTION('ref_axis',(-1.,0.,3.19718653599757E-16));
#10101=DIRECTION('center_axis',(0.,-1.,0.));
#10102=DIRECTION('ref_axis',(1.,0.,0.));
#10103=DIRECTION('',(0.,-1.,0.));
#10104=DIRECTION('center_axis',(0.,-1.,0.));
#10105=DIRECTION('ref_axis',(1.,0.,0.));
#10106=DIRECTION('center_axis',(0.,1.,0.));
#10107=DIRECTION('ref_axis',(0.,0.,1.));
#10108=DIRECTION('center_axis',(0.,-1.,0.));
#10109=DIRECTION('ref_axis',(1.,0.,0.));
#10110=DIRECTION('',(0.,-1.,0.));
#10111=DIRECTION('center_axis',(0.,-1.,0.));
#10112=DIRECTION('ref_axis',(1.,0.,0.));
#10113=DIRECTION('center_axis',(0.,1.,0.));
#10114=DIRECTION('ref_axis',(0.,0.,1.));
#10115=DIRECTION('center_axis',(0.,-1.,0.));
#10116=DIRECTION('ref_axis',(1.,0.,0.));
#10117=DIRECTION('',(0.,-1.,0.));
#10118=DIRECTION('center_axis',(0.,-1.,0.));
#10119=DIRECTION('ref_axis',(1.,0.,0.));
#10120=DIRECTION('center_axis',(0.,1.,0.));
#10121=DIRECTION('ref_axis',(0.,0.,1.));
#10122=DIRECTION('center_axis',(0.,-1.,0.));
#10123=DIRECTION('ref_axis',(1.,0.,0.));
#10124=DIRECTION('',(0.,-1.,0.));
#10125=DIRECTION('center_axis',(0.,-1.,0.));
#10126=DIRECTION('ref_axis',(1.,0.,0.));
#10127=DIRECTION('center_axis',(0.,1.,0.));
#10128=DIRECTION('ref_axis',(0.,0.,1.));
#10129=DIRECTION('center_axis',(0.,-1.,0.));
#10130=DIRECTION('ref_axis',(-0.707106781186548,0.,0.707106781186548));
#10131=DIRECTION('center_axis',(0.,1.,0.));
#10132=DIRECTION('ref_axis',(0.,0.,1.));
#10133=CARTESIAN_POINT('',(0.,0.,0.));
#10134=CARTESIAN_POINT('Origin',(65.0217967697245,30.6,65.5));
#10135=CARTESIAN_POINT('',(68.4858983848623,30.6,63.5));
#10136=CARTESIAN_POINT('',(69.3519237886467,31.6,63.));
#10137=CARTESIAN_POINT('Origin',(69.3519237886467,30.6,63.));
#10138=CARTESIAN_POINT('',(65.0217967697245,31.6,60.5));
#10139=CARTESIAN_POINT('Origin',(65.0217967697245,31.6,65.5));
#10140=CARTESIAN_POINT('',(65.0217967697245,30.6,61.5));
#10141=CARTESIAN_POINT('Origin',(65.0217967697245,30.6,60.5));
#10142=CARTESIAN_POINT('Origin',(65.0217967697245,30.6,65.5));
#10143=CARTESIAN_POINT('Origin',(33.975,30.6,60.5));
#10144=CARTESIAN_POINT('',(-65.0217967697245,31.6,60.5));
#10145=CARTESIAN_POINT('',(-65.0217967697245,30.6,61.5));
#10146=CARTESIAN_POINT('Origin',(-65.0217967697245,30.6,60.5));
#10147=CARTESIAN_POINT('',(33.975,30.6,61.5));
#10148=CARTESIAN_POINT('',(33.975,31.6,60.5));
#10149=CARTESIAN_POINT('Origin',(-65.0217967697245,30.6,65.5));
#10150=CARTESIAN_POINT('',(-69.3519237886467,31.6,63.));
#10151=CARTESIAN_POINT('',(-68.4858983848622,30.6,63.5));
#10152=CARTESIAN_POINT('Origin',(-69.3519237886467,30.6,63.));
#10153=CARTESIAN_POINT('Origin',(-65.0217967697245,30.6,65.5));
#10154=CARTESIAN_POINT('Origin',(-65.0217967697245,31.6,65.5));
#10155=CARTESIAN_POINT('Origin',(-71.95,30.6,61.5));
#10156=CARTESIAN_POINT('',(-73.45,31.6,58.9019237886467));
#10157=CARTESIAN_POINT('',(-73.95,30.6,58.0358983848623));
#10158=CARTESIAN_POINT('Origin',(-73.45,30.6,58.9019237886467));
#10159=CARTESIAN_POINT('Origin',(-71.95,30.6,61.5));
#10160=CARTESIAN_POINT('Origin',(-71.95,31.6,61.5));
#10161=CARTESIAN_POINT('Origin',(-75.95,30.6,54.5717967697245));
#10162=CARTESIAN_POINT('',(-70.95,31.6,54.5717967697245));
#10163=CARTESIAN_POINT('',(-71.95,30.6,54.5717967697245));
#10164=CARTESIAN_POINT('Origin',(-70.95,30.6,54.5717967697245));
#10165=CARTESIAN_POINT('Origin',(-75.95,30.6,54.5717967697245));
#10166=CARTESIAN_POINT('Origin',(-75.95,31.6,54.5717967697245));
#10167=CARTESIAN_POINT('Origin',(-70.95,30.6,28.75));
#10168=CARTESIAN_POINT('',(-70.95,31.6,-54.5717967697245));
#10169=CARTESIAN_POINT('',(-71.95,30.6,-54.5717967697245));
#10170=CARTESIAN_POINT('Origin',(-70.95,30.6,-54.5717967697245));
#10171=CARTESIAN_POINT('',(-71.95,30.6,28.75));
#10172=CARTESIAN_POINT('',(-70.95,31.6,28.75));
#10173=CARTESIAN_POINT('Origin',(-75.95,30.6,-54.5717967697245));
#10174=CARTESIAN_POINT('',(-73.45,31.6,-58.9019237886467));
#10175=CARTESIAN_POINT('',(-73.95,30.6,-58.0358983848622));
#10176=CARTESIAN_POINT('Origin',(-73.45,30.6,-58.9019237886467));
#10177=CARTESIAN_POINT('Origin',(-75.95,30.6,-54.5717967697245));
#10178=CARTESIAN_POINT('Origin',(-75.95,31.6,-54.5717967697245));
#10179=CARTESIAN_POINT('Origin',(-71.95,30.6,-61.5));
#10180=CARTESIAN_POINT('',(-69.3519237886467,31.6,-63.));
#10181=CARTESIAN_POINT('',(-68.4858983848623,30.6,-63.5));
#10182=CARTESIAN_POINT('Origin',(-69.3519237886467,30.6,-63.));
#10183=CARTESIAN_POINT('Origin',(-71.95,30.6,-61.5));
#10184=CARTESIAN_POINT('Origin',(-71.95,31.6,-61.5));
#10185=CARTESIAN_POINT('Origin',(-65.0217967697245,30.6,-65.5));
#10186=CARTESIAN_POINT('',(-65.0217967697245,31.6,-60.5));
#10187=CARTESIAN_POINT('',(-65.0217967697245,30.6,-61.5));
#10188=CARTESIAN_POINT('Origin',(-65.0217967697245,30.6,-60.5));
#10189=CARTESIAN_POINT('Origin',(-65.0217967697245,30.6,-65.5));
#10190=CARTESIAN_POINT('Origin',(-65.0217967697245,31.6,-65.5));
#10191=CARTESIAN_POINT('Origin',(-33.975,30.6,-60.5));
#10192=CARTESIAN_POINT('',(65.0217967697245,31.6,-60.5));
#10193=CARTESIAN_POINT('',(65.0217967697245,30.6,-61.5));
#10194=CARTESIAN_POINT('Origin',(65.0217967697245,30.6,-60.5));
#10195=CARTESIAN_POINT('',(-33.975,30.6,-61.5));
#10196=CARTESIAN_POINT('',(-33.975,31.6,-60.5));
#10197=CARTESIAN_POINT('Origin',(65.0217967697245,30.6,-65.5));
#10198=CARTESIAN_POINT('',(69.3519237886467,31.6,-63.));
#10199=CARTESIAN_POINT('',(68.4858983848622,30.6,-63.5));
#10200=CARTESIAN_POINT('Origin',(69.3519237886467,30.6,-63.));
#10201=CARTESIAN_POINT('Origin',(65.0217967697245,30.6,-65.5));
#10202=CARTESIAN_POINT('Origin',(65.0217967697245,31.6,-65.5));
#10203=CARTESIAN_POINT('Origin',(71.95,30.6,-61.5));
#10204=CARTESIAN_POINT('',(73.45,31.6,-58.9019237886467));
#10205=CARTESIAN_POINT('',(73.95,30.6,-58.0358983848623));
#10206=CARTESIAN_POINT('Origin',(73.45,30.6,-58.9019237886467));
#10207=CARTESIAN_POINT('Origin',(71.95,30.6,-61.5));
#10208=CARTESIAN_POINT('Origin',(71.95,31.6,-61.5));
#10209=CARTESIAN_POINT('Origin',(75.95,30.6,-54.5717967697245));
#10210=CARTESIAN_POINT('',(70.95,31.6,-54.5717967697245));
#10211=CARTESIAN_POINT('',(71.95,30.6,-54.5717967697245));
#10212=CARTESIAN_POINT('Origin',(70.95,30.6,-54.5717967697245));
#10213=CARTESIAN_POINT('Origin',(75.95,30.6,-54.5717967697245));
#10214=CARTESIAN_POINT('Origin',(75.95,31.6,-54.5717967697245));
#10215=CARTESIAN_POINT('Origin',(70.95,30.6,-28.75));
#10216=CARTESIAN_POINT('',(70.95,31.6,54.5717967697245));
#10217=CARTESIAN_POINT('',(71.95,30.6,54.5717967697245));
#10218=CARTESIAN_POINT('Origin',(70.95,30.6,54.5717967697245));
#10219=CARTESIAN_POINT('',(71.95,30.6,-28.75));
#10220=CARTESIAN_POINT('',(70.95,31.6,-28.75));
#10221=CARTESIAN_POINT('Origin',(75.95,30.6,54.5717967697245));
#10222=CARTESIAN_POINT('',(73.45,31.6,58.9019237886467));
#10223=CARTESIAN_POINT('',(73.95,30.6,58.0358983848622));
#10224=CARTESIAN_POINT('Origin',(73.45,30.6,58.9019237886467));
#10225=CARTESIAN_POINT('Origin',(75.95,30.6,54.5717967697245));
#10226=CARTESIAN_POINT('Origin',(75.95,31.6,54.5717967697245));
#10227=CARTESIAN_POINT('Origin',(71.95,30.6,61.5));
#10228=CARTESIAN_POINT('Origin',(71.95,31.6,61.5));
#10229=CARTESIAN_POINT('Origin',(71.95,30.6,61.5));
#10230=CARTESIAN_POINT('Origin',(-67.95,0.,-61.5));
#10231=CARTESIAN_POINT('',(65.0217967697245,-0.5,-61.5));
#10232=CARTESIAN_POINT('',(65.0217967697245,0.,-61.5));
#10233=CARTESIAN_POINT('',(-65.0217967697245,-0.5,-61.5));
#10234=CARTESIAN_POINT('',(-33.975,-0.5,-61.5));
#10235=CARTESIAN_POINT('',(-65.0217967697245,0.,-61.5));
#10236=CARTESIAN_POINT('Origin',(65.0217967697245,0.,-65.5));
#10237=CARTESIAN_POINT('',(68.4858983848622,-0.5,-63.5));
#10238=CARTESIAN_POINT('',(68.4858983848622,0.,-63.5));
#10239=CARTESIAN_POINT('Origin',(65.0217967697245,-0.5,-65.5));
#10240=CARTESIAN_POINT('Origin',(71.95,0.,-61.5));
#10241=CARTESIAN_POINT('',(73.95,-0.5,-58.0358983848623));
#10242=CARTESIAN_POINT('',(73.95,0.,-58.0358983848623));
#10243=CARTESIAN_POINT('Origin',(71.95,-0.5,-61.5));
#10244=CARTESIAN_POINT('Origin',(75.95,0.,-54.5717967697245));
#10245=CARTESIAN_POINT('',(71.95,-0.5,-54.5717967697245));
#10246=CARTESIAN_POINT('',(71.95,0.,-54.5717967697245));
#10247=CARTESIAN_POINT('Origin',(75.95,-0.5,-54.5717967697245));
#10248=CARTESIAN_POINT('Origin',(71.95,0.,-57.5));
#10249=CARTESIAN_POINT('',(71.95,-0.5,54.5717967697245));
#10250=CARTESIAN_POINT('',(71.95,0.,54.5717967697245));
#10251=CARTESIAN_POINT('',(71.95,-0.5,-28.75));
#10252=CARTESIAN_POINT('Origin',(75.95,0.,54.5717967697245));
#10253=CARTESIAN_POINT('',(73.95,-0.5,58.0358983848622));
#10254=CARTESIAN_POINT('',(73.95,0.,58.0358983848622));
#10255=CARTESIAN_POINT('Origin',(75.95,-0.5,54.5717967697245));
#10256=CARTESIAN_POINT('Origin',(71.95,0.,61.5));
#10257=CARTESIAN_POINT('',(68.4858983848623,-0.5,63.5));
#10258=CARTESIAN_POINT('',(68.4858983848623,0.,63.5));
#10259=CARTESIAN_POINT('Origin',(71.95,-0.5,61.5));
#10260=CARTESIAN_POINT('Origin',(65.0217967697245,0.,65.5));
#10261=CARTESIAN_POINT('',(65.0217967697245,-0.5,61.5));
#10262=CARTESIAN_POINT('',(65.0217967697245,0.,61.5));
#10263=CARTESIAN_POINT('Origin',(65.0217967697245,-0.5,65.5));
#10264=CARTESIAN_POINT('Origin',(0.,31.6,0.));
#10265=CARTESIAN_POINT('',(-73.95,31.6,61.5));
#10266=CARTESIAN_POINT('Origin',(-71.95,31.6,61.5));
#10267=CARTESIAN_POINT('',(69.95,31.6,61.5));
#10268=CARTESIAN_POINT('Origin',(71.95,31.6,61.5));
#10269=CARTESIAN_POINT('',(-73.95,31.6,-61.5));
#10270=CARTESIAN_POINT('Origin',(-71.95,31.6,-61.5));
#10271=CARTESIAN_POINT('',(69.95,31.6,-61.5));
#10272=CARTESIAN_POINT('Origin',(71.95,31.6,-61.5));
#10273=CARTESIAN_POINT('',(69.45,31.6,20.));
#10274=CARTESIAN_POINT('',(66.95,31.6,20.));
#10275=CARTESIAN_POINT('',(34.725,31.6,20.));
#10276=CARTESIAN_POINT('',(66.95,31.6,56.5));
#10277=CARTESIAN_POINT('',(66.95,31.6,-56.5));
#10278=CARTESIAN_POINT('',(-66.95,31.6,56.5));
#10279=CARTESIAN_POINT('',(66.95,31.6,56.5));
#10280=CARTESIAN_POINT('',(-66.95,31.6,20.));
#10281=CARTESIAN_POINT('',(-66.95,31.6,56.5));
#10282=CARTESIAN_POINT('',(-69.45,31.6,20.));
#10283=CARTESIAN_POINT('',(-66.95,31.6,20.));
#10284=CARTESIAN_POINT('',(-69.45,31.6,-20.));
#10285=CARTESIAN_POINT('',(-69.45,31.6,59.));
#10286=CARTESIAN_POINT('',(-66.95,31.6,-20.));
#10287=CARTESIAN_POINT('',(-69.45,31.6,-20.));
#10288=CARTESIAN_POINT('',(-66.95,31.6,-56.5));
#10289=CARTESIAN_POINT('',(-66.95,31.6,56.5));
#10290=CARTESIAN_POINT('',(66.95,31.6,-56.5));
#10291=CARTESIAN_POINT('',(-66.95,31.6,-56.5));
#10292=CARTESIAN_POINT('',(66.95,31.6,-20.));
#10293=CARTESIAN_POINT('',(66.95,31.6,-56.5));
#10294=CARTESIAN_POINT('',(69.45,31.6,-20.));
#10295=CARTESIAN_POINT('',(33.475,31.6,-20.));
#10296=CARTESIAN_POINT('',(69.45,31.6,-10.));
#10297=CARTESIAN_POINT('Origin',(-75.95,-0.5,-54.5717967697245));
#10298=CARTESIAN_POINT('',(-73.95,-0.5,-58.0358983848622));
#10299=CARTESIAN_POINT('',(-72.95,-2.5,-59.7679491924311));
#10300=CARTESIAN_POINT('Origin',(-72.95,-0.5,-59.7679491924311));
#10301=CARTESIAN_POINT('',(-69.95,-2.5,-54.5717967697245));
#10302=CARTESIAN_POINT('Origin',(-75.95,-2.5,-54.5717967697245));
#10303=CARTESIAN_POINT('',(-71.95,-0.5,-54.5717967697245));
#10304=CARTESIAN_POINT('Origin',(-69.95,-0.5,-54.5717967697245));
#10305=CARTESIAN_POINT('Origin',(-75.95,-0.5,-54.5717967697245));
#10306=CARTESIAN_POINT('Origin',(-69.95,-0.5,28.75));
#10307=CARTESIAN_POINT('',(-69.95,-2.5,54.5717967697245));
#10308=CARTESIAN_POINT('',(-71.95,-0.5,54.5717967697245));
#10309=CARTESIAN_POINT('Origin',(-69.95,-0.5,54.5717967697245));
#10310=CARTESIAN_POINT('',(-71.95,-0.5,28.75));
#10311=CARTESIAN_POINT('',(-69.95,-2.5,28.75));
#10312=CARTESIAN_POINT('Origin',(-75.95,-0.5,54.5717967697245));
#10313=CARTESIAN_POINT('',(-72.95,-2.5,59.7679491924311));
#10314=CARTESIAN_POINT('',(-73.95,-0.5,58.0358983848623));
#10315=CARTESIAN_POINT('Origin',(-72.95,-0.5,59.7679491924311));
#10316=CARTESIAN_POINT('Origin',(-75.95,-0.5,54.5717967697245));
#10317=CARTESIAN_POINT('Origin',(-75.95,-2.5,54.5717967697245));
#10318=CARTESIAN_POINT('Ctrl Pts',(-68.4858983848622,-0.5,63.5));
#10319=CARTESIAN_POINT('Ctrl Pts',(-69.8863134612816,-0.5,65.9255900640439));
#10320=CARTESIAN_POINT('Ctrl Pts',(-72.6445927106677,-0.5,65.4392310120489));
#10321=CARTESIAN_POINT('Ctrl Pts',(-75.4028719600538,-0.5,64.9528719600538));
#10322=CARTESIAN_POINT('Ctrl Pts',(-75.8892310120488,-0.5,62.1945927106677));
#10323=CARTESIAN_POINT('Ctrl Pts',(-76.3755900640439,-0.5,59.4363134612817));
#10324=CARTESIAN_POINT('Ctrl Pts',(-73.95,-0.5,58.0358983848623));
#10325=CARTESIAN_POINT('Ctrl Pts',(-68.4858983848622,-2.5,63.5));
#10326=CARTESIAN_POINT('Ctrl Pts',(-69.8863134612816,-2.5,65.9255900640439));
#10327=CARTESIAN_POINT('Ctrl Pts',(-72.6445927106677,-2.5,65.4392310120489));
#10328=CARTESIAN_POINT('Ctrl Pts',(-75.4028719600538,-2.5,64.9528719600538));
#10329=CARTESIAN_POINT('Ctrl Pts',(-75.8892310120488,-2.5,62.1945927106677));
#10330=CARTESIAN_POINT('Ctrl Pts',(-76.3755900640439,-2.5,59.4363134612817));
#10331=CARTESIAN_POINT('Ctrl Pts',(-73.95,-2.5,58.0358983848623));
#10332=CARTESIAN_POINT('Ctrl Pts',(-70.2179491924311,-2.5,62.5));
#10333=CARTESIAN_POINT('Ctrl Pts',(-70.9181567306408,-2.5,63.712795032022));
#10334=CARTESIAN_POINT('Ctrl Pts',(-72.2972963553338,-2.5,63.4696155060244));
#10335=CARTESIAN_POINT('Ctrl Pts',(-73.6764359800269,-2.5,63.2264359800269));
#10336=CARTESIAN_POINT('Ctrl Pts',(-73.9196155060244,-2.5,61.8472963553339));
#10337=CARTESIAN_POINT('Ctrl Pts',(-74.1627950320219,-2.5,60.4681567306408));
#10338=CARTESIAN_POINT('Ctrl Pts',(-72.95,-2.5,59.7679491924311));
#10339=CARTESIAN_POINT('',(-70.2179491924311,-2.5,62.5));
#10340=CARTESIAN_POINT('',(-68.4858983848622,-0.5,63.5));
#10341=CARTESIAN_POINT('Origin',(-70.2179491924311,-0.5,62.5));
#10342=CARTESIAN_POINT('Origin',(-71.95,-0.5,61.5));
#10343=CARTESIAN_POINT('Origin',(-71.95,-2.5,61.5));
#10344=CARTESIAN_POINT('Origin',(-65.0217967697245,-0.5,65.5));
#10345=CARTESIAN_POINT('',(-65.0217967697245,-2.5,59.5));
#10346=CARTESIAN_POINT('',(-65.0217967697245,-0.5,61.5));
#10347=CARTESIAN_POINT('Origin',(-65.0217967697245,-0.5,59.5));
#10348=CARTESIAN_POINT('Origin',(-65.0217967697245,-0.5,65.5));
#10349=CARTESIAN_POINT('Origin',(-65.0217967697245,-2.5,65.5));
#10350=CARTESIAN_POINT('Origin',(33.975,-0.5,59.5));
#10351=CARTESIAN_POINT('',(65.0217967697245,-2.5,59.5));
#10352=CARTESIAN_POINT('Origin',(65.0217967697245,-0.5,59.5));
#10353=CARTESIAN_POINT('',(33.975,-0.5,61.5));
#10354=CARTESIAN_POINT('',(33.975,-2.5,59.5));
#10355=CARTESIAN_POINT('Origin',(65.0217967697245,-0.5,65.5));
#10356=CARTESIAN_POINT('',(70.2179491924311,-2.5,62.5));
#10357=CARTESIAN_POINT('Origin',(70.2179491924311,-0.5,62.5));
#10358=CARTESIAN_POINT('Origin',(65.0217967697245,-2.5,65.5));
#10359=CARTESIAN_POINT('Ctrl Pts',(73.95,-0.5,58.0358983848622));
#10360=CARTESIAN_POINT('Ctrl Pts',(76.3755900640439,-0.5,59.4363134612817));
#10361=CARTESIAN_POINT('Ctrl Pts',(75.8892310120489,-0.5,62.1945927106677));
#10362=CARTESIAN_POINT('Ctrl Pts',(75.4028719600538,-0.5,64.9528719600538));
#10363=CARTESIAN_POINT('Ctrl Pts',(72.6445927106677,-0.5,65.4392310120488));
#10364=CARTESIAN_POINT('Ctrl Pts',(69.8863134612817,-0.5,65.9255900640439));
#10365=CARTESIAN_POINT('Ctrl Pts',(68.4858983848622,-0.5,63.5));
#10366=CARTESIAN_POINT('Ctrl Pts',(73.95,-2.5,58.0358983848622));
#10367=CARTESIAN_POINT('Ctrl Pts',(76.3755900640439,-2.5,59.4363134612817));
#10368=CARTESIAN_POINT('Ctrl Pts',(75.8892310120489,-2.5,62.1945927106677));
#10369=CARTESIAN_POINT('Ctrl Pts',(75.4028719600538,-2.5,64.9528719600538));
#10370=CARTESIAN_POINT('Ctrl Pts',(72.6445927106677,-2.5,65.4392310120488));
#10371=CARTESIAN_POINT('Ctrl Pts',(69.8863134612817,-2.5,65.9255900640439));
#10372=CARTESIAN_POINT('Ctrl Pts',(68.4858983848622,-2.5,63.5));
#10373=CARTESIAN_POINT('Ctrl Pts',(72.95,-2.5,59.7679491924311));
#10374=CARTESIAN_POINT('Ctrl Pts',(74.162795032022,-2.5,60.4681567306408));
#10375=CARTESIAN_POINT('Ctrl Pts',(73.9196155060244,-2.5,61.8472963553339));
#10376=CARTESIAN_POINT('Ctrl Pts',(73.6764359800269,-2.5,63.2264359800269));
#10377=CARTESIAN_POINT('Ctrl Pts',(72.2972963553339,-2.5,63.4696155060244));
#10378=CARTESIAN_POINT('Ctrl Pts',(70.9181567306408,-2.5,63.7127950320219));
#10379=CARTESIAN_POINT('Ctrl Pts',(70.2179491924311,-2.5,62.5));
#10380=CARTESIAN_POINT('',(72.95,-2.5,59.7679491924311));
#10381=CARTESIAN_POINT('Origin',(72.95,-0.5,59.7679491924311));
#10382=CARTESIAN_POINT('Origin',(71.95,-2.5,61.5));
#10383=CARTESIAN_POINT('Origin',(75.95,-0.5,54.5717967697245));
#10384=CARTESIAN_POINT('',(69.95,-2.5,54.5717967697245));
#10385=CARTESIAN_POINT('Origin',(69.95,-0.5,54.5717967697245));
#10386=CARTESIAN_POINT('Origin',(75.95,-2.5,54.5717967697245));
#10387=CARTESIAN_POINT('Origin',(69.95,-0.5,-28.75));
#10388=CARTESIAN_POINT('',(69.95,-2.5,-54.5717967697245));
#10389=CARTESIAN_POINT('Origin',(69.95,-0.5,-54.5717967697245));
#10390=CARTESIAN_POINT('',(69.95,-2.5,-28.75));
#10391=CARTESIAN_POINT('Origin',(75.95,-0.5,-54.5717967697245));
#10392=CARTESIAN_POINT('',(72.95,-2.5,-59.7679491924311));
#10393=CARTESIAN_POINT('Origin',(72.95,-0.5,-59.7679491924311));
#10394=CARTESIAN_POINT('Origin',(75.95,-2.5,-54.5717967697245));
#10395=CARTESIAN_POINT('Ctrl Pts',(68.4858983848622,-0.5,-63.5));
#10396=CARTESIAN_POINT('Ctrl Pts',(69.8863134612816,-0.5,-65.9255900640439));
#10397=CARTESIAN_POINT('Ctrl Pts',(72.6445927106677,-0.5,-65.4392310120489));
#10398=CARTESIAN_POINT('Ctrl Pts',(75.4028719600538,-0.5,-64.9528719600538));
#10399=CARTESIAN_POINT('Ctrl Pts',(75.8892310120488,-0.5,-62.1945927106677));
#10400=CARTESIAN_POINT('Ctrl Pts',(76.3755900640439,-0.5,-59.4363134612817));
#10401=CARTESIAN_POINT('Ctrl Pts',(73.95,-0.5,-58.0358983848623));
#10402=CARTESIAN_POINT('Ctrl Pts',(68.4858983848622,-2.5,-63.5));
#10403=CARTESIAN_POINT('Ctrl Pts',(69.8863134612816,-2.5,-65.9255900640439));
#10404=CARTESIAN_POINT('Ctrl Pts',(72.6445927106677,-2.5,-65.4392310120489));
#10405=CARTESIAN_POINT('Ctrl Pts',(75.4028719600538,-2.5,-64.9528719600538));
#10406=CARTESIAN_POINT('Ctrl Pts',(75.8892310120488,-2.5,-62.1945927106677));
#10407=CARTESIAN_POINT('Ctrl Pts',(76.3755900640439,-2.5,-59.4363134612817));
#10408=CARTESIAN_POINT('Ctrl Pts',(73.95,-2.5,-58.0358983848623));
#10409=CARTESIAN_POINT('Ctrl Pts',(70.2179491924311,-2.5,-62.5));
#10410=CARTESIAN_POINT('Ctrl Pts',(70.9181567306408,-2.5,-63.712795032022));
#10411=CARTESIAN_POINT('Ctrl Pts',(72.2972963553339,-2.5,-63.4696155060244));
#10412=CARTESIAN_POINT('Ctrl Pts',(73.6764359800269,-2.5,-63.2264359800269));
#10413=CARTESIAN_POINT('Ctrl Pts',(73.9196155060244,-2.5,-61.8472963553339));
#10414=CARTESIAN_POINT('Ctrl Pts',(74.1627950320219,-2.5,-60.4681567306408));
#10415=CARTESIAN_POINT('Ctrl Pts',(72.95,-2.5,-59.7679491924311));
#10416=CARTESIAN_POINT('',(70.2179491924311,-2.5,-62.5));
#10417=CARTESIAN_POINT('Origin',(70.2179491924311,-0.5,-62.5));
#10418=CARTESIAN_POINT('Origin',(71.95,-2.5,-61.5));
#10419=CARTESIAN_POINT('Origin',(65.0217967697245,-0.5,-65.5));
#10420=CARTESIAN_POINT('',(65.0217967697245,-2.5,-59.5));
#10421=CARTESIAN_POINT('Origin',(65.0217967697245,-0.5,-59.5));
#10422=CARTESIAN_POINT('Origin',(65.0217967697245,-2.5,-65.5));
#10423=CARTESIAN_POINT('Origin',(-33.975,-0.5,-59.5));
#10424=CARTESIAN_POINT('',(-65.0217967697245,-2.5,-59.5));
#10425=CARTESIAN_POINT('Origin',(-65.0217967697245,-0.5,-59.5));
#10426=CARTESIAN_POINT('',(-33.975,-2.5,-59.5));
#10427=CARTESIAN_POINT('Origin',(-65.0217967697245,-0.5,-65.5));
#10428=CARTESIAN_POINT('',(-70.2179491924311,-2.5,-62.5));
#10429=CARTESIAN_POINT('',(-68.4858983848623,-0.5,-63.5));
#10430=CARTESIAN_POINT('Origin',(-70.2179491924311,-0.5,-62.5));
#10431=CARTESIAN_POINT('Origin',(-65.0217967697245,-0.5,-65.5));
#10432=CARTESIAN_POINT('Origin',(-65.0217967697245,-2.5,-65.5));
#10433=CARTESIAN_POINT('Ctrl Pts',(-73.95,-0.5,-58.0358983848622));
#10434=CARTESIAN_POINT('Ctrl Pts',(-76.3755900640439,-0.5,-59.4363134612816));
#10435=CARTESIAN_POINT('Ctrl Pts',(-75.8892310120489,-0.5,-62.1945927106677));
#10436=CARTESIAN_POINT('Ctrl Pts',(-75.4028719600538,-0.5,-64.9528719600538));
#10437=CARTESIAN_POINT('Ctrl Pts',(-72.6445927106677,-0.5,-65.4392310120488));
#10438=CARTESIAN_POINT('Ctrl Pts',(-69.8863134612817,-0.5,-65.9255900640439));
#10439=CARTESIAN_POINT('Ctrl Pts',(-68.4858983848623,-0.5,-63.5));
#10440=CARTESIAN_POINT('Ctrl Pts',(-73.95,-2.5,-58.0358983848622));
#10441=CARTESIAN_POINT('Ctrl Pts',(-76.3755900640439,-2.5,-59.4363134612816));
#10442=CARTESIAN_POINT('Ctrl Pts',(-75.8892310120489,-2.5,-62.1945927106677));
#10443=CARTESIAN_POINT('Ctrl Pts',(-75.4028719600538,-2.5,-64.9528719600538));
#10444=CARTESIAN_POINT('Ctrl Pts',(-72.6445927106677,-2.5,-65.4392310120488));
#10445=CARTESIAN_POINT('Ctrl Pts',(-69.8863134612817,-2.5,-65.9255900640439));
#10446=CARTESIAN_POINT('Ctrl Pts',(-68.4858983848623,-2.5,-63.5));
#10447=CARTESIAN_POINT('Ctrl Pts',(-72.95,-2.5,-59.7679491924311));
#10448=CARTESIAN_POINT('Ctrl Pts',(-74.162795032022,-2.5,-60.4681567306408));
#10449=CARTESIAN_POINT('Ctrl Pts',(-73.9196155060244,-2.5,-61.8472963553339));
#10450=CARTESIAN_POINT('Ctrl Pts',(-73.6764359800269,-2.5,-63.2264359800269));
#10451=CARTESIAN_POINT('Ctrl Pts',(-72.2972963553339,-2.5,-63.4696155060244));
#10452=CARTESIAN_POINT('Ctrl Pts',(-70.9181567306408,-2.5,-63.7127950320219));
#10453=CARTESIAN_POINT('Ctrl Pts',(-70.2179491924311,-2.5,-62.5));
#10454=CARTESIAN_POINT('Origin',(-71.95,-2.5,-61.5));
#10455=CARTESIAN_POINT('Origin',(-71.95,-0.5,-61.5));
#10456=CARTESIAN_POINT('Origin',(-65.0217967697245,0.,-65.5));
#10457=CARTESIAN_POINT('',(-68.4858983848623,0.,-63.5));
#10458=CARTESIAN_POINT('Origin',(-71.95,0.,-61.5));
#10459=CARTESIAN_POINT('',(-73.95,0.,-58.0358983848622));
#10460=CARTESIAN_POINT('Origin',(-75.95,0.,-54.5717967697245));
#10461=CARTESIAN_POINT('',(-71.95,0.,-54.5717967697245));
#10462=CARTESIAN_POINT('Origin',(0.,-2.5,0.));
#10463=CARTESIAN_POINT('',(-12.1796527777778,-2.5,9.92236111111113));
#10464=CARTESIAN_POINT('',(-1.61395833333334,-2.5,9.92236111111113));
#10465=CARTESIAN_POINT('',(-6.08982638888889,-2.5,9.92236111111113));
#10466=CARTESIAN_POINT('',(-1.61395833333334,-2.5,7.50583333333335));
#10467=CARTESIAN_POINT('',(-1.61395833333334,-2.5,4.96118055555557));
#10468=CARTESIAN_POINT('',(-5.51215277777779,-2.5,7.50583333333335));
#10469=CARTESIAN_POINT('',(-0.806979166666668,-2.5,7.50583333333335));
#10470=CARTESIAN_POINT('',(-5.51215277777779,-2.5,-2.53069444444442));
#10471=CARTESIAN_POINT('',(-5.51215277777779,-2.5,3.75291666666667));
#10472=CARTESIAN_POINT('',(-8.28145833333334,-2.5,-2.53069444444442));
#10473=CARTESIAN_POINT('',(-2.75607638888889,-2.5,-2.53069444444442));
#10474=CARTESIAN_POINT('',(-8.28145833333334,-2.5,7.50583333333335));
#10475=CARTESIAN_POINT('',(-8.28145833333334,-2.5,-1.26534722222221));
#10476=CARTESIAN_POINT('',(-12.1796527777778,-2.5,7.50583333333335));
#10477=CARTESIAN_POINT('',(-4.14072916666667,-2.5,7.50583333333335));
#10478=CARTESIAN_POINT('',(-12.1796527777778,-2.5,3.75291666666667));
#10479=CARTESIAN_POINT('',(-29.3775694445508,-2.5,-24.5969444444444));
#10480=CARTESIAN_POINT('',(-34.0342361111111,-2.5,-22.5684722222222));
#10481=CARTESIAN_POINT('Ctrl Pts',(-29.3775694444444,-2.5,-24.5969444444444));
#10482=CARTESIAN_POINT('Ctrl Pts',(-30.400625,-2.5,-24.5969444444444));
#10483=CARTESIAN_POINT('Ctrl Pts',(-31.2796296296296,-2.5,-24.429375));
#10484=CARTESIAN_POINT('Ctrl Pts',(-32.0145833333333,-2.5,-24.0942361111111));
#10485=CARTESIAN_POINT('Ctrl Pts',(-32.7495370370371,-2.5,-23.7590972222222));
#10486=CARTESIAN_POINT('Ctrl Pts',(-33.4227546296296,-2.5,-23.2505092592592));
#10487=CARTESIAN_POINT('Ctrl Pts',(-34.0342361111111,-2.5,-22.5684722222222));
#10488=CARTESIAN_POINT('',(-32.2350694444444,-2.5,-20.7869444444444));
#10489=CARTESIAN_POINT('',(-19.8000067169512,-2.5,-8.4737940966324));
#10490=CARTESIAN_POINT('',(-24.6327083333333,-2.5,-13.4668055555555));
#10491=CARTESIAN_POINT('Ctrl Pts',(-32.2350694444444,-2.5,-20.7869444444444));
#10492=CARTESIAN_POINT('Ctrl Pts',(-31.8352546296297,-2.5,-21.2455555555555));
#10493=CARTESIAN_POINT('Ctrl Pts',(-31.3913425925926,-2.5,-21.6012731481481));
#10494=CARTESIAN_POINT('Ctrl Pts',(-30.9033333333333,-2.5,-21.8540972222222));
#10495=CARTESIAN_POINT('Ctrl Pts',(-30.4153240740741,-2.5,-22.1069212962963));
#10496=CARTESIAN_POINT('Ctrl Pts',(-29.8479398148148,-2.5,-22.2333333333333));
#10497=CARTESIAN_POINT('Ctrl Pts',(-29.2011805555556,-2.5,-22.2333333333333));
#10498=CARTESIAN_POINT('Ctrl Pts',(-28.6132175925926,-2.5,-22.2333333333333));
#10499=CARTESIAN_POINT('Ctrl Pts',(-28.1575462962963,-2.5,-22.1275));
#10500=CARTESIAN_POINT('Ctrl Pts',(-27.8341666666667,-2.5,-21.9158333333333));
#10501=CARTESIAN_POINT('Ctrl Pts',(-27.510787037037,-2.5,-21.7041666666667));
#10502=CARTESIAN_POINT('Ctrl Pts',(-27.3490972222222,-2.5,-21.4101851851852));
#10503=CARTESIAN_POINT('Ctrl Pts',(-27.3490972222222,-2.5,-21.0338888888889));
#10504=CARTESIAN_POINT('Ctrl Pts',(-27.3490972222222,-2.5,-20.6928703703704));
#10505=CARTESIAN_POINT('Ctrl Pts',(-27.4549305555555,-2.5,-20.4165277777777));
#10506=CARTESIAN_POINT('Ctrl Pts',(-27.6665972222222,-2.5,-20.2048611111111));
#10507=CARTESIAN_POINT('Ctrl Pts',(-27.8782638888889,-2.5,-19.9931944444444));
#10508=CARTESIAN_POINT('Ctrl Pts',(-28.1575462962963,-2.5,-19.8109259259259));
#10509=CARTESIAN_POINT('Ctrl Pts',(-28.5044444444445,-2.5,-19.6580555555555));
#10510=CARTESIAN_POINT('Ctrl Pts',(-28.8513425925926,-2.5,-19.5051851851852));
#10511=CARTESIAN_POINT('Ctrl Pts',(-29.2335185185185,-2.5,-19.3581944444444));
#10512=CARTESIAN_POINT('Ctrl Pts',(-29.6509722222222,-2.5,-19.2170833333333));
#10513=CARTESIAN_POINT('Ctrl Pts',(-30.0684259259259,-2.5,-19.0759722222222));
#10514=CARTESIAN_POINT('Ctrl Pts',(-30.4829398148148,-2.5,-18.9142824074074));
#10515=CARTESIAN_POINT('Ctrl Pts',(-30.8945138888889,-2.5,-18.7320138888889));
#10516=CARTESIAN_POINT('Ctrl Pts',(-31.306087962963,-2.5,-18.5497453703704));
#10517=CARTESIAN_POINT('Ctrl Pts',(-31.6853240740741,-2.5,-18.3204398148148));
#10518=CARTESIAN_POINT('Ctrl Pts',(-32.0322222222222,-2.5,-18.0440972222222));
#10519=CARTESIAN_POINT('Ctrl Pts',(-32.3791203703704,-2.5,-17.7677546296296));
#10520=CARTESIAN_POINT('Ctrl Pts',(-32.6584027777778,-2.5,-17.4208564814815));
#10521=CARTESIAN_POINT('Ctrl Pts',(-32.8700694444445,-2.5,-17.0034027777778));
#10522=CARTESIAN_POINT('Ctrl Pts',(-33.0817361111111,-2.5,-16.5859490740741));
#10523=CARTESIAN_POINT('Ctrl Pts',(-33.1875694444444,-2.5,-16.0597222222222));
#10524=CARTESIAN_POINT('Ctrl Pts',(-33.1875694444444,-2.5,-15.4247222222222));
#10525=CARTESIAN_POINT('Ctrl Pts',(-33.1875694444444,-2.5,-14.6603703703704));
#10526=CARTESIAN_POINT('Ctrl Pts',(-33.0023611111111,-2.5,-14.0018518518518));
#10527=CARTESIAN_POINT('Ctrl Pts',(-32.6319444444445,-2.5,-13.4491666666666));
#10528=CARTESIAN_POINT('Ctrl Pts',(-32.2615277777778,-2.5,-12.8964814814815));
#10529=CARTESIAN_POINT('Ctrl Pts',(-31.7470601851852,-2.5,-12.476087962963));
#10530=CARTESIAN_POINT('Ctrl Pts',(-31.0885416666667,-2.5,-12.1879861111111));
#10531=CARTESIAN_POINT('Ctrl Pts',(-30.4300231481482,-2.5,-11.8998842592593));
#10532=CARTESIAN_POINT('Ctrl Pts',(-29.6715509259259,-2.5,-11.7558333333333));
#10533=CARTESIAN_POINT('Ctrl Pts',(-28.813125,-2.5,-11.7558333333333));
#10534=CARTESIAN_POINT('Ctrl Pts',(-27.9429398148148,-2.5,-11.7558333333333));
#10535=CARTESIAN_POINT('Ctrl Pts',(-27.14625,-2.5,-11.9087037037037));
#10536=CARTESIAN_POINT('Ctrl Pts',(-26.4230555555556,-2.5,-12.2144444444444));
#10537=CARTESIAN_POINT('Ctrl Pts',(-25.6998611111111,-2.5,-12.5201851851851));
#10538=CARTESIAN_POINT('Ctrl Pts',(-25.1030787037037,-2.5,-12.9376388888889));
#10539=CARTESIAN_POINT('Ctrl Pts',(-24.6327083333333,-2.5,-13.4668055555555));
#10540=CARTESIAN_POINT('',(-26.431875,-2.5,-15.2483333333333));
#10541=CARTESIAN_POINT('',(-15.0473230304134,-2.5,-3.97539461835042));
#10542=CARTESIAN_POINT('Ctrl Pts',(-26.431875,-2.5,-15.2483333333333));
#10543=CARTESIAN_POINT('Ctrl Pts',(-26.8081712962963,-2.5,-14.8602777777778));
#10544=CARTESIAN_POINT('Ctrl Pts',(-27.1874074074074,-2.5,-14.5721759259259));
#10545=CARTESIAN_POINT('Ctrl Pts',(-27.5695833333333,-2.5,-14.3840277777778));
#10546=CARTESIAN_POINT('Ctrl Pts',(-27.9517592592592,-2.5,-14.1958796296296));
#10547=CARTESIAN_POINT('Ctrl Pts',(-28.383912037037,-2.5,-14.1018055555555));
#10548=CARTESIAN_POINT('Ctrl Pts',(-28.8660416666667,-2.5,-14.1018055555555));
#10549=CARTESIAN_POINT('Ctrl Pts',(-29.3481712962963,-2.5,-14.1018055555555));
#10550=CARTESIAN_POINT('Ctrl Pts',(-29.7303472222222,-2.5,-14.1929398148148));
#10551=CARTESIAN_POINT('Ctrl Pts',(-30.0125694444445,-2.5,-14.3752083333333));
#10552=CARTESIAN_POINT('Ctrl Pts',(-30.2947916666667,-2.5,-14.5574768518519));
#10553=CARTESIAN_POINT('Ctrl Pts',(-30.4359027777778,-2.5,-14.8191203703703));
#10554=CARTESIAN_POINT('Ctrl Pts',(-30.4359027777778,-2.5,-15.1601388888889));
#10555=CARTESIAN_POINT('Ctrl Pts',(-30.4359027777778,-2.5,-15.4776388888889));
#10556=CARTESIAN_POINT('Ctrl Pts',(-30.3300694444444,-2.5,-15.7334027777778));
#10557=CARTESIAN_POINT('Ctrl Pts',(-30.1184027777778,-2.5,-15.9274305555555));
#10558=CARTESIAN_POINT('Ctrl Pts',(-29.9067361111111,-2.5,-16.1214583333333));
#10559=CARTESIAN_POINT('Ctrl Pts',(-29.6274537037037,-2.5,-16.2890277777778));
#10560=CARTESIAN_POINT('Ctrl Pts',(-29.2805555555556,-2.5,-16.4301388888889));
#10561=CARTESIAN_POINT('Ctrl Pts',(-28.9336574074074,-2.5,-16.57125));
#10562=CARTESIAN_POINT('Ctrl Pts',(-28.5514814814815,-2.5,-16.7123611111111));
#10563=CARTESIAN_POINT('Ctrl Pts',(-28.1340277777778,-2.5,-16.8534722222222));
#10564=CARTESIAN_POINT('Ctrl Pts',(-27.7165740740741,-2.5,-16.9945833333333));
#10565=CARTESIAN_POINT('Ctrl Pts',(-27.3020601851852,-2.5,-17.159212962963));
#10566=CARTESIAN_POINT('Ctrl Pts',(-26.8904861111111,-2.5,-17.3473611111111));
#10567=CARTESIAN_POINT('Ctrl Pts',(-26.478912037037,-2.5,-17.5355092592592));
#10568=CARTESIAN_POINT('Ctrl Pts',(-26.0996759259259,-2.5,-17.7736342592593));
#10569=CARTESIAN_POINT('Ctrl Pts',(-25.7527777777778,-2.5,-18.0617361111111));
#10570=CARTESIAN_POINT('Ctrl Pts',(-25.4058796296296,-2.5,-18.349837962963));
#10571=CARTESIAN_POINT('Ctrl Pts',(-25.1265972222222,-2.5,-18.714375));
#10572=CARTESIAN_POINT('Ctrl Pts',(-24.9149305555556,-2.5,-19.1553472222222));
#10573=CARTESIAN_POINT('Ctrl Pts',(-24.7032638888889,-2.5,-19.5963194444444));
#10574=CARTESIAN_POINT('Ctrl Pts',(-24.5974305555556,-2.5,-20.1401851851852));
#10575=CARTESIAN_POINT('Ctrl Pts',(-24.5974305555556,-2.5,-20.7869444444444));
#10576=CARTESIAN_POINT('Ctrl Pts',(-24.5974305555556,-2.5,-21.9746296296296));
#10577=CARTESIAN_POINT('Ctrl Pts',(-25.0207638888889,-2.5,-22.9065509259259));
#10578=CARTESIAN_POINT('Ctrl Pts',(-25.8674305555556,-2.5,-23.5827083333333));
#10579=CARTESIAN_POINT('Ctrl Pts',(-26.7140972222222,-2.5,-24.2588657407408));
#10580=CARTESIAN_POINT('Ctrl Pts',(-27.8841435185185,-2.5,-24.5969444444444));
#10581=CARTESIAN_POINT('Ctrl Pts',(-29.3775694444444,-2.5,-24.5969444444444));
#10582=CARTESIAN_POINT('',(19.1822916666667,-2.5,-15.4070833333333));
#10583=CARTESIAN_POINT('',(19.2528472222222,-2.5,-20.9456944444444));
#10584=CARTESIAN_POINT('Ctrl Pts',(19.1822916666667,-2.5,-15.4070833333333));
#10585=CARTESIAN_POINT('Ctrl Pts',(18.8530324074074,-2.5,-15.0543055555555));
#10586=CARTESIAN_POINT('Ctrl Pts',(18.4561574074074,-2.5,-14.777962962963));
#10587=CARTESIAN_POINT('Ctrl Pts',(17.9916666666666,-2.5,-14.5780555555555));
#10588=CARTESIAN_POINT('Ctrl Pts',(17.5271759259259,-2.5,-14.3781481481481));
#10589=CARTESIAN_POINT('Ctrl Pts',(16.9891898148148,-2.5,-14.2781944444444));
#10590=CARTESIAN_POINT('Ctrl Pts',(16.3777083333333,-2.5,-14.2781944444444));
#10591=CARTESIAN_POINT('Ctrl Pts',(15.8367824074074,-2.5,-14.2781944444444));
#10592=CARTESIAN_POINT('Ctrl Pts',(15.3399537037037,-2.5,-14.3693287037037));
#10593=CARTESIAN_POINT('Ctrl Pts',(14.8872222222222,-2.5,-14.5515972222222));
#10594=CARTESIAN_POINT('Ctrl Pts',(14.4344907407407,-2.5,-14.7338657407407));
#10595=CARTESIAN_POINT('Ctrl Pts',(14.0464351851852,-2.5,-14.9955092592593));
#10596=CARTESIAN_POINT('Ctrl Pts',(13.7230555555555,-2.5,-15.3365277777778));
#10597=CARTESIAN_POINT('Ctrl Pts',(13.3996759259259,-2.5,-15.6775462962963));
#10598=CARTESIAN_POINT('Ctrl Pts',(13.1468518518518,-2.5,-16.0891203703703));
#10599=CARTESIAN_POINT('Ctrl Pts',(12.9645833333333,-2.5,-16.57125));
#10600=CARTESIAN_POINT('Ctrl Pts',(12.7823148148148,-2.5,-17.0533796296296));
#10601=CARTESIAN_POINT('Ctrl Pts',(12.6911805555556,-2.5,-17.5825462962963));
#10602=CARTESIAN_POINT('Ctrl Pts',(12.6911805555556,-2.5,-18.15875));
#10603=CARTESIAN_POINT('Ctrl Pts',(12.6911805555556,-2.5,-18.746712962963));
#10604=CARTESIAN_POINT('Ctrl Pts',(12.7823148148148,-2.5,-19.2817592592592));
#10605=CARTESIAN_POINT('Ctrl Pts',(12.9645833333333,-2.5,-19.7638888888889));
#10606=CARTESIAN_POINT('Ctrl Pts',(13.1468518518518,-2.5,-20.2460185185185));
#10607=CARTESIAN_POINT('Ctrl Pts',(13.3996759259259,-2.5,-20.6575925925926));
#10608=CARTESIAN_POINT('Ctrl Pts',(13.7230555555555,-2.5,-20.9986111111111));
#10609=CARTESIAN_POINT('Ctrl Pts',(14.0464351851851,-2.5,-21.3396296296296));
#10610=CARTESIAN_POINT('Ctrl Pts',(14.4344907407407,-2.5,-21.604212962963));
#10611=CARTESIAN_POINT('Ctrl Pts',(14.8872222222222,-2.5,-21.7923611111111));
#10612=CARTESIAN_POINT('Ctrl Pts',(15.3399537037037,-2.5,-21.9805092592592));
#10613=CARTESIAN_POINT('Ctrl Pts',(15.8367824074074,-2.5,-22.0745833333333));
#10614=CARTESIAN_POINT('Ctrl Pts',(16.3777083333333,-2.5,-22.0745833333333));
#10615=CARTESIAN_POINT('Ctrl Pts',(17.0127083333333,-2.5,-22.0745833333333));
#10616=CARTESIAN_POINT('Ctrl Pts',(17.5653935185185,-2.5,-21.9746296296296));
#10617=CARTESIAN_POINT('Ctrl Pts',(18.0357638888889,-2.5,-21.7747222222222));
#10618=CARTESIAN_POINT('Ctrl Pts',(18.5061342592593,-2.5,-21.5748148148148));
#10619=CARTESIAN_POINT('Ctrl Pts',(18.9118287037037,-2.5,-21.2984722222222));
#10620=CARTESIAN_POINT('Ctrl Pts',(19.2528472222222,-2.5,-20.9456944444444));
#10621=CARTESIAN_POINT('',(21.1225694444444,-2.5,-22.8154166666666));
#10622=CARTESIAN_POINT('',(9.20321180555545,-2.5,-10.8960590277779));
#10623=CARTESIAN_POINT('',(16.3953472222222,-2.5,-24.5969444444444));
#10624=CARTESIAN_POINT('Ctrl Pts',(21.1225694444444,-2.5,-22.8154166666666));
#10625=CARTESIAN_POINT('Ctrl Pts',(20.5228472222222,-2.5,-23.3681018518518));
#10626=CARTESIAN_POINT('Ctrl Pts',(19.8378703703703,-2.5,-23.8031944444444));
#10627=CARTESIAN_POINT('Ctrl Pts',(19.0676388888889,-2.5,-24.1206944444444));
#10628=CARTESIAN_POINT('Ctrl Pts',(18.2974074074074,-2.5,-24.4381944444444));
#10629=CARTESIAN_POINT('Ctrl Pts',(17.4066435185185,-2.5,-24.5969444444444));
#10630=CARTESIAN_POINT('Ctrl Pts',(16.3953472222222,-2.5,-24.5969444444444));
#10631=CARTESIAN_POINT('',(21.034375,-2.5,-13.5373611111111));
#10632=CARTESIAN_POINT('Ctrl Pts',(16.3953472222222,-2.5,-24.5969444444444));
#10633=CARTESIAN_POINT('Ctrl Pts',(15.4663657407407,-2.5,-24.5969444444444));
#10634=CARTESIAN_POINT('Ctrl Pts',(14.605,-2.5,-24.4352546296297));
#10635=CARTESIAN_POINT('Ctrl Pts',(13.81125,-2.5,-24.111875));
#10636=CARTESIAN_POINT('Ctrl Pts',(13.0175,-2.5,-23.7884953703703));
#10637=CARTESIAN_POINT('Ctrl Pts',(12.3237037037037,-2.5,-23.3328240740741));
#10638=CARTESIAN_POINT('Ctrl Pts',(11.7298611111111,-2.5,-22.7448611111111));
#10639=CARTESIAN_POINT('Ctrl Pts',(11.1360185185185,-2.5,-22.1568981481481));
#10640=CARTESIAN_POINT('Ctrl Pts',(10.6744675925926,-2.5,-21.4719212962963));
#10641=CARTESIAN_POINT('Ctrl Pts',(10.3452083333333,-2.5,-20.6899305555555));
#10642=CARTESIAN_POINT('Ctrl Pts',(10.0159490740741,-2.5,-19.9079398148148));
#10643=CARTESIAN_POINT('Ctrl Pts',(9.85131944444444,-2.5,-19.064212962963));
#10644=CARTESIAN_POINT('Ctrl Pts',(9.85131944444444,-2.5,-18.15875));
#10645=CARTESIAN_POINT('Ctrl Pts',(9.85131944444444,-2.5,-17.253287037037));
#10646=CARTESIAN_POINT('Ctrl Pts',(10.0159490740741,-2.5,-16.4095601851852));
#10647=CARTESIAN_POINT('Ctrl Pts',(10.3452083333333,-2.5,-15.6275694444444));
#10648=CARTESIAN_POINT('Ctrl Pts',(10.6744675925926,-2.5,-14.8455787037037));
#10649=CARTESIAN_POINT('Ctrl Pts',(11.1330787037037,-2.5,-14.1664814814815));
#10650=CARTESIAN_POINT('Ctrl Pts',(11.7210416666667,-2.5,-13.5902777777778));
#10651=CARTESIAN_POINT('Ctrl Pts',(12.3090046296296,-2.5,-13.014074074074));
#10652=CARTESIAN_POINT('Ctrl Pts',(12.9998611111111,-2.5,-12.5642824074074));
#10653=CARTESIAN_POINT('Ctrl Pts',(13.7936111111111,-2.5,-12.2409027777778));
#10654=CARTESIAN_POINT('Ctrl Pts',(14.5873611111111,-2.5,-11.9175231481481));
#10655=CARTESIAN_POINT('Ctrl Pts',(15.4487268518519,-2.5,-11.7558333333333));
#10656=CARTESIAN_POINT('Ctrl Pts',(16.3777083333333,-2.5,-11.7558333333333));
#10657=CARTESIAN_POINT('Ctrl Pts',(17.3654861111111,-2.5,-11.7558333333333));
#10658=CARTESIAN_POINT('Ctrl Pts',(18.2444907407407,-2.5,-11.9145833333333));
#10659=CARTESIAN_POINT('Ctrl Pts',(19.0147222222222,-2.5,-12.2320833333333));
#10660=CARTESIAN_POINT('Ctrl Pts',(19.7849537037037,-2.5,-12.5495833333333));
#10661=CARTESIAN_POINT('Ctrl Pts',(20.4581712962963,-2.5,-12.9846759259259));
#10662=CARTESIAN_POINT('Ctrl Pts',(21.034375,-2.5,-13.5373611111111));
#10663=CARTESIAN_POINT('',(19.2098128687316,-2.5,-15.379300024582));
#10664=CARTESIAN_POINT('',(-44.5029166666667,-2.5,-33.8220833333333));
#10665=CARTESIAN_POINT('',(-39.5111111111111,-2.5,-33.8220833333333));
#10666=CARTESIAN_POINT('',(-22.2514583333333,-2.5,-33.8220833333333));
#10667=CARTESIAN_POINT('',(-39.4758333333334,-2.5,-46.2751388888889));
#10668=CARTESIAN_POINT('Ctrl Pts',(-39.5111111111111,-2.5,-33.8220833333333));
#10669=CARTESIAN_POINT('Ctrl Pts',(-38.5703703703704,-2.5,-33.8220833333333));
#10670=CARTESIAN_POINT('Ctrl Pts',(-37.703125,-2.5,-33.9720138888889));
#10671=CARTESIAN_POINT('Ctrl Pts',(-36.909375,-2.5,-34.271875));
#10672=CARTESIAN_POINT('Ctrl Pts',(-36.115625,-2.5,-34.5717361111111));
#10673=CARTESIAN_POINT('Ctrl Pts',(-35.4218287037038,-2.5,-35.0009490740741));
#10674=CARTESIAN_POINT('Ctrl Pts',(-34.8279861111111,-2.5,-35.5595138888889));
#10675=CARTESIAN_POINT('Ctrl Pts',(-34.2341435185185,-2.5,-36.1180787037037));
#10676=CARTESIAN_POINT('Ctrl Pts',(-33.7755324074074,-2.5,-36.7765972222222));
#10677=CARTESIAN_POINT('Ctrl Pts',(-33.4521527777778,-2.5,-37.5350694444444));
#10678=CARTESIAN_POINT('Ctrl Pts',(-33.1287731481482,-2.5,-38.2935416666667));
#10679=CARTESIAN_POINT('Ctrl Pts',(-32.9670833333334,-2.5,-39.1313888888889));
#10680=CARTESIAN_POINT('Ctrl Pts',(-32.9670833333334,-2.5,-40.0486111111111));
#10681=CARTESIAN_POINT('Ctrl Pts',(-32.9670833333334,-2.5,-40.9540740740741));
#10682=CARTESIAN_POINT('Ctrl Pts',(-33.1287731481482,-2.5,-41.7889814814815));
#10683=CARTESIAN_POINT('Ctrl Pts',(-33.4521527777778,-2.5,-42.5533333333333));
#10684=CARTESIAN_POINT('Ctrl Pts',(-33.7755324074074,-2.5,-43.3176851851851));
#10685=CARTESIAN_POINT('Ctrl Pts',(-34.2312037037037,-2.5,-43.9762037037037));
#10686=CARTESIAN_POINT('Ctrl Pts',(-34.8191666666667,-2.5,-44.5288888888889));
#10687=CARTESIAN_POINT('Ctrl Pts',(-35.4071296296297,-2.5,-45.0815740740741));
#10688=CARTESIAN_POINT('Ctrl Pts',(-36.0979861111111,-2.5,-45.510787037037));
#10689=CARTESIAN_POINT('Ctrl Pts',(-36.8917361111111,-2.5,-45.8165277777778));
#10690=CARTESIAN_POINT('Ctrl Pts',(-37.6854861111111,-2.5,-46.1222685185185));
#10691=CARTESIAN_POINT('Ctrl Pts',(-38.5468518518519,-2.5,-46.2751388888889));
#10692=CARTESIAN_POINT('Ctrl Pts',(-39.4758333333334,-2.5,-46.2751388888889));
#10693=CARTESIAN_POINT('',(-44.5029166666667,-2.5,-46.2751388888889));
#10694=CARTESIAN_POINT('',(-19.7379166666667,-2.5,-46.2751388888889));
#10695=CARTESIAN_POINT('',(-44.5029166666667,-2.5,-23.1375694444444));
#10696=CARTESIAN_POINT('',(9.31333333333331,-2.5,-41.0902782883987));
#10697=CARTESIAN_POINT('',(4.85069444444445,-2.5,-33.8220833333333));
#10698=CARTESIAN_POINT('',(-1.1225716560133,-2.5,-24.0935653829554));
#10699=CARTESIAN_POINT('',(8.0609722222222,-2.5,-33.8220833333333));
#10700=CARTESIAN_POINT('',(2.42534722222222,-2.5,-33.8220833333333));
#10701=CARTESIAN_POINT('',(10.715625,-2.5,-38.3692876129718));
#10702=CARTESIAN_POINT('',(-0.326665610724806,-2.5,-19.4547419735485));
#10703=CARTESIAN_POINT('',(13.3702777777778,-2.5,-33.8220833333333));
#10704=CARTESIAN_POINT('',(17.7068019971567,-2.5,-26.3939700771724));
#10705=CARTESIAN_POINT('',(16.51,-2.5,-33.8220833333333));
#10706=CARTESIAN_POINT('',(6.68513888888889,-2.5,-33.8220833333333));
#10707=CARTESIAN_POINT('',(12.0826388888889,-2.5,-40.9801890713706));
#10708=CARTESIAN_POINT('',(21.7912814137412,-2.5,-25.2833692227955));
#10709=CARTESIAN_POINT('',(12.0826388888889,-2.5,-46.2751388888889));
#10710=CARTESIAN_POINT('',(12.0826388888889,-2.5,-20.4900945356853));
#10711=CARTESIAN_POINT('',(9.31333333333331,-2.5,-46.2751388888889));
#10712=CARTESIAN_POINT('',(6.04131944444445,-2.5,-46.2751388888889));
#10713=CARTESIAN_POINT('',(9.31333333333331,-2.5,-23.1375694444444));
#10714=CARTESIAN_POINT('',(51.7524999999999,-2.5,-37.2793055555555));
#10715=CARTESIAN_POINT('',(51.8230555555555,-2.5,-42.8179166666667));
#10716=CARTESIAN_POINT('Ctrl Pts',(51.7524999999999,-2.5,-37.2793055555555));
#10717=CARTESIAN_POINT('Ctrl Pts',(51.4232407407407,-2.5,-36.9265277777777));
#10718=CARTESIAN_POINT('Ctrl Pts',(51.0263657407407,-2.5,-36.6501851851851));
#10719=CARTESIAN_POINT('Ctrl Pts',(50.561875,-2.5,-36.4502777777778));
#10720=CARTESIAN_POINT('Ctrl Pts',(50.0973842592592,-2.5,-36.2503703703704));
#10721=CARTESIAN_POINT('Ctrl Pts',(49.5593981481481,-2.5,-36.1504166666667));
#10722=CARTESIAN_POINT('Ctrl Pts',(48.9479166666667,-2.5,-36.1504166666667));
#10723=CARTESIAN_POINT('Ctrl Pts',(48.4069907407407,-2.5,-36.1504166666667));
#10724=CARTESIAN_POINT('Ctrl Pts',(47.910162037037,-2.5,-36.2415509259259));
#10725=CARTESIAN_POINT('Ctrl Pts',(47.4574305555555,-2.5,-36.4238194444444));
#10726=CARTESIAN_POINT('Ctrl Pts',(47.0046990740741,-2.5,-36.6060879629629));
#10727=CARTESIAN_POINT('Ctrl Pts',(46.6166435185185,-2.5,-36.8677314814815));
#10728=CARTESIAN_POINT('Ctrl Pts',(46.2932638888889,-2.5,-37.20875));
#10729=CARTESIAN_POINT('Ctrl Pts',(45.9698842592593,-2.5,-37.5497685185185));
#10730=CARTESIAN_POINT('Ctrl Pts',(45.7170601851852,-2.5,-37.9613425925926));
#10731=CARTESIAN_POINT('Ctrl Pts',(45.5347916666666,-2.5,-38.4434722222222));
#10732=CARTESIAN_POINT('Ctrl Pts',(45.3525231481481,-2.5,-38.9256018518518));
#10733=CARTESIAN_POINT('Ctrl Pts',(45.2613888888888,-2.5,-39.4547685185185));
#10734=CARTESIAN_POINT('Ctrl Pts',(45.2613888888888,-2.5,-40.0309722222222));
#10735=CARTESIAN_POINT('Ctrl Pts',(45.2613888888888,-2.5,-40.6189351851851));
#10736=CARTESIAN_POINT('Ctrl Pts',(45.3525231481481,-2.5,-41.1539814814815));
#10737=CARTESIAN_POINT('Ctrl Pts',(45.5347916666667,-2.5,-41.6361111111111));
#10738=CARTESIAN_POINT('Ctrl Pts',(45.7170601851852,-2.5,-42.1182407407407));
#10739=CARTESIAN_POINT('Ctrl Pts',(45.9698842592593,-2.5,-42.5298148148148));
#10740=CARTESIAN_POINT('Ctrl Pts',(46.2932638888889,-2.5,-42.8708333333333));
#10741=CARTESIAN_POINT('Ctrl Pts',(46.6166435185185,-2.5,-43.2118518518518));
#10742=CARTESIAN_POINT('Ctrl Pts',(47.0046990740741,-2.5,-43.4764351851852));
#10743=CARTESIAN_POINT('Ctrl Pts',(47.4574305555555,-2.5,-43.6645833333333));
#10744=CARTESIAN_POINT('Ctrl Pts',(47.910162037037,-2.5,-43.8527314814815));
#10745=CARTESIAN_POINT('Ctrl Pts',(48.4069907407407,-2.5,-43.9468055555555));
#10746=CARTESIAN_POINT('Ctrl Pts',(48.9479166666667,-2.5,-43.9468055555555));
#10747=CARTESIAN_POINT('Ctrl Pts',(49.5829166666667,-2.5,-43.9468055555556));
#10748=CARTESIAN_POINT('Ctrl Pts',(50.1356018518518,-2.5,-43.8468518518518));
#10749=CARTESIAN_POINT('Ctrl Pts',(50.6059722222222,-2.5,-43.6469444444444));
#10750=CARTESIAN_POINT('Ctrl Pts',(51.0763425925926,-2.5,-43.447037037037));
#10751=CARTESIAN_POINT('Ctrl Pts',(51.482037037037,-2.5,-43.1706944444444));
#10752=CARTESIAN_POINT('Ctrl Pts',(51.8230555555555,-2.5,-42.8179166666667));
#10753=CARTESIAN_POINT('',(53.6927777777778,-2.5,-44.6876388888889));
#10754=CARTESIAN_POINT('',(28.1628124999997,-2.5,-19.1576736111113));
#10755=CARTESIAN_POINT('',(48.9655555555555,-2.5,-46.4691666666667));
#10756=CARTESIAN_POINT('Ctrl Pts',(53.6927777777778,-2.5,-44.6876388888889));
#10757=CARTESIAN_POINT('Ctrl Pts',(53.0930555555555,-2.5,-45.2403240740741));
#10758=CARTESIAN_POINT('Ctrl Pts',(52.4080787037037,-2.5,-45.6754166666667));
#10759=CARTESIAN_POINT('Ctrl Pts',(51.6378472222222,-2.5,-45.9929166666667));
#10760=CARTESIAN_POINT('Ctrl Pts',(50.8676157407407,-2.5,-46.3104166666667));
#10761=CARTESIAN_POINT('Ctrl Pts',(49.9768518518518,-2.5,-46.4691666666667));
#10762=CARTESIAN_POINT('Ctrl Pts',(48.9655555555555,-2.5,-46.4691666666667));
#10763=CARTESIAN_POINT('',(53.6045833333333,-2.5,-35.4095833333333));
#10764=CARTESIAN_POINT('Ctrl Pts',(48.9655555555555,-2.5,-46.4691666666667));
#10765=CARTESIAN_POINT('Ctrl Pts',(48.036574074074,-2.5,-46.4691666666667));
#10766=CARTESIAN_POINT('Ctrl Pts',(47.1752083333333,-2.5,-46.3074768518518));
#10767=CARTESIAN_POINT('Ctrl Pts',(46.3814583333333,-2.5,-45.9840972222222));
#10768=CARTESIAN_POINT('Ctrl Pts',(45.5877083333333,-2.5,-45.6607175925926));
#10769=CARTESIAN_POINT('Ctrl Pts',(44.893912037037,-2.5,-45.2050462962963));
#10770=CARTESIAN_POINT('Ctrl Pts',(44.3000694444444,-2.5,-44.6170833333333));
#10771=CARTESIAN_POINT('Ctrl Pts',(43.7062268518518,-2.5,-44.0291203703704));
#10772=CARTESIAN_POINT('Ctrl Pts',(43.2446759259259,-2.5,-43.3441435185185));
#10773=CARTESIAN_POINT('Ctrl Pts',(42.9154166666667,-2.5,-42.5621527777778));
#10774=CARTESIAN_POINT('Ctrl Pts',(42.5861574074074,-2.5,-41.780162037037));
#10775=CARTESIAN_POINT('Ctrl Pts',(42.4215277777778,-2.5,-40.9364351851852));
#10776=CARTESIAN_POINT('Ctrl Pts',(42.4215277777778,-2.5,-40.0309722222222));
#10777=CARTESIAN_POINT('Ctrl Pts',(42.4215277777778,-2.5,-39.1255092592592));
#10778=CARTESIAN_POINT('Ctrl Pts',(42.5861574074074,-2.5,-38.2817824074074));
#10779=CARTESIAN_POINT('Ctrl Pts',(42.9154166666666,-2.5,-37.4997916666667));
#10780=CARTESIAN_POINT('Ctrl Pts',(43.2446759259259,-2.5,-36.7178009259259));
#10781=CARTESIAN_POINT('Ctrl Pts',(43.703287037037,-2.5,-36.0387037037037));
#10782=CARTESIAN_POINT('Ctrl Pts',(44.29125,-2.5,-35.4625));
#10783=CARTESIAN_POINT('Ctrl Pts',(44.8792129629629,-2.5,-34.8862962962963));
#10784=CARTESIAN_POINT('Ctrl Pts',(45.5700694444444,-2.5,-34.4365046296296));
#10785=CARTESIAN_POINT('Ctrl Pts',(46.3638194444444,-2.5,-34.113125));
#10786=CARTESIAN_POINT('Ctrl Pts',(47.1575694444444,-2.5,-33.7897453703704));
#10787=CARTESIAN_POINT('Ctrl Pts',(48.0189351851852,-2.5,-33.6280555555555));
#10788=CARTESIAN_POINT('Ctrl Pts',(48.9479166666667,-2.5,-33.6280555555555));
#10789=CARTESIAN_POINT('Ctrl Pts',(49.9356944444445,-2.5,-33.6280555555555));
#10790=CARTESIAN_POINT('Ctrl Pts',(50.814699074074,-2.5,-33.7868055555555));
#10791=CARTESIAN_POINT('Ctrl Pts',(51.5849305555555,-2.5,-34.1043055555555));
#10792=CARTESIAN_POINT('Ctrl Pts',(52.355162037037,-2.5,-34.4218055555556));
#10793=CARTESIAN_POINT('Ctrl Pts',(53.0283796296296,-2.5,-34.8568981481481));
#10794=CARTESIAN_POINT('Ctrl Pts',(53.6045833333333,-2.5,-35.4095833333333));
#10795=CARTESIAN_POINT('',(49.1824578953474,-2.5,-39.873824251681));
#10796=CARTESIAN_POINT('',(-25.2438667026319,-2.5,46.9195156699427));
#10797=CARTESIAN_POINT('',(-26.7546524705108,-2.5,44.4607118327198));
#10798=CARTESIAN_POINT('Ctrl Pts',(-25.2438667026319,-2.5,46.915738705523));
#10799=CARTESIAN_POINT('Ctrl Pts',(-24.307179526547,-2.5,46.915738705523));
#10800=CARTESIAN_POINT('Ctrl Pts',(-23.5442327137681,-2.5,46.1527918927442));
#10801=CARTESIAN_POINT('Ctrl Pts',(-23.5442327137681,-2.5,45.2161047166592));
#10802=CARTESIAN_POINT('Ctrl Pts',(-23.5442327137681,-2.5,44.2794175405743));
#10803=CARTESIAN_POINT('Ctrl Pts',(-24.307179526547,-2.5,43.5164707277955));
#10804=CARTESIAN_POINT('Ctrl Pts',(-25.2438667026319,-2.5,43.5164707277955));
#10805=CARTESIAN_POINT('Ctrl Pts',(-25.9086124404986,-2.5,43.5164707277955));
#10806=CARTESIAN_POINT('Ctrl Pts',(-26.4751571034532,-2.5,43.9017210986046));
#10807=CARTESIAN_POINT('Ctrl Pts',(-26.7546524705108,-2.5,44.4607118327198));
#10808=CARTESIAN_POINT('',(-34.2783655945477,-2.5,44.4607118327198));
#10809=CARTESIAN_POINT('',(-13.3773262352554,-2.5,44.4607118327198));
#10810=CARTESIAN_POINT('',(-36.5747599617237,-2.5,42.1718713943832));
#10811=CARTESIAN_POINT('',(-36.7956560099359,-2.5,41.9517019779085));
#10812=CARTESIAN_POINT('',(-36.5747599617237,-2.5,40.9783506377589));
#10813=CARTESIAN_POINT('',(-36.5747599617237,-2.5,21.0859356971916));
#10814=CARTESIAN_POINT('',(-38.0855457296025,-2.5,40.9783506377589));
#10815=CARTESIAN_POINT('Ctrl Pts',(-36.5747599617237,-2.5,40.9783506377589));
#10816=CARTESIAN_POINT('Ctrl Pts',(-36.0157692276085,-2.5,40.6988552707013));
#10817=CARTESIAN_POINT('Ctrl Pts',(-35.6305188567994,-2.5,40.1323106077467));
#10818=CARTESIAN_POINT('Ctrl Pts',(-35.6305188567994,-2.5,39.46756486988));
#10819=CARTESIAN_POINT('Ctrl Pts',(-35.6305188567993,-2.5,38.5308776937951));
#10820=CARTESIAN_POINT('Ctrl Pts',(-36.3934656695782,-2.5,37.7679308810163));
#10821=CARTESIAN_POINT('Ctrl Pts',(-37.3301528456631,-2.5,37.7679308810163));
#10822=CARTESIAN_POINT('Ctrl Pts',(-38.266840021748,-2.5,37.7679308810163));
#10823=CARTESIAN_POINT('Ctrl Pts',(-39.0297868345269,-2.5,38.5308776937951));
#10824=CARTESIAN_POINT('Ctrl Pts',(-39.0297868345269,-2.5,39.46756486988));
#10825=CARTESIAN_POINT('Ctrl Pts',(-39.0297868345269,-2.5,40.1323106077467));
#10826=CARTESIAN_POINT('Ctrl Pts',(-38.6445364637177,-2.5,40.6988552707013));
#10827=CARTESIAN_POINT('Ctrl Pts',(-38.0855457296025,-2.5,40.9783506377589));
#10828=CARTESIAN_POINT('',(-38.0855457296025,-2.5,42.798847488053));
#10829=CARTESIAN_POINT('',(-38.0855457296025,-2.5,20.4891753188795));
#10830=CARTESIAN_POINT('',(-34.9053416882175,-2.5,45.9790515294381));
#10831=CARTESIAN_POINT('',(-39.2638711692152,-2.5,41.6205220484404));
#10832=CARTESIAN_POINT('',(-26.7546524705108,-2.5,45.9790515294381));
#10833=CARTESIAN_POINT('',(-17.4526708441087,-2.5,45.9790515294381));
#10834=CARTESIAN_POINT('Ctrl Pts',(-26.7546524705108,-2.5,45.9790515294381));
#10835=CARTESIAN_POINT('Ctrl Pts',(-26.4751571034532,-2.5,46.5380422635533));
#10836=CARTESIAN_POINT('Ctrl Pts',(-25.9086124404986,-2.5,46.9232926343624));
#10837=CARTESIAN_POINT('Ctrl Pts',(-25.2438667026319,-2.5,46.9232926343624));
#10838=CARTESIAN_POINT('',(16.178753934952,-2.5,44.1146246126166));
#10839=CARTESIAN_POINT('',(16.1959166342617,-2.5,44.0688574144573));
#10840=CARTESIAN_POINT('Ctrl Pts',(16.178753934952,-2.5,44.1146246126166));
#10841=CARTESIAN_POINT('Ctrl Pts',(16.1844748347219,-2.5,44.1031828130768));
#10842=CARTESIAN_POINT('Ctrl Pts',(16.1901957344918,-2.5,44.086020113767));
#10843=CARTESIAN_POINT('Ctrl Pts',(16.1959166342616,-2.5,44.0688574144573));
#10844=CARTESIAN_POINT('',(16.2130793335714,-2.5,44.1089037128466));
#10845=CARTESIAN_POINT('Ctrl Pts',(16.1959166342617,-2.5,44.0688574144573));
#10846=CARTESIAN_POINT('Ctrl Pts',(16.2016375340316,-2.5,44.0802992139971));
#10847=CARTESIAN_POINT('Ctrl Pts',(16.2073584338015,-2.5,44.0974619133068));
#10848=CARTESIAN_POINT('Ctrl Pts',(16.2130793335714,-2.5,44.1089037128467));
#10849=CARTESIAN_POINT('',(20.9557052428241,-2.5,45.2788277157926));
#10850=CARTESIAN_POINT('Ctrl Pts',(16.2130793335714,-2.5,44.1089037128466));
#10851=CARTESIAN_POINT('Ctrl Pts',(16.544891520226,-2.5,44.6009010930587));
#10852=CARTESIAN_POINT('Ctrl Pts',(16.9682381031991,-2.5,44.9899222774123));
#10853=CARTESIAN_POINT('Ctrl Pts',(17.4945608820305,-2.5,45.2702463661377));
#10854=CARTESIAN_POINT('Ctrl Pts',(18.0208836608619,-2.5,45.5505704548631));
#10855=CARTESIAN_POINT('Ctrl Pts',(18.570090038773,-2.5,45.6935929491108));
#10856=CARTESIAN_POINT('Ctrl Pts',(19.2165517127724,-2.5,45.6935929491108));
#10857=CARTESIAN_POINT('Ctrl Pts',(19.8630133867719,-2.5,45.6935929491108));
#10858=CARTESIAN_POINT('Ctrl Pts',(20.4465451633024,-2.5,45.556291354633));
#10859=CARTESIAN_POINT('Ctrl Pts',(20.9557052428241,-2.5,45.2816881656775));
#10860=CARTESIAN_POINT('',(22.6376497751766,-2.5,42.3182620848659));
#10861=CARTESIAN_POINT('Ctrl Pts',(20.9557052428241,-2.5,45.2759672659076));
#10862=CARTESIAN_POINT('Ctrl Pts',(21.4648653223458,-2.5,45.0013640769521));
#10863=CARTESIAN_POINT('Ctrl Pts',(21.876770105779,-2.5,44.6123428925984));
#10864=CARTESIAN_POINT('Ctrl Pts',(22.1799777935841,-2.5,44.1146246126166));
#10865=CARTESIAN_POINT('Ctrl Pts',(22.4831854813892,-2.5,43.6169063326347));
#10866=CARTESIAN_POINT('Ctrl Pts',(22.6376497751766,-2.5,43.0162118567945));
#10867=CARTESIAN_POINT('Ctrl Pts',(22.6376497751766,-2.5,42.3182620848659));
#10868=CARTESIAN_POINT('',(22.6376497751766,-2.5,36.608804114499));
#10869=CARTESIAN_POINT('',(22.6376497751766,-2.5,21.1591310424329));
#10870=CARTESIAN_POINT('',(20.9328216437445,-2.5,36.608804114499));
#10871=CARTESIAN_POINT('',(11.3188248875883,-2.5,36.608804114499));
#10872=CARTESIAN_POINT('',(20.9328216437445,-2.5,41.9807289984414));
#10873=CARTESIAN_POINT('',(20.9328216437445,-2.5,18.3044020572495));
#10874=CARTESIAN_POINT('',(20.3264062681343,-2.5,43.5425346356259));
#10875=CARTESIAN_POINT('Ctrl Pts',(20.9328216437445,-2.5,41.9807289984414));
#10876=CARTESIAN_POINT('Ctrl Pts',(20.9328216437445,-2.5,42.6443533717505));
#10877=CARTESIAN_POINT('Ctrl Pts',(20.7325901517977,-2.5,43.1649552508121));
#10878=CARTESIAN_POINT('Ctrl Pts',(20.3264062681343,-2.5,43.5425346356259));
#10879=CARTESIAN_POINT('',(17.706234173517,-2.5,43.8514632232008));
#10880=CARTESIAN_POINT('Ctrl Pts',(20.3264062681343,-2.5,43.5425346356259));
#10881=CARTESIAN_POINT('Ctrl Pts',(19.920222384471,-2.5,43.9258349202096));
#10882=CARTESIAN_POINT('Ctrl Pts',(19.4225041044891,-2.5,44.1146246126166));
#10883=CARTESIAN_POINT('Ctrl Pts',(18.8218096286489,-2.5,44.1146246126166));
#10884=CARTESIAN_POINT('Ctrl Pts',(18.4099048452156,-2.5,44.1146246126166));
#10885=CARTESIAN_POINT('Ctrl Pts',(18.0380463601717,-2.5,44.0230902162981));
#10886=CARTESIAN_POINT('Ctrl Pts',(17.706234173517,-2.5,43.8514632232008));
#10887=CARTESIAN_POINT('',(16.6135423174649,-2.5,41.9978916977511));
#10888=CARTESIAN_POINT('Ctrl Pts',(17.706234173517,-2.5,43.8514632232008));
#10889=CARTESIAN_POINT('Ctrl Pts',(17.3744219868625,-2.5,43.6741153303337));
#10890=CARTESIAN_POINT('Ctrl Pts',(17.1112605974468,-2.5,43.4281166402278));
#10891=CARTESIAN_POINT('Ctrl Pts',(16.9110291055,-2.5,43.1191880526528));
#10892=CARTESIAN_POINT('Ctrl Pts',(16.7107976135533,-2.5,42.8102594650778));
#10893=CARTESIAN_POINT('Ctrl Pts',(16.6135423174649,-2.5,42.432680080264));
#10894=CARTESIAN_POINT('Ctrl Pts',(16.6135423174649,-2.5,41.9978916977511));
#10895=CARTESIAN_POINT('',(16.6135423174649,-2.5,36.608804114499));
#10896=CARTESIAN_POINT('',(16.6135423174649,-2.5,20.9989458488756));
#10897=CARTESIAN_POINT('',(14.9315977851123,-2.5,36.608804114499));
#10898=CARTESIAN_POINT('',(8.30677115873245,-2.5,36.608804114499));
#10899=CARTESIAN_POINT('',(14.9315977851123,-2.5,41.9807289984414));
#10900=CARTESIAN_POINT('',(14.9315977851123,-2.5,18.3044020572495));
#10901=CARTESIAN_POINT('',(14.3251824095022,-2.5,43.5425346356259));
#10902=CARTESIAN_POINT('Ctrl Pts',(14.9315977851123,-2.5,41.9807289984414));
#10903=CARTESIAN_POINT('Ctrl Pts',(14.9315977851123,-2.5,42.6443533717505));
#10904=CARTESIAN_POINT('Ctrl Pts',(14.7313662931656,-2.5,43.1649552508121));
#10905=CARTESIAN_POINT('Ctrl Pts',(14.3251824095022,-2.5,43.5425346356259));
#10906=CARTESIAN_POINT('',(11.6935685153451,-2.5,43.8514632232008));
#10907=CARTESIAN_POINT('Ctrl Pts',(14.3251824095022,-2.5,43.5425346356259));
#10908=CARTESIAN_POINT('Ctrl Pts',(13.9189985258388,-2.5,43.9258349202096));
#10909=CARTESIAN_POINT('Ctrl Pts',(13.4098384463171,-2.5,44.1146246126166));
#10910=CARTESIAN_POINT('Ctrl Pts',(12.7977021709371,-2.5,44.1146246126166));
#10911=CARTESIAN_POINT('Ctrl Pts',(12.3857973875038,-2.5,44.1146246126166));
#10912=CARTESIAN_POINT('Ctrl Pts',(12.0196598022298,-2.5,44.0230902162981));
#10913=CARTESIAN_POINT('Ctrl Pts',(11.6935685153451,-2.5,43.8514632232008));
#10914=CARTESIAN_POINT('',(10.9098051269833,-2.5,43.1191881173607));
#10915=CARTESIAN_POINT('Ctrl Pts',(11.6935685153451,-2.5,43.8514632232008));
#10916=CARTESIAN_POINT('Ctrl Pts',(11.3731981282303,-2.5,43.6741153303337));
#10917=CARTESIAN_POINT('Ctrl Pts',(11.1100367388146,-2.5,43.4338375399977));
#10918=CARTESIAN_POINT('Ctrl Pts',(10.9098052468679,-2.5,43.1191880526528));
#10919=CARTESIAN_POINT('',(10.6123184596143,-2.5,41.9978916971844));
#10920=CARTESIAN_POINT('Origin',(16.0087369914993,-2.5,39.450210988836));
#10921=CARTESIAN_POINT('',(10.6123184588327,-2.5,36.608804114499));
#10922=CARTESIAN_POINT('',(10.6123184588327,-2.5,20.9989458485922));
#10923=CARTESIAN_POINT('',(8.93037392648019,-2.5,36.608804114499));
#10924=CARTESIAN_POINT('',(5.30615922941637,-2.5,36.608804114499));
#10925=CARTESIAN_POINT('',(8.93037392648019,-2.5,45.499082356934));
#10926=CARTESIAN_POINT('',(8.93037392648019,-2.5,18.3044020572495));
#10927=CARTESIAN_POINT('',(10.6123184588327,-2.5,45.499082356934));
#10928=CARTESIAN_POINT('',(4.46518696324009,-2.5,45.499082356934));
#10929=CARTESIAN_POINT('',(10.612332470503,-2.5,44.4178730608438));
#10930=CARTESIAN_POINT('',(10.6123184588327,-2.5,22.749541178467));
#10931=CARTESIAN_POINT('',(11.5677087204071,-2.5,45.2645254663678));
#10932=CARTESIAN_POINT('Ctrl Pts',(10.6123435198246,-2.5,44.4178644435914));
#10933=CARTESIAN_POINT('Ctrl Pts',(10.8754990979894,-2.5,44.755384273213));
#10934=CARTESIAN_POINT('Ctrl Pts',(11.1786998848884,-2.5,45.0528588941002));
#10935=CARTESIAN_POINT('Ctrl Pts',(11.5677087204072,-2.5,45.2645254663678));
#10936=CARTESIAN_POINT('Ctrl Pts',(11.5677087204071,-2.5,45.2645254663678));
#10937=CARTESIAN_POINT('Ctrl Pts',(12.0768687999289,-2.5,45.5448495550933));
#10938=CARTESIAN_POINT('Ctrl Pts',(12.6661214762293,-2.5,45.6878720493409));
#10939=CARTESIAN_POINT('Ctrl Pts',(13.2896995511491,-2.5,45.6878720493409));
#10940=CARTESIAN_POINT('Ctrl Pts',(13.9132776260689,-2.5,45.6878720493409));
#10941=CARTESIAN_POINT('Ctrl Pts',(14.4796467032897,-2.5,45.5505704548632));
#10942=CARTESIAN_POINT('Ctrl Pts',(14.9830858830414,-2.5,45.2759672659076));
#10943=CARTESIAN_POINT('Ctrl Pts',(15.4865250627932,-2.5,45.0013640769521));
#10944=CARTESIAN_POINT('Ctrl Pts',(15.8869880466867,-2.5,44.6123428925984));
#10945=CARTESIAN_POINT('Ctrl Pts',(16.178753934952,-2.5,44.1146246126166));
#10946=CARTESIAN_POINT('',(31.6594772362109,-2.5,37.8615853101046));
#10947=CARTESIAN_POINT('',(30.526770557878,-2.5,36.8605237043749));
#10948=CARTESIAN_POINT('Ctrl Pts',(31.6594457601024,-2.5,37.8615956463302));
#10949=CARTESIAN_POINT('Ctrl Pts',(31.3562503462621,-2.5,37.4497288707162));
#10950=CARTESIAN_POINT('Ctrl Pts',(30.9901313697036,-2.5,37.106505369912));
#10951=CARTESIAN_POINT('Ctrl Pts',(30.526770557878,-2.5,36.8605237043749));
#10952=CARTESIAN_POINT('',(26.4935362200938,-2.5,37.0435924970119));
#10953=CARTESIAN_POINT('Ctrl Pts',(30.526770557878,-2.5,36.8605237043749));
#10954=CARTESIAN_POINT('Ctrl Pts',(29.9947268792766,-2.5,36.5801996156494));
#10955=CARTESIAN_POINT('Ctrl Pts',(29.3883115036666,-2.5,36.4371771214018));
#10956=CARTESIAN_POINT('Ctrl Pts',(28.7018035312778,-2.5,36.4371771214018));
#10957=CARTESIAN_POINT('Ctrl Pts',(27.889435763951,-2.5,36.4371771214018));
#10958=CARTESIAN_POINT('Ctrl Pts',(27.151439693633,-2.5,36.6374086133485));
#10959=CARTESIAN_POINT('Ctrl Pts',(26.4935362200938,-2.5,37.0435924970119));
#10960=CARTESIAN_POINT('',(24.9317305829092,-2.5,38.7026534302848));
#10961=CARTESIAN_POINT('Origin',(86.8062470491764,-2.5,101.688787529614));
#10962=CARTESIAN_POINT('',(24.9317305829092,-2.5,43.416674840688));
#10963=CARTESIAN_POINT('Ctrl Pts',(24.9317305829092,-2.5,38.7026534302848));
#10964=CARTESIAN_POINT('Ctrl Pts',(24.5484302983255,-2.5,39.4006032022134));
#10965=CARTESIAN_POINT('Ctrl Pts',(24.3596406059186,-2.5,40.1900873704606));
#10966=CARTESIAN_POINT('Ctrl Pts',(24.3596406059186,-2.5,41.0596641354864));
#10967=CARTESIAN_POINT('Ctrl Pts',(24.3596406059186,-2.5,41.9292409005122));
#10968=CARTESIAN_POINT('Ctrl Pts',(24.5484302983255,-2.5,42.7187250687593));
#10969=CARTESIAN_POINT('Ctrl Pts',(24.9317305829092,-2.5,43.4166748406879));
#10970=CARTESIAN_POINT('',(30.5096078585682,-2.5,45.2759672659076));
#10971=CARTESIAN_POINT('Ctrl Pts',(24.9317305829092,-2.5,43.416674840688));
#10972=CARTESIAN_POINT('Ctrl Pts',(25.3093099677231,-2.5,44.1146246126166));
#10973=CARTESIAN_POINT('Ctrl Pts',(25.8241909470146,-2.5,44.6695518902975));
#10974=CARTESIAN_POINT('Ctrl Pts',(26.4820944205539,-2.5,45.0814566737308));
#10975=CARTESIAN_POINT('Ctrl Pts',(27.1399978940932,-2.5,45.4933614571641));
#10976=CARTESIAN_POINT('Ctrl Pts',(27.8779939644112,-2.5,45.6993138488807));
#10977=CARTESIAN_POINT('Ctrl Pts',(28.7018035312777,-2.5,45.6993138488807));
#10978=CARTESIAN_POINT('Ctrl Pts',(29.3768697041267,-2.5,45.6993138488807));
#10979=CARTESIAN_POINT('Ctrl Pts',(29.9775641799669,-2.5,45.556291354633));
#10980=CARTESIAN_POINT('Ctrl Pts',(30.5096078585683,-2.5,45.2759672659076));
#10981=CARTESIAN_POINT('',(31.6594742383174,-2.5,44.2691923310768));
#10982=CARTESIAN_POINT('Ctrl Pts',(30.5096078585682,-2.5,45.2759672659076));
#10983=CARTESIAN_POINT('Ctrl Pts',(30.9786867406224,-2.5,45.0299868765378));
#10984=CARTESIAN_POINT('Ctrl Pts',(31.3505247963993,-2.5,44.6810456122862));
#10985=CARTESIAN_POINT('Ctrl Pts',(31.6594397643152,-2.5,44.2691808346385));
#10986=CARTESIAN_POINT('',(31.6595087123195,-2.5,45.5048032567039));
#10987=CARTESIAN_POINT('',(31.6595087123195,-2.5,22.1346019137575));
#10988=CARTESIAN_POINT('',(33.3643368437517,-2.5,45.5048032567039));
#10989=CARTESIAN_POINT('',(15.8297543561598,-2.5,45.5048032567039));
#10990=CARTESIAN_POINT('',(33.3643368437517,-2.5,36.6259668138087));
#10991=CARTESIAN_POINT('',(33.3643368437517,-2.5,22.752401628352));
#10992=CARTESIAN_POINT('',(31.6595087123195,-2.5,36.6259668138087));
#10993=CARTESIAN_POINT('',(16.6821684218759,-2.5,36.6259668138087));
#10994=CARTESIAN_POINT('',(31.6595087123195,-2.5,18.3129834069044));
#10995=CARTESIAN_POINT('',(-31.3021176318263,-2.5,37.9945487461981));
#10996=CARTESIAN_POINT('',(-31.3096715606657,-2.5,39.5128884429164));
#10997=CARTESIAN_POINT('Ctrl Pts',(-31.3021176318263,-2.5,37.9945487461981));
#10998=CARTESIAN_POINT('Ctrl Pts',(-31.5816129988839,-2.5,37.4355580120829));
#10999=CARTESIAN_POINT('Ctrl Pts',(-32.1557115906779,-2.5,37.0503076412738));
#11000=CARTESIAN_POINT('Ctrl Pts',(-32.8204573285446,-2.5,37.0503076412738));
#11001=CARTESIAN_POINT('Ctrl Pts',(-33.7571445046295,-2.5,37.0503076412738));
#11002=CARTESIAN_POINT('Ctrl Pts',(-34.5200913174083,-2.5,37.8132544540526));
#11003=CARTESIAN_POINT('Ctrl Pts',(-34.5200913174083,-2.5,38.7499416301375));
#11004=CARTESIAN_POINT('Ctrl Pts',(-34.5200913174083,-2.5,39.6866288062225));
#11005=CARTESIAN_POINT('Ctrl Pts',(-33.7571445046295,-2.5,40.4495756190013));
#11006=CARTESIAN_POINT('Ctrl Pts',(-32.8204573285446,-2.5,40.4495756190013));
#11007=CARTESIAN_POINT('Ctrl Pts',(-32.1557115906779,-2.5,40.4495756190013));
#11008=CARTESIAN_POINT('Ctrl Pts',(-31.5891669277233,-2.5,40.0643252481922));
#11009=CARTESIAN_POINT('Ctrl Pts',(-31.3096715606657,-2.5,39.5128884429164));
#11010=CARTESIAN_POINT('',(-26.0974606614835,-2.5,39.5128884429164));
#11011=CARTESIAN_POINT('',(-15.6548357803328,-2.5,39.5128884429164));
#11012=CARTESIAN_POINT('',(-22.9927959084923,-2.5,36.4082236899253));
#11013=CARTESIAN_POINT('',(-9.69487338538352,-2.5,23.1103011668164));
#11014=CARTESIAN_POINT('',(-21.1194215563225,-2.5,38.2815980420951));
#11015=CARTESIAN_POINT('',(-26.3466528538505,-2.5,33.0543667445672));
#11016=CARTESIAN_POINT('',(-21.1194215563225,-2.5,41.7412974505378));
#11017=CARTESIAN_POINT('',(-21.1194215563225,-2.5,19.1407990210476));
#11018=CARTESIAN_POINT('',(-19.6086357884436,-2.5,41.7412974505378));
#11019=CARTESIAN_POINT('Ctrl Pts',(-21.1194215563225,-2.5,41.7412974505378));
#11020=CARTESIAN_POINT('Ctrl Pts',(-21.6784122904377,-2.5,42.0207928175954));
#11021=CARTESIAN_POINT('Ctrl Pts',(-22.0636626612468,-2.5,42.5873374805499));
#11022=CARTESIAN_POINT('Ctrl Pts',(-22.0636626612468,-2.5,43.2520832184167));
#11023=CARTESIAN_POINT('Ctrl Pts',(-22.0636626612468,-2.5,44.1887703945016));
#11024=CARTESIAN_POINT('Ctrl Pts',(-21.300715848468,-2.5,44.9517172072804));
#11025=CARTESIAN_POINT('Ctrl Pts',(-20.364028672383,-2.5,44.9517172072804));
#11026=CARTESIAN_POINT('Ctrl Pts',(-19.4273414962981,-2.5,44.9517172072804));
#11027=CARTESIAN_POINT('Ctrl Pts',(-18.6643946835193,-2.5,44.1887703945016));
#11028=CARTESIAN_POINT('Ctrl Pts',(-18.6643946835193,-2.5,43.2520832184167));
#11029=CARTESIAN_POINT('Ctrl Pts',(-18.6643946835193,-2.5,42.5873374805499));
#11030=CARTESIAN_POINT('Ctrl Pts',(-19.0496450543284,-2.5,42.0207928175954));
#11031=CARTESIAN_POINT('Ctrl Pts',(-19.6086357884436,-2.5,41.7412974505378));
#11032=CARTESIAN_POINT('',(-19.6086357884436,-2.5,37.6546219484254));
#11033=CARTESIAN_POINT('',(-19.6086357884436,-2.5,20.8706487252689));
#11034=CARTESIAN_POINT('',(-22.9927959084923,-2.5,34.2704618283766));
#11035=CARTESIAN_POINT('',(-24.120132328439,-2.5,33.1431254084299));
#11036=CARTESIAN_POINT('',(-26.7168828263138,-2.5,37.9945487461981));
#11037=CARTESIAN_POINT('',(-8.6769814742751,-2.5,19.9546473941594));
#11038=CARTESIAN_POINT('',(-13.3584414131569,-2.5,37.9945487461981));
#11039=CARTESIAN_POINT('',(55.2097222222222,-2.5,-46.2751388888889));
#11040=CARTESIAN_POINT('',(55.2097222222222,-2.5,-33.8220833333333));
#11041=CARTESIAN_POINT('',(55.2097222222222,-2.5,-23.1375694444444));
#11042=CARTESIAN_POINT('',(57.9790277777778,-2.5,-33.8220833333333));
#11043=CARTESIAN_POINT('',(27.6048611111111,-2.5,-33.8220833333333));
#11044=CARTESIAN_POINT('',(57.9790277777778,-2.5,-39.4396555354994));
#11045=CARTESIAN_POINT('',(57.9790277777778,-2.5,-16.9110416666667));
#11046=CARTESIAN_POINT('',(62.5827777777777,-2.5,-33.8220833333333));
#11047=CARTESIAN_POINT('',(55.9994400004626,-2.5,-41.8551814154002));
#11048=CARTESIAN_POINT('',(66.0047222222222,-2.5,-33.8220833333333));
#11049=CARTESIAN_POINT('',(31.2913888888889,-2.5,-33.8220833333333));
#11050=CARTESIAN_POINT('',(60.966366517249,-2.5,-39.7486107170678));
#11051=CARTESIAN_POINT('',(60.5046428154136,-2.5,-40.2917280201882));
#11052=CARTESIAN_POINT('',(66.1811111111111,-2.5,-46.2751388888889));
#11053=CARTESIAN_POINT('',(39.3963609848121,-2.5,-12.752610004111));
#11054=CARTESIAN_POINT('',(62.7415277777778,-2.5,-46.2751388888889));
#11055=CARTESIAN_POINT('',(33.0905555555555,-2.5,-46.2751388888889));
#11056=CARTESIAN_POINT('',(57.9790277777778,-2.5,-40.1471668609168));
#11057=CARTESIAN_POINT('',(39.7179299877749,-2.5,-16.6503697045494));
#11058=CARTESIAN_POINT('',(57.9790277777778,-2.5,-46.2751388888889));
#11059=CARTESIAN_POINT('',(57.9790277777778,-2.5,-20.0735834304584));
#11060=CARTESIAN_POINT('',(28.9895138888889,-2.5,-46.2751388888889));
#11061=CARTESIAN_POINT('',(20.5316666665603,-2.5,-46.4691666666667));
#11062=CARTESIAN_POINT('',(15.875,-2.5,-44.4406944444444));
#11063=CARTESIAN_POINT('Ctrl Pts',(20.5316666666666,-2.5,-46.4691666666667));
#11064=CARTESIAN_POINT('Ctrl Pts',(19.5086111111111,-2.5,-46.4691666666667));
#11065=CARTESIAN_POINT('Ctrl Pts',(18.6296064814815,-2.5,-46.3015972222222));
#11066=CARTESIAN_POINT('Ctrl Pts',(17.8946527777778,-2.5,-45.9664583333333));
#11067=CARTESIAN_POINT('Ctrl Pts',(17.159699074074,-2.5,-45.6313194444444));
#11068=CARTESIAN_POINT('Ctrl Pts',(16.4864814814814,-2.5,-45.1227314814815));
#11069=CARTESIAN_POINT('Ctrl Pts',(15.875,-2.5,-44.4406944444444));
#11070=CARTESIAN_POINT('',(17.6741666666667,-2.5,-42.6591666666667));
#11071=CARTESIAN_POINT('',(22.9767843767692,-2.5,-37.4085354047026));
#11072=CARTESIAN_POINT('',(25.2765277777777,-2.5,-35.3390277777778));
#11073=CARTESIAN_POINT('Ctrl Pts',(17.6741666666667,-2.5,-42.6591666666667));
#11074=CARTESIAN_POINT('Ctrl Pts',(18.0739814814815,-2.5,-43.1177777777778));
#11075=CARTESIAN_POINT('Ctrl Pts',(18.5178935185185,-2.5,-43.4734953703704));
#11076=CARTESIAN_POINT('Ctrl Pts',(19.0059027777778,-2.5,-43.7263194444444));
#11077=CARTESIAN_POINT('Ctrl Pts',(19.493912037037,-2.5,-43.9791435185185));
#11078=CARTESIAN_POINT('Ctrl Pts',(20.0612962962963,-2.5,-44.1055555555555));
#11079=CARTESIAN_POINT('Ctrl Pts',(20.7080555555556,-2.5,-44.1055555555555));
#11080=CARTESIAN_POINT('Ctrl Pts',(21.2960185185185,-2.5,-44.1055555555556));
#11081=CARTESIAN_POINT('Ctrl Pts',(21.7516898148148,-2.5,-43.9997222222222));
#11082=CARTESIAN_POINT('Ctrl Pts',(22.0750694444444,-2.5,-43.7880555555556));
#11083=CARTESIAN_POINT('Ctrl Pts',(22.3984490740741,-2.5,-43.5763888888889));
#11084=CARTESIAN_POINT('Ctrl Pts',(22.5601388888889,-2.5,-43.2824074074074));
#11085=CARTESIAN_POINT('Ctrl Pts',(22.5601388888889,-2.5,-42.9061111111111));
#11086=CARTESIAN_POINT('Ctrl Pts',(22.5601388888889,-2.5,-42.5650925925926));
#11087=CARTESIAN_POINT('Ctrl Pts',(22.4543055555555,-2.5,-42.28875));
#11088=CARTESIAN_POINT('Ctrl Pts',(22.2426388888889,-2.5,-42.0770833333333));
#11089=CARTESIAN_POINT('Ctrl Pts',(22.0309722222222,-2.5,-41.8654166666666));
#11090=CARTESIAN_POINT('Ctrl Pts',(21.7516898148148,-2.5,-41.6831481481481));
#11091=CARTESIAN_POINT('Ctrl Pts',(21.4047916666666,-2.5,-41.5302777777778));
#11092=CARTESIAN_POINT('Ctrl Pts',(21.0578935185185,-2.5,-41.3774074074074));
#11093=CARTESIAN_POINT('Ctrl Pts',(20.6757175925926,-2.5,-41.2304166666667));
#11094=CARTESIAN_POINT('Ctrl Pts',(20.2582638888888,-2.5,-41.0893055555555));
#11095=CARTESIAN_POINT('Ctrl Pts',(19.8408101851851,-2.5,-40.9481944444444));
#11096=CARTESIAN_POINT('Ctrl Pts',(19.4262962962963,-2.5,-40.7865046296296));
#11097=CARTESIAN_POINT('Ctrl Pts',(19.0147222222222,-2.5,-40.6042361111111));
#11098=CARTESIAN_POINT('Ctrl Pts',(18.6031481481481,-2.5,-40.4219675925926));
#11099=CARTESIAN_POINT('Ctrl Pts',(18.223912037037,-2.5,-40.192662037037));
#11100=CARTESIAN_POINT('Ctrl Pts',(17.8770138888889,-2.5,-39.9163194444444));
#11101=CARTESIAN_POINT('Ctrl Pts',(17.5301157407407,-2.5,-39.6399768518518));
#11102=CARTESIAN_POINT('Ctrl Pts',(17.2508333333333,-2.5,-39.2930787037037));
#11103=CARTESIAN_POINT('Ctrl Pts',(17.0391666666666,-2.5,-38.875625));
#11104=CARTESIAN_POINT('Ctrl Pts',(16.8275,-2.5,-38.4581712962963));
#11105=CARTESIAN_POINT('Ctrl Pts',(16.7216666666667,-2.5,-37.9319444444444));
#11106=CARTESIAN_POINT('Ctrl Pts',(16.7216666666667,-2.5,-37.2969444444444));
#11107=CARTESIAN_POINT('Ctrl Pts',(16.7216666666667,-2.5,-36.5325925925925));
#11108=CARTESIAN_POINT('Ctrl Pts',(16.906875,-2.5,-35.8740740740741));
#11109=CARTESIAN_POINT('Ctrl Pts',(17.2772916666666,-2.5,-35.3213888888889));
#11110=CARTESIAN_POINT('Ctrl Pts',(17.6477083333333,-2.5,-34.7687037037037));
#11111=CARTESIAN_POINT('Ctrl Pts',(18.1621759259259,-2.5,-34.3483101851852));
#11112=CARTESIAN_POINT('Ctrl Pts',(18.8206944444444,-2.5,-34.0602083333333));
#11113=CARTESIAN_POINT('Ctrl Pts',(19.4792129629629,-2.5,-33.7721064814815));
#11114=CARTESIAN_POINT('Ctrl Pts',(20.2376851851852,-2.5,-33.6280555555555));
#11115=CARTESIAN_POINT('Ctrl Pts',(21.0961111111111,-2.5,-33.6280555555555));
#11116=CARTESIAN_POINT('Ctrl Pts',(21.9662962962963,-2.5,-33.6280555555555));
#11117=CARTESIAN_POINT('Ctrl Pts',(22.7629861111111,-2.5,-33.7809259259259));
#11118=CARTESIAN_POINT('Ctrl Pts',(23.4861805555555,-2.5,-34.0866666666667));
#11119=CARTESIAN_POINT('Ctrl Pts',(24.2093749999999,-2.5,-34.3924074074074));
#11120=CARTESIAN_POINT('Ctrl Pts',(24.8061574074074,-2.5,-34.8098611111111));
#11121=CARTESIAN_POINT('Ctrl Pts',(25.2765277777777,-2.5,-35.3390277777778));
#11122=CARTESIAN_POINT('',(23.4773611111111,-2.5,-37.1205555555555));
#11123=CARTESIAN_POINT('',(27.7294680633071,-2.5,-32.9101359264202));
#11124=CARTESIAN_POINT('Ctrl Pts',(23.4773611111111,-2.5,-37.1205555555555));
#11125=CARTESIAN_POINT('Ctrl Pts',(23.1010648148148,-2.5,-36.7325));
#11126=CARTESIAN_POINT('Ctrl Pts',(22.7218287037037,-2.5,-36.4443981481481));
#11127=CARTESIAN_POINT('Ctrl Pts',(22.3396527777778,-2.5,-36.25625));
#11128=CARTESIAN_POINT('Ctrl Pts',(21.9574768518518,-2.5,-36.0681018518518));
#11129=CARTESIAN_POINT('Ctrl Pts',(21.525324074074,-2.5,-35.9740277777777));
#11130=CARTESIAN_POINT('Ctrl Pts',(21.0431944444444,-2.5,-35.9740277777777));
#11131=CARTESIAN_POINT('Ctrl Pts',(20.5610648148148,-2.5,-35.9740277777777));
#11132=CARTESIAN_POINT('Ctrl Pts',(20.1788888888889,-2.5,-36.065162037037));
#11133=CARTESIAN_POINT('Ctrl Pts',(19.8966666666666,-2.5,-36.2474305555555));
#11134=CARTESIAN_POINT('Ctrl Pts',(19.6144444444444,-2.5,-36.429699074074));
#11135=CARTESIAN_POINT('Ctrl Pts',(19.4733333333333,-2.5,-36.6913425925926));
#11136=CARTESIAN_POINT('Ctrl Pts',(19.4733333333333,-2.5,-37.0323611111111));
#11137=CARTESIAN_POINT('Ctrl Pts',(19.4733333333333,-2.5,-37.3498611111111));
#11138=CARTESIAN_POINT('Ctrl Pts',(19.5791666666667,-2.5,-37.605625));
#11139=CARTESIAN_POINT('Ctrl Pts',(19.7908333333333,-2.5,-37.7996527777778));
#11140=CARTESIAN_POINT('Ctrl Pts',(20.0025,-2.5,-37.9936805555555));
#11141=CARTESIAN_POINT('Ctrl Pts',(20.2817824074074,-2.5,-38.1612499999999));
#11142=CARTESIAN_POINT('Ctrl Pts',(20.6286805555555,-2.5,-38.3023611111111));
#11143=CARTESIAN_POINT('Ctrl Pts',(20.9755787037037,-2.5,-38.4434722222222));
#11144=CARTESIAN_POINT('Ctrl Pts',(21.3577546296296,-2.5,-38.5845833333333));
#11145=CARTESIAN_POINT('Ctrl Pts',(21.7752083333333,-2.5,-38.7256944444444));
#11146=CARTESIAN_POINT('Ctrl Pts',(22.192662037037,-2.5,-38.8668055555555));
#11147=CARTESIAN_POINT('Ctrl Pts',(22.6071759259259,-2.5,-39.0314351851852));
#11148=CARTESIAN_POINT('Ctrl Pts',(23.01875,-2.5,-39.2195833333333));
#11149=CARTESIAN_POINT('Ctrl Pts',(23.4303240740741,-2.5,-39.4077314814815));
#11150=CARTESIAN_POINT('Ctrl Pts',(23.8095601851852,-2.5,-39.6458564814814));
#11151=CARTESIAN_POINT('Ctrl Pts',(24.1564583333333,-2.5,-39.9339583333333));
#11152=CARTESIAN_POINT('Ctrl Pts',(24.5033564814814,-2.5,-40.2220601851852));
#11153=CARTESIAN_POINT('Ctrl Pts',(24.7826388888889,-2.5,-40.5865972222222));
#11154=CARTESIAN_POINT('Ctrl Pts',(24.9943055555555,-2.5,-41.0275694444444));
#11155=CARTESIAN_POINT('Ctrl Pts',(25.2059722222222,-2.5,-41.4685416666666));
#11156=CARTESIAN_POINT('Ctrl Pts',(25.3118055555555,-2.5,-42.0124074074074));
#11157=CARTESIAN_POINT('Ctrl Pts',(25.3118055555555,-2.5,-42.6591666666667));
#11158=CARTESIAN_POINT('Ctrl Pts',(25.3118055555555,-2.5,-43.8468518518518));
#11159=CARTESIAN_POINT('Ctrl Pts',(24.8884722222222,-2.5,-44.7787731481481));
#11160=CARTESIAN_POINT('Ctrl Pts',(24.0418055555555,-2.5,-45.4549305555555));
#11161=CARTESIAN_POINT('Ctrl Pts',(23.1951388888888,-2.5,-46.1310879629629));
#11162=CARTESIAN_POINT('Ctrl Pts',(22.0250925925926,-2.5,-46.4691666666667));
#11163=CARTESIAN_POINT('Ctrl Pts',(20.5316666666666,-2.5,-46.4691666666667));
#11164=CARTESIAN_POINT('',(-28.09875,-2.5,-40.5954166666667));
#11165=CARTESIAN_POINT('',(-21.8545833333334,-2.5,-40.5954166666667));
#11166=CARTESIAN_POINT('',(-14.049375,-2.5,-40.5954166666667));
#11167=CARTESIAN_POINT('',(-21.8545833333334,-2.5,-42.9590277777777));
#11168=CARTESIAN_POINT('',(-21.8545833333334,-2.5,-20.2977083333333));
#11169=CARTESIAN_POINT('',(-28.09875,-2.5,-42.9590277777777));
#11170=CARTESIAN_POINT('',(-10.9272916666667,-2.5,-42.9590277777777));
#11171=CARTESIAN_POINT('',(-28.09875,-2.5,-21.4795138888889));
#11172=CARTESIAN_POINT('',(22.6395138888889,-2.5,-24.4029166666667));
#11173=CARTESIAN_POINT('',(22.6395138888889,-2.5,-11.9498611111111));
#11174=CARTESIAN_POINT('',(22.6395138888889,-2.5,-12.2014583333333));
#11175=CARTESIAN_POINT('',(25.4088194444444,-2.5,-11.9498611111111));
#11176=CARTESIAN_POINT('',(11.3197569444444,-2.5,-11.9498611111111));
#11177=CARTESIAN_POINT('',(25.4088194444444,-2.5,-16.8005555555555));
#11178=CARTESIAN_POINT('',(25.4088194444444,-2.5,-5.97493055555556));
#11179=CARTESIAN_POINT('',(30.3477083333333,-2.5,-16.8005555555555));
#11180=CARTESIAN_POINT('',(12.7044097222222,-2.5,-16.8005555555555));
#11181=CARTESIAN_POINT('',(30.3477083333333,-2.5,-11.9498611111111));
#11182=CARTESIAN_POINT('',(30.3477083333333,-2.5,-8.40027777777777));
#11183=CARTESIAN_POINT('',(33.1346527777778,-2.5,-11.9498611111111));
#11184=CARTESIAN_POINT('',(15.1738541666666,-2.5,-11.9498611111111));
#11185=CARTESIAN_POINT('',(33.1346527777778,-2.5,-24.4029166666667));
#11186=CARTESIAN_POINT('',(33.1346527777778,-2.5,-5.97493055555556));
#11187=CARTESIAN_POINT('',(30.3477083333333,-2.5,-24.4029166666667));
#11188=CARTESIAN_POINT('',(16.5673263888889,-2.5,-24.4029166666667));
#11189=CARTESIAN_POINT('',(30.3477083333333,-2.5,-19.1994444444444));
#11190=CARTESIAN_POINT('',(30.3477083333333,-2.5,-12.2014583333333));
#11191=CARTESIAN_POINT('',(25.4088194444444,-2.5,-19.1994444444444));
#11192=CARTESIAN_POINT('',(15.1738541666666,-2.5,-19.1994444444444));
#11193=CARTESIAN_POINT('',(25.4088194444444,-2.5,-24.4029166666667));
#11194=CARTESIAN_POINT('',(25.4088194444444,-2.5,-9.59972222222222));
#11195=CARTESIAN_POINT('',(12.7044097222222,-2.5,-24.4029166666667));
#11196=CARTESIAN_POINT('',(-18.7390608062331,-2.5,-19.7465188855013));
#11197=CARTESIAN_POINT('',(-16.4129861111111,-2.5,-11.9498611111111));
#11198=CARTESIAN_POINT('',(-15.2683993591121,-2.5,-8.11337588681827));
#11199=CARTESIAN_POINT('',(-14.2434027777778,-2.5,-11.9498611111111));
#11200=CARTESIAN_POINT('',(-8.20649305555555,-2.5,-11.9498611111111));
#11201=CARTESIAN_POINT('',(-11.9102147043833,-2.5,-19.7703618756371));
#11202=CARTESIAN_POINT('',(-15.2982025086969,-2.5,-8.41432867969718));
#11203=CARTESIAN_POINT('',(-9.53381944444445,-2.5,-11.9498611111111));
#11204=CARTESIAN_POINT('',(-8.65695432388914,-2.5,-9.06417771437456));
#11205=CARTESIAN_POINT('',(-6.79979166666669,-2.5,-11.9498611111111));
#11206=CARTESIAN_POINT('',(-4.76690972222222,-2.5,-11.9498611111111));
#11207=CARTESIAN_POINT('',(-10.8038194444445,-2.5,-24.4029166666667));
#11208=CARTESIAN_POINT('',(-4.74011959100682,-2.5,-5.54400875245091));
#11209=CARTESIAN_POINT('',(-12.9734027777778,-2.5,-24.4029166666667));
#11210=CARTESIAN_POINT('',(-5.40190972222224,-2.5,-24.4029166666667));
#11211=CARTESIAN_POINT('',(-15.3370138888889,-2.5,-16.5290465235174));
#11212=CARTESIAN_POINT('',(-15.7971205111456,-2.5,-14.9962986959997));
#11213=CARTESIAN_POINT('',(-17.700625,-2.5,-24.4029166666667));
#11214=CARTESIAN_POINT('',(-12.4273160798616,-2.5,-6.83600412902757));
#11215=CARTESIAN_POINT('',(-19.8702083333334,-2.5,-24.4029166666667));
#11216=CARTESIAN_POINT('',(-8.85031250000001,-2.5,-24.4029166666667));
#11217=CARTESIAN_POINT('',(-23.8742361111111,-2.5,-11.9498611111111));
#11218=CARTESIAN_POINT('',(-22.4948919637689,-2.5,-16.2398037015234));
#11219=CARTESIAN_POINT('',(-21.1225694444445,-2.5,-11.9498611111111));
#11220=CARTESIAN_POINT('',(-11.9371180555556,-2.5,-11.9498611111111));
#11221=CARTESIAN_POINT('',(-21.8903662484987,-2.5,-9.43833301110235));
#11222=CARTESIAN_POINT('',(5.31812499999997,-2.5,7.50583333333335));
#11223=CARTESIAN_POINT('',(5.31812499999997,-2.5,-2.53069444444442));
#11224=CARTESIAN_POINT('',(5.31812499999997,-2.5,3.75291666666667));
#11225=CARTESIAN_POINT('',(2.54881944444442,-2.5,-2.53069444444442));
#11226=CARTESIAN_POINT('',(2.65906249999999,-2.5,-2.53069444444442));
#11227=CARTESIAN_POINT('',(2.54881944444442,-2.5,7.50583333333335));
#11228=CARTESIAN_POINT('',(2.54881944444442,-2.5,-1.26534722222221));
#11229=CARTESIAN_POINT('',(-1.34937500000003,-2.5,7.50583333333335));
#11230=CARTESIAN_POINT('',(1.27440972222221,-2.5,7.50583333333335));
#11231=CARTESIAN_POINT('',(-1.34937500000003,-2.5,9.92236111111113));
#11232=CARTESIAN_POINT('',(-1.34937500000003,-2.5,3.75291666666667));
#11233=CARTESIAN_POINT('',(9.21631944444439,-2.5,9.92236111111113));
#11234=CARTESIAN_POINT('',(-0.674687500000015,-2.5,9.92236111111113));
#11235=CARTESIAN_POINT('',(9.21631944444439,-2.5,7.50583333333335));
#11236=CARTESIAN_POINT('',(9.21631944444439,-2.5,4.96118055555557));
#11237=CARTESIAN_POINT('',(4.60815972222219,-2.5,7.50583333333335));
#11238=CARTESIAN_POINT('',(-13.4672916666667,-2.5,2.35527777777781));
#11239=CARTESIAN_POINT('',(-18.6354861111111,-2.5,-2.7247222222222));
#11240=CARTESIAN_POINT('Ctrl Pts',(-13.4672916666667,-2.5,2.35527777777781));
#11241=CARTESIAN_POINT('Ctrl Pts',(-13.4672916666667,-2.5,1.36750000000001));
#11242=CARTESIAN_POINT('Ctrl Pts',(-13.684837962963,-2.5,0.491435185185214));
#11243=CARTESIAN_POINT('Ctrl Pts',(-14.1199305555556,-2.5,-0.272916666666649));
#11244=CARTESIAN_POINT('Ctrl Pts',(-14.5550231481482,-2.5,-1.03726851851849));
#11245=CARTESIAN_POINT('Ctrl Pts',(-15.160625,-2.5,-1.63699074074072));
#11246=CARTESIAN_POINT('Ctrl Pts',(-15.9367361111111,-2.5,-2.07208333333332));
#11247=CARTESIAN_POINT('Ctrl Pts',(-16.7128472222222,-2.5,-2.50717592592594));
#11248=CARTESIAN_POINT('Ctrl Pts',(-17.6124305555556,-2.5,-2.7247222222222));
#11249=CARTESIAN_POINT('Ctrl Pts',(-18.6354861111111,-2.5,-2.7247222222222));
#11250=CARTESIAN_POINT('',(-23.8389583333333,-2.5,2.37291666666669));
#11251=CARTESIAN_POINT('Ctrl Pts',(-18.6354861111111,-2.5,-2.7247222222222));
#11252=CARTESIAN_POINT('Ctrl Pts',(-19.6585416666667,-2.5,-2.7247222222222));
#11253=CARTESIAN_POINT('Ctrl Pts',(-20.5610648148148,-2.5,-2.50717592592592));
#11254=CARTESIAN_POINT('Ctrl Pts',(-21.3430555555556,-2.5,-2.07208333333332));
#11255=CARTESIAN_POINT('Ctrl Pts',(-22.1250462962963,-2.5,-1.63699074074072));
#11256=CARTESIAN_POINT('Ctrl Pts',(-22.7365277777778,-2.5,-1.03432870370369));
#11257=CARTESIAN_POINT('Ctrl Pts',(-23.1775,-2.5,-0.264097222222208));
#11258=CARTESIAN_POINT('Ctrl Pts',(-23.6184722222222,-2.5,0.506134259259294));
#11259=CARTESIAN_POINT('Ctrl Pts',(-23.8389583333333,-2.5,1.38513888888891));
#11260=CARTESIAN_POINT('Ctrl Pts',(-23.8389583333333,-2.5,2.37291666666669));
#11261=CARTESIAN_POINT('',(-23.8389583333333,-2.5,9.92236111111113));
#11262=CARTESIAN_POINT('',(-23.8389583333333,-2.5,1.18645833333335));
#11263=CARTESIAN_POINT('',(-21.0520138888889,-2.5,9.92236111111113));
#11264=CARTESIAN_POINT('',(-11.9194791666667,-2.5,9.92236111111113));
#11265=CARTESIAN_POINT('',(-21.0520138888889,-2.5,2.2141666666667));
#11266=CARTESIAN_POINT('',(-21.0520138888889,-2.5,4.96118055555557));
#11267=CARTESIAN_POINT('',(-16.2542361111111,-2.5,2.1965277777778));
#11268=CARTESIAN_POINT('Ctrl Pts',(-21.0520138888889,-2.5,2.21416666666668));
#11269=CARTESIAN_POINT('Ctrl Pts',(-21.0520138888889,-2.5,1.7202777777778));
#11270=CARTESIAN_POINT('Ctrl Pts',(-20.9461805555556,-2.5,1.29106481481484));
#11271=CARTESIAN_POINT('Ctrl Pts',(-20.7345138888889,-2.5,0.92652777777781));
#11272=CARTESIAN_POINT('Ctrl Pts',(-20.5228472222222,-2.5,0.561990740740761));
#11273=CARTESIAN_POINT('Ctrl Pts',(-20.2318055555556,-2.5,0.282708333333357));
#11274=CARTESIAN_POINT('Ctrl Pts',(-19.8613888888889,-2.5,0.0886805555555803));
#11275=CARTESIAN_POINT('Ctrl Pts',(-19.4909722222222,-2.5,-0.105347222222196));
#11276=CARTESIAN_POINT('Ctrl Pts',(-19.082337962963,-2.5,-0.202361111111085));
#11277=CARTESIAN_POINT('Ctrl Pts',(-18.6354861111111,-2.5,-0.202361111111085));
#11278=CARTESIAN_POINT('Ctrl Pts',(-18.1651157407408,-2.5,-0.202361111111085));
#11279=CARTESIAN_POINT('Ctrl Pts',(-17.7535416666667,-2.5,-0.105347222222196));
#11280=CARTESIAN_POINT('Ctrl Pts',(-17.4007638888889,-2.5,0.0886805555555803));
#11281=CARTESIAN_POINT('Ctrl Pts',(-17.0479861111111,-2.5,0.282708333333357));
#11282=CARTESIAN_POINT('Ctrl Pts',(-16.7687037037037,-2.5,0.559050925925959));
#11283=CARTESIAN_POINT('Ctrl Pts',(-16.5629166666667,-2.5,0.917708333333351));
#11284=CARTESIAN_POINT('Ctrl Pts',(-16.3571296296296,-2.5,1.27636574074074));
#11285=CARTESIAN_POINT('Ctrl Pts',(-16.2542361111111,-2.5,1.70263888888892));
#11286=CARTESIAN_POINT('Ctrl Pts',(-16.2542361111111,-2.5,2.1965277777778));
#11287=CARTESIAN_POINT('',(-16.2542361111111,-2.5,9.92236111111113));
#11288=CARTESIAN_POINT('',(-16.2542361111111,-2.5,1.0982638888889));
#11289=CARTESIAN_POINT('',(-13.4672916666667,-2.5,9.92236111111113));
#11290=CARTESIAN_POINT('',(-8.12711805555557,-2.5,9.92236111111113));
#11291=CARTESIAN_POINT('',(-13.4672916666667,-2.5,4.96118055555557));
#11292=CARTESIAN_POINT('',(27.1021527777777,-2.5,-2.53069444444442));
#11293=CARTESIAN_POINT('',(24.3328472222222,-2.5,-2.53069444444442));
#11294=CARTESIAN_POINT('',(13.5510763888889,-2.5,-2.53069444444442));
#11295=CARTESIAN_POINT('',(24.3328472222222,-2.5,9.92236111111113));
#11296=CARTESIAN_POINT('',(24.3328472222222,-2.5,-1.26534722222221));
#11297=CARTESIAN_POINT('',(26.273125,-2.5,9.92236111111113));
#11298=CARTESIAN_POINT('',(12.1664236111111,-2.5,9.92236111111113));
#11299=CARTESIAN_POINT('',(32.1821527777777,-2.5,2.35141927083335));
#11300=CARTESIAN_POINT('',(23.7064813360033,-2.5,13.2108733056069));
#11301=CARTESIAN_POINT('',(32.1821527777777,-2.5,9.92236111111113));
#11302=CARTESIAN_POINT('',(32.1821527777777,-2.5,1.17570963541668));
#11303=CARTESIAN_POINT('',(34.9514583333333,-2.5,9.92236111111113));
#11304=CARTESIAN_POINT('',(16.0910763888889,-2.5,9.92236111111113));
#11305=CARTESIAN_POINT('',(34.9514583333333,-2.5,-2.53069444444442));
#11306=CARTESIAN_POINT('',(34.9514583333333,-2.5,4.96118055555557));
#11307=CARTESIAN_POINT('',(32.9229861111111,-2.5,-2.53069444444442));
#11308=CARTESIAN_POINT('',(17.4757291666666,-2.5,-2.53069444444442));
#11309=CARTESIAN_POINT('',(27.1021527777777,-2.5,4.92724826388889));
#11310=CARTESIAN_POINT('',(26.0776240244403,-2.5,6.2399257291025));
#11311=CARTESIAN_POINT('',(27.1021527777777,-2.5,2.46362413194444));
#11312=CARTESIAN_POINT('',(-0.97895833333336,-2.5,-11.9498611111111));
#11313=CARTESIAN_POINT('',(9.58673611111109,-2.5,-11.9498611111111));
#11314=CARTESIAN_POINT('',(-0.48947916666668,-2.5,-11.9498611111111));
#11315=CARTESIAN_POINT('',(9.58673611111109,-2.5,-14.3663888888889));
#11316=CARTESIAN_POINT('',(9.58673611111109,-2.5,-5.97493055555556));
#11317=CARTESIAN_POINT('',(5.68854166666664,-2.5,-14.3663888888889));
#11318=CARTESIAN_POINT('',(4.79336805555555,-2.5,-14.3663888888889));
#11319=CARTESIAN_POINT('',(5.68854166666664,-2.5,-24.4029166666667));
#11320=CARTESIAN_POINT('',(5.68854166666664,-2.5,-7.18319444444444));
#11321=CARTESIAN_POINT('',(2.91923611111113,-2.5,-24.4029166666667));
#11322=CARTESIAN_POINT('',(2.84427083333332,-2.5,-24.4029166666667));
#11323=CARTESIAN_POINT('',(2.91923611111113,-2.5,-14.3663888888889));
#11324=CARTESIAN_POINT('',(2.91923611111113,-2.5,-12.2014583333333));
#11325=CARTESIAN_POINT('',(-0.97895833333336,-2.5,-14.3663888888889));
#11326=CARTESIAN_POINT('',(1.45961805555556,-2.5,-14.3663888888889));
#11327=CARTESIAN_POINT('',(-0.97895833333336,-2.5,-7.18319444444444));
#11328=CARTESIAN_POINT('',(-47.0252777777778,-2.5,-38.7609722222222));
#11329=CARTESIAN_POINT('',(-47.0252777777778,-2.5,-41.0716666666667));
#11330=CARTESIAN_POINT('',(-47.0252777777778,-2.5,-19.3804861111111));
#11331=CARTESIAN_POINT('',(-52.5815277777778,-2.5,-41.0716666666667));
#11332=CARTESIAN_POINT('',(-23.5126388888889,-2.5,-41.0716666666667));
#11333=CARTESIAN_POINT('',(-52.5815277777778,-2.5,-43.87625));
#11334=CARTESIAN_POINT('',(-52.5815277777778,-2.5,-20.5358333333333));
#11335=CARTESIAN_POINT('',(-46.4079166666667,-2.5,-43.87625));
#11336=CARTESIAN_POINT('',(-26.2907638888889,-2.5,-43.87625));
#11337=CARTESIAN_POINT('',(-46.4079166666667,-2.5,-46.2751388888889));
#11338=CARTESIAN_POINT('',(-46.4079166666667,-2.5,-21.938125));
#11339=CARTESIAN_POINT('',(-55.3508333333334,-2.5,-46.2751388888889));
#11340=CARTESIAN_POINT('',(-23.2039583333333,-2.5,-46.2751388888889));
#11341=CARTESIAN_POINT('',(-55.3508333333334,-2.5,-33.8220833333333));
#11342=CARTESIAN_POINT('',(-55.3508333333334,-2.5,-23.1375694444444));
#11343=CARTESIAN_POINT('',(-46.4961111111111,-2.5,-33.8220833333333));
#11344=CARTESIAN_POINT('',(-27.6754166666667,-2.5,-33.8220833333333));
#11345=CARTESIAN_POINT('',(-46.4961111111111,-2.5,-36.2033333333333));
#11346=CARTESIAN_POINT('',(-46.4961111111111,-2.5,-16.9110416666667));
#11347=CARTESIAN_POINT('',(-52.5815277777778,-2.5,-36.2033333333333));
#11348=CARTESIAN_POINT('',(-23.2480555555556,-2.5,-36.2033333333333));
#11349=CARTESIAN_POINT('',(-52.5815277777778,-2.5,-38.7609722222222));
#11350=CARTESIAN_POINT('',(-52.5815277777778,-2.5,-18.1016666666667));
#11351=CARTESIAN_POINT('',(-26.2907638888889,-2.5,-38.7609722222222));
#11352=CARTESIAN_POINT('',(-1.51694444444445,-2.5,-46.4868055555555));
#11353=CARTESIAN_POINT('Ctrl Pts',(-1.51694444444445,-2.5,-46.4868055555555));
#11354=CARTESIAN_POINT('Ctrl Pts',(-2.45768518518521,-2.5,-46.4868055555555));
#11355=CARTESIAN_POINT('Ctrl Pts',(-3.32493055555556,-2.5,-46.3221759259259));
#11356=CARTESIAN_POINT('Ctrl Pts',(-4.11868055555555,-2.5,-45.9929166666667));
#11357=CARTESIAN_POINT('Ctrl Pts',(-4.91243055555554,-2.5,-45.6636574074074));
#11358=CARTESIAN_POINT('Ctrl Pts',(-5.60916666666667,-2.5,-45.2050462962962));
#11359=CARTESIAN_POINT('Ctrl Pts',(-6.20888888888889,-2.5,-44.6170833333333));
#11360=CARTESIAN_POINT('Ctrl Pts',(-6.80861111111113,-2.5,-44.0291203703704));
#11361=CARTESIAN_POINT('Ctrl Pts',(-7.27310185185186,-2.5,-43.3441435185185));
#11362=CARTESIAN_POINT('Ctrl Pts',(-7.60236111111112,-2.5,-42.5621527777778));
#11363=CARTESIAN_POINT('Ctrl Pts',(-7.93162037037039,-2.5,-41.780162037037));
#11364=CARTESIAN_POINT('Ctrl Pts',(-8.09625,-2.5,-40.9364351851852));
#11365=CARTESIAN_POINT('Ctrl Pts',(-8.09625,-2.5,-40.0309722222222));
#11366=CARTESIAN_POINT('Ctrl Pts',(-8.09625,-2.5,-39.11375));
#11367=CARTESIAN_POINT('Ctrl Pts',(-7.93162037037039,-2.5,-38.2670833333333));
#11368=CARTESIAN_POINT('Ctrl Pts',(-7.60236111111112,-2.5,-37.4909722222222));
#11369=CARTESIAN_POINT('Ctrl Pts',(-7.27310185185185,-2.5,-36.7148611111111));
#11370=CARTESIAN_POINT('Ctrl Pts',(-6.81449074074076,-2.5,-36.0357638888889));
#11371=CARTESIAN_POINT('Ctrl Pts',(-6.2265277777778,-2.5,-35.4536805555555));
#11372=CARTESIAN_POINT('Ctrl Pts',(-5.63856481481483,-2.5,-34.8715972222222));
#11373=CARTESIAN_POINT('Ctrl Pts',(-4.94770833333336,-2.5,-34.4188657407407));
#11374=CARTESIAN_POINT('Ctrl Pts',(-4.15395833333335,-2.5,-34.0954861111111));
#11375=CARTESIAN_POINT('Ctrl Pts',(-3.36020833333333,-2.5,-33.7721064814815));
#11376=CARTESIAN_POINT('Ctrl Pts',(-2.49296296296297,-2.5,-33.6104166666667));
#11377=CARTESIAN_POINT('Ctrl Pts',(-1.55222222222221,-2.5,-33.6104166666667));
#11378=CARTESIAN_POINT('Ctrl Pts',(-0.623240740740743,-2.5,-33.6104166666667));
#11379=CARTESIAN_POINT('Ctrl Pts',(0.238124999999982,-2.5,-33.7721064814815));
#11380=CARTESIAN_POINT('Ctrl Pts',(1.03187500000001,-2.5,-34.0954861111111));
#11381=CARTESIAN_POINT('Ctrl Pts',(1.82562500000003,-2.5,-34.4188657407407));
#11382=CARTESIAN_POINT('Ctrl Pts',(2.51942129629632,-2.5,-34.8715972222222));
#11383=CARTESIAN_POINT('Ctrl Pts',(3.1132638888889,-2.5,-35.4536805555555));
#11384=CARTESIAN_POINT('Ctrl Pts',(3.70710648148147,-2.5,-36.0357638888889));
#11385=CARTESIAN_POINT('Ctrl Pts',(4.16865740740739,-2.5,-36.7178009259259));
#11386=CARTESIAN_POINT('Ctrl Pts',(4.49791666666666,-2.5,-37.4997916666667));
#11387=CARTESIAN_POINT('Ctrl Pts',(4.82717592592592,-2.5,-38.2817824074074));
#11388=CARTESIAN_POINT('Ctrl Pts',(4.99180555555554,-2.5,-39.1313888888889));
#11389=CARTESIAN_POINT('Ctrl Pts',(4.99180555555554,-2.5,-40.0486111111111));
#11390=CARTESIAN_POINT('Ctrl Pts',(4.99180555555554,-2.5,-40.9540740740741));
#11391=CARTESIAN_POINT('Ctrl Pts',(4.82717592592593,-2.5,-41.7978009259259));
#11392=CARTESIAN_POINT('Ctrl Pts',(4.49791666666666,-2.5,-42.5797916666667));
#11393=CARTESIAN_POINT('Ctrl Pts',(4.16865740740739,-2.5,-43.3617824074074));
#11394=CARTESIAN_POINT('Ctrl Pts',(3.71004629629628,-2.5,-44.0438194444444));
#11395=CARTESIAN_POINT('Ctrl Pts',(3.12208333333331,-2.5,-44.6259027777777));
#11396=CARTESIAN_POINT('Ctrl Pts',(2.53412037037034,-2.5,-45.2079861111111));
#11397=CARTESIAN_POINT('Ctrl Pts',(1.84326388888888,-2.5,-45.6636574074074));
#11398=CARTESIAN_POINT('Ctrl Pts',(1.04951388888889,-2.5,-45.9929166666667));
#11399=CARTESIAN_POINT('Ctrl Pts',(0.255763888888882,-2.5,-46.3221759259259));
#11400=CARTESIAN_POINT('Ctrl Pts',(-0.599722222222212,-2.5,-46.4868055555555));
#11401=CARTESIAN_POINT('Ctrl Pts',(-1.51694444444445,-2.5,-46.4868055555555));
#11402=CARTESIAN_POINT('',(37.8883333333333,-2.5,-33.8220833333333));
#11403=CARTESIAN_POINT('',(40.6576388888889,-2.5,-33.8220833333333));
#11404=CARTESIAN_POINT('',(18.9441666666667,-2.5,-33.8220833333333));
#11405=CARTESIAN_POINT('',(40.6576388888889,-2.5,-46.2751388888889));
#11406=CARTESIAN_POINT('',(40.6576388888889,-2.5,-16.9110416666667));
#11407=CARTESIAN_POINT('',(37.8883333333333,-2.5,-46.2751388888889));
#11408=CARTESIAN_POINT('',(20.3288194444444,-2.5,-46.2751388888889));
#11409=CARTESIAN_POINT('',(37.8883333333333,-2.5,-23.1375694444444));
#11410=CARTESIAN_POINT('',(-38.5765511041632,-2.5,34.6783739857039));
#11411=CARTESIAN_POINT('',(-27.2909814181078,-2.5,34.6783739857039));
#11412=CARTESIAN_POINT('',(-19.2882755520816,-2.5,34.6783739857039));
#11413=CARTESIAN_POINT('',(-22.5546680358075,-2.5,29.9420606034036));
#11414=CARTESIAN_POINT('',(-11.7986425671549,-2.5,19.186035134751));
#11415=CARTESIAN_POINT('',(-22.5546680358075,-2.5,26.2104197567427));
#11416=CARTESIAN_POINT('',(-22.5546680358075,-2.5,14.9710303017018));
#11417=CARTESIAN_POINT('',(-24.0654538036864,-2.5,26.2104197567427));
#11418=CARTESIAN_POINT('Ctrl Pts',(-22.5546680358075,-2.5,26.2104197567427));
#11419=CARTESIAN_POINT('Ctrl Pts',(-21.9956773016922,-2.5,25.9309243896851));
#11420=CARTESIAN_POINT('Ctrl Pts',(-21.6104269308832,-2.5,25.3643797267305));
#11421=CARTESIAN_POINT('Ctrl Pts',(-21.6104269308832,-2.5,24.6996339888638));
#11422=CARTESIAN_POINT('Ctrl Pts',(-21.6104269308832,-2.5,23.7629468127789));
#11423=CARTESIAN_POINT('Ctrl Pts',(-22.373373743662,-2.5,23.));
#11424=CARTESIAN_POINT('Ctrl Pts',(-23.3100609197469,-2.5,23.));
#11425=CARTESIAN_POINT('Ctrl Pts',(-24.2467480958318,-2.5,23.));
#11426=CARTESIAN_POINT('Ctrl Pts',(-25.0096949086107,-2.5,23.7629468127789));
#11427=CARTESIAN_POINT('Ctrl Pts',(-25.0096949086107,-2.5,24.6996339888638));
#11428=CARTESIAN_POINT('Ctrl Pts',(-25.0096949086107,-2.5,25.3643797267305));
#11429=CARTESIAN_POINT('Ctrl Pts',(-24.6244445378015,-2.5,25.9309243896851));
#11430=CARTESIAN_POINT('Ctrl Pts',(-24.0654538036864,-2.5,26.2104197567427));
#11431=CARTESIAN_POINT('',(-24.0654538036864,-2.5,29.3150845097338));
#11432=CARTESIAN_POINT('',(-24.0654538036864,-2.5,13.1052098783713));
#11433=CARTESIAN_POINT('',(-27.9179575117776,-2.5,33.167588217825));
#11434=CARTESIAN_POINT('',(-10.7203192253313,-2.5,15.9699499313788));
#11435=CARTESIAN_POINT('',(-39.2035271978329,-2.5,33.167588217825));
#11436=CARTESIAN_POINT('',(-13.9589787558888,-2.5,33.167588217825));
#11437=CARTESIAN_POINT('',(-42.7463198235089,-2.5,36.710380843501));
#11438=CARTESIAN_POINT('',(-21.1107483439184,-2.5,15.0748093639105));
#11439=CARTESIAN_POINT('',(-42.7463198235089,-2.5,40.4722374055195));
#11440=CARTESIAN_POINT('',(-42.7463198235089,-2.5,18.3551904217505));
#11441=CARTESIAN_POINT('',(-41.23553405563,-2.5,40.4722374055195));
#11442=CARTESIAN_POINT('Ctrl Pts',(-42.7463198235089,-2.5,40.4722374055195));
#11443=CARTESIAN_POINT('Ctrl Pts',(-43.3053105576242,-2.5,40.7517327725771));
#11444=CARTESIAN_POINT('Ctrl Pts',(-43.6905609284333,-2.5,41.3182774355317));
#11445=CARTESIAN_POINT('Ctrl Pts',(-43.6905609284333,-2.5,41.9830231733984));
#11446=CARTESIAN_POINT('Ctrl Pts',(-43.6905609284333,-2.5,42.9197103494833));
#11447=CARTESIAN_POINT('Ctrl Pts',(-42.9276141156544,-2.5,43.6826571622622));
#11448=CARTESIAN_POINT('Ctrl Pts',(-41.9909269395695,-2.5,43.6826571622622));
#11449=CARTESIAN_POINT('Ctrl Pts',(-41.0542397634846,-2.5,43.6826571622622));
#11450=CARTESIAN_POINT('Ctrl Pts',(-40.2912929507057,-2.5,42.9197103494833));
#11451=CARTESIAN_POINT('Ctrl Pts',(-40.2912929507058,-2.5,41.9830231733984));
#11452=CARTESIAN_POINT('Ctrl Pts',(-40.2912929507058,-2.5,41.3182774355317));
#11453=CARTESIAN_POINT('Ctrl Pts',(-40.6765433215149,-2.5,40.7517327725771));
#11454=CARTESIAN_POINT('Ctrl Pts',(-41.23553405563,-2.5,40.4722374055195));
#11455=CARTESIAN_POINT('',(-41.23553405563,-2.5,37.3373569371708));
#11456=CARTESIAN_POINT('',(-41.23553405563,-2.5,20.2361187027598));
#11457=CARTESIAN_POINT('',(-21.59231130743,-2.5,17.6941341889704));
#11458=CARTESIAN_POINT('',(4.3879795105999,-2.5,38.2850277505651));
#11459=CARTESIAN_POINT('',(5.46350866591673,-2.5,39.0687910155589));
#11460=CARTESIAN_POINT('Origin',(-2.5134128392414,-2.5,49.8520351522651));
#11461=CARTESIAN_POINT('',(6.550479622199,-2.5,37.9646573599668));
#11462=CARTESIAN_POINT('',(13.8850270485869,-2.5,30.5143012900043));
#11463=CARTESIAN_POINT('',(-1.07547977108663,-2.5,43.4281166402278));
#11464=CARTESIAN_POINT('Ctrl Pts',(6.550479622199,-2.5,37.9646573599668));
#11465=CARTESIAN_POINT('Ctrl Pts',(6.12713303922593,-2.5,37.466939079985));
#11466=CARTESIAN_POINT('Ctrl Pts',(5.60653116016441,-2.5,37.0893596951712));
#11467=CARTESIAN_POINT('Ctrl Pts',(4.98867398501449,-2.5,36.8261983057555));
#11468=CARTESIAN_POINT('Ctrl Pts',(4.37081680986457,-2.5,36.5630369163397));
#11469=CARTESIAN_POINT('Ctrl Pts',(3.71291333632527,-2.5,36.4314562216319));
#11470=CARTESIAN_POINT('Ctrl Pts',(3.01496356439667,-2.5,36.4314562216319));
#11471=CARTESIAN_POINT('Ctrl Pts',(2.12822410006115,-2.5,36.4314562216319));
#11472=CARTESIAN_POINT('Ctrl Pts',(1.32729813227418,-2.5,36.6316877135786));
#11473=CARTESIAN_POINT('Ctrl Pts',(0.61790656080575,-2.5,37.037871597242));
#11474=CARTESIAN_POINT('Ctrl Pts',(-0.0914850106626641,-2.5,37.4440554809053));
#11475=CARTESIAN_POINT('Ctrl Pts',(-0.652133188113497,-2.5,37.9989827585863));
#11476=CARTESIAN_POINT('Ctrl Pts',(-1.0640379715468,-2.5,38.6969325305149));
#11477=CARTESIAN_POINT('Ctrl Pts',(-1.47594275498012,-2.5,39.3948823024435));
#11478=CARTESIAN_POINT('Ctrl Pts',(-1.68189514669674,-2.5,40.1958082702305));
#11479=CARTESIAN_POINT('Ctrl Pts',(-1.68189514669674,-2.5,41.0711059350262));
#11480=CARTESIAN_POINT('Ctrl Pts',(-1.68189514669674,-2.5,41.9464035998219));
#11481=CARTESIAN_POINT('Ctrl Pts',(-1.48166365474999,-2.5,42.7301668682991));
#11482=CARTESIAN_POINT('Ctrl Pts',(-1.07547977108663,-2.5,43.4281166402278));
#11483=CARTESIAN_POINT('',(5.08020838133302,-2.5,45.1329447716599));
#11484=CARTESIAN_POINT('Ctrl Pts',(-1.07547977108663,-2.5,43.4281166402278));
#11485=CARTESIAN_POINT('Ctrl Pts',(-0.66929588742326,-2.5,44.1317873119263));
#11486=CARTESIAN_POINT('Ctrl Pts',(-0.120089509512225,-2.5,44.6809936898374));
#11487=CARTESIAN_POINT('Ctrl Pts',(0.572139362646489,-2.5,45.0871775735007));
#11488=CARTESIAN_POINT('Ctrl Pts',(1.26436823480521,-2.5,45.4933614571641));
#11489=CARTESIAN_POINT('Ctrl Pts',(2.07673600213198,-2.5,45.6935929491108));
#11490=CARTESIAN_POINT('Ctrl Pts',(2.90054556899854,-2.5,45.6935929491108));
#11491=CARTESIAN_POINT('Ctrl Pts',(3.7243551358651,-2.5,45.6935929491108));
#11492=CARTESIAN_POINT('Ctrl Pts',(4.45090940664326,-2.5,45.5048032567039));
#11493=CARTESIAN_POINT('Ctrl Pts',(5.08020838133302,-2.5,45.1329447716599));
#11494=CARTESIAN_POINT('',(6.56192142173882,-2.5,43.5825809340152));
#11495=CARTESIAN_POINT('Origin',(-58.3477357064169,-2.5,-25.978498016681));
#11496=CARTESIAN_POINT('',(7.00243070402163,-2.5,40.4360860605666));
#11497=CARTESIAN_POINT('Ctrl Pts',(6.56192142173882,-2.5,43.5825809340153));
#11498=CARTESIAN_POINT('Ctrl Pts',(6.91661720747302,-2.5,42.9189565607061));
#11499=CARTESIAN_POINT('Ctrl Pts',(7.09396510034015,-2.5,42.1695186908483));
#11500=CARTESIAN_POINT('Ctrl Pts',(7.09396510034015,-2.5,41.3342673244419));
#11501=CARTESIAN_POINT('Ctrl Pts',(7.09396510034015,-2.5,41.2141284292739));
#11502=CARTESIAN_POINT('Ctrl Pts',(7.08824420057024,-2.5,41.0768268347961));
#11503=CARTESIAN_POINT('Ctrl Pts',(7.07680240103041,-2.5,40.9338043405484));
#11504=CARTESIAN_POINT('Ctrl Pts',(7.06536060149059,-2.5,40.7907818463008));
#11505=CARTESIAN_POINT('Ctrl Pts',(7.03675610264106,-2.5,40.6248757529735));
#11506=CARTESIAN_POINT('Ctrl Pts',(7.00243070402163,-2.5,40.4360860605666));
#11507=CARTESIAN_POINT('',(0.057258383354899,-2.5,40.4360860605666));
#11508=CARTESIAN_POINT('',(3.50121535201081,-2.5,40.4360860605666));
#11509=CARTESIAN_POINT('',(0.360466071159955,-2.5,39.492137598532));
#11510=CARTESIAN_POINT('Ctrl Pts',(0.057258383354899,-2.5,40.4360860605666));
#11511=CARTESIAN_POINT('Ctrl Pts',(0.120188280823861,-2.5,40.0985529741421));
#11512=CARTESIAN_POINT('Ctrl Pts',(0.211722677142383,-2.5,39.7781825870273));
#11513=CARTESIAN_POINT('Ctrl Pts',(0.360466071159955,-2.5,39.492137598532));
#11514=CARTESIAN_POINT('Ctrl Pts',(0.360466071159955,-2.5,39.492137598532));
#11515=CARTESIAN_POINT('Ctrl Pts',(0.606464761265961,-2.5,39.0230238173996));
#11516=CARTESIAN_POINT('Ctrl Pts',(0.961160547000155,-2.5,38.6626071318955));
#11517=CARTESIAN_POINT('Ctrl Pts',(1.42455342836261,-2.5,38.4051666422497));
#11518=CARTESIAN_POINT('Ctrl Pts',(1.88794630972504,-2.5,38.1477261526039));
#11519=CARTESIAN_POINT('Ctrl Pts',(2.41426908855647,-2.5,38.0218663576659));
#11520=CARTESIAN_POINT('Ctrl Pts',(3.01496356439667,-2.5,38.0218663576659));
#11521=CARTESIAN_POINT('Ctrl Pts',(3.51268184437855,-2.5,38.0218663576659));
#11522=CARTESIAN_POINT('Ctrl Pts',(3.97035382597107,-2.5,38.1076798542146));
#11523=CARTESIAN_POINT('Ctrl Pts',(4.38797950917429,-2.5,38.2850277470816));
#11524=CARTESIAN_POINT('',(41.562386214028,-2.5,45.5048032567039));
#11525=CARTESIAN_POINT('',(43.524654835106,-2.5,45.5048032567039));
#11526=CARTESIAN_POINT('',(20.781193107014,-2.5,45.5048032567039));
#11527=CARTESIAN_POINT('',(40.3609972623476,-2.5,41.2141284292739));
#11528=CARTESIAN_POINT('',(24.9924570108369,-2.5,20.3707194082373));
#11529=CARTESIAN_POINT('',(43.6905609284333,-2.5,36.6202459140388));
#11530=CARTESIAN_POINT('',(43.2028030930701,-2.5,37.2932176353388));
#11531=CARTESIAN_POINT('',(41.6539206103465,-2.5,36.6202459140388));
#11532=CARTESIAN_POINT('',(21.8452804642166,-2.5,36.6202459140388));
#11533=CARTESIAN_POINT('',(39.2683054062954,-2.5,39.9726931792041));
#11534=CARTESIAN_POINT('',(43.3023715909798,-2.5,34.3037176774654));
#11535=CARTESIAN_POINT('',(36.8826902022443,-2.5,36.6202459140388));
#11536=CARTESIAN_POINT('',(23.2267290900944,-2.5,17.4298545190273));
#11537=CARTESIAN_POINT('',(34.8975379820867,-2.5,36.6202459140388));
#11538=CARTESIAN_POINT('',(18.4413451011222,-2.5,36.6202459140388));
#11539=CARTESIAN_POINT('',(38.2900315456414,-2.5,41.1855239304243));
#11540=CARTESIAN_POINT('',(19.9241920648661,-2.5,16.4706168382514));
#11541=CARTESIAN_POINT('',(35.0691649751839,-2.5,45.5048032567039));
#11542=CARTESIAN_POINT('',(41.3169808375731,-2.5,37.126293530054));
#11543=CARTESIAN_POINT('',(37.1058052932707,-2.5,45.5048032567039));
#11544=CARTESIAN_POINT('',(17.5345824875919,-2.5,45.5048032567039));
#11545=CARTESIAN_POINT('',(39.3712816021537,-2.5,42.4040755814145));
#11546=CARTESIAN_POINT('',(41.4868286073586,-2.5,39.5085541753007));
#11547=CARTESIAN_POINT('',(22.8226074410266,-2.5,18.9853252019604));
#11548=CARTESIAN_POINT('',(-8.96460055378796,-2.5,45.5048032567039));
#11549=CARTESIAN_POINT('',(-6.69912424490491,-2.5,42.4040755814145));
#11550=CARTESIAN_POINT('',(3.43339728570301,-2.5,28.5358264157844));
#11551=CARTESIAN_POINT('',(-4.51374053280055,-2.5,45.5048032567039));
#11552=CARTESIAN_POINT('',(-15.5712636009538,-2.5,29.8158569139314));
#11553=CARTESIAN_POINT('',(-2.54575101195261,-2.5,45.5048032567039));
#11554=CARTESIAN_POINT('',(-2.25687026640028,-2.5,45.5048032567039));
#11555=CARTESIAN_POINT('',(-5.70940858471104,-2.5,41.2141284292739));
#11556=CARTESIAN_POINT('',(-12.9652005279105,-2.5,31.3735426111915));
#11557=CARTESIAN_POINT('',(-2.37984491862534,-2.5,36.6202459140388));
#11558=CARTESIAN_POINT('',(5.06560952772399,-2.5,26.3475656384057));
#11559=CARTESIAN_POINT('',(-4.41648523671212,-2.5,36.6202459140388));
#11560=CARTESIAN_POINT('',(-1.18992245931267,-2.5,36.6202459140388));
#11561=CARTESIAN_POINT('',(-6.80210044076322,-2.5,39.9726931792041));
#11562=CARTESIAN_POINT('',(4.97541162224667,-2.5,23.4220407357418));
#11563=CARTESIAN_POINT('',(-9.18771564481432,-2.5,36.6202459140388));
#11564=CARTESIAN_POINT('',(-15.1002308786387,-2.5,28.3115314607509));
#11565=CARTESIAN_POINT('',(-11.1728678649719,-2.5,36.6202459140388));
#11566=CARTESIAN_POINT('',(-4.59385782240716,-2.5,36.6202459140388));
#11567=CARTESIAN_POINT('',(-7.78609520118717,-2.5,41.1855239304243));
#11568=CARTESIAN_POINT('',(-17.9513222108522,-2.5,27.483072657261));
#11569=CARTESIAN_POINT('',(-11.0069617716447,-2.5,45.5048032567039));
#11570=CARTESIAN_POINT('',(3.47355003841474,-2.5,26.0859996748303));
#11571=CARTESIAN_POINT('',(-5.50348088582233,-2.5,45.5048032567039));
#11572=CARTESIAN_POINT('',(-39.1053261229208,-2.5,48.0865976756292));
#11573=CARTESIAN_POINT('',(-36.4916667444903,-2.5,50.7002570540597));
#11574=CARTESIAN_POINT('',(-41.3506440110979,-2.5,45.8412797874521));
#11575=CARTESIAN_POINT('',(-20.3791365300619,-2.5,50.7002570540597));
#11576=CARTESIAN_POINT('',(-18.2458333722452,-2.5,50.7002570540597));
#11577=CARTESIAN_POINT('',(-15.2046952750766,-2.5,45.5258157990744));
#11578=CARTESIAN_POINT('',(-2.60928813403148,-2.5,32.9304086580293));
#11579=CARTESIAN_POINT('',(-15.1895874173978,-2.5,45.5258157990744));
#11580=CARTESIAN_POINT('',(-7.6023476375383,-2.5,45.5258157990744));
#11581=CARTESIAN_POINT('',(-15.1895874173978,-2.5,35.7208161655404));
#11582=CARTESIAN_POINT('',(-15.1895874173978,-2.5,22.7629078995372));
#11583=CARTESIAN_POINT('',(-18.5737475374465,-2.5,32.3366560454916));
#11584=CARTESIAN_POINT('',(-20.3223946044334,-2.5,30.5880089785047));
#11585=CARTESIAN_POINT('',(-19.6464054326406,-2.5,33.4093139406856));
#11586=CARTESIAN_POINT('Ctrl Pts',(-18.5737475374465,-2.5,32.3366560454916));
#11587=CARTESIAN_POINT('Ctrl Pts',(-18.5208700355708,-2.5,32.1629156821855));
#11588=CARTESIAN_POINT('Ctrl Pts',(-18.4831003913738,-2.5,31.9891753188795));
#11589=CARTESIAN_POINT('Ctrl Pts',(-18.4831003913738,-2.5,31.8003270978946));
#11590=CARTESIAN_POINT('Ctrl Pts',(-18.4831003913738,-2.5,30.8636399218097));
#11591=CARTESIAN_POINT('Ctrl Pts',(-19.2460472041526,-2.5,30.1006931090308));
#11592=CARTESIAN_POINT('Ctrl Pts',(-20.1827343802376,-2.5,30.1006931090309));
#11593=CARTESIAN_POINT('Ctrl Pts',(-21.1194215563225,-2.5,30.1006931090309));
#11594=CARTESIAN_POINT('Ctrl Pts',(-21.8823683691014,-2.5,30.8636399218097));
#11595=CARTESIAN_POINT('Ctrl Pts',(-21.8823683691014,-2.5,31.8003270978946));
#11596=CARTESIAN_POINT('Ctrl Pts',(-21.8823683691014,-2.5,32.7370142739795));
#11597=CARTESIAN_POINT('Ctrl Pts',(-21.1194215563225,-2.5,33.4999610867584));
#11598=CARTESIAN_POINT('Ctrl Pts',(-20.1827343802376,-2.5,33.4999610867584));
#11599=CARTESIAN_POINT('Ctrl Pts',(-19.9938861592527,-2.5,33.4999610867584));
#11600=CARTESIAN_POINT('Ctrl Pts',(-19.8125918671073,-2.5,33.4621914425614));
#11601=CARTESIAN_POINT('Ctrl Pts',(-19.6464054326406,-2.5,33.4093139406856));
#11602=CARTESIAN_POINT('',(-16.7079271141161,-2.5,36.3477922592101));
#11603=CARTESIAN_POINT('',(-23.0871325596518,-2.5,29.9685868136744));
#11604=CARTESIAN_POINT('',(-16.7079271141161,-2.5,44.9063936342441));
#11605=CARTESIAN_POINT('',(-16.7079271141161,-2.5,18.173896129605));
#11606=CARTESIAN_POINT('',(-20.9985586948922,-2.5,49.1970252150202));
#11607=CARTESIAN_POINT('',(-1.30434692702606,-2.5,29.502813447154));
#11608=CARTESIAN_POINT('',(-35.8646906508206,-2.5,49.1970252150202));
#11609=CARTESIAN_POINT('',(-10.4992793474461,-2.5,49.1970252150202));
#11610=CARTESIAN_POINT('',(-38.0326682277268,-2.5,47.0214937092746));
#11611=CARTESIAN_POINT('',(-39.2288864852535,-2.5,45.821107443882));
#11612=CARTESIAN_POINT('Ctrl Pts',(-38.0326682277268,-2.5,47.0214937092746));
#11613=CARTESIAN_POINT('Ctrl Pts',(-37.979790725851,-2.5,46.8477533459684));
#11614=CARTESIAN_POINT('Ctrl Pts',(-37.942021081654,-2.5,46.6740129826624));
#11615=CARTESIAN_POINT('Ctrl Pts',(-37.942021081654,-2.5,46.4851647616775));
#11616=CARTESIAN_POINT('Ctrl Pts',(-37.942021081654,-2.5,45.5484775855926));
#11617=CARTESIAN_POINT('Ctrl Pts',(-38.7049678944329,-2.5,44.7855307728138));
#11618=CARTESIAN_POINT('Ctrl Pts',(-39.6416550705178,-2.5,44.7855307728138));
#11619=CARTESIAN_POINT('Ctrl Pts',(-40.5783422466027,-2.5,44.7855307728138));
#11620=CARTESIAN_POINT('Ctrl Pts',(-41.3412890593816,-2.5,45.5484775855926));
#11621=CARTESIAN_POINT('Ctrl Pts',(-41.3412890593816,-2.5,46.4851647616775));
#11622=CARTESIAN_POINT('Ctrl Pts',(-41.3412890593816,-2.5,47.4218519377625));
#11623=CARTESIAN_POINT('Ctrl Pts',(-40.5783422466027,-2.5,48.1847987505413));
#11624=CARTESIAN_POINT('Ctrl Pts',(-39.6416550705178,-2.5,48.1847987505413));
#11625=CARTESIAN_POINT('Ctrl Pts',(-39.452806849533,-2.5,48.1847987505413));
#11626=CARTESIAN_POINT('Ctrl Pts',(-39.2715125573875,-2.5,48.1394751775049));
#11627=CARTESIAN_POINT('Ctrl Pts',(-39.1053261229208,-2.5,48.0865976756292));
#11628=CARTESIAN_POINT('',(25.7704166666667,-2.5,-33.8220833333333));
#11629=CARTESIAN_POINT('',(36.3361111111111,-2.5,-33.8220833333333));
#11630=CARTESIAN_POINT('',(12.8852083333333,-2.5,-33.8220833333333));
#11631=CARTESIAN_POINT('',(36.3361111111111,-2.5,-36.2386111111111));
#11632=CARTESIAN_POINT('',(36.3361111111111,-2.5,-16.9110416666667));
#11633=CARTESIAN_POINT('',(32.4379166666667,-2.5,-36.2386111111111));
#11634=CARTESIAN_POINT('',(18.1680555555555,-2.5,-36.2386111111111));
#11635=CARTESIAN_POINT('',(32.4379166666667,-2.5,-46.2751388888889));
#11636=CARTESIAN_POINT('',(32.4379166666667,-2.5,-18.1193055555555));
#11637=CARTESIAN_POINT('',(29.6686111111111,-2.5,-46.2751388888889));
#11638=CARTESIAN_POINT('',(16.2189583333333,-2.5,-46.2751388888889));
#11639=CARTESIAN_POINT('',(29.6686111111111,-2.5,-36.2386111111111));
#11640=CARTESIAN_POINT('',(29.6686111111111,-2.5,-23.1375694444444));
#11641=CARTESIAN_POINT('',(25.7704166666667,-2.5,-36.2386111111111));
#11642=CARTESIAN_POINT('',(14.8343055555555,-2.5,-36.2386111111111));
#11643=CARTESIAN_POINT('',(25.7704166666667,-2.5,-18.1193055555555));
#11644=CARTESIAN_POINT('',(-14.2522222222222,-2.5,-46.4691666666667));
#11645=CARTESIAN_POINT('',(-17.7976388888889,-2.5,-44.82875));
#11646=CARTESIAN_POINT('Ctrl Pts',(-14.2522222222222,-2.5,-46.4691666666667));
#11647=CARTESIAN_POINT('Ctrl Pts',(-15.0400925925926,-2.5,-46.4691666666667));
#11648=CARTESIAN_POINT('Ctrl Pts',(-15.7250694444445,-2.5,-46.3251157407408));
#11649=CARTESIAN_POINT('Ctrl Pts',(-16.3071527777778,-2.5,-46.0370138888889));
#11650=CARTESIAN_POINT('Ctrl Pts',(-16.8892361111111,-2.5,-45.748912037037));
#11651=CARTESIAN_POINT('Ctrl Pts',(-17.3860648148148,-2.5,-45.3461574074074));
#11652=CARTESIAN_POINT('Ctrl Pts',(-17.7976388888889,-2.5,-44.82875));
#11653=CARTESIAN_POINT('',(-15.9455555555556,-2.5,-43.0472222222222));
#11654=CARTESIAN_POINT('',(-1.97676207507568,-2.5,-29.6105732552843));
#11655=CARTESIAN_POINT('',(-12.4530555555556,-2.5,-42.0594444444444));
#11656=CARTESIAN_POINT('Ctrl Pts',(-15.9455555555556,-2.5,-43.0472222222222));
#11657=CARTESIAN_POINT('Ctrl Pts',(-15.7338888888889,-2.5,-43.3412037037037));
#11658=CARTESIAN_POINT('Ctrl Pts',(-15.4840046296296,-2.5,-43.5646296296296));
#11659=CARTESIAN_POINT('Ctrl Pts',(-15.1959027777778,-2.5,-43.7175));
#11660=CARTESIAN_POINT('Ctrl Pts',(-14.907800925926,-2.5,-43.8703703703704));
#11661=CARTESIAN_POINT('Ctrl Pts',(-14.5814814814815,-2.5,-43.9468055555555));
#11662=CARTESIAN_POINT('Ctrl Pts',(-14.2169444444444,-2.5,-43.9468055555555));
#11663=CARTESIAN_POINT('Ctrl Pts',(-13.8641666666667,-2.5,-43.9468055555555));
#11664=CARTESIAN_POINT('Ctrl Pts',(-13.5584259259259,-2.5,-43.8733101851852));
#11665=CARTESIAN_POINT('Ctrl Pts',(-13.2997222222222,-2.5,-43.7263194444444));
#11666=CARTESIAN_POINT('Ctrl Pts',(-13.0410185185185,-2.5,-43.5793287037037));
#11667=CARTESIAN_POINT('Ctrl Pts',(-12.8352314814815,-2.5,-43.367662037037));
#11668=CARTESIAN_POINT('Ctrl Pts',(-12.6823611111111,-2.5,-43.0913194444444));
#11669=CARTESIAN_POINT('Ctrl Pts',(-12.5294907407407,-2.5,-42.8149768518519));
#11670=CARTESIAN_POINT('Ctrl Pts',(-12.4530555555556,-2.5,-42.4710185185185));
#11671=CARTESIAN_POINT('Ctrl Pts',(-12.4530555555556,-2.5,-42.0594444444444));
#11672=CARTESIAN_POINT('',(-12.4530555555556,-2.5,-33.8220833333333));
#11673=CARTESIAN_POINT('',(-12.4530555555556,-2.5,-21.0297222222222));
#11674=CARTESIAN_POINT('',(-9.66611111111114,-2.5,-33.8220833333333));
#11675=CARTESIAN_POINT('',(-6.22652777777779,-2.5,-33.8220833333333));
#11676=CARTESIAN_POINT('',(-9.66611111111114,-2.5,-41.9006944444444));
#11677=CARTESIAN_POINT('',(-9.66611111111114,-2.5,-16.9110416666667));
#11678=CARTESIAN_POINT('Ctrl Pts',(-9.66611111111114,-2.5,-41.9006944444444));
#11679=CARTESIAN_POINT('Ctrl Pts',(-9.66611111111114,-2.5,-42.8296759259259));
#11680=CARTESIAN_POINT('Ctrl Pts',(-9.85425925925927,-2.5,-43.6351851851852));
#11681=CARTESIAN_POINT('Ctrl Pts',(-10.2305555555556,-2.5,-44.3172222222222));
#11682=CARTESIAN_POINT('Ctrl Pts',(-10.6068518518519,-2.5,-44.9992592592593));
#11683=CARTESIAN_POINT('Ctrl Pts',(-11.1360185185185,-2.5,-45.5284259259259));
#11684=CARTESIAN_POINT('Ctrl Pts',(-11.8180555555556,-2.5,-45.9047222222222));
#11685=CARTESIAN_POINT('Ctrl Pts',(-12.5000925925926,-2.5,-46.2810185185185));
#11686=CARTESIAN_POINT('Ctrl Pts',(-13.3114814814815,-2.5,-46.4691666666667));
#11687=CARTESIAN_POINT('Ctrl Pts',(-14.2522222222222,-2.5,-46.4691666666667));
#11688=CARTESIAN_POINT('',(-65.24625,-2.5,-46.2751388888889));
#11689=CARTESIAN_POINT('',(-65.24625,-2.5,-33.8220833333333));
#11690=CARTESIAN_POINT('',(-65.24625,-2.5,-23.1375694444444));
#11691=CARTESIAN_POINT('',(-62.4769444444445,-2.5,-33.8220833333333));
#11692=CARTESIAN_POINT('',(-32.623125,-2.5,-33.8220833333333));
#11693=CARTESIAN_POINT('',(-62.4769444444445,-2.5,-43.8409722222222));
#11694=CARTESIAN_POINT('',(-62.4769444444445,-2.5,-16.9110416666667));
#11695=CARTESIAN_POINT('',(-56.9559722222222,-2.5,-43.8409722222222));
#11696=CARTESIAN_POINT('',(-31.2384722222222,-2.5,-43.8409722222222));
#11697=CARTESIAN_POINT('',(-56.9559722222222,-2.5,-46.2751388888889));
#11698=CARTESIAN_POINT('',(-56.9559722222222,-2.5,-21.9204861111111));
#11699=CARTESIAN_POINT('',(-28.4779861111111,-2.5,-46.2751388888889));
#11700=CARTESIAN_POINT('',(-5.30048611111113,-2.5,-11.9498611111111));
#11701=CARTESIAN_POINT('',(-2.53118055555557,-2.5,-11.9498611111111));
#11702=CARTESIAN_POINT('',(-2.65024305555556,-2.5,-11.9498611111111));
#11703=CARTESIAN_POINT('',(-2.53118055555557,-2.5,-24.4029166666667));
#11704=CARTESIAN_POINT('',(-2.53118055555557,-2.5,-5.97493055555556));
#11705=CARTESIAN_POINT('',(-5.30048611111113,-2.5,-24.4029166666667));
#11706=CARTESIAN_POINT('',(-1.26559027777779,-2.5,-24.4029166666667));
#11707=CARTESIAN_POINT('',(-5.30048611111113,-2.5,-12.2014583333333));
#11708=CARTESIAN_POINT('',(16.0602083333333,-2.5,-2.7423611111111));
#11709=CARTESIAN_POINT('Ctrl Pts',(16.0602083333333,-2.5,-2.7423611111111));
#11710=CARTESIAN_POINT('Ctrl Pts',(15.1194675925926,-2.5,-2.7423611111111));
#11711=CARTESIAN_POINT('Ctrl Pts',(14.2522222222222,-2.5,-2.57773148148145));
#11712=CARTESIAN_POINT('Ctrl Pts',(13.4584722222222,-2.5,-2.2484722222222));
#11713=CARTESIAN_POINT('Ctrl Pts',(12.6647222222222,-2.5,-1.91921296296295));
#11714=CARTESIAN_POINT('Ctrl Pts',(11.9679861111111,-2.5,-1.46060185185183));
#11715=CARTESIAN_POINT('Ctrl Pts',(11.3682638888889,-2.5,-0.872638888888861));
#11716=CARTESIAN_POINT('Ctrl Pts',(10.7685416666667,-2.5,-0.284675925925875));
#11717=CARTESIAN_POINT('Ctrl Pts',(10.3040509259259,-2.5,0.400300925925929));
#11718=CARTESIAN_POINT('Ctrl Pts',(9.97479166666665,-2.5,1.18229166666667));
#11719=CARTESIAN_POINT('Ctrl Pts',(9.64553240740739,-2.5,1.9642824074074));
#11720=CARTESIAN_POINT('Ctrl Pts',(9.48090277777776,-2.5,2.80800925925929));
#11721=CARTESIAN_POINT('Ctrl Pts',(9.48090277777776,-2.5,3.71347222222225));
#11722=CARTESIAN_POINT('Ctrl Pts',(9.48090277777776,-2.5,4.63069444444448));
#11723=CARTESIAN_POINT('Ctrl Pts',(9.64553240740739,-2.5,5.4773611111111));
#11724=CARTESIAN_POINT('Ctrl Pts',(9.97479166666665,-2.5,6.25347222222222));
#11725=CARTESIAN_POINT('Ctrl Pts',(10.3040509259259,-2.5,7.02958333333337));
#11726=CARTESIAN_POINT('Ctrl Pts',(10.7626620370371,-2.5,7.70868055555555));
#11727=CARTESIAN_POINT('Ctrl Pts',(11.350625,-2.5,8.2907638888889));
#11728=CARTESIAN_POINT('Ctrl Pts',(11.9385879629629,-2.5,8.87284722222224));
#11729=CARTESIAN_POINT('Ctrl Pts',(12.6294444444444,-2.5,9.32557870370372));
#11730=CARTESIAN_POINT('Ctrl Pts',(13.4231944444444,-2.5,9.64895833333335));
#11731=CARTESIAN_POINT('Ctrl Pts',(14.2169444444444,-2.5,9.97233796296296));
#11732=CARTESIAN_POINT('Ctrl Pts',(15.0841898148148,-2.5,10.1340277777778));
#11733=CARTESIAN_POINT('Ctrl Pts',(16.0249305555555,-2.5,10.1340277777778));
#11734=CARTESIAN_POINT('Ctrl Pts',(16.953912037037,-2.5,10.1340277777778));
#11735=CARTESIAN_POINT('Ctrl Pts',(17.8152777777778,-2.5,9.97233796296298));
#11736=CARTESIAN_POINT('Ctrl Pts',(18.6090277777778,-2.5,9.64895833333335));
#11737=CARTESIAN_POINT('Ctrl Pts',(19.4027777777778,-2.5,9.32557870370374));
#11738=CARTESIAN_POINT('Ctrl Pts',(20.0965740740741,-2.5,8.87284722222224));
#11739=CARTESIAN_POINT('Ctrl Pts',(20.6904166666666,-2.5,8.2907638888889));
#11740=CARTESIAN_POINT('Ctrl Pts',(21.2842592592592,-2.5,7.70868055555557));
#11741=CARTESIAN_POINT('Ctrl Pts',(21.7458101851852,-2.5,7.02664351851853));
#11742=CARTESIAN_POINT('Ctrl Pts',(22.0750694444444,-2.5,6.24465277777778));
#11743=CARTESIAN_POINT('Ctrl Pts',(22.4043287037037,-2.5,5.46266203703706));
#11744=CARTESIAN_POINT('Ctrl Pts',(22.5689583333333,-2.5,4.61305555555558));
#11745=CARTESIAN_POINT('Ctrl Pts',(22.5689583333333,-2.5,3.69583333333336));
#11746=CARTESIAN_POINT('Ctrl Pts',(22.5689583333333,-2.5,2.79037037037039));
#11747=CARTESIAN_POINT('Ctrl Pts',(22.4043287037037,-2.5,1.94664351851856));
#11748=CARTESIAN_POINT('Ctrl Pts',(22.0750694444444,-2.5,1.16465277777779));
#11749=CARTESIAN_POINT('Ctrl Pts',(21.7458101851852,-2.5,0.382662037037047));
#11750=CARTESIAN_POINT('Ctrl Pts',(21.287199074074,-2.5,-0.29937499999992));
#11751=CARTESIAN_POINT('Ctrl Pts',(20.6992361111111,-2.5,-0.881458333333303));
#11752=CARTESIAN_POINT('Ctrl Pts',(20.1112731481482,-2.5,-1.46354166666665));
#11753=CARTESIAN_POINT('Ctrl Pts',(19.4204166666667,-2.5,-1.91921296296295));
#11754=CARTESIAN_POINT('Ctrl Pts',(18.6266666666667,-2.5,-2.2484722222222));
#11755=CARTESIAN_POINT('Ctrl Pts',(17.8329166666666,-2.5,-2.57773148148145));
#11756=CARTESIAN_POINT('Ctrl Pts',(16.9774305555555,-2.5,-2.7423611111111));
#11757=CARTESIAN_POINT('Ctrl Pts',(16.0602083333333,-2.5,-2.7423611111111));
#11758=CARTESIAN_POINT('',(-27.3589387221957,-2.5,4.12717124107241));
#11759=CARTESIAN_POINT('',(-29.6421527777778,-2.5,-2.53069444444442));
#11760=CARTESIAN_POINT('Ctrl Pts',(-27.3589390704756,-2.5,4.12717052708922));
#11761=CARTESIAN_POINT('Ctrl Pts',(-26.9361441087039,-2.5,3.92093186634603));
#11762=CARTESIAN_POINT('Ctrl Pts',(-26.5771459001498,-2.5,3.65956020909533));
#11763=CARTESIAN_POINT('Ctrl Pts',(-26.2819444444445,-2.5,3.34305555555558));
#11764=CARTESIAN_POINT('Ctrl Pts',(-25.7116203703704,-2.5,2.7315740740741));
#11765=CARTESIAN_POINT('Ctrl Pts',(-25.4264583333334,-2.5,1.9789814814815));
#11766=CARTESIAN_POINT('Ctrl Pts',(-25.4264583333334,-2.5,1.0852777777778));
#11767=CARTESIAN_POINT('Ctrl Pts',(-25.4264583333334,-2.5,0.403240740740785));
#11768=CARTESIAN_POINT('Ctrl Pts',(-25.5940277777778,-2.5,-0.211180555555543));
#11769=CARTESIAN_POINT('Ctrl Pts',(-25.9291666666667,-2.5,-0.757986111111091));
#11770=CARTESIAN_POINT('Ctrl Pts',(-26.2643055555556,-2.5,-1.30479166666664));
#11771=CARTESIAN_POINT('Ctrl Pts',(-26.7464351851852,-2.5,-1.73694444444441));
#11772=CARTESIAN_POINT('Ctrl Pts',(-27.3755555555556,-2.5,-2.05444444444442));
#11773=CARTESIAN_POINT('Ctrl Pts',(-28.0046759259259,-2.5,-2.37194444444443));
#11774=CARTESIAN_POINT('Ctrl Pts',(-28.7602083333334,-2.5,-2.53069444444442));
#11775=CARTESIAN_POINT('Ctrl Pts',(-29.6421527777778,-2.5,-2.53069444444442));
#11776=CARTESIAN_POINT('',(-34.9514583333334,-2.5,-2.53069444444442));
#11777=CARTESIAN_POINT('',(-14.8210763888889,-2.5,-2.53069444444442));
#11778=CARTESIAN_POINT('',(-34.9514583333334,-2.5,9.92236111111113));
#11779=CARTESIAN_POINT('',(-34.9514583333334,-2.5,-1.26534722222221));
#11780=CARTESIAN_POINT('',(-29.606875,-2.5,9.92236111111113));
#11781=CARTESIAN_POINT('',(-17.4757291666667,-2.5,9.92236111111113));
#11782=CARTESIAN_POINT('Ctrl Pts',(-29.606875,-2.5,9.92236111111113));
#11783=CARTESIAN_POINT('Ctrl Pts',(-28.8072453703704,-2.5,9.92236111111113));
#11784=CARTESIAN_POINT('Ctrl Pts',(-28.1281481481481,-2.5,9.77537037037036));
#11785=CARTESIAN_POINT('Ctrl Pts',(-27.5695833333333,-2.5,9.4813888888889));
#11786=CARTESIAN_POINT('Ctrl Pts',(-27.0110185185185,-2.5,9.18740740740743));
#11787=CARTESIAN_POINT('Ctrl Pts',(-26.5847453703704,-2.5,8.79347222222226));
#11788=CARTESIAN_POINT('Ctrl Pts',(-26.2907638888889,-2.5,8.29958333333334));
#11789=CARTESIAN_POINT('Ctrl Pts',(-25.9967824074075,-2.5,7.80569444444449));
#11790=CARTESIAN_POINT('Ctrl Pts',(-25.8497916666667,-2.5,7.25888888888893));
#11791=CARTESIAN_POINT('Ctrl Pts',(-25.8497916666667,-2.5,6.6591666666667));
#11792=CARTESIAN_POINT('Ctrl Pts',(-25.8497916666667,-2.5,5.89481481481485));
#11793=CARTESIAN_POINT('Ctrl Pts',(-26.0967361111111,-2.5,5.24805555555556));
#11794=CARTESIAN_POINT('Ctrl Pts',(-26.590625,-2.5,4.71888888888889));
#11795=CARTESIAN_POINT('Ctrl Pts',(-26.8031722529355,-2.5,4.49115968931516));
#11796=CARTESIAN_POINT('Ctrl Pts',(-27.0592769553941,-2.5,4.29392070440764));
#11797=CARTESIAN_POINT('Ctrl Pts',(-27.3589391077546,-2.5,4.12717193395558));
#11798=CARTESIAN_POINT('Origin',(-65.0217967697245,0.,65.5));
#11799=CARTESIAN_POINT('',(-68.4858983848622,0.,63.5));
#11800=CARTESIAN_POINT('',(-65.0217967697245,0.,61.5));
#11801=CARTESIAN_POINT('Origin',(67.95,0.,61.5));
#11802=CARTESIAN_POINT('Origin',(65.45,4.,-55.));
#11803=CARTESIAN_POINT('',(65.45,0.,-55.));
#11804=CARTESIAN_POINT('',(65.45,4.,-59.));
#11805=CARTESIAN_POINT('Origin',(65.45,4.,-55.));
#11806=CARTESIAN_POINT('',(69.45,4.,-55.));
#11807=CARTESIAN_POINT('Origin',(65.45,4.,-55.));
#11808=CARTESIAN_POINT('Origin',(65.45,4.,-55.));
#11809=CARTESIAN_POINT('Origin',(65.45,4.,55.));
#11810=CARTESIAN_POINT('',(69.45,4.,55.));
#11811=CARTESIAN_POINT('',(65.45,4.,59.));
#11812=CARTESIAN_POINT('Origin',(65.45,4.,55.));
#11813=CARTESIAN_POINT('',(65.45,0.,55.));
#11814=CARTESIAN_POINT('Origin',(65.45,4.,55.));
#11815=CARTESIAN_POINT('Origin',(65.45,4.,55.));
#11816=CARTESIAN_POINT('Origin',(65.45,4.,-29.5));
#11817=CARTESIAN_POINT('',(65.45,0.,-29.5));
#11818=CARTESIAN_POINT('',(69.45,4.,-29.5));
#11819=CARTESIAN_POINT('Origin',(-65.45,4.,-55.));
#11820=CARTESIAN_POINT('',(-65.45,0.,-55.));
#11821=CARTESIAN_POINT('',(-69.45,4.,-55.));
#11822=CARTESIAN_POINT('Origin',(-65.45,4.,-55.));
#11823=CARTESIAN_POINT('',(-65.45,4.,-59.));
#11824=CARTESIAN_POINT('Origin',(-65.45,4.,-55.));
#11825=CARTESIAN_POINT('Origin',(-65.45,4.,-55.));
#11826=CARTESIAN_POINT('Origin',(-34.725,4.,-55.));
#11827=CARTESIAN_POINT('',(-34.725,0.,-55.));
#11828=CARTESIAN_POINT('',(-34.725,4.,-59.));
#11829=CARTESIAN_POINT('Origin',(-65.45,0.,-55.));
#11830=CARTESIAN_POINT('',(-69.45,26.6,-55.));
#11831=CARTESIAN_POINT('',(-68.2784271247462,27.7715728752538,-57.8284271247462));
#11832=CARTESIAN_POINT('Origin',(-65.45,30.6,-55.));
#11833=CARTESIAN_POINT('',(-69.45,0.,-55.));
#11834=CARTESIAN_POINT('',(-65.45,26.6,-59.));
#11835=CARTESIAN_POINT('',(-65.45,0.,-59.));
#11836=CARTESIAN_POINT('Origin',(-65.45,30.6,-55.));
#11837=CARTESIAN_POINT('Origin',(-65.45,4.,55.));
#11838=CARTESIAN_POINT('',(-65.45,0.,55.));
#11839=CARTESIAN_POINT('',(-65.45,4.,59.));
#11840=CARTESIAN_POINT('Origin',(-65.45,4.,55.));
#11841=CARTESIAN_POINT('',(-69.45,4.,55.));
#11842=CARTESIAN_POINT('Origin',(-65.45,4.,55.));
#11843=CARTESIAN_POINT('Origin',(-65.45,4.,55.));
#11844=CARTESIAN_POINT('Origin',(-65.45,4.,29.5));
#11845=CARTESIAN_POINT('',(-65.45,0.,29.5));
#11846=CARTESIAN_POINT('',(-69.45,4.,29.5));
#11847=CARTESIAN_POINT('Origin',(-65.45,0.,55.));
#11848=CARTESIAN_POINT('',(-65.45,26.6,59.));
#11849=CARTESIAN_POINT('',(-68.2784271247462,27.7715728752538,57.8284271247462));
#11850=CARTESIAN_POINT('Origin',(-65.45,30.6,55.));
#11851=CARTESIAN_POINT('',(-65.45,0.,59.));
#11852=CARTESIAN_POINT('',(-69.45,26.6,55.));
#11853=CARTESIAN_POINT('',(-69.45,0.,55.));
#11854=CARTESIAN_POINT('Origin',(-65.45,30.6,55.));
#11855=CARTESIAN_POINT('Origin',(34.725,4.,55.));
#11856=CARTESIAN_POINT('',(34.725,0.,55.));
#11857=CARTESIAN_POINT('',(34.725,4.,59.));
#11858=CARTESIAN_POINT('Origin',(65.45,0.,55.));
#11859=CARTESIAN_POINT('',(69.45,26.6,55.));
#11860=CARTESIAN_POINT('',(68.2784271247462,27.7715728752538,57.8284271247461));
#11861=CARTESIAN_POINT('Origin',(65.45,30.6,55.));
#11862=CARTESIAN_POINT('',(69.45,0.,55.));
#11863=CARTESIAN_POINT('',(65.45,26.6,59.));
#11864=CARTESIAN_POINT('',(65.45,0.,59.));
#11865=CARTESIAN_POINT('Origin',(65.45,30.6,55.));
#11866=CARTESIAN_POINT('Origin',(65.45,0.,-55.));
#11867=CARTESIAN_POINT('',(65.45,26.6,-59.));
#11868=CARTESIAN_POINT('',(68.2784271247462,27.7715728752538,-57.8284271247462));
#11869=CARTESIAN_POINT('Origin',(65.45,30.6,-55.));
#11870=CARTESIAN_POINT('',(65.45,0.,-59.));
#11871=CARTESIAN_POINT('',(69.45,26.6,-55.));
#11872=CARTESIAN_POINT('',(69.45,0.,-55.));
#11873=CARTESIAN_POINT('Origin',(65.45,30.6,-55.));
#11874=CARTESIAN_POINT('Origin',(-68.2,27.85,29.5));
#11875=CARTESIAN_POINT('',(-69.45,26.6,20.));
#11876=CARTESIAN_POINT('',(-69.45,26.6,29.5));
#11877=CARTESIAN_POINT('',(-66.95,29.1,20.));
#11878=CARTESIAN_POINT('',(-67.575,28.475,20.));
#11879=CARTESIAN_POINT('',(-66.95,29.1,56.5));
#11880=CARTESIAN_POINT('',(-66.95,29.1,56.5));
#11881=CARTESIAN_POINT('',(-69.45,26.6,59.));
#11882=CARTESIAN_POINT('Origin',(-69.45,0.,59.));
#11883=CARTESIAN_POINT('',(-69.45,26.6,-20.));
#11884=CARTESIAN_POINT('',(-69.45,26.6,29.5));
#11885=CARTESIAN_POINT('',(-69.45,15.8,-20.));
#11886=CARTESIAN_POINT('',(-69.45,15.8,20.));
#11887=CARTESIAN_POINT('Origin',(34.725,27.85,57.75));
#11888=CARTESIAN_POINT('',(66.95,29.1,56.5));
#11889=CARTESIAN_POINT('',(66.95,29.1,56.5));
#11890=CARTESIAN_POINT('',(69.45,26.6,59.));
#11891=CARTESIAN_POINT('',(34.725,26.6,59.));
#11892=CARTESIAN_POINT('Origin',(-68.2,27.85,29.5));
#11893=CARTESIAN_POINT('',(-66.95,29.1,-56.5));
#11894=CARTESIAN_POINT('',(-66.95,29.1,-56.5));
#11895=CARTESIAN_POINT('',(-66.95,29.1,-20.));
#11896=CARTESIAN_POINT('',(-66.95,29.1,56.5));
#11897=CARTESIAN_POINT('',(-66.95,29.1,-20.));
#11898=CARTESIAN_POINT('Origin',(-69.45,0.,-59.));
#11899=CARTESIAN_POINT('',(-34.725,26.6,-59.));
#11900=CARTESIAN_POINT('Origin',(-34.725,27.85,-57.75));
#11901=CARTESIAN_POINT('',(66.95,29.1,-56.5));
#11902=CARTESIAN_POINT('',(69.45,26.6,-59.));
#11903=CARTESIAN_POINT('',(-66.95,29.1,-56.5));
#11904=CARTESIAN_POINT('Origin',(0.,0.,0.));
#11905=CARTESIAN_POINT('Origin',(-71.95,0.,57.5));
#11906=CARTESIAN_POINT('',(-71.95,0.,54.5717967697245));
#11907=CARTESIAN_POINT('Origin',(-75.95,0.,54.5717967697245));
#11908=CARTESIAN_POINT('',(-73.95,0.,58.0358983848623));
#11909=CARTESIAN_POINT('Origin',(68.2,27.85,-29.5));
#11910=CARTESIAN_POINT('',(66.95,29.1,20.));
#11911=CARTESIAN_POINT('',(66.95,29.1,-56.5));
#11912=CARTESIAN_POINT('',(69.45,26.6,20.));
#11913=CARTESIAN_POINT('',(67.575,28.475,20.));
#11914=CARTESIAN_POINT('',(69.45,26.6,-29.5));
#11915=CARTESIAN_POINT('Origin',(68.2,27.85,-29.5));
#11916=CARTESIAN_POINT('',(69.45,26.6,-20.));
#11917=CARTESIAN_POINT('',(69.45,26.6,-29.5));
#11918=CARTESIAN_POINT('',(66.95,29.1,-20.));
#11919=CARTESIAN_POINT('',(66.95,29.1,-20.));
#11920=CARTESIAN_POINT('',(66.95,29.1,-56.5));
#11921=CARTESIAN_POINT('Origin',(69.45,0.,-59.));
#11922=CARTESIAN_POINT('',(69.45,31.6,20.));
#11923=CARTESIAN_POINT('',(69.45,31.6,-20.));
#11924=CARTESIAN_POINT('Ctrl Pts',(31.0073261385501,-2.5,38.874280423382));
#11925=CARTESIAN_POINT('Ctrl Pts',(31.0073261385501,-2.48,38.874280423382));
#11926=CARTESIAN_POINT('Ctrl Pts',(30.4981660590284,-2.5,38.3079113461613));
#11927=CARTESIAN_POINT('Ctrl Pts',(30.4981660590284,-2.48,38.3079113461613));
#11928=CARTESIAN_POINT('Ctrl Pts',(29.8230998861795,-2.5,38.0218663576659));
#11929=CARTESIAN_POINT('Ctrl Pts',(29.8230998861795,-2.48,38.0218663576659));
#11930=CARTESIAN_POINT('Ctrl Pts',(28.9878485197731,-2.5,38.0218663576659));
#11931=CARTESIAN_POINT('Ctrl Pts',(28.9878485197731,-2.48,38.0218663576659));
#11932=CARTESIAN_POINT('Ctrl Pts',(28.4272003423222,-2.5,38.0218663576659));
#11933=CARTESIAN_POINT('Ctrl Pts',(28.4272003423222,-2.48,38.0218663576659));
#11934=CARTESIAN_POINT('Ctrl Pts',(27.9294820623403,-2.5,38.1534470523738));
#11935=CARTESIAN_POINT('Ctrl Pts',(27.9294820623403,-2.48,38.1534470523738));
#11936=CARTESIAN_POINT('Ctrl Pts',(27.4889727800575,-2.5,38.4166084417895));
#11937=CARTESIAN_POINT('Ctrl Pts',(27.4889727800575,-2.48,38.4166084417895));
#11938=CARTESIAN_POINT('Ctrl Pts',(27.0484634977747,-2.5,38.6797698312052));
#11939=CARTESIAN_POINT('Ctrl Pts',(27.0484634977747,-2.48,38.6797698312052));
#11940=CARTESIAN_POINT('Ctrl Pts',(26.7109304113502,-2.5,39.0344656169394));
#11941=CARTESIAN_POINT('Ctrl Pts',(26.7109304113502,-2.48,39.0344656169394));
#11942=CARTESIAN_POINT('Ctrl Pts',(26.4706526210141,-2.5,39.492137598532));
#11943=CARTESIAN_POINT('Ctrl Pts',(26.4706526210141,-2.48,39.492137598532));
#11944=CARTESIAN_POINT('Ctrl Pts',(26.2303748306781,-2.5,39.9498095801245));
#11945=CARTESIAN_POINT('Ctrl Pts',(26.2303748306781,-2.48,39.9498095801245));
#11946=CARTESIAN_POINT('Ctrl Pts',(26.1045150357401,-2.5,40.4761323589559));
#11947=CARTESIAN_POINT('Ctrl Pts',(26.1045150357401,-2.48,40.4761323589559));
#11948=CARTESIAN_POINT('Ctrl Pts',(26.1045150357401,-2.5,41.0711059350262));
#11949=CARTESIAN_POINT('Ctrl Pts',(26.1045150357401,-2.48,41.0711059350262));
#11950=CARTESIAN_POINT('Ctrl Pts',(26.1045150357401,-2.5,41.6660795110965));
#11951=CARTESIAN_POINT('Ctrl Pts',(26.1045150357401,-2.48,41.6660795110965));
#11952=CARTESIAN_POINT('Ctrl Pts',(26.2246539309081,-2.5,42.1752395906182));
#11953=CARTESIAN_POINT('Ctrl Pts',(26.2246539309081,-2.48,42.1752395906182));
#11954=CARTESIAN_POINT('Ctrl Pts',(26.4706526210141,-2.5,42.6329115722107));
#11955=CARTESIAN_POINT('Ctrl Pts',(26.4706526210141,-2.48,42.6329115722107));
#11956=CARTESIAN_POINT('Ctrl Pts',(26.7166513111201,-2.5,43.0905835538033));
#11957=CARTESIAN_POINT('Ctrl Pts',(26.7166513111201,-2.48,43.0905835538033));
#11958=CARTESIAN_POINT('Ctrl Pts',(27.0541843975446,-2.5,43.4452793395375));
#11959=CARTESIAN_POINT('Ctrl Pts',(27.0541843975446,-2.48,43.4452793395375));
#11960=CARTESIAN_POINT('Ctrl Pts',(27.4832518802876,-2.5,43.7084407289532));
#11961=CARTESIAN_POINT('Ctrl Pts',(27.4832518802876,-2.48,43.7084407289532));
#11962=CARTESIAN_POINT('Ctrl Pts',(27.9123193630306,-2.5,43.9716021183689));
#11963=CARTESIAN_POINT('Ctrl Pts',(27.9123193630306,-2.48,43.9716021183689));
#11964=CARTESIAN_POINT('Ctrl Pts',(28.4100376430125,-2.5,44.1031828130767));
#11965=CARTESIAN_POINT('Ctrl Pts',(28.4100376430125,-2.48,44.1031828130767));
#11966=CARTESIAN_POINT('Ctrl Pts',(28.9706858204633,-2.5,44.1031828130768));
#11967=CARTESIAN_POINT('Ctrl Pts',(28.9706858204633,-2.48,44.1031828130768));
#11968=CARTESIAN_POINT('Ctrl Pts',(29.5313339979142,-2.5,44.1031828130768));
#11969=CARTESIAN_POINT('Ctrl Pts',(29.5313339979142,-2.48,44.1031828130768));
#11970=CARTESIAN_POINT('Ctrl Pts',(30.0233313781262,-2.5,43.9773230181388));
#11971=CARTESIAN_POINT('Ctrl Pts',(30.0233313781262,-2.48,43.9773230181388));
#11972=CARTESIAN_POINT('Ctrl Pts',(30.4466779610993,-2.5,43.719882528493));
#11973=CARTESIAN_POINT('Ctrl Pts',(30.4466779610993,-2.48,43.719882528493));
#11974=CARTESIAN_POINT('Ctrl Pts',(30.8700245440724,-2.5,43.4624420388472));
#11975=CARTESIAN_POINT('Ctrl Pts',(30.8700245440724,-2.48,43.4624420388472));
#11976=CARTESIAN_POINT('Ctrl Pts',(31.196115830957,-2.5,43.107746253113));
#11977=CARTESIAN_POINT('Ctrl Pts',(31.196115830957,-2.48,43.107746253113));
#11978=CARTESIAN_POINT('Ctrl Pts',(31.4306727215232,-2.5,42.6500742715204));
#11979=CARTESIAN_POINT('Ctrl Pts',(31.4306727215232,-2.48,42.6500742715204));
#11980=CARTESIAN_POINT('',(31.4306727215232,-2.5,42.6500742715204));
#11981=CARTESIAN_POINT('',(31.0073261385501,-2.5,38.874280423382));
#11982=CARTESIAN_POINT('Ctrl Pts',(31.4306727215232,-2.5,42.6500742715204));
#11983=CARTESIAN_POINT('Ctrl Pts',(31.196115830957,-2.5,43.107746253113));
#11984=CARTESIAN_POINT('Ctrl Pts',(30.8700245440724,-2.5,43.4624420388472));
#11985=CARTESIAN_POINT('Ctrl Pts',(30.4466779610993,-2.5,43.719882528493));
#11986=CARTESIAN_POINT('Ctrl Pts',(30.0233313781262,-2.5,43.9773230181388));
#11987=CARTESIAN_POINT('Ctrl Pts',(29.5313339979142,-2.5,44.1031828130768));
#11988=CARTESIAN_POINT('Ctrl Pts',(28.9706858204633,-2.5,44.1031828130768));
#11989=CARTESIAN_POINT('Ctrl Pts',(28.4100376430125,-2.5,44.1031828130767));
#11990=CARTESIAN_POINT('Ctrl Pts',(27.9123193630306,-2.5,43.9716021183689));
#11991=CARTESIAN_POINT('Ctrl Pts',(27.4832518802876,-2.5,43.7084407289532));
#11992=CARTESIAN_POINT('Ctrl Pts',(27.0541843975446,-2.5,43.4452793395375));
#11993=CARTESIAN_POINT('Ctrl Pts',(26.7166513111201,-2.5,43.0905835538033));
#11994=CARTESIAN_POINT('Ctrl Pts',(26.4706526210141,-2.5,42.6329115722107));
#11995=CARTESIAN_POINT('Ctrl Pts',(26.2246539309081,-2.5,42.1752395906182));
#11996=CARTESIAN_POINT('Ctrl Pts',(26.1045150357401,-2.5,41.6660795110965));
#11997=CARTESIAN_POINT('Ctrl Pts',(26.1045150357401,-2.5,41.0711059350262));
#11998=CARTESIAN_POINT('Ctrl Pts',(26.1045150357401,-2.5,40.4761323589559));
#11999=CARTESIAN_POINT('Ctrl Pts',(26.2303748306781,-2.5,39.9498095801245));
#12000=CARTESIAN_POINT('Ctrl Pts',(26.4706526210141,-2.5,39.492137598532));
#12001=CARTESIAN_POINT('Ctrl Pts',(26.7109304113502,-2.5,39.0344656169394));
#12002=CARTESIAN_POINT('Ctrl Pts',(27.0484634977747,-2.5,38.6797698312052));
#12003=CARTESIAN_POINT('Ctrl Pts',(27.4889727800575,-2.5,38.4166084417895));
#12004=CARTESIAN_POINT('Ctrl Pts',(27.9294820623403,-2.5,38.1534470523738));
#12005=CARTESIAN_POINT('Ctrl Pts',(28.4272003423222,-2.5,38.0218663576659));
#12006=CARTESIAN_POINT('Ctrl Pts',(28.9878485197731,-2.5,38.0218663576659));
#12007=CARTESIAN_POINT('Ctrl Pts',(29.8230998861795,-2.5,38.0218663576659));
#12008=CARTESIAN_POINT('Ctrl Pts',(30.4981660590284,-2.5,38.3079113461613));
#12009=CARTESIAN_POINT('Ctrl Pts',(31.0073261385501,-2.5,38.874280423382));
#12010=CARTESIAN_POINT('',(31.4306727215232,-2.48,42.6500742715204));
#12011=CARTESIAN_POINT('',(31.4306727215232,-2.5,42.6500742715204));
#12012=CARTESIAN_POINT('',(31.0073261385501,-2.48,38.874280423382));
#12013=CARTESIAN_POINT('Ctrl Pts',(31.0073261385501,-2.48,38.874280423382));
#12014=CARTESIAN_POINT('Ctrl Pts',(30.4981660590284,-2.48,38.3079113461613));
#12015=CARTESIAN_POINT('Ctrl Pts',(29.8230998861795,-2.48,38.0218663576659));
#12016=CARTESIAN_POINT('Ctrl Pts',(28.9878485197731,-2.48,38.0218663576659));
#12017=CARTESIAN_POINT('Ctrl Pts',(28.4272003423222,-2.48,38.0218663576659));
#12018=CARTESIAN_POINT('Ctrl Pts',(27.9294820623403,-2.48,38.1534470523738));
#12019=CARTESIAN_POINT('Ctrl Pts',(27.4889727800575,-2.48,38.4166084417895));
#12020=CARTESIAN_POINT('Ctrl Pts',(27.0484634977747,-2.48,38.6797698312052));
#12021=CARTESIAN_POINT('Ctrl Pts',(26.7109304113502,-2.48,39.0344656169394));
#12022=CARTESIAN_POINT('Ctrl Pts',(26.4706526210141,-2.48,39.492137598532));
#12023=CARTESIAN_POINT('Ctrl Pts',(26.2303748306781,-2.48,39.9498095801245));
#12024=CARTESIAN_POINT('Ctrl Pts',(26.1045150357401,-2.48,40.4761323589559));
#12025=CARTESIAN_POINT('Ctrl Pts',(26.1045150357401,-2.48,41.0711059350262));
#12026=CARTESIAN_POINT('Ctrl Pts',(26.1045150357401,-2.48,41.6660795110965));
#12027=CARTESIAN_POINT('Ctrl Pts',(26.2246539309081,-2.48,42.1752395906182));
#12028=CARTESIAN_POINT('Ctrl Pts',(26.4706526210141,-2.48,42.6329115722107));
#12029=CARTESIAN_POINT('Ctrl Pts',(26.7166513111201,-2.48,43.0905835538033));
#12030=CARTESIAN_POINT('Ctrl Pts',(27.0541843975446,-2.48,43.4452793395375));
#12031=CARTESIAN_POINT('Ctrl Pts',(27.4832518802876,-2.48,43.7084407289532));
#12032=CARTESIAN_POINT('Ctrl Pts',(27.9123193630306,-2.48,43.9716021183689));
#12033=CARTESIAN_POINT('Ctrl Pts',(28.4100376430125,-2.48,44.1031828130767));
#12034=CARTESIAN_POINT('Ctrl Pts',(28.9706858204633,-2.48,44.1031828130768));
#12035=CARTESIAN_POINT('Ctrl Pts',(29.5313339979142,-2.48,44.1031828130768));
#12036=CARTESIAN_POINT('Ctrl Pts',(30.0233313781262,-2.48,43.9773230181388));
#12037=CARTESIAN_POINT('Ctrl Pts',(30.4466779610993,-2.48,43.719882528493));
#12038=CARTESIAN_POINT('Ctrl Pts',(30.8700245440724,-2.48,43.4624420388472));
#12039=CARTESIAN_POINT('Ctrl Pts',(31.196115830957,-2.48,43.107746253113));
#12040=CARTESIAN_POINT('Ctrl Pts',(31.4306727215232,-2.48,42.6500742715204));
#12041=CARTESIAN_POINT('',(31.0073261385501,-2.5,38.874280423382));
#12042=CARTESIAN_POINT('Origin',(31.0073261385501,-2.5,38.8685595236121));
#12043=CARTESIAN_POINT('',(31.0073261385501,-2.5,38.8685595236121));
#12044=CARTESIAN_POINT('',(31.0073261385501,-2.5,38.874280423382));
#12045=CARTESIAN_POINT('',(31.0073261385501,-2.48,38.8685595236121));
#12046=CARTESIAN_POINT('',(31.0073261385501,-2.48,39.9684025043767));
#12047=CARTESIAN_POINT('',(31.0073261385501,-2.5,38.8685595236121));
#12048=CARTESIAN_POINT('Ctrl Pts',(31.4306727215232,-2.5,42.6500742715204));
#12049=CARTESIAN_POINT('Ctrl Pts',(31.4306727215232,-2.48,42.6500742715204));
#12050=CARTESIAN_POINT('Ctrl Pts',(31.6595087123195,-2.5,42.1924022899279));
#12051=CARTESIAN_POINT('Ctrl Pts',(31.6595087123195,-2.48,42.1924022899279));
#12052=CARTESIAN_POINT('Ctrl Pts',(31.7739267077176,-2.5,41.6603586113266));
#12053=CARTESIAN_POINT('Ctrl Pts',(31.7739267077176,-2.48,41.6603586113266));
#12054=CARTESIAN_POINT('Ctrl Pts',(31.7739267077176,-2.5,41.0482223359466));
#12055=CARTESIAN_POINT('Ctrl Pts',(31.7739267077176,-2.48,41.0482223359466));
#12056=CARTESIAN_POINT('Ctrl Pts',(31.7739267077176,-2.5,40.161482871611));
#12057=CARTESIAN_POINT('Ctrl Pts',(31.7739267077176,-2.48,40.161482871611));
#12058=CARTESIAN_POINT('Ctrl Pts',(31.5164862180718,-2.5,39.4349286008329));
#12059=CARTESIAN_POINT('Ctrl Pts',(31.5164862180718,-2.48,39.4349286008329));
#12060=CARTESIAN_POINT('Ctrl Pts',(31.0073261385501,-2.5,38.8685595236121));
#12061=CARTESIAN_POINT('Ctrl Pts',(31.0073261385501,-2.48,38.8685595236121));
#12062=CARTESIAN_POINT('Ctrl Pts',(31.0073261385501,-2.5,38.8685595236121));
#12063=CARTESIAN_POINT('Ctrl Pts',(31.5164862180718,-2.5,39.4349286008329));
#12064=CARTESIAN_POINT('Ctrl Pts',(31.7739267077176,-2.5,40.161482871611));
#12065=CARTESIAN_POINT('Ctrl Pts',(31.7739267077176,-2.5,41.0482223359466));
#12066=CARTESIAN_POINT('Ctrl Pts',(31.7739267077176,-2.5,41.6603586113266));
#12067=CARTESIAN_POINT('Ctrl Pts',(31.6595087123195,-2.5,42.1924022899279));
#12068=CARTESIAN_POINT('Ctrl Pts',(31.4306727215232,-2.5,42.6500742715204));
#12069=CARTESIAN_POINT('Ctrl Pts',(31.4306727215232,-2.48,42.6500742715204));
#12070=CARTESIAN_POINT('Ctrl Pts',(31.6595087123195,-2.48,42.1924022899279));
#12071=CARTESIAN_POINT('Ctrl Pts',(31.7739267077176,-2.48,41.6603586113266));
#12072=CARTESIAN_POINT('Ctrl Pts',(31.7739267077176,-2.48,41.0482223359466));
#12073=CARTESIAN_POINT('Ctrl Pts',(31.7739267077176,-2.48,40.161482871611));
#12074=CARTESIAN_POINT('Ctrl Pts',(31.5164862180718,-2.48,39.4349286008329));
#12075=CARTESIAN_POINT('Ctrl Pts',(31.0073261385501,-2.48,38.8685595236121));
#12076=CARTESIAN_POINT('Origin',(28.9392208717289,-2.5,41.0625245853713));
#12077=CARTESIAN_POINT('Ctrl Pts',(0.0458165838150748,-2.5,41.8319856044238));
#12078=CARTESIAN_POINT('Ctrl Pts',(0.0458165838150748,-2.48,41.8319856044238));
#12079=CARTESIAN_POINT('Ctrl Pts',(0.10302558151416,-2.5,42.1523559915386));
#12080=CARTESIAN_POINT('Ctrl Pts',(0.10302558151416,-2.48,42.1523559915386));
#12081=CARTESIAN_POINT('Ctrl Pts',(0.18883907806277,-2.5,42.4498427795737));
#12082=CARTESIAN_POINT('Ctrl Pts',(0.18883907806277,-2.48,42.4498427795737));
#12083=CARTESIAN_POINT('Ctrl Pts',(0.326140672540518,-2.5,42.7130041689894));
#12084=CARTESIAN_POINT('Ctrl Pts',(0.326140672540518,-2.48,42.7130041689894));
#12085=CARTESIAN_POINT('',(0.326140672540518,-2.5,42.7130041689894));
#12086=CARTESIAN_POINT('',(0.0458165838150748,-2.5,41.8319856044238));
#12087=CARTESIAN_POINT('Ctrl Pts',(0.326140672540518,-2.5,42.7130041689894));
#12088=CARTESIAN_POINT('Ctrl Pts',(0.18883907806277,-2.5,42.4498427795737));
#12089=CARTESIAN_POINT('Ctrl Pts',(0.10302558151416,-2.5,42.1523559915386));
#12090=CARTESIAN_POINT('Ctrl Pts',(0.0458165838150748,-2.5,41.8319856044238));
#12091=CARTESIAN_POINT('',(0.326140672540518,-2.48,42.7130041689894));
#12092=CARTESIAN_POINT('',(0.326140672540518,-2.5,42.7130041689894));
#12093=CARTESIAN_POINT('',(0.0458165838150748,-2.48,41.8319856044238));
#12094=CARTESIAN_POINT('Ctrl Pts',(0.0458165838150748,-2.48,41.8319856044238));
#12095=CARTESIAN_POINT('Ctrl Pts',(0.10302558151416,-2.48,42.1523559915386));
#12096=CARTESIAN_POINT('Ctrl Pts',(0.18883907806277,-2.48,42.4498427795737));
#12097=CARTESIAN_POINT('Ctrl Pts',(0.326140672540518,-2.48,42.7130041689894));
#12098=CARTESIAN_POINT('',(0.0458165838150748,-2.5,41.8319856044238));
#12099=CARTESIAN_POINT('Origin',(5.42346236752739,-2.5,41.8319856044238));
#12100=CARTESIAN_POINT('',(5.42346236752739,-2.5,41.8319856044238));
#12101=CARTESIAN_POINT('',(0.0458165838150748,-2.5,41.8319856044238));
#12102=CARTESIAN_POINT('',(5.42346236752739,-2.48,41.8319856044238));
#12103=CARTESIAN_POINT('',(4.06474867217455,-2.48,41.8319856044238));
#12104=CARTESIAN_POINT('',(5.42346236752739,-2.5,41.8319856044238));
#12105=CARTESIAN_POINT('Ctrl Pts',(5.16030097811168,-2.5,42.8159803648477));
#12106=CARTESIAN_POINT('Ctrl Pts',(5.16030097811168,-2.48,42.8159803648477));
#12107=CARTESIAN_POINT('Ctrl Pts',(5.30332347235937,-2.5,42.5356562761223));
#12108=CARTESIAN_POINT('Ctrl Pts',(5.30332347235937,-2.48,42.5356562761223));
#12109=CARTESIAN_POINT('Ctrl Pts',(5.37769516936816,-2.5,42.1981231896978));
#12110=CARTESIAN_POINT('Ctrl Pts',(5.37769516936816,-2.48,42.1981231896978));
#12111=CARTESIAN_POINT('Ctrl Pts',(5.42346236752739,-2.5,41.8319856044238));
#12112=CARTESIAN_POINT('Ctrl Pts',(5.42346236752739,-2.48,41.8319856044238));
#12113=CARTESIAN_POINT('',(5.16030097811168,-2.5,42.8159803648477));
#12114=CARTESIAN_POINT('Ctrl Pts',(5.42346236752739,-2.5,41.8319856044238));
#12115=CARTESIAN_POINT('Ctrl Pts',(5.37769516936816,-2.5,42.1981231896978));
#12116=CARTESIAN_POINT('Ctrl Pts',(5.30332347235937,-2.5,42.5356562761223));
#12117=CARTESIAN_POINT('Ctrl Pts',(5.16030097811168,-2.5,42.8159803648477));
#12118=CARTESIAN_POINT('',(5.16030097811168,-2.48,42.8159803648477));
#12119=CARTESIAN_POINT('Ctrl Pts',(5.16030097811168,-2.48,42.8159803648477));
#12120=CARTESIAN_POINT('Ctrl Pts',(5.30332347235937,-2.48,42.5356562761223));
#12121=CARTESIAN_POINT('Ctrl Pts',(5.37769516936816,-2.48,42.1981231896978));
#12122=CARTESIAN_POINT('Ctrl Pts',(5.42346236752739,-2.48,41.8319856044238));
#12123=CARTESIAN_POINT('',(5.16030097811168,-2.5,42.8159803648477));
#12124=CARTESIAN_POINT('Ctrl Pts',(4.26211971423634,-2.5,43.7885333257319));
#12125=CARTESIAN_POINT('Ctrl Pts',(4.84320885373489,-2.5,43.4416085420454));
#12126=CARTESIAN_POINT('Ctrl Pts',(5.16030097811168,-2.5,42.8159803648477));
#12127=CARTESIAN_POINT('Ctrl Pts',(4.26211971423634,-2.48,43.7885333257319));
#12128=CARTESIAN_POINT('Ctrl Pts',(4.84320885373489,-2.48,43.4416085420454));
#12129=CARTESIAN_POINT('Ctrl Pts',(5.16030097811168,-2.48,42.8159803648477));
#12130=CARTESIAN_POINT('',(4.26211971423633,-2.5,43.7885333257319));
#12131=CARTESIAN_POINT('Origin',(-2.35183062523527,-2.5,35.8457578150553));
#12132=CARTESIAN_POINT('',(4.26211971423633,-2.48,43.7885333257319));
#12133=CARTESIAN_POINT('Origin',(-2.35183062523527,-2.48,35.8457578150553));
#12134=CARTESIAN_POINT('',(4.26211971423633,-2.5,43.7885333257319));
#12135=CARTESIAN_POINT('Ctrl Pts',(1.34446083158391,-2.5,43.7656497266523));
#12136=CARTESIAN_POINT('Ctrl Pts',(1.34446083158391,-2.48,43.7656497266523));
#12137=CARTESIAN_POINT('Ctrl Pts',(1.77924921409684,-2.5,44.0173693165281));
#12138=CARTESIAN_POINT('Ctrl Pts',(1.77924921409684,-2.48,44.0173693165281));
#12139=CARTESIAN_POINT('Ctrl Pts',(2.28840929361851,-2.5,44.1375082116962));
#12140=CARTESIAN_POINT('Ctrl Pts',(2.28840929361851,-2.48,44.1375082116962));
#12141=CARTESIAN_POINT('Ctrl Pts',(2.8604992706092,-2.5,44.1375082116962));
#12142=CARTESIAN_POINT('Ctrl Pts',(2.8604992706092,-2.48,44.1375082116962));
#12143=CARTESIAN_POINT('Ctrl Pts',(3.43258924759986,-2.5,44.1375082116962));
#12144=CARTESIAN_POINT('Ctrl Pts',(3.43258924759986,-2.48,44.1375082116962));
#12145=CARTESIAN_POINT('Ctrl Pts',(3.87881942965258,-2.5,44.0230902162981));
#12146=CARTESIAN_POINT('Ctrl Pts',(3.87881942965258,-2.48,44.0230902162981));
#12147=CARTESIAN_POINT('Ctrl Pts',(4.26211971423633,-2.5,43.7885333257319));
#12148=CARTESIAN_POINT('Ctrl Pts',(4.26211971423633,-2.48,43.7885333257319));
#12149=CARTESIAN_POINT('',(1.34446083158391,-2.5,43.7656497266523));
#12150=CARTESIAN_POINT('Ctrl Pts',(4.26211971423633,-2.5,43.7885333257319));
#12151=CARTESIAN_POINT('Ctrl Pts',(3.87881942965258,-2.5,44.0230902162981));
#12152=CARTESIAN_POINT('Ctrl Pts',(3.43258924759986,-2.5,44.1375082116962));
#12153=CARTESIAN_POINT('Ctrl Pts',(2.8604992706092,-2.5,44.1375082116962));
#12154=CARTESIAN_POINT('Ctrl Pts',(2.28840929361851,-2.5,44.1375082116962));
#12155=CARTESIAN_POINT('Ctrl Pts',(1.77924921409684,-2.5,44.0173693165281));
#12156=CARTESIAN_POINT('Ctrl Pts',(1.34446083158391,-2.5,43.7656497266523));
#12157=CARTESIAN_POINT('',(1.34446083158391,-2.48,43.7656497266523));
#12158=CARTESIAN_POINT('Ctrl Pts',(1.34446083158391,-2.48,43.7656497266523));
#12159=CARTESIAN_POINT('Ctrl Pts',(1.77924921409684,-2.48,44.0173693165281));
#12160=CARTESIAN_POINT('Ctrl Pts',(2.28840929361851,-2.48,44.1375082116962));
#12161=CARTESIAN_POINT('Ctrl Pts',(2.8604992706092,-2.48,44.1375082116962));
#12162=CARTESIAN_POINT('Ctrl Pts',(3.43258924759986,-2.48,44.1375082116962));
#12163=CARTESIAN_POINT('Ctrl Pts',(3.87881942965258,-2.48,44.0230902162981));
#12164=CARTESIAN_POINT('Ctrl Pts',(4.26211971423633,-2.48,43.7885333257319));
#12165=CARTESIAN_POINT('',(1.34446083158391,-2.5,43.7656497266523));
#12166=CARTESIAN_POINT('Origin',(1.33301903204408,-2.5,43.7599288268824));
#12167=CARTESIAN_POINT('',(1.33301903204408,-2.5,43.7599288268824));
#12168=CARTESIAN_POINT('',(1.34446083158391,-2.5,43.7656497266523));
#12169=CARTESIAN_POINT('',(1.33301903204408,-2.48,43.7599288268824));
#12170=CARTESIAN_POINT('',(1.34274456165293,-2.48,43.7647915916868));
#12171=CARTESIAN_POINT('',(1.33301903204408,-2.5,43.7599288268824));
#12172=CARTESIAN_POINT('Ctrl Pts',(0.326140672540515,-2.5,42.7130041689894));
#12173=CARTESIAN_POINT('Ctrl Pts',(0.683212914274906,-2.5,43.3922901710872));
#12174=CARTESIAN_POINT('Ctrl Pts',(1.33301903204408,-2.5,43.7599288268824));
#12175=CARTESIAN_POINT('Ctrl Pts',(0.326140672540515,-2.48,42.7130041689894));
#12176=CARTESIAN_POINT('Ctrl Pts',(0.683212914274906,-2.48,43.3922901710872));
#12177=CARTESIAN_POINT('Ctrl Pts',(1.33301903204408,-2.48,43.7599288268824));
#12178=CARTESIAN_POINT('Origin',(7.44312349594494,-2.5,36.1956232784238));
#12179=CARTESIAN_POINT('Origin',(7.44312349594494,-2.48,36.1956232784238));
#12180=CARTESIAN_POINT('Origin',(2.73463947567123,-2.5,42.98474690806));
#12181=CARTESIAN_POINT('Origin',(-12.1796527777778,-2.5,9.92236111111113));
#12182=CARTESIAN_POINT('',(-12.1796527777778,-2.48,9.92236111111113));
#12183=CARTESIAN_POINT('',(-12.1796527777778,-2.5,9.92236111111113));
#12184=CARTESIAN_POINT('',(-1.61395833333334,-2.48,9.92236111111113));
#12185=CARTESIAN_POINT('',(-1.61395833333334,-2.48,9.92236111111113));
#12186=CARTESIAN_POINT('',(-1.61395833333334,-2.5,9.92236111111113));
#12187=CARTESIAN_POINT('Origin',(-12.1796527777778,-2.5,7.50583333333335));
#12188=CARTESIAN_POINT('',(-12.1796527777778,-2.48,7.50583333333335));
#12189=CARTESIAN_POINT('',(-12.1796527777778,-2.5,7.50583333333335));
#12190=CARTESIAN_POINT('',(-12.1796527777778,-2.48,9.92236111111113));
#12191=CARTESIAN_POINT('Origin',(-8.28145833333334,-2.5,7.50583333333335));
#12192=CARTESIAN_POINT('',(-8.28145833333334,-2.48,7.50583333333335));
#12193=CARTESIAN_POINT('',(-8.28145833333334,-2.5,7.50583333333335));
#12194=CARTESIAN_POINT('',(-12.1796527777778,-2.48,7.50583333333335));
#12195=CARTESIAN_POINT('Origin',(-8.28145833333334,-2.5,-2.53069444444442));
#12196=CARTESIAN_POINT('',(-8.28145833333334,-2.48,-2.53069444444442));
#12197=CARTESIAN_POINT('',(-8.28145833333334,-2.5,-2.53069444444442));
#12198=CARTESIAN_POINT('',(-8.28145833333334,-2.48,7.50583333333335));
#12199=CARTESIAN_POINT('Origin',(-5.51215277777779,-2.5,-2.53069444444442));
#12200=CARTESIAN_POINT('',(-5.51215277777779,-2.48,-2.53069444444442));
#12201=CARTESIAN_POINT('',(-5.51215277777779,-2.5,-2.53069444444442));
#12202=CARTESIAN_POINT('',(-8.28145833333334,-2.48,-2.53069444444442));
#12203=CARTESIAN_POINT('Origin',(-5.51215277777779,-2.5,7.50583333333335));
#12204=CARTESIAN_POINT('',(-5.51215277777779,-2.48,7.50583333333335));
#12205=CARTESIAN_POINT('',(-5.51215277777779,-2.5,7.50583333333335));
#12206=CARTESIAN_POINT('',(-5.51215277777779,-2.48,-2.53069444444442));
#12207=CARTESIAN_POINT('Origin',(-1.61395833333334,-2.5,7.50583333333335));
#12208=CARTESIAN_POINT('',(-1.61395833333334,-2.48,7.50583333333335));
#12209=CARTESIAN_POINT('',(-1.61395833333334,-2.5,7.50583333333335));
#12210=CARTESIAN_POINT('',(-5.51215277777779,-2.48,7.50583333333335));
#12211=CARTESIAN_POINT('Origin',(-1.61395833333334,-2.5,9.92236111111113));
#12212=CARTESIAN_POINT('',(-1.61395833333334,-2.48,7.50583333333335));
#12213=CARTESIAN_POINT('Origin',(-6.89680555555556,-2.48,3.69583333333336));
#12214=CARTESIAN_POINT('Ctrl Pts',(-29.3775694444444,-2.5,-24.5969444444444));
#12215=CARTESIAN_POINT('Ctrl Pts',(-29.3775694444444,-2.48,-24.5969444444444));
#12216=CARTESIAN_POINT('Ctrl Pts',(-30.400625,-2.5,-24.5969444444444));
#12217=CARTESIAN_POINT('Ctrl Pts',(-30.400625,-2.48,-24.5969444444444));
#12218=CARTESIAN_POINT('Ctrl Pts',(-31.2796296296296,-2.5,-24.429375));
#12219=CARTESIAN_POINT('Ctrl Pts',(-31.2796296296296,-2.48,-24.429375));
#12220=CARTESIAN_POINT('Ctrl Pts',(-32.0145833333333,-2.5,-24.0942361111111));
#12221=CARTESIAN_POINT('Ctrl Pts',(-32.0145833333333,-2.48,-24.0942361111111));
#12222=CARTESIAN_POINT('Ctrl Pts',(-32.7495370370371,-2.5,-23.7590972222222));
#12223=CARTESIAN_POINT('Ctrl Pts',(-32.7495370370371,-2.48,-23.7590972222222));
#12224=CARTESIAN_POINT('Ctrl Pts',(-33.4227546296296,-2.5,-23.2505092592592));
#12225=CARTESIAN_POINT('Ctrl Pts',(-33.4227546296296,-2.48,-23.2505092592592));
#12226=CARTESIAN_POINT('Ctrl Pts',(-34.0342361111111,-2.5,-22.5684722222222));
#12227=CARTESIAN_POINT('Ctrl Pts',(-34.0342361111111,-2.48,-22.5684722222222));
#12228=CARTESIAN_POINT('',(-29.3775694445508,-2.48,-24.5969444444444));
#12229=CARTESIAN_POINT('',(-29.3775694445508,-2.5,-24.5969444444444));
#12230=CARTESIAN_POINT('',(-34.0342361111111,-2.48,-22.5684722222222));
#12231=CARTESIAN_POINT('Ctrl Pts',(-29.3775694444444,-2.48,-24.5969444444444));
#12232=CARTESIAN_POINT('Ctrl Pts',(-30.400625,-2.48,-24.5969444444444));
#12233=CARTESIAN_POINT('Ctrl Pts',(-31.2796296296296,-2.48,-24.429375));
#12234=CARTESIAN_POINT('Ctrl Pts',(-32.0145833333333,-2.48,-24.0942361111111));
#12235=CARTESIAN_POINT('Ctrl Pts',(-32.7495370370371,-2.48,-23.7590972222222));
#12236=CARTESIAN_POINT('Ctrl Pts',(-33.4227546296296,-2.48,-23.2505092592592));
#12237=CARTESIAN_POINT('Ctrl Pts',(-34.0342361111111,-2.48,-22.5684722222222));
#12238=CARTESIAN_POINT('',(-34.0342361111111,-2.5,-22.5684722222222));
#12239=CARTESIAN_POINT('Ctrl Pts',(-26.431875,-2.5,-15.2483333333333));
#12240=CARTESIAN_POINT('Ctrl Pts',(-26.431875,-2.48,-15.2483333333333));
#12241=CARTESIAN_POINT('Ctrl Pts',(-26.8081712962963,-2.5,-14.8602777777778));
#12242=CARTESIAN_POINT('Ctrl Pts',(-26.8081712962963,-2.48,-14.8602777777778));
#12243=CARTESIAN_POINT('Ctrl Pts',(-27.1874074074074,-2.5,-14.5721759259259));
#12244=CARTESIAN_POINT('Ctrl Pts',(-27.1874074074074,-2.48,-14.5721759259259));
#12245=CARTESIAN_POINT('Ctrl Pts',(-27.5695833333333,-2.5,-14.3840277777778));
#12246=CARTESIAN_POINT('Ctrl Pts',(-27.5695833333333,-2.48,-14.3840277777778));
#12247=CARTESIAN_POINT('Ctrl Pts',(-27.9517592592592,-2.5,-14.1958796296296));
#12248=CARTESIAN_POINT('Ctrl Pts',(-27.9517592592592,-2.48,-14.1958796296296));
#12249=CARTESIAN_POINT('Ctrl Pts',(-28.383912037037,-2.5,-14.1018055555555));
#12250=CARTESIAN_POINT('Ctrl Pts',(-28.383912037037,-2.48,-14.1018055555555));
#12251=CARTESIAN_POINT('Ctrl Pts',(-28.8660416666667,-2.5,-14.1018055555555));
#12252=CARTESIAN_POINT('Ctrl Pts',(-28.8660416666667,-2.48,-14.1018055555555));
#12253=CARTESIAN_POINT('Ctrl Pts',(-29.3481712962963,-2.5,-14.1018055555555));
#12254=CARTESIAN_POINT('Ctrl Pts',(-29.3481712962963,-2.48,-14.1018055555555));
#12255=CARTESIAN_POINT('Ctrl Pts',(-29.7303472222222,-2.5,-14.1929398148148));
#12256=CARTESIAN_POINT('Ctrl Pts',(-29.7303472222222,-2.48,-14.1929398148148));
#12257=CARTESIAN_POINT('Ctrl Pts',(-30.0125694444445,-2.5,-14.3752083333333));
#12258=CARTESIAN_POINT('Ctrl Pts',(-30.0125694444445,-2.48,-14.3752083333333));
#12259=CARTESIAN_POINT('Ctrl Pts',(-30.2947916666667,-2.5,-14.5574768518519));
#12260=CARTESIAN_POINT('Ctrl Pts',(-30.2947916666667,-2.48,-14.5574768518519));
#12261=CARTESIAN_POINT('Ctrl Pts',(-30.4359027777778,-2.5,-14.8191203703703));
#12262=CARTESIAN_POINT('Ctrl Pts',(-30.4359027777778,-2.48,-14.8191203703703));
#12263=CARTESIAN_POINT('Ctrl Pts',(-30.4359027777778,-2.5,-15.1601388888889));
#12264=CARTESIAN_POINT('Ctrl Pts',(-30.4359027777778,-2.48,-15.1601388888889));
#12265=CARTESIAN_POINT('Ctrl Pts',(-30.4359027777778,-2.5,-15.4776388888889));
#12266=CARTESIAN_POINT('Ctrl Pts',(-30.4359027777778,-2.48,-15.4776388888889));
#12267=CARTESIAN_POINT('Ctrl Pts',(-30.3300694444444,-2.5,-15.7334027777778));
#12268=CARTESIAN_POINT('Ctrl Pts',(-30.3300694444444,-2.48,-15.7334027777778));
#12269=CARTESIAN_POINT('Ctrl Pts',(-30.1184027777778,-2.5,-15.9274305555555));
#12270=CARTESIAN_POINT('Ctrl Pts',(-30.1184027777778,-2.48,-15.9274305555555));
#12271=CARTESIAN_POINT('Ctrl Pts',(-29.9067361111111,-2.5,-16.1214583333333));
#12272=CARTESIAN_POINT('Ctrl Pts',(-29.9067361111111,-2.48,-16.1214583333333));
#12273=CARTESIAN_POINT('Ctrl Pts',(-29.6274537037037,-2.5,-16.2890277777778));
#12274=CARTESIAN_POINT('Ctrl Pts',(-29.6274537037037,-2.48,-16.2890277777778));
#12275=CARTESIAN_POINT('Ctrl Pts',(-29.2805555555556,-2.5,-16.4301388888889));
#12276=CARTESIAN_POINT('Ctrl Pts',(-29.2805555555556,-2.48,-16.4301388888889));
#12277=CARTESIAN_POINT('Ctrl Pts',(-28.9336574074074,-2.5,-16.57125));
#12278=CARTESIAN_POINT('Ctrl Pts',(-28.9336574074074,-2.48,-16.57125));
#12279=CARTESIAN_POINT('Ctrl Pts',(-28.5514814814815,-2.5,-16.7123611111111));
#12280=CARTESIAN_POINT('Ctrl Pts',(-28.5514814814815,-2.48,-16.7123611111111));
#12281=CARTESIAN_POINT('Ctrl Pts',(-28.1340277777778,-2.5,-16.8534722222222));
#12282=CARTESIAN_POINT('Ctrl Pts',(-28.1340277777778,-2.48,-16.8534722222222));
#12283=CARTESIAN_POINT('Ctrl Pts',(-27.7165740740741,-2.5,-16.9945833333333));
#12284=CARTESIAN_POINT('Ctrl Pts',(-27.7165740740741,-2.48,-16.9945833333333));
#12285=CARTESIAN_POINT('Ctrl Pts',(-27.3020601851852,-2.5,-17.159212962963));
#12286=CARTESIAN_POINT('Ctrl Pts',(-27.3020601851852,-2.48,-17.159212962963));
#12287=CARTESIAN_POINT('Ctrl Pts',(-26.8904861111111,-2.5,-17.3473611111111));
#12288=CARTESIAN_POINT('Ctrl Pts',(-26.8904861111111,-2.48,-17.3473611111111));
#12289=CARTESIAN_POINT('Ctrl Pts',(-26.478912037037,-2.5,-17.5355092592592));
#12290=CARTESIAN_POINT('Ctrl Pts',(-26.478912037037,-2.48,-17.5355092592592));
#12291=CARTESIAN_POINT('Ctrl Pts',(-26.0996759259259,-2.5,-17.7736342592593));
#12292=CARTESIAN_POINT('Ctrl Pts',(-26.0996759259259,-2.48,-17.7736342592593));
#12293=CARTESIAN_POINT('Ctrl Pts',(-25.7527777777778,-2.5,-18.0617361111111));
#12294=CARTESIAN_POINT('Ctrl Pts',(-25.7527777777778,-2.48,-18.0617361111111));
#12295=CARTESIAN_POINT('Ctrl Pts',(-25.4058796296296,-2.5,-18.349837962963));
#12296=CARTESIAN_POINT('Ctrl Pts',(-25.4058796296296,-2.48,-18.349837962963));
#12297=CARTESIAN_POINT('Ctrl Pts',(-25.1265972222222,-2.5,-18.714375));
#12298=CARTESIAN_POINT('Ctrl Pts',(-25.1265972222222,-2.48,-18.714375));
#12299=CARTESIAN_POINT('Ctrl Pts',(-24.9149305555556,-2.5,-19.1553472222222));
#12300=CARTESIAN_POINT('Ctrl Pts',(-24.9149305555556,-2.48,-19.1553472222222));
#12301=CARTESIAN_POINT('Ctrl Pts',(-24.7032638888889,-2.5,-19.5963194444444));
#12302=CARTESIAN_POINT('Ctrl Pts',(-24.7032638888889,-2.48,-19.5963194444444));
#12303=CARTESIAN_POINT('Ctrl Pts',(-24.5974305555556,-2.5,-20.1401851851852));
#12304=CARTESIAN_POINT('Ctrl Pts',(-24.5974305555556,-2.48,-20.1401851851852));
#12305=CARTESIAN_POINT('Ctrl Pts',(-24.5974305555556,-2.5,-20.7869444444444));
#12306=CARTESIAN_POINT('Ctrl Pts',(-24.5974305555556,-2.48,-20.7869444444444));
#12307=CARTESIAN_POINT('Ctrl Pts',(-24.5974305555556,-2.5,-21.9746296296296));
#12308=CARTESIAN_POINT('Ctrl Pts',(-24.5974305555556,-2.48,-21.9746296296296));
#12309=CARTESIAN_POINT('Ctrl Pts',(-25.0207638888889,-2.5,-22.9065509259259));
#12310=CARTESIAN_POINT('Ctrl Pts',(-25.0207638888889,-2.48,-22.9065509259259));
#12311=CARTESIAN_POINT('Ctrl Pts',(-25.8674305555556,-2.5,-23.5827083333333));
#12312=CARTESIAN_POINT('Ctrl Pts',(-25.8674305555556,-2.48,-23.5827083333333));
#12313=CARTESIAN_POINT('Ctrl Pts',(-26.7140972222222,-2.5,-24.2588657407408));
#12314=CARTESIAN_POINT('Ctrl Pts',(-26.7140972222222,-2.48,-24.2588657407408));
#12315=CARTESIAN_POINT('Ctrl Pts',(-27.8841435185185,-2.5,-24.5969444444444));
#12316=CARTESIAN_POINT('Ctrl Pts',(-27.8841435185185,-2.48,-24.5969444444444));
#12317=CARTESIAN_POINT('Ctrl Pts',(-29.3775694444444,-2.5,-24.5969444444444));
#12318=CARTESIAN_POINT('Ctrl Pts',(-29.3775694444444,-2.48,-24.5969444444444));
#12319=CARTESIAN_POINT('',(-26.431875,-2.48,-15.2483333333333));
#12320=CARTESIAN_POINT('',(-26.431875,-2.5,-15.2483333333333));
#12321=CARTESIAN_POINT('Ctrl Pts',(-26.431875,-2.48,-15.2483333333333));
#12322=CARTESIAN_POINT('Ctrl Pts',(-26.8081712962963,-2.48,-14.8602777777778));
#12323=CARTESIAN_POINT('Ctrl Pts',(-27.1874074074074,-2.48,-14.5721759259259));
#12324=CARTESIAN_POINT('Ctrl Pts',(-27.5695833333333,-2.48,-14.3840277777778));
#12325=CARTESIAN_POINT('Ctrl Pts',(-27.9517592592592,-2.48,-14.1958796296296));
#12326=CARTESIAN_POINT('Ctrl Pts',(-28.383912037037,-2.48,-14.1018055555555));
#12327=CARTESIAN_POINT('Ctrl Pts',(-28.8660416666667,-2.48,-14.1018055555555));
#12328=CARTESIAN_POINT('Ctrl Pts',(-29.3481712962963,-2.48,-14.1018055555555));
#12329=CARTESIAN_POINT('Ctrl Pts',(-29.7303472222222,-2.48,-14.1929398148148));
#12330=CARTESIAN_POINT('Ctrl Pts',(-30.0125694444445,-2.48,-14.3752083333333));
#12331=CARTESIAN_POINT('Ctrl Pts',(-30.2947916666667,-2.48,-14.5574768518519));
#12332=CARTESIAN_POINT('Ctrl Pts',(-30.4359027777778,-2.48,-14.8191203703703));
#12333=CARTESIAN_POINT('Ctrl Pts',(-30.4359027777778,-2.48,-15.1601388888889));
#12334=CARTESIAN_POINT('Ctrl Pts',(-30.4359027777778,-2.48,-15.4776388888889));
#12335=CARTESIAN_POINT('Ctrl Pts',(-30.3300694444444,-2.48,-15.7334027777778));
#12336=CARTESIAN_POINT('Ctrl Pts',(-30.1184027777778,-2.48,-15.9274305555555));
#12337=CARTESIAN_POINT('Ctrl Pts',(-29.9067361111111,-2.48,-16.1214583333333));
#12338=CARTESIAN_POINT('Ctrl Pts',(-29.6274537037037,-2.48,-16.2890277777778));
#12339=CARTESIAN_POINT('Ctrl Pts',(-29.2805555555556,-2.48,-16.4301388888889));
#12340=CARTESIAN_POINT('Ctrl Pts',(-28.9336574074074,-2.48,-16.57125));
#12341=CARTESIAN_POINT('Ctrl Pts',(-28.5514814814815,-2.48,-16.7123611111111));
#12342=CARTESIAN_POINT('Ctrl Pts',(-28.1340277777778,-2.48,-16.8534722222222));
#12343=CARTESIAN_POINT('Ctrl Pts',(-27.7165740740741,-2.48,-16.9945833333333));
#12344=CARTESIAN_POINT('Ctrl Pts',(-27.3020601851852,-2.48,-17.159212962963));
#12345=CARTESIAN_POINT('Ctrl Pts',(-26.8904861111111,-2.48,-17.3473611111111));
#12346=CARTESIAN_POINT('Ctrl Pts',(-26.478912037037,-2.48,-17.5355092592592));
#12347=CARTESIAN_POINT('Ctrl Pts',(-26.0996759259259,-2.48,-17.7736342592593));
#12348=CARTESIAN_POINT('Ctrl Pts',(-25.7527777777778,-2.48,-18.0617361111111));
#12349=CARTESIAN_POINT('Ctrl Pts',(-25.4058796296296,-2.48,-18.349837962963));
#12350=CARTESIAN_POINT('Ctrl Pts',(-25.1265972222222,-2.48,-18.714375));
#12351=CARTESIAN_POINT('Ctrl Pts',(-24.9149305555556,-2.48,-19.1553472222222));
#12352=CARTESIAN_POINT('Ctrl Pts',(-24.7032638888889,-2.48,-19.5963194444444));
#12353=CARTESIAN_POINT('Ctrl Pts',(-24.5974305555556,-2.48,-20.1401851851852));
#12354=CARTESIAN_POINT('Ctrl Pts',(-24.5974305555556,-2.48,-20.7869444444444));
#12355=CARTESIAN_POINT('Ctrl Pts',(-24.5974305555556,-2.48,-21.9746296296296));
#12356=CARTESIAN_POINT('Ctrl Pts',(-25.0207638888889,-2.48,-22.9065509259259));
#12357=CARTESIAN_POINT('Ctrl Pts',(-25.8674305555556,-2.48,-23.5827083333333));
#12358=CARTESIAN_POINT('Ctrl Pts',(-26.7140972222222,-2.48,-24.2588657407408));
#12359=CARTESIAN_POINT('Ctrl Pts',(-27.8841435185185,-2.48,-24.5969444444444));
#12360=CARTESIAN_POINT('Ctrl Pts',(-29.3775694444444,-2.48,-24.5969444444444));
#12361=CARTESIAN_POINT('Origin',(-24.6327083333333,-2.5,-13.4668055555555));
#12362=CARTESIAN_POINT('',(-24.6327083333333,-2.48,-13.4668055555555));
#12363=CARTESIAN_POINT('',(-24.6327083333333,-2.5,-13.4668055555555));
#12364=CARTESIAN_POINT('',(-26.431875,-2.48,-15.2483333333333));
#12365=CARTESIAN_POINT('Ctrl Pts',(-32.2350694444444,-2.5,-20.7869444444444));
#12366=CARTESIAN_POINT('Ctrl Pts',(-32.2350694444444,-2.48,-20.7869444444444));
#12367=CARTESIAN_POINT('Ctrl Pts',(-31.8352546296297,-2.5,-21.2455555555555));
#12368=CARTESIAN_POINT('Ctrl Pts',(-31.8352546296297,-2.48,-21.2455555555555));
#12369=CARTESIAN_POINT('Ctrl Pts',(-31.3913425925926,-2.5,-21.6012731481481));
#12370=CARTESIAN_POINT('Ctrl Pts',(-31.3913425925926,-2.48,-21.6012731481481));
#12371=CARTESIAN_POINT('Ctrl Pts',(-30.9033333333333,-2.5,-21.8540972222222));
#12372=CARTESIAN_POINT('Ctrl Pts',(-30.9033333333333,-2.48,-21.8540972222222));
#12373=CARTESIAN_POINT('Ctrl Pts',(-30.4153240740741,-2.5,-22.1069212962963));
#12374=CARTESIAN_POINT('Ctrl Pts',(-30.4153240740741,-2.48,-22.1069212962963));
#12375=CARTESIAN_POINT('Ctrl Pts',(-29.8479398148148,-2.5,-22.2333333333333));
#12376=CARTESIAN_POINT('Ctrl Pts',(-29.8479398148148,-2.48,-22.2333333333333));
#12377=CARTESIAN_POINT('Ctrl Pts',(-29.2011805555556,-2.5,-22.2333333333333));
#12378=CARTESIAN_POINT('Ctrl Pts',(-29.2011805555556,-2.48,-22.2333333333333));
#12379=CARTESIAN_POINT('Ctrl Pts',(-28.6132175925926,-2.5,-22.2333333333333));
#12380=CARTESIAN_POINT('Ctrl Pts',(-28.6132175925926,-2.48,-22.2333333333333));
#12381=CARTESIAN_POINT('Ctrl Pts',(-28.1575462962963,-2.5,-22.1275));
#12382=CARTESIAN_POINT('Ctrl Pts',(-28.1575462962963,-2.48,-22.1275));
#12383=CARTESIAN_POINT('Ctrl Pts',(-27.8341666666667,-2.5,-21.9158333333333));
#12384=CARTESIAN_POINT('Ctrl Pts',(-27.8341666666667,-2.48,-21.9158333333333));
#12385=CARTESIAN_POINT('Ctrl Pts',(-27.510787037037,-2.5,-21.7041666666667));
#12386=CARTESIAN_POINT('Ctrl Pts',(-27.510787037037,-2.48,-21.7041666666667));
#12387=CARTESIAN_POINT('Ctrl Pts',(-27.3490972222222,-2.5,-21.4101851851852));
#12388=CARTESIAN_POINT('Ctrl Pts',(-27.3490972222222,-2.48,-21.4101851851852));
#12389=CARTESIAN_POINT('Ctrl Pts',(-27.3490972222222,-2.5,-21.0338888888889));
#12390=CARTESIAN_POINT('Ctrl Pts',(-27.3490972222222,-2.48,-21.0338888888889));
#12391=CARTESIAN_POINT('Ctrl Pts',(-27.3490972222222,-2.5,-20.6928703703704));
#12392=CARTESIAN_POINT('Ctrl Pts',(-27.3490972222222,-2.48,-20.6928703703704));
#12393=CARTESIAN_POINT('Ctrl Pts',(-27.4549305555555,-2.5,-20.4165277777777));
#12394=CARTESIAN_POINT('Ctrl Pts',(-27.4549305555555,-2.48,-20.4165277777777));
#12395=CARTESIAN_POINT('Ctrl Pts',(-27.6665972222222,-2.5,-20.2048611111111));
#12396=CARTESIAN_POINT('Ctrl Pts',(-27.6665972222222,-2.48,-20.2048611111111));
#12397=CARTESIAN_POINT('Ctrl Pts',(-27.8782638888889,-2.5,-19.9931944444444));
#12398=CARTESIAN_POINT('Ctrl Pts',(-27.8782638888889,-2.48,-19.9931944444444));
#12399=CARTESIAN_POINT('Ctrl Pts',(-28.1575462962963,-2.5,-19.8109259259259));
#12400=CARTESIAN_POINT('Ctrl Pts',(-28.1575462962963,-2.48,-19.8109259259259));
#12401=CARTESIAN_POINT('Ctrl Pts',(-28.5044444444445,-2.5,-19.6580555555555));
#12402=CARTESIAN_POINT('Ctrl Pts',(-28.5044444444445,-2.48,-19.6580555555555));
#12403=CARTESIAN_POINT('Ctrl Pts',(-28.8513425925926,-2.5,-19.5051851851852));
#12404=CARTESIAN_POINT('Ctrl Pts',(-28.8513425925926,-2.48,-19.5051851851852));
#12405=CARTESIAN_POINT('Ctrl Pts',(-29.2335185185185,-2.5,-19.3581944444444));
#12406=CARTESIAN_POINT('Ctrl Pts',(-29.2335185185185,-2.48,-19.3581944444444));
#12407=CARTESIAN_POINT('Ctrl Pts',(-29.6509722222222,-2.5,-19.2170833333333));
#12408=CARTESIAN_POINT('Ctrl Pts',(-29.6509722222222,-2.48,-19.2170833333333));
#12409=CARTESIAN_POINT('Ctrl Pts',(-30.0684259259259,-2.5,-19.0759722222222));
#12410=CARTESIAN_POINT('Ctrl Pts',(-30.0684259259259,-2.48,-19.0759722222222));
#12411=CARTESIAN_POINT('Ctrl Pts',(-30.4829398148148,-2.5,-18.9142824074074));
#12412=CARTESIAN_POINT('Ctrl Pts',(-30.4829398148148,-2.48,-18.9142824074074));
#12413=CARTESIAN_POINT('Ctrl Pts',(-30.8945138888889,-2.5,-18.7320138888889));
#12414=CARTESIAN_POINT('Ctrl Pts',(-30.8945138888889,-2.48,-18.7320138888889));
#12415=CARTESIAN_POINT('Ctrl Pts',(-31.306087962963,-2.5,-18.5497453703704));
#12416=CARTESIAN_POINT('Ctrl Pts',(-31.306087962963,-2.48,-18.5497453703704));
#12417=CARTESIAN_POINT('Ctrl Pts',(-31.6853240740741,-2.5,-18.3204398148148));
#12418=CARTESIAN_POINT('Ctrl Pts',(-31.6853240740741,-2.48,-18.3204398148148));
#12419=CARTESIAN_POINT('Ctrl Pts',(-32.0322222222222,-2.5,-18.0440972222222));
#12420=CARTESIAN_POINT('Ctrl Pts',(-32.0322222222222,-2.48,-18.0440972222222));
#12421=CARTESIAN_POINT('Ctrl Pts',(-32.3791203703704,-2.5,-17.7677546296296));
#12422=CARTESIAN_POINT('Ctrl Pts',(-32.3791203703704,-2.48,-17.7677546296296));
#12423=CARTESIAN_POINT('Ctrl Pts',(-32.6584027777778,-2.5,-17.4208564814815));
#12424=CARTESIAN_POINT('Ctrl Pts',(-32.6584027777778,-2.48,-17.4208564814815));
#12425=CARTESIAN_POINT('Ctrl Pts',(-32.8700694444445,-2.5,-17.0034027777778));
#12426=CARTESIAN_POINT('Ctrl Pts',(-32.8700694444445,-2.48,-17.0034027777778));
#12427=CARTESIAN_POINT('Ctrl Pts',(-33.0817361111111,-2.5,-16.5859490740741));
#12428=CARTESIAN_POINT('Ctrl Pts',(-33.0817361111111,-2.48,-16.5859490740741));
#12429=CARTESIAN_POINT('Ctrl Pts',(-33.1875694444444,-2.5,-16.0597222222222));
#12430=CARTESIAN_POINT('Ctrl Pts',(-33.1875694444444,-2.48,-16.0597222222222));
#12431=CARTESIAN_POINT('Ctrl Pts',(-33.1875694444444,-2.5,-15.4247222222222));
#12432=CARTESIAN_POINT('Ctrl Pts',(-33.1875694444444,-2.48,-15.4247222222222));
#12433=CARTESIAN_POINT('Ctrl Pts',(-33.1875694444444,-2.5,-14.6603703703704));
#12434=CARTESIAN_POINT('Ctrl Pts',(-33.1875694444444,-2.48,-14.6603703703704));
#12435=CARTESIAN_POINT('Ctrl Pts',(-33.0023611111111,-2.5,-14.0018518518518));
#12436=CARTESIAN_POINT('Ctrl Pts',(-33.0023611111111,-2.48,-14.0018518518518));
#12437=CARTESIAN_POINT('Ctrl Pts',(-32.6319444444445,-2.5,-13.4491666666666));
#12438=CARTESIAN_POINT('Ctrl Pts',(-32.6319444444445,-2.48,-13.4491666666666));
#12439=CARTESIAN_POINT('Ctrl Pts',(-32.2615277777778,-2.5,-12.8964814814815));
#12440=CARTESIAN_POINT('Ctrl Pts',(-32.2615277777778,-2.48,-12.8964814814815));
#12441=CARTESIAN_POINT('Ctrl Pts',(-31.7470601851852,-2.5,-12.476087962963));
#12442=CARTESIAN_POINT('Ctrl Pts',(-31.7470601851852,-2.48,-12.476087962963));
#12443=CARTESIAN_POINT('Ctrl Pts',(-31.0885416666667,-2.5,-12.1879861111111));
#12444=CARTESIAN_POINT('Ctrl Pts',(-31.0885416666667,-2.48,-12.1879861111111));
#12445=CARTESIAN_POINT('Ctrl Pts',(-30.4300231481482,-2.5,-11.8998842592593));
#12446=CARTESIAN_POINT('Ctrl Pts',(-30.4300231481482,-2.48,-11.8998842592593));
#12447=CARTESIAN_POINT('Ctrl Pts',(-29.6715509259259,-2.5,-11.7558333333333));
#12448=CARTESIAN_POINT('Ctrl Pts',(-29.6715509259259,-2.48,-11.7558333333333));
#12449=CARTESIAN_POINT('Ctrl Pts',(-28.813125,-2.5,-11.7558333333333));
#12450=CARTESIAN_POINT('Ctrl Pts',(-28.813125,-2.48,-11.7558333333333));
#12451=CARTESIAN_POINT('Ctrl Pts',(-27.9429398148148,-2.5,-11.7558333333333));
#12452=CARTESIAN_POINT('Ctrl Pts',(-27.9429398148148,-2.48,-11.7558333333333));
#12453=CARTESIAN_POINT('Ctrl Pts',(-27.14625,-2.5,-11.9087037037037));
#12454=CARTESIAN_POINT('Ctrl Pts',(-27.14625,-2.48,-11.9087037037037));
#12455=CARTESIAN_POINT('Ctrl Pts',(-26.4230555555556,-2.5,-12.2144444444444));
#12456=CARTESIAN_POINT('Ctrl Pts',(-26.4230555555556,-2.48,-12.2144444444444));
#12457=CARTESIAN_POINT('Ctrl Pts',(-25.6998611111111,-2.5,-12.5201851851851));
#12458=CARTESIAN_POINT('Ctrl Pts',(-25.6998611111111,-2.48,-12.5201851851851));
#12459=CARTESIAN_POINT('Ctrl Pts',(-25.1030787037037,-2.5,-12.9376388888889));
#12460=CARTESIAN_POINT('Ctrl Pts',(-25.1030787037037,-2.48,-12.9376388888889));
#12461=CARTESIAN_POINT('Ctrl Pts',(-24.6327083333333,-2.5,-13.4668055555555));
#12462=CARTESIAN_POINT('Ctrl Pts',(-24.6327083333333,-2.48,-13.4668055555555));
#12463=CARTESIAN_POINT('',(-32.2350694444444,-2.48,-20.7869444444444));
#12464=CARTESIAN_POINT('',(-32.2350694444444,-2.5,-20.7869444444444));
#12465=CARTESIAN_POINT('Ctrl Pts',(-32.2350694444444,-2.48,-20.7869444444444));
#12466=CARTESIAN_POINT('Ctrl Pts',(-31.8352546296297,-2.48,-21.2455555555555));
#12467=CARTESIAN_POINT('Ctrl Pts',(-31.3913425925926,-2.48,-21.6012731481481));
#12468=CARTESIAN_POINT('Ctrl Pts',(-30.9033333333333,-2.48,-21.8540972222222));
#12469=CARTESIAN_POINT('Ctrl Pts',(-30.4153240740741,-2.48,-22.1069212962963));
#12470=CARTESIAN_POINT('Ctrl Pts',(-29.8479398148148,-2.48,-22.2333333333333));
#12471=CARTESIAN_POINT('Ctrl Pts',(-29.2011805555556,-2.48,-22.2333333333333));
#12472=CARTESIAN_POINT('Ctrl Pts',(-28.6132175925926,-2.48,-22.2333333333333));
#12473=CARTESIAN_POINT('Ctrl Pts',(-28.1575462962963,-2.48,-22.1275));
#12474=CARTESIAN_POINT('Ctrl Pts',(-27.8341666666667,-2.48,-21.9158333333333));
#12475=CARTESIAN_POINT('Ctrl Pts',(-27.510787037037,-2.48,-21.7041666666667));
#12476=CARTESIAN_POINT('Ctrl Pts',(-27.3490972222222,-2.48,-21.4101851851852));
#12477=CARTESIAN_POINT('Ctrl Pts',(-27.3490972222222,-2.48,-21.0338888888889));
#12478=CARTESIAN_POINT('Ctrl Pts',(-27.3490972222222,-2.48,-20.6928703703704));
#12479=CARTESIAN_POINT('Ctrl Pts',(-27.4549305555555,-2.48,-20.4165277777777));
#12480=CARTESIAN_POINT('Ctrl Pts',(-27.6665972222222,-2.48,-20.2048611111111));
#12481=CARTESIAN_POINT('Ctrl Pts',(-27.8782638888889,-2.48,-19.9931944444444));
#12482=CARTESIAN_POINT('Ctrl Pts',(-28.1575462962963,-2.48,-19.8109259259259));
#12483=CARTESIAN_POINT('Ctrl Pts',(-28.5044444444445,-2.48,-19.6580555555555));
#12484=CARTESIAN_POINT('Ctrl Pts',(-28.8513425925926,-2.48,-19.5051851851852));
#12485=CARTESIAN_POINT('Ctrl Pts',(-29.2335185185185,-2.48,-19.3581944444444));
#12486=CARTESIAN_POINT('Ctrl Pts',(-29.6509722222222,-2.48,-19.2170833333333));
#12487=CARTESIAN_POINT('Ctrl Pts',(-30.0684259259259,-2.48,-19.0759722222222));
#12488=CARTESIAN_POINT('Ctrl Pts',(-30.4829398148148,-2.48,-18.9142824074074));
#12489=CARTESIAN_POINT('Ctrl Pts',(-30.8945138888889,-2.48,-18.7320138888889));
#12490=CARTESIAN_POINT('Ctrl Pts',(-31.306087962963,-2.48,-18.5497453703704));
#12491=CARTESIAN_POINT('Ctrl Pts',(-31.6853240740741,-2.48,-18.3204398148148));
#12492=CARTESIAN_POINT('Ctrl Pts',(-32.0322222222222,-2.48,-18.0440972222222));
#12493=CARTESIAN_POINT('Ctrl Pts',(-32.3791203703704,-2.48,-17.7677546296296));
#12494=CARTESIAN_POINT('Ctrl Pts',(-32.6584027777778,-2.48,-17.4208564814815));
#12495=CARTESIAN_POINT('Ctrl Pts',(-32.8700694444445,-2.48,-17.0034027777778));
#12496=CARTESIAN_POINT('Ctrl Pts',(-33.0817361111111,-2.48,-16.5859490740741));
#12497=CARTESIAN_POINT('Ctrl Pts',(-33.1875694444444,-2.48,-16.0597222222222));
#12498=CARTESIAN_POINT('Ctrl Pts',(-33.1875694444444,-2.48,-15.4247222222222));
#12499=CARTESIAN_POINT('Ctrl Pts',(-33.1875694444444,-2.48,-14.6603703703704));
#12500=CARTESIAN_POINT('Ctrl Pts',(-33.0023611111111,-2.48,-14.0018518518518));
#12501=CARTESIAN_POINT('Ctrl Pts',(-32.6319444444445,-2.48,-13.4491666666666));
#12502=CARTESIAN_POINT('Ctrl Pts',(-32.2615277777778,-2.48,-12.8964814814815));
#12503=CARTESIAN_POINT('Ctrl Pts',(-31.7470601851852,-2.48,-12.476087962963));
#12504=CARTESIAN_POINT('Ctrl Pts',(-31.0885416666667,-2.48,-12.1879861111111));
#12505=CARTESIAN_POINT('Ctrl Pts',(-30.4300231481482,-2.48,-11.8998842592593));
#12506=CARTESIAN_POINT('Ctrl Pts',(-29.6715509259259,-2.48,-11.7558333333333));
#12507=CARTESIAN_POINT('Ctrl Pts',(-28.813125,-2.48,-11.7558333333333));
#12508=CARTESIAN_POINT('Ctrl Pts',(-27.9429398148148,-2.48,-11.7558333333333));
#12509=CARTESIAN_POINT('Ctrl Pts',(-27.14625,-2.48,-11.9087037037037));
#12510=CARTESIAN_POINT('Ctrl Pts',(-26.4230555555556,-2.48,-12.2144444444444));
#12511=CARTESIAN_POINT('Ctrl Pts',(-25.6998611111111,-2.48,-12.5201851851851));
#12512=CARTESIAN_POINT('Ctrl Pts',(-25.1030787037037,-2.48,-12.9376388888889));
#12513=CARTESIAN_POINT('Ctrl Pts',(-24.6327083333333,-2.48,-13.4668055555555));
#12514=CARTESIAN_POINT('Origin',(-34.0342361111111,-2.5,-22.5684722222222));
#12515=CARTESIAN_POINT('',(-32.2350694444444,-2.48,-20.7869444444444));
#12516=CARTESIAN_POINT('Origin',(-29.3158333333333,-2.48,-18.1763888888889));
#12517=CARTESIAN_POINT('Ctrl Pts',(19.1822916666667,-2.5,-15.4070833333333));
#12518=CARTESIAN_POINT('Ctrl Pts',(19.1822916666667,-2.48,-15.4070833333333));
#12519=CARTESIAN_POINT('Ctrl Pts',(18.8530324074074,-2.5,-15.0543055555555));
#12520=CARTESIAN_POINT('Ctrl Pts',(18.8530324074074,-2.48,-15.0543055555555));
#12521=CARTESIAN_POINT('Ctrl Pts',(18.4561574074074,-2.5,-14.777962962963));
#12522=CARTESIAN_POINT('Ctrl Pts',(18.4561574074074,-2.48,-14.777962962963));
#12523=CARTESIAN_POINT('Ctrl Pts',(17.9916666666666,-2.5,-14.5780555555555));
#12524=CARTESIAN_POINT('Ctrl Pts',(17.9916666666666,-2.48,-14.5780555555555));
#12525=CARTESIAN_POINT('Ctrl Pts',(17.5271759259259,-2.5,-14.3781481481481));
#12526=CARTESIAN_POINT('Ctrl Pts',(17.5271759259259,-2.48,-14.3781481481481));
#12527=CARTESIAN_POINT('Ctrl Pts',(16.9891898148148,-2.5,-14.2781944444444));
#12528=CARTESIAN_POINT('Ctrl Pts',(16.9891898148148,-2.48,-14.2781944444444));
#12529=CARTESIAN_POINT('Ctrl Pts',(16.3777083333333,-2.5,-14.2781944444444));
#12530=CARTESIAN_POINT('Ctrl Pts',(16.3777083333333,-2.48,-14.2781944444444));
#12531=CARTESIAN_POINT('Ctrl Pts',(15.8367824074074,-2.5,-14.2781944444444));
#12532=CARTESIAN_POINT('Ctrl Pts',(15.8367824074074,-2.48,-14.2781944444444));
#12533=CARTESIAN_POINT('Ctrl Pts',(15.3399537037037,-2.5,-14.3693287037037));
#12534=CARTESIAN_POINT('Ctrl Pts',(15.3399537037037,-2.48,-14.3693287037037));
#12535=CARTESIAN_POINT('Ctrl Pts',(14.8872222222222,-2.5,-14.5515972222222));
#12536=CARTESIAN_POINT('Ctrl Pts',(14.8872222222222,-2.48,-14.5515972222222));
#12537=CARTESIAN_POINT('Ctrl Pts',(14.4344907407407,-2.5,-14.7338657407407));
#12538=CARTESIAN_POINT('Ctrl Pts',(14.4344907407407,-2.48,-14.7338657407407));
#12539=CARTESIAN_POINT('Ctrl Pts',(14.0464351851852,-2.5,-14.9955092592593));
#12540=CARTESIAN_POINT('Ctrl Pts',(14.0464351851852,-2.48,-14.9955092592593));
#12541=CARTESIAN_POINT('Ctrl Pts',(13.7230555555555,-2.5,-15.3365277777778));
#12542=CARTESIAN_POINT('Ctrl Pts',(13.7230555555555,-2.48,-15.3365277777778));
#12543=CARTESIAN_POINT('Ctrl Pts',(13.3996759259259,-2.5,-15.6775462962963));
#12544=CARTESIAN_POINT('Ctrl Pts',(13.3996759259259,-2.48,-15.6775462962963));
#12545=CARTESIAN_POINT('Ctrl Pts',(13.1468518518518,-2.5,-16.0891203703703));
#12546=CARTESIAN_POINT('Ctrl Pts',(13.1468518518518,-2.48,-16.0891203703703));
#12547=CARTESIAN_POINT('Ctrl Pts',(12.9645833333333,-2.5,-16.57125));
#12548=CARTESIAN_POINT('Ctrl Pts',(12.9645833333333,-2.48,-16.57125));
#12549=CARTESIAN_POINT('Ctrl Pts',(12.7823148148148,-2.5,-17.0533796296296));
#12550=CARTESIAN_POINT('Ctrl Pts',(12.7823148148148,-2.48,-17.0533796296296));
#12551=CARTESIAN_POINT('Ctrl Pts',(12.6911805555556,-2.5,-17.5825462962963));
#12552=CARTESIAN_POINT('Ctrl Pts',(12.6911805555556,-2.48,-17.5825462962963));
#12553=CARTESIAN_POINT('Ctrl Pts',(12.6911805555556,-2.5,-18.15875));
#12554=CARTESIAN_POINT('Ctrl Pts',(12.6911805555556,-2.48,-18.15875));
#12555=CARTESIAN_POINT('Ctrl Pts',(12.6911805555556,-2.5,-18.746712962963));
#12556=CARTESIAN_POINT('Ctrl Pts',(12.6911805555556,-2.48,-18.746712962963));
#12557=CARTESIAN_POINT('Ctrl Pts',(12.7823148148148,-2.5,-19.2817592592592));
#12558=CARTESIAN_POINT('Ctrl Pts',(12.7823148148148,-2.48,-19.2817592592592));
#12559=CARTESIAN_POINT('Ctrl Pts',(12.9645833333333,-2.5,-19.7638888888889));
#12560=CARTESIAN_POINT('Ctrl Pts',(12.9645833333333,-2.48,-19.7638888888889));
#12561=CARTESIAN_POINT('Ctrl Pts',(13.1468518518518,-2.5,-20.2460185185185));
#12562=CARTESIAN_POINT('Ctrl Pts',(13.1468518518518,-2.48,-20.2460185185185));
#12563=CARTESIAN_POINT('Ctrl Pts',(13.3996759259259,-2.5,-20.6575925925926));
#12564=CARTESIAN_POINT('Ctrl Pts',(13.3996759259259,-2.48,-20.6575925925926));
#12565=CARTESIAN_POINT('Ctrl Pts',(13.7230555555555,-2.5,-20.9986111111111));
#12566=CARTESIAN_POINT('Ctrl Pts',(13.7230555555555,-2.48,-20.9986111111111));
#12567=CARTESIAN_POINT('Ctrl Pts',(14.0464351851851,-2.5,-21.3396296296296));
#12568=CARTESIAN_POINT('Ctrl Pts',(14.0464351851851,-2.48,-21.3396296296296));
#12569=CARTESIAN_POINT('Ctrl Pts',(14.4344907407407,-2.5,-21.604212962963));
#12570=CARTESIAN_POINT('Ctrl Pts',(14.4344907407407,-2.48,-21.604212962963));
#12571=CARTESIAN_POINT('Ctrl Pts',(14.8872222222222,-2.5,-21.7923611111111));
#12572=CARTESIAN_POINT('Ctrl Pts',(14.8872222222222,-2.48,-21.7923611111111));
#12573=CARTESIAN_POINT('Ctrl Pts',(15.3399537037037,-2.5,-21.9805092592592));
#12574=CARTESIAN_POINT('Ctrl Pts',(15.3399537037037,-2.48,-21.9805092592592));
#12575=CARTESIAN_POINT('Ctrl Pts',(15.8367824074074,-2.5,-22.0745833333333));
#12576=CARTESIAN_POINT('Ctrl Pts',(15.8367824074074,-2.48,-22.0745833333333));
#12577=CARTESIAN_POINT('Ctrl Pts',(16.3777083333333,-2.5,-22.0745833333333));
#12578=CARTESIAN_POINT('Ctrl Pts',(16.3777083333333,-2.48,-22.0745833333333));
#12579=CARTESIAN_POINT('Ctrl Pts',(17.0127083333333,-2.5,-22.0745833333333));
#12580=CARTESIAN_POINT('Ctrl Pts',(17.0127083333333,-2.48,-22.0745833333333));
#12581=CARTESIAN_POINT('Ctrl Pts',(17.5653935185185,-2.5,-21.9746296296296));
#12582=CARTESIAN_POINT('Ctrl Pts',(17.5653935185185,-2.48,-21.9746296296296));
#12583=CARTESIAN_POINT('Ctrl Pts',(18.0357638888889,-2.5,-21.7747222222222));
#12584=CARTESIAN_POINT('Ctrl Pts',(18.0357638888889,-2.48,-21.7747222222222));
#12585=CARTESIAN_POINT('Ctrl Pts',(18.5061342592593,-2.5,-21.5748148148148));
#12586=CARTESIAN_POINT('Ctrl Pts',(18.5061342592593,-2.48,-21.5748148148148));
#12587=CARTESIAN_POINT('Ctrl Pts',(18.9118287037037,-2.5,-21.2984722222222));
#12588=CARTESIAN_POINT('Ctrl Pts',(18.9118287037037,-2.48,-21.2984722222222));
#12589=CARTESIAN_POINT('Ctrl Pts',(19.2528472222222,-2.5,-20.9456944444444));
#12590=CARTESIAN_POINT('Ctrl Pts',(19.2528472222222,-2.48,-20.9456944444444));
#12591=CARTESIAN_POINT('',(19.1822916666667,-2.48,-15.4070833333333));
#12592=CARTESIAN_POINT('',(19.1822916666667,-2.5,-15.4070833333333));
#12593=CARTESIAN_POINT('',(19.2528472222222,-2.48,-20.9456944444444));
#12594=CARTESIAN_POINT('Ctrl Pts',(19.1822916666667,-2.48,-15.4070833333333));
#12595=CARTESIAN_POINT('Ctrl Pts',(18.8530324074074,-2.48,-15.0543055555555));
#12596=CARTESIAN_POINT('Ctrl Pts',(18.4561574074074,-2.48,-14.777962962963));
#12597=CARTESIAN_POINT('Ctrl Pts',(17.9916666666666,-2.48,-14.5780555555555));
#12598=CARTESIAN_POINT('Ctrl Pts',(17.5271759259259,-2.48,-14.3781481481481));
#12599=CARTESIAN_POINT('Ctrl Pts',(16.9891898148148,-2.48,-14.2781944444444));
#12600=CARTESIAN_POINT('Ctrl Pts',(16.3777083333333,-2.48,-14.2781944444444));
#12601=CARTESIAN_POINT('Ctrl Pts',(15.8367824074074,-2.48,-14.2781944444444));
#12602=CARTESIAN_POINT('Ctrl Pts',(15.3399537037037,-2.48,-14.3693287037037));
#12603=CARTESIAN_POINT('Ctrl Pts',(14.8872222222222,-2.48,-14.5515972222222));
#12604=CARTESIAN_POINT('Ctrl Pts',(14.4344907407407,-2.48,-14.7338657407407));
#12605=CARTESIAN_POINT('Ctrl Pts',(14.0464351851852,-2.48,-14.9955092592593));
#12606=CARTESIAN_POINT('Ctrl Pts',(13.7230555555555,-2.48,-15.3365277777778));
#12607=CARTESIAN_POINT('Ctrl Pts',(13.3996759259259,-2.48,-15.6775462962963));
#12608=CARTESIAN_POINT('Ctrl Pts',(13.1468518518518,-2.48,-16.0891203703703));
#12609=CARTESIAN_POINT('Ctrl Pts',(12.9645833333333,-2.48,-16.57125));
#12610=CARTESIAN_POINT('Ctrl Pts',(12.7823148148148,-2.48,-17.0533796296296));
#12611=CARTESIAN_POINT('Ctrl Pts',(12.6911805555556,-2.48,-17.5825462962963));
#12612=CARTESIAN_POINT('Ctrl Pts',(12.6911805555556,-2.48,-18.15875));
#12613=CARTESIAN_POINT('Ctrl Pts',(12.6911805555556,-2.48,-18.746712962963));
#12614=CARTESIAN_POINT('Ctrl Pts',(12.7823148148148,-2.48,-19.2817592592592));
#12615=CARTESIAN_POINT('Ctrl Pts',(12.9645833333333,-2.48,-19.7638888888889));
#12616=CARTESIAN_POINT('Ctrl Pts',(13.1468518518518,-2.48,-20.2460185185185));
#12617=CARTESIAN_POINT('Ctrl Pts',(13.3996759259259,-2.48,-20.6575925925926));
#12618=CARTESIAN_POINT('Ctrl Pts',(13.7230555555555,-2.48,-20.9986111111111));
#12619=CARTESIAN_POINT('Ctrl Pts',(14.0464351851851,-2.48,-21.3396296296296));
#12620=CARTESIAN_POINT('Ctrl Pts',(14.4344907407407,-2.48,-21.604212962963));
#12621=CARTESIAN_POINT('Ctrl Pts',(14.8872222222222,-2.48,-21.7923611111111));
#12622=CARTESIAN_POINT('Ctrl Pts',(15.3399537037037,-2.48,-21.9805092592592));
#12623=CARTESIAN_POINT('Ctrl Pts',(15.8367824074074,-2.48,-22.0745833333333));
#12624=CARTESIAN_POINT('Ctrl Pts',(16.3777083333333,-2.48,-22.0745833333333));
#12625=CARTESIAN_POINT('Ctrl Pts',(17.0127083333333,-2.48,-22.0745833333333));
#12626=CARTESIAN_POINT('Ctrl Pts',(17.5653935185185,-2.48,-21.9746296296296));
#12627=CARTESIAN_POINT('Ctrl Pts',(18.0357638888889,-2.48,-21.7747222222222));
#12628=CARTESIAN_POINT('Ctrl Pts',(18.5061342592593,-2.48,-21.5748148148148));
#12629=CARTESIAN_POINT('Ctrl Pts',(18.9118287037037,-2.48,-21.2984722222222));
#12630=CARTESIAN_POINT('Ctrl Pts',(19.2528472222222,-2.48,-20.9456944444444));
#12631=CARTESIAN_POINT('',(19.2528472222222,-2.5,-20.9456944444444));
#12632=CARTESIAN_POINT('Origin',(21.034375,-2.5,-13.5373611111111));
#12633=CARTESIAN_POINT('',(21.034375,-2.48,-13.5373611111111));
#12634=CARTESIAN_POINT('',(21.034375,-2.5,-13.5373611111111));
#12635=CARTESIAN_POINT('',(19.1822916666667,-2.48,-15.4070833333333));
#12636=CARTESIAN_POINT('Ctrl Pts',(16.3953472222222,-2.5,-24.5969444444444));
#12637=CARTESIAN_POINT('Ctrl Pts',(16.3953472222222,-2.48,-24.5969444444444));
#12638=CARTESIAN_POINT('Ctrl Pts',(15.4663657407407,-2.5,-24.5969444444444));
#12639=CARTESIAN_POINT('Ctrl Pts',(15.4663657407407,-2.48,-24.5969444444444));
#12640=CARTESIAN_POINT('Ctrl Pts',(14.605,-2.5,-24.4352546296297));
#12641=CARTESIAN_POINT('Ctrl Pts',(14.605,-2.48,-24.4352546296297));
#12642=CARTESIAN_POINT('Ctrl Pts',(13.81125,-2.5,-24.111875));
#12643=CARTESIAN_POINT('Ctrl Pts',(13.81125,-2.48,-24.111875));
#12644=CARTESIAN_POINT('Ctrl Pts',(13.0175,-2.5,-23.7884953703703));
#12645=CARTESIAN_POINT('Ctrl Pts',(13.0175,-2.48,-23.7884953703703));
#12646=CARTESIAN_POINT('Ctrl Pts',(12.3237037037037,-2.5,-23.3328240740741));
#12647=CARTESIAN_POINT('Ctrl Pts',(12.3237037037037,-2.48,-23.3328240740741));
#12648=CARTESIAN_POINT('Ctrl Pts',(11.7298611111111,-2.5,-22.7448611111111));
#12649=CARTESIAN_POINT('Ctrl Pts',(11.7298611111111,-2.48,-22.7448611111111));
#12650=CARTESIAN_POINT('Ctrl Pts',(11.1360185185185,-2.5,-22.1568981481481));
#12651=CARTESIAN_POINT('Ctrl Pts',(11.1360185185185,-2.48,-22.1568981481481));
#12652=CARTESIAN_POINT('Ctrl Pts',(10.6744675925926,-2.5,-21.4719212962963));
#12653=CARTESIAN_POINT('Ctrl Pts',(10.6744675925926,-2.48,-21.4719212962963));
#12654=CARTESIAN_POINT('Ctrl Pts',(10.3452083333333,-2.5,-20.6899305555555));
#12655=CARTESIAN_POINT('Ctrl Pts',(10.3452083333333,-2.48,-20.6899305555555));
#12656=CARTESIAN_POINT('Ctrl Pts',(10.0159490740741,-2.5,-19.9079398148148));
#12657=CARTESIAN_POINT('Ctrl Pts',(10.0159490740741,-2.48,-19.9079398148148));
#12658=CARTESIAN_POINT('Ctrl Pts',(9.85131944444444,-2.5,-19.064212962963));
#12659=CARTESIAN_POINT('Ctrl Pts',(9.85131944444444,-2.48,-19.064212962963));
#12660=CARTESIAN_POINT('Ctrl Pts',(9.85131944444444,-2.5,-18.15875));
#12661=CARTESIAN_POINT('Ctrl Pts',(9.85131944444444,-2.48,-18.15875));
#12662=CARTESIAN_POINT('Ctrl Pts',(9.85131944444444,-2.5,-17.253287037037));
#12663=CARTESIAN_POINT('Ctrl Pts',(9.85131944444444,-2.48,-17.253287037037));
#12664=CARTESIAN_POINT('Ctrl Pts',(10.0159490740741,-2.5,-16.4095601851852));
#12665=CARTESIAN_POINT('Ctrl Pts',(10.0159490740741,-2.48,-16.4095601851852));
#12666=CARTESIAN_POINT('Ctrl Pts',(10.3452083333333,-2.5,-15.6275694444444));
#12667=CARTESIAN_POINT('Ctrl Pts',(10.3452083333333,-2.48,-15.6275694444444));
#12668=CARTESIAN_POINT('Ctrl Pts',(10.6744675925926,-2.5,-14.8455787037037));
#12669=CARTESIAN_POINT('Ctrl Pts',(10.6744675925926,-2.48,-14.8455787037037));
#12670=CARTESIAN_POINT('Ctrl Pts',(11.1330787037037,-2.5,-14.1664814814815));
#12671=CARTESIAN_POINT('Ctrl Pts',(11.1330787037037,-2.48,-14.1664814814815));
#12672=CARTESIAN_POINT('Ctrl Pts',(11.7210416666667,-2.5,-13.5902777777778));
#12673=CARTESIAN_POINT('Ctrl Pts',(11.7210416666667,-2.48,-13.5902777777778));
#12674=CARTESIAN_POINT('Ctrl Pts',(12.3090046296296,-2.5,-13.014074074074));
#12675=CARTESIAN_POINT('Ctrl Pts',(12.3090046296296,-2.48,-13.014074074074));
#12676=CARTESIAN_POINT('Ctrl Pts',(12.9998611111111,-2.5,-12.5642824074074));
#12677=CARTESIAN_POINT('Ctrl Pts',(12.9998611111111,-2.48,-12.5642824074074));
#12678=CARTESIAN_POINT('Ctrl Pts',(13.7936111111111,-2.5,-12.2409027777778));
#12679=CARTESIAN_POINT('Ctrl Pts',(13.7936111111111,-2.48,-12.2409027777778));
#12680=CARTESIAN_POINT('Ctrl Pts',(14.5873611111111,-2.5,-11.9175231481481));
#12681=CARTESIAN_POINT('Ctrl Pts',(14.5873611111111,-2.48,-11.9175231481481));
#12682=CARTESIAN_POINT('Ctrl Pts',(15.4487268518519,-2.5,-11.7558333333333));
#12683=CARTESIAN_POINT('Ctrl Pts',(15.4487268518519,-2.48,-11.7558333333333));
#12684=CARTESIAN_POINT('Ctrl Pts',(16.3777083333333,-2.5,-11.7558333333333));
#12685=CARTESIAN_POINT('Ctrl Pts',(16.3777083333333,-2.48,-11.7558333333333));
#12686=CARTESIAN_POINT('Ctrl Pts',(17.3654861111111,-2.5,-11.7558333333333));
#12687=CARTESIAN_POINT('Ctrl Pts',(17.3654861111111,-2.48,-11.7558333333333));
#12688=CARTESIAN_POINT('Ctrl Pts',(18.2444907407407,-2.5,-11.9145833333333));
#12689=CARTESIAN_POINT('Ctrl Pts',(18.2444907407407,-2.48,-11.9145833333333));
#12690=CARTESIAN_POINT('Ctrl Pts',(19.0147222222222,-2.5,-12.2320833333333));
#12691=CARTESIAN_POINT('Ctrl Pts',(19.0147222222222,-2.48,-12.2320833333333));
#12692=CARTESIAN_POINT('Ctrl Pts',(19.7849537037037,-2.5,-12.5495833333333));
#12693=CARTESIAN_POINT('Ctrl Pts',(19.7849537037037,-2.48,-12.5495833333333));
#12694=CARTESIAN_POINT('Ctrl Pts',(20.4581712962963,-2.5,-12.9846759259259));
#12695=CARTESIAN_POINT('Ctrl Pts',(20.4581712962963,-2.48,-12.9846759259259));
#12696=CARTESIAN_POINT('Ctrl Pts',(21.034375,-2.5,-13.5373611111111));
#12697=CARTESIAN_POINT('Ctrl Pts',(21.034375,-2.48,-13.5373611111111));
#12698=CARTESIAN_POINT('',(16.3953472222222,-2.48,-24.5969444444444));
#12699=CARTESIAN_POINT('',(16.3953472222222,-2.5,-24.5969444444444));
#12700=CARTESIAN_POINT('Ctrl Pts',(16.3953472222222,-2.48,-24.5969444444444));
#12701=CARTESIAN_POINT('Ctrl Pts',(15.4663657407407,-2.48,-24.5969444444444));
#12702=CARTESIAN_POINT('Ctrl Pts',(14.605,-2.48,-24.4352546296297));
#12703=CARTESIAN_POINT('Ctrl Pts',(13.81125,-2.48,-24.111875));
#12704=CARTESIAN_POINT('Ctrl Pts',(13.0175,-2.48,-23.7884953703703));
#12705=CARTESIAN_POINT('Ctrl Pts',(12.3237037037037,-2.48,-23.3328240740741));
#12706=CARTESIAN_POINT('Ctrl Pts',(11.7298611111111,-2.48,-22.7448611111111));
#12707=CARTESIAN_POINT('Ctrl Pts',(11.1360185185185,-2.48,-22.1568981481481));
#12708=CARTESIAN_POINT('Ctrl Pts',(10.6744675925926,-2.48,-21.4719212962963));
#12709=CARTESIAN_POINT('Ctrl Pts',(10.3452083333333,-2.48,-20.6899305555555));
#12710=CARTESIAN_POINT('Ctrl Pts',(10.0159490740741,-2.48,-19.9079398148148));
#12711=CARTESIAN_POINT('Ctrl Pts',(9.85131944444444,-2.48,-19.064212962963));
#12712=CARTESIAN_POINT('Ctrl Pts',(9.85131944444444,-2.48,-18.15875));
#12713=CARTESIAN_POINT('Ctrl Pts',(9.85131944444444,-2.48,-17.253287037037));
#12714=CARTESIAN_POINT('Ctrl Pts',(10.0159490740741,-2.48,-16.4095601851852));
#12715=CARTESIAN_POINT('Ctrl Pts',(10.3452083333333,-2.48,-15.6275694444444));
#12716=CARTESIAN_POINT('Ctrl Pts',(10.6744675925926,-2.48,-14.8455787037037));
#12717=CARTESIAN_POINT('Ctrl Pts',(11.1330787037037,-2.48,-14.1664814814815));
#12718=CARTESIAN_POINT('Ctrl Pts',(11.7210416666667,-2.48,-13.5902777777778));
#12719=CARTESIAN_POINT('Ctrl Pts',(12.3090046296296,-2.48,-13.014074074074));
#12720=CARTESIAN_POINT('Ctrl Pts',(12.9998611111111,-2.48,-12.5642824074074));
#12721=CARTESIAN_POINT('Ctrl Pts',(13.7936111111111,-2.48,-12.2409027777778));
#12722=CARTESIAN_POINT('Ctrl Pts',(14.5873611111111,-2.48,-11.9175231481481));
#12723=CARTESIAN_POINT('Ctrl Pts',(15.4487268518519,-2.48,-11.7558333333333));
#12724=CARTESIAN_POINT('Ctrl Pts',(16.3777083333333,-2.48,-11.7558333333333));
#12725=CARTESIAN_POINT('Ctrl Pts',(17.3654861111111,-2.48,-11.7558333333333));
#12726=CARTESIAN_POINT('Ctrl Pts',(18.2444907407407,-2.48,-11.9145833333333));
#12727=CARTESIAN_POINT('Ctrl Pts',(19.0147222222222,-2.48,-12.2320833333333));
#12728=CARTESIAN_POINT('Ctrl Pts',(19.7849537037037,-2.48,-12.5495833333333));
#12729=CARTESIAN_POINT('Ctrl Pts',(20.4581712962963,-2.48,-12.9846759259259));
#12730=CARTESIAN_POINT('Ctrl Pts',(21.034375,-2.48,-13.5373611111111));
#12731=CARTESIAN_POINT('Ctrl Pts',(21.1225694444444,-2.5,-22.8154166666666));
#12732=CARTESIAN_POINT('Ctrl Pts',(21.1225694444444,-2.48,-22.8154166666666));
#12733=CARTESIAN_POINT('Ctrl Pts',(20.5228472222222,-2.5,-23.3681018518518));
#12734=CARTESIAN_POINT('Ctrl Pts',(20.5228472222222,-2.48,-23.3681018518518));
#12735=CARTESIAN_POINT('Ctrl Pts',(19.8378703703703,-2.5,-23.8031944444444));
#12736=CARTESIAN_POINT('Ctrl Pts',(19.8378703703703,-2.48,-23.8031944444444));
#12737=CARTESIAN_POINT('Ctrl Pts',(19.0676388888889,-2.5,-24.1206944444444));
#12738=CARTESIAN_POINT('Ctrl Pts',(19.0676388888889,-2.48,-24.1206944444444));
#12739=CARTESIAN_POINT('Ctrl Pts',(18.2974074074074,-2.5,-24.4381944444444));
#12740=CARTESIAN_POINT('Ctrl Pts',(18.2974074074074,-2.48,-24.4381944444444));
#12741=CARTESIAN_POINT('Ctrl Pts',(17.4066435185185,-2.5,-24.5969444444444));
#12742=CARTESIAN_POINT('Ctrl Pts',(17.4066435185185,-2.48,-24.5969444444444));
#12743=CARTESIAN_POINT('Ctrl Pts',(16.3953472222222,-2.5,-24.5969444444444));
#12744=CARTESIAN_POINT('Ctrl Pts',(16.3953472222222,-2.48,-24.5969444444444));
#12745=CARTESIAN_POINT('',(21.1225694444444,-2.48,-22.8154166666666));
#12746=CARTESIAN_POINT('',(21.1225694444444,-2.5,-22.8154166666666));
#12747=CARTESIAN_POINT('Ctrl Pts',(21.1225694444444,-2.48,-22.8154166666666));
#12748=CARTESIAN_POINT('Ctrl Pts',(20.5228472222222,-2.48,-23.3681018518518));
#12749=CARTESIAN_POINT('Ctrl Pts',(19.8378703703703,-2.48,-23.8031944444444));
#12750=CARTESIAN_POINT('Ctrl Pts',(19.0676388888889,-2.48,-24.1206944444444));
#12751=CARTESIAN_POINT('Ctrl Pts',(18.2974074074074,-2.48,-24.4381944444444));
#12752=CARTESIAN_POINT('Ctrl Pts',(17.4066435185185,-2.48,-24.5969444444444));
#12753=CARTESIAN_POINT('Ctrl Pts',(16.3953472222222,-2.48,-24.5969444444444));
#12754=CARTESIAN_POINT('Origin',(19.2528472222222,-2.5,-20.9456944444444));
#12755=CARTESIAN_POINT('',(21.1225694444444,-2.48,-22.8154166666666));
#12756=CARTESIAN_POINT('Origin',(15.4869444444444,-2.48,-18.1763888888889));
#12757=CARTESIAN_POINT('Ctrl Pts',(-39.5458623397782,-2.5,-43.8409721977568));
#12758=CARTESIAN_POINT('Ctrl Pts',(-39.5458623397782,-2.48,-43.8409721977568));
#12759=CARTESIAN_POINT('Ctrl Pts',(-38.7934891388107,-2.5,-43.8409022797245));
#12760=CARTESIAN_POINT('Ctrl Pts',(-38.7934891388107,-2.48,-43.8409022797245));
#12761=CARTESIAN_POINT('Ctrl Pts',(-38.1351461366624,-2.5,-43.6909717323241));
#12762=CARTESIAN_POINT('Ctrl Pts',(-38.1351461366624,-2.48,-43.6909717323241));
#12763=CARTESIAN_POINT('Ctrl Pts',(-37.5708333333334,-2.5,-43.3911805555555));
#12764=CARTESIAN_POINT('Ctrl Pts',(-37.5708333333334,-2.48,-43.3911805555555));
#12765=CARTESIAN_POINT('Ctrl Pts',(-37.0063888888889,-2.5,-43.0913194444444));
#12766=CARTESIAN_POINT('Ctrl Pts',(-37.0063888888889,-2.48,-43.0913194444444));
#12767=CARTESIAN_POINT('Ctrl Pts',(-36.5712962962963,-2.5,-42.653287037037));
#12768=CARTESIAN_POINT('Ctrl Pts',(-36.5712962962963,-2.48,-42.653287037037));
#12769=CARTESIAN_POINT('Ctrl Pts',(-36.2655555555556,-2.5,-42.0770833333333));
#12770=CARTESIAN_POINT('Ctrl Pts',(-36.2655555555556,-2.48,-42.0770833333333));
#12771=CARTESIAN_POINT('Ctrl Pts',(-35.9598148148148,-2.5,-41.5008796296296));
#12772=CARTESIAN_POINT('Ctrl Pts',(-35.9598148148148,-2.48,-41.5008796296296));
#12773=CARTESIAN_POINT('Ctrl Pts',(-35.8069444444445,-2.5,-40.8188425925925));
#12774=CARTESIAN_POINT('Ctrl Pts',(-35.8069444444445,-2.48,-40.8188425925925));
#12775=CARTESIAN_POINT('Ctrl Pts',(-35.8069444444445,-2.5,-40.0309722222222));
#12776=CARTESIAN_POINT('Ctrl Pts',(-35.8069444444445,-2.48,-40.0309722222222));
#12777=CARTESIAN_POINT('Ctrl Pts',(-35.8069444444445,-2.5,-39.2431018518518));
#12778=CARTESIAN_POINT('Ctrl Pts',(-35.8069444444445,-2.48,-39.2431018518518));
#12779=CARTESIAN_POINT('Ctrl Pts',(-35.9627546296296,-2.5,-38.5669444444444));
#12780=CARTESIAN_POINT('Ctrl Pts',(-35.9627546296296,-2.48,-38.5669444444444));
#12781=CARTESIAN_POINT('Ctrl Pts',(-36.274375,-2.5,-38.0025));
#12782=CARTESIAN_POINT('Ctrl Pts',(-36.274375,-2.48,-38.0025));
#12783=CARTESIAN_POINT('Ctrl Pts',(-36.5859953703704,-2.5,-37.4380555555555));
#12784=CARTESIAN_POINT('Ctrl Pts',(-36.5859953703704,-2.48,-37.4380555555555));
#12785=CARTESIAN_POINT('Ctrl Pts',(-37.021087962963,-2.5,-37.0029629629629));
#12786=CARTESIAN_POINT('Ctrl Pts',(-37.021087962963,-2.48,-37.0029629629629));
#12787=CARTESIAN_POINT('Ctrl Pts',(-37.5796527777778,-2.5,-36.6972222222222));
#12788=CARTESIAN_POINT('Ctrl Pts',(-37.5796527777778,-2.48,-36.6972222222222));
#12789=CARTESIAN_POINT('Ctrl Pts',(-38.1382175925926,-2.5,-36.3914814814815));
#12790=CARTESIAN_POINT('Ctrl Pts',(-38.1382175925926,-2.48,-36.3914814814815));
#12791=CARTESIAN_POINT('Ctrl Pts',(-38.7937962962963,-2.5,-36.2386111111111));
#12792=CARTESIAN_POINT('Ctrl Pts',(-38.7937962962963,-2.48,-36.2386111111111));
#12793=CARTESIAN_POINT('Ctrl Pts',(-39.5463888888889,-2.5,-36.2386111111111));
#12794=CARTESIAN_POINT('Ctrl Pts',(-39.5463888888889,-2.48,-36.2386111111111));
#12795=CARTESIAN_POINT('',(-39.5458623397782,-2.5,-43.8409722099895));
#12796=CARTESIAN_POINT('',(-39.5463888888889,-2.5,-36.2386111111111));
#12797=CARTESIAN_POINT('Ctrl Pts',(-39.5458623397782,-2.5,-43.8409721977568));
#12798=CARTESIAN_POINT('Ctrl Pts',(-38.7934891388107,-2.5,-43.8409022797245));
#12799=CARTESIAN_POINT('Ctrl Pts',(-38.1351461366624,-2.5,-43.6909717323241));
#12800=CARTESIAN_POINT('Ctrl Pts',(-37.5708333333334,-2.5,-43.3911805555555));
#12801=CARTESIAN_POINT('Ctrl Pts',(-37.0063888888889,-2.5,-43.0913194444444));
#12802=CARTESIAN_POINT('Ctrl Pts',(-36.5712962962963,-2.5,-42.653287037037));
#12803=CARTESIAN_POINT('Ctrl Pts',(-36.2655555555556,-2.5,-42.0770833333333));
#12804=CARTESIAN_POINT('Ctrl Pts',(-35.9598148148148,-2.5,-41.5008796296296));
#12805=CARTESIAN_POINT('Ctrl Pts',(-35.8069444444445,-2.5,-40.8188425925925));
#12806=CARTESIAN_POINT('Ctrl Pts',(-35.8069444444445,-2.5,-40.0309722222222));
#12807=CARTESIAN_POINT('Ctrl Pts',(-35.8069444444445,-2.5,-39.2431018518518));
#12808=CARTESIAN_POINT('Ctrl Pts',(-35.9627546296296,-2.5,-38.5669444444444));
#12809=CARTESIAN_POINT('Ctrl Pts',(-36.274375,-2.5,-38.0025));
#12810=CARTESIAN_POINT('Ctrl Pts',(-36.5859953703704,-2.5,-37.4380555555555));
#12811=CARTESIAN_POINT('Ctrl Pts',(-37.021087962963,-2.5,-37.0029629629629));
#12812=CARTESIAN_POINT('Ctrl Pts',(-37.5796527777778,-2.5,-36.6972222222222));
#12813=CARTESIAN_POINT('Ctrl Pts',(-38.1382175925926,-2.5,-36.3914814814815));
#12814=CARTESIAN_POINT('Ctrl Pts',(-38.7937962962963,-2.5,-36.2386111111111));
#12815=CARTESIAN_POINT('Ctrl Pts',(-39.5463888888889,-2.5,-36.2386111111111));
#12816=CARTESIAN_POINT('',(-39.5458623397782,-2.48,-43.8409722099895));
#12817=CARTESIAN_POINT('',(-39.5458623397782,-2.5,-43.8409722099895));
#12818=CARTESIAN_POINT('',(-39.5463888888889,-2.48,-36.2386111111111));
#12819=CARTESIAN_POINT('Ctrl Pts',(-39.5458623397782,-2.48,-43.8409721977568));
#12820=CARTESIAN_POINT('Ctrl Pts',(-38.7934891388107,-2.48,-43.8409022797245));
#12821=CARTESIAN_POINT('Ctrl Pts',(-38.1351461366624,-2.48,-43.6909717323241));
#12822=CARTESIAN_POINT('Ctrl Pts',(-37.5708333333334,-2.48,-43.3911805555555));
#12823=CARTESIAN_POINT('Ctrl Pts',(-37.0063888888889,-2.48,-43.0913194444444));
#12824=CARTESIAN_POINT('Ctrl Pts',(-36.5712962962963,-2.48,-42.653287037037));
#12825=CARTESIAN_POINT('Ctrl Pts',(-36.2655555555556,-2.48,-42.0770833333333));
#12826=CARTESIAN_POINT('Ctrl Pts',(-35.9598148148148,-2.48,-41.5008796296296));
#12827=CARTESIAN_POINT('Ctrl Pts',(-35.8069444444445,-2.48,-40.8188425925925));
#12828=CARTESIAN_POINT('Ctrl Pts',(-35.8069444444445,-2.48,-40.0309722222222));
#12829=CARTESIAN_POINT('Ctrl Pts',(-35.8069444444445,-2.48,-39.2431018518518));
#12830=CARTESIAN_POINT('Ctrl Pts',(-35.9627546296296,-2.48,-38.5669444444444));
#12831=CARTESIAN_POINT('Ctrl Pts',(-36.274375,-2.48,-38.0025));
#12832=CARTESIAN_POINT('Ctrl Pts',(-36.5859953703704,-2.48,-37.4380555555555));
#12833=CARTESIAN_POINT('Ctrl Pts',(-37.021087962963,-2.48,-37.0029629629629));
#12834=CARTESIAN_POINT('Ctrl Pts',(-37.5796527777778,-2.48,-36.6972222222222));
#12835=CARTESIAN_POINT('Ctrl Pts',(-38.1382175925926,-2.48,-36.3914814814815));
#12836=CARTESIAN_POINT('Ctrl Pts',(-38.7937962962963,-2.48,-36.2386111111111));
#12837=CARTESIAN_POINT('Ctrl Pts',(-39.5463888888889,-2.48,-36.2386111111111));
#12838=CARTESIAN_POINT('',(-39.5463888888889,-2.5,-36.2386111111111));
#12839=CARTESIAN_POINT('Origin',(-41.7336111111111,-2.5,-43.8409722222222));
#12840=CARTESIAN_POINT('',(-41.7336111111111,-2.5,-43.8409722222222));
#12841=CARTESIAN_POINT('',(-20.8668055555556,-2.5,-43.8409722222222));
#12842=CARTESIAN_POINT('',(-41.7336111111111,-2.48,-43.8409722222222));
#12843=CARTESIAN_POINT('',(-41.7336111111111,-2.5,-43.8409722222222));
#12844=CARTESIAN_POINT('',(-39.5463888888889,-2.48,-43.8409722222222));
#12845=CARTESIAN_POINT('Origin',(-41.7336111111111,-2.5,-36.2386111111111));
#12846=CARTESIAN_POINT('',(-41.7336111111111,-2.5,-36.2386111111111));
#12847=CARTESIAN_POINT('',(-41.7336111111111,-2.5,-18.1193055555555));
#12848=CARTESIAN_POINT('',(-41.7336111111111,-2.48,-36.2386111111111));
#12849=CARTESIAN_POINT('',(-41.7336111111111,-2.5,-36.2386111111111));
#12850=CARTESIAN_POINT('',(-41.7336111111111,-2.48,-43.8409722222222));
#12851=CARTESIAN_POINT('Origin',(-39.5463888888889,-2.5,-36.2386111111111));
#12852=CARTESIAN_POINT('',(-19.7731944444445,-2.5,-36.2386111111111));
#12853=CARTESIAN_POINT('',(-41.7336111111111,-2.48,-36.2386111111111));
#12854=CARTESIAN_POINT('Origin',(-44.5029166666667,-2.5,-33.8220833333333));
#12855=CARTESIAN_POINT('',(-44.5029166666667,-2.48,-33.8220833333333));
#12856=CARTESIAN_POINT('',(-44.5029166666667,-2.5,-33.8220833333333));
#12857=CARTESIAN_POINT('',(-39.5111111111111,-2.48,-33.8220833333333));
#12858=CARTESIAN_POINT('',(-39.5111111111111,-2.48,-33.8220833333333));
#12859=CARTESIAN_POINT('',(-39.5111111111111,-2.5,-33.8220833333333));
#12860=CARTESIAN_POINT('Origin',(-44.5029166666667,-2.5,-46.2751388888889));
#12861=CARTESIAN_POINT('',(-44.5029166666667,-2.48,-46.2751388888889));
#12862=CARTESIAN_POINT('',(-44.5029166666667,-2.5,-46.2751388888889));
#12863=CARTESIAN_POINT('',(-44.5029166666667,-2.48,-33.8220833333333));
#12864=CARTESIAN_POINT('Origin',(-39.4758333333334,-2.5,-46.2751388888889));
#12865=CARTESIAN_POINT('',(-39.4758333333334,-2.48,-46.2751388888889));
#12866=CARTESIAN_POINT('',(-39.4758333333334,-2.5,-46.2751388888889));
#12867=CARTESIAN_POINT('',(-44.5029166666667,-2.48,-46.2751388888889));
#12868=CARTESIAN_POINT('Ctrl Pts',(-39.5111111111111,-2.5,-33.8220833333333));
#12869=CARTESIAN_POINT('Ctrl Pts',(-39.5111111111111,-2.48,-33.8220833333333));
#12870=CARTESIAN_POINT('Ctrl Pts',(-38.5703703703704,-2.5,-33.8220833333333));
#12871=CARTESIAN_POINT('Ctrl Pts',(-38.5703703703704,-2.48,-33.8220833333333));
#12872=CARTESIAN_POINT('Ctrl Pts',(-37.703125,-2.5,-33.9720138888889));
#12873=CARTESIAN_POINT('Ctrl Pts',(-37.703125,-2.48,-33.9720138888889));
#12874=CARTESIAN_POINT('Ctrl Pts',(-36.909375,-2.5,-34.271875));
#12875=CARTESIAN_POINT('Ctrl Pts',(-36.909375,-2.48,-34.271875));
#12876=CARTESIAN_POINT('Ctrl Pts',(-36.115625,-2.5,-34.5717361111111));
#12877=CARTESIAN_POINT('Ctrl Pts',(-36.115625,-2.48,-34.5717361111111));
#12878=CARTESIAN_POINT('Ctrl Pts',(-35.4218287037038,-2.5,-35.0009490740741));
#12879=CARTESIAN_POINT('Ctrl Pts',(-35.4218287037038,-2.48,-35.0009490740741));
#12880=CARTESIAN_POINT('Ctrl Pts',(-34.8279861111111,-2.5,-35.5595138888889));
#12881=CARTESIAN_POINT('Ctrl Pts',(-34.8279861111111,-2.48,-35.5595138888889));
#12882=CARTESIAN_POINT('Ctrl Pts',(-34.2341435185185,-2.5,-36.1180787037037));
#12883=CARTESIAN_POINT('Ctrl Pts',(-34.2341435185185,-2.48,-36.1180787037037));
#12884=CARTESIAN_POINT('Ctrl Pts',(-33.7755324074074,-2.5,-36.7765972222222));
#12885=CARTESIAN_POINT('Ctrl Pts',(-33.7755324074074,-2.48,-36.7765972222222));
#12886=CARTESIAN_POINT('Ctrl Pts',(-33.4521527777778,-2.5,-37.5350694444444));
#12887=CARTESIAN_POINT('Ctrl Pts',(-33.4521527777778,-2.48,-37.5350694444444));
#12888=CARTESIAN_POINT('Ctrl Pts',(-33.1287731481482,-2.5,-38.2935416666667));
#12889=CARTESIAN_POINT('Ctrl Pts',(-33.1287731481482,-2.48,-38.2935416666667));
#12890=CARTESIAN_POINT('Ctrl Pts',(-32.9670833333334,-2.5,-39.1313888888889));
#12891=CARTESIAN_POINT('Ctrl Pts',(-32.9670833333334,-2.48,-39.1313888888889));
#12892=CARTESIAN_POINT('Ctrl Pts',(-32.9670833333334,-2.5,-40.0486111111111));
#12893=CARTESIAN_POINT('Ctrl Pts',(-32.9670833333334,-2.48,-40.0486111111111));
#12894=CARTESIAN_POINT('Ctrl Pts',(-32.9670833333334,-2.5,-40.9540740740741));
#12895=CARTESIAN_POINT('Ctrl Pts',(-32.9670833333334,-2.48,-40.9540740740741));
#12896=CARTESIAN_POINT('Ctrl Pts',(-33.1287731481482,-2.5,-41.7889814814815));
#12897=CARTESIAN_POINT('Ctrl Pts',(-33.1287731481482,-2.48,-41.7889814814815));
#12898=CARTESIAN_POINT('Ctrl Pts',(-33.4521527777778,-2.5,-42.5533333333333));
#12899=CARTESIAN_POINT('Ctrl Pts',(-33.4521527777778,-2.48,-42.5533333333333));
#12900=CARTESIAN_POINT('Ctrl Pts',(-33.7755324074074,-2.5,-43.3176851851851));
#12901=CARTESIAN_POINT('Ctrl Pts',(-33.7755324074074,-2.48,-43.3176851851851));
#12902=CARTESIAN_POINT('Ctrl Pts',(-34.2312037037037,-2.5,-43.9762037037037));
#12903=CARTESIAN_POINT('Ctrl Pts',(-34.2312037037037,-2.48,-43.9762037037037));
#12904=CARTESIAN_POINT('Ctrl Pts',(-34.8191666666667,-2.5,-44.5288888888889));
#12905=CARTESIAN_POINT('Ctrl Pts',(-34.8191666666667,-2.48,-44.5288888888889));
#12906=CARTESIAN_POINT('Ctrl Pts',(-35.4071296296297,-2.5,-45.0815740740741));
#12907=CARTESIAN_POINT('Ctrl Pts',(-35.4071296296297,-2.48,-45.0815740740741));
#12908=CARTESIAN_POINT('Ctrl Pts',(-36.0979861111111,-2.5,-45.510787037037));
#12909=CARTESIAN_POINT('Ctrl Pts',(-36.0979861111111,-2.48,-45.510787037037));
#12910=CARTESIAN_POINT('Ctrl Pts',(-36.8917361111111,-2.5,-45.8165277777778));
#12911=CARTESIAN_POINT('Ctrl Pts',(-36.8917361111111,-2.48,-45.8165277777778));
#12912=CARTESIAN_POINT('Ctrl Pts',(-37.6854861111111,-2.5,-46.1222685185185));
#12913=CARTESIAN_POINT('Ctrl Pts',(-37.6854861111111,-2.48,-46.1222685185185));
#12914=CARTESIAN_POINT('Ctrl Pts',(-38.5468518518519,-2.5,-46.2751388888889));
#12915=CARTESIAN_POINT('Ctrl Pts',(-38.5468518518519,-2.48,-46.2751388888889));
#12916=CARTESIAN_POINT('Ctrl Pts',(-39.4758333333334,-2.5,-46.2751388888889));
#12917=CARTESIAN_POINT('Ctrl Pts',(-39.4758333333334,-2.48,-46.2751388888889));
#12918=CARTESIAN_POINT('Ctrl Pts',(-39.5111111111111,-2.48,-33.8220833333333));
#12919=CARTESIAN_POINT('Ctrl Pts',(-38.5703703703704,-2.48,-33.8220833333333));
#12920=CARTESIAN_POINT('Ctrl Pts',(-37.703125,-2.48,-33.9720138888889));
#12921=CARTESIAN_POINT('Ctrl Pts',(-36.909375,-2.48,-34.271875));
#12922=CARTESIAN_POINT('Ctrl Pts',(-36.115625,-2.48,-34.5717361111111));
#12923=CARTESIAN_POINT('Ctrl Pts',(-35.4218287037038,-2.48,-35.0009490740741));
#12924=CARTESIAN_POINT('Ctrl Pts',(-34.8279861111111,-2.48,-35.5595138888889));
#12925=CARTESIAN_POINT('Ctrl Pts',(-34.2341435185185,-2.48,-36.1180787037037));
#12926=CARTESIAN_POINT('Ctrl Pts',(-33.7755324074074,-2.48,-36.7765972222222));
#12927=CARTESIAN_POINT('Ctrl Pts',(-33.4521527777778,-2.48,-37.5350694444444));
#12928=CARTESIAN_POINT('Ctrl Pts',(-33.1287731481482,-2.48,-38.2935416666667));
#12929=CARTESIAN_POINT('Ctrl Pts',(-32.9670833333334,-2.48,-39.1313888888889));
#12930=CARTESIAN_POINT('Ctrl Pts',(-32.9670833333334,-2.48,-40.0486111111111));
#12931=CARTESIAN_POINT('Ctrl Pts',(-32.9670833333334,-2.48,-40.9540740740741));
#12932=CARTESIAN_POINT('Ctrl Pts',(-33.1287731481482,-2.48,-41.7889814814815));
#12933=CARTESIAN_POINT('Ctrl Pts',(-33.4521527777778,-2.48,-42.5533333333333));
#12934=CARTESIAN_POINT('Ctrl Pts',(-33.7755324074074,-2.48,-43.3176851851851));
#12935=CARTESIAN_POINT('Ctrl Pts',(-34.2312037037037,-2.48,-43.9762037037037));
#12936=CARTESIAN_POINT('Ctrl Pts',(-34.8191666666667,-2.48,-44.5288888888889));
#12937=CARTESIAN_POINT('Ctrl Pts',(-35.4071296296297,-2.48,-45.0815740740741));
#12938=CARTESIAN_POINT('Ctrl Pts',(-36.0979861111111,-2.48,-45.510787037037));
#12939=CARTESIAN_POINT('Ctrl Pts',(-36.8917361111111,-2.48,-45.8165277777778));
#12940=CARTESIAN_POINT('Ctrl Pts',(-37.6854861111111,-2.48,-46.1222685185185));
#12941=CARTESIAN_POINT('Ctrl Pts',(-38.5468518518519,-2.48,-46.2751388888889));
#12942=CARTESIAN_POINT('Ctrl Pts',(-39.4758333333334,-2.48,-46.2751388888889));
#12943=CARTESIAN_POINT('Origin',(-38.735,-2.48,-40.0486111111111));
#12944=CARTESIAN_POINT('Origin',(9.31333333333331,-2.5,-41.0902782883987));
#12945=CARTESIAN_POINT('',(9.31333333333331,-2.48,-41.0902782883987));
#12946=CARTESIAN_POINT('',(9.31333333333331,-2.5,-41.0902782883987));
#12947=CARTESIAN_POINT('',(4.85069444444445,-2.48,-33.8220833333333));
#12948=CARTESIAN_POINT('',(4.85069444444445,-2.48,-33.8220833333333));
#12949=CARTESIAN_POINT('',(4.85069444444445,-2.5,-33.8220833333333));
#12950=CARTESIAN_POINT('Origin',(9.31333333333331,-2.5,-46.2751388888889));
#12951=CARTESIAN_POINT('',(9.31333333333331,-2.48,-46.2751388888889));
#12952=CARTESIAN_POINT('',(9.31333333333331,-2.5,-46.2751388888889));
#12953=CARTESIAN_POINT('',(9.31333333333331,-2.48,-41.0902782883987));
#12954=CARTESIAN_POINT('Origin',(12.0826388888889,-2.5,-46.2751388888889));
#12955=CARTESIAN_POINT('',(12.0826388888889,-2.48,-46.2751388888889));
#12956=CARTESIAN_POINT('',(12.0826388888889,-2.5,-46.2751388888889));
#12957=CARTESIAN_POINT('',(9.31333333333331,-2.48,-46.2751388888889));
#12958=CARTESIAN_POINT('Origin',(12.0826388888889,-2.5,-40.9801890713706));
#12959=CARTESIAN_POINT('',(12.0826388888889,-2.48,-40.9801890713706));
#12960=CARTESIAN_POINT('',(12.0826388888889,-2.5,-40.9801890713706));
#12961=CARTESIAN_POINT('',(12.0826388888889,-2.48,-46.2751388888889));
#12962=CARTESIAN_POINT('Origin',(16.51,-2.5,-33.8220833333333));
#12963=CARTESIAN_POINT('',(16.51,-2.48,-33.8220833333333));
#12964=CARTESIAN_POINT('',(16.51,-2.5,-33.8220833333333));
#12965=CARTESIAN_POINT('',(12.0826388888889,-2.48,-40.9801890713706));
#12966=CARTESIAN_POINT('Origin',(13.3702777777778,-2.5,-33.8220833333333));
#12967=CARTESIAN_POINT('',(13.3702777777778,-2.48,-33.8220833333333));
#12968=CARTESIAN_POINT('',(13.3702777777778,-2.5,-33.8220833333333));
#12969=CARTESIAN_POINT('',(16.51,-2.48,-33.8220833333333));
#12970=CARTESIAN_POINT('Origin',(10.715625,-2.5,-38.3692876129718));
#12971=CARTESIAN_POINT('',(10.715625,-2.48,-38.3692876129718));
#12972=CARTESIAN_POINT('',(10.715625,-2.5,-38.3692876129718));
#12973=CARTESIAN_POINT('',(13.3702777777778,-2.48,-33.8220833333333));
#12974=CARTESIAN_POINT('Origin',(8.0609722222222,-2.5,-33.8220833333333));
#12975=CARTESIAN_POINT('',(8.0609722222222,-2.48,-33.8220833333333));
#12976=CARTESIAN_POINT('',(8.0609722222222,-2.5,-33.8220833333333));
#12977=CARTESIAN_POINT('',(10.715625,-2.48,-38.3692876129718));
#12978=CARTESIAN_POINT('Origin',(4.85069444444445,-2.5,-33.8220833333333));
#12979=CARTESIAN_POINT('',(8.0609722222222,-2.48,-33.8220833333333));
#12980=CARTESIAN_POINT('Origin',(10.6803472222222,-2.48,-40.0486111111111));
#12981=CARTESIAN_POINT('Ctrl Pts',(51.7524999999999,-2.5,-37.2793055555555));
#12982=CARTESIAN_POINT('Ctrl Pts',(51.7524999999999,-2.48,-37.2793055555555));
#12983=CARTESIAN_POINT('Ctrl Pts',(51.4232407407407,-2.5,-36.9265277777777));
#12984=CARTESIAN_POINT('Ctrl Pts',(51.4232407407407,-2.48,-36.9265277777777));
#12985=CARTESIAN_POINT('Ctrl Pts',(51.0263657407407,-2.5,-36.6501851851851));
#12986=CARTESIAN_POINT('Ctrl Pts',(51.0263657407407,-2.48,-36.6501851851851));
#12987=CARTESIAN_POINT('Ctrl Pts',(50.561875,-2.5,-36.4502777777778));
#12988=CARTESIAN_POINT('Ctrl Pts',(50.561875,-2.48,-36.4502777777778));
#12989=CARTESIAN_POINT('Ctrl Pts',(50.0973842592592,-2.5,-36.2503703703704));
#12990=CARTESIAN_POINT('Ctrl Pts',(50.0973842592592,-2.48,-36.2503703703704));
#12991=CARTESIAN_POINT('Ctrl Pts',(49.5593981481481,-2.5,-36.1504166666667));
#12992=CARTESIAN_POINT('Ctrl Pts',(49.5593981481481,-2.48,-36.1504166666667));
#12993=CARTESIAN_POINT('Ctrl Pts',(48.9479166666667,-2.5,-36.1504166666667));
#12994=CARTESIAN_POINT('Ctrl Pts',(48.9479166666667,-2.48,-36.1504166666667));
#12995=CARTESIAN_POINT('Ctrl Pts',(48.4069907407407,-2.5,-36.1504166666667));
#12996=CARTESIAN_POINT('Ctrl Pts',(48.4069907407407,-2.48,-36.1504166666667));
#12997=CARTESIAN_POINT('Ctrl Pts',(47.910162037037,-2.5,-36.2415509259259));
#12998=CARTESIAN_POINT('Ctrl Pts',(47.910162037037,-2.48,-36.2415509259259));
#12999=CARTESIAN_POINT('Ctrl Pts',(47.4574305555555,-2.5,-36.4238194444444));
#13000=CARTESIAN_POINT('Ctrl Pts',(47.4574305555555,-2.48,-36.4238194444444));
#13001=CARTESIAN_POINT('Ctrl Pts',(47.0046990740741,-2.5,-36.6060879629629));
#13002=CARTESIAN_POINT('Ctrl Pts',(47.0046990740741,-2.48,-36.6060879629629));
#13003=CARTESIAN_POINT('Ctrl Pts',(46.6166435185185,-2.5,-36.8677314814815));
#13004=CARTESIAN_POINT('Ctrl Pts',(46.6166435185185,-2.48,-36.8677314814815));
#13005=CARTESIAN_POINT('Ctrl Pts',(46.2932638888889,-2.5,-37.20875));
#13006=CARTESIAN_POINT('Ctrl Pts',(46.2932638888889,-2.48,-37.20875));
#13007=CARTESIAN_POINT('Ctrl Pts',(45.9698842592593,-2.5,-37.5497685185185));
#13008=CARTESIAN_POINT('Ctrl Pts',(45.9698842592593,-2.48,-37.5497685185185));
#13009=CARTESIAN_POINT('Ctrl Pts',(45.7170601851852,-2.5,-37.9613425925926));
#13010=CARTESIAN_POINT('Ctrl Pts',(45.7170601851852,-2.48,-37.9613425925926));
#13011=CARTESIAN_POINT('Ctrl Pts',(45.5347916666666,-2.5,-38.4434722222222));
#13012=CARTESIAN_POINT('Ctrl Pts',(45.5347916666666,-2.48,-38.4434722222222));
#13013=CARTESIAN_POINT('Ctrl Pts',(45.3525231481481,-2.5,-38.9256018518518));
#13014=CARTESIAN_POINT('Ctrl Pts',(45.3525231481481,-2.48,-38.9256018518518));
#13015=CARTESIAN_POINT('Ctrl Pts',(45.2613888888888,-2.5,-39.4547685185185));
#13016=CARTESIAN_POINT('Ctrl Pts',(45.2613888888888,-2.48,-39.4547685185185));
#13017=CARTESIAN_POINT('Ctrl Pts',(45.2613888888888,-2.5,-40.0309722222222));
#13018=CARTESIAN_POINT('Ctrl Pts',(45.2613888888888,-2.48,-40.0309722222222));
#13019=CARTESIAN_POINT('Ctrl Pts',(45.2613888888888,-2.5,-40.6189351851851));
#13020=CARTESIAN_POINT('Ctrl Pts',(45.2613888888888,-2.48,-40.6189351851851));
#13021=CARTESIAN_POINT('Ctrl Pts',(45.3525231481481,-2.5,-41.1539814814815));
#13022=CARTESIAN_POINT('Ctrl Pts',(45.3525231481481,-2.48,-41.1539814814815));
#13023=CARTESIAN_POINT('Ctrl Pts',(45.5347916666667,-2.5,-41.6361111111111));
#13024=CARTESIAN_POINT('Ctrl Pts',(45.5347916666667,-2.48,-41.6361111111111));
#13025=CARTESIAN_POINT('Ctrl Pts',(45.7170601851852,-2.5,-42.1182407407407));
#13026=CARTESIAN_POINT('Ctrl Pts',(45.7170601851852,-2.48,-42.1182407407407));
#13027=CARTESIAN_POINT('Ctrl Pts',(45.9698842592593,-2.5,-42.5298148148148));
#13028=CARTESIAN_POINT('Ctrl Pts',(45.9698842592593,-2.48,-42.5298148148148));
#13029=CARTESIAN_POINT('Ctrl Pts',(46.2932638888889,-2.5,-42.8708333333333));
#13030=CARTESIAN_POINT('Ctrl Pts',(46.2932638888889,-2.48,-42.8708333333333));
#13031=CARTESIAN_POINT('Ctrl Pts',(46.6166435185185,-2.5,-43.2118518518518));
#13032=CARTESIAN_POINT('Ctrl Pts',(46.6166435185185,-2.48,-43.2118518518518));
#13033=CARTESIAN_POINT('Ctrl Pts',(47.0046990740741,-2.5,-43.4764351851852));
#13034=CARTESIAN_POINT('Ctrl Pts',(47.0046990740741,-2.48,-43.4764351851852));
#13035=CARTESIAN_POINT('Ctrl Pts',(47.4574305555555,-2.5,-43.6645833333333));
#13036=CARTESIAN_POINT('Ctrl Pts',(47.4574305555555,-2.48,-43.6645833333333));
#13037=CARTESIAN_POINT('Ctrl Pts',(47.910162037037,-2.5,-43.8527314814815));
#13038=CARTESIAN_POINT('Ctrl Pts',(47.910162037037,-2.48,-43.8527314814815));
#13039=CARTESIAN_POINT('Ctrl Pts',(48.4069907407407,-2.5,-43.9468055555555));
#13040=CARTESIAN_POINT('Ctrl Pts',(48.4069907407407,-2.48,-43.9468055555555));
#13041=CARTESIAN_POINT('Ctrl Pts',(48.9479166666667,-2.5,-43.9468055555555));
#13042=CARTESIAN_POINT('Ctrl Pts',(48.9479166666667,-2.48,-43.9468055555555));
#13043=CARTESIAN_POINT('Ctrl Pts',(49.5829166666667,-2.5,-43.9468055555556));
#13044=CARTESIAN_POINT('Ctrl Pts',(49.5829166666667,-2.48,-43.9468055555556));
#13045=CARTESIAN_POINT('Ctrl Pts',(50.1356018518518,-2.5,-43.8468518518518));
#13046=CARTESIAN_POINT('Ctrl Pts',(50.1356018518518,-2.48,-43.8468518518518));
#13047=CARTESIAN_POINT('Ctrl Pts',(50.6059722222222,-2.5,-43.6469444444444));
#13048=CARTESIAN_POINT('Ctrl Pts',(50.6059722222222,-2.48,-43.6469444444444));
#13049=CARTESIAN_POINT('Ctrl Pts',(51.0763425925926,-2.5,-43.447037037037));
#13050=CARTESIAN_POINT('Ctrl Pts',(51.0763425925926,-2.48,-43.447037037037));
#13051=CARTESIAN_POINT('Ctrl Pts',(51.482037037037,-2.5,-43.1706944444444));
#13052=CARTESIAN_POINT('Ctrl Pts',(51.482037037037,-2.48,-43.1706944444444));
#13053=CARTESIAN_POINT('Ctrl Pts',(51.8230555555555,-2.5,-42.8179166666667));
#13054=CARTESIAN_POINT('Ctrl Pts',(51.8230555555555,-2.48,-42.8179166666667));
#13055=CARTESIAN_POINT('',(51.7524999999999,-2.48,-37.2793055555555));
#13056=CARTESIAN_POINT('',(51.7524999999999,-2.5,-37.2793055555555));
#13057=CARTESIAN_POINT('',(51.8230555555555,-2.48,-42.8179166666667));
#13058=CARTESIAN_POINT('Ctrl Pts',(51.7524999999999,-2.48,-37.2793055555555));
#13059=CARTESIAN_POINT('Ctrl Pts',(51.4232407407407,-2.48,-36.9265277777777));
#13060=CARTESIAN_POINT('Ctrl Pts',(51.0263657407407,-2.48,-36.6501851851851));
#13061=CARTESIAN_POINT('Ctrl Pts',(50.561875,-2.48,-36.4502777777778));
#13062=CARTESIAN_POINT('Ctrl Pts',(50.0973842592592,-2.48,-36.2503703703704));
#13063=CARTESIAN_POINT('Ctrl Pts',(49.5593981481481,-2.48,-36.1504166666667));
#13064=CARTESIAN_POINT('Ctrl Pts',(48.9479166666667,-2.48,-36.1504166666667));
#13065=CARTESIAN_POINT('Ctrl Pts',(48.4069907407407,-2.48,-36.1504166666667));
#13066=CARTESIAN_POINT('Ctrl Pts',(47.910162037037,-2.48,-36.2415509259259));
#13067=CARTESIAN_POINT('Ctrl Pts',(47.4574305555555,-2.48,-36.4238194444444));
#13068=CARTESIAN_POINT('Ctrl Pts',(47.0046990740741,-2.48,-36.6060879629629));
#13069=CARTESIAN_POINT('Ctrl Pts',(46.6166435185185,-2.48,-36.8677314814815));
#13070=CARTESIAN_POINT('Ctrl Pts',(46.2932638888889,-2.48,-37.20875));
#13071=CARTESIAN_POINT('Ctrl Pts',(45.9698842592593,-2.48,-37.5497685185185));
#13072=CARTESIAN_POINT('Ctrl Pts',(45.7170601851852,-2.48,-37.9613425925926));
#13073=CARTESIAN_POINT('Ctrl Pts',(45.5347916666666,-2.48,-38.4434722222222));
#13074=CARTESIAN_POINT('Ctrl Pts',(45.3525231481481,-2.48,-38.9256018518518));
#13075=CARTESIAN_POINT('Ctrl Pts',(45.2613888888888,-2.48,-39.4547685185185));
#13076=CARTESIAN_POINT('Ctrl Pts',(45.2613888888888,-2.48,-40.0309722222222));
#13077=CARTESIAN_POINT('Ctrl Pts',(45.2613888888888,-2.48,-40.6189351851851));
#13078=CARTESIAN_POINT('Ctrl Pts',(45.3525231481481,-2.48,-41.1539814814815));
#13079=CARTESIAN_POINT('Ctrl Pts',(45.5347916666667,-2.48,-41.6361111111111));
#13080=CARTESIAN_POINT('Ctrl Pts',(45.7170601851852,-2.48,-42.1182407407407));
#13081=CARTESIAN_POINT('Ctrl Pts',(45.9698842592593,-2.48,-42.5298148148148));
#13082=CARTESIAN_POINT('Ctrl Pts',(46.2932638888889,-2.48,-42.8708333333333));
#13083=CARTESIAN_POINT('Ctrl Pts',(46.6166435185185,-2.48,-43.2118518518518));
#13084=CARTESIAN_POINT('Ctrl Pts',(47.0046990740741,-2.48,-43.4764351851852));
#13085=CARTESIAN_POINT('Ctrl Pts',(47.4574305555555,-2.48,-43.6645833333333));
#13086=CARTESIAN_POINT('Ctrl Pts',(47.910162037037,-2.48,-43.8527314814815));
#13087=CARTESIAN_POINT('Ctrl Pts',(48.4069907407407,-2.48,-43.9468055555555));
#13088=CARTESIAN_POINT('Ctrl Pts',(48.9479166666667,-2.48,-43.9468055555555));
#13089=CARTESIAN_POINT('Ctrl Pts',(49.5829166666667,-2.48,-43.9468055555556));
#13090=CARTESIAN_POINT('Ctrl Pts',(50.1356018518518,-2.48,-43.8468518518518));
#13091=CARTESIAN_POINT('Ctrl Pts',(50.6059722222222,-2.48,-43.6469444444444));
#13092=CARTESIAN_POINT('Ctrl Pts',(51.0763425925926,-2.48,-43.447037037037));
#13093=CARTESIAN_POINT('Ctrl Pts',(51.482037037037,-2.48,-43.1706944444444));
#13094=CARTESIAN_POINT('Ctrl Pts',(51.8230555555555,-2.48,-42.8179166666667));
#13095=CARTESIAN_POINT('',(51.8230555555555,-2.5,-42.8179166666667));
#13096=CARTESIAN_POINT('Origin',(53.6045833333333,-2.5,-35.4095833333333));
#13097=CARTESIAN_POINT('',(53.6045833333333,-2.48,-35.4095833333333));
#13098=CARTESIAN_POINT('',(53.6045833333333,-2.5,-35.4095833333333));
#13099=CARTESIAN_POINT('',(51.7524999999999,-2.48,-37.2793055555555));
#13100=CARTESIAN_POINT('Ctrl Pts',(48.9655555555555,-2.5,-46.4691666666667));
#13101=CARTESIAN_POINT('Ctrl Pts',(48.9655555555555,-2.48,-46.4691666666667));
#13102=CARTESIAN_POINT('Ctrl Pts',(48.036574074074,-2.5,-46.4691666666667));
#13103=CARTESIAN_POINT('Ctrl Pts',(48.036574074074,-2.48,-46.4691666666667));
#13104=CARTESIAN_POINT('Ctrl Pts',(47.1752083333333,-2.5,-46.3074768518518));
#13105=CARTESIAN_POINT('Ctrl Pts',(47.1752083333333,-2.48,-46.3074768518518));
#13106=CARTESIAN_POINT('Ctrl Pts',(46.3814583333333,-2.5,-45.9840972222222));
#13107=CARTESIAN_POINT('Ctrl Pts',(46.3814583333333,-2.48,-45.9840972222222));
#13108=CARTESIAN_POINT('Ctrl Pts',(45.5877083333333,-2.5,-45.6607175925926));
#13109=CARTESIAN_POINT('Ctrl Pts',(45.5877083333333,-2.48,-45.6607175925926));
#13110=CARTESIAN_POINT('Ctrl Pts',(44.893912037037,-2.5,-45.2050462962963));
#13111=CARTESIAN_POINT('Ctrl Pts',(44.893912037037,-2.48,-45.2050462962963));
#13112=CARTESIAN_POINT('Ctrl Pts',(44.3000694444444,-2.5,-44.6170833333333));
#13113=CARTESIAN_POINT('Ctrl Pts',(44.3000694444444,-2.48,-44.6170833333333));
#13114=CARTESIAN_POINT('Ctrl Pts',(43.7062268518518,-2.5,-44.0291203703704));
#13115=CARTESIAN_POINT('Ctrl Pts',(43.7062268518518,-2.48,-44.0291203703704));
#13116=CARTESIAN_POINT('Ctrl Pts',(43.2446759259259,-2.5,-43.3441435185185));
#13117=CARTESIAN_POINT('Ctrl Pts',(43.2446759259259,-2.48,-43.3441435185185));
#13118=CARTESIAN_POINT('Ctrl Pts',(42.9154166666667,-2.5,-42.5621527777778));
#13119=CARTESIAN_POINT('Ctrl Pts',(42.9154166666667,-2.48,-42.5621527777778));
#13120=CARTESIAN_POINT('Ctrl Pts',(42.5861574074074,-2.5,-41.780162037037));
#13121=CARTESIAN_POINT('Ctrl Pts',(42.5861574074074,-2.48,-41.780162037037));
#13122=CARTESIAN_POINT('Ctrl Pts',(42.4215277777778,-2.5,-40.9364351851852));
#13123=CARTESIAN_POINT('Ctrl Pts',(42.4215277777778,-2.48,-40.9364351851852));
#13124=CARTESIAN_POINT('Ctrl Pts',(42.4215277777778,-2.5,-40.0309722222222));
#13125=CARTESIAN_POINT('Ctrl Pts',(42.4215277777778,-2.48,-40.0309722222222));
#13126=CARTESIAN_POINT('Ctrl Pts',(42.4215277777778,-2.5,-39.1255092592592));
#13127=CARTESIAN_POINT('Ctrl Pts',(42.4215277777778,-2.48,-39.1255092592592));
#13128=CARTESIAN_POINT('Ctrl Pts',(42.5861574074074,-2.5,-38.2817824074074));
#13129=CARTESIAN_POINT('Ctrl Pts',(42.5861574074074,-2.48,-38.2817824074074));
#13130=CARTESIAN_POINT('Ctrl Pts',(42.9154166666666,-2.5,-37.4997916666667));
#13131=CARTESIAN_POINT('Ctrl Pts',(42.9154166666666,-2.48,-37.4997916666667));
#13132=CARTESIAN_POINT('Ctrl Pts',(43.2446759259259,-2.5,-36.7178009259259));
#13133=CARTESIAN_POINT('Ctrl Pts',(43.2446759259259,-2.48,-36.7178009259259));
#13134=CARTESIAN_POINT('Ctrl Pts',(43.703287037037,-2.5,-36.0387037037037));
#13135=CARTESIAN_POINT('Ctrl Pts',(43.703287037037,-2.48,-36.0387037037037));
#13136=CARTESIAN_POINT('Ctrl Pts',(44.29125,-2.5,-35.4625));
#13137=CARTESIAN_POINT('Ctrl Pts',(44.29125,-2.48,-35.4625));
#13138=CARTESIAN_POINT('Ctrl Pts',(44.8792129629629,-2.5,-34.8862962962963));
#13139=CARTESIAN_POINT('Ctrl Pts',(44.8792129629629,-2.48,-34.8862962962963));
#13140=CARTESIAN_POINT('Ctrl Pts',(45.5700694444444,-2.5,-34.4365046296296));
#13141=CARTESIAN_POINT('Ctrl Pts',(45.5700694444444,-2.48,-34.4365046296296));
#13142=CARTESIAN_POINT('Ctrl Pts',(46.3638194444444,-2.5,-34.113125));
#13143=CARTESIAN_POINT('Ctrl Pts',(46.3638194444444,-2.48,-34.113125));
#13144=CARTESIAN_POINT('Ctrl Pts',(47.1575694444444,-2.5,-33.7897453703704));
#13145=CARTESIAN_POINT('Ctrl Pts',(47.1575694444444,-2.48,-33.7897453703704));
#13146=CARTESIAN_POINT('Ctrl Pts',(48.0189351851852,-2.5,-33.6280555555555));
#13147=CARTESIAN_POINT('Ctrl Pts',(48.0189351851852,-2.48,-33.6280555555555));
#13148=CARTESIAN_POINT('Ctrl Pts',(48.9479166666667,-2.5,-33.6280555555555));
#13149=CARTESIAN_POINT('Ctrl Pts',(48.9479166666667,-2.48,-33.6280555555555));
#13150=CARTESIAN_POINT('Ctrl Pts',(49.9356944444445,-2.5,-33.6280555555555));
#13151=CARTESIAN_POINT('Ctrl Pts',(49.9356944444445,-2.48,-33.6280555555555));
#13152=CARTESIAN_POINT('Ctrl Pts',(50.814699074074,-2.5,-33.7868055555555));
#13153=CARTESIAN_POINT('Ctrl Pts',(50.814699074074,-2.48,-33.7868055555555));
#13154=CARTESIAN_POINT('Ctrl Pts',(51.5849305555555,-2.5,-34.1043055555555));
#13155=CARTESIAN_POINT('Ctrl Pts',(51.5849305555555,-2.48,-34.1043055555555));
#13156=CARTESIAN_POINT('Ctrl Pts',(52.355162037037,-2.5,-34.4218055555556));
#13157=CARTESIAN_POINT('Ctrl Pts',(52.355162037037,-2.48,-34.4218055555556));
#13158=CARTESIAN_POINT('Ctrl Pts',(53.0283796296296,-2.5,-34.8568981481481));
#13159=CARTESIAN_POINT('Ctrl Pts',(53.0283796296296,-2.48,-34.8568981481481));
#13160=CARTESIAN_POINT('Ctrl Pts',(53.6045833333333,-2.5,-35.4095833333333));
#13161=CARTESIAN_POINT('Ctrl Pts',(53.6045833333333,-2.48,-35.4095833333333));
#13162=CARTESIAN_POINT('',(48.9655555555555,-2.48,-46.4691666666667));
#13163=CARTESIAN_POINT('',(48.9655555555555,-2.5,-46.4691666666667));
#13164=CARTESIAN_POINT('Ctrl Pts',(48.9655555555555,-2.48,-46.4691666666667));
#13165=CARTESIAN_POINT('Ctrl Pts',(48.036574074074,-2.48,-46.4691666666667));
#13166=CARTESIAN_POINT('Ctrl Pts',(47.1752083333333,-2.48,-46.3074768518518));
#13167=CARTESIAN_POINT('Ctrl Pts',(46.3814583333333,-2.48,-45.9840972222222));
#13168=CARTESIAN_POINT('Ctrl Pts',(45.5877083333333,-2.48,-45.6607175925926));
#13169=CARTESIAN_POINT('Ctrl Pts',(44.893912037037,-2.48,-45.2050462962963));
#13170=CARTESIAN_POINT('Ctrl Pts',(44.3000694444444,-2.48,-44.6170833333333));
#13171=CARTESIAN_POINT('Ctrl Pts',(43.7062268518518,-2.48,-44.0291203703704));
#13172=CARTESIAN_POINT('Ctrl Pts',(43.2446759259259,-2.48,-43.3441435185185));
#13173=CARTESIAN_POINT('Ctrl Pts',(42.9154166666667,-2.48,-42.5621527777778));
#13174=CARTESIAN_POINT('Ctrl Pts',(42.5861574074074,-2.48,-41.780162037037));
#13175=CARTESIAN_POINT('Ctrl Pts',(42.4215277777778,-2.48,-40.9364351851852));
#13176=CARTESIAN_POINT('Ctrl Pts',(42.4215277777778,-2.48,-40.0309722222222));
#13177=CARTESIAN_POINT('Ctrl Pts',(42.4215277777778,-2.48,-39.1255092592592));
#13178=CARTESIAN_POINT('Ctrl Pts',(42.5861574074074,-2.48,-38.2817824074074));
#13179=CARTESIAN_POINT('Ctrl Pts',(42.9154166666666,-2.48,-37.4997916666667));
#13180=CARTESIAN_POINT('Ctrl Pts',(43.2446759259259,-2.48,-36.7178009259259));
#13181=CARTESIAN_POINT('Ctrl Pts',(43.703287037037,-2.48,-36.0387037037037));
#13182=CARTESIAN_POINT('Ctrl Pts',(44.29125,-2.48,-35.4625));
#13183=CARTESIAN_POINT('Ctrl Pts',(44.8792129629629,-2.48,-34.8862962962963));
#13184=CARTESIAN_POINT('Ctrl Pts',(45.5700694444444,-2.48,-34.4365046296296));
#13185=CARTESIAN_POINT('Ctrl Pts',(46.3638194444444,-2.48,-34.113125));
#13186=CARTESIAN_POINT('Ctrl Pts',(47.1575694444444,-2.48,-33.7897453703704));
#13187=CARTESIAN_POINT('Ctrl Pts',(48.0189351851852,-2.48,-33.6280555555555));
#13188=CARTESIAN_POINT('Ctrl Pts',(48.9479166666667,-2.48,-33.6280555555555));
#13189=CARTESIAN_POINT('Ctrl Pts',(49.9356944444445,-2.48,-33.6280555555555));
#13190=CARTESIAN_POINT('Ctrl Pts',(50.814699074074,-2.48,-33.7868055555555));
#13191=CARTESIAN_POINT('Ctrl Pts',(51.5849305555555,-2.48,-34.1043055555555));
#13192=CARTESIAN_POINT('Ctrl Pts',(52.355162037037,-2.48,-34.4218055555556));
#13193=CARTESIAN_POINT('Ctrl Pts',(53.0283796296296,-2.48,-34.8568981481481));
#13194=CARTESIAN_POINT('Ctrl Pts',(53.6045833333333,-2.48,-35.4095833333333));
#13195=CARTESIAN_POINT('Ctrl Pts',(53.6927777777778,-2.5,-44.6876388888889));
#13196=CARTESIAN_POINT('Ctrl Pts',(53.6927777777778,-2.48,-44.6876388888889));
#13197=CARTESIAN_POINT('Ctrl Pts',(53.0930555555555,-2.5,-45.2403240740741));
#13198=CARTESIAN_POINT('Ctrl Pts',(53.0930555555555,-2.48,-45.2403240740741));
#13199=CARTESIAN_POINT('Ctrl Pts',(52.4080787037037,-2.5,-45.6754166666667));
#13200=CARTESIAN_POINT('Ctrl Pts',(52.4080787037037,-2.48,-45.6754166666667));
#13201=CARTESIAN_POINT('Ctrl Pts',(51.6378472222222,-2.5,-45.9929166666667));
#13202=CARTESIAN_POINT('Ctrl Pts',(51.6378472222222,-2.48,-45.9929166666667));
#13203=CARTESIAN_POINT('Ctrl Pts',(50.8676157407407,-2.5,-46.3104166666667));
#13204=CARTESIAN_POINT('Ctrl Pts',(50.8676157407407,-2.48,-46.3104166666667));
#13205=CARTESIAN_POINT('Ctrl Pts',(49.9768518518518,-2.5,-46.4691666666667));
#13206=CARTESIAN_POINT('Ctrl Pts',(49.9768518518518,-2.48,-46.4691666666667));
#13207=CARTESIAN_POINT('Ctrl Pts',(48.9655555555555,-2.5,-46.4691666666667));
#13208=CARTESIAN_POINT('Ctrl Pts',(48.9655555555555,-2.48,-46.4691666666667));
#13209=CARTESIAN_POINT('',(53.6927777777778,-2.48,-44.6876388888889));
#13210=CARTESIAN_POINT('',(53.6927777777778,-2.5,-44.6876388888889));
#13211=CARTESIAN_POINT('Ctrl Pts',(53.6927777777778,-2.48,-44.6876388888889));
#13212=CARTESIAN_POINT('Ctrl Pts',(53.0930555555555,-2.48,-45.2403240740741));
#13213=CARTESIAN_POINT('Ctrl Pts',(52.4080787037037,-2.48,-45.6754166666667));
#13214=CARTESIAN_POINT('Ctrl Pts',(51.6378472222222,-2.48,-45.9929166666667));
#13215=CARTESIAN_POINT('Ctrl Pts',(50.8676157407407,-2.48,-46.3104166666667));
#13216=CARTESIAN_POINT('Ctrl Pts',(49.9768518518518,-2.48,-46.4691666666667));
#13217=CARTESIAN_POINT('Ctrl Pts',(48.9655555555555,-2.48,-46.4691666666667));
#13218=CARTESIAN_POINT('Origin',(51.8230555555555,-2.5,-42.8179166666667));
#13219=CARTESIAN_POINT('',(53.6927777777778,-2.48,-44.6876388888889));
#13220=CARTESIAN_POINT('Origin',(48.0571527777778,-2.48,-40.0486111111111));
#13221=CARTESIAN_POINT('Ctrl Pts',(-25.2438667026319,-2.5,46.915738705523));
#13222=CARTESIAN_POINT('Ctrl Pts',(-25.2438667026319,-2.48,46.915738705523));
#13223=CARTESIAN_POINT('Ctrl Pts',(-24.307179526547,-2.5,46.915738705523));
#13224=CARTESIAN_POINT('Ctrl Pts',(-24.307179526547,-2.48,46.915738705523));
#13225=CARTESIAN_POINT('Ctrl Pts',(-23.5442327137681,-2.5,46.1527918927442));
#13226=CARTESIAN_POINT('Ctrl Pts',(-23.5442327137681,-2.48,46.1527918927442));
#13227=CARTESIAN_POINT('Ctrl Pts',(-23.5442327137681,-2.5,45.2161047166592));
#13228=CARTESIAN_POINT('Ctrl Pts',(-23.5442327137681,-2.48,45.2161047166592));
#13229=CARTESIAN_POINT('Ctrl Pts',(-23.5442327137681,-2.5,44.2794175405743));
#13230=CARTESIAN_POINT('Ctrl Pts',(-23.5442327137681,-2.48,44.2794175405743));
#13231=CARTESIAN_POINT('Ctrl Pts',(-24.307179526547,-2.5,43.5164707277955));
#13232=CARTESIAN_POINT('Ctrl Pts',(-24.307179526547,-2.48,43.5164707277955));
#13233=CARTESIAN_POINT('Ctrl Pts',(-25.2438667026319,-2.5,43.5164707277955));
#13234=CARTESIAN_POINT('Ctrl Pts',(-25.2438667026319,-2.48,43.5164707277955));
#13235=CARTESIAN_POINT('Ctrl Pts',(-25.9086124404986,-2.5,43.5164707277955));
#13236=CARTESIAN_POINT('Ctrl Pts',(-25.9086124404986,-2.48,43.5164707277955));
#13237=CARTESIAN_POINT('Ctrl Pts',(-26.4751571034532,-2.5,43.9017210986046));
#13238=CARTESIAN_POINT('Ctrl Pts',(-26.4751571034532,-2.48,43.9017210986046));
#13239=CARTESIAN_POINT('Ctrl Pts',(-26.7546524705108,-2.5,44.4607118327198));
#13240=CARTESIAN_POINT('Ctrl Pts',(-26.7546524705108,-2.48,44.4607118327198));
#13241=CARTESIAN_POINT('',(-25.2438667026319,-2.48,46.9195156699427));
#13242=CARTESIAN_POINT('',(-25.2438667026319,-2.5,46.9195156699427));
#13243=CARTESIAN_POINT('',(-26.7546524705108,-2.48,44.4607118327198));
#13244=CARTESIAN_POINT('Ctrl Pts',(-25.2438667026319,-2.48,46.915738705523));
#13245=CARTESIAN_POINT('Ctrl Pts',(-24.307179526547,-2.48,46.915738705523));
#13246=CARTESIAN_POINT('Ctrl Pts',(-23.5442327137681,-2.48,46.1527918927442));
#13247=CARTESIAN_POINT('Ctrl Pts',(-23.5442327137681,-2.48,45.2161047166592));
#13248=CARTESIAN_POINT('Ctrl Pts',(-23.5442327137681,-2.48,44.2794175405743));
#13249=CARTESIAN_POINT('Ctrl Pts',(-24.307179526547,-2.48,43.5164707277955));
#13250=CARTESIAN_POINT('Ctrl Pts',(-25.2438667026319,-2.48,43.5164707277955));
#13251=CARTESIAN_POINT('Ctrl Pts',(-25.9086124404986,-2.48,43.5164707277955));
#13252=CARTESIAN_POINT('Ctrl Pts',(-26.4751571034532,-2.48,43.9017210986046));
#13253=CARTESIAN_POINT('Ctrl Pts',(-26.7546524705108,-2.48,44.4607118327198));
#13254=CARTESIAN_POINT('',(-26.7546524705108,-2.5,44.4607118327198));
#13255=CARTESIAN_POINT('Ctrl Pts',(-26.7546524705108,-2.5,45.9790515294381));
#13256=CARTESIAN_POINT('Ctrl Pts',(-26.7546524705108,-2.48,45.9790515294381));
#13257=CARTESIAN_POINT('Ctrl Pts',(-26.4751571034532,-2.5,46.5380422635533));
#13258=CARTESIAN_POINT('Ctrl Pts',(-26.4751571034532,-2.48,46.5380422635533));
#13259=CARTESIAN_POINT('Ctrl Pts',(-25.9086124404986,-2.5,46.9232926343624));
#13260=CARTESIAN_POINT('Ctrl Pts',(-25.9086124404986,-2.48,46.9232926343624));
#13261=CARTESIAN_POINT('Ctrl Pts',(-25.2438667026319,-2.5,46.9232926343624));
#13262=CARTESIAN_POINT('Ctrl Pts',(-25.2438667026319,-2.48,46.9232926343624));
#13263=CARTESIAN_POINT('',(-26.7546524705108,-2.48,45.9790515294381));
#13264=CARTESIAN_POINT('',(-26.7546524705108,-2.5,45.9790515294381));
#13265=CARTESIAN_POINT('Ctrl Pts',(-26.7546524705108,-2.48,45.9790515294381));
#13266=CARTESIAN_POINT('Ctrl Pts',(-26.4751571034532,-2.48,46.5380422635533));
#13267=CARTESIAN_POINT('Ctrl Pts',(-25.9086124404986,-2.48,46.9232926343624));
#13268=CARTESIAN_POINT('Ctrl Pts',(-25.2438667026319,-2.48,46.9232926343624));
#13269=CARTESIAN_POINT('Origin',(-34.9053416882175,-2.5,45.9790515294381));
#13270=CARTESIAN_POINT('',(-34.9053416882175,-2.48,45.9790515294381));
#13271=CARTESIAN_POINT('',(-34.9053416882175,-2.5,45.9790515294381));
#13272=CARTESIAN_POINT('',(-26.7546524705108,-2.48,45.9790515294381));
#13273=CARTESIAN_POINT('Origin',(-38.0855457296025,-2.5,42.798847488053));
#13274=CARTESIAN_POINT('',(-38.0855457296025,-2.48,42.798847488053));
#13275=CARTESIAN_POINT('',(-38.0855457296025,-2.5,42.798847488053));
#13276=CARTESIAN_POINT('',(-34.9053416882175,-2.48,45.9790515294381));
#13277=CARTESIAN_POINT('Origin',(-38.0855457296025,-2.5,40.9783506377589));
#13278=CARTESIAN_POINT('',(-38.0855457296025,-2.48,40.9783506377589));
#13279=CARTESIAN_POINT('',(-38.0855457296025,-2.5,40.9783506377589));
#13280=CARTESIAN_POINT('',(-38.0855457296025,-2.48,42.798847488053));
#13281=CARTESIAN_POINT('Ctrl Pts',(-36.5747599617237,-2.5,40.9783506377589));
#13282=CARTESIAN_POINT('Ctrl Pts',(-36.5747599617237,-2.48,40.9783506377589));
#13283=CARTESIAN_POINT('Ctrl Pts',(-36.0157692276085,-2.5,40.6988552707013));
#13284=CARTESIAN_POINT('Ctrl Pts',(-36.0157692276085,-2.48,40.6988552707013));
#13285=CARTESIAN_POINT('Ctrl Pts',(-35.6305188567994,-2.5,40.1323106077467));
#13286=CARTESIAN_POINT('Ctrl Pts',(-35.6305188567994,-2.48,40.1323106077467));
#13287=CARTESIAN_POINT('Ctrl Pts',(-35.6305188567994,-2.5,39.46756486988));
#13288=CARTESIAN_POINT('Ctrl Pts',(-35.6305188567994,-2.48,39.46756486988));
#13289=CARTESIAN_POINT('Ctrl Pts',(-35.6305188567993,-2.5,38.5308776937951));
#13290=CARTESIAN_POINT('Ctrl Pts',(-35.6305188567993,-2.48,38.5308776937951));
#13291=CARTESIAN_POINT('Ctrl Pts',(-36.3934656695782,-2.5,37.7679308810163));
#13292=CARTESIAN_POINT('Ctrl Pts',(-36.3934656695782,-2.48,37.7679308810163));
#13293=CARTESIAN_POINT('Ctrl Pts',(-37.3301528456631,-2.5,37.7679308810163));
#13294=CARTESIAN_POINT('Ctrl Pts',(-37.3301528456631,-2.48,37.7679308810163));
#13295=CARTESIAN_POINT('Ctrl Pts',(-38.266840021748,-2.5,37.7679308810163));
#13296=CARTESIAN_POINT('Ctrl Pts',(-38.266840021748,-2.48,37.7679308810163));
#13297=CARTESIAN_POINT('Ctrl Pts',(-39.0297868345269,-2.5,38.5308776937951));
#13298=CARTESIAN_POINT('Ctrl Pts',(-39.0297868345269,-2.48,38.5308776937951));
#13299=CARTESIAN_POINT('Ctrl Pts',(-39.0297868345269,-2.5,39.46756486988));
#13300=CARTESIAN_POINT('Ctrl Pts',(-39.0297868345269,-2.48,39.46756486988));
#13301=CARTESIAN_POINT('Ctrl Pts',(-39.0297868345269,-2.5,40.1323106077467));
#13302=CARTESIAN_POINT('Ctrl Pts',(-39.0297868345269,-2.48,40.1323106077467));
#13303=CARTESIAN_POINT('Ctrl Pts',(-38.6445364637177,-2.5,40.6988552707013));
#13304=CARTESIAN_POINT('Ctrl Pts',(-38.6445364637177,-2.48,40.6988552707013));
#13305=CARTESIAN_POINT('Ctrl Pts',(-38.0855457296025,-2.5,40.9783506377589));
#13306=CARTESIAN_POINT('Ctrl Pts',(-38.0855457296025,-2.48,40.9783506377589));
#13307=CARTESIAN_POINT('',(-36.5747599617237,-2.48,40.9783506377589));
#13308=CARTESIAN_POINT('',(-36.5747599617237,-2.5,40.9783506377589));
#13309=CARTESIAN_POINT('Ctrl Pts',(-36.5747599617237,-2.48,40.9783506377589));
#13310=CARTESIAN_POINT('Ctrl Pts',(-36.0157692276085,-2.48,40.6988552707013));
#13311=CARTESIAN_POINT('Ctrl Pts',(-35.6305188567994,-2.48,40.1323106077467));
#13312=CARTESIAN_POINT('Ctrl Pts',(-35.6305188567994,-2.48,39.46756486988));
#13313=CARTESIAN_POINT('Ctrl Pts',(-35.6305188567993,-2.48,38.5308776937951));
#13314=CARTESIAN_POINT('Ctrl Pts',(-36.3934656695782,-2.48,37.7679308810163));
#13315=CARTESIAN_POINT('Ctrl Pts',(-37.3301528456631,-2.48,37.7679308810163));
#13316=CARTESIAN_POINT('Ctrl Pts',(-38.266840021748,-2.48,37.7679308810163));
#13317=CARTESIAN_POINT('Ctrl Pts',(-39.0297868345269,-2.48,38.5308776937951));
#13318=CARTESIAN_POINT('Ctrl Pts',(-39.0297868345269,-2.48,39.46756486988));
#13319=CARTESIAN_POINT('Ctrl Pts',(-39.0297868345269,-2.48,40.1323106077467));
#13320=CARTESIAN_POINT('Ctrl Pts',(-38.6445364637177,-2.48,40.6988552707013));
#13321=CARTESIAN_POINT('Ctrl Pts',(-38.0855457296025,-2.48,40.9783506377589));
#13322=CARTESIAN_POINT('Origin',(-36.5747599617237,-2.5,42.1718713943832));
#13323=CARTESIAN_POINT('',(-36.5747599617237,-2.48,42.1718713943832));
#13324=CARTESIAN_POINT('',(-36.5747599617237,-2.5,42.1718713943832));
#13325=CARTESIAN_POINT('',(-36.5747599617237,-2.48,40.9783506377589));
#13326=CARTESIAN_POINT('Origin',(-34.2783655945477,-2.5,44.4607118327198));
#13327=CARTESIAN_POINT('',(-34.2783655945477,-2.48,44.4607118327198));
#13328=CARTESIAN_POINT('',(-34.2783655945477,-2.5,44.4607118327198));
#13329=CARTESIAN_POINT('',(-36.5747599617237,-2.48,42.1718713943832));
#13330=CARTESIAN_POINT('Origin',(-26.7546524705108,-2.5,44.4607118327198));
#13331=CARTESIAN_POINT('',(-34.2783655945477,-2.48,44.4607118327198));
#13332=CARTESIAN_POINT('Origin',(-31.2870097741475,-2.48,42.3456117576893));
#13333=CARTESIAN_POINT('Ctrl Pts',(16.178753934952,-2.5,44.1146246126166));
#13334=CARTESIAN_POINT('Ctrl Pts',(16.178753934952,-2.48,44.1146246126166));
#13335=CARTESIAN_POINT('Ctrl Pts',(16.1844748347219,-2.5,44.1031828130768));
#13336=CARTESIAN_POINT('Ctrl Pts',(16.1844748347219,-2.48,44.1031828130768));
#13337=CARTESIAN_POINT('Ctrl Pts',(16.1901957344918,-2.5,44.086020113767));
#13338=CARTESIAN_POINT('Ctrl Pts',(16.1901957344918,-2.48,44.086020113767));
#13339=CARTESIAN_POINT('Ctrl Pts',(16.1959166342616,-2.5,44.0688574144573));
#13340=CARTESIAN_POINT('Ctrl Pts',(16.1959166342616,-2.48,44.0688574144573));
#13341=CARTESIAN_POINT('',(16.178753934952,-2.48,44.1146246126166));
#13342=CARTESIAN_POINT('',(16.178753934952,-2.5,44.1146246126166));
#13343=CARTESIAN_POINT('',(16.1959166342617,-2.48,44.0688574144573));
#13344=CARTESIAN_POINT('Ctrl Pts',(16.178753934952,-2.48,44.1146246126166));
#13345=CARTESIAN_POINT('Ctrl Pts',(16.1844748347219,-2.48,44.1031828130768));
#13346=CARTESIAN_POINT('Ctrl Pts',(16.1901957344918,-2.48,44.086020113767));
#13347=CARTESIAN_POINT('Ctrl Pts',(16.1959166342616,-2.48,44.0688574144573));
#13348=CARTESIAN_POINT('',(16.1959166342617,-2.5,44.0688574144573));
#13349=CARTESIAN_POINT('Ctrl Pts',(11.5677087204071,-2.5,45.2645254663678));
#13350=CARTESIAN_POINT('Ctrl Pts',(11.5677087204071,-2.48,45.2645254663678));
#13351=CARTESIAN_POINT('Ctrl Pts',(12.0768687999289,-2.5,45.5448495550933));
#13352=CARTESIAN_POINT('Ctrl Pts',(12.0768687999289,-2.48,45.5448495550933));
#13353=CARTESIAN_POINT('Ctrl Pts',(12.6661214762293,-2.5,45.6878720493409));
#13354=CARTESIAN_POINT('Ctrl Pts',(12.6661214762293,-2.48,45.6878720493409));
#13355=CARTESIAN_POINT('Ctrl Pts',(13.2896995511491,-2.5,45.6878720493409));
#13356=CARTESIAN_POINT('Ctrl Pts',(13.2896995511491,-2.48,45.6878720493409));
#13357=CARTESIAN_POINT('Ctrl Pts',(13.9132776260689,-2.5,45.6878720493409));
#13358=CARTESIAN_POINT('Ctrl Pts',(13.9132776260689,-2.48,45.6878720493409));
#13359=CARTESIAN_POINT('Ctrl Pts',(14.4796467032897,-2.5,45.5505704548632));
#13360=CARTESIAN_POINT('Ctrl Pts',(14.4796467032897,-2.48,45.5505704548632));
#13361=CARTESIAN_POINT('Ctrl Pts',(14.9830858830414,-2.5,45.2759672659076));
#13362=CARTESIAN_POINT('Ctrl Pts',(14.9830858830414,-2.48,45.2759672659076));
#13363=CARTESIAN_POINT('Ctrl Pts',(15.4865250627932,-2.5,45.0013640769521));
#13364=CARTESIAN_POINT('Ctrl Pts',(15.4865250627932,-2.48,45.0013640769521));
#13365=CARTESIAN_POINT('Ctrl Pts',(15.8869880466867,-2.5,44.6123428925984));
#13366=CARTESIAN_POINT('Ctrl Pts',(15.8869880466867,-2.48,44.6123428925984));
#13367=CARTESIAN_POINT('Ctrl Pts',(16.178753934952,-2.5,44.1146246126166));
#13368=CARTESIAN_POINT('Ctrl Pts',(16.178753934952,-2.48,44.1146246126166));
#13369=CARTESIAN_POINT('',(11.5677087204071,-2.48,45.2645254663678));
#13370=CARTESIAN_POINT('',(11.5677087204071,-2.5,45.2645254663678));
#13371=CARTESIAN_POINT('Ctrl Pts',(11.5677087204071,-2.48,45.2645254663678));
#13372=CARTESIAN_POINT('Ctrl Pts',(12.0768687999289,-2.48,45.5448495550933));
#13373=CARTESIAN_POINT('Ctrl Pts',(12.6661214762293,-2.48,45.6878720493409));
#13374=CARTESIAN_POINT('Ctrl Pts',(13.2896995511491,-2.48,45.6878720493409));
#13375=CARTESIAN_POINT('Ctrl Pts',(13.9132776260689,-2.48,45.6878720493409));
#13376=CARTESIAN_POINT('Ctrl Pts',(14.4796467032897,-2.48,45.5505704548632));
#13377=CARTESIAN_POINT('Ctrl Pts',(14.9830858830414,-2.48,45.2759672659076));
#13378=CARTESIAN_POINT('Ctrl Pts',(15.4865250627932,-2.48,45.0013640769521));
#13379=CARTESIAN_POINT('Ctrl Pts',(15.8869880466867,-2.48,44.6123428925984));
#13380=CARTESIAN_POINT('Ctrl Pts',(16.178753934952,-2.48,44.1146246126166));
#13381=CARTESIAN_POINT('Ctrl Pts',(10.6123435198246,-2.5,44.4178644435914));
#13382=CARTESIAN_POINT('Ctrl Pts',(10.6123435198246,-2.48,44.4178644435914));
#13383=CARTESIAN_POINT('Ctrl Pts',(10.8754990979894,-2.5,44.755384273213));
#13384=CARTESIAN_POINT('Ctrl Pts',(10.8754990979894,-2.48,44.755384273213));
#13385=CARTESIAN_POINT('Ctrl Pts',(11.1786998848884,-2.5,45.0528588941002));
#13386=CARTESIAN_POINT('Ctrl Pts',(11.1786998848884,-2.48,45.0528588941002));
#13387=CARTESIAN_POINT('Ctrl Pts',(11.5677087204072,-2.5,45.2645254663678));
#13388=CARTESIAN_POINT('Ctrl Pts',(11.5677087204072,-2.48,45.2645254663678));
#13389=CARTESIAN_POINT('',(10.612332470503,-2.48,44.4178730608438));
#13390=CARTESIAN_POINT('',(10.612332470503,-2.5,44.4178730608438));
#13391=CARTESIAN_POINT('Ctrl Pts',(10.6123435198246,-2.48,44.4178644435914));
#13392=CARTESIAN_POINT('Ctrl Pts',(10.8754990979894,-2.48,44.755384273213));
#13393=CARTESIAN_POINT('Ctrl Pts',(11.1786998848884,-2.48,45.0528588941002));
#13394=CARTESIAN_POINT('Ctrl Pts',(11.5677087204072,-2.48,45.2645254663678));
#13395=CARTESIAN_POINT('Origin',(10.6123184588327,-2.5,45.499082356934));
#13396=CARTESIAN_POINT('',(10.6123184588327,-2.48,45.499082356934));
#13397=CARTESIAN_POINT('',(10.6123184588327,-2.5,45.499082356934));
#13398=CARTESIAN_POINT('',(10.6123184588327,-2.48,44.4178323004216));
#13399=CARTESIAN_POINT('Origin',(8.93037392648019,-2.5,45.499082356934));
#13400=CARTESIAN_POINT('',(8.93037392648019,-2.48,45.499082356934));
#13401=CARTESIAN_POINT('',(8.93037392648019,-2.5,45.499082356934));
#13402=CARTESIAN_POINT('',(10.6123184588327,-2.48,45.499082356934));
#13403=CARTESIAN_POINT('Origin',(8.93037392648019,-2.5,36.608804114499));
#13404=CARTESIAN_POINT('',(8.93037392648019,-2.48,36.608804114499));
#13405=CARTESIAN_POINT('',(8.93037392648019,-2.5,36.608804114499));
#13406=CARTESIAN_POINT('',(8.93037392648019,-2.48,45.499082356934));
#13407=CARTESIAN_POINT('Origin',(10.6123184588327,-2.5,36.608804114499));
#13408=CARTESIAN_POINT('',(10.6123184588327,-2.48,36.608804114499));
#13409=CARTESIAN_POINT('',(10.6123184588327,-2.5,36.608804114499));
#13410=CARTESIAN_POINT('',(8.93037392648019,-2.48,36.608804114499));
#13411=CARTESIAN_POINT('Origin',(10.6123184588327,-2.5,41.9978916971844));
#13412=CARTESIAN_POINT('',(10.6123184596143,-2.48,41.9978916971844));
#13413=CARTESIAN_POINT('',(10.6123184596143,-2.5,41.9978916971844));
#13414=CARTESIAN_POINT('',(10.6123184588327,-2.48,36.608804114499));
#13415=CARTESIAN_POINT('Ctrl Pts',(10.6123184603959,-2.5,41.997891696051));
#13416=CARTESIAN_POINT('Ctrl Pts',(10.6123031709831,-2.5,42.6466533568074));
#13417=CARTESIAN_POINT('Ctrl Pts',(10.9098050164388,-2.5,43.1191881969038));
#13418=CARTESIAN_POINT('Ctrl Pts',(10.6123184603959,-2.48,41.997891696051));
#13419=CARTESIAN_POINT('Ctrl Pts',(10.6123031709831,-2.48,42.6466533568074));
#13420=CARTESIAN_POINT('Ctrl Pts',(10.9098050164388,-2.48,43.1191881969038));
#13421=CARTESIAN_POINT('',(10.9098051269833,-2.48,43.1191881173607));
#13422=CARTESIAN_POINT('',(10.9098051269833,-2.5,43.1191881173607));
#13423=CARTESIAN_POINT('Origin',(16.0087369914993,-2.48,39.450210988836));
#13424=CARTESIAN_POINT('Ctrl Pts',(11.6935685153451,-2.5,43.8514632232008));
#13425=CARTESIAN_POINT('Ctrl Pts',(11.6935685153451,-2.48,43.8514632232008));
#13426=CARTESIAN_POINT('Ctrl Pts',(11.3731981282303,-2.5,43.6741153303337));
#13427=CARTESIAN_POINT('Ctrl Pts',(11.3731981282303,-2.48,43.6741153303337));
#13428=CARTESIAN_POINT('Ctrl Pts',(11.1100367388146,-2.5,43.4338375399977));
#13429=CARTESIAN_POINT('Ctrl Pts',(11.1100367388146,-2.48,43.4338375399977));
#13430=CARTESIAN_POINT('Ctrl Pts',(10.9098052468679,-2.5,43.1191880526528));
#13431=CARTESIAN_POINT('Ctrl Pts',(10.9098052468679,-2.48,43.1191880526528));
#13432=CARTESIAN_POINT('',(11.6935685153451,-2.48,43.8514632232008));
#13433=CARTESIAN_POINT('',(11.6935685153451,-2.5,43.8514632232008));
#13434=CARTESIAN_POINT('Ctrl Pts',(11.6935685153451,-2.48,43.8514632232008));
#13435=CARTESIAN_POINT('Ctrl Pts',(11.3731981282303,-2.48,43.6741153303337));
#13436=CARTESIAN_POINT('Ctrl Pts',(11.1100367388146,-2.48,43.4338375399977));
#13437=CARTESIAN_POINT('Ctrl Pts',(10.9098052468679,-2.48,43.1191880526528));
#13438=CARTESIAN_POINT('Ctrl Pts',(14.3251824095022,-2.5,43.5425346356259));
#13439=CARTESIAN_POINT('Ctrl Pts',(14.3251824095022,-2.48,43.5425346356259));
#13440=CARTESIAN_POINT('Ctrl Pts',(13.9189985258388,-2.5,43.9258349202096));
#13441=CARTESIAN_POINT('Ctrl Pts',(13.9189985258388,-2.48,43.9258349202096));
#13442=CARTESIAN_POINT('Ctrl Pts',(13.4098384463171,-2.5,44.1146246126166));
#13443=CARTESIAN_POINT('Ctrl Pts',(13.4098384463171,-2.48,44.1146246126166));
#13444=CARTESIAN_POINT('Ctrl Pts',(12.7977021709371,-2.5,44.1146246126166));
#13445=CARTESIAN_POINT('Ctrl Pts',(12.7977021709371,-2.48,44.1146246126166));
#13446=CARTESIAN_POINT('Ctrl Pts',(12.3857973875038,-2.5,44.1146246126166));
#13447=CARTESIAN_POINT('Ctrl Pts',(12.3857973875038,-2.48,44.1146246126166));
#13448=CARTESIAN_POINT('Ctrl Pts',(12.0196598022298,-2.5,44.0230902162981));
#13449=CARTESIAN_POINT('Ctrl Pts',(12.0196598022298,-2.48,44.0230902162981));
#13450=CARTESIAN_POINT('Ctrl Pts',(11.6935685153451,-2.5,43.8514632232008));
#13451=CARTESIAN_POINT('Ctrl Pts',(11.6935685153451,-2.48,43.8514632232008));
#13452=CARTESIAN_POINT('',(14.3251824095022,-2.48,43.5425346356259));
#13453=CARTESIAN_POINT('',(14.3251824095022,-2.5,43.5425346356259));
#13454=CARTESIAN_POINT('Ctrl Pts',(14.3251824095022,-2.48,43.5425346356259));
#13455=CARTESIAN_POINT('Ctrl Pts',(13.9189985258388,-2.48,43.9258349202096));
#13456=CARTESIAN_POINT('Ctrl Pts',(13.4098384463171,-2.48,44.1146246126166));
#13457=CARTESIAN_POINT('Ctrl Pts',(12.7977021709371,-2.48,44.1146246126166));
#13458=CARTESIAN_POINT('Ctrl Pts',(12.3857973875038,-2.48,44.1146246126166));
#13459=CARTESIAN_POINT('Ctrl Pts',(12.0196598022298,-2.48,44.0230902162981));
#13460=CARTESIAN_POINT('Ctrl Pts',(11.6935685153451,-2.48,43.8514632232008));
#13461=CARTESIAN_POINT('Ctrl Pts',(14.9315977851123,-2.5,41.9807289984414));
#13462=CARTESIAN_POINT('Ctrl Pts',(14.9315977851123,-2.48,41.9807289984414));
#13463=CARTESIAN_POINT('Ctrl Pts',(14.9315977851123,-2.5,42.6443533717505));
#13464=CARTESIAN_POINT('Ctrl Pts',(14.9315977851123,-2.48,42.6443533717505));
#13465=CARTESIAN_POINT('Ctrl Pts',(14.7313662931656,-2.5,43.1649552508121));
#13466=CARTESIAN_POINT('Ctrl Pts',(14.7313662931656,-2.48,43.1649552508121));
#13467=CARTESIAN_POINT('Ctrl Pts',(14.3251824095022,-2.5,43.5425346356259));
#13468=CARTESIAN_POINT('Ctrl Pts',(14.3251824095022,-2.48,43.5425346356259));
#13469=CARTESIAN_POINT('',(14.9315977851123,-2.48,41.9807289984414));
#13470=CARTESIAN_POINT('',(14.9315977851123,-2.5,41.9807289984414));
#13471=CARTESIAN_POINT('Ctrl Pts',(14.9315977851123,-2.48,41.9807289984414));
#13472=CARTESIAN_POINT('Ctrl Pts',(14.9315977851123,-2.48,42.6443533717505));
#13473=CARTESIAN_POINT('Ctrl Pts',(14.7313662931656,-2.48,43.1649552508121));
#13474=CARTESIAN_POINT('Ctrl Pts',(14.3251824095022,-2.48,43.5425346356259));
#13475=CARTESIAN_POINT('Origin',(14.9315977851123,-2.5,36.608804114499));
#13476=CARTESIAN_POINT('',(14.9315977851123,-2.48,36.608804114499));
#13477=CARTESIAN_POINT('',(14.9315977851123,-2.5,36.608804114499));
#13478=CARTESIAN_POINT('',(14.9315977851123,-2.48,41.9807289984414));
#13479=CARTESIAN_POINT('Origin',(16.6135423174649,-2.5,36.608804114499));
#13480=CARTESIAN_POINT('',(16.6135423174649,-2.48,36.608804114499));
#13481=CARTESIAN_POINT('',(16.6135423174649,-2.5,36.608804114499));
#13482=CARTESIAN_POINT('',(14.9315977851123,-2.48,36.608804114499));
#13483=CARTESIAN_POINT('Origin',(16.6135423174649,-2.5,41.9978916977511));
#13484=CARTESIAN_POINT('',(16.6135423174649,-2.48,41.9978916977511));
#13485=CARTESIAN_POINT('',(16.6135423174649,-2.5,41.9978916977511));
#13486=CARTESIAN_POINT('',(16.6135423174649,-2.48,36.608804114499));
#13487=CARTESIAN_POINT('Ctrl Pts',(17.706234173517,-2.5,43.8514632232008));
#13488=CARTESIAN_POINT('Ctrl Pts',(17.706234173517,-2.48,43.8514632232008));
#13489=CARTESIAN_POINT('Ctrl Pts',(17.3744219868625,-2.5,43.6741153303337));
#13490=CARTESIAN_POINT('Ctrl Pts',(17.3744219868625,-2.48,43.6741153303337));
#13491=CARTESIAN_POINT('Ctrl Pts',(17.1112605974468,-2.5,43.4281166402278));
#13492=CARTESIAN_POINT('Ctrl Pts',(17.1112605974468,-2.48,43.4281166402278));
#13493=CARTESIAN_POINT('Ctrl Pts',(16.9110291055,-2.5,43.1191880526528));
#13494=CARTESIAN_POINT('Ctrl Pts',(16.9110291055,-2.48,43.1191880526528));
#13495=CARTESIAN_POINT('Ctrl Pts',(16.7107976135533,-2.5,42.8102594650778));
#13496=CARTESIAN_POINT('Ctrl Pts',(16.7107976135533,-2.48,42.8102594650778));
#13497=CARTESIAN_POINT('Ctrl Pts',(16.6135423174649,-2.5,42.432680080264));
#13498=CARTESIAN_POINT('Ctrl Pts',(16.6135423174649,-2.48,42.432680080264));
#13499=CARTESIAN_POINT('Ctrl Pts',(16.6135423174649,-2.5,41.9978916977511));
#13500=CARTESIAN_POINT('Ctrl Pts',(16.6135423174649,-2.48,41.9978916977511));
#13501=CARTESIAN_POINT('',(17.706234173517,-2.48,43.8514632232008));
#13502=CARTESIAN_POINT('',(17.706234173517,-2.5,43.8514632232008));
#13503=CARTESIAN_POINT('Ctrl Pts',(17.706234173517,-2.48,43.8514632232008));
#13504=CARTESIAN_POINT('Ctrl Pts',(17.3744219868625,-2.48,43.6741153303337));
#13505=CARTESIAN_POINT('Ctrl Pts',(17.1112605974468,-2.48,43.4281166402278));
#13506=CARTESIAN_POINT('Ctrl Pts',(16.9110291055,-2.48,43.1191880526528));
#13507=CARTESIAN_POINT('Ctrl Pts',(16.7107976135533,-2.48,42.8102594650778));
#13508=CARTESIAN_POINT('Ctrl Pts',(16.6135423174649,-2.48,42.432680080264));
#13509=CARTESIAN_POINT('Ctrl Pts',(16.6135423174649,-2.48,41.9978916977511));
#13510=CARTESIAN_POINT('Ctrl Pts',(20.3264062681343,-2.5,43.5425346356259));
#13511=CARTESIAN_POINT('Ctrl Pts',(20.3264062681343,-2.48,43.5425346356259));
#13512=CARTESIAN_POINT('Ctrl Pts',(19.920222384471,-2.5,43.9258349202096));
#13513=CARTESIAN_POINT('Ctrl Pts',(19.920222384471,-2.48,43.9258349202096));
#13514=CARTESIAN_POINT('Ctrl Pts',(19.4225041044891,-2.5,44.1146246126166));
#13515=CARTESIAN_POINT('Ctrl Pts',(19.4225041044891,-2.48,44.1146246126166));
#13516=CARTESIAN_POINT('Ctrl Pts',(18.8218096286489,-2.5,44.1146246126166));
#13517=CARTESIAN_POINT('Ctrl Pts',(18.8218096286489,-2.48,44.1146246126166));
#13518=CARTESIAN_POINT('Ctrl Pts',(18.4099048452156,-2.5,44.1146246126166));
#13519=CARTESIAN_POINT('Ctrl Pts',(18.4099048452156,-2.48,44.1146246126166));
#13520=CARTESIAN_POINT('Ctrl Pts',(18.0380463601717,-2.5,44.0230902162981));
#13521=CARTESIAN_POINT('Ctrl Pts',(18.0380463601717,-2.48,44.0230902162981));
#13522=CARTESIAN_POINT('Ctrl Pts',(17.706234173517,-2.5,43.8514632232008));
#13523=CARTESIAN_POINT('Ctrl Pts',(17.706234173517,-2.48,43.8514632232008));
#13524=CARTESIAN_POINT('',(20.3264062681343,-2.48,43.5425346356259));
#13525=CARTESIAN_POINT('',(20.3264062681343,-2.5,43.5425346356259));
#13526=CARTESIAN_POINT('Ctrl Pts',(20.3264062681343,-2.48,43.5425346356259));
#13527=CARTESIAN_POINT('Ctrl Pts',(19.920222384471,-2.48,43.9258349202096));
#13528=CARTESIAN_POINT('Ctrl Pts',(19.4225041044891,-2.48,44.1146246126166));
#13529=CARTESIAN_POINT('Ctrl Pts',(18.8218096286489,-2.48,44.1146246126166));
#13530=CARTESIAN_POINT('Ctrl Pts',(18.4099048452156,-2.48,44.1146246126166));
#13531=CARTESIAN_POINT('Ctrl Pts',(18.0380463601717,-2.48,44.0230902162981));
#13532=CARTESIAN_POINT('Ctrl Pts',(17.706234173517,-2.48,43.8514632232008));
#13533=CARTESIAN_POINT('Ctrl Pts',(20.9328216437445,-2.5,41.9807289984414));
#13534=CARTESIAN_POINT('Ctrl Pts',(20.9328216437445,-2.48,41.9807289984414));
#13535=CARTESIAN_POINT('Ctrl Pts',(20.9328216437445,-2.5,42.6443533717505));
#13536=CARTESIAN_POINT('Ctrl Pts',(20.9328216437445,-2.48,42.6443533717505));
#13537=CARTESIAN_POINT('Ctrl Pts',(20.7325901517977,-2.5,43.1649552508121));
#13538=CARTESIAN_POINT('Ctrl Pts',(20.7325901517977,-2.48,43.1649552508121));
#13539=CARTESIAN_POINT('Ctrl Pts',(20.3264062681343,-2.5,43.5425346356259));
#13540=CARTESIAN_POINT('Ctrl Pts',(20.3264062681343,-2.48,43.5425346356259));
#13541=CARTESIAN_POINT('',(20.9328216437445,-2.48,41.9807289984414));
#13542=CARTESIAN_POINT('',(20.9328216437445,-2.5,41.9807289984414));
#13543=CARTESIAN_POINT('Ctrl Pts',(20.9328216437445,-2.48,41.9807289984414));
#13544=CARTESIAN_POINT('Ctrl Pts',(20.9328216437445,-2.48,42.6443533717505));
#13545=CARTESIAN_POINT('Ctrl Pts',(20.7325901517977,-2.48,43.1649552508121));
#13546=CARTESIAN_POINT('Ctrl Pts',(20.3264062681343,-2.48,43.5425346356259));
#13547=CARTESIAN_POINT('Origin',(20.9328216437445,-2.5,36.608804114499));
#13548=CARTESIAN_POINT('',(20.9328216437445,-2.48,36.608804114499));
#13549=CARTESIAN_POINT('',(20.9328216437445,-2.5,36.608804114499));
#13550=CARTESIAN_POINT('',(20.9328216437445,-2.48,41.9807289984414));
#13551=CARTESIAN_POINT('Origin',(22.6376497751766,-2.5,36.608804114499));
#13552=CARTESIAN_POINT('',(22.6376497751766,-2.48,36.608804114499));
#13553=CARTESIAN_POINT('',(22.6376497751766,-2.5,36.608804114499));
#13554=CARTESIAN_POINT('',(20.9328216437445,-2.48,36.608804114499));
#13555=CARTESIAN_POINT('Origin',(22.6376497751766,-2.5,42.3182620848659));
#13556=CARTESIAN_POINT('',(22.6376497751766,-2.48,42.3182620848659));
#13557=CARTESIAN_POINT('',(22.6376497751766,-2.5,42.3182620848659));
#13558=CARTESIAN_POINT('',(22.6376497751766,-2.48,36.608804114499));
#13559=CARTESIAN_POINT('Ctrl Pts',(20.9557052428241,-2.5,45.2759672659076));
#13560=CARTESIAN_POINT('Ctrl Pts',(20.9557052428241,-2.48,45.2759672659076));
#13561=CARTESIAN_POINT('Ctrl Pts',(21.4648653223458,-2.5,45.0013640769521));
#13562=CARTESIAN_POINT('Ctrl Pts',(21.4648653223458,-2.48,45.0013640769521));
#13563=CARTESIAN_POINT('Ctrl Pts',(21.876770105779,-2.5,44.6123428925984));
#13564=CARTESIAN_POINT('Ctrl Pts',(21.876770105779,-2.48,44.6123428925984));
#13565=CARTESIAN_POINT('Ctrl Pts',(22.1799777935841,-2.5,44.1146246126166));
#13566=CARTESIAN_POINT('Ctrl Pts',(22.1799777935841,-2.48,44.1146246126166));
#13567=CARTESIAN_POINT('Ctrl Pts',(22.4831854813892,-2.5,43.6169063326347));
#13568=CARTESIAN_POINT('Ctrl Pts',(22.4831854813892,-2.48,43.6169063326347));
#13569=CARTESIAN_POINT('Ctrl Pts',(22.6376497751766,-2.5,43.0162118567945));
#13570=CARTESIAN_POINT('Ctrl Pts',(22.6376497751766,-2.48,43.0162118567945));
#13571=CARTESIAN_POINT('Ctrl Pts',(22.6376497751766,-2.5,42.3182620848659));
#13572=CARTESIAN_POINT('Ctrl Pts',(22.6376497751766,-2.48,42.3182620848659));
#13573=CARTESIAN_POINT('',(20.9557052428241,-2.48,45.2788277157926));
#13574=CARTESIAN_POINT('',(20.9557052428241,-2.5,45.2788277157926));
#13575=CARTESIAN_POINT('Ctrl Pts',(20.9557052428241,-2.48,45.2759672659076));
#13576=CARTESIAN_POINT('Ctrl Pts',(21.4648653223458,-2.48,45.0013640769521));
#13577=CARTESIAN_POINT('Ctrl Pts',(21.876770105779,-2.48,44.6123428925984));
#13578=CARTESIAN_POINT('Ctrl Pts',(22.1799777935841,-2.48,44.1146246126166));
#13579=CARTESIAN_POINT('Ctrl Pts',(22.4831854813892,-2.48,43.6169063326347));
#13580=CARTESIAN_POINT('Ctrl Pts',(22.6376497751766,-2.48,43.0162118567945));
#13581=CARTESIAN_POINT('Ctrl Pts',(22.6376497751766,-2.48,42.3182620848659));
#13582=CARTESIAN_POINT('Ctrl Pts',(16.2130793335714,-2.5,44.1089037128466));
#13583=CARTESIAN_POINT('Ctrl Pts',(16.2130793335714,-2.48,44.1089037128466));
#13584=CARTESIAN_POINT('Ctrl Pts',(16.544891520226,-2.5,44.6009010930587));
#13585=CARTESIAN_POINT('Ctrl Pts',(16.544891520226,-2.48,44.6009010930587));
#13586=CARTESIAN_POINT('Ctrl Pts',(16.9682381031991,-2.5,44.9899222774123));
#13587=CARTESIAN_POINT('Ctrl Pts',(16.9682381031991,-2.48,44.9899222774123));
#13588=CARTESIAN_POINT('Ctrl Pts',(17.4945608820305,-2.5,45.2702463661377));
#13589=CARTESIAN_POINT('Ctrl Pts',(17.4945608820305,-2.48,45.2702463661377));
#13590=CARTESIAN_POINT('Ctrl Pts',(18.0208836608619,-2.5,45.5505704548631));
#13591=CARTESIAN_POINT('Ctrl Pts',(18.0208836608619,-2.48,45.5505704548631));
#13592=CARTESIAN_POINT('Ctrl Pts',(18.570090038773,-2.5,45.6935929491108));
#13593=CARTESIAN_POINT('Ctrl Pts',(18.570090038773,-2.48,45.6935929491108));
#13594=CARTESIAN_POINT('Ctrl Pts',(19.2165517127724,-2.5,45.6935929491108));
#13595=CARTESIAN_POINT('Ctrl Pts',(19.2165517127724,-2.48,45.6935929491108));
#13596=CARTESIAN_POINT('Ctrl Pts',(19.8630133867719,-2.5,45.6935929491108));
#13597=CARTESIAN_POINT('Ctrl Pts',(19.8630133867719,-2.48,45.6935929491108));
#13598=CARTESIAN_POINT('Ctrl Pts',(20.4465451633024,-2.5,45.556291354633));
#13599=CARTESIAN_POINT('Ctrl Pts',(20.4465451633024,-2.48,45.556291354633));
#13600=CARTESIAN_POINT('Ctrl Pts',(20.9557052428241,-2.5,45.2816881656775));
#13601=CARTESIAN_POINT('Ctrl Pts',(20.9557052428241,-2.48,45.2816881656775));
#13602=CARTESIAN_POINT('',(16.2130793335714,-2.48,44.1089037128466));
#13603=CARTESIAN_POINT('',(16.2130793335714,-2.5,44.1089037128466));
#13604=CARTESIAN_POINT('Ctrl Pts',(16.2130793335714,-2.48,44.1089037128466));
#13605=CARTESIAN_POINT('Ctrl Pts',(16.544891520226,-2.48,44.6009010930587));
#13606=CARTESIAN_POINT('Ctrl Pts',(16.9682381031991,-2.48,44.9899222774123));
#13607=CARTESIAN_POINT('Ctrl Pts',(17.4945608820305,-2.48,45.2702463661377));
#13608=CARTESIAN_POINT('Ctrl Pts',(18.0208836608619,-2.48,45.5505704548631));
#13609=CARTESIAN_POINT('Ctrl Pts',(18.570090038773,-2.48,45.6935929491108));
#13610=CARTESIAN_POINT('Ctrl Pts',(19.2165517127724,-2.48,45.6935929491108));
#13611=CARTESIAN_POINT('Ctrl Pts',(19.8630133867719,-2.48,45.6935929491108));
#13612=CARTESIAN_POINT('Ctrl Pts',(20.4465451633024,-2.48,45.556291354633));
#13613=CARTESIAN_POINT('Ctrl Pts',(20.9557052428241,-2.48,45.2816881656775));
#13614=CARTESIAN_POINT('Ctrl Pts',(16.1959166342617,-2.5,44.0688574144573));
#13615=CARTESIAN_POINT('Ctrl Pts',(16.1959166342617,-2.48,44.0688574144573));
#13616=CARTESIAN_POINT('Ctrl Pts',(16.2016375340316,-2.5,44.0802992139971));
#13617=CARTESIAN_POINT('Ctrl Pts',(16.2016375340316,-2.48,44.0802992139971));
#13618=CARTESIAN_POINT('Ctrl Pts',(16.2073584338015,-2.5,44.0974619133068));
#13619=CARTESIAN_POINT('Ctrl Pts',(16.2073584338015,-2.48,44.0974619133068));
#13620=CARTESIAN_POINT('Ctrl Pts',(16.2130793335714,-2.5,44.1089037128467));
#13621=CARTESIAN_POINT('Ctrl Pts',(16.2130793335714,-2.48,44.1089037128467));
#13622=CARTESIAN_POINT('Ctrl Pts',(16.1959166342617,-2.48,44.0688574144573));
#13623=CARTESIAN_POINT('Ctrl Pts',(16.2016375340316,-2.48,44.0802992139971));
#13624=CARTESIAN_POINT('Ctrl Pts',(16.2073584338015,-2.48,44.0974619133068));
#13625=CARTESIAN_POINT('Ctrl Pts',(16.2130793335714,-2.48,44.1089037128467));
#13626=CARTESIAN_POINT('Origin',(15.7840118508284,-2.48,41.1511985318049));
#13627=CARTESIAN_POINT('Ctrl Pts',(31.6594457601024,-2.5,37.8615956463302));
#13628=CARTESIAN_POINT('Ctrl Pts',(31.6594457601024,-2.48,37.8615956463302));
#13629=CARTESIAN_POINT('Ctrl Pts',(31.3562503462621,-2.5,37.4497288707162));
#13630=CARTESIAN_POINT('Ctrl Pts',(31.3562503462621,-2.48,37.4497288707162));
#13631=CARTESIAN_POINT('Ctrl Pts',(30.9901313697036,-2.5,37.1065053699119));
#13632=CARTESIAN_POINT('Ctrl Pts',(30.9901313697036,-2.48,37.1065053699119));
#13633=CARTESIAN_POINT('Ctrl Pts',(30.526770557878,-2.5,36.8605237043749));
#13634=CARTESIAN_POINT('Ctrl Pts',(30.526770557878,-2.48,36.8605237043749));
#13635=CARTESIAN_POINT('',(31.6594772362109,-2.48,37.8615853101046));
#13636=CARTESIAN_POINT('',(31.6594772362109,-2.5,37.8615853101046));
#13637=CARTESIAN_POINT('',(30.526770557878,-2.48,36.8605237043749));
#13638=CARTESIAN_POINT('Ctrl Pts',(31.6594457601024,-2.48,37.8615956463302));
#13639=CARTESIAN_POINT('Ctrl Pts',(31.3562503462621,-2.48,37.4497288707162));
#13640=CARTESIAN_POINT('Ctrl Pts',(30.9901313697036,-2.48,37.106505369912));
#13641=CARTESIAN_POINT('Ctrl Pts',(30.526770557878,-2.48,36.8605237043749));
#13642=CARTESIAN_POINT('',(30.526770557878,-2.5,36.8605237043749));
#13643=CARTESIAN_POINT('Origin',(31.6595087123195,-2.5,36.6259668138087));
#13644=CARTESIAN_POINT('',(31.6595087123195,-2.48,36.6259668138087));
#13645=CARTESIAN_POINT('',(31.6595087123195,-2.5,36.6259668138087));
#13646=CARTESIAN_POINT('',(31.6595087123195,-2.48,37.8616811641085));
#13647=CARTESIAN_POINT('Origin',(33.3643368437517,-2.5,36.6259668138087));
#13648=CARTESIAN_POINT('',(33.3643368437517,-2.48,36.6259668138087));
#13649=CARTESIAN_POINT('',(33.3643368437517,-2.5,36.6259668138087));
#13650=CARTESIAN_POINT('',(31.6595087123195,-2.48,36.6259668138087));
#13651=CARTESIAN_POINT('Origin',(33.3643368437517,-2.5,45.5048032567039));
#13652=CARTESIAN_POINT('',(33.3643368437517,-2.48,45.5048032567039));
#13653=CARTESIAN_POINT('',(33.3643368437517,-2.5,45.5048032567039));
#13654=CARTESIAN_POINT('',(33.3643368437517,-2.48,36.6259668138087));
#13655=CARTESIAN_POINT('Origin',(31.6595087123195,-2.5,45.5048032567039));
#13656=CARTESIAN_POINT('',(31.6595087123195,-2.48,45.5048032567039));
#13657=CARTESIAN_POINT('',(31.6595087123195,-2.5,45.5048032567039));
#13658=CARTESIAN_POINT('',(33.3643368437517,-2.48,45.5048032567039));
#13659=CARTESIAN_POINT('Origin',(31.6595087123195,-2.5,44.2692038275151));
#13660=CARTESIAN_POINT('',(31.6594742383174,-2.48,44.2691923310768));
#13661=CARTESIAN_POINT('',(31.6594742383174,-2.5,44.2691923310768));
#13662=CARTESIAN_POINT('',(31.6595087123195,-2.48,45.5048032567039));
#13663=CARTESIAN_POINT('Ctrl Pts',(30.5096078585682,-2.5,45.2759672659076));
#13664=CARTESIAN_POINT('Ctrl Pts',(30.5096078585682,-2.48,45.2759672659076));
#13665=CARTESIAN_POINT('Ctrl Pts',(30.9786867406224,-2.5,45.0299868765378));
#13666=CARTESIAN_POINT('Ctrl Pts',(30.9786867406224,-2.48,45.0299868765378));
#13667=CARTESIAN_POINT('Ctrl Pts',(31.3505247963993,-2.5,44.6810456122862));
#13668=CARTESIAN_POINT('Ctrl Pts',(31.3505247963993,-2.48,44.6810456122862));
#13669=CARTESIAN_POINT('Ctrl Pts',(31.6594397643152,-2.5,44.2691808346385));
#13670=CARTESIAN_POINT('Ctrl Pts',(31.6594397643152,-2.48,44.2691808346385));
#13671=CARTESIAN_POINT('',(30.5096078585682,-2.48,45.2759672659076));
#13672=CARTESIAN_POINT('',(30.5096078585682,-2.5,45.2759672659076));
#13673=CARTESIAN_POINT('Ctrl Pts',(30.5096078585682,-2.48,45.2759672659076));
#13674=CARTESIAN_POINT('Ctrl Pts',(30.9786867406224,-2.48,45.0299868765378));
#13675=CARTESIAN_POINT('Ctrl Pts',(31.3505247963993,-2.48,44.6810456122862));
#13676=CARTESIAN_POINT('Ctrl Pts',(31.6594397643152,-2.48,44.2691808346385));
#13677=CARTESIAN_POINT('Ctrl Pts',(24.9317305829092,-2.5,43.416674840688));
#13678=CARTESIAN_POINT('Ctrl Pts',(24.9317305829092,-2.48,43.416674840688));
#13679=CARTESIAN_POINT('Ctrl Pts',(25.3093099677231,-2.5,44.1146246126166));
#13680=CARTESIAN_POINT('Ctrl Pts',(25.3093099677231,-2.48,44.1146246126166));
#13681=CARTESIAN_POINT('Ctrl Pts',(25.8241909470146,-2.5,44.6695518902975));
#13682=CARTESIAN_POINT('Ctrl Pts',(25.8241909470146,-2.48,44.6695518902975));
#13683=CARTESIAN_POINT('Ctrl Pts',(26.4820944205539,-2.5,45.0814566737308));
#13684=CARTESIAN_POINT('Ctrl Pts',(26.4820944205539,-2.48,45.0814566737308));
#13685=CARTESIAN_POINT('Ctrl Pts',(27.1399978940932,-2.5,45.4933614571641));
#13686=CARTESIAN_POINT('Ctrl Pts',(27.1399978940932,-2.48,45.4933614571641));
#13687=CARTESIAN_POINT('Ctrl Pts',(27.8779939644112,-2.5,45.6993138488807));
#13688=CARTESIAN_POINT('Ctrl Pts',(27.8779939644112,-2.48,45.6993138488807));
#13689=CARTESIAN_POINT('Ctrl Pts',(28.7018035312777,-2.5,45.6993138488807));
#13690=CARTESIAN_POINT('Ctrl Pts',(28.7018035312777,-2.48,45.6993138488807));
#13691=CARTESIAN_POINT('Ctrl Pts',(29.3768697041267,-2.5,45.6993138488807));
#13692=CARTESIAN_POINT('Ctrl Pts',(29.3768697041267,-2.48,45.6993138488807));
#13693=CARTESIAN_POINT('Ctrl Pts',(29.9775641799669,-2.5,45.556291354633));
#13694=CARTESIAN_POINT('Ctrl Pts',(29.9775641799669,-2.48,45.556291354633));
#13695=CARTESIAN_POINT('Ctrl Pts',(30.5096078585683,-2.5,45.2759672659076));
#13696=CARTESIAN_POINT('Ctrl Pts',(30.5096078585683,-2.48,45.2759672659076));
#13697=CARTESIAN_POINT('',(24.9317305829092,-2.48,43.416674840688));
#13698=CARTESIAN_POINT('',(24.9317305829092,-2.5,43.416674840688));
#13699=CARTESIAN_POINT('Ctrl Pts',(24.9317305829092,-2.48,43.416674840688));
#13700=CARTESIAN_POINT('Ctrl Pts',(25.3093099677231,-2.48,44.1146246126166));
#13701=CARTESIAN_POINT('Ctrl Pts',(25.8241909470146,-2.48,44.6695518902975));
#13702=CARTESIAN_POINT('Ctrl Pts',(26.4820944205539,-2.48,45.0814566737308));
#13703=CARTESIAN_POINT('Ctrl Pts',(27.1399978940932,-2.48,45.4933614571641));
#13704=CARTESIAN_POINT('Ctrl Pts',(27.8779939644112,-2.48,45.6993138488807));
#13705=CARTESIAN_POINT('Ctrl Pts',(28.7018035312777,-2.48,45.6993138488807));
#13706=CARTESIAN_POINT('Ctrl Pts',(29.3768697041267,-2.48,45.6993138488807));
#13707=CARTESIAN_POINT('Ctrl Pts',(29.9775641799669,-2.48,45.556291354633));
#13708=CARTESIAN_POINT('Ctrl Pts',(30.5096078585683,-2.48,45.2759672659076));
#13709=CARTESIAN_POINT('Ctrl Pts',(24.9317305829092,-2.5,38.7026534302848));
#13710=CARTESIAN_POINT('Ctrl Pts',(24.9317305829092,-2.48,38.7026534302848));
#13711=CARTESIAN_POINT('Ctrl Pts',(24.5484302983255,-2.5,39.4006032022134));
#13712=CARTESIAN_POINT('Ctrl Pts',(24.5484302983255,-2.48,39.4006032022134));
#13713=CARTESIAN_POINT('Ctrl Pts',(24.3596406059186,-2.5,40.1900873704606));
#13714=CARTESIAN_POINT('Ctrl Pts',(24.3596406059186,-2.48,40.1900873704606));
#13715=CARTESIAN_POINT('Ctrl Pts',(24.3596406059186,-2.5,41.0596641354864));
#13716=CARTESIAN_POINT('Ctrl Pts',(24.3596406059186,-2.48,41.0596641354864));
#13717=CARTESIAN_POINT('Ctrl Pts',(24.3596406059186,-2.5,41.9292409005122));
#13718=CARTESIAN_POINT('Ctrl Pts',(24.3596406059186,-2.48,41.9292409005122));
#13719=CARTESIAN_POINT('Ctrl Pts',(24.5484302983255,-2.5,42.7187250687593));
#13720=CARTESIAN_POINT('Ctrl Pts',(24.5484302983255,-2.48,42.7187250687593));
#13721=CARTESIAN_POINT('Ctrl Pts',(24.9317305829092,-2.5,43.4166748406879));
#13722=CARTESIAN_POINT('Ctrl Pts',(24.9317305829092,-2.48,43.4166748406879));
#13723=CARTESIAN_POINT('',(24.9317305829092,-2.48,38.7026534302848));
#13724=CARTESIAN_POINT('',(24.9317305829092,-2.5,38.7026534302848));
#13725=CARTESIAN_POINT('Ctrl Pts',(24.9317305829092,-2.48,38.7026534302848));
#13726=CARTESIAN_POINT('Ctrl Pts',(24.5484302983255,-2.48,39.4006032022134));
#13727=CARTESIAN_POINT('Ctrl Pts',(24.3596406059186,-2.48,40.1900873704606));
#13728=CARTESIAN_POINT('Ctrl Pts',(24.3596406059186,-2.48,41.0596641354864));
#13729=CARTESIAN_POINT('Ctrl Pts',(24.3596406059186,-2.48,41.9292409005122));
#13730=CARTESIAN_POINT('Ctrl Pts',(24.5484302983255,-2.48,42.7187250687593));
#13731=CARTESIAN_POINT('Ctrl Pts',(24.9317305829092,-2.48,43.4166748406879));
#13732=CARTESIAN_POINT('Ctrl Pts',(26.4935362200938,-2.5,37.0435924970119));
#13733=CARTESIAN_POINT('Ctrl Pts',(25.5004155698942,-2.5,37.6514496798438));
#13734=CARTESIAN_POINT('Ctrl Pts',(24.9317305829092,-2.5,38.7026534302848));
#13735=CARTESIAN_POINT('Ctrl Pts',(26.4935362200938,-2.48,37.0435924970119));
#13736=CARTESIAN_POINT('Ctrl Pts',(25.5004155698942,-2.48,37.6514496798438));
#13737=CARTESIAN_POINT('Ctrl Pts',(24.9317305829092,-2.48,38.7026534302848));
#13738=CARTESIAN_POINT('',(26.4935362200938,-2.48,37.0435924970119));
#13739=CARTESIAN_POINT('',(26.4935362200938,-2.5,37.0435924970119));
#13740=CARTESIAN_POINT('Origin',(86.8062470491764,-2.48,101.688787529614));
#13741=CARTESIAN_POINT('Ctrl Pts',(30.526770557878,-2.5,36.8605237043749));
#13742=CARTESIAN_POINT('Ctrl Pts',(30.526770557878,-2.48,36.8605237043749));
#13743=CARTESIAN_POINT('Ctrl Pts',(29.9947268792766,-2.5,36.5801996156494));
#13744=CARTESIAN_POINT('Ctrl Pts',(29.9947268792766,-2.48,36.5801996156494));
#13745=CARTESIAN_POINT('Ctrl Pts',(29.3883115036666,-2.5,36.4371771214018));
#13746=CARTESIAN_POINT('Ctrl Pts',(29.3883115036666,-2.48,36.4371771214018));
#13747=CARTESIAN_POINT('Ctrl Pts',(28.7018035312778,-2.5,36.4371771214018));
#13748=CARTESIAN_POINT('Ctrl Pts',(28.7018035312778,-2.48,36.4371771214018));
#13749=CARTESIAN_POINT('Ctrl Pts',(27.889435763951,-2.5,36.4371771214018));
#13750=CARTESIAN_POINT('Ctrl Pts',(27.889435763951,-2.48,36.4371771214018));
#13751=CARTESIAN_POINT('Ctrl Pts',(27.151439693633,-2.5,36.6374086133485));
#13752=CARTESIAN_POINT('Ctrl Pts',(27.151439693633,-2.48,36.6374086133485));
#13753=CARTESIAN_POINT('Ctrl Pts',(26.4935362200938,-2.5,37.0435924970119));
#13754=CARTESIAN_POINT('Ctrl Pts',(26.4935362200938,-2.48,37.0435924970119));
#13755=CARTESIAN_POINT('Ctrl Pts',(30.526770557878,-2.48,36.8605237043749));
#13756=CARTESIAN_POINT('Ctrl Pts',(29.9947268792766,-2.48,36.5801996156494));
#13757=CARTESIAN_POINT('Ctrl Pts',(29.3883115036666,-2.48,36.4371771214018));
#13758=CARTESIAN_POINT('Ctrl Pts',(28.7018035312778,-2.48,36.4371771214018));
#13759=CARTESIAN_POINT('Ctrl Pts',(27.889435763951,-2.48,36.4371771214018));
#13760=CARTESIAN_POINT('Ctrl Pts',(27.151439693633,-2.48,36.6374086133485));
#13761=CARTESIAN_POINT('Ctrl Pts',(26.4935362200938,-2.48,37.0435924970119));
#13762=CARTESIAN_POINT('Origin',(28.8619887248352,-2.48,41.0682454851413));
#13763=CARTESIAN_POINT('Ctrl Pts',(-31.3021176318263,-2.5,37.9945487461981));
#13764=CARTESIAN_POINT('Ctrl Pts',(-31.3021176318263,-2.48,37.9945487461981));
#13765=CARTESIAN_POINT('Ctrl Pts',(-31.5816129988839,-2.5,37.4355580120829));
#13766=CARTESIAN_POINT('Ctrl Pts',(-31.5816129988839,-2.48,37.4355580120829));
#13767=CARTESIAN_POINT('Ctrl Pts',(-32.1557115906779,-2.5,37.0503076412738));
#13768=CARTESIAN_POINT('Ctrl Pts',(-32.1557115906779,-2.48,37.0503076412738));
#13769=CARTESIAN_POINT('Ctrl Pts',(-32.8204573285446,-2.5,37.0503076412738));
#13770=CARTESIAN_POINT('Ctrl Pts',(-32.8204573285446,-2.48,37.0503076412738));
#13771=CARTESIAN_POINT('Ctrl Pts',(-33.7571445046295,-2.5,37.0503076412738));
#13772=CARTESIAN_POINT('Ctrl Pts',(-33.7571445046295,-2.48,37.0503076412738));
#13773=CARTESIAN_POINT('Ctrl Pts',(-34.5200913174083,-2.5,37.8132544540526));
#13774=CARTESIAN_POINT('Ctrl Pts',(-34.5200913174083,-2.48,37.8132544540526));
#13775=CARTESIAN_POINT('Ctrl Pts',(-34.5200913174083,-2.5,38.7499416301375));
#13776=CARTESIAN_POINT('Ctrl Pts',(-34.5200913174083,-2.48,38.7499416301375));
#13777=CARTESIAN_POINT('Ctrl Pts',(-34.5200913174083,-2.5,39.6866288062225));
#13778=CARTESIAN_POINT('Ctrl Pts',(-34.5200913174083,-2.48,39.6866288062225));
#13779=CARTESIAN_POINT('Ctrl Pts',(-33.7571445046295,-2.5,40.4495756190013));
#13780=CARTESIAN_POINT('Ctrl Pts',(-33.7571445046295,-2.48,40.4495756190013));
#13781=CARTESIAN_POINT('Ctrl Pts',(-32.8204573285446,-2.5,40.4495756190013));
#13782=CARTESIAN_POINT('Ctrl Pts',(-32.8204573285446,-2.48,40.4495756190013));
#13783=CARTESIAN_POINT('Ctrl Pts',(-32.1557115906779,-2.5,40.4495756190013));
#13784=CARTESIAN_POINT('Ctrl Pts',(-32.1557115906779,-2.48,40.4495756190013));
#13785=CARTESIAN_POINT('Ctrl Pts',(-31.5891669277233,-2.5,40.0643252481922));
#13786=CARTESIAN_POINT('Ctrl Pts',(-31.5891669277233,-2.48,40.0643252481922));
#13787=CARTESIAN_POINT('Ctrl Pts',(-31.3096715606657,-2.5,39.5128884429164));
#13788=CARTESIAN_POINT('Ctrl Pts',(-31.3096715606657,-2.48,39.5128884429164));
#13789=CARTESIAN_POINT('',(-31.3021176318263,-2.48,37.9945487461981));
#13790=CARTESIAN_POINT('',(-31.3021176318263,-2.5,37.9945487461981));
#13791=CARTESIAN_POINT('',(-31.3096715606657,-2.48,39.5128884429164));
#13792=CARTESIAN_POINT('Ctrl Pts',(-31.3021176318263,-2.48,37.9945487461981));
#13793=CARTESIAN_POINT('Ctrl Pts',(-31.5816129988839,-2.48,37.4355580120829));
#13794=CARTESIAN_POINT('Ctrl Pts',(-32.1557115906779,-2.48,37.0503076412738));
#13795=CARTESIAN_POINT('Ctrl Pts',(-32.8204573285446,-2.48,37.0503076412738));
#13796=CARTESIAN_POINT('Ctrl Pts',(-33.7571445046295,-2.48,37.0503076412738));
#13797=CARTESIAN_POINT('Ctrl Pts',(-34.5200913174083,-2.48,37.8132544540526));
#13798=CARTESIAN_POINT('Ctrl Pts',(-34.5200913174083,-2.48,38.7499416301375));
#13799=CARTESIAN_POINT('Ctrl Pts',(-34.5200913174083,-2.48,39.6866288062225));
#13800=CARTESIAN_POINT('Ctrl Pts',(-33.7571445046295,-2.48,40.4495756190013));
#13801=CARTESIAN_POINT('Ctrl Pts',(-32.8204573285446,-2.48,40.4495756190013));
#13802=CARTESIAN_POINT('Ctrl Pts',(-32.1557115906779,-2.48,40.4495756190013));
#13803=CARTESIAN_POINT('Ctrl Pts',(-31.5891669277233,-2.48,40.0643252481922));
#13804=CARTESIAN_POINT('Ctrl Pts',(-31.3096715606657,-2.48,39.5128884429164));
#13805=CARTESIAN_POINT('',(-31.3096715606657,-2.5,39.5128884429164));
#13806=CARTESIAN_POINT('Origin',(-26.7168828263138,-2.5,37.9945487461981));
#13807=CARTESIAN_POINT('',(-26.7168828263138,-2.48,37.9945487461981));
#13808=CARTESIAN_POINT('',(-26.7168828263138,-2.5,37.9945487461981));
#13809=CARTESIAN_POINT('',(-31.3021176318263,-2.48,37.9945487461981));
#13810=CARTESIAN_POINT('Origin',(-22.9927959084923,-2.5,34.2704618283766));
#13811=CARTESIAN_POINT('',(-22.9927959084923,-2.48,34.2704618283766));
#13812=CARTESIAN_POINT('',(-22.9927959084923,-2.5,34.2704618283766));
#13813=CARTESIAN_POINT('',(-26.7168828263138,-2.48,37.9945487461981));
#13814=CARTESIAN_POINT('Origin',(-19.6086357884436,-2.5,37.6546219484254));
#13815=CARTESIAN_POINT('',(-19.6086357884436,-2.48,37.6546219484254));
#13816=CARTESIAN_POINT('',(-19.6086357884436,-2.5,37.6546219484254));
#13817=CARTESIAN_POINT('',(-22.9927959084923,-2.48,34.2704618283766));
#13818=CARTESIAN_POINT('Origin',(-19.6086357884436,-2.5,41.7412974505378));
#13819=CARTESIAN_POINT('',(-19.6086357884436,-2.48,41.7412974505378));
#13820=CARTESIAN_POINT('',(-19.6086357884436,-2.5,41.7412974505378));
#13821=CARTESIAN_POINT('',(-19.6086357884436,-2.48,37.6546219484254));
#13822=CARTESIAN_POINT('Ctrl Pts',(-21.1194215563225,-2.5,41.7412974505378));
#13823=CARTESIAN_POINT('Ctrl Pts',(-21.1194215563225,-2.48,41.7412974505378));
#13824=CARTESIAN_POINT('Ctrl Pts',(-21.6784122904377,-2.5,42.0207928175954));
#13825=CARTESIAN_POINT('Ctrl Pts',(-21.6784122904377,-2.48,42.0207928175954));
#13826=CARTESIAN_POINT('Ctrl Pts',(-22.0636626612468,-2.5,42.5873374805499));
#13827=CARTESIAN_POINT('Ctrl Pts',(-22.0636626612468,-2.48,42.5873374805499));
#13828=CARTESIAN_POINT('Ctrl Pts',(-22.0636626612468,-2.5,43.2520832184167));
#13829=CARTESIAN_POINT('Ctrl Pts',(-22.0636626612468,-2.48,43.2520832184167));
#13830=CARTESIAN_POINT('Ctrl Pts',(-22.0636626612468,-2.5,44.1887703945016));
#13831=CARTESIAN_POINT('Ctrl Pts',(-22.0636626612468,-2.48,44.1887703945016));
#13832=CARTESIAN_POINT('Ctrl Pts',(-21.300715848468,-2.5,44.9517172072804));
#13833=CARTESIAN_POINT('Ctrl Pts',(-21.300715848468,-2.48,44.9517172072804));
#13834=CARTESIAN_POINT('Ctrl Pts',(-20.364028672383,-2.5,44.9517172072804));
#13835=CARTESIAN_POINT('Ctrl Pts',(-20.364028672383,-2.48,44.9517172072804));
#13836=CARTESIAN_POINT('Ctrl Pts',(-19.4273414962981,-2.5,44.9517172072804));
#13837=CARTESIAN_POINT('Ctrl Pts',(-19.4273414962981,-2.48,44.9517172072804));
#13838=CARTESIAN_POINT('Ctrl Pts',(-18.6643946835193,-2.5,44.1887703945016));
#13839=CARTESIAN_POINT('Ctrl Pts',(-18.6643946835193,-2.48,44.1887703945016));
#13840=CARTESIAN_POINT('Ctrl Pts',(-18.6643946835193,-2.5,43.2520832184167));
#13841=CARTESIAN_POINT('Ctrl Pts',(-18.6643946835193,-2.48,43.2520832184167));
#13842=CARTESIAN_POINT('Ctrl Pts',(-18.6643946835193,-2.5,42.5873374805499));
#13843=CARTESIAN_POINT('Ctrl Pts',(-18.6643946835193,-2.48,42.5873374805499));
#13844=CARTESIAN_POINT('Ctrl Pts',(-19.0496450543284,-2.5,42.0207928175954));
#13845=CARTESIAN_POINT('Ctrl Pts',(-19.0496450543284,-2.48,42.0207928175954));
#13846=CARTESIAN_POINT('Ctrl Pts',(-19.6086357884436,-2.5,41.7412974505378));
#13847=CARTESIAN_POINT('Ctrl Pts',(-19.6086357884436,-2.48,41.7412974505378));
#13848=CARTESIAN_POINT('',(-21.1194215563225,-2.48,41.7412974505378));
#13849=CARTESIAN_POINT('',(-21.1194215563225,-2.5,41.7412974505378));
#13850=CARTESIAN_POINT('Ctrl Pts',(-21.1194215563225,-2.48,41.7412974505378));
#13851=CARTESIAN_POINT('Ctrl Pts',(-21.6784122904377,-2.48,42.0207928175954));
#13852=CARTESIAN_POINT('Ctrl Pts',(-22.0636626612468,-2.48,42.5873374805499));
#13853=CARTESIAN_POINT('Ctrl Pts',(-22.0636626612468,-2.48,43.2520832184167));
#13854=CARTESIAN_POINT('Ctrl Pts',(-22.0636626612468,-2.48,44.1887703945016));
#13855=CARTESIAN_POINT('Ctrl Pts',(-21.300715848468,-2.48,44.9517172072804));
#13856=CARTESIAN_POINT('Ctrl Pts',(-20.364028672383,-2.48,44.9517172072804));
#13857=CARTESIAN_POINT('Ctrl Pts',(-19.4273414962981,-2.48,44.9517172072804));
#13858=CARTESIAN_POINT('Ctrl Pts',(-18.6643946835193,-2.48,44.1887703945016));
#13859=CARTESIAN_POINT('Ctrl Pts',(-18.6643946835193,-2.48,43.2520832184167));
#13860=CARTESIAN_POINT('Ctrl Pts',(-18.6643946835193,-2.48,42.5873374805499));
#13861=CARTESIAN_POINT('Ctrl Pts',(-19.0496450543284,-2.48,42.0207928175954));
#13862=CARTESIAN_POINT('Ctrl Pts',(-19.6086357884436,-2.48,41.7412974505378));
#13863=CARTESIAN_POINT('Origin',(-21.1194215563225,-2.5,38.2815980420951));
#13864=CARTESIAN_POINT('',(-21.1194215563225,-2.48,38.2815980420951));
#13865=CARTESIAN_POINT('',(-21.1194215563225,-2.5,38.2815980420951));
#13866=CARTESIAN_POINT('',(-21.1194215563225,-2.48,41.7412974505378));
#13867=CARTESIAN_POINT('Origin',(-22.9927959084923,-2.5,36.4082236899253));
#13868=CARTESIAN_POINT('',(-22.9927959084923,-2.48,36.4082236899253));
#13869=CARTESIAN_POINT('',(-22.9927959084923,-2.5,36.4082236899253));
#13870=CARTESIAN_POINT('',(-21.1194215563225,-2.48,38.2815980420951));
#13871=CARTESIAN_POINT('Origin',(-26.0974606614835,-2.5,39.5128884429164));
#13872=CARTESIAN_POINT('',(-26.0974606614835,-2.48,39.5128884429164));
#13873=CARTESIAN_POINT('',(-26.0974606614835,-2.5,39.5128884429164));
#13874=CARTESIAN_POINT('',(-22.9927959084923,-2.48,36.4082236899253));
#13875=CARTESIAN_POINT('Origin',(-31.3096715606657,-2.5,39.5128884429164));
#13876=CARTESIAN_POINT('',(-26.0974606614835,-2.48,39.5128884429164));
#13877=CARTESIAN_POINT('Origin',(-26.5922430004638,-2.48,39.6110895178285));
#13878=CARTESIAN_POINT('Origin',(55.2097222222222,-2.5,-46.2751388888889));
#13879=CARTESIAN_POINT('',(55.2097222222222,-2.48,-46.2751388888889));
#13880=CARTESIAN_POINT('',(55.2097222222222,-2.5,-46.2751388888889));
#13881=CARTESIAN_POINT('',(55.2097222222222,-2.48,-33.8220833333333));
#13882=CARTESIAN_POINT('',(55.2097222222222,-2.48,-33.8220833333333));
#13883=CARTESIAN_POINT('',(55.2097222222222,-2.5,-33.8220833333333));
#13884=CARTESIAN_POINT('Origin',(57.9790277777778,-2.5,-46.2751388888889));
#13885=CARTESIAN_POINT('',(57.9790277777778,-2.48,-46.2751388888889));
#13886=CARTESIAN_POINT('',(57.9790277777778,-2.5,-46.2751388888889));
#13887=CARTESIAN_POINT('',(55.2097222222222,-2.48,-46.2751388888889));
#13888=CARTESIAN_POINT('Origin',(57.9790277777778,-2.5,-40.1471668609168));
#13889=CARTESIAN_POINT('',(57.9790277777778,-2.48,-40.1471668609168));
#13890=CARTESIAN_POINT('',(57.9790277777778,-2.5,-40.1471668609168));
#13891=CARTESIAN_POINT('',(57.9790277777778,-2.48,-46.2751388888889));
#13892=CARTESIAN_POINT('Origin',(62.7415277777778,-2.5,-46.2751388888889));
#13893=CARTESIAN_POINT('',(62.7415277777778,-2.48,-46.2751388888889));
#13894=CARTESIAN_POINT('',(62.7415277777778,-2.5,-46.2751388888889));
#13895=CARTESIAN_POINT('',(57.9790277777778,-2.48,-40.1471668609168));
#13896=CARTESIAN_POINT('Origin',(66.1811111111111,-2.5,-46.2751388888889));
#13897=CARTESIAN_POINT('',(66.1811111111111,-2.48,-46.2751388888889));
#13898=CARTESIAN_POINT('',(66.1811111111111,-2.5,-46.2751388888889));
#13899=CARTESIAN_POINT('',(62.7415277777778,-2.48,-46.2751388888889));
#13900=CARTESIAN_POINT('Origin',(60.966366517249,-2.5,-39.7486107170678));
#13901=CARTESIAN_POINT('',(60.966366517249,-2.48,-39.7486107170678));
#13902=CARTESIAN_POINT('',(60.966366517249,-2.5,-39.7486107170678));
#13903=CARTESIAN_POINT('',(66.1811111111111,-2.48,-46.2751388888889));
#13904=CARTESIAN_POINT('Origin',(66.0047222222222,-2.5,-33.8220833333333));
#13905=CARTESIAN_POINT('',(66.0047222222222,-2.48,-33.8220833333333));
#13906=CARTESIAN_POINT('',(66.0047222222222,-2.5,-33.8220833333333));
#13907=CARTESIAN_POINT('',(60.966366517249,-2.48,-39.7486107170678));
#13908=CARTESIAN_POINT('Origin',(62.5827777777777,-2.5,-33.8220833333333));
#13909=CARTESIAN_POINT('',(62.5827777777777,-2.48,-33.8220833333333));
#13910=CARTESIAN_POINT('',(62.5827777777777,-2.5,-33.8220833333333));
#13911=CARTESIAN_POINT('',(66.0047222222222,-2.48,-33.8220833333333));
#13912=CARTESIAN_POINT('Origin',(57.9790277777778,-2.5,-39.4396555354994));
#13913=CARTESIAN_POINT('',(57.9790277777778,-2.48,-39.4396555354994));
#13914=CARTESIAN_POINT('',(57.9790277777778,-2.5,-39.4396555354994));
#13915=CARTESIAN_POINT('',(62.5827777777777,-2.48,-33.8220833333333));
#13916=CARTESIAN_POINT('Origin',(57.9790277777778,-2.5,-33.8220833333333));
#13917=CARTESIAN_POINT('',(57.9790277777778,-2.48,-33.8220833333333));
#13918=CARTESIAN_POINT('',(57.9790277777778,-2.5,-33.8220833333333));
#13919=CARTESIAN_POINT('',(57.9790277777778,-2.48,-39.4396555354994));
#13920=CARTESIAN_POINT('Origin',(55.2097222222222,-2.5,-33.8220833333333));
#13921=CARTESIAN_POINT('',(57.9790277777778,-2.48,-33.8220833333333));
#13922=CARTESIAN_POINT('Origin',(60.6954166666667,-2.48,-40.0486111111111));
#13923=CARTESIAN_POINT('Ctrl Pts',(20.5316666666666,-2.5,-46.4691666666667));
#13924=CARTESIAN_POINT('Ctrl Pts',(20.5316666666666,-2.48,-46.4691666666667));
#13925=CARTESIAN_POINT('Ctrl Pts',(19.5086111111111,-2.5,-46.4691666666667));
#13926=CARTESIAN_POINT('Ctrl Pts',(19.5086111111111,-2.48,-46.4691666666667));
#13927=CARTESIAN_POINT('Ctrl Pts',(18.6296064814815,-2.5,-46.3015972222222));
#13928=CARTESIAN_POINT('Ctrl Pts',(18.6296064814815,-2.48,-46.3015972222222));
#13929=CARTESIAN_POINT('Ctrl Pts',(17.8946527777778,-2.5,-45.9664583333333));
#13930=CARTESIAN_POINT('Ctrl Pts',(17.8946527777778,-2.48,-45.9664583333333));
#13931=CARTESIAN_POINT('Ctrl Pts',(17.159699074074,-2.5,-45.6313194444444));
#13932=CARTESIAN_POINT('Ctrl Pts',(17.159699074074,-2.48,-45.6313194444444));
#13933=CARTESIAN_POINT('Ctrl Pts',(16.4864814814814,-2.5,-45.1227314814815));
#13934=CARTESIAN_POINT('Ctrl Pts',(16.4864814814814,-2.48,-45.1227314814815));
#13935=CARTESIAN_POINT('Ctrl Pts',(15.875,-2.5,-44.4406944444444));
#13936=CARTESIAN_POINT('Ctrl Pts',(15.875,-2.48,-44.4406944444444));
#13937=CARTESIAN_POINT('',(20.5316666665603,-2.48,-46.4691666666667));
#13938=CARTESIAN_POINT('',(20.5316666665603,-2.5,-46.4691666666667));
#13939=CARTESIAN_POINT('',(15.875,-2.48,-44.4406944444444));
#13940=CARTESIAN_POINT('Ctrl Pts',(20.5316666666666,-2.48,-46.4691666666667));
#13941=CARTESIAN_POINT('Ctrl Pts',(19.5086111111111,-2.48,-46.4691666666667));
#13942=CARTESIAN_POINT('Ctrl Pts',(18.6296064814815,-2.48,-46.3015972222222));
#13943=CARTESIAN_POINT('Ctrl Pts',(17.8946527777778,-2.48,-45.9664583333333));
#13944=CARTESIAN_POINT('Ctrl Pts',(17.159699074074,-2.48,-45.6313194444444));
#13945=CARTESIAN_POINT('Ctrl Pts',(16.4864814814814,-2.48,-45.1227314814815));
#13946=CARTESIAN_POINT('Ctrl Pts',(15.875,-2.48,-44.4406944444444));
#13947=CARTESIAN_POINT('',(15.875,-2.5,-44.4406944444444));
#13948=CARTESIAN_POINT('Ctrl Pts',(23.4773611111111,-2.5,-37.1205555555555));
#13949=CARTESIAN_POINT('Ctrl Pts',(23.4773611111111,-2.48,-37.1205555555555));
#13950=CARTESIAN_POINT('Ctrl Pts',(23.1010648148148,-2.5,-36.7325));
#13951=CARTESIAN_POINT('Ctrl Pts',(23.1010648148148,-2.48,-36.7325));
#13952=CARTESIAN_POINT('Ctrl Pts',(22.7218287037037,-2.5,-36.4443981481481));
#13953=CARTESIAN_POINT('Ctrl Pts',(22.7218287037037,-2.48,-36.4443981481481));
#13954=CARTESIAN_POINT('Ctrl Pts',(22.3396527777778,-2.5,-36.25625));
#13955=CARTESIAN_POINT('Ctrl Pts',(22.3396527777778,-2.48,-36.25625));
#13956=CARTESIAN_POINT('Ctrl Pts',(21.9574768518518,-2.5,-36.0681018518518));
#13957=CARTESIAN_POINT('Ctrl Pts',(21.9574768518518,-2.48,-36.0681018518518));
#13958=CARTESIAN_POINT('Ctrl Pts',(21.525324074074,-2.5,-35.9740277777777));
#13959=CARTESIAN_POINT('Ctrl Pts',(21.525324074074,-2.48,-35.9740277777777));
#13960=CARTESIAN_POINT('Ctrl Pts',(21.0431944444444,-2.5,-35.9740277777777));
#13961=CARTESIAN_POINT('Ctrl Pts',(21.0431944444444,-2.48,-35.9740277777777));
#13962=CARTESIAN_POINT('Ctrl Pts',(20.5610648148148,-2.5,-35.9740277777777));
#13963=CARTESIAN_POINT('Ctrl Pts',(20.5610648148148,-2.48,-35.9740277777777));
#13964=CARTESIAN_POINT('Ctrl Pts',(20.1788888888889,-2.5,-36.065162037037));
#13965=CARTESIAN_POINT('Ctrl Pts',(20.1788888888889,-2.48,-36.065162037037));
#13966=CARTESIAN_POINT('Ctrl Pts',(19.8966666666666,-2.5,-36.2474305555555));
#13967=CARTESIAN_POINT('Ctrl Pts',(19.8966666666666,-2.48,-36.2474305555555));
#13968=CARTESIAN_POINT('Ctrl Pts',(19.6144444444444,-2.5,-36.429699074074));
#13969=CARTESIAN_POINT('Ctrl Pts',(19.6144444444444,-2.48,-36.429699074074));
#13970=CARTESIAN_POINT('Ctrl Pts',(19.4733333333333,-2.5,-36.6913425925926));
#13971=CARTESIAN_POINT('Ctrl Pts',(19.4733333333333,-2.48,-36.6913425925926));
#13972=CARTESIAN_POINT('Ctrl Pts',(19.4733333333333,-2.5,-37.0323611111111));
#13973=CARTESIAN_POINT('Ctrl Pts',(19.4733333333333,-2.48,-37.0323611111111));
#13974=CARTESIAN_POINT('Ctrl Pts',(19.4733333333333,-2.5,-37.3498611111111));
#13975=CARTESIAN_POINT('Ctrl Pts',(19.4733333333333,-2.48,-37.3498611111111));
#13976=CARTESIAN_POINT('Ctrl Pts',(19.5791666666667,-2.5,-37.605625));
#13977=CARTESIAN_POINT('Ctrl Pts',(19.5791666666667,-2.48,-37.605625));
#13978=CARTESIAN_POINT('Ctrl Pts',(19.7908333333333,-2.5,-37.7996527777778));
#13979=CARTESIAN_POINT('Ctrl Pts',(19.7908333333333,-2.48,-37.7996527777778));
#13980=CARTESIAN_POINT('Ctrl Pts',(20.0025,-2.5,-37.9936805555555));
#13981=CARTESIAN_POINT('Ctrl Pts',(20.0025,-2.48,-37.9936805555555));
#13982=CARTESIAN_POINT('Ctrl Pts',(20.2817824074074,-2.5,-38.1612499999999));
#13983=CARTESIAN_POINT('Ctrl Pts',(20.2817824074074,-2.48,-38.1612499999999));
#13984=CARTESIAN_POINT('Ctrl Pts',(20.6286805555555,-2.5,-38.3023611111111));
#13985=CARTESIAN_POINT('Ctrl Pts',(20.6286805555555,-2.48,-38.3023611111111));
#13986=CARTESIAN_POINT('Ctrl Pts',(20.9755787037037,-2.5,-38.4434722222222));
#13987=CARTESIAN_POINT('Ctrl Pts',(20.9755787037037,-2.48,-38.4434722222222));
#13988=CARTESIAN_POINT('Ctrl Pts',(21.3577546296296,-2.5,-38.5845833333333));
#13989=CARTESIAN_POINT('Ctrl Pts',(21.3577546296296,-2.48,-38.5845833333333));
#13990=CARTESIAN_POINT('Ctrl Pts',(21.7752083333333,-2.5,-38.7256944444444));
#13991=CARTESIAN_POINT('Ctrl Pts',(21.7752083333333,-2.48,-38.7256944444444));
#13992=CARTESIAN_POINT('Ctrl Pts',(22.192662037037,-2.5,-38.8668055555555));
#13993=CARTESIAN_POINT('Ctrl Pts',(22.192662037037,-2.48,-38.8668055555555));
#13994=CARTESIAN_POINT('Ctrl Pts',(22.6071759259259,-2.5,-39.0314351851852));
#13995=CARTESIAN_POINT('Ctrl Pts',(22.6071759259259,-2.48,-39.0314351851852));
#13996=CARTESIAN_POINT('Ctrl Pts',(23.01875,-2.5,-39.2195833333333));
#13997=CARTESIAN_POINT('Ctrl Pts',(23.01875,-2.48,-39.2195833333333));
#13998=CARTESIAN_POINT('Ctrl Pts',(23.4303240740741,-2.5,-39.4077314814815));
#13999=CARTESIAN_POINT('Ctrl Pts',(23.4303240740741,-2.48,-39.4077314814815));
#14000=CARTESIAN_POINT('Ctrl Pts',(23.8095601851852,-2.5,-39.6458564814814));
#14001=CARTESIAN_POINT('Ctrl Pts',(23.8095601851852,-2.48,-39.6458564814814));
#14002=CARTESIAN_POINT('Ctrl Pts',(24.1564583333333,-2.5,-39.9339583333333));
#14003=CARTESIAN_POINT('Ctrl Pts',(24.1564583333333,-2.48,-39.9339583333333));
#14004=CARTESIAN_POINT('Ctrl Pts',(24.5033564814814,-2.5,-40.2220601851852));
#14005=CARTESIAN_POINT('Ctrl Pts',(24.5033564814814,-2.48,-40.2220601851852));
#14006=CARTESIAN_POINT('Ctrl Pts',(24.7826388888889,-2.5,-40.5865972222222));
#14007=CARTESIAN_POINT('Ctrl Pts',(24.7826388888889,-2.48,-40.5865972222222));
#14008=CARTESIAN_POINT('Ctrl Pts',(24.9943055555555,-2.5,-41.0275694444444));
#14009=CARTESIAN_POINT('Ctrl Pts',(24.9943055555555,-2.48,-41.0275694444444));
#14010=CARTESIAN_POINT('Ctrl Pts',(25.2059722222222,-2.5,-41.4685416666666));
#14011=CARTESIAN_POINT('Ctrl Pts',(25.2059722222222,-2.48,-41.4685416666666));
#14012=CARTESIAN_POINT('Ctrl Pts',(25.3118055555555,-2.5,-42.0124074074074));
#14013=CARTESIAN_POINT('Ctrl Pts',(25.3118055555555,-2.48,-42.0124074074074));
#14014=CARTESIAN_POINT('Ctrl Pts',(25.3118055555555,-2.5,-42.6591666666667));
#14015=CARTESIAN_POINT('Ctrl Pts',(25.3118055555555,-2.48,-42.6591666666667));
#14016=CARTESIAN_POINT('Ctrl Pts',(25.3118055555555,-2.5,-43.8468518518518));
#14017=CARTESIAN_POINT('Ctrl Pts',(25.3118055555555,-2.48,-43.8468518518518));
#14018=CARTESIAN_POINT('Ctrl Pts',(24.8884722222222,-2.5,-44.7787731481481));
#14019=CARTESIAN_POINT('Ctrl Pts',(24.8884722222222,-2.48,-44.7787731481481));
#14020=CARTESIAN_POINT('Ctrl Pts',(24.0418055555555,-2.5,-45.4549305555555));
#14021=CARTESIAN_POINT('Ctrl Pts',(24.0418055555555,-2.48,-45.4549305555555));
#14022=CARTESIAN_POINT('Ctrl Pts',(23.1951388888888,-2.5,-46.1310879629629));
#14023=CARTESIAN_POINT('Ctrl Pts',(23.1951388888888,-2.48,-46.1310879629629));
#14024=CARTESIAN_POINT('Ctrl Pts',(22.0250925925926,-2.5,-46.4691666666667));
#14025=CARTESIAN_POINT('Ctrl Pts',(22.0250925925926,-2.48,-46.4691666666667));
#14026=CARTESIAN_POINT('Ctrl Pts',(20.5316666666666,-2.5,-46.4691666666667));
#14027=CARTESIAN_POINT('Ctrl Pts',(20.5316666666666,-2.48,-46.4691666666667));
#14028=CARTESIAN_POINT('',(23.4773611111111,-2.48,-37.1205555555555));
#14029=CARTESIAN_POINT('',(23.4773611111111,-2.5,-37.1205555555555));
#14030=CARTESIAN_POINT('Ctrl Pts',(23.4773611111111,-2.48,-37.1205555555555));
#14031=CARTESIAN_POINT('Ctrl Pts',(23.1010648148148,-2.48,-36.7325));
#14032=CARTESIAN_POINT('Ctrl Pts',(22.7218287037037,-2.48,-36.4443981481481));
#14033=CARTESIAN_POINT('Ctrl Pts',(22.3396527777778,-2.48,-36.25625));
#14034=CARTESIAN_POINT('Ctrl Pts',(21.9574768518518,-2.48,-36.0681018518518));
#14035=CARTESIAN_POINT('Ctrl Pts',(21.525324074074,-2.48,-35.9740277777777));
#14036=CARTESIAN_POINT('Ctrl Pts',(21.0431944444444,-2.48,-35.9740277777777));
#14037=CARTESIAN_POINT('Ctrl Pts',(20.5610648148148,-2.48,-35.9740277777777));
#14038=CARTESIAN_POINT('Ctrl Pts',(20.1788888888889,-2.48,-36.065162037037));
#14039=CARTESIAN_POINT('Ctrl Pts',(19.8966666666666,-2.48,-36.2474305555555));
#14040=CARTESIAN_POINT('Ctrl Pts',(19.6144444444444,-2.48,-36.429699074074));
#14041=CARTESIAN_POINT('Ctrl Pts',(19.4733333333333,-2.48,-36.6913425925926));
#14042=CARTESIAN_POINT('Ctrl Pts',(19.4733333333333,-2.48,-37.0323611111111));
#14043=CARTESIAN_POINT('Ctrl Pts',(19.4733333333333,-2.48,-37.3498611111111));
#14044=CARTESIAN_POINT('Ctrl Pts',(19.5791666666667,-2.48,-37.605625));
#14045=CARTESIAN_POINT('Ctrl Pts',(19.7908333333333,-2.48,-37.7996527777778));
#14046=CARTESIAN_POINT('Ctrl Pts',(20.0025,-2.48,-37.9936805555555));
#14047=CARTESIAN_POINT('Ctrl Pts',(20.2817824074074,-2.48,-38.1612499999999));
#14048=CARTESIAN_POINT('Ctrl Pts',(20.6286805555555,-2.48,-38.3023611111111));
#14049=CARTESIAN_POINT('Ctrl Pts',(20.9755787037037,-2.48,-38.4434722222222));
#14050=CARTESIAN_POINT('Ctrl Pts',(21.3577546296296,-2.48,-38.5845833333333));
#14051=CARTESIAN_POINT('Ctrl Pts',(21.7752083333333,-2.48,-38.7256944444444));
#14052=CARTESIAN_POINT('Ctrl Pts',(22.192662037037,-2.48,-38.8668055555555));
#14053=CARTESIAN_POINT('Ctrl Pts',(22.6071759259259,-2.48,-39.0314351851852));
#14054=CARTESIAN_POINT('Ctrl Pts',(23.01875,-2.48,-39.2195833333333));
#14055=CARTESIAN_POINT('Ctrl Pts',(23.4303240740741,-2.48,-39.4077314814815));
#14056=CARTESIAN_POINT('Ctrl Pts',(23.8095601851852,-2.48,-39.6458564814814));
#14057=CARTESIAN_POINT('Ctrl Pts',(24.1564583333333,-2.48,-39.9339583333333));
#14058=CARTESIAN_POINT('Ctrl Pts',(24.5033564814814,-2.48,-40.2220601851852));
#14059=CARTESIAN_POINT('Ctrl Pts',(24.7826388888889,-2.48,-40.5865972222222));
#14060=CARTESIAN_POINT('Ctrl Pts',(24.9943055555555,-2.48,-41.0275694444444));
#14061=CARTESIAN_POINT('Ctrl Pts',(25.2059722222222,-2.48,-41.4685416666666));
#14062=CARTESIAN_POINT('Ctrl Pts',(25.3118055555555,-2.48,-42.0124074074074));
#14063=CARTESIAN_POINT('Ctrl Pts',(25.3118055555555,-2.48,-42.6591666666667));
#14064=CARTESIAN_POINT('Ctrl Pts',(25.3118055555555,-2.48,-43.8468518518518));
#14065=CARTESIAN_POINT('Ctrl Pts',(24.8884722222222,-2.48,-44.7787731481481));
#14066=CARTESIAN_POINT('Ctrl Pts',(24.0418055555555,-2.48,-45.4549305555555));
#14067=CARTESIAN_POINT('Ctrl Pts',(23.1951388888888,-2.48,-46.1310879629629));
#14068=CARTESIAN_POINT('Ctrl Pts',(22.0250925925926,-2.48,-46.4691666666667));
#14069=CARTESIAN_POINT('Ctrl Pts',(20.5316666666666,-2.48,-46.4691666666667));
#14070=CARTESIAN_POINT('Origin',(25.2765277777777,-2.5,-35.3390277777778));
#14071=CARTESIAN_POINT('',(25.2765277777777,-2.48,-35.3390277777778));
#14072=CARTESIAN_POINT('',(25.2765277777777,-2.5,-35.3390277777778));
#14073=CARTESIAN_POINT('',(23.4773611111111,-2.48,-37.1205555555555));
#14074=CARTESIAN_POINT('Ctrl Pts',(17.6741666666667,-2.5,-42.6591666666667));
#14075=CARTESIAN_POINT('Ctrl Pts',(17.6741666666667,-2.48,-42.6591666666667));
#14076=CARTESIAN_POINT('Ctrl Pts',(18.0739814814815,-2.5,-43.1177777777778));
#14077=CARTESIAN_POINT('Ctrl Pts',(18.0739814814815,-2.48,-43.1177777777778));
#14078=CARTESIAN_POINT('Ctrl Pts',(18.5178935185185,-2.5,-43.4734953703704));
#14079=CARTESIAN_POINT('Ctrl Pts',(18.5178935185185,-2.48,-43.4734953703704));
#14080=CARTESIAN_POINT('Ctrl Pts',(19.0059027777778,-2.5,-43.7263194444444));
#14081=CARTESIAN_POINT('Ctrl Pts',(19.0059027777778,-2.48,-43.7263194444444));
#14082=CARTESIAN_POINT('Ctrl Pts',(19.493912037037,-2.5,-43.9791435185185));
#14083=CARTESIAN_POINT('Ctrl Pts',(19.493912037037,-2.48,-43.9791435185185));
#14084=CARTESIAN_POINT('Ctrl Pts',(20.0612962962963,-2.5,-44.1055555555555));
#14085=CARTESIAN_POINT('Ctrl Pts',(20.0612962962963,-2.48,-44.1055555555555));
#14086=CARTESIAN_POINT('Ctrl Pts',(20.7080555555556,-2.5,-44.1055555555555));
#14087=CARTESIAN_POINT('Ctrl Pts',(20.7080555555556,-2.48,-44.1055555555555));
#14088=CARTESIAN_POINT('Ctrl Pts',(21.2960185185185,-2.5,-44.1055555555556));
#14089=CARTESIAN_POINT('Ctrl Pts',(21.2960185185185,-2.48,-44.1055555555556));
#14090=CARTESIAN_POINT('Ctrl Pts',(21.7516898148148,-2.5,-43.9997222222222));
#14091=CARTESIAN_POINT('Ctrl Pts',(21.7516898148148,-2.48,-43.9997222222222));
#14092=CARTESIAN_POINT('Ctrl Pts',(22.0750694444444,-2.5,-43.7880555555556));
#14093=CARTESIAN_POINT('Ctrl Pts',(22.0750694444444,-2.48,-43.7880555555556));
#14094=CARTESIAN_POINT('Ctrl Pts',(22.3984490740741,-2.5,-43.5763888888889));
#14095=CARTESIAN_POINT('Ctrl Pts',(22.3984490740741,-2.48,-43.5763888888889));
#14096=CARTESIAN_POINT('Ctrl Pts',(22.5601388888889,-2.5,-43.2824074074074));
#14097=CARTESIAN_POINT('Ctrl Pts',(22.5601388888889,-2.48,-43.2824074074074));
#14098=CARTESIAN_POINT('Ctrl Pts',(22.5601388888889,-2.5,-42.9061111111111));
#14099=CARTESIAN_POINT('Ctrl Pts',(22.5601388888889,-2.48,-42.9061111111111));
#14100=CARTESIAN_POINT('Ctrl Pts',(22.5601388888889,-2.5,-42.5650925925926));
#14101=CARTESIAN_POINT('Ctrl Pts',(22.5601388888889,-2.48,-42.5650925925926));
#14102=CARTESIAN_POINT('Ctrl Pts',(22.4543055555555,-2.5,-42.28875));
#14103=CARTESIAN_POINT('Ctrl Pts',(22.4543055555555,-2.48,-42.28875));
#14104=CARTESIAN_POINT('Ctrl Pts',(22.2426388888889,-2.5,-42.0770833333333));
#14105=CARTESIAN_POINT('Ctrl Pts',(22.2426388888889,-2.48,-42.0770833333333));
#14106=CARTESIAN_POINT('Ctrl Pts',(22.0309722222222,-2.5,-41.8654166666666));
#14107=CARTESIAN_POINT('Ctrl Pts',(22.0309722222222,-2.48,-41.8654166666666));
#14108=CARTESIAN_POINT('Ctrl Pts',(21.7516898148148,-2.5,-41.6831481481481));
#14109=CARTESIAN_POINT('Ctrl Pts',(21.7516898148148,-2.48,-41.6831481481481));
#14110=CARTESIAN_POINT('Ctrl Pts',(21.4047916666666,-2.5,-41.5302777777778));
#14111=CARTESIAN_POINT('Ctrl Pts',(21.4047916666666,-2.48,-41.5302777777778));
#14112=CARTESIAN_POINT('Ctrl Pts',(21.0578935185185,-2.5,-41.3774074074074));
#14113=CARTESIAN_POINT('Ctrl Pts',(21.0578935185185,-2.48,-41.3774074074074));
#14114=CARTESIAN_POINT('Ctrl Pts',(20.6757175925926,-2.5,-41.2304166666667));
#14115=CARTESIAN_POINT('Ctrl Pts',(20.6757175925926,-2.48,-41.2304166666667));
#14116=CARTESIAN_POINT('Ctrl Pts',(20.2582638888888,-2.5,-41.0893055555555));
#14117=CARTESIAN_POINT('Ctrl Pts',(20.2582638888888,-2.48,-41.0893055555555));
#14118=CARTESIAN_POINT('Ctrl Pts',(19.8408101851851,-2.5,-40.9481944444444));
#14119=CARTESIAN_POINT('Ctrl Pts',(19.8408101851851,-2.48,-40.9481944444444));
#14120=CARTESIAN_POINT('Ctrl Pts',(19.4262962962963,-2.5,-40.7865046296296));
#14121=CARTESIAN_POINT('Ctrl Pts',(19.4262962962963,-2.48,-40.7865046296296));
#14122=CARTESIAN_POINT('Ctrl Pts',(19.0147222222222,-2.5,-40.6042361111111));
#14123=CARTESIAN_POINT('Ctrl Pts',(19.0147222222222,-2.48,-40.6042361111111));
#14124=CARTESIAN_POINT('Ctrl Pts',(18.6031481481481,-2.5,-40.4219675925926));
#14125=CARTESIAN_POINT('Ctrl Pts',(18.6031481481481,-2.48,-40.4219675925926));
#14126=CARTESIAN_POINT('Ctrl Pts',(18.223912037037,-2.5,-40.192662037037));
#14127=CARTESIAN_POINT('Ctrl Pts',(18.223912037037,-2.48,-40.192662037037));
#14128=CARTESIAN_POINT('Ctrl Pts',(17.8770138888889,-2.5,-39.9163194444444));
#14129=CARTESIAN_POINT('Ctrl Pts',(17.8770138888889,-2.48,-39.9163194444444));
#14130=CARTESIAN_POINT('Ctrl Pts',(17.5301157407407,-2.5,-39.6399768518518));
#14131=CARTESIAN_POINT('Ctrl Pts',(17.5301157407407,-2.48,-39.6399768518518));
#14132=CARTESIAN_POINT('Ctrl Pts',(17.2508333333333,-2.5,-39.2930787037037));
#14133=CARTESIAN_POINT('Ctrl Pts',(17.2508333333333,-2.48,-39.2930787037037));
#14134=CARTESIAN_POINT('Ctrl Pts',(17.0391666666666,-2.5,-38.875625));
#14135=CARTESIAN_POINT('Ctrl Pts',(17.0391666666666,-2.48,-38.875625));
#14136=CARTESIAN_POINT('Ctrl Pts',(16.8275,-2.5,-38.4581712962963));
#14137=CARTESIAN_POINT('Ctrl Pts',(16.8275,-2.48,-38.4581712962963));
#14138=CARTESIAN_POINT('Ctrl Pts',(16.7216666666667,-2.5,-37.9319444444444));
#14139=CARTESIAN_POINT('Ctrl Pts',(16.7216666666667,-2.48,-37.9319444444444));
#14140=CARTESIAN_POINT('Ctrl Pts',(16.7216666666667,-2.5,-37.2969444444444));
#14141=CARTESIAN_POINT('Ctrl Pts',(16.7216666666667,-2.48,-37.2969444444444));
#14142=CARTESIAN_POINT('Ctrl Pts',(16.7216666666667,-2.5,-36.5325925925925));
#14143=CARTESIAN_POINT('Ctrl Pts',(16.7216666666667,-2.48,-36.5325925925925));
#14144=CARTESIAN_POINT('Ctrl Pts',(16.906875,-2.5,-35.8740740740741));
#14145=CARTESIAN_POINT('Ctrl Pts',(16.906875,-2.48,-35.8740740740741));
#14146=CARTESIAN_POINT('Ctrl Pts',(17.2772916666666,-2.5,-35.3213888888889));
#14147=CARTESIAN_POINT('Ctrl Pts',(17.2772916666666,-2.48,-35.3213888888889));
#14148=CARTESIAN_POINT('Ctrl Pts',(17.6477083333333,-2.5,-34.7687037037037));
#14149=CARTESIAN_POINT('Ctrl Pts',(17.6477083333333,-2.48,-34.7687037037037));
#14150=CARTESIAN_POINT('Ctrl Pts',(18.1621759259259,-2.5,-34.3483101851852));
#14151=CARTESIAN_POINT('Ctrl Pts',(18.1621759259259,-2.48,-34.3483101851852));
#14152=CARTESIAN_POINT('Ctrl Pts',(18.8206944444444,-2.5,-34.0602083333333));
#14153=CARTESIAN_POINT('Ctrl Pts',(18.8206944444444,-2.48,-34.0602083333333));
#14154=CARTESIAN_POINT('Ctrl Pts',(19.4792129629629,-2.5,-33.7721064814815));
#14155=CARTESIAN_POINT('Ctrl Pts',(19.4792129629629,-2.48,-33.7721064814815));
#14156=CARTESIAN_POINT('Ctrl Pts',(20.2376851851852,-2.5,-33.6280555555555));
#14157=CARTESIAN_POINT('Ctrl Pts',(20.2376851851852,-2.48,-33.6280555555555));
#14158=CARTESIAN_POINT('Ctrl Pts',(21.0961111111111,-2.5,-33.6280555555555));
#14159=CARTESIAN_POINT('Ctrl Pts',(21.0961111111111,-2.48,-33.6280555555555));
#14160=CARTESIAN_POINT('Ctrl Pts',(21.9662962962963,-2.5,-33.6280555555555));
#14161=CARTESIAN_POINT('Ctrl Pts',(21.9662962962963,-2.48,-33.6280555555555));
#14162=CARTESIAN_POINT('Ctrl Pts',(22.7629861111111,-2.5,-33.7809259259259));
#14163=CARTESIAN_POINT('Ctrl Pts',(22.7629861111111,-2.48,-33.7809259259259));
#14164=CARTESIAN_POINT('Ctrl Pts',(23.4861805555555,-2.5,-34.0866666666667));
#14165=CARTESIAN_POINT('Ctrl Pts',(23.4861805555555,-2.48,-34.0866666666667));
#14166=CARTESIAN_POINT('Ctrl Pts',(24.2093749999999,-2.5,-34.3924074074074));
#14167=CARTESIAN_POINT('Ctrl Pts',(24.2093749999999,-2.48,-34.3924074074074));
#14168=CARTESIAN_POINT('Ctrl Pts',(24.8061574074074,-2.5,-34.8098611111111));
#14169=CARTESIAN_POINT('Ctrl Pts',(24.8061574074074,-2.48,-34.8098611111111));
#14170=CARTESIAN_POINT('Ctrl Pts',(25.2765277777777,-2.5,-35.3390277777778));
#14171=CARTESIAN_POINT('Ctrl Pts',(25.2765277777777,-2.48,-35.3390277777778));
#14172=CARTESIAN_POINT('',(17.6741666666667,-2.48,-42.6591666666667));
#14173=CARTESIAN_POINT('',(17.6741666666667,-2.5,-42.6591666666667));
#14174=CARTESIAN_POINT('Ctrl Pts',(17.6741666666667,-2.48,-42.6591666666667));
#14175=CARTESIAN_POINT('Ctrl Pts',(18.0739814814815,-2.48,-43.1177777777778));
#14176=CARTESIAN_POINT('Ctrl Pts',(18.5178935185185,-2.48,-43.4734953703704));
#14177=CARTESIAN_POINT('Ctrl Pts',(19.0059027777778,-2.48,-43.7263194444444));
#14178=CARTESIAN_POINT('Ctrl Pts',(19.493912037037,-2.48,-43.9791435185185));
#14179=CARTESIAN_POINT('Ctrl Pts',(20.0612962962963,-2.48,-44.1055555555555));
#14180=CARTESIAN_POINT('Ctrl Pts',(20.7080555555556,-2.48,-44.1055555555555));
#14181=CARTESIAN_POINT('Ctrl Pts',(21.2960185185185,-2.48,-44.1055555555556));
#14182=CARTESIAN_POINT('Ctrl Pts',(21.7516898148148,-2.48,-43.9997222222222));
#14183=CARTESIAN_POINT('Ctrl Pts',(22.0750694444444,-2.48,-43.7880555555556));
#14184=CARTESIAN_POINT('Ctrl Pts',(22.3984490740741,-2.48,-43.5763888888889));
#14185=CARTESIAN_POINT('Ctrl Pts',(22.5601388888889,-2.48,-43.2824074074074));
#14186=CARTESIAN_POINT('Ctrl Pts',(22.5601388888889,-2.48,-42.9061111111111));
#14187=CARTESIAN_POINT('Ctrl Pts',(22.5601388888889,-2.48,-42.5650925925926));
#14188=CARTESIAN_POINT('Ctrl Pts',(22.4543055555555,-2.48,-42.28875));
#14189=CARTESIAN_POINT('Ctrl Pts',(22.2426388888889,-2.48,-42.0770833333333));
#14190=CARTESIAN_POINT('Ctrl Pts',(22.0309722222222,-2.48,-41.8654166666666));
#14191=CARTESIAN_POINT('Ctrl Pts',(21.7516898148148,-2.48,-41.6831481481481));
#14192=CARTESIAN_POINT('Ctrl Pts',(21.4047916666666,-2.48,-41.5302777777778));
#14193=CARTESIAN_POINT('Ctrl Pts',(21.0578935185185,-2.48,-41.3774074074074));
#14194=CARTESIAN_POINT('Ctrl Pts',(20.6757175925926,-2.48,-41.2304166666667));
#14195=CARTESIAN_POINT('Ctrl Pts',(20.2582638888888,-2.48,-41.0893055555555));
#14196=CARTESIAN_POINT('Ctrl Pts',(19.8408101851851,-2.48,-40.9481944444444));
#14197=CARTESIAN_POINT('Ctrl Pts',(19.4262962962963,-2.48,-40.7865046296296));
#14198=CARTESIAN_POINT('Ctrl Pts',(19.0147222222222,-2.48,-40.6042361111111));
#14199=CARTESIAN_POINT('Ctrl Pts',(18.6031481481481,-2.48,-40.4219675925926));
#14200=CARTESIAN_POINT('Ctrl Pts',(18.223912037037,-2.48,-40.192662037037));
#14201=CARTESIAN_POINT('Ctrl Pts',(17.8770138888889,-2.48,-39.9163194444444));
#14202=CARTESIAN_POINT('Ctrl Pts',(17.5301157407407,-2.48,-39.6399768518518));
#14203=CARTESIAN_POINT('Ctrl Pts',(17.2508333333333,-2.48,-39.2930787037037));
#14204=CARTESIAN_POINT('Ctrl Pts',(17.0391666666666,-2.48,-38.875625));
#14205=CARTESIAN_POINT('Ctrl Pts',(16.8275,-2.48,-38.4581712962963));
#14206=CARTESIAN_POINT('Ctrl Pts',(16.7216666666667,-2.48,-37.9319444444444));
#14207=CARTESIAN_POINT('Ctrl Pts',(16.7216666666667,-2.48,-37.2969444444444));
#14208=CARTESIAN_POINT('Ctrl Pts',(16.7216666666667,-2.48,-36.5325925925925));
#14209=CARTESIAN_POINT('Ctrl Pts',(16.906875,-2.48,-35.8740740740741));
#14210=CARTESIAN_POINT('Ctrl Pts',(17.2772916666666,-2.48,-35.3213888888889));
#14211=CARTESIAN_POINT('Ctrl Pts',(17.6477083333333,-2.48,-34.7687037037037));
#14212=CARTESIAN_POINT('Ctrl Pts',(18.1621759259259,-2.48,-34.3483101851852));
#14213=CARTESIAN_POINT('Ctrl Pts',(18.8206944444444,-2.48,-34.0602083333333));
#14214=CARTESIAN_POINT('Ctrl Pts',(19.4792129629629,-2.48,-33.7721064814815));
#14215=CARTESIAN_POINT('Ctrl Pts',(20.2376851851852,-2.48,-33.6280555555555));
#14216=CARTESIAN_POINT('Ctrl Pts',(21.0961111111111,-2.48,-33.6280555555555));
#14217=CARTESIAN_POINT('Ctrl Pts',(21.9662962962963,-2.48,-33.6280555555555));
#14218=CARTESIAN_POINT('Ctrl Pts',(22.7629861111111,-2.48,-33.7809259259259));
#14219=CARTESIAN_POINT('Ctrl Pts',(23.4861805555555,-2.48,-34.0866666666667));
#14220=CARTESIAN_POINT('Ctrl Pts',(24.2093749999999,-2.48,-34.3924074074074));
#14221=CARTESIAN_POINT('Ctrl Pts',(24.8061574074074,-2.48,-34.8098611111111));
#14222=CARTESIAN_POINT('Ctrl Pts',(25.2765277777777,-2.48,-35.3390277777778));
#14223=CARTESIAN_POINT('Origin',(15.875,-2.5,-44.4406944444444));
#14224=CARTESIAN_POINT('',(17.6741666666667,-2.48,-42.6591666666667));
#14225=CARTESIAN_POINT('Origin',(20.5934027777777,-2.48,-40.0486111111111));
#14226=CARTESIAN_POINT('Origin',(-28.09875,-2.5,-40.5954166666667));
#14227=CARTESIAN_POINT('',(-28.09875,-2.48,-40.5954166666667));
#14228=CARTESIAN_POINT('',(-28.09875,-2.5,-40.5954166666667));
#14229=CARTESIAN_POINT('',(-21.8545833333334,-2.48,-40.5954166666667));
#14230=CARTESIAN_POINT('',(-21.8545833333334,-2.48,-40.5954166666667));
#14231=CARTESIAN_POINT('',(-21.8545833333334,-2.5,-40.5954166666667));
#14232=CARTESIAN_POINT('Origin',(-28.09875,-2.5,-42.9590277777777));
#14233=CARTESIAN_POINT('',(-28.09875,-2.48,-42.9590277777777));
#14234=CARTESIAN_POINT('',(-28.09875,-2.5,-42.9590277777777));
#14235=CARTESIAN_POINT('',(-28.09875,-2.48,-40.5954166666667));
#14236=CARTESIAN_POINT('Origin',(-21.8545833333334,-2.5,-42.9590277777777));
#14237=CARTESIAN_POINT('',(-21.8545833333334,-2.48,-42.9590277777777));
#14238=CARTESIAN_POINT('',(-21.8545833333334,-2.5,-42.9590277777777));
#14239=CARTESIAN_POINT('',(-28.09875,-2.48,-42.9590277777777));
#14240=CARTESIAN_POINT('Origin',(-21.8545833333334,-2.5,-40.5954166666667));
#14241=CARTESIAN_POINT('',(-21.8545833333334,-2.48,-42.9590277777777));
#14242=CARTESIAN_POINT('Origin',(-24.9766666666667,-2.48,-41.7772222222222));
#14243=CARTESIAN_POINT('Origin',(22.6395138888889,-2.5,-24.4029166666667));
#14244=CARTESIAN_POINT('',(22.6395138888889,-2.48,-24.4029166666667));
#14245=CARTESIAN_POINT('',(22.6395138888889,-2.5,-24.4029166666667));
#14246=CARTESIAN_POINT('',(22.6395138888889,-2.48,-11.9498611111111));
#14247=CARTESIAN_POINT('',(22.6395138888889,-2.48,-11.9498611111111));
#14248=CARTESIAN_POINT('',(22.6395138888889,-2.5,-11.9498611111111));
#14249=CARTESIAN_POINT('Origin',(25.4088194444444,-2.5,-24.4029166666667));
#14250=CARTESIAN_POINT('',(25.4088194444444,-2.48,-24.4029166666667));
#14251=CARTESIAN_POINT('',(25.4088194444444,-2.5,-24.4029166666667));
#14252=CARTESIAN_POINT('',(22.6395138888889,-2.48,-24.4029166666667));
#14253=CARTESIAN_POINT('Origin',(25.4088194444444,-2.5,-19.1994444444444));
#14254=CARTESIAN_POINT('',(25.4088194444444,-2.48,-19.1994444444444));
#14255=CARTESIAN_POINT('',(25.4088194444444,-2.5,-19.1994444444444));
#14256=CARTESIAN_POINT('',(25.4088194444444,-2.48,-24.4029166666667));
#14257=CARTESIAN_POINT('Origin',(30.3477083333333,-2.5,-19.1994444444444));
#14258=CARTESIAN_POINT('',(30.3477083333333,-2.48,-19.1994444444444));
#14259=CARTESIAN_POINT('',(30.3477083333333,-2.5,-19.1994444444444));
#14260=CARTESIAN_POINT('',(25.4088194444444,-2.48,-19.1994444444444));
#14261=CARTESIAN_POINT('Origin',(30.3477083333333,-2.5,-24.4029166666667));
#14262=CARTESIAN_POINT('',(30.3477083333333,-2.48,-24.4029166666667));
#14263=CARTESIAN_POINT('',(30.3477083333333,-2.5,-24.4029166666667));
#14264=CARTESIAN_POINT('',(30.3477083333333,-2.48,-19.1994444444444));
#14265=CARTESIAN_POINT('Origin',(33.1346527777778,-2.5,-24.4029166666667));
#14266=CARTESIAN_POINT('',(33.1346527777778,-2.48,-24.4029166666667));
#14267=CARTESIAN_POINT('',(33.1346527777778,-2.5,-24.4029166666667));
#14268=CARTESIAN_POINT('',(30.3477083333333,-2.48,-24.4029166666667));
#14269=CARTESIAN_POINT('Origin',(33.1346527777778,-2.5,-11.9498611111111));
#14270=CARTESIAN_POINT('',(33.1346527777778,-2.48,-11.9498611111111));
#14271=CARTESIAN_POINT('',(33.1346527777778,-2.5,-11.9498611111111));
#14272=CARTESIAN_POINT('',(33.1346527777778,-2.48,-24.4029166666667));
#14273=CARTESIAN_POINT('Origin',(30.3477083333333,-2.5,-11.9498611111111));
#14274=CARTESIAN_POINT('',(30.3477083333333,-2.48,-11.9498611111111));
#14275=CARTESIAN_POINT('',(30.3477083333333,-2.5,-11.9498611111111));
#14276=CARTESIAN_POINT('',(33.1346527777778,-2.48,-11.9498611111111));
#14277=CARTESIAN_POINT('Origin',(30.3477083333333,-2.5,-16.8005555555555));
#14278=CARTESIAN_POINT('',(30.3477083333333,-2.48,-16.8005555555555));
#14279=CARTESIAN_POINT('',(30.3477083333333,-2.5,-16.8005555555555));
#14280=CARTESIAN_POINT('',(30.3477083333333,-2.48,-11.9498611111111));
#14281=CARTESIAN_POINT('Origin',(25.4088194444444,-2.5,-16.8005555555555));
#14282=CARTESIAN_POINT('',(25.4088194444444,-2.48,-16.8005555555555));
#14283=CARTESIAN_POINT('',(25.4088194444444,-2.5,-16.8005555555555));
#14284=CARTESIAN_POINT('',(30.3477083333333,-2.48,-16.8005555555555));
#14285=CARTESIAN_POINT('Origin',(25.4088194444444,-2.5,-11.9498611111111));
#14286=CARTESIAN_POINT('',(25.4088194444444,-2.48,-11.9498611111111));
#14287=CARTESIAN_POINT('',(25.4088194444444,-2.5,-11.9498611111111));
#14288=CARTESIAN_POINT('',(25.4088194444444,-2.48,-16.8005555555555));
#14289=CARTESIAN_POINT('Origin',(22.6395138888889,-2.5,-11.9498611111111));
#14290=CARTESIAN_POINT('',(25.4088194444444,-2.48,-11.9498611111111));
#14291=CARTESIAN_POINT('Origin',(27.8870833333333,-2.48,-18.1763888888889));
#14292=CARTESIAN_POINT('Origin',(-18.7390608062331,-2.5,-19.7465188855013));
#14293=CARTESIAN_POINT('',(-18.7390608062331,-2.48,-19.7465188855013));
#14294=CARTESIAN_POINT('',(-18.7390608062331,-2.5,-19.7465188855013));
#14295=CARTESIAN_POINT('',(-16.4129861111111,-2.48,-11.9498611111111));
#14296=CARTESIAN_POINT('',(-16.4129861111111,-2.48,-11.9498611111111));
#14297=CARTESIAN_POINT('',(-16.4129861111111,-2.5,-11.9498611111111));
#14298=CARTESIAN_POINT('Origin',(-21.1225694444445,-2.5,-11.9498611111111));
#14299=CARTESIAN_POINT('',(-21.1225694444445,-2.48,-11.9498611111111));
#14300=CARTESIAN_POINT('',(-21.1225694444445,-2.5,-11.9498611111111));
#14301=CARTESIAN_POINT('',(-18.7390608062331,-2.48,-19.7465188855013));
#14302=CARTESIAN_POINT('Origin',(-23.8742361111111,-2.5,-11.9498611111111));
#14303=CARTESIAN_POINT('',(-23.8742361111111,-2.48,-11.9498611111111));
#14304=CARTESIAN_POINT('',(-23.8742361111111,-2.5,-11.9498611111111));
#14305=CARTESIAN_POINT('',(-21.1225694444445,-2.48,-11.9498611111111));
#14306=CARTESIAN_POINT('Origin',(-19.8702083333334,-2.5,-24.4029166666667));
#14307=CARTESIAN_POINT('',(-19.8702083333334,-2.48,-24.4029166666667));
#14308=CARTESIAN_POINT('',(-19.8702083333334,-2.5,-24.4029166666667));
#14309=CARTESIAN_POINT('',(-23.8742361111111,-2.48,-11.9498611111111));
#14310=CARTESIAN_POINT('Origin',(-17.700625,-2.5,-24.4029166666667));
#14311=CARTESIAN_POINT('',(-17.700625,-2.48,-24.4029166666667));
#14312=CARTESIAN_POINT('',(-17.700625,-2.5,-24.4029166666667));
#14313=CARTESIAN_POINT('',(-19.8702083333334,-2.48,-24.4029166666667));
#14314=CARTESIAN_POINT('Origin',(-15.3370138888889,-2.5,-16.5290465235174));
#14315=CARTESIAN_POINT('',(-15.3370138888889,-2.48,-16.5290465235174));
#14316=CARTESIAN_POINT('',(-15.3370138888889,-2.5,-16.5290465235174));
#14317=CARTESIAN_POINT('',(-17.700625,-2.48,-24.4029166666667));
#14318=CARTESIAN_POINT('Origin',(-12.9734027777778,-2.5,-24.4029166666667));
#14319=CARTESIAN_POINT('',(-12.9734027777778,-2.48,-24.4029166666667));
#14320=CARTESIAN_POINT('',(-12.9734027777778,-2.5,-24.4029166666667));
#14321=CARTESIAN_POINT('',(-15.3370138888889,-2.48,-16.5290465235174));
#14322=CARTESIAN_POINT('Origin',(-10.8038194444445,-2.5,-24.4029166666667));
#14323=CARTESIAN_POINT('',(-10.8038194444445,-2.48,-24.4029166666667));
#14324=CARTESIAN_POINT('',(-10.8038194444445,-2.5,-24.4029166666667));
#14325=CARTESIAN_POINT('',(-12.9734027777778,-2.48,-24.4029166666667));
#14326=CARTESIAN_POINT('Origin',(-6.79979166666669,-2.5,-11.9498611111111));
#14327=CARTESIAN_POINT('',(-6.79979166666669,-2.48,-11.9498611111111));
#14328=CARTESIAN_POINT('',(-6.79979166666669,-2.5,-11.9498611111111));
#14329=CARTESIAN_POINT('',(-10.8038194444445,-2.48,-24.4029166666667));
#14330=CARTESIAN_POINT('Origin',(-9.53381944444445,-2.5,-11.9498611111111));
#14331=CARTESIAN_POINT('',(-9.53381944444445,-2.48,-11.9498611111111));
#14332=CARTESIAN_POINT('',(-9.53381944444445,-2.5,-11.9498611111111));
#14333=CARTESIAN_POINT('',(-6.79979166666669,-2.48,-11.9498611111111));
#14334=CARTESIAN_POINT('Origin',(-11.9102147043833,-2.5,-19.7703618756371));
#14335=CARTESIAN_POINT('',(-11.9102147043833,-2.48,-19.7703618756371));
#14336=CARTESIAN_POINT('',(-11.9102147043833,-2.5,-19.7703618756371));
#14337=CARTESIAN_POINT('',(-9.53381944444445,-2.48,-11.9498611111111));
#14338=CARTESIAN_POINT('Origin',(-14.2434027777778,-2.5,-11.9498611111111));
#14339=CARTESIAN_POINT('',(-14.2434027777778,-2.48,-11.9498611111111));
#14340=CARTESIAN_POINT('',(-14.2434027777778,-2.5,-11.9498611111111));
#14341=CARTESIAN_POINT('',(-11.9102147043833,-2.48,-19.7703618756371));
#14342=CARTESIAN_POINT('Origin',(-16.4129861111111,-2.5,-11.9498611111111));
#14343=CARTESIAN_POINT('',(-14.2434027777778,-2.48,-11.9498611111111));
#14344=CARTESIAN_POINT('Origin',(-15.3370138888889,-2.48,-18.1763888888889));
#14345=CARTESIAN_POINT('Origin',(5.31812499999997,-2.5,7.50583333333335));
#14346=CARTESIAN_POINT('',(5.31812499999997,-2.48,7.50583333333335));
#14347=CARTESIAN_POINT('',(5.31812499999997,-2.5,7.50583333333335));
#14348=CARTESIAN_POINT('',(5.31812499999997,-2.48,-2.53069444444442));
#14349=CARTESIAN_POINT('',(5.31812499999997,-2.48,-2.53069444444442));
#14350=CARTESIAN_POINT('',(5.31812499999997,-2.5,-2.53069444444442));
#14351=CARTESIAN_POINT('Origin',(9.21631944444439,-2.5,7.50583333333335));
#14352=CARTESIAN_POINT('',(9.21631944444439,-2.48,7.50583333333335));
#14353=CARTESIAN_POINT('',(9.21631944444439,-2.5,7.50583333333335));
#14354=CARTESIAN_POINT('',(5.31812499999997,-2.48,7.50583333333335));
#14355=CARTESIAN_POINT('Origin',(9.21631944444439,-2.5,9.92236111111113));
#14356=CARTESIAN_POINT('',(9.21631944444439,-2.48,9.92236111111113));
#14357=CARTESIAN_POINT('',(9.21631944444439,-2.5,9.92236111111113));
#14358=CARTESIAN_POINT('',(9.21631944444439,-2.48,7.50583333333335));
#14359=CARTESIAN_POINT('Origin',(-1.34937500000003,-2.5,9.92236111111113));
#14360=CARTESIAN_POINT('',(-1.34937500000003,-2.48,9.92236111111113));
#14361=CARTESIAN_POINT('',(-1.34937500000003,-2.5,9.92236111111113));
#14362=CARTESIAN_POINT('',(9.21631944444439,-2.48,9.92236111111113));
#14363=CARTESIAN_POINT('Origin',(-1.34937500000003,-2.5,7.50583333333335));
#14364=CARTESIAN_POINT('',(-1.34937500000003,-2.48,7.50583333333335));
#14365=CARTESIAN_POINT('',(-1.34937500000003,-2.5,7.50583333333335));
#14366=CARTESIAN_POINT('',(-1.34937500000003,-2.48,9.92236111111113));
#14367=CARTESIAN_POINT('Origin',(2.54881944444442,-2.5,7.50583333333335));
#14368=CARTESIAN_POINT('',(2.54881944444442,-2.48,7.50583333333335));
#14369=CARTESIAN_POINT('',(2.54881944444442,-2.5,7.50583333333335));
#14370=CARTESIAN_POINT('',(-1.34937500000003,-2.48,7.50583333333335));
#14371=CARTESIAN_POINT('Origin',(2.54881944444442,-2.5,-2.53069444444442));
#14372=CARTESIAN_POINT('',(2.54881944444442,-2.48,-2.53069444444442));
#14373=CARTESIAN_POINT('',(2.54881944444442,-2.5,-2.53069444444442));
#14374=CARTESIAN_POINT('',(2.54881944444442,-2.48,7.50583333333335));
#14375=CARTESIAN_POINT('Origin',(5.31812499999997,-2.5,-2.53069444444442));
#14376=CARTESIAN_POINT('',(2.54881944444442,-2.48,-2.53069444444442));
#14377=CARTESIAN_POINT('Origin',(3.93347222222218,-2.48,3.69583333333336));
#14378=CARTESIAN_POINT('Ctrl Pts',(-13.4672916666667,-2.5,2.35527777777781));
#14379=CARTESIAN_POINT('Ctrl Pts',(-13.4672916666667,-2.48,2.35527777777781));
#14380=CARTESIAN_POINT('Ctrl Pts',(-13.4672916666667,-2.5,1.36750000000001));
#14381=CARTESIAN_POINT('Ctrl Pts',(-13.4672916666667,-2.48,1.36750000000001));
#14382=CARTESIAN_POINT('Ctrl Pts',(-13.684837962963,-2.5,0.491435185185214));
#14383=CARTESIAN_POINT('Ctrl Pts',(-13.684837962963,-2.48,0.491435185185214));
#14384=CARTESIAN_POINT('Ctrl Pts',(-14.1199305555556,-2.5,-0.272916666666649));
#14385=CARTESIAN_POINT('Ctrl Pts',(-14.1199305555556,-2.48,-0.272916666666649));
#14386=CARTESIAN_POINT('Ctrl Pts',(-14.5550231481482,-2.5,-1.03726851851849));
#14387=CARTESIAN_POINT('Ctrl Pts',(-14.5550231481482,-2.48,-1.03726851851849));
#14388=CARTESIAN_POINT('Ctrl Pts',(-15.160625,-2.5,-1.63699074074072));
#14389=CARTESIAN_POINT('Ctrl Pts',(-15.160625,-2.48,-1.63699074074072));
#14390=CARTESIAN_POINT('Ctrl Pts',(-15.9367361111111,-2.5,-2.07208333333332));
#14391=CARTESIAN_POINT('Ctrl Pts',(-15.9367361111111,-2.48,-2.07208333333332));
#14392=CARTESIAN_POINT('Ctrl Pts',(-16.7128472222222,-2.5,-2.50717592592594));
#14393=CARTESIAN_POINT('Ctrl Pts',(-16.7128472222222,-2.48,-2.50717592592594));
#14394=CARTESIAN_POINT('Ctrl Pts',(-17.6124305555556,-2.5,-2.7247222222222));
#14395=CARTESIAN_POINT('Ctrl Pts',(-17.6124305555556,-2.48,-2.7247222222222));
#14396=CARTESIAN_POINT('Ctrl Pts',(-18.6354861111111,-2.5,-2.7247222222222));
#14397=CARTESIAN_POINT('Ctrl Pts',(-18.6354861111111,-2.48,-2.7247222222222));
#14398=CARTESIAN_POINT('',(-13.4672916666667,-2.48,2.35527777777781));
#14399=CARTESIAN_POINT('',(-13.4672916666667,-2.5,2.35527777777781));
#14400=CARTESIAN_POINT('',(-18.6354861111111,-2.48,-2.7247222222222));
#14401=CARTESIAN_POINT('Ctrl Pts',(-13.4672916666667,-2.48,2.35527777777781));
#14402=CARTESIAN_POINT('Ctrl Pts',(-13.4672916666667,-2.48,1.36750000000001));
#14403=CARTESIAN_POINT('Ctrl Pts',(-13.684837962963,-2.48,0.491435185185214));
#14404=CARTESIAN_POINT('Ctrl Pts',(-14.1199305555556,-2.48,-0.272916666666649));
#14405=CARTESIAN_POINT('Ctrl Pts',(-14.5550231481482,-2.48,-1.03726851851849));
#14406=CARTESIAN_POINT('Ctrl Pts',(-15.160625,-2.48,-1.63699074074072));
#14407=CARTESIAN_POINT('Ctrl Pts',(-15.9367361111111,-2.48,-2.07208333333332));
#14408=CARTESIAN_POINT('Ctrl Pts',(-16.7128472222222,-2.48,-2.50717592592594));
#14409=CARTESIAN_POINT('Ctrl Pts',(-17.6124305555556,-2.48,-2.7247222222222));
#14410=CARTESIAN_POINT('Ctrl Pts',(-18.6354861111111,-2.48,-2.7247222222222));
#14411=CARTESIAN_POINT('',(-18.6354861111111,-2.5,-2.7247222222222));
#14412=CARTESIAN_POINT('Origin',(-13.4672916666667,-2.5,9.92236111111113));
#14413=CARTESIAN_POINT('',(-13.4672916666667,-2.48,9.92236111111113));
#14414=CARTESIAN_POINT('',(-13.4672916666667,-2.5,9.92236111111113));
#14415=CARTESIAN_POINT('',(-13.4672916666667,-2.48,2.35527777777781));
#14416=CARTESIAN_POINT('Origin',(-16.2542361111111,-2.5,9.92236111111113));
#14417=CARTESIAN_POINT('',(-16.2542361111111,-2.48,9.92236111111113));
#14418=CARTESIAN_POINT('',(-16.2542361111111,-2.5,9.92236111111113));
#14419=CARTESIAN_POINT('',(-13.4672916666667,-2.48,9.92236111111113));
#14420=CARTESIAN_POINT('Origin',(-16.2542361111111,-2.5,2.1965277777778));
#14421=CARTESIAN_POINT('',(-16.2542361111111,-2.48,2.1965277777778));
#14422=CARTESIAN_POINT('',(-16.2542361111111,-2.5,2.1965277777778));
#14423=CARTESIAN_POINT('',(-16.2542361111111,-2.48,9.92236111111113));
#14424=CARTESIAN_POINT('Ctrl Pts',(-21.0520138888889,-2.5,2.21416666666668));
#14425=CARTESIAN_POINT('Ctrl Pts',(-21.0520138888889,-2.48,2.21416666666668));
#14426=CARTESIAN_POINT('Ctrl Pts',(-21.0520138888889,-2.5,1.7202777777778));
#14427=CARTESIAN_POINT('Ctrl Pts',(-21.0520138888889,-2.48,1.7202777777778));
#14428=CARTESIAN_POINT('Ctrl Pts',(-20.9461805555556,-2.5,1.29106481481484));
#14429=CARTESIAN_POINT('Ctrl Pts',(-20.9461805555556,-2.48,1.29106481481484));
#14430=CARTESIAN_POINT('Ctrl Pts',(-20.7345138888889,-2.5,0.92652777777781));
#14431=CARTESIAN_POINT('Ctrl Pts',(-20.7345138888889,-2.48,0.92652777777781));
#14432=CARTESIAN_POINT('Ctrl Pts',(-20.5228472222222,-2.5,0.561990740740761));
#14433=CARTESIAN_POINT('Ctrl Pts',(-20.5228472222222,-2.48,0.561990740740761));
#14434=CARTESIAN_POINT('Ctrl Pts',(-20.2318055555556,-2.5,0.282708333333357));
#14435=CARTESIAN_POINT('Ctrl Pts',(-20.2318055555556,-2.48,0.282708333333357));
#14436=CARTESIAN_POINT('Ctrl Pts',(-19.8613888888889,-2.5,0.0886805555555803));
#14437=CARTESIAN_POINT('Ctrl Pts',(-19.8613888888889,-2.48,0.0886805555555803));
#14438=CARTESIAN_POINT('Ctrl Pts',(-19.4909722222222,-2.5,-0.105347222222196));
#14439=CARTESIAN_POINT('Ctrl Pts',(-19.4909722222222,-2.48,-0.105347222222196));
#14440=CARTESIAN_POINT('Ctrl Pts',(-19.082337962963,-2.5,-0.202361111111085));
#14441=CARTESIAN_POINT('Ctrl Pts',(-19.082337962963,-2.48,-0.202361111111085));
#14442=CARTESIAN_POINT('Ctrl Pts',(-18.6354861111111,-2.5,-0.202361111111085));
#14443=CARTESIAN_POINT('Ctrl Pts',(-18.6354861111111,-2.48,-0.202361111111085));
#14444=CARTESIAN_POINT('Ctrl Pts',(-18.1651157407408,-2.5,-0.202361111111085));
#14445=CARTESIAN_POINT('Ctrl Pts',(-18.1651157407408,-2.48,-0.202361111111085));
#14446=CARTESIAN_POINT('Ctrl Pts',(-17.7535416666667,-2.5,-0.105347222222196));
#14447=CARTESIAN_POINT('Ctrl Pts',(-17.7535416666667,-2.48,-0.105347222222196));
#14448=CARTESIAN_POINT('Ctrl Pts',(-17.4007638888889,-2.5,0.0886805555555803));
#14449=CARTESIAN_POINT('Ctrl Pts',(-17.4007638888889,-2.48,0.0886805555555803));
#14450=CARTESIAN_POINT('Ctrl Pts',(-17.0479861111111,-2.5,0.282708333333357));
#14451=CARTESIAN_POINT('Ctrl Pts',(-17.0479861111111,-2.48,0.282708333333357));
#14452=CARTESIAN_POINT('Ctrl Pts',(-16.7687037037037,-2.5,0.559050925925959));
#14453=CARTESIAN_POINT('Ctrl Pts',(-16.7687037037037,-2.48,0.559050925925959));
#14454=CARTESIAN_POINT('Ctrl Pts',(-16.5629166666667,-2.5,0.917708333333351));
#14455=CARTESIAN_POINT('Ctrl Pts',(-16.5629166666667,-2.48,0.917708333333351));
#14456=CARTESIAN_POINT('Ctrl Pts',(-16.3571296296296,-2.5,1.27636574074074));
#14457=CARTESIAN_POINT('Ctrl Pts',(-16.3571296296296,-2.48,1.27636574074074));
#14458=CARTESIAN_POINT('Ctrl Pts',(-16.2542361111111,-2.5,1.70263888888892));
#14459=CARTESIAN_POINT('Ctrl Pts',(-16.2542361111111,-2.48,1.70263888888892));
#14460=CARTESIAN_POINT('Ctrl Pts',(-16.2542361111111,-2.5,2.1965277777778));
#14461=CARTESIAN_POINT('Ctrl Pts',(-16.2542361111111,-2.48,2.1965277777778));
#14462=CARTESIAN_POINT('',(-21.0520138888889,-2.48,2.2141666666667));
#14463=CARTESIAN_POINT('',(-21.0520138888889,-2.5,2.2141666666667));
#14464=CARTESIAN_POINT('Ctrl Pts',(-21.0520138888889,-2.48,2.21416666666668));
#14465=CARTESIAN_POINT('Ctrl Pts',(-21.0520138888889,-2.48,1.7202777777778));
#14466=CARTESIAN_POINT('Ctrl Pts',(-20.9461805555556,-2.48,1.29106481481484));
#14467=CARTESIAN_POINT('Ctrl Pts',(-20.7345138888889,-2.48,0.92652777777781));
#14468=CARTESIAN_POINT('Ctrl Pts',(-20.5228472222222,-2.48,0.561990740740761));
#14469=CARTESIAN_POINT('Ctrl Pts',(-20.2318055555556,-2.48,0.282708333333357));
#14470=CARTESIAN_POINT('Ctrl Pts',(-19.8613888888889,-2.48,0.0886805555555803));
#14471=CARTESIAN_POINT('Ctrl Pts',(-19.4909722222222,-2.48,-0.105347222222196));
#14472=CARTESIAN_POINT('Ctrl Pts',(-19.082337962963,-2.48,-0.202361111111085));
#14473=CARTESIAN_POINT('Ctrl Pts',(-18.6354861111111,-2.48,-0.202361111111085));
#14474=CARTESIAN_POINT('Ctrl Pts',(-18.1651157407408,-2.48,-0.202361111111085));
#14475=CARTESIAN_POINT('Ctrl Pts',(-17.7535416666667,-2.48,-0.105347222222196));
#14476=CARTESIAN_POINT('Ctrl Pts',(-17.4007638888889,-2.48,0.0886805555555803));
#14477=CARTESIAN_POINT('Ctrl Pts',(-17.0479861111111,-2.48,0.282708333333357));
#14478=CARTESIAN_POINT('Ctrl Pts',(-16.7687037037037,-2.48,0.559050925925959));
#14479=CARTESIAN_POINT('Ctrl Pts',(-16.5629166666667,-2.48,0.917708333333351));
#14480=CARTESIAN_POINT('Ctrl Pts',(-16.3571296296296,-2.48,1.27636574074074));
#14481=CARTESIAN_POINT('Ctrl Pts',(-16.2542361111111,-2.48,1.70263888888892));
#14482=CARTESIAN_POINT('Ctrl Pts',(-16.2542361111111,-2.48,2.1965277777778));
#14483=CARTESIAN_POINT('Origin',(-21.0520138888889,-2.5,9.92236111111113));
#14484=CARTESIAN_POINT('',(-21.0520138888889,-2.48,9.92236111111113));
#14485=CARTESIAN_POINT('',(-21.0520138888889,-2.5,9.92236111111113));
#14486=CARTESIAN_POINT('',(-21.0520138888889,-2.48,2.2141666666667));
#14487=CARTESIAN_POINT('Origin',(-23.8389583333333,-2.5,9.92236111111113));
#14488=CARTESIAN_POINT('',(-23.8389583333333,-2.48,9.92236111111113));
#14489=CARTESIAN_POINT('',(-23.8389583333333,-2.5,9.92236111111113));
#14490=CARTESIAN_POINT('',(-21.0520138888889,-2.48,9.92236111111113));
#14491=CARTESIAN_POINT('Origin',(-23.8389583333333,-2.5,2.37291666666669));
#14492=CARTESIAN_POINT('',(-23.8389583333333,-2.48,2.37291666666669));
#14493=CARTESIAN_POINT('',(-23.8389583333333,-2.5,2.37291666666669));
#14494=CARTESIAN_POINT('',(-23.8389583333333,-2.48,9.92236111111113));
#14495=CARTESIAN_POINT('Ctrl Pts',(-18.6354861111111,-2.5,-2.7247222222222));
#14496=CARTESIAN_POINT('Ctrl Pts',(-18.6354861111111,-2.48,-2.7247222222222));
#14497=CARTESIAN_POINT('Ctrl Pts',(-19.6585416666667,-2.5,-2.7247222222222));
#14498=CARTESIAN_POINT('Ctrl Pts',(-19.6585416666667,-2.48,-2.7247222222222));
#14499=CARTESIAN_POINT('Ctrl Pts',(-20.5610648148148,-2.5,-2.50717592592592));
#14500=CARTESIAN_POINT('Ctrl Pts',(-20.5610648148148,-2.48,-2.50717592592592));
#14501=CARTESIAN_POINT('Ctrl Pts',(-21.3430555555556,-2.5,-2.07208333333332));
#14502=CARTESIAN_POINT('Ctrl Pts',(-21.3430555555556,-2.48,-2.07208333333332));
#14503=CARTESIAN_POINT('Ctrl Pts',(-22.1250462962963,-2.5,-1.63699074074072));
#14504=CARTESIAN_POINT('Ctrl Pts',(-22.1250462962963,-2.48,-1.63699074074072));
#14505=CARTESIAN_POINT('Ctrl Pts',(-22.7365277777778,-2.5,-1.03432870370369));
#14506=CARTESIAN_POINT('Ctrl Pts',(-22.7365277777778,-2.48,-1.03432870370369));
#14507=CARTESIAN_POINT('Ctrl Pts',(-23.1775,-2.5,-0.264097222222208));
#14508=CARTESIAN_POINT('Ctrl Pts',(-23.1775,-2.48,-0.264097222222208));
#14509=CARTESIAN_POINT('Ctrl Pts',(-23.6184722222222,-2.5,0.506134259259294));
#14510=CARTESIAN_POINT('Ctrl Pts',(-23.6184722222222,-2.48,0.506134259259294));
#14511=CARTESIAN_POINT('Ctrl Pts',(-23.8389583333333,-2.5,1.38513888888891));
#14512=CARTESIAN_POINT('Ctrl Pts',(-23.8389583333333,-2.48,1.38513888888891));
#14513=CARTESIAN_POINT('Ctrl Pts',(-23.8389583333333,-2.5,2.37291666666669));
#14514=CARTESIAN_POINT('Ctrl Pts',(-23.8389583333333,-2.48,2.37291666666669));
#14515=CARTESIAN_POINT('Ctrl Pts',(-18.6354861111111,-2.48,-2.7247222222222));
#14516=CARTESIAN_POINT('Ctrl Pts',(-19.6585416666667,-2.48,-2.7247222222222));
#14517=CARTESIAN_POINT('Ctrl Pts',(-20.5610648148148,-2.48,-2.50717592592592));
#14518=CARTESIAN_POINT('Ctrl Pts',(-21.3430555555556,-2.48,-2.07208333333332));
#14519=CARTESIAN_POINT('Ctrl Pts',(-22.1250462962963,-2.48,-1.63699074074072));
#14520=CARTESIAN_POINT('Ctrl Pts',(-22.7365277777778,-2.48,-1.03432870370369));
#14521=CARTESIAN_POINT('Ctrl Pts',(-23.1775,-2.48,-0.264097222222208));
#14522=CARTESIAN_POINT('Ctrl Pts',(-23.6184722222222,-2.48,0.506134259259294));
#14523=CARTESIAN_POINT('Ctrl Pts',(-23.8389583333333,-2.48,1.38513888888891));
#14524=CARTESIAN_POINT('Ctrl Pts',(-23.8389583333333,-2.48,2.37291666666669));
#14525=CARTESIAN_POINT('Origin',(-18.653125,-2.48,3.59881944444447));
#14526=CARTESIAN_POINT('Origin',(27.1021527777777,-2.5,-2.53069444444442));
#14527=CARTESIAN_POINT('',(27.1021527777777,-2.48,-2.53069444444442));
#14528=CARTESIAN_POINT('',(27.1021527777777,-2.5,-2.53069444444442));
#14529=CARTESIAN_POINT('',(24.3328472222222,-2.48,-2.53069444444442));
#14530=CARTESIAN_POINT('',(24.3328472222222,-2.48,-2.53069444444442));
#14531=CARTESIAN_POINT('',(24.3328472222222,-2.5,-2.53069444444442));
#14532=CARTESIAN_POINT('Origin',(27.1021527777777,-2.5,4.92724826388889));
#14533=CARTESIAN_POINT('',(27.1021527777777,-2.48,4.92724826388889));
#14534=CARTESIAN_POINT('',(27.1021527777777,-2.5,4.92724826388889));
#14535=CARTESIAN_POINT('',(27.1021527777777,-2.48,-2.53069444444442));
#14536=CARTESIAN_POINT('Origin',(32.9229861111111,-2.5,-2.53069444444442));
#14537=CARTESIAN_POINT('',(32.9229861111111,-2.48,-2.53069444444442));
#14538=CARTESIAN_POINT('',(32.9229861111111,-2.5,-2.53069444444442));
#14539=CARTESIAN_POINT('',(27.1021527777777,-2.48,4.92724826388889));
#14540=CARTESIAN_POINT('Origin',(34.9514583333333,-2.5,-2.53069444444442));
#14541=CARTESIAN_POINT('',(34.9514583333333,-2.48,-2.53069444444442));
#14542=CARTESIAN_POINT('',(34.9514583333333,-2.5,-2.53069444444442));
#14543=CARTESIAN_POINT('',(32.9229861111111,-2.48,-2.53069444444442));
#14544=CARTESIAN_POINT('Origin',(34.9514583333333,-2.5,9.92236111111113));
#14545=CARTESIAN_POINT('',(34.9514583333333,-2.48,9.92236111111113));
#14546=CARTESIAN_POINT('',(34.9514583333333,-2.5,9.92236111111113));
#14547=CARTESIAN_POINT('',(34.9514583333333,-2.48,-2.53069444444442));
#14548=CARTESIAN_POINT('Origin',(32.1821527777777,-2.5,9.92236111111113));
#14549=CARTESIAN_POINT('',(32.1821527777777,-2.48,9.92236111111113));
#14550=CARTESIAN_POINT('',(32.1821527777777,-2.5,9.92236111111113));
#14551=CARTESIAN_POINT('',(34.9514583333333,-2.48,9.92236111111113));
#14552=CARTESIAN_POINT('Origin',(32.1821527777777,-2.5,2.35141927083335));
#14553=CARTESIAN_POINT('',(32.1821527777777,-2.48,2.35141927083335));
#14554=CARTESIAN_POINT('',(32.1821527777777,-2.5,2.35141927083335));
#14555=CARTESIAN_POINT('',(32.1821527777777,-2.48,9.92236111111113));
#14556=CARTESIAN_POINT('Origin',(26.273125,-2.5,9.92236111111113));
#14557=CARTESIAN_POINT('',(26.273125,-2.48,9.92236111111113));
#14558=CARTESIAN_POINT('',(26.273125,-2.5,9.92236111111113));
#14559=CARTESIAN_POINT('',(32.1821527777777,-2.48,2.35141927083335));
#14560=CARTESIAN_POINT('Origin',(24.3328472222222,-2.5,9.92236111111113));
#14561=CARTESIAN_POINT('',(24.3328472222222,-2.48,9.92236111111113));
#14562=CARTESIAN_POINT('',(24.3328472222222,-2.5,9.92236111111113));
#14563=CARTESIAN_POINT('',(26.273125,-2.48,9.92236111111113));
#14564=CARTESIAN_POINT('Origin',(24.3328472222222,-2.5,-2.53069444444442));
#14565=CARTESIAN_POINT('',(24.3328472222222,-2.48,9.92236111111113));
#14566=CARTESIAN_POINT('Origin',(29.6421527777777,-2.48,3.69583333333336));
#14567=CARTESIAN_POINT('Origin',(-0.97895833333336,-2.5,-11.9498611111111));
#14568=CARTESIAN_POINT('',(-0.97895833333336,-2.48,-11.9498611111111));
#14569=CARTESIAN_POINT('',(-0.97895833333336,-2.5,-11.9498611111111));
#14570=CARTESIAN_POINT('',(9.58673611111109,-2.48,-11.9498611111111));
#14571=CARTESIAN_POINT('',(9.58673611111109,-2.48,-11.9498611111111));
#14572=CARTESIAN_POINT('',(9.58673611111109,-2.5,-11.9498611111111));
#14573=CARTESIAN_POINT('Origin',(-0.97895833333336,-2.5,-14.3663888888889));
#14574=CARTESIAN_POINT('',(-0.97895833333336,-2.48,-14.3663888888889));
#14575=CARTESIAN_POINT('',(-0.97895833333336,-2.5,-14.3663888888889));
#14576=CARTESIAN_POINT('',(-0.97895833333336,-2.48,-11.9498611111111));
#14577=CARTESIAN_POINT('Origin',(2.91923611111113,-2.5,-14.3663888888889));
#14578=CARTESIAN_POINT('',(2.91923611111113,-2.48,-14.3663888888889));
#14579=CARTESIAN_POINT('',(2.91923611111113,-2.5,-14.3663888888889));
#14580=CARTESIAN_POINT('',(-0.97895833333336,-2.48,-14.3663888888889));
#14581=CARTESIAN_POINT('Origin',(2.91923611111113,-2.5,-24.4029166666667));
#14582=CARTESIAN_POINT('',(2.91923611111113,-2.48,-24.4029166666667));
#14583=CARTESIAN_POINT('',(2.91923611111113,-2.5,-24.4029166666667));
#14584=CARTESIAN_POINT('',(2.91923611111113,-2.48,-14.3663888888889));
#14585=CARTESIAN_POINT('Origin',(5.68854166666664,-2.5,-24.4029166666667));
#14586=CARTESIAN_POINT('',(5.68854166666664,-2.48,-24.4029166666667));
#14587=CARTESIAN_POINT('',(5.68854166666664,-2.5,-24.4029166666667));
#14588=CARTESIAN_POINT('',(2.91923611111113,-2.48,-24.4029166666667));
#14589=CARTESIAN_POINT('Origin',(5.68854166666664,-2.5,-14.3663888888889));
#14590=CARTESIAN_POINT('',(5.68854166666664,-2.48,-14.3663888888889));
#14591=CARTESIAN_POINT('',(5.68854166666664,-2.5,-14.3663888888889));
#14592=CARTESIAN_POINT('',(5.68854166666664,-2.48,-24.4029166666667));
#14593=CARTESIAN_POINT('Origin',(9.58673611111109,-2.5,-14.3663888888889));
#14594=CARTESIAN_POINT('',(9.58673611111109,-2.48,-14.3663888888889));
#14595=CARTESIAN_POINT('',(9.58673611111109,-2.5,-14.3663888888889));
#14596=CARTESIAN_POINT('',(5.68854166666664,-2.48,-14.3663888888889));
#14597=CARTESIAN_POINT('Origin',(9.58673611111109,-2.5,-11.9498611111111));
#14598=CARTESIAN_POINT('',(9.58673611111109,-2.48,-14.3663888888889));
#14599=CARTESIAN_POINT('Origin',(4.30388888888887,-2.48,-18.1763888888889));
#14600=CARTESIAN_POINT('Origin',(-47.0252777777778,-2.5,-38.7609722222222));
#14601=CARTESIAN_POINT('',(-47.0252777777778,-2.48,-38.7609722222222));
#14602=CARTESIAN_POINT('',(-47.0252777777778,-2.5,-38.7609722222222));
#14603=CARTESIAN_POINT('',(-47.0252777777778,-2.48,-41.0716666666667));
#14604=CARTESIAN_POINT('',(-47.0252777777778,-2.48,-41.0716666666667));
#14605=CARTESIAN_POINT('',(-47.0252777777778,-2.5,-41.0716666666667));
#14606=CARTESIAN_POINT('Origin',(-52.5815277777778,-2.5,-38.7609722222222));
#14607=CARTESIAN_POINT('',(-52.5815277777778,-2.48,-38.7609722222222));
#14608=CARTESIAN_POINT('',(-52.5815277777778,-2.5,-38.7609722222222));
#14609=CARTESIAN_POINT('',(-47.0252777777778,-2.48,-38.7609722222222));
#14610=CARTESIAN_POINT('Origin',(-52.5815277777778,-2.5,-36.2033333333333));
#14611=CARTESIAN_POINT('',(-52.5815277777778,-2.48,-36.2033333333333));
#14612=CARTESIAN_POINT('',(-52.5815277777778,-2.5,-36.2033333333333));
#14613=CARTESIAN_POINT('',(-52.5815277777778,-2.48,-38.7609722222222));
#14614=CARTESIAN_POINT('Origin',(-46.4961111111111,-2.5,-36.2033333333333));
#14615=CARTESIAN_POINT('',(-46.4961111111111,-2.48,-36.2033333333333));
#14616=CARTESIAN_POINT('',(-46.4961111111111,-2.5,-36.2033333333333));
#14617=CARTESIAN_POINT('',(-52.5815277777778,-2.48,-36.2033333333333));
#14618=CARTESIAN_POINT('Origin',(-46.4961111111111,-2.5,-33.8220833333333));
#14619=CARTESIAN_POINT('',(-46.4961111111111,-2.48,-33.8220833333333));
#14620=CARTESIAN_POINT('',(-46.4961111111111,-2.5,-33.8220833333333));
#14621=CARTESIAN_POINT('',(-46.4961111111111,-2.48,-36.2033333333333));
#14622=CARTESIAN_POINT('Origin',(-55.3508333333334,-2.5,-33.8220833333333));
#14623=CARTESIAN_POINT('',(-55.3508333333334,-2.48,-33.8220833333333));
#14624=CARTESIAN_POINT('',(-55.3508333333334,-2.5,-33.8220833333333));
#14625=CARTESIAN_POINT('',(-46.4961111111111,-2.48,-33.8220833333333));
#14626=CARTESIAN_POINT('Origin',(-55.3508333333334,-2.5,-46.2751388888889));
#14627=CARTESIAN_POINT('',(-55.3508333333334,-2.48,-46.2751388888889));
#14628=CARTESIAN_POINT('',(-55.3508333333334,-2.5,-46.2751388888889));
#14629=CARTESIAN_POINT('',(-55.3508333333334,-2.48,-33.8220833333333));
#14630=CARTESIAN_POINT('Origin',(-46.4079166666667,-2.5,-46.2751388888889));
#14631=CARTESIAN_POINT('',(-46.4079166666667,-2.48,-46.2751388888889));
#14632=CARTESIAN_POINT('',(-46.4079166666667,-2.5,-46.2751388888889));
#14633=CARTESIAN_POINT('',(-55.3508333333334,-2.48,-46.2751388888889));
#14634=CARTESIAN_POINT('Origin',(-46.4079166666667,-2.5,-43.87625));
#14635=CARTESIAN_POINT('',(-46.4079166666667,-2.48,-43.87625));
#14636=CARTESIAN_POINT('',(-46.4079166666667,-2.5,-43.87625));
#14637=CARTESIAN_POINT('',(-46.4079166666667,-2.48,-46.2751388888889));
#14638=CARTESIAN_POINT('Origin',(-52.5815277777778,-2.5,-43.87625));
#14639=CARTESIAN_POINT('',(-52.5815277777778,-2.48,-43.87625));
#14640=CARTESIAN_POINT('',(-52.5815277777778,-2.5,-43.87625));
#14641=CARTESIAN_POINT('',(-46.4079166666667,-2.48,-43.87625));
#14642=CARTESIAN_POINT('Origin',(-52.5815277777778,-2.5,-41.0716666666667));
#14643=CARTESIAN_POINT('',(-52.5815277777778,-2.48,-41.0716666666667));
#14644=CARTESIAN_POINT('',(-52.5815277777778,-2.5,-41.0716666666667));
#14645=CARTESIAN_POINT('',(-52.5815277777778,-2.48,-43.87625));
#14646=CARTESIAN_POINT('Origin',(-47.0252777777778,-2.5,-41.0716666666667));
#14647=CARTESIAN_POINT('',(-52.5815277777778,-2.48,-41.0716666666667));
#14648=CARTESIAN_POINT('Origin',(-50.879375,-2.48,-40.0486111111111));
#14649=CARTESIAN_POINT('Ctrl Pts',(-1.55222222222221,-2.5,-43.9644444444444));
#14650=CARTESIAN_POINT('Ctrl Pts',(-1.55222222222221,-2.48,-43.9644444444444));
#14651=CARTESIAN_POINT('Ctrl Pts',(-0.811388888888906,-2.5,-43.9644444444444));
#14652=CARTESIAN_POINT('Ctrl Pts',(-0.811388888888906,-2.48,-43.9644444444444));
#14653=CARTESIAN_POINT('Ctrl Pts',(-0.161689814814814,-2.5,-43.7998148148148));
#14654=CARTESIAN_POINT('Ctrl Pts',(-0.161689814814814,-2.48,-43.7998148148148));
#14655=CARTESIAN_POINT('Ctrl Pts',(0.396874999999994,-2.5,-43.4705555555555));
#14656=CARTESIAN_POINT('Ctrl Pts',(0.396874999999994,-2.48,-43.4705555555555));
#14657=CARTESIAN_POINT('Ctrl Pts',(0.95543981481482,-2.5,-43.1412962962963));
#14658=CARTESIAN_POINT('Ctrl Pts',(0.95543981481482,-2.48,-43.1412962962963));
#14659=CARTESIAN_POINT('Ctrl Pts',(1.3875925925926,-2.5,-42.6797453703704));
#14660=CARTESIAN_POINT('Ctrl Pts',(1.3875925925926,-2.48,-42.6797453703704));
#14661=CARTESIAN_POINT('Ctrl Pts',(1.69333333333331,-2.5,-42.0859027777778));
#14662=CARTESIAN_POINT('Ctrl Pts',(1.69333333333331,-2.48,-42.0859027777778));
#14663=CARTESIAN_POINT('Ctrl Pts',(1.99907407407403,-2.5,-41.4920601851852));
#14664=CARTESIAN_POINT('Ctrl Pts',(1.99907407407403,-2.48,-41.4920601851852));
#14665=CARTESIAN_POINT('Ctrl Pts',(2.15194444444446,-2.5,-40.8070833333333));
#14666=CARTESIAN_POINT('Ctrl Pts',(2.15194444444446,-2.48,-40.8070833333333));
#14667=CARTESIAN_POINT('Ctrl Pts',(2.15194444444446,-2.5,-40.0309722222222));
#14668=CARTESIAN_POINT('Ctrl Pts',(2.15194444444446,-2.48,-40.0309722222222));
#14669=CARTESIAN_POINT('Ctrl Pts',(2.15194444444446,-2.5,-39.4430092592593));
#14670=CARTESIAN_POINT('Ctrl Pts',(2.15194444444446,-2.48,-39.4430092592593));
#14671=CARTESIAN_POINT('Ctrl Pts',(2.06374999999998,-2.5,-38.9109027777777));
#14672=CARTESIAN_POINT('Ctrl Pts',(2.06374999999998,-2.48,-38.9109027777777));
#14673=CARTESIAN_POINT('Ctrl Pts',(1.88736111111112,-2.5,-38.4346527777778));
#14674=CARTESIAN_POINT('Ctrl Pts',(1.88736111111112,-2.48,-38.4346527777778));
#14675=CARTESIAN_POINT('Ctrl Pts',(1.71097222222225,-2.5,-37.9584027777777));
#14676=CARTESIAN_POINT('Ctrl Pts',(1.71097222222225,-2.48,-37.9584027777777));
#14677=CARTESIAN_POINT('Ctrl Pts',(1.45814814814816,-2.5,-37.5468287037037));
#14678=CARTESIAN_POINT('Ctrl Pts',(1.45814814814816,-2.48,-37.5468287037037));
#14679=CARTESIAN_POINT('Ctrl Pts',(1.12888888888889,-2.5,-37.1999305555555));
#14680=CARTESIAN_POINT('Ctrl Pts',(1.12888888888889,-2.48,-37.1999305555555));
#14681=CARTESIAN_POINT('Ctrl Pts',(0.799629629629628,-2.5,-36.8530324074074));
#14682=CARTESIAN_POINT('Ctrl Pts',(0.799629629629628,-2.48,-36.8530324074074));
#14683=CARTESIAN_POINT('Ctrl Pts',(0.408634259259237,-2.5,-36.5884490740741));
#14684=CARTESIAN_POINT('Ctrl Pts',(0.408634259259237,-2.48,-36.5884490740741));
#14685=CARTESIAN_POINT('Ctrl Pts',(-0.0440972222222413,-2.5,-36.4061805555555));
#14686=CARTESIAN_POINT('Ctrl Pts',(-0.0440972222222413,-2.48,-36.4061805555555));
#14687=CARTESIAN_POINT('Ctrl Pts',(-0.49682870370372,-2.5,-36.223912037037));
#14688=CARTESIAN_POINT('Ctrl Pts',(-0.49682870370372,-2.48,-36.223912037037));
#14689=CARTESIAN_POINT('Ctrl Pts',(-0.999537037037044,-2.5,-36.1327777777778));
#14690=CARTESIAN_POINT('Ctrl Pts',(-0.999537037037044,-2.48,-36.1327777777778));
#14691=CARTESIAN_POINT('Ctrl Pts',(-1.55222222222221,-2.5,-36.1327777777778));
#14692=CARTESIAN_POINT('Ctrl Pts',(-1.55222222222221,-2.48,-36.1327777777778));
#14693=CARTESIAN_POINT('Ctrl Pts',(-2.29305555555555,-2.5,-36.1327777777777));
#14694=CARTESIAN_POINT('Ctrl Pts',(-2.29305555555555,-2.48,-36.1327777777777));
#14695=CARTESIAN_POINT('Ctrl Pts',(-2.94275462962965,-2.5,-36.2944675925926));
#14696=CARTESIAN_POINT('Ctrl Pts',(-2.94275462962965,-2.48,-36.2944675925926));
#14697=CARTESIAN_POINT('Ctrl Pts',(-3.50131944444446,-2.5,-36.6178472222222));
#14698=CARTESIAN_POINT('Ctrl Pts',(-3.50131944444446,-2.48,-36.6178472222222));
#14699=CARTESIAN_POINT('Ctrl Pts',(-4.05988425925926,-2.5,-36.9412268518518));
#14700=CARTESIAN_POINT('Ctrl Pts',(-4.05988425925926,-2.48,-36.9412268518518));
#14701=CARTESIAN_POINT('Ctrl Pts',(-4.49203703703706,-2.5,-37.3939583333333));
#14702=CARTESIAN_POINT('Ctrl Pts',(-4.49203703703706,-2.48,-37.3939583333333));
#14703=CARTESIAN_POINT('Ctrl Pts',(-4.7977777777778,-2.5,-37.9760416666667));
#14704=CARTESIAN_POINT('Ctrl Pts',(-4.7977777777778,-2.48,-37.9760416666667));
#14705=CARTESIAN_POINT('Ctrl Pts',(-5.10351851851855,-2.5,-38.558125));
#14706=CARTESIAN_POINT('Ctrl Pts',(-5.10351851851855,-2.48,-38.558125));
#14707=CARTESIAN_POINT('Ctrl Pts',(-5.25638888888889,-2.5,-39.2431018518518));
#14708=CARTESIAN_POINT('Ctrl Pts',(-5.25638888888889,-2.48,-39.2431018518518));
#14709=CARTESIAN_POINT('Ctrl Pts',(-5.25638888888889,-2.5,-40.0309722222222));
#14710=CARTESIAN_POINT('Ctrl Pts',(-5.25638888888889,-2.48,-40.0309722222222));
#14711=CARTESIAN_POINT('Ctrl Pts',(-5.25638888888889,-2.5,-40.6189351851851));
#14712=CARTESIAN_POINT('Ctrl Pts',(-5.25638888888889,-2.48,-40.6189351851851));
#14713=CARTESIAN_POINT('Ctrl Pts',(-5.16819444444444,-2.5,-41.1539814814815));
#14714=CARTESIAN_POINT('Ctrl Pts',(-5.16819444444444,-2.48,-41.1539814814815));
#14715=CARTESIAN_POINT('Ctrl Pts',(-4.99180555555558,-2.5,-41.6361111111111));
#14716=CARTESIAN_POINT('Ctrl Pts',(-4.99180555555558,-2.48,-41.6361111111111));
#14717=CARTESIAN_POINT('Ctrl Pts',(-4.81541666666671,-2.5,-42.1182407407408));
#14718=CARTESIAN_POINT('Ctrl Pts',(-4.81541666666671,-2.48,-42.1182407407408));
#14719=CARTESIAN_POINT('Ctrl Pts',(-4.56553240740742,-2.5,-42.5327546296296));
#14720=CARTESIAN_POINT('Ctrl Pts',(-4.56553240740742,-2.48,-42.5327546296296));
#14721=CARTESIAN_POINT('Ctrl Pts',(-4.2421527777778,-2.5,-42.8796527777778));
#14722=CARTESIAN_POINT('Ctrl Pts',(-4.2421527777778,-2.48,-42.8796527777778));
#14723=CARTESIAN_POINT('Ctrl Pts',(-3.91877314814816,-2.5,-43.2265509259259));
#14724=CARTESIAN_POINT('Ctrl Pts',(-3.91877314814816,-2.48,-43.2265509259259));
#14725=CARTESIAN_POINT('Ctrl Pts',(-3.52777777777778,-2.5,-43.4940740740741));
#14726=CARTESIAN_POINT('Ctrl Pts',(-3.52777777777778,-2.48,-43.4940740740741));
#14727=CARTESIAN_POINT('Ctrl Pts',(-3.0691666666667,-2.5,-43.6822222222222));
#14728=CARTESIAN_POINT('Ctrl Pts',(-3.0691666666667,-2.48,-43.6822222222222));
#14729=CARTESIAN_POINT('Ctrl Pts',(-2.61055555555558,-2.5,-43.8703703703704));
#14730=CARTESIAN_POINT('Ctrl Pts',(-2.61055555555558,-2.48,-43.8703703703704));
#14731=CARTESIAN_POINT('Ctrl Pts',(-2.10490740740742,-2.5,-43.9644444444444));
#14732=CARTESIAN_POINT('Ctrl Pts',(-2.10490740740742,-2.48,-43.9644444444444));
#14733=CARTESIAN_POINT('Ctrl Pts',(-1.55222222222221,-2.5,-43.9644444444444));
#14734=CARTESIAN_POINT('Ctrl Pts',(-1.55222222222221,-2.48,-43.9644444444444));
#14735=CARTESIAN_POINT('',(-1.55222222222221,-2.5,-43.9644444444444));
#14736=CARTESIAN_POINT('Ctrl Pts',(-1.55222222222221,-2.5,-43.9644444444444));
#14737=CARTESIAN_POINT('Ctrl Pts',(-0.811388888888906,-2.5,-43.9644444444444));
#14738=CARTESIAN_POINT('Ctrl Pts',(-0.161689814814814,-2.5,-43.7998148148148));
#14739=CARTESIAN_POINT('Ctrl Pts',(0.396874999999994,-2.5,-43.4705555555555));
#14740=CARTESIAN_POINT('Ctrl Pts',(0.95543981481482,-2.5,-43.1412962962963));
#14741=CARTESIAN_POINT('Ctrl Pts',(1.3875925925926,-2.5,-42.6797453703704));
#14742=CARTESIAN_POINT('Ctrl Pts',(1.69333333333331,-2.5,-42.0859027777778));
#14743=CARTESIAN_POINT('Ctrl Pts',(1.99907407407403,-2.5,-41.4920601851852));
#14744=CARTESIAN_POINT('Ctrl Pts',(2.15194444444446,-2.5,-40.8070833333333));
#14745=CARTESIAN_POINT('Ctrl Pts',(2.15194444444446,-2.5,-40.0309722222222));
#14746=CARTESIAN_POINT('Ctrl Pts',(2.15194444444446,-2.5,-39.4430092592593));
#14747=CARTESIAN_POINT('Ctrl Pts',(2.06374999999998,-2.5,-38.9109027777777));
#14748=CARTESIAN_POINT('Ctrl Pts',(1.88736111111112,-2.5,-38.4346527777778));
#14749=CARTESIAN_POINT('Ctrl Pts',(1.71097222222225,-2.5,-37.9584027777777));
#14750=CARTESIAN_POINT('Ctrl Pts',(1.45814814814816,-2.5,-37.5468287037037));
#14751=CARTESIAN_POINT('Ctrl Pts',(1.12888888888889,-2.5,-37.1999305555555));
#14752=CARTESIAN_POINT('Ctrl Pts',(0.799629629629628,-2.5,-36.8530324074074));
#14753=CARTESIAN_POINT('Ctrl Pts',(0.408634259259237,-2.5,-36.5884490740741));
#14754=CARTESIAN_POINT('Ctrl Pts',(-0.0440972222222413,-2.5,-36.4061805555555));
#14755=CARTESIAN_POINT('Ctrl Pts',(-0.49682870370372,-2.5,-36.223912037037));
#14756=CARTESIAN_POINT('Ctrl Pts',(-0.999537037037044,-2.5,-36.1327777777778));
#14757=CARTESIAN_POINT('Ctrl Pts',(-1.55222222222221,-2.5,-36.1327777777778));
#14758=CARTESIAN_POINT('Ctrl Pts',(-2.29305555555555,-2.5,-36.1327777777777));
#14759=CARTESIAN_POINT('Ctrl Pts',(-2.94275462962965,-2.5,-36.2944675925926));
#14760=CARTESIAN_POINT('Ctrl Pts',(-3.50131944444446,-2.5,-36.6178472222222));
#14761=CARTESIAN_POINT('Ctrl Pts',(-4.05988425925926,-2.5,-36.9412268518518));
#14762=CARTESIAN_POINT('Ctrl Pts',(-4.49203703703706,-2.5,-37.3939583333333));
#14763=CARTESIAN_POINT('Ctrl Pts',(-4.7977777777778,-2.5,-37.9760416666667));
#14764=CARTESIAN_POINT('Ctrl Pts',(-5.10351851851855,-2.5,-38.558125));
#14765=CARTESIAN_POINT('Ctrl Pts',(-5.25638888888889,-2.5,-39.2431018518518));
#14766=CARTESIAN_POINT('Ctrl Pts',(-5.25638888888889,-2.5,-40.0309722222222));
#14767=CARTESIAN_POINT('Ctrl Pts',(-5.25638888888889,-2.5,-40.6189351851851));
#14768=CARTESIAN_POINT('Ctrl Pts',(-5.16819444444444,-2.5,-41.1539814814815));
#14769=CARTESIAN_POINT('Ctrl Pts',(-4.99180555555558,-2.5,-41.6361111111111));
#14770=CARTESIAN_POINT('Ctrl Pts',(-4.81541666666671,-2.5,-42.1182407407408));
#14771=CARTESIAN_POINT('Ctrl Pts',(-4.56553240740742,-2.5,-42.5327546296296));
#14772=CARTESIAN_POINT('Ctrl Pts',(-4.2421527777778,-2.5,-42.8796527777778));
#14773=CARTESIAN_POINT('Ctrl Pts',(-3.91877314814816,-2.5,-43.2265509259259));
#14774=CARTESIAN_POINT('Ctrl Pts',(-3.52777777777778,-2.5,-43.4940740740741));
#14775=CARTESIAN_POINT('Ctrl Pts',(-3.0691666666667,-2.5,-43.6822222222222));
#14776=CARTESIAN_POINT('Ctrl Pts',(-2.61055555555558,-2.5,-43.8703703703704));
#14777=CARTESIAN_POINT('Ctrl Pts',(-2.10490740740742,-2.5,-43.9644444444444));
#14778=CARTESIAN_POINT('Ctrl Pts',(-1.55222222222221,-2.5,-43.9644444444444));
#14779=CARTESIAN_POINT('',(-1.55222222222221,-2.48,-43.9644444444444));
#14780=CARTESIAN_POINT('',(-1.55222222222221,-2.5,-43.9644444444444));
#14781=CARTESIAN_POINT('Ctrl Pts',(-1.55222222222221,-2.48,-43.9644444444444));
#14782=CARTESIAN_POINT('Ctrl Pts',(-0.811388888888906,-2.48,-43.9644444444444));
#14783=CARTESIAN_POINT('Ctrl Pts',(-0.161689814814814,-2.48,-43.7998148148148));
#14784=CARTESIAN_POINT('Ctrl Pts',(0.396874999999994,-2.48,-43.4705555555555));
#14785=CARTESIAN_POINT('Ctrl Pts',(0.95543981481482,-2.48,-43.1412962962963));
#14786=CARTESIAN_POINT('Ctrl Pts',(1.3875925925926,-2.48,-42.6797453703704));
#14787=CARTESIAN_POINT('Ctrl Pts',(1.69333333333331,-2.48,-42.0859027777778));
#14788=CARTESIAN_POINT('Ctrl Pts',(1.99907407407403,-2.48,-41.4920601851852));
#14789=CARTESIAN_POINT('Ctrl Pts',(2.15194444444446,-2.48,-40.8070833333333));
#14790=CARTESIAN_POINT('Ctrl Pts',(2.15194444444446,-2.48,-40.0309722222222));
#14791=CARTESIAN_POINT('Ctrl Pts',(2.15194444444446,-2.48,-39.4430092592593));
#14792=CARTESIAN_POINT('Ctrl Pts',(2.06374999999998,-2.48,-38.9109027777777));
#14793=CARTESIAN_POINT('Ctrl Pts',(1.88736111111112,-2.48,-38.4346527777778));
#14794=CARTESIAN_POINT('Ctrl Pts',(1.71097222222225,-2.48,-37.9584027777777));
#14795=CARTESIAN_POINT('Ctrl Pts',(1.45814814814816,-2.48,-37.5468287037037));
#14796=CARTESIAN_POINT('Ctrl Pts',(1.12888888888889,-2.48,-37.1999305555555));
#14797=CARTESIAN_POINT('Ctrl Pts',(0.799629629629628,-2.48,-36.8530324074074));
#14798=CARTESIAN_POINT('Ctrl Pts',(0.408634259259237,-2.48,-36.5884490740741));
#14799=CARTESIAN_POINT('Ctrl Pts',(-0.0440972222222413,-2.48,-36.4061805555555));
#14800=CARTESIAN_POINT('Ctrl Pts',(-0.49682870370372,-2.48,-36.223912037037));
#14801=CARTESIAN_POINT('Ctrl Pts',(-0.999537037037044,-2.48,-36.1327777777778));
#14802=CARTESIAN_POINT('Ctrl Pts',(-1.55222222222221,-2.48,-36.1327777777778));
#14803=CARTESIAN_POINT('Ctrl Pts',(-2.29305555555555,-2.48,-36.1327777777777));
#14804=CARTESIAN_POINT('Ctrl Pts',(-2.94275462962965,-2.48,-36.2944675925926));
#14805=CARTESIAN_POINT('Ctrl Pts',(-3.50131944444446,-2.48,-36.6178472222222));
#14806=CARTESIAN_POINT('Ctrl Pts',(-4.05988425925926,-2.48,-36.9412268518518));
#14807=CARTESIAN_POINT('Ctrl Pts',(-4.49203703703706,-2.48,-37.3939583333333));
#14808=CARTESIAN_POINT('Ctrl Pts',(-4.7977777777778,-2.48,-37.9760416666667));
#14809=CARTESIAN_POINT('Ctrl Pts',(-5.10351851851855,-2.48,-38.558125));
#14810=CARTESIAN_POINT('Ctrl Pts',(-5.25638888888889,-2.48,-39.2431018518518));
#14811=CARTESIAN_POINT('Ctrl Pts',(-5.25638888888889,-2.48,-40.0309722222222));
#14812=CARTESIAN_POINT('Ctrl Pts',(-5.25638888888889,-2.48,-40.6189351851851));
#14813=CARTESIAN_POINT('Ctrl Pts',(-5.16819444444444,-2.48,-41.1539814814815));
#14814=CARTESIAN_POINT('Ctrl Pts',(-4.99180555555558,-2.48,-41.6361111111111));
#14815=CARTESIAN_POINT('Ctrl Pts',(-4.81541666666671,-2.48,-42.1182407407408));
#14816=CARTESIAN_POINT('Ctrl Pts',(-4.56553240740742,-2.48,-42.5327546296296));
#14817=CARTESIAN_POINT('Ctrl Pts',(-4.2421527777778,-2.48,-42.8796527777778));
#14818=CARTESIAN_POINT('Ctrl Pts',(-3.91877314814816,-2.48,-43.2265509259259));
#14819=CARTESIAN_POINT('Ctrl Pts',(-3.52777777777778,-2.48,-43.4940740740741));
#14820=CARTESIAN_POINT('Ctrl Pts',(-3.0691666666667,-2.48,-43.6822222222222));
#14821=CARTESIAN_POINT('Ctrl Pts',(-2.61055555555558,-2.48,-43.8703703703704));
#14822=CARTESIAN_POINT('Ctrl Pts',(-2.10490740740742,-2.48,-43.9644444444444));
#14823=CARTESIAN_POINT('Ctrl Pts',(-1.55222222222221,-2.48,-43.9644444444444));
#14824=CARTESIAN_POINT('Ctrl Pts',(-1.51694444444445,-2.5,-46.4868055555555));
#14825=CARTESIAN_POINT('Ctrl Pts',(-1.51694444444445,-2.48,-46.4868055555555));
#14826=CARTESIAN_POINT('Ctrl Pts',(-2.45768518518521,-2.5,-46.4868055555555));
#14827=CARTESIAN_POINT('Ctrl Pts',(-2.45768518518521,-2.48,-46.4868055555555));
#14828=CARTESIAN_POINT('Ctrl Pts',(-3.32493055555556,-2.5,-46.3221759259259));
#14829=CARTESIAN_POINT('Ctrl Pts',(-3.32493055555556,-2.48,-46.3221759259259));
#14830=CARTESIAN_POINT('Ctrl Pts',(-4.11868055555555,-2.5,-45.9929166666667));
#14831=CARTESIAN_POINT('Ctrl Pts',(-4.11868055555555,-2.48,-45.9929166666667));
#14832=CARTESIAN_POINT('Ctrl Pts',(-4.91243055555554,-2.5,-45.6636574074074));
#14833=CARTESIAN_POINT('Ctrl Pts',(-4.91243055555554,-2.48,-45.6636574074074));
#14834=CARTESIAN_POINT('Ctrl Pts',(-5.60916666666667,-2.5,-45.2050462962962));
#14835=CARTESIAN_POINT('Ctrl Pts',(-5.60916666666667,-2.48,-45.2050462962962));
#14836=CARTESIAN_POINT('Ctrl Pts',(-6.20888888888889,-2.5,-44.6170833333333));
#14837=CARTESIAN_POINT('Ctrl Pts',(-6.20888888888889,-2.48,-44.6170833333333));
#14838=CARTESIAN_POINT('Ctrl Pts',(-6.80861111111113,-2.5,-44.0291203703704));
#14839=CARTESIAN_POINT('Ctrl Pts',(-6.80861111111113,-2.48,-44.0291203703704));
#14840=CARTESIAN_POINT('Ctrl Pts',(-7.27310185185186,-2.5,-43.3441435185185));
#14841=CARTESIAN_POINT('Ctrl Pts',(-7.27310185185186,-2.48,-43.3441435185185));
#14842=CARTESIAN_POINT('Ctrl Pts',(-7.60236111111112,-2.5,-42.5621527777778));
#14843=CARTESIAN_POINT('Ctrl Pts',(-7.60236111111112,-2.48,-42.5621527777778));
#14844=CARTESIAN_POINT('Ctrl Pts',(-7.93162037037039,-2.5,-41.780162037037));
#14845=CARTESIAN_POINT('Ctrl Pts',(-7.93162037037039,-2.48,-41.780162037037));
#14846=CARTESIAN_POINT('Ctrl Pts',(-8.09625,-2.5,-40.9364351851852));
#14847=CARTESIAN_POINT('Ctrl Pts',(-8.09625,-2.48,-40.9364351851852));
#14848=CARTESIAN_POINT('Ctrl Pts',(-8.09625,-2.5,-40.0309722222222));
#14849=CARTESIAN_POINT('Ctrl Pts',(-8.09625,-2.48,-40.0309722222222));
#14850=CARTESIAN_POINT('Ctrl Pts',(-8.09625,-2.5,-39.11375));
#14851=CARTESIAN_POINT('Ctrl Pts',(-8.09625,-2.48,-39.11375));
#14852=CARTESIAN_POINT('Ctrl Pts',(-7.93162037037039,-2.5,-38.2670833333333));
#14853=CARTESIAN_POINT('Ctrl Pts',(-7.93162037037039,-2.48,-38.2670833333333));
#14854=CARTESIAN_POINT('Ctrl Pts',(-7.60236111111112,-2.5,-37.4909722222222));
#14855=CARTESIAN_POINT('Ctrl Pts',(-7.60236111111112,-2.48,-37.4909722222222));
#14856=CARTESIAN_POINT('Ctrl Pts',(-7.27310185185185,-2.5,-36.7148611111111));
#14857=CARTESIAN_POINT('Ctrl Pts',(-7.27310185185185,-2.48,-36.7148611111111));
#14858=CARTESIAN_POINT('Ctrl Pts',(-6.81449074074076,-2.5,-36.0357638888889));
#14859=CARTESIAN_POINT('Ctrl Pts',(-6.81449074074076,-2.48,-36.0357638888889));
#14860=CARTESIAN_POINT('Ctrl Pts',(-6.2265277777778,-2.5,-35.4536805555555));
#14861=CARTESIAN_POINT('Ctrl Pts',(-6.2265277777778,-2.48,-35.4536805555555));
#14862=CARTESIAN_POINT('Ctrl Pts',(-5.63856481481483,-2.5,-34.8715972222222));
#14863=CARTESIAN_POINT('Ctrl Pts',(-5.63856481481483,-2.48,-34.8715972222222));
#14864=CARTESIAN_POINT('Ctrl Pts',(-4.94770833333336,-2.5,-34.4188657407407));
#14865=CARTESIAN_POINT('Ctrl Pts',(-4.94770833333336,-2.48,-34.4188657407407));
#14866=CARTESIAN_POINT('Ctrl Pts',(-4.15395833333335,-2.5,-34.0954861111111));
#14867=CARTESIAN_POINT('Ctrl Pts',(-4.15395833333335,-2.48,-34.0954861111111));
#14868=CARTESIAN_POINT('Ctrl Pts',(-3.36020833333333,-2.5,-33.7721064814815));
#14869=CARTESIAN_POINT('Ctrl Pts',(-3.36020833333333,-2.48,-33.7721064814815));
#14870=CARTESIAN_POINT('Ctrl Pts',(-2.49296296296297,-2.5,-33.6104166666667));
#14871=CARTESIAN_POINT('Ctrl Pts',(-2.49296296296297,-2.48,-33.6104166666667));
#14872=CARTESIAN_POINT('Ctrl Pts',(-1.55222222222221,-2.5,-33.6104166666667));
#14873=CARTESIAN_POINT('Ctrl Pts',(-1.55222222222221,-2.48,-33.6104166666667));
#14874=CARTESIAN_POINT('Ctrl Pts',(-0.623240740740743,-2.5,-33.6104166666667));
#14875=CARTESIAN_POINT('Ctrl Pts',(-0.623240740740743,-2.48,-33.6104166666667));
#14876=CARTESIAN_POINT('Ctrl Pts',(0.238124999999982,-2.5,-33.7721064814815));
#14877=CARTESIAN_POINT('Ctrl Pts',(0.238124999999982,-2.48,-33.7721064814815));
#14878=CARTESIAN_POINT('Ctrl Pts',(1.03187500000001,-2.5,-34.0954861111111));
#14879=CARTESIAN_POINT('Ctrl Pts',(1.03187500000001,-2.48,-34.0954861111111));
#14880=CARTESIAN_POINT('Ctrl Pts',(1.82562500000003,-2.5,-34.4188657407407));
#14881=CARTESIAN_POINT('Ctrl Pts',(1.82562500000003,-2.48,-34.4188657407407));
#14882=CARTESIAN_POINT('Ctrl Pts',(2.51942129629632,-2.5,-34.8715972222222));
#14883=CARTESIAN_POINT('Ctrl Pts',(2.51942129629632,-2.48,-34.8715972222222));
#14884=CARTESIAN_POINT('Ctrl Pts',(3.1132638888889,-2.5,-35.4536805555555));
#14885=CARTESIAN_POINT('Ctrl Pts',(3.1132638888889,-2.48,-35.4536805555555));
#14886=CARTESIAN_POINT('Ctrl Pts',(3.70710648148147,-2.5,-36.0357638888889));
#14887=CARTESIAN_POINT('Ctrl Pts',(3.70710648148147,-2.48,-36.0357638888889));
#14888=CARTESIAN_POINT('Ctrl Pts',(4.16865740740739,-2.5,-36.7178009259259));
#14889=CARTESIAN_POINT('Ctrl Pts',(4.16865740740739,-2.48,-36.7178009259259));
#14890=CARTESIAN_POINT('Ctrl Pts',(4.49791666666666,-2.5,-37.4997916666667));
#14891=CARTESIAN_POINT('Ctrl Pts',(4.49791666666666,-2.48,-37.4997916666667));
#14892=CARTESIAN_POINT('Ctrl Pts',(4.82717592592592,-2.5,-38.2817824074074));
#14893=CARTESIAN_POINT('Ctrl Pts',(4.82717592592592,-2.48,-38.2817824074074));
#14894=CARTESIAN_POINT('Ctrl Pts',(4.99180555555554,-2.5,-39.1313888888889));
#14895=CARTESIAN_POINT('Ctrl Pts',(4.99180555555554,-2.48,-39.1313888888889));
#14896=CARTESIAN_POINT('Ctrl Pts',(4.99180555555554,-2.5,-40.0486111111111));
#14897=CARTESIAN_POINT('Ctrl Pts',(4.99180555555554,-2.48,-40.0486111111111));
#14898=CARTESIAN_POINT('Ctrl Pts',(4.99180555555554,-2.5,-40.9540740740741));
#14899=CARTESIAN_POINT('Ctrl Pts',(4.99180555555554,-2.48,-40.9540740740741));
#14900=CARTESIAN_POINT('Ctrl Pts',(4.82717592592593,-2.5,-41.7978009259259));
#14901=CARTESIAN_POINT('Ctrl Pts',(4.82717592592593,-2.48,-41.7978009259259));
#14902=CARTESIAN_POINT('Ctrl Pts',(4.49791666666666,-2.5,-42.5797916666667));
#14903=CARTESIAN_POINT('Ctrl Pts',(4.49791666666666,-2.48,-42.5797916666667));
#14904=CARTESIAN_POINT('Ctrl Pts',(4.16865740740739,-2.5,-43.3617824074074));
#14905=CARTESIAN_POINT('Ctrl Pts',(4.16865740740739,-2.48,-43.3617824074074));
#14906=CARTESIAN_POINT('Ctrl Pts',(3.71004629629628,-2.5,-44.0438194444444));
#14907=CARTESIAN_POINT('Ctrl Pts',(3.71004629629628,-2.48,-44.0438194444444));
#14908=CARTESIAN_POINT('Ctrl Pts',(3.12208333333331,-2.5,-44.6259027777777));
#14909=CARTESIAN_POINT('Ctrl Pts',(3.12208333333331,-2.48,-44.6259027777777));
#14910=CARTESIAN_POINT('Ctrl Pts',(2.53412037037034,-2.5,-45.2079861111111));
#14911=CARTESIAN_POINT('Ctrl Pts',(2.53412037037034,-2.48,-45.2079861111111));
#14912=CARTESIAN_POINT('Ctrl Pts',(1.84326388888888,-2.5,-45.6636574074074));
#14913=CARTESIAN_POINT('Ctrl Pts',(1.84326388888888,-2.48,-45.6636574074074));
#14914=CARTESIAN_POINT('Ctrl Pts',(1.04951388888889,-2.5,-45.9929166666667));
#14915=CARTESIAN_POINT('Ctrl Pts',(1.04951388888889,-2.48,-45.9929166666667));
#14916=CARTESIAN_POINT('Ctrl Pts',(0.255763888888882,-2.5,-46.3221759259259));
#14917=CARTESIAN_POINT('Ctrl Pts',(0.255763888888882,-2.48,-46.3221759259259));
#14918=CARTESIAN_POINT('Ctrl Pts',(-0.599722222222212,-2.5,-46.4868055555555));
#14919=CARTESIAN_POINT('Ctrl Pts',(-0.599722222222212,-2.48,-46.4868055555555));
#14920=CARTESIAN_POINT('Ctrl Pts',(-1.51694444444445,-2.5,-46.4868055555555));
#14921=CARTESIAN_POINT('Ctrl Pts',(-1.51694444444445,-2.48,-46.4868055555555));
#14922=CARTESIAN_POINT('',(-1.51694444444445,-2.48,-46.4868055555555));
#14923=CARTESIAN_POINT('',(-1.51694444444445,-2.5,-46.4868055555555));
#14924=CARTESIAN_POINT('Ctrl Pts',(-1.51694444444445,-2.48,-46.4868055555555));
#14925=CARTESIAN_POINT('Ctrl Pts',(-2.45768518518521,-2.48,-46.4868055555555));
#14926=CARTESIAN_POINT('Ctrl Pts',(-3.32493055555556,-2.48,-46.3221759259259));
#14927=CARTESIAN_POINT('Ctrl Pts',(-4.11868055555555,-2.48,-45.9929166666667));
#14928=CARTESIAN_POINT('Ctrl Pts',(-4.91243055555554,-2.48,-45.6636574074074));
#14929=CARTESIAN_POINT('Ctrl Pts',(-5.60916666666667,-2.48,-45.2050462962962));
#14930=CARTESIAN_POINT('Ctrl Pts',(-6.20888888888889,-2.48,-44.6170833333333));
#14931=CARTESIAN_POINT('Ctrl Pts',(-6.80861111111113,-2.48,-44.0291203703704));
#14932=CARTESIAN_POINT('Ctrl Pts',(-7.27310185185186,-2.48,-43.3441435185185));
#14933=CARTESIAN_POINT('Ctrl Pts',(-7.60236111111112,-2.48,-42.5621527777778));
#14934=CARTESIAN_POINT('Ctrl Pts',(-7.93162037037039,-2.48,-41.780162037037));
#14935=CARTESIAN_POINT('Ctrl Pts',(-8.09625,-2.48,-40.9364351851852));
#14936=CARTESIAN_POINT('Ctrl Pts',(-8.09625,-2.48,-40.0309722222222));
#14937=CARTESIAN_POINT('Ctrl Pts',(-8.09625,-2.48,-39.11375));
#14938=CARTESIAN_POINT('Ctrl Pts',(-7.93162037037039,-2.48,-38.2670833333333));
#14939=CARTESIAN_POINT('Ctrl Pts',(-7.60236111111112,-2.48,-37.4909722222222));
#14940=CARTESIAN_POINT('Ctrl Pts',(-7.27310185185185,-2.48,-36.7148611111111));
#14941=CARTESIAN_POINT('Ctrl Pts',(-6.81449074074076,-2.48,-36.0357638888889));
#14942=CARTESIAN_POINT('Ctrl Pts',(-6.2265277777778,-2.48,-35.4536805555555));
#14943=CARTESIAN_POINT('Ctrl Pts',(-5.63856481481483,-2.48,-34.8715972222222));
#14944=CARTESIAN_POINT('Ctrl Pts',(-4.94770833333336,-2.48,-34.4188657407407));
#14945=CARTESIAN_POINT('Ctrl Pts',(-4.15395833333335,-2.48,-34.0954861111111));
#14946=CARTESIAN_POINT('Ctrl Pts',(-3.36020833333333,-2.48,-33.7721064814815));
#14947=CARTESIAN_POINT('Ctrl Pts',(-2.49296296296297,-2.48,-33.6104166666667));
#14948=CARTESIAN_POINT('Ctrl Pts',(-1.55222222222221,-2.48,-33.6104166666667));
#14949=CARTESIAN_POINT('Ctrl Pts',(-0.623240740740743,-2.48,-33.6104166666667));
#14950=CARTESIAN_POINT('Ctrl Pts',(0.238124999999982,-2.48,-33.7721064814815));
#14951=CARTESIAN_POINT('Ctrl Pts',(1.03187500000001,-2.48,-34.0954861111111));
#14952=CARTESIAN_POINT('Ctrl Pts',(1.82562500000003,-2.48,-34.4188657407407));
#14953=CARTESIAN_POINT('Ctrl Pts',(2.51942129629632,-2.48,-34.8715972222222));
#14954=CARTESIAN_POINT('Ctrl Pts',(3.1132638888889,-2.48,-35.4536805555555));
#14955=CARTESIAN_POINT('Ctrl Pts',(3.70710648148147,-2.48,-36.0357638888889));
#14956=CARTESIAN_POINT('Ctrl Pts',(4.16865740740739,-2.48,-36.7178009259259));
#14957=CARTESIAN_POINT('Ctrl Pts',(4.49791666666666,-2.48,-37.4997916666667));
#14958=CARTESIAN_POINT('Ctrl Pts',(4.82717592592592,-2.48,-38.2817824074074));
#14959=CARTESIAN_POINT('Ctrl Pts',(4.99180555555554,-2.48,-39.1313888888889));
#14960=CARTESIAN_POINT('Ctrl Pts',(4.99180555555554,-2.48,-40.0486111111111));
#14961=CARTESIAN_POINT('Ctrl Pts',(4.99180555555554,-2.48,-40.9540740740741));
#14962=CARTESIAN_POINT('Ctrl Pts',(4.82717592592593,-2.48,-41.7978009259259));
#14963=CARTESIAN_POINT('Ctrl Pts',(4.49791666666666,-2.48,-42.5797916666667));
#14964=CARTESIAN_POINT('Ctrl Pts',(4.16865740740739,-2.48,-43.3617824074074));
#14965=CARTESIAN_POINT('Ctrl Pts',(3.71004629629628,-2.48,-44.0438194444444));
#14966=CARTESIAN_POINT('Ctrl Pts',(3.12208333333331,-2.48,-44.6259027777777));
#14967=CARTESIAN_POINT('Ctrl Pts',(2.53412037037034,-2.48,-45.2079861111111));
#14968=CARTESIAN_POINT('Ctrl Pts',(1.84326388888888,-2.48,-45.6636574074074));
#14969=CARTESIAN_POINT('Ctrl Pts',(1.04951388888889,-2.48,-45.9929166666667));
#14970=CARTESIAN_POINT('Ctrl Pts',(0.255763888888882,-2.48,-46.3221759259259));
#14971=CARTESIAN_POINT('Ctrl Pts',(-0.599722222222212,-2.48,-46.4868055555555));
#14972=CARTESIAN_POINT('Ctrl Pts',(-1.51694444444445,-2.48,-46.4868055555555));
#14973=CARTESIAN_POINT('Origin',(-1.55222222222223,-2.48,-40.0486111111111));
#14974=CARTESIAN_POINT('Origin',(37.8883333333333,-2.5,-33.8220833333333));
#14975=CARTESIAN_POINT('',(37.8883333333333,-2.48,-33.8220833333333));
#14976=CARTESIAN_POINT('',(37.8883333333333,-2.5,-33.8220833333333));
#14977=CARTESIAN_POINT('',(40.6576388888889,-2.48,-33.8220833333333));
#14978=CARTESIAN_POINT('',(40.6576388888889,-2.48,-33.8220833333333));
#14979=CARTESIAN_POINT('',(40.6576388888889,-2.5,-33.8220833333333));
#14980=CARTESIAN_POINT('Origin',(37.8883333333333,-2.5,-46.2751388888889));
#14981=CARTESIAN_POINT('',(37.8883333333333,-2.48,-46.2751388888889));
#14982=CARTESIAN_POINT('',(37.8883333333333,-2.5,-46.2751388888889));
#14983=CARTESIAN_POINT('',(37.8883333333333,-2.48,-33.8220833333333));
#14984=CARTESIAN_POINT('Origin',(40.6576388888889,-2.5,-46.2751388888889));
#14985=CARTESIAN_POINT('',(40.6576388888889,-2.48,-46.2751388888889));
#14986=CARTESIAN_POINT('',(40.6576388888889,-2.5,-46.2751388888889));
#14987=CARTESIAN_POINT('',(37.8883333333333,-2.48,-46.2751388888889));
#14988=CARTESIAN_POINT('Origin',(40.6576388888889,-2.5,-33.8220833333333));
#14989=CARTESIAN_POINT('',(40.6576388888889,-2.48,-46.2751388888889));
#14990=CARTESIAN_POINT('Origin',(39.2729861111111,-2.48,-40.0486111111111));
#14991=CARTESIAN_POINT('Origin',(-38.5765511041632,-2.5,34.6783739857039));
#14992=CARTESIAN_POINT('',(-38.5765511041632,-2.48,34.6783739857039));
#14993=CARTESIAN_POINT('',(-38.5765511041632,-2.5,34.6783739857039));
#14994=CARTESIAN_POINT('',(-27.2909814181078,-2.48,34.6783739857039));
#14995=CARTESIAN_POINT('',(-27.2909814181078,-2.48,34.6783739857039));
#14996=CARTESIAN_POINT('',(-27.2909814181078,-2.5,34.6783739857039));
#14997=CARTESIAN_POINT('Origin',(-41.23553405563,-2.5,37.3373569371708));
#14998=CARTESIAN_POINT('',(-41.23553405563,-2.48,37.3373569371708));
#14999=CARTESIAN_POINT('',(-41.23553405563,-2.5,37.3373569371708));
#15000=CARTESIAN_POINT('',(-38.5765511041632,-2.48,34.6783739857039));
#15001=CARTESIAN_POINT('Origin',(-41.23553405563,-2.5,40.4722374055195));
#15002=CARTESIAN_POINT('',(-41.23553405563,-2.48,40.4722374055195));
#15003=CARTESIAN_POINT('',(-41.23553405563,-2.5,40.4722374055195));
#15004=CARTESIAN_POINT('',(-41.23553405563,-2.48,37.3373569371708));
#15005=CARTESIAN_POINT('Ctrl Pts',(-42.7463198235089,-2.5,40.4722374055195));
#15006=CARTESIAN_POINT('Ctrl Pts',(-42.7463198235089,-2.48,40.4722374055195));
#15007=CARTESIAN_POINT('Ctrl Pts',(-43.3053105576242,-2.5,40.7517327725771));
#15008=CARTESIAN_POINT('Ctrl Pts',(-43.3053105576242,-2.48,40.7517327725771));
#15009=CARTESIAN_POINT('Ctrl Pts',(-43.6905609284333,-2.5,41.3182774355317));
#15010=CARTESIAN_POINT('Ctrl Pts',(-43.6905609284333,-2.48,41.3182774355317));
#15011=CARTESIAN_POINT('Ctrl Pts',(-43.6905609284333,-2.5,41.9830231733984));
#15012=CARTESIAN_POINT('Ctrl Pts',(-43.6905609284333,-2.48,41.9830231733984));
#15013=CARTESIAN_POINT('Ctrl Pts',(-43.6905609284333,-2.5,42.9197103494833));
#15014=CARTESIAN_POINT('Ctrl Pts',(-43.6905609284333,-2.48,42.9197103494833));
#15015=CARTESIAN_POINT('Ctrl Pts',(-42.9276141156544,-2.5,43.6826571622622));
#15016=CARTESIAN_POINT('Ctrl Pts',(-42.9276141156544,-2.48,43.6826571622622));
#15017=CARTESIAN_POINT('Ctrl Pts',(-41.9909269395695,-2.5,43.6826571622622));
#15018=CARTESIAN_POINT('Ctrl Pts',(-41.9909269395695,-2.48,43.6826571622622));
#15019=CARTESIAN_POINT('Ctrl Pts',(-41.0542397634846,-2.5,43.6826571622622));
#15020=CARTESIAN_POINT('Ctrl Pts',(-41.0542397634846,-2.48,43.6826571622622));
#15021=CARTESIAN_POINT('Ctrl Pts',(-40.2912929507057,-2.5,42.9197103494833));
#15022=CARTESIAN_POINT('Ctrl Pts',(-40.2912929507057,-2.48,42.9197103494833));
#15023=CARTESIAN_POINT('Ctrl Pts',(-40.2912929507058,-2.5,41.9830231733984));
#15024=CARTESIAN_POINT('Ctrl Pts',(-40.2912929507058,-2.48,41.9830231733984));
#15025=CARTESIAN_POINT('Ctrl Pts',(-40.2912929507058,-2.5,41.3182774355317));
#15026=CARTESIAN_POINT('Ctrl Pts',(-40.2912929507058,-2.48,41.3182774355317));
#15027=CARTESIAN_POINT('Ctrl Pts',(-40.6765433215149,-2.5,40.7517327725771));
#15028=CARTESIAN_POINT('Ctrl Pts',(-40.6765433215149,-2.48,40.7517327725771));
#15029=CARTESIAN_POINT('Ctrl Pts',(-41.23553405563,-2.5,40.4722374055195));
#15030=CARTESIAN_POINT('Ctrl Pts',(-41.23553405563,-2.48,40.4722374055195));
#15031=CARTESIAN_POINT('',(-42.7463198235089,-2.48,40.4722374055195));
#15032=CARTESIAN_POINT('',(-42.7463198235089,-2.5,40.4722374055195));
#15033=CARTESIAN_POINT('Ctrl Pts',(-42.7463198235089,-2.48,40.4722374055195));
#15034=CARTESIAN_POINT('Ctrl Pts',(-43.3053105576242,-2.48,40.7517327725771));
#15035=CARTESIAN_POINT('Ctrl Pts',(-43.6905609284333,-2.48,41.3182774355317));
#15036=CARTESIAN_POINT('Ctrl Pts',(-43.6905609284333,-2.48,41.9830231733984));
#15037=CARTESIAN_POINT('Ctrl Pts',(-43.6905609284333,-2.48,42.9197103494833));
#15038=CARTESIAN_POINT('Ctrl Pts',(-42.9276141156544,-2.48,43.6826571622622));
#15039=CARTESIAN_POINT('Ctrl Pts',(-41.9909269395695,-2.48,43.6826571622622));
#15040=CARTESIAN_POINT('Ctrl Pts',(-41.0542397634846,-2.48,43.6826571622622));
#15041=CARTESIAN_POINT('Ctrl Pts',(-40.2912929507057,-2.48,42.9197103494833));
#15042=CARTESIAN_POINT('Ctrl Pts',(-40.2912929507058,-2.48,41.9830231733984));
#15043=CARTESIAN_POINT('Ctrl Pts',(-40.2912929507058,-2.48,41.3182774355317));
#15044=CARTESIAN_POINT('Ctrl Pts',(-40.6765433215149,-2.48,40.7517327725771));
#15045=CARTESIAN_POINT('Ctrl Pts',(-41.23553405563,-2.48,40.4722374055195));
#15046=CARTESIAN_POINT('Origin',(-42.7463198235089,-2.5,36.710380843501));
#15047=CARTESIAN_POINT('',(-42.7463198235089,-2.48,36.710380843501));
#15048=CARTESIAN_POINT('',(-42.7463198235089,-2.5,36.710380843501));
#15049=CARTESIAN_POINT('',(-42.7463198235089,-2.48,40.4722374055195));
#15050=CARTESIAN_POINT('Origin',(-39.2035271978329,-2.5,33.167588217825));
#15051=CARTESIAN_POINT('',(-39.2035271978329,-2.48,33.167588217825));
#15052=CARTESIAN_POINT('',(-39.2035271978329,-2.5,33.167588217825));
#15053=CARTESIAN_POINT('',(-42.7463198235089,-2.48,36.710380843501));
#15054=CARTESIAN_POINT('Origin',(-27.9179575117776,-2.5,33.167588217825));
#15055=CARTESIAN_POINT('',(-27.9179575117776,-2.48,33.167588217825));
#15056=CARTESIAN_POINT('',(-27.9179575117776,-2.5,33.167588217825));
#15057=CARTESIAN_POINT('',(-39.2035271978329,-2.48,33.167588217825));
#15058=CARTESIAN_POINT('Origin',(-24.0654538036864,-2.5,29.3150845097338));
#15059=CARTESIAN_POINT('',(-24.0654538036864,-2.48,29.3150845097338));
#15060=CARTESIAN_POINT('',(-24.0654538036864,-2.5,29.3150845097338));
#15061=CARTESIAN_POINT('',(-27.9179575117776,-2.48,33.167588217825));
#15062=CARTESIAN_POINT('Origin',(-24.0654538036864,-2.5,26.2104197567427));
#15063=CARTESIAN_POINT('',(-24.0654538036864,-2.48,26.2104197567427));
#15064=CARTESIAN_POINT('',(-24.0654538036864,-2.5,26.2104197567427));
#15065=CARTESIAN_POINT('',(-24.0654538036864,-2.48,29.3150845097338));
#15066=CARTESIAN_POINT('Ctrl Pts',(-22.5546680358075,-2.5,26.2104197567427));
#15067=CARTESIAN_POINT('Ctrl Pts',(-22.5546680358075,-2.48,26.2104197567427));
#15068=CARTESIAN_POINT('Ctrl Pts',(-21.9956773016922,-2.5,25.9309243896851));
#15069=CARTESIAN_POINT('Ctrl Pts',(-21.9956773016922,-2.48,25.9309243896851));
#15070=CARTESIAN_POINT('Ctrl Pts',(-21.6104269308832,-2.5,25.3643797267305));
#15071=CARTESIAN_POINT('Ctrl Pts',(-21.6104269308832,-2.48,25.3643797267305));
#15072=CARTESIAN_POINT('Ctrl Pts',(-21.6104269308832,-2.5,24.6996339888638));
#15073=CARTESIAN_POINT('Ctrl Pts',(-21.6104269308832,-2.48,24.6996339888638));
#15074=CARTESIAN_POINT('Ctrl Pts',(-21.6104269308832,-2.5,23.7629468127789));
#15075=CARTESIAN_POINT('Ctrl Pts',(-21.6104269308832,-2.48,23.7629468127789));
#15076=CARTESIAN_POINT('Ctrl Pts',(-22.373373743662,-2.5,23.));
#15077=CARTESIAN_POINT('Ctrl Pts',(-22.373373743662,-2.48,23.));
#15078=CARTESIAN_POINT('Ctrl Pts',(-23.3100609197469,-2.5,23.));
#15079=CARTESIAN_POINT('Ctrl Pts',(-23.3100609197469,-2.48,23.));
#15080=CARTESIAN_POINT('Ctrl Pts',(-24.2467480958318,-2.5,23.));
#15081=CARTESIAN_POINT('Ctrl Pts',(-24.2467480958318,-2.48,23.));
#15082=CARTESIAN_POINT('Ctrl Pts',(-25.0096949086107,-2.5,23.7629468127789));
#15083=CARTESIAN_POINT('Ctrl Pts',(-25.0096949086107,-2.48,23.7629468127789));
#15084=CARTESIAN_POINT('Ctrl Pts',(-25.0096949086107,-2.5,24.6996339888638));
#15085=CARTESIAN_POINT('Ctrl Pts',(-25.0096949086107,-2.48,24.6996339888638));
#15086=CARTESIAN_POINT('Ctrl Pts',(-25.0096949086107,-2.5,25.3643797267305));
#15087=CARTESIAN_POINT('Ctrl Pts',(-25.0096949086107,-2.48,25.3643797267305));
#15088=CARTESIAN_POINT('Ctrl Pts',(-24.6244445378015,-2.5,25.9309243896851));
#15089=CARTESIAN_POINT('Ctrl Pts',(-24.6244445378015,-2.48,25.9309243896851));
#15090=CARTESIAN_POINT('Ctrl Pts',(-24.0654538036864,-2.5,26.2104197567427));
#15091=CARTESIAN_POINT('Ctrl Pts',(-24.0654538036864,-2.48,26.2104197567427));
#15092=CARTESIAN_POINT('',(-22.5546680358075,-2.48,26.2104197567427));
#15093=CARTESIAN_POINT('',(-22.5546680358075,-2.5,26.2104197567427));
#15094=CARTESIAN_POINT('Ctrl Pts',(-22.5546680358075,-2.48,26.2104197567427));
#15095=CARTESIAN_POINT('Ctrl Pts',(-21.9956773016922,-2.48,25.9309243896851));
#15096=CARTESIAN_POINT('Ctrl Pts',(-21.6104269308832,-2.48,25.3643797267305));
#15097=CARTESIAN_POINT('Ctrl Pts',(-21.6104269308832,-2.48,24.6996339888638));
#15098=CARTESIAN_POINT('Ctrl Pts',(-21.6104269308832,-2.48,23.7629468127789));
#15099=CARTESIAN_POINT('Ctrl Pts',(-22.373373743662,-2.48,23.));
#15100=CARTESIAN_POINT('Ctrl Pts',(-23.3100609197469,-2.48,23.));
#15101=CARTESIAN_POINT('Ctrl Pts',(-24.2467480958318,-2.48,23.));
#15102=CARTESIAN_POINT('Ctrl Pts',(-25.0096949086107,-2.48,23.7629468127789));
#15103=CARTESIAN_POINT('Ctrl Pts',(-25.0096949086107,-2.48,24.6996339888638));
#15104=CARTESIAN_POINT('Ctrl Pts',(-25.0096949086107,-2.48,25.3643797267305));
#15105=CARTESIAN_POINT('Ctrl Pts',(-24.6244445378015,-2.48,25.9309243896851));
#15106=CARTESIAN_POINT('Ctrl Pts',(-24.0654538036864,-2.48,26.2104197567427));
#15107=CARTESIAN_POINT('Origin',(-22.5546680358075,-2.5,29.9420606034036));
#15108=CARTESIAN_POINT('',(-22.5546680358075,-2.48,29.9420606034036));
#15109=CARTESIAN_POINT('',(-22.5546680358075,-2.5,29.9420606034036));
#15110=CARTESIAN_POINT('',(-22.5546680358075,-2.48,26.2104197567427));
#15111=CARTESIAN_POINT('Origin',(-27.2909814181078,-2.5,34.6783739857039));
#15112=CARTESIAN_POINT('',(-22.5546680358075,-2.48,29.9420606034036));
#15113=CARTESIAN_POINT('Origin',(-32.6504939296582,-2.48,33.3413285811311));
#15114=CARTESIAN_POINT('Ctrl Pts',(5.46350866591673,-2.5,39.0687910155589));
#15115=CARTESIAN_POINT('Ctrl Pts',(5.01506423784052,-2.5,38.5427323635254));
#15116=CARTESIAN_POINT('Ctrl Pts',(4.38797950921148,-2.5,38.2850277528922));
#15117=CARTESIAN_POINT('Ctrl Pts',(5.46350866591673,-2.48,39.0687910155589));
#15118=CARTESIAN_POINT('Ctrl Pts',(5.01506423784052,-2.48,38.5427323635254));
#15119=CARTESIAN_POINT('Ctrl Pts',(4.38797950921148,-2.48,38.2850277528922));
#15120=CARTESIAN_POINT('',(4.3879795105999,-2.48,38.2850277505651));
#15121=CARTESIAN_POINT('',(4.3879795105999,-2.5,38.2850277505651));
#15122=CARTESIAN_POINT('',(5.46350866591673,-2.48,39.0687910155589));
#15123=CARTESIAN_POINT('Origin',(-2.5134128392414,-2.48,49.8520351522651));
#15124=CARTESIAN_POINT('',(5.46350866591673,-2.5,39.0687910155589));
#15125=CARTESIAN_POINT('Ctrl Pts',(0.360466071159955,-2.5,39.492137598532));
#15126=CARTESIAN_POINT('Ctrl Pts',(0.360466071159955,-2.48,39.492137598532));
#15127=CARTESIAN_POINT('Ctrl Pts',(0.606464761265961,-2.5,39.0230238173996));
#15128=CARTESIAN_POINT('Ctrl Pts',(0.606464761265961,-2.48,39.0230238173996));
#15129=CARTESIAN_POINT('Ctrl Pts',(0.961160547000155,-2.5,38.6626071318955));
#15130=CARTESIAN_POINT('Ctrl Pts',(0.961160547000155,-2.48,38.6626071318955));
#15131=CARTESIAN_POINT('Ctrl Pts',(1.42455342836261,-2.5,38.4051666422497));
#15132=CARTESIAN_POINT('Ctrl Pts',(1.42455342836261,-2.48,38.4051666422497));
#15133=CARTESIAN_POINT('Ctrl Pts',(1.88794630972504,-2.5,38.1477261526039));
#15134=CARTESIAN_POINT('Ctrl Pts',(1.88794630972504,-2.48,38.1477261526039));
#15135=CARTESIAN_POINT('Ctrl Pts',(2.41426908855647,-2.5,38.0218663576659));
#15136=CARTESIAN_POINT('Ctrl Pts',(2.41426908855647,-2.48,38.0218663576659));
#15137=CARTESIAN_POINT('Ctrl Pts',(3.01496356439667,-2.5,38.0218663576659));
#15138=CARTESIAN_POINT('Ctrl Pts',(3.01496356439667,-2.48,38.0218663576659));
#15139=CARTESIAN_POINT('Ctrl Pts',(3.51268184437855,-2.5,38.0218663576659));
#15140=CARTESIAN_POINT('Ctrl Pts',(3.51268184437855,-2.48,38.0218663576659));
#15141=CARTESIAN_POINT('Ctrl Pts',(3.97035382597107,-2.5,38.1076798542146));
#15142=CARTESIAN_POINT('Ctrl Pts',(3.97035382597107,-2.48,38.1076798542146));
#15143=CARTESIAN_POINT('Ctrl Pts',(4.38797950917429,-2.5,38.2850277470816));
#15144=CARTESIAN_POINT('Ctrl Pts',(4.38797950917429,-2.48,38.2850277470816));
#15145=CARTESIAN_POINT('',(0.360466071159955,-2.48,39.492137598532));
#15146=CARTESIAN_POINT('',(0.360466071159955,-2.5,39.492137598532));
#15147=CARTESIAN_POINT('Ctrl Pts',(0.360466071159955,-2.48,39.492137598532));
#15148=CARTESIAN_POINT('Ctrl Pts',(0.606464761265961,-2.48,39.0230238173996));
#15149=CARTESIAN_POINT('Ctrl Pts',(0.961160547000155,-2.48,38.6626071318955));
#15150=CARTESIAN_POINT('Ctrl Pts',(1.42455342836261,-2.48,38.4051666422497));
#15151=CARTESIAN_POINT('Ctrl Pts',(1.88794630972504,-2.48,38.1477261526039));
#15152=CARTESIAN_POINT('Ctrl Pts',(2.41426908855647,-2.48,38.0218663576659));
#15153=CARTESIAN_POINT('Ctrl Pts',(3.01496356439667,-2.48,38.0218663576659));
#15154=CARTESIAN_POINT('Ctrl Pts',(3.51268184437855,-2.48,38.0218663576659));
#15155=CARTESIAN_POINT('Ctrl Pts',(3.97035382597107,-2.48,38.1076798542146));
#15156=CARTESIAN_POINT('Ctrl Pts',(4.38797950917429,-2.48,38.2850277470816));
#15157=CARTESIAN_POINT('Ctrl Pts',(0.057258383354899,-2.5,40.4360860605666));
#15158=CARTESIAN_POINT('Ctrl Pts',(0.057258383354899,-2.48,40.4360860605666));
#15159=CARTESIAN_POINT('Ctrl Pts',(0.120188280823861,-2.5,40.0985529741421));
#15160=CARTESIAN_POINT('Ctrl Pts',(0.120188280823861,-2.48,40.0985529741421));
#15161=CARTESIAN_POINT('Ctrl Pts',(0.211722677142383,-2.5,39.7781825870273));
#15162=CARTESIAN_POINT('Ctrl Pts',(0.211722677142383,-2.48,39.7781825870273));
#15163=CARTESIAN_POINT('Ctrl Pts',(0.360466071159955,-2.5,39.492137598532));
#15164=CARTESIAN_POINT('Ctrl Pts',(0.360466071159955,-2.48,39.492137598532));
#15165=CARTESIAN_POINT('',(0.057258383354899,-2.48,40.4360860605666));
#15166=CARTESIAN_POINT('',(0.057258383354899,-2.5,40.4360860605666));
#15167=CARTESIAN_POINT('Ctrl Pts',(0.057258383354899,-2.48,40.4360860605666));
#15168=CARTESIAN_POINT('Ctrl Pts',(0.120188280823861,-2.48,40.0985529741421));
#15169=CARTESIAN_POINT('Ctrl Pts',(0.211722677142383,-2.48,39.7781825870273));
#15170=CARTESIAN_POINT('Ctrl Pts',(0.360466071159955,-2.48,39.492137598532));
#15171=CARTESIAN_POINT('Origin',(7.00243070402163,-2.5,40.4360860605666));
#15172=CARTESIAN_POINT('',(7.00243070402163,-2.48,40.4360860605666));
#15173=CARTESIAN_POINT('',(7.00243070402163,-2.5,40.4360860605666));
#15174=CARTESIAN_POINT('',(0.057258383354899,-2.48,40.4360860605666));
#15175=CARTESIAN_POINT('Ctrl Pts',(6.56192142173882,-2.5,43.5825809340153));
#15176=CARTESIAN_POINT('Ctrl Pts',(6.56192142173882,-2.48,43.5825809340153));
#15177=CARTESIAN_POINT('Ctrl Pts',(6.91661720747302,-2.5,42.9189565607061));
#15178=CARTESIAN_POINT('Ctrl Pts',(6.91661720747302,-2.48,42.9189565607061));
#15179=CARTESIAN_POINT('Ctrl Pts',(7.09396510034015,-2.5,42.1695186908483));
#15180=CARTESIAN_POINT('Ctrl Pts',(7.09396510034015,-2.48,42.1695186908483));
#15181=CARTESIAN_POINT('Ctrl Pts',(7.09396510034015,-2.5,41.3342673244419));
#15182=CARTESIAN_POINT('Ctrl Pts',(7.09396510034015,-2.48,41.3342673244419));
#15183=CARTESIAN_POINT('Ctrl Pts',(7.09396510034015,-2.5,41.2141284292739));
#15184=CARTESIAN_POINT('Ctrl Pts',(7.09396510034015,-2.48,41.2141284292739));
#15185=CARTESIAN_POINT('Ctrl Pts',(7.08824420057024,-2.5,41.0768268347961));
#15186=CARTESIAN_POINT('Ctrl Pts',(7.08824420057024,-2.48,41.0768268347961));
#15187=CARTESIAN_POINT('Ctrl Pts',(7.07680240103041,-2.5,40.9338043405484));
#15188=CARTESIAN_POINT('Ctrl Pts',(7.07680240103041,-2.48,40.9338043405484));
#15189=CARTESIAN_POINT('Ctrl Pts',(7.06536060149059,-2.5,40.7907818463008));
#15190=CARTESIAN_POINT('Ctrl Pts',(7.06536060149059,-2.48,40.7907818463008));
#15191=CARTESIAN_POINT('Ctrl Pts',(7.03675610264106,-2.5,40.6248757529735));
#15192=CARTESIAN_POINT('Ctrl Pts',(7.03675610264106,-2.48,40.6248757529735));
#15193=CARTESIAN_POINT('Ctrl Pts',(7.00243070402163,-2.5,40.4360860605666));
#15194=CARTESIAN_POINT('Ctrl Pts',(7.00243070402163,-2.48,40.4360860605666));
#15195=CARTESIAN_POINT('',(6.56192142173882,-2.48,43.5825809340152));
#15196=CARTESIAN_POINT('',(6.56192142173882,-2.5,43.5825809340152));
#15197=CARTESIAN_POINT('Ctrl Pts',(6.56192142173882,-2.48,43.5825809340153));
#15198=CARTESIAN_POINT('Ctrl Pts',(6.91661720747302,-2.48,42.9189565607061));
#15199=CARTESIAN_POINT('Ctrl Pts',(7.09396510034015,-2.48,42.1695186908483));
#15200=CARTESIAN_POINT('Ctrl Pts',(7.09396510034015,-2.48,41.3342673244419));
#15201=CARTESIAN_POINT('Ctrl Pts',(7.09396510034015,-2.48,41.2141284292739));
#15202=CARTESIAN_POINT('Ctrl Pts',(7.08824420057024,-2.48,41.0768268347961));
#15203=CARTESIAN_POINT('Ctrl Pts',(7.07680240103041,-2.48,40.9338043405484));
#15204=CARTESIAN_POINT('Ctrl Pts',(7.06536060149059,-2.48,40.7907818463008));
#15205=CARTESIAN_POINT('Ctrl Pts',(7.03675610264106,-2.48,40.6248757529735));
#15206=CARTESIAN_POINT('Ctrl Pts',(7.00243070402163,-2.48,40.4360860605666));
#15207=CARTESIAN_POINT('Ctrl Pts',(5.08020838133301,-2.5,45.13294477166));
#15208=CARTESIAN_POINT('Ctrl Pts',(6.02404422944679,-2.5,44.5802511465847));
#15209=CARTESIAN_POINT('Ctrl Pts',(6.56192142173883,-2.5,43.5825809340152));
#15210=CARTESIAN_POINT('Ctrl Pts',(5.08020838133301,-2.48,45.13294477166));
#15211=CARTESIAN_POINT('Ctrl Pts',(6.02404422944679,-2.48,44.5802511465847));
#15212=CARTESIAN_POINT('Ctrl Pts',(6.56192142173883,-2.48,43.5825809340152));
#15213=CARTESIAN_POINT('',(5.08020838133302,-2.48,45.1329447716599));
#15214=CARTESIAN_POINT('',(5.08020838133302,-2.5,45.1329447716599));
#15215=CARTESIAN_POINT('Origin',(-58.3477357064169,-2.48,-25.978498016681));
#15216=CARTESIAN_POINT('Ctrl Pts',(-1.07547977108663,-2.5,43.4281166402278));
#15217=CARTESIAN_POINT('Ctrl Pts',(-1.07547977108663,-2.48,43.4281166402278));
#15218=CARTESIAN_POINT('Ctrl Pts',(-0.66929588742326,-2.5,44.1317873119263));
#15219=CARTESIAN_POINT('Ctrl Pts',(-0.66929588742326,-2.48,44.1317873119263));
#15220=CARTESIAN_POINT('Ctrl Pts',(-0.120089509512225,-2.5,44.6809936898374));
#15221=CARTESIAN_POINT('Ctrl Pts',(-0.120089509512225,-2.48,44.6809936898374));
#15222=CARTESIAN_POINT('Ctrl Pts',(0.572139362646489,-2.5,45.0871775735007));
#15223=CARTESIAN_POINT('Ctrl Pts',(0.572139362646489,-2.48,45.0871775735007));
#15224=CARTESIAN_POINT('Ctrl Pts',(1.26436823480521,-2.5,45.4933614571641));
#15225=CARTESIAN_POINT('Ctrl Pts',(1.26436823480521,-2.48,45.4933614571641));
#15226=CARTESIAN_POINT('Ctrl Pts',(2.07673600213198,-2.5,45.6935929491108));
#15227=CARTESIAN_POINT('Ctrl Pts',(2.07673600213198,-2.48,45.6935929491108));
#15228=CARTESIAN_POINT('Ctrl Pts',(2.90054556899854,-2.5,45.6935929491108));
#15229=CARTESIAN_POINT('Ctrl Pts',(2.90054556899854,-2.48,45.6935929491108));
#15230=CARTESIAN_POINT('Ctrl Pts',(3.7243551358651,-2.5,45.6935929491108));
#15231=CARTESIAN_POINT('Ctrl Pts',(3.7243551358651,-2.48,45.6935929491108));
#15232=CARTESIAN_POINT('Ctrl Pts',(4.45090940664326,-2.5,45.5048032567039));
#15233=CARTESIAN_POINT('Ctrl Pts',(4.45090940664326,-2.48,45.5048032567039));
#15234=CARTESIAN_POINT('Ctrl Pts',(5.08020838133302,-2.5,45.1329447716599));
#15235=CARTESIAN_POINT('Ctrl Pts',(5.08020838133302,-2.48,45.1329447716599));
#15236=CARTESIAN_POINT('',(-1.07547977108663,-2.48,43.4281166402278));
#15237=CARTESIAN_POINT('',(-1.07547977108663,-2.5,43.4281166402278));
#15238=CARTESIAN_POINT('Ctrl Pts',(-1.07547977108663,-2.48,43.4281166402278));
#15239=CARTESIAN_POINT('Ctrl Pts',(-0.66929588742326,-2.48,44.1317873119263));
#15240=CARTESIAN_POINT('Ctrl Pts',(-0.120089509512225,-2.48,44.6809936898374));
#15241=CARTESIAN_POINT('Ctrl Pts',(0.572139362646489,-2.48,45.0871775735007));
#15242=CARTESIAN_POINT('Ctrl Pts',(1.26436823480521,-2.48,45.4933614571641));
#15243=CARTESIAN_POINT('Ctrl Pts',(2.07673600213198,-2.48,45.6935929491108));
#15244=CARTESIAN_POINT('Ctrl Pts',(2.90054556899854,-2.48,45.6935929491108));
#15245=CARTESIAN_POINT('Ctrl Pts',(3.7243551358651,-2.48,45.6935929491108));
#15246=CARTESIAN_POINT('Ctrl Pts',(4.45090940664326,-2.48,45.5048032567039));
#15247=CARTESIAN_POINT('Ctrl Pts',(5.08020838133302,-2.48,45.1329447716599));
#15248=CARTESIAN_POINT('Ctrl Pts',(6.550479622199,-2.5,37.9646573599668));
#15249=CARTESIAN_POINT('Ctrl Pts',(6.550479622199,-2.48,37.9646573599668));
#15250=CARTESIAN_POINT('Ctrl Pts',(6.12713303922593,-2.5,37.466939079985));
#15251=CARTESIAN_POINT('Ctrl Pts',(6.12713303922593,-2.48,37.466939079985));
#15252=CARTESIAN_POINT('Ctrl Pts',(5.60653116016441,-2.5,37.0893596951712));
#15253=CARTESIAN_POINT('Ctrl Pts',(5.60653116016441,-2.48,37.0893596951712));
#15254=CARTESIAN_POINT('Ctrl Pts',(4.98867398501449,-2.5,36.8261983057555));
#15255=CARTESIAN_POINT('Ctrl Pts',(4.98867398501449,-2.48,36.8261983057555));
#15256=CARTESIAN_POINT('Ctrl Pts',(4.37081680986457,-2.5,36.5630369163397));
#15257=CARTESIAN_POINT('Ctrl Pts',(4.37081680986457,-2.48,36.5630369163397));
#15258=CARTESIAN_POINT('Ctrl Pts',(3.71291333632527,-2.5,36.4314562216319));
#15259=CARTESIAN_POINT('Ctrl Pts',(3.71291333632527,-2.48,36.4314562216319));
#15260=CARTESIAN_POINT('Ctrl Pts',(3.01496356439667,-2.5,36.4314562216319));
#15261=CARTESIAN_POINT('Ctrl Pts',(3.01496356439667,-2.48,36.4314562216319));
#15262=CARTESIAN_POINT('Ctrl Pts',(2.12822410006115,-2.5,36.4314562216319));
#15263=CARTESIAN_POINT('Ctrl Pts',(2.12822410006115,-2.48,36.4314562216319));
#15264=CARTESIAN_POINT('Ctrl Pts',(1.32729813227418,-2.5,36.6316877135786));
#15265=CARTESIAN_POINT('Ctrl Pts',(1.32729813227418,-2.48,36.6316877135786));
#15266=CARTESIAN_POINT('Ctrl Pts',(0.61790656080575,-2.5,37.037871597242));
#15267=CARTESIAN_POINT('Ctrl Pts',(0.61790656080575,-2.48,37.037871597242));
#15268=CARTESIAN_POINT('Ctrl Pts',(-0.0914850106626641,-2.5,37.4440554809053));
#15269=CARTESIAN_POINT('Ctrl Pts',(-0.0914850106626641,-2.48,37.4440554809053));
#15270=CARTESIAN_POINT('Ctrl Pts',(-0.652133188113497,-2.5,37.9989827585863));
#15271=CARTESIAN_POINT('Ctrl Pts',(-0.652133188113497,-2.48,37.9989827585863));
#15272=CARTESIAN_POINT('Ctrl Pts',(-1.0640379715468,-2.5,38.6969325305149));
#15273=CARTESIAN_POINT('Ctrl Pts',(-1.0640379715468,-2.48,38.6969325305149));
#15274=CARTESIAN_POINT('Ctrl Pts',(-1.47594275498012,-2.5,39.3948823024435));
#15275=CARTESIAN_POINT('Ctrl Pts',(-1.47594275498012,-2.48,39.3948823024435));
#15276=CARTESIAN_POINT('Ctrl Pts',(-1.68189514669674,-2.5,40.1958082702305));
#15277=CARTESIAN_POINT('Ctrl Pts',(-1.68189514669674,-2.48,40.1958082702305));
#15278=CARTESIAN_POINT('Ctrl Pts',(-1.68189514669674,-2.5,41.0711059350262));
#15279=CARTESIAN_POINT('Ctrl Pts',(-1.68189514669674,-2.48,41.0711059350262));
#15280=CARTESIAN_POINT('Ctrl Pts',(-1.68189514669674,-2.5,41.9464035998219));
#15281=CARTESIAN_POINT('Ctrl Pts',(-1.68189514669674,-2.48,41.9464035998219));
#15282=CARTESIAN_POINT('Ctrl Pts',(-1.48166365474999,-2.5,42.7301668682991));
#15283=CARTESIAN_POINT('Ctrl Pts',(-1.48166365474999,-2.48,42.7301668682991));
#15284=CARTESIAN_POINT('Ctrl Pts',(-1.07547977108663,-2.5,43.4281166402278));
#15285=CARTESIAN_POINT('Ctrl Pts',(-1.07547977108663,-2.48,43.4281166402278));
#15286=CARTESIAN_POINT('',(6.550479622199,-2.48,37.9646573599668));
#15287=CARTESIAN_POINT('',(6.550479622199,-2.5,37.9646573599668));
#15288=CARTESIAN_POINT('Ctrl Pts',(6.550479622199,-2.48,37.9646573599668));
#15289=CARTESIAN_POINT('Ctrl Pts',(6.12713303922593,-2.48,37.466939079985));
#15290=CARTESIAN_POINT('Ctrl Pts',(5.60653116016441,-2.48,37.0893596951712));
#15291=CARTESIAN_POINT('Ctrl Pts',(4.98867398501449,-2.48,36.8261983057555));
#15292=CARTESIAN_POINT('Ctrl Pts',(4.37081680986457,-2.48,36.5630369163397));
#15293=CARTESIAN_POINT('Ctrl Pts',(3.71291333632527,-2.48,36.4314562216319));
#15294=CARTESIAN_POINT('Ctrl Pts',(3.01496356439667,-2.48,36.4314562216319));
#15295=CARTESIAN_POINT('Ctrl Pts',(2.12822410006115,-2.48,36.4314562216319));
#15296=CARTESIAN_POINT('Ctrl Pts',(1.32729813227418,-2.48,36.6316877135786));
#15297=CARTESIAN_POINT('Ctrl Pts',(0.61790656080575,-2.48,37.037871597242));
#15298=CARTESIAN_POINT('Ctrl Pts',(-0.0914850106626641,-2.48,37.4440554809053));
#15299=CARTESIAN_POINT('Ctrl Pts',(-0.652133188113497,-2.48,37.9989827585863));
#15300=CARTESIAN_POINT('Ctrl Pts',(-1.0640379715468,-2.48,38.6969325305149));
#15301=CARTESIAN_POINT('Ctrl Pts',(-1.47594275498012,-2.48,39.3948823024435));
#15302=CARTESIAN_POINT('Ctrl Pts',(-1.68189514669674,-2.48,40.1958082702305));
#15303=CARTESIAN_POINT('Ctrl Pts',(-1.68189514669674,-2.48,41.0711059350262));
#15304=CARTESIAN_POINT('Ctrl Pts',(-1.68189514669674,-2.48,41.9464035998219));
#15305=CARTESIAN_POINT('Ctrl Pts',(-1.48166365474999,-2.48,42.7301668682991));
#15306=CARTESIAN_POINT('Ctrl Pts',(-1.07547977108663,-2.48,43.4281166402278));
#15307=CARTESIAN_POINT('Origin',(5.46350866591673,-2.5,39.0687910155589));
#15308=CARTESIAN_POINT('',(6.550479622199,-2.48,37.9646573599668));
#15309=CARTESIAN_POINT('Origin',(2.70603497682171,-2.48,41.0625245853713));
#15310=CARTESIAN_POINT('Origin',(41.562386214028,-2.5,45.5048032567039));
#15311=CARTESIAN_POINT('',(41.562386214028,-2.48,45.5048032567039));
#15312=CARTESIAN_POINT('',(41.562386214028,-2.5,45.5048032567039));
#15313=CARTESIAN_POINT('',(43.524654835106,-2.48,45.5048032567039));
#15314=CARTESIAN_POINT('',(43.524654835106,-2.48,45.5048032567039));
#15315=CARTESIAN_POINT('',(43.524654835106,-2.5,45.5048032567039));
#15316=CARTESIAN_POINT('Origin',(39.3712816021537,-2.5,42.4040755814145));
#15317=CARTESIAN_POINT('',(39.3712816021537,-2.48,42.4040755814145));
#15318=CARTESIAN_POINT('',(39.3712816021537,-2.5,42.4040755814145));
#15319=CARTESIAN_POINT('',(41.562386214028,-2.48,45.5048032567039));
#15320=CARTESIAN_POINT('Origin',(37.1058052932707,-2.5,45.5048032567039));
#15321=CARTESIAN_POINT('',(37.1058052932707,-2.48,45.5048032567039));
#15322=CARTESIAN_POINT('',(37.1058052932707,-2.5,45.5048032567039));
#15323=CARTESIAN_POINT('',(39.3712816021537,-2.48,42.4040755814145));
#15324=CARTESIAN_POINT('Origin',(35.0691649751839,-2.5,45.5048032567039));
#15325=CARTESIAN_POINT('',(35.0691649751839,-2.48,45.5048032567039));
#15326=CARTESIAN_POINT('',(35.0691649751839,-2.5,45.5048032567039));
#15327=CARTESIAN_POINT('',(37.1058052932707,-2.48,45.5048032567039));
#15328=CARTESIAN_POINT('Origin',(38.2900315456414,-2.5,41.1855239304243));
#15329=CARTESIAN_POINT('',(38.2900315456414,-2.48,41.1855239304243));
#15330=CARTESIAN_POINT('',(38.2900315456414,-2.5,41.1855239304243));
#15331=CARTESIAN_POINT('',(35.0691649751839,-2.48,45.5048032567039));
#15332=CARTESIAN_POINT('Origin',(34.8975379820867,-2.5,36.6202459140388));
#15333=CARTESIAN_POINT('',(34.8975379820867,-2.48,36.6202459140388));
#15334=CARTESIAN_POINT('',(34.8975379820867,-2.5,36.6202459140388));
#15335=CARTESIAN_POINT('',(38.2900315456414,-2.48,41.1855239304243));
#15336=CARTESIAN_POINT('Origin',(36.8826902022443,-2.5,36.6202459140388));
#15337=CARTESIAN_POINT('',(36.8826902022443,-2.48,36.6202459140388));
#15338=CARTESIAN_POINT('',(36.8826902022443,-2.5,36.6202459140388));
#15339=CARTESIAN_POINT('',(34.8975379820867,-2.48,36.6202459140388));
#15340=CARTESIAN_POINT('Origin',(39.2683054062954,-2.5,39.9726931792041));
#15341=CARTESIAN_POINT('',(39.2683054062954,-2.48,39.9726931792041));
#15342=CARTESIAN_POINT('',(39.2683054062954,-2.5,39.9726931792041));
#15343=CARTESIAN_POINT('',(36.8826902022443,-2.48,36.6202459140388));
#15344=CARTESIAN_POINT('Origin',(41.6539206103465,-2.5,36.6202459140388));
#15345=CARTESIAN_POINT('',(41.6539206103465,-2.48,36.6202459140388));
#15346=CARTESIAN_POINT('',(41.6539206103465,-2.5,36.6202459140388));
#15347=CARTESIAN_POINT('',(39.2683054062954,-2.48,39.9726931792041));
#15348=CARTESIAN_POINT('Origin',(43.6905609284333,-2.5,36.6202459140388));
#15349=CARTESIAN_POINT('',(43.6905609284333,-2.48,36.6202459140388));
#15350=CARTESIAN_POINT('',(43.6905609284333,-2.5,36.6202459140388));
#15351=CARTESIAN_POINT('',(41.6539206103465,-2.48,36.6202459140388));
#15352=CARTESIAN_POINT('Origin',(40.3609972623476,-2.5,41.2141284292739));
#15353=CARTESIAN_POINT('',(40.3609972623476,-2.48,41.2141284292739));
#15354=CARTESIAN_POINT('',(40.3609972623476,-2.5,41.2141284292739));
#15355=CARTESIAN_POINT('',(43.6905609284333,-2.48,36.6202459140388));
#15356=CARTESIAN_POINT('Origin',(43.524654835106,-2.5,45.5048032567039));
#15357=CARTESIAN_POINT('',(40.3609972623476,-2.48,41.2141284292739));
#15358=CARTESIAN_POINT('Origin',(39.29404945526,-2.48,41.0625245853713));
#15359=CARTESIAN_POINT('Origin',(-8.96460055378796,-2.5,45.5048032567039));
#15360=CARTESIAN_POINT('',(-8.96460055378796,-2.48,45.5048032567039));
#15361=CARTESIAN_POINT('',(-8.96460055378796,-2.5,45.5048032567039));
#15362=CARTESIAN_POINT('',(-6.69912424490491,-2.48,42.4040755814145));
#15363=CARTESIAN_POINT('',(-6.69912424490491,-2.48,42.4040755814145));
#15364=CARTESIAN_POINT('',(-6.69912424490491,-2.5,42.4040755814145));
#15365=CARTESIAN_POINT('Origin',(-11.0069617716447,-2.5,45.5048032567039));
#15366=CARTESIAN_POINT('',(-11.0069617716447,-2.48,45.5048032567039));
#15367=CARTESIAN_POINT('',(-11.0069617716447,-2.5,45.5048032567039));
#15368=CARTESIAN_POINT('',(-8.96460055378796,-2.48,45.5048032567039));
#15369=CARTESIAN_POINT('Origin',(-7.78609520118717,-2.5,41.1855239304243));
#15370=CARTESIAN_POINT('',(-7.78609520118717,-2.48,41.1855239304243));
#15371=CARTESIAN_POINT('',(-7.78609520118717,-2.5,41.1855239304243));
#15372=CARTESIAN_POINT('',(-11.0069617716447,-2.48,45.5048032567039));
#15373=CARTESIAN_POINT('Origin',(-11.1728678649719,-2.5,36.6202459140388));
#15374=CARTESIAN_POINT('',(-11.1728678649719,-2.48,36.6202459140388));
#15375=CARTESIAN_POINT('',(-11.1728678649719,-2.5,36.6202459140388));
#15376=CARTESIAN_POINT('',(-7.78609520118717,-2.48,41.1855239304243));
#15377=CARTESIAN_POINT('Origin',(-9.18771564481432,-2.5,36.6202459140388));
#15378=CARTESIAN_POINT('',(-9.18771564481432,-2.48,36.6202459140388));
#15379=CARTESIAN_POINT('',(-9.18771564481432,-2.5,36.6202459140388));
#15380=CARTESIAN_POINT('',(-11.1728678649719,-2.48,36.6202459140388));
#15381=CARTESIAN_POINT('Origin',(-6.80210044076322,-2.5,39.9726931792041));
#15382=CARTESIAN_POINT('',(-6.80210044076322,-2.48,39.9726931792041));
#15383=CARTESIAN_POINT('',(-6.80210044076322,-2.5,39.9726931792041));
#15384=CARTESIAN_POINT('',(-9.18771564481432,-2.48,36.6202459140388));
#15385=CARTESIAN_POINT('Origin',(-4.41648523671212,-2.5,36.6202459140388));
#15386=CARTESIAN_POINT('',(-4.41648523671212,-2.48,36.6202459140388));
#15387=CARTESIAN_POINT('',(-4.41648523671212,-2.5,36.6202459140388));
#15388=CARTESIAN_POINT('',(-6.80210044076322,-2.48,39.9726931792041));
#15389=CARTESIAN_POINT('Origin',(-2.37984491862534,-2.5,36.6202459140388));
#15390=CARTESIAN_POINT('',(-2.37984491862534,-2.48,36.6202459140388));
#15391=CARTESIAN_POINT('',(-2.37984491862534,-2.5,36.6202459140388));
#15392=CARTESIAN_POINT('',(-4.41648523671212,-2.48,36.6202459140388));
#15393=CARTESIAN_POINT('Origin',(-5.70940858471104,-2.5,41.2141284292739));
#15394=CARTESIAN_POINT('',(-5.70940858471104,-2.48,41.2141284292739));
#15395=CARTESIAN_POINT('',(-5.70940858471104,-2.5,41.2141284292739));
#15396=CARTESIAN_POINT('',(-2.37984491862534,-2.48,36.6202459140388));
#15397=CARTESIAN_POINT('Origin',(-2.54575101195261,-2.5,45.5048032567039));
#15398=CARTESIAN_POINT('',(-2.54575101195261,-2.48,45.5048032567039));
#15399=CARTESIAN_POINT('',(-2.54575101195261,-2.5,45.5048032567039));
#15400=CARTESIAN_POINT('',(-5.70940858471104,-2.48,41.2141284292739));
#15401=CARTESIAN_POINT('Origin',(-4.51374053280055,-2.5,45.5048032567039));
#15402=CARTESIAN_POINT('',(-4.51374053280055,-2.48,45.5048032567039));
#15403=CARTESIAN_POINT('',(-4.51374053280055,-2.5,45.5048032567039));
#15404=CARTESIAN_POINT('',(-2.54575101195261,-2.48,45.5048032567039));
#15405=CARTESIAN_POINT('Origin',(-6.69912424490491,-2.5,42.4040755814145));
#15406=CARTESIAN_POINT('',(-4.51374053280055,-2.48,45.5048032567039));
#15407=CARTESIAN_POINT('Origin',(-6.77635639179863,-2.48,41.0625245853713));
#15408=CARTESIAN_POINT('Origin',(-39.1053261229208,-2.5,48.0865976756292));
#15409=CARTESIAN_POINT('',(-39.1053261229208,-2.48,48.0865976756292));
#15410=CARTESIAN_POINT('',(-39.1053261229208,-2.5,48.0865976756292));
#15411=CARTESIAN_POINT('',(-36.4916667444903,-2.48,50.7002570540597));
#15412=CARTESIAN_POINT('',(-36.4916667444903,-2.48,50.7002570540597));
#15413=CARTESIAN_POINT('',(-36.4916667444903,-2.5,50.7002570540597));
#15414=CARTESIAN_POINT('Ctrl Pts',(-38.0326682277268,-2.5,47.0214937092746));
#15415=CARTESIAN_POINT('Ctrl Pts',(-38.0326682277268,-2.48,47.0214937092746));
#15416=CARTESIAN_POINT('Ctrl Pts',(-37.979790725851,-2.5,46.8477533459684));
#15417=CARTESIAN_POINT('Ctrl Pts',(-37.979790725851,-2.48,46.8477533459684));
#15418=CARTESIAN_POINT('Ctrl Pts',(-37.942021081654,-2.5,46.6740129826624));
#15419=CARTESIAN_POINT('Ctrl Pts',(-37.942021081654,-2.48,46.6740129826624));
#15420=CARTESIAN_POINT('Ctrl Pts',(-37.942021081654,-2.5,46.4851647616775));
#15421=CARTESIAN_POINT('Ctrl Pts',(-37.942021081654,-2.48,46.4851647616775));
#15422=CARTESIAN_POINT('Ctrl Pts',(-37.942021081654,-2.5,45.5484775855926));
#15423=CARTESIAN_POINT('Ctrl Pts',(-37.942021081654,-2.48,45.5484775855926));
#15424=CARTESIAN_POINT('Ctrl Pts',(-38.7049678944329,-2.5,44.7855307728138));
#15425=CARTESIAN_POINT('Ctrl Pts',(-38.7049678944329,-2.48,44.7855307728138));
#15426=CARTESIAN_POINT('Ctrl Pts',(-39.6416550705178,-2.5,44.7855307728138));
#15427=CARTESIAN_POINT('Ctrl Pts',(-39.6416550705178,-2.48,44.7855307728138));
#15428=CARTESIAN_POINT('Ctrl Pts',(-40.5783422466027,-2.5,44.7855307728138));
#15429=CARTESIAN_POINT('Ctrl Pts',(-40.5783422466027,-2.48,44.7855307728138));
#15430=CARTESIAN_POINT('Ctrl Pts',(-41.3412890593816,-2.5,45.5484775855926));
#15431=CARTESIAN_POINT('Ctrl Pts',(-41.3412890593816,-2.48,45.5484775855926));
#15432=CARTESIAN_POINT('Ctrl Pts',(-41.3412890593816,-2.5,46.4851647616775));
#15433=CARTESIAN_POINT('Ctrl Pts',(-41.3412890593816,-2.48,46.4851647616775));
#15434=CARTESIAN_POINT('Ctrl Pts',(-41.3412890593816,-2.5,47.4218519377625));
#15435=CARTESIAN_POINT('Ctrl Pts',(-41.3412890593816,-2.48,47.4218519377625));
#15436=CARTESIAN_POINT('Ctrl Pts',(-40.5783422466027,-2.5,48.1847987505413));
#15437=CARTESIAN_POINT('Ctrl Pts',(-40.5783422466027,-2.48,48.1847987505413));
#15438=CARTESIAN_POINT('Ctrl Pts',(-39.6416550705178,-2.5,48.1847987505413));
#15439=CARTESIAN_POINT('Ctrl Pts',(-39.6416550705178,-2.48,48.1847987505413));
#15440=CARTESIAN_POINT('Ctrl Pts',(-39.452806849533,-2.5,48.1847987505413));
#15441=CARTESIAN_POINT('Ctrl Pts',(-39.452806849533,-2.48,48.1847987505413));
#15442=CARTESIAN_POINT('Ctrl Pts',(-39.2715125573875,-2.5,48.1394751775049));
#15443=CARTESIAN_POINT('Ctrl Pts',(-39.2715125573875,-2.48,48.1394751775049));
#15444=CARTESIAN_POINT('Ctrl Pts',(-39.1053261229208,-2.5,48.0865976756292));
#15445=CARTESIAN_POINT('Ctrl Pts',(-39.1053261229208,-2.48,48.0865976756292));
#15446=CARTESIAN_POINT('',(-38.0326682277268,-2.48,47.0214937092746));
#15447=CARTESIAN_POINT('',(-38.0326682277268,-2.5,47.0214937092746));
#15448=CARTESIAN_POINT('Ctrl Pts',(-38.0326682277268,-2.48,47.0214937092746));
#15449=CARTESIAN_POINT('Ctrl Pts',(-37.979790725851,-2.48,46.8477533459684));
#15450=CARTESIAN_POINT('Ctrl Pts',(-37.942021081654,-2.48,46.6740129826624));
#15451=CARTESIAN_POINT('Ctrl Pts',(-37.942021081654,-2.48,46.4851647616775));
#15452=CARTESIAN_POINT('Ctrl Pts',(-37.942021081654,-2.48,45.5484775855926));
#15453=CARTESIAN_POINT('Ctrl Pts',(-38.7049678944329,-2.48,44.7855307728138));
#15454=CARTESIAN_POINT('Ctrl Pts',(-39.6416550705178,-2.48,44.7855307728138));
#15455=CARTESIAN_POINT('Ctrl Pts',(-40.5783422466027,-2.48,44.7855307728138));
#15456=CARTESIAN_POINT('Ctrl Pts',(-41.3412890593816,-2.48,45.5484775855926));
#15457=CARTESIAN_POINT('Ctrl Pts',(-41.3412890593816,-2.48,46.4851647616775));
#15458=CARTESIAN_POINT('Ctrl Pts',(-41.3412890593816,-2.48,47.4218519377625));
#15459=CARTESIAN_POINT('Ctrl Pts',(-40.5783422466027,-2.48,48.1847987505413));
#15460=CARTESIAN_POINT('Ctrl Pts',(-39.6416550705178,-2.48,48.1847987505413));
#15461=CARTESIAN_POINT('Ctrl Pts',(-39.452806849533,-2.48,48.1847987505413));
#15462=CARTESIAN_POINT('Ctrl Pts',(-39.2715125573875,-2.48,48.1394751775049));
#15463=CARTESIAN_POINT('Ctrl Pts',(-39.1053261229208,-2.48,48.0865976756292));
#15464=CARTESIAN_POINT('Origin',(-35.8646906508206,-2.5,49.1970252150202));
#15465=CARTESIAN_POINT('',(-35.8646906508206,-2.48,49.1970252150202));
#15466=CARTESIAN_POINT('',(-35.8646906508206,-2.5,49.1970252150202));
#15467=CARTESIAN_POINT('',(-38.0326682277268,-2.48,47.0214937092746));
#15468=CARTESIAN_POINT('Origin',(-20.9985586948922,-2.5,49.1970252150202));
#15469=CARTESIAN_POINT('',(-20.9985586948922,-2.48,49.1970252150202));
#15470=CARTESIAN_POINT('',(-20.9985586948922,-2.5,49.1970252150202));
#15471=CARTESIAN_POINT('',(-35.8646906508206,-2.48,49.1970252150202));
#15472=CARTESIAN_POINT('Origin',(-16.7079271141161,-2.5,44.9063936342441));
#15473=CARTESIAN_POINT('',(-16.7079271141161,-2.48,44.9063936342441));
#15474=CARTESIAN_POINT('',(-16.7079271141161,-2.5,44.9063936342441));
#15475=CARTESIAN_POINT('',(-20.9985586948922,-2.48,49.1970252150202));
#15476=CARTESIAN_POINT('Origin',(-16.7079271141161,-2.5,36.3477922592101));
#15477=CARTESIAN_POINT('',(-16.7079271141161,-2.48,36.3477922592101));
#15478=CARTESIAN_POINT('',(-16.7079271141161,-2.5,36.3477922592101));
#15479=CARTESIAN_POINT('',(-16.7079271141161,-2.48,44.9063936342441));
#15480=CARTESIAN_POINT('Origin',(-19.6464054326406,-2.5,33.4093139406856));
#15481=CARTESIAN_POINT('',(-19.6464054326406,-2.48,33.4093139406856));
#15482=CARTESIAN_POINT('',(-19.6464054326406,-2.5,33.4093139406856));
#15483=CARTESIAN_POINT('',(-16.7079271141161,-2.48,36.3477922592101));
#15484=CARTESIAN_POINT('Ctrl Pts',(-18.5737475374465,-2.5,32.3366560454916));
#15485=CARTESIAN_POINT('Ctrl Pts',(-18.5737475374465,-2.48,32.3366560454916));
#15486=CARTESIAN_POINT('Ctrl Pts',(-18.5208700355708,-2.5,32.1629156821855));
#15487=CARTESIAN_POINT('Ctrl Pts',(-18.5208700355708,-2.48,32.1629156821855));
#15488=CARTESIAN_POINT('Ctrl Pts',(-18.4831003913738,-2.5,31.9891753188795));
#15489=CARTESIAN_POINT('Ctrl Pts',(-18.4831003913738,-2.48,31.9891753188795));
#15490=CARTESIAN_POINT('Ctrl Pts',(-18.4831003913738,-2.5,31.8003270978946));
#15491=CARTESIAN_POINT('Ctrl Pts',(-18.4831003913738,-2.48,31.8003270978946));
#15492=CARTESIAN_POINT('Ctrl Pts',(-18.4831003913738,-2.5,30.8636399218097));
#15493=CARTESIAN_POINT('Ctrl Pts',(-18.4831003913738,-2.48,30.8636399218097));
#15494=CARTESIAN_POINT('Ctrl Pts',(-19.2460472041526,-2.5,30.1006931090308));
#15495=CARTESIAN_POINT('Ctrl Pts',(-19.2460472041526,-2.48,30.1006931090308));
#15496=CARTESIAN_POINT('Ctrl Pts',(-20.1827343802376,-2.5,30.1006931090309));
#15497=CARTESIAN_POINT('Ctrl Pts',(-20.1827343802376,-2.48,30.1006931090309));
#15498=CARTESIAN_POINT('Ctrl Pts',(-21.1194215563225,-2.5,30.1006931090309));
#15499=CARTESIAN_POINT('Ctrl Pts',(-21.1194215563225,-2.48,30.1006931090309));
#15500=CARTESIAN_POINT('Ctrl Pts',(-21.8823683691014,-2.5,30.8636399218097));
#15501=CARTESIAN_POINT('Ctrl Pts',(-21.8823683691014,-2.48,30.8636399218097));
#15502=CARTESIAN_POINT('Ctrl Pts',(-21.8823683691014,-2.5,31.8003270978946));
#15503=CARTESIAN_POINT('Ctrl Pts',(-21.8823683691014,-2.48,31.8003270978946));
#15504=CARTESIAN_POINT('Ctrl Pts',(-21.8823683691014,-2.5,32.7370142739795));
#15505=CARTESIAN_POINT('Ctrl Pts',(-21.8823683691014,-2.48,32.7370142739795));
#15506=CARTESIAN_POINT('Ctrl Pts',(-21.1194215563225,-2.5,33.4999610867584));
#15507=CARTESIAN_POINT('Ctrl Pts',(-21.1194215563225,-2.48,33.4999610867584));
#15508=CARTESIAN_POINT('Ctrl Pts',(-20.1827343802376,-2.5,33.4999610867584));
#15509=CARTESIAN_POINT('Ctrl Pts',(-20.1827343802376,-2.48,33.4999610867584));
#15510=CARTESIAN_POINT('Ctrl Pts',(-19.9938861592527,-2.5,33.4999610867584));
#15511=CARTESIAN_POINT('Ctrl Pts',(-19.9938861592527,-2.48,33.4999610867584));
#15512=CARTESIAN_POINT('Ctrl Pts',(-19.8125918671073,-2.5,33.4621914425614));
#15513=CARTESIAN_POINT('Ctrl Pts',(-19.8125918671073,-2.48,33.4621914425614));
#15514=CARTESIAN_POINT('Ctrl Pts',(-19.6464054326406,-2.5,33.4093139406856));
#15515=CARTESIAN_POINT('Ctrl Pts',(-19.6464054326406,-2.48,33.4093139406856));
#15516=CARTESIAN_POINT('',(-18.5737475374465,-2.48,32.3366560454916));
#15517=CARTESIAN_POINT('',(-18.5737475374465,-2.5,32.3366560454916));
#15518=CARTESIAN_POINT('Ctrl Pts',(-18.5737475374465,-2.48,32.3366560454916));
#15519=CARTESIAN_POINT('Ctrl Pts',(-18.5208700355708,-2.48,32.1629156821855));
#15520=CARTESIAN_POINT('Ctrl Pts',(-18.4831003913738,-2.48,31.9891753188795));
#15521=CARTESIAN_POINT('Ctrl Pts',(-18.4831003913738,-2.48,31.8003270978946));
#15522=CARTESIAN_POINT('Ctrl Pts',(-18.4831003913738,-2.48,30.8636399218097));
#15523=CARTESIAN_POINT('Ctrl Pts',(-19.2460472041526,-2.48,30.1006931090308));
#15524=CARTESIAN_POINT('Ctrl Pts',(-20.1827343802376,-2.48,30.1006931090309));
#15525=CARTESIAN_POINT('Ctrl Pts',(-21.1194215563225,-2.48,30.1006931090309));
#15526=CARTESIAN_POINT('Ctrl Pts',(-21.8823683691014,-2.48,30.8636399218097));
#15527=CARTESIAN_POINT('Ctrl Pts',(-21.8823683691014,-2.48,31.8003270978946));
#15528=CARTESIAN_POINT('Ctrl Pts',(-21.8823683691014,-2.48,32.7370142739795));
#15529=CARTESIAN_POINT('Ctrl Pts',(-21.1194215563225,-2.48,33.4999610867584));
#15530=CARTESIAN_POINT('Ctrl Pts',(-20.1827343802376,-2.48,33.4999610867584));
#15531=CARTESIAN_POINT('Ctrl Pts',(-19.9938861592527,-2.48,33.4999610867584));
#15532=CARTESIAN_POINT('Ctrl Pts',(-19.8125918671073,-2.48,33.4621914425614));
#15533=CARTESIAN_POINT('Ctrl Pts',(-19.6464054326406,-2.48,33.4093139406856));
#15534=CARTESIAN_POINT('Origin',(-15.1895874173978,-2.5,35.7208161655404));
#15535=CARTESIAN_POINT('',(-15.1895874173978,-2.48,35.7208161655404));
#15536=CARTESIAN_POINT('',(-15.1895874173978,-2.5,35.7208161655404));
#15537=CARTESIAN_POINT('',(-18.5737475374465,-2.48,32.3366560454916));
#15538=CARTESIAN_POINT('Origin',(-15.1895874173978,-2.5,45.5258157990744));
#15539=CARTESIAN_POINT('',(-15.1895874173978,-2.48,45.5258157990744));
#15540=CARTESIAN_POINT('',(-15.1895874173978,-2.5,45.5258157990744));
#15541=CARTESIAN_POINT('',(-15.1895874173978,-2.48,35.7208161655404));
#15542=CARTESIAN_POINT('Origin',(-15.2046952750766,-2.5,45.5258157990744));
#15543=CARTESIAN_POINT('',(-15.2046952750766,-2.48,45.5258157990744));
#15544=CARTESIAN_POINT('',(-15.2046952750766,-2.5,45.5258157990744));
#15545=CARTESIAN_POINT('',(-15.1895874173978,-2.48,45.5258157990744));
#15546=CARTESIAN_POINT('Origin',(-20.3791365300619,-2.5,50.7002570540597));
#15547=CARTESIAN_POINT('',(-20.3791365300619,-2.48,50.7002570540597));
#15548=CARTESIAN_POINT('',(-20.3791365300619,-2.5,50.7002570540597));
#15549=CARTESIAN_POINT('',(-15.2046952750766,-2.48,45.5258157990744));
#15550=CARTESIAN_POINT('Origin',(-36.4916667444903,-2.5,50.7002570540597));
#15551=CARTESIAN_POINT('',(-20.3791365300619,-2.48,50.7002570540597));
#15552=CARTESIAN_POINT('Origin',(-28.2654382383897,-2.48,40.4004750815453));
#15553=CARTESIAN_POINT('Origin',(25.7704166666667,-2.5,-33.8220833333333));
#15554=CARTESIAN_POINT('',(25.7704166666667,-2.48,-33.8220833333333));
#15555=CARTESIAN_POINT('',(25.7704166666667,-2.5,-33.8220833333333));
#15556=CARTESIAN_POINT('',(36.3361111111111,-2.48,-33.8220833333333));
#15557=CARTESIAN_POINT('',(36.3361111111111,-2.48,-33.8220833333333));
#15558=CARTESIAN_POINT('',(36.3361111111111,-2.5,-33.8220833333333));
#15559=CARTESIAN_POINT('Origin',(25.7704166666667,-2.5,-36.2386111111111));
#15560=CARTESIAN_POINT('',(25.7704166666667,-2.48,-36.2386111111111));
#15561=CARTESIAN_POINT('',(25.7704166666667,-2.5,-36.2386111111111));
#15562=CARTESIAN_POINT('',(25.7704166666667,-2.48,-33.8220833333333));
#15563=CARTESIAN_POINT('Origin',(29.6686111111111,-2.5,-36.2386111111111));
#15564=CARTESIAN_POINT('',(29.6686111111111,-2.48,-36.2386111111111));
#15565=CARTESIAN_POINT('',(29.6686111111111,-2.5,-36.2386111111111));
#15566=CARTESIAN_POINT('',(25.7704166666667,-2.48,-36.2386111111111));
#15567=CARTESIAN_POINT('Origin',(29.6686111111111,-2.5,-46.2751388888889));
#15568=CARTESIAN_POINT('',(29.6686111111111,-2.48,-46.2751388888889));
#15569=CARTESIAN_POINT('',(29.6686111111111,-2.5,-46.2751388888889));
#15570=CARTESIAN_POINT('',(29.6686111111111,-2.48,-36.2386111111111));
#15571=CARTESIAN_POINT('Origin',(32.4379166666667,-2.5,-46.2751388888889));
#15572=CARTESIAN_POINT('',(32.4379166666667,-2.48,-46.2751388888889));
#15573=CARTESIAN_POINT('',(32.4379166666667,-2.5,-46.2751388888889));
#15574=CARTESIAN_POINT('',(29.6686111111111,-2.48,-46.2751388888889));
#15575=CARTESIAN_POINT('Origin',(32.4379166666667,-2.5,-36.2386111111111));
#15576=CARTESIAN_POINT('',(32.4379166666667,-2.48,-36.2386111111111));
#15577=CARTESIAN_POINT('',(32.4379166666667,-2.5,-36.2386111111111));
#15578=CARTESIAN_POINT('',(32.4379166666667,-2.48,-46.2751388888889));
#15579=CARTESIAN_POINT('Origin',(36.3361111111111,-2.5,-36.2386111111111));
#15580=CARTESIAN_POINT('',(36.3361111111111,-2.48,-36.2386111111111));
#15581=CARTESIAN_POINT('',(36.3361111111111,-2.5,-36.2386111111111));
#15582=CARTESIAN_POINT('',(32.4379166666667,-2.48,-36.2386111111111));
#15583=CARTESIAN_POINT('Origin',(36.3361111111111,-2.5,-33.8220833333333));
#15584=CARTESIAN_POINT('',(36.3361111111111,-2.48,-36.2386111111111));
#15585=CARTESIAN_POINT('Origin',(31.0532638888889,-2.48,-40.0486111111111));
#15586=CARTESIAN_POINT('Ctrl Pts',(-14.2522222222222,-2.5,-46.4691666666667));
#15587=CARTESIAN_POINT('Ctrl Pts',(-14.2522222222222,-2.48,-46.4691666666667));
#15588=CARTESIAN_POINT('Ctrl Pts',(-15.0400925925926,-2.5,-46.4691666666667));
#15589=CARTESIAN_POINT('Ctrl Pts',(-15.0400925925926,-2.48,-46.4691666666667));
#15590=CARTESIAN_POINT('Ctrl Pts',(-15.7250694444445,-2.5,-46.3251157407408));
#15591=CARTESIAN_POINT('Ctrl Pts',(-15.7250694444445,-2.48,-46.3251157407408));
#15592=CARTESIAN_POINT('Ctrl Pts',(-16.3071527777778,-2.5,-46.0370138888889));
#15593=CARTESIAN_POINT('Ctrl Pts',(-16.3071527777778,-2.48,-46.0370138888889));
#15594=CARTESIAN_POINT('Ctrl Pts',(-16.8892361111111,-2.5,-45.748912037037));
#15595=CARTESIAN_POINT('Ctrl Pts',(-16.8892361111111,-2.48,-45.748912037037));
#15596=CARTESIAN_POINT('Ctrl Pts',(-17.3860648148148,-2.5,-45.3461574074074));
#15597=CARTESIAN_POINT('Ctrl Pts',(-17.3860648148148,-2.48,-45.3461574074074));
#15598=CARTESIAN_POINT('Ctrl Pts',(-17.7976388888889,-2.5,-44.82875));
#15599=CARTESIAN_POINT('Ctrl Pts',(-17.7976388888889,-2.48,-44.82875));
#15600=CARTESIAN_POINT('',(-14.2522222222222,-2.48,-46.4691666666667));
#15601=CARTESIAN_POINT('',(-14.2522222222222,-2.5,-46.4691666666667));
#15602=CARTESIAN_POINT('',(-17.7976388888889,-2.48,-44.82875));
#15603=CARTESIAN_POINT('Ctrl Pts',(-14.2522222222222,-2.48,-46.4691666666667));
#15604=CARTESIAN_POINT('Ctrl Pts',(-15.0400925925926,-2.48,-46.4691666666667));
#15605=CARTESIAN_POINT('Ctrl Pts',(-15.7250694444445,-2.48,-46.3251157407408));
#15606=CARTESIAN_POINT('Ctrl Pts',(-16.3071527777778,-2.48,-46.0370138888889));
#15607=CARTESIAN_POINT('Ctrl Pts',(-16.8892361111111,-2.48,-45.748912037037));
#15608=CARTESIAN_POINT('Ctrl Pts',(-17.3860648148148,-2.48,-45.3461574074074));
#15609=CARTESIAN_POINT('Ctrl Pts',(-17.7976388888889,-2.48,-44.82875));
#15610=CARTESIAN_POINT('',(-17.7976388888889,-2.5,-44.82875));
#15611=CARTESIAN_POINT('Ctrl Pts',(-9.66611111111114,-2.5,-41.9006944444444));
#15612=CARTESIAN_POINT('Ctrl Pts',(-9.66611111111114,-2.48,-41.9006944444444));
#15613=CARTESIAN_POINT('Ctrl Pts',(-9.66611111111114,-2.5,-42.8296759259259));
#15614=CARTESIAN_POINT('Ctrl Pts',(-9.66611111111114,-2.48,-42.8296759259259));
#15615=CARTESIAN_POINT('Ctrl Pts',(-9.85425925925927,-2.5,-43.6351851851852));
#15616=CARTESIAN_POINT('Ctrl Pts',(-9.85425925925927,-2.48,-43.6351851851852));
#15617=CARTESIAN_POINT('Ctrl Pts',(-10.2305555555556,-2.5,-44.3172222222222));
#15618=CARTESIAN_POINT('Ctrl Pts',(-10.2305555555556,-2.48,-44.3172222222222));
#15619=CARTESIAN_POINT('Ctrl Pts',(-10.6068518518519,-2.5,-44.9992592592593));
#15620=CARTESIAN_POINT('Ctrl Pts',(-10.6068518518519,-2.48,-44.9992592592593));
#15621=CARTESIAN_POINT('Ctrl Pts',(-11.1360185185185,-2.5,-45.5284259259259));
#15622=CARTESIAN_POINT('Ctrl Pts',(-11.1360185185185,-2.48,-45.5284259259259));
#15623=CARTESIAN_POINT('Ctrl Pts',(-11.8180555555556,-2.5,-45.9047222222222));
#15624=CARTESIAN_POINT('Ctrl Pts',(-11.8180555555556,-2.48,-45.9047222222222));
#15625=CARTESIAN_POINT('Ctrl Pts',(-12.5000925925926,-2.5,-46.2810185185185));
#15626=CARTESIAN_POINT('Ctrl Pts',(-12.5000925925926,-2.48,-46.2810185185185));
#15627=CARTESIAN_POINT('Ctrl Pts',(-13.3114814814815,-2.5,-46.4691666666667));
#15628=CARTESIAN_POINT('Ctrl Pts',(-13.3114814814815,-2.48,-46.4691666666667));
#15629=CARTESIAN_POINT('Ctrl Pts',(-14.2522222222222,-2.5,-46.4691666666667));
#15630=CARTESIAN_POINT('Ctrl Pts',(-14.2522222222222,-2.48,-46.4691666666667));
#15631=CARTESIAN_POINT('',(-9.66611111111114,-2.48,-41.9006944444444));
#15632=CARTESIAN_POINT('',(-9.66611111111114,-2.5,-41.9006944444444));
#15633=CARTESIAN_POINT('Ctrl Pts',(-9.66611111111114,-2.48,-41.9006944444444));
#15634=CARTESIAN_POINT('Ctrl Pts',(-9.66611111111114,-2.48,-42.8296759259259));
#15635=CARTESIAN_POINT('Ctrl Pts',(-9.85425925925927,-2.48,-43.6351851851852));
#15636=CARTESIAN_POINT('Ctrl Pts',(-10.2305555555556,-2.48,-44.3172222222222));
#15637=CARTESIAN_POINT('Ctrl Pts',(-10.6068518518519,-2.48,-44.9992592592593));
#15638=CARTESIAN_POINT('Ctrl Pts',(-11.1360185185185,-2.48,-45.5284259259259));
#15639=CARTESIAN_POINT('Ctrl Pts',(-11.8180555555556,-2.48,-45.9047222222222));
#15640=CARTESIAN_POINT('Ctrl Pts',(-12.5000925925926,-2.48,-46.2810185185185));
#15641=CARTESIAN_POINT('Ctrl Pts',(-13.3114814814815,-2.48,-46.4691666666667));
#15642=CARTESIAN_POINT('Ctrl Pts',(-14.2522222222222,-2.48,-46.4691666666667));
#15643=CARTESIAN_POINT('Origin',(-9.66611111111114,-2.5,-33.8220833333333));
#15644=CARTESIAN_POINT('',(-9.66611111111114,-2.48,-33.8220833333333));
#15645=CARTESIAN_POINT('',(-9.66611111111114,-2.5,-33.8220833333333));
#15646=CARTESIAN_POINT('',(-9.66611111111114,-2.48,-41.9006944444444));
#15647=CARTESIAN_POINT('Origin',(-12.4530555555556,-2.5,-33.8220833333333));
#15648=CARTESIAN_POINT('',(-12.4530555555556,-2.48,-33.8220833333333));
#15649=CARTESIAN_POINT('',(-12.4530555555556,-2.5,-33.8220833333333));
#15650=CARTESIAN_POINT('',(-9.66611111111114,-2.48,-33.8220833333333));
#15651=CARTESIAN_POINT('Origin',(-12.4530555555556,-2.5,-42.0594444444444));
#15652=CARTESIAN_POINT('',(-12.4530555555556,-2.48,-42.0594444444444));
#15653=CARTESIAN_POINT('',(-12.4530555555556,-2.5,-42.0594444444444));
#15654=CARTESIAN_POINT('',(-12.4530555555556,-2.48,-33.8220833333333));
#15655=CARTESIAN_POINT('Ctrl Pts',(-15.9455555555556,-2.5,-43.0472222222222));
#15656=CARTESIAN_POINT('Ctrl Pts',(-15.9455555555556,-2.48,-43.0472222222222));
#15657=CARTESIAN_POINT('Ctrl Pts',(-15.7338888888889,-2.5,-43.3412037037037));
#15658=CARTESIAN_POINT('Ctrl Pts',(-15.7338888888889,-2.48,-43.3412037037037));
#15659=CARTESIAN_POINT('Ctrl Pts',(-15.4840046296296,-2.5,-43.5646296296296));
#15660=CARTESIAN_POINT('Ctrl Pts',(-15.4840046296296,-2.48,-43.5646296296296));
#15661=CARTESIAN_POINT('Ctrl Pts',(-15.1959027777778,-2.5,-43.7175));
#15662=CARTESIAN_POINT('Ctrl Pts',(-15.1959027777778,-2.48,-43.7175));
#15663=CARTESIAN_POINT('Ctrl Pts',(-14.907800925926,-2.5,-43.8703703703704));
#15664=CARTESIAN_POINT('Ctrl Pts',(-14.907800925926,-2.48,-43.8703703703704));
#15665=CARTESIAN_POINT('Ctrl Pts',(-14.5814814814815,-2.5,-43.9468055555555));
#15666=CARTESIAN_POINT('Ctrl Pts',(-14.5814814814815,-2.48,-43.9468055555555));
#15667=CARTESIAN_POINT('Ctrl Pts',(-14.2169444444444,-2.5,-43.9468055555555));
#15668=CARTESIAN_POINT('Ctrl Pts',(-14.2169444444444,-2.48,-43.9468055555555));
#15669=CARTESIAN_POINT('Ctrl Pts',(-13.8641666666667,-2.5,-43.9468055555555));
#15670=CARTESIAN_POINT('Ctrl Pts',(-13.8641666666667,-2.48,-43.9468055555555));
#15671=CARTESIAN_POINT('Ctrl Pts',(-13.5584259259259,-2.5,-43.8733101851852));
#15672=CARTESIAN_POINT('Ctrl Pts',(-13.5584259259259,-2.48,-43.8733101851852));
#15673=CARTESIAN_POINT('Ctrl Pts',(-13.2997222222222,-2.5,-43.7263194444444));
#15674=CARTESIAN_POINT('Ctrl Pts',(-13.2997222222222,-2.48,-43.7263194444444));
#15675=CARTESIAN_POINT('Ctrl Pts',(-13.0410185185185,-2.5,-43.5793287037037));
#15676=CARTESIAN_POINT('Ctrl Pts',(-13.0410185185185,-2.48,-43.5793287037037));
#15677=CARTESIAN_POINT('Ctrl Pts',(-12.8352314814815,-2.5,-43.367662037037));
#15678=CARTESIAN_POINT('Ctrl Pts',(-12.8352314814815,-2.48,-43.367662037037));
#15679=CARTESIAN_POINT('Ctrl Pts',(-12.6823611111111,-2.5,-43.0913194444444));
#15680=CARTESIAN_POINT('Ctrl Pts',(-12.6823611111111,-2.48,-43.0913194444444));
#15681=CARTESIAN_POINT('Ctrl Pts',(-12.5294907407407,-2.5,-42.8149768518519));
#15682=CARTESIAN_POINT('Ctrl Pts',(-12.5294907407407,-2.48,-42.8149768518519));
#15683=CARTESIAN_POINT('Ctrl Pts',(-12.4530555555556,-2.5,-42.4710185185185));
#15684=CARTESIAN_POINT('Ctrl Pts',(-12.4530555555556,-2.48,-42.4710185185185));
#15685=CARTESIAN_POINT('Ctrl Pts',(-12.4530555555556,-2.5,-42.0594444444444));
#15686=CARTESIAN_POINT('Ctrl Pts',(-12.4530555555556,-2.48,-42.0594444444444));
#15687=CARTESIAN_POINT('',(-15.9455555555556,-2.48,-43.0472222222222));
#15688=CARTESIAN_POINT('',(-15.9455555555556,-2.5,-43.0472222222222));
#15689=CARTESIAN_POINT('Ctrl Pts',(-15.9455555555556,-2.48,-43.0472222222222));
#15690=CARTESIAN_POINT('Ctrl Pts',(-15.7338888888889,-2.48,-43.3412037037037));
#15691=CARTESIAN_POINT('Ctrl Pts',(-15.4840046296296,-2.48,-43.5646296296296));
#15692=CARTESIAN_POINT('Ctrl Pts',(-15.1959027777778,-2.48,-43.7175));
#15693=CARTESIAN_POINT('Ctrl Pts',(-14.907800925926,-2.48,-43.8703703703704));
#15694=CARTESIAN_POINT('Ctrl Pts',(-14.5814814814815,-2.48,-43.9468055555555));
#15695=CARTESIAN_POINT('Ctrl Pts',(-14.2169444444444,-2.48,-43.9468055555555));
#15696=CARTESIAN_POINT('Ctrl Pts',(-13.8641666666667,-2.48,-43.9468055555555));
#15697=CARTESIAN_POINT('Ctrl Pts',(-13.5584259259259,-2.48,-43.8733101851852));
#15698=CARTESIAN_POINT('Ctrl Pts',(-13.2997222222222,-2.48,-43.7263194444444));
#15699=CARTESIAN_POINT('Ctrl Pts',(-13.0410185185185,-2.48,-43.5793287037037));
#15700=CARTESIAN_POINT('Ctrl Pts',(-12.8352314814815,-2.48,-43.367662037037));
#15701=CARTESIAN_POINT('Ctrl Pts',(-12.6823611111111,-2.48,-43.0913194444444));
#15702=CARTESIAN_POINT('Ctrl Pts',(-12.5294907407407,-2.48,-42.8149768518519));
#15703=CARTESIAN_POINT('Ctrl Pts',(-12.4530555555556,-2.48,-42.4710185185185));
#15704=CARTESIAN_POINT('Ctrl Pts',(-12.4530555555556,-2.48,-42.0594444444444));
#15705=CARTESIAN_POINT('Origin',(-17.7976388888889,-2.5,-44.82875));
#15706=CARTESIAN_POINT('',(-15.9455555555556,-2.48,-43.0472222222222));
#15707=CARTESIAN_POINT('Origin',(-13.731875,-2.48,-40.145625));
#15708=CARTESIAN_POINT('Origin',(-65.24625,-2.5,-46.2751388888889));
#15709=CARTESIAN_POINT('',(-65.24625,-2.48,-46.2751388888889));
#15710=CARTESIAN_POINT('',(-65.24625,-2.5,-46.2751388888889));
#15711=CARTESIAN_POINT('',(-65.24625,-2.48,-33.8220833333333));
#15712=CARTESIAN_POINT('',(-65.24625,-2.48,-33.8220833333333));
#15713=CARTESIAN_POINT('',(-65.24625,-2.5,-33.8220833333333));
#15714=CARTESIAN_POINT('Origin',(-56.9559722222222,-2.5,-46.2751388888889));
#15715=CARTESIAN_POINT('',(-56.9559722222222,-2.48,-46.2751388888889));
#15716=CARTESIAN_POINT('',(-56.9559722222222,-2.5,-46.2751388888889));
#15717=CARTESIAN_POINT('',(-65.24625,-2.48,-46.2751388888889));
#15718=CARTESIAN_POINT('Origin',(-56.9559722222222,-2.5,-43.8409722222222));
#15719=CARTESIAN_POINT('',(-56.9559722222222,-2.48,-43.8409722222222));
#15720=CARTESIAN_POINT('',(-56.9559722222222,-2.5,-43.8409722222222));
#15721=CARTESIAN_POINT('',(-56.9559722222222,-2.48,-46.2751388888889));
#15722=CARTESIAN_POINT('Origin',(-62.4769444444445,-2.5,-43.8409722222222));
#15723=CARTESIAN_POINT('',(-62.4769444444445,-2.48,-43.8409722222222));
#15724=CARTESIAN_POINT('',(-62.4769444444445,-2.5,-43.8409722222222));
#15725=CARTESIAN_POINT('',(-56.9559722222222,-2.48,-43.8409722222222));
#15726=CARTESIAN_POINT('Origin',(-62.4769444444445,-2.5,-33.8220833333333));
#15727=CARTESIAN_POINT('',(-62.4769444444445,-2.48,-33.8220833333333));
#15728=CARTESIAN_POINT('',(-62.4769444444445,-2.5,-33.8220833333333));
#15729=CARTESIAN_POINT('',(-62.4769444444445,-2.48,-43.8409722222222));
#15730=CARTESIAN_POINT('Origin',(-65.24625,-2.5,-33.8220833333333));
#15731=CARTESIAN_POINT('',(-62.4769444444445,-2.48,-33.8220833333333));
#15732=CARTESIAN_POINT('Origin',(-61.1011111111111,-2.48,-40.0486111111111));
#15733=CARTESIAN_POINT('Origin',(-5.30048611111113,-2.5,-11.9498611111111));
#15734=CARTESIAN_POINT('',(-5.30048611111113,-2.48,-11.9498611111111));
#15735=CARTESIAN_POINT('',(-5.30048611111113,-2.5,-11.9498611111111));
#15736=CARTESIAN_POINT('',(-2.53118055555557,-2.48,-11.9498611111111));
#15737=CARTESIAN_POINT('',(-2.53118055555557,-2.48,-11.9498611111111));
#15738=CARTESIAN_POINT('',(-2.53118055555557,-2.5,-11.9498611111111));
#15739=CARTESIAN_POINT('Origin',(-5.30048611111113,-2.5,-24.4029166666667));
#15740=CARTESIAN_POINT('',(-5.30048611111113,-2.48,-24.4029166666667));
#15741=CARTESIAN_POINT('',(-5.30048611111113,-2.5,-24.4029166666667));
#15742=CARTESIAN_POINT('',(-5.30048611111113,-2.48,-11.9498611111111));
#15743=CARTESIAN_POINT('Origin',(-2.53118055555557,-2.5,-24.4029166666667));
#15744=CARTESIAN_POINT('',(-2.53118055555557,-2.48,-24.4029166666667));
#15745=CARTESIAN_POINT('',(-2.53118055555557,-2.5,-24.4029166666667));
#15746=CARTESIAN_POINT('',(-5.30048611111113,-2.48,-24.4029166666667));
#15747=CARTESIAN_POINT('Origin',(-2.53118055555557,-2.5,-11.9498611111111));
#15748=CARTESIAN_POINT('',(-2.53118055555557,-2.48,-24.4029166666667));
#15749=CARTESIAN_POINT('Origin',(-3.91583333333335,-2.48,-18.1763888888889));
#15750=CARTESIAN_POINT('Ctrl Pts',(16.0249305555555,-2.5,-0.219999999999967));
#15751=CARTESIAN_POINT('Ctrl Pts',(16.0249305555555,-2.48,-0.219999999999967));
#15752=CARTESIAN_POINT('Ctrl Pts',(16.7657638888889,-2.5,-0.219999999999967));
#15753=CARTESIAN_POINT('Ctrl Pts',(16.7657638888889,-2.48,-0.219999999999967));
#15754=CARTESIAN_POINT('Ctrl Pts',(17.4154629629629,-2.5,-0.0553703703703334));
#15755=CARTESIAN_POINT('Ctrl Pts',(17.4154629629629,-2.48,-0.0553703703703334));
#15756=CARTESIAN_POINT('Ctrl Pts',(17.9740277777777,-2.5,0.273888888888916));
#15757=CARTESIAN_POINT('Ctrl Pts',(17.9740277777777,-2.48,0.273888888888916));
#15758=CARTESIAN_POINT('Ctrl Pts',(18.5325925925926,-2.5,0.6031481481482));
#15759=CARTESIAN_POINT('Ctrl Pts',(18.5325925925926,-2.48,0.6031481481482));
#15760=CARTESIAN_POINT('Ctrl Pts',(18.9647453703703,-2.5,1.06469907407408));
#15761=CARTESIAN_POINT('Ctrl Pts',(18.9647453703703,-2.48,1.06469907407408));
#15762=CARTESIAN_POINT('Ctrl Pts',(19.2704861111111,-2.5,1.65854166666668));
#15763=CARTESIAN_POINT('Ctrl Pts',(19.2704861111111,-2.48,1.65854166666668));
#15764=CARTESIAN_POINT('Ctrl Pts',(19.5762268518518,-2.5,2.25238425925923));
#15765=CARTESIAN_POINT('Ctrl Pts',(19.5762268518518,-2.48,2.25238425925923));
#15766=CARTESIAN_POINT('Ctrl Pts',(19.7290972222222,-2.5,2.93736111111114));
#15767=CARTESIAN_POINT('Ctrl Pts',(19.7290972222222,-2.48,2.93736111111114));
#15768=CARTESIAN_POINT('Ctrl Pts',(19.7290972222222,-2.5,3.71347222222225));
#15769=CARTESIAN_POINT('Ctrl Pts',(19.7290972222222,-2.48,3.71347222222225));
#15770=CARTESIAN_POINT('Ctrl Pts',(19.7290972222222,-2.5,4.30143518518522));
#15771=CARTESIAN_POINT('Ctrl Pts',(19.7290972222222,-2.48,4.30143518518522));
#15772=CARTESIAN_POINT('Ctrl Pts',(19.6409027777777,-2.5,4.83354166666667));
#15773=CARTESIAN_POINT('Ctrl Pts',(19.6409027777777,-2.48,4.83354166666667));
#15774=CARTESIAN_POINT('Ctrl Pts',(19.4645138888889,-2.5,5.30979166666667));
#15775=CARTESIAN_POINT('Ctrl Pts',(19.4645138888889,-2.48,5.30979166666667));
#15776=CARTESIAN_POINT('Ctrl Pts',(19.288125,-2.5,5.78604166666667));
#15777=CARTESIAN_POINT('Ctrl Pts',(19.288125,-2.48,5.78604166666667));
#15778=CARTESIAN_POINT('Ctrl Pts',(19.0353009259259,-2.5,6.19761574074079));
#15779=CARTESIAN_POINT('Ctrl Pts',(19.0353009259259,-2.48,6.19761574074079));
#15780=CARTESIAN_POINT('Ctrl Pts',(18.7060416666666,-2.5,6.54451388888893));
#15781=CARTESIAN_POINT('Ctrl Pts',(18.7060416666666,-2.48,6.54451388888893));
#15782=CARTESIAN_POINT('Ctrl Pts',(18.3767824074074,-2.5,6.89141203703706));
#15783=CARTESIAN_POINT('Ctrl Pts',(18.3767824074074,-2.48,6.89141203703706));
#15784=CARTESIAN_POINT('Ctrl Pts',(17.985787037037,-2.5,7.1559953703704));
#15785=CARTESIAN_POINT('Ctrl Pts',(17.985787037037,-2.48,7.1559953703704));
#15786=CARTESIAN_POINT('Ctrl Pts',(17.5330555555555,-2.5,7.33826388888891));
#15787=CARTESIAN_POINT('Ctrl Pts',(17.5330555555555,-2.48,7.33826388888891));
#15788=CARTESIAN_POINT('Ctrl Pts',(17.080324074074,-2.5,7.52053240740743));
#15789=CARTESIAN_POINT('Ctrl Pts',(17.080324074074,-2.48,7.52053240740743));
#15790=CARTESIAN_POINT('Ctrl Pts',(16.5776157407407,-2.5,7.61166666666668));
#15791=CARTESIAN_POINT('Ctrl Pts',(16.5776157407407,-2.48,7.61166666666668));
#15792=CARTESIAN_POINT('Ctrl Pts',(16.0249305555555,-2.5,7.61166666666668));
#15793=CARTESIAN_POINT('Ctrl Pts',(16.0249305555555,-2.48,7.61166666666668));
#15794=CARTESIAN_POINT('Ctrl Pts',(15.2840972222222,-2.5,7.61166666666668));
#15795=CARTESIAN_POINT('Ctrl Pts',(15.2840972222222,-2.48,7.61166666666668));
#15796=CARTESIAN_POINT('Ctrl Pts',(14.6343981481481,-2.5,7.44997685185188));
#15797=CARTESIAN_POINT('Ctrl Pts',(14.6343981481481,-2.48,7.44997685185188));
#15798=CARTESIAN_POINT('Ctrl Pts',(14.0758333333333,-2.5,7.12659722222226));
#15799=CARTESIAN_POINT('Ctrl Pts',(14.0758333333333,-2.48,7.12659722222226));
#15800=CARTESIAN_POINT('Ctrl Pts',(13.5172685185185,-2.5,6.80321759259265));
#15801=CARTESIAN_POINT('Ctrl Pts',(13.5172685185185,-2.48,6.80321759259265));
#15802=CARTESIAN_POINT('Ctrl Pts',(13.0851157407407,-2.5,6.35048611111113));
#15803=CARTESIAN_POINT('Ctrl Pts',(13.0851157407407,-2.48,6.35048611111113));
#15804=CARTESIAN_POINT('Ctrl Pts',(12.779375,-2.5,5.76840277777778));
#15805=CARTESIAN_POINT('Ctrl Pts',(12.779375,-2.48,5.76840277777778));
#15806=CARTESIAN_POINT('Ctrl Pts',(12.4736342592592,-2.5,5.18631944444447));
#15807=CARTESIAN_POINT('Ctrl Pts',(12.4736342592592,-2.48,5.18631944444447));
#15808=CARTESIAN_POINT('Ctrl Pts',(12.3207638888889,-2.5,4.50134259259261));
#15809=CARTESIAN_POINT('Ctrl Pts',(12.3207638888889,-2.48,4.50134259259261));
#15810=CARTESIAN_POINT('Ctrl Pts',(12.3207638888889,-2.5,3.71347222222225));
#15811=CARTESIAN_POINT('Ctrl Pts',(12.3207638888889,-2.48,3.71347222222225));
#15812=CARTESIAN_POINT('Ctrl Pts',(12.3207638888889,-2.5,3.1255092592593));
#15813=CARTESIAN_POINT('Ctrl Pts',(12.3207638888889,-2.48,3.1255092592593));
#15814=CARTESIAN_POINT('Ctrl Pts',(12.4089583333333,-2.5,2.59046296296297));
#15815=CARTESIAN_POINT('Ctrl Pts',(12.4089583333333,-2.48,2.59046296296297));
#15816=CARTESIAN_POINT('Ctrl Pts',(12.5853472222222,-2.5,2.10833333333335));
#15817=CARTESIAN_POINT('Ctrl Pts',(12.5853472222222,-2.48,2.10833333333335));
#15818=CARTESIAN_POINT('Ctrl Pts',(12.7617361111111,-2.5,1.62620370370373));
#15819=CARTESIAN_POINT('Ctrl Pts',(12.7617361111111,-2.48,1.62620370370373));
#15820=CARTESIAN_POINT('Ctrl Pts',(13.0116203703703,-2.5,1.21168981481485));
#15821=CARTESIAN_POINT('Ctrl Pts',(13.0116203703703,-2.48,1.21168981481485));
#15822=CARTESIAN_POINT('Ctrl Pts',(13.335,-2.5,0.864791666666687));
#15823=CARTESIAN_POINT('Ctrl Pts',(13.335,-2.48,0.864791666666687));
#15824=CARTESIAN_POINT('Ctrl Pts',(13.6583796296296,-2.5,0.517893518518555));
#15825=CARTESIAN_POINT('Ctrl Pts',(13.6583796296296,-2.48,0.517893518518555));
#15826=CARTESIAN_POINT('Ctrl Pts',(14.049375,-2.5,0.250370370370394));
#15827=CARTESIAN_POINT('Ctrl Pts',(14.049375,-2.48,0.250370370370394));
#15828=CARTESIAN_POINT('Ctrl Pts',(14.5079861111111,-2.5,0.0622222222222568));
#15829=CARTESIAN_POINT('Ctrl Pts',(14.5079861111111,-2.48,0.0622222222222568));
#15830=CARTESIAN_POINT('Ctrl Pts',(14.9665972222222,-2.5,-0.125925925925898));
#15831=CARTESIAN_POINT('Ctrl Pts',(14.9665972222222,-2.48,-0.125925925925898));
#15832=CARTESIAN_POINT('Ctrl Pts',(15.4722453703704,-2.5,-0.219999999999967));
#15833=CARTESIAN_POINT('Ctrl Pts',(15.4722453703704,-2.48,-0.219999999999967));
#15834=CARTESIAN_POINT('Ctrl Pts',(16.0249305555555,-2.5,-0.219999999999967));
#15835=CARTESIAN_POINT('Ctrl Pts',(16.0249305555555,-2.48,-0.219999999999967));
#15836=CARTESIAN_POINT('',(16.0249305555555,-2.5,-0.219999999999967));
#15837=CARTESIAN_POINT('Ctrl Pts',(16.0249305555555,-2.5,-0.219999999999967));
#15838=CARTESIAN_POINT('Ctrl Pts',(16.7657638888889,-2.5,-0.219999999999967));
#15839=CARTESIAN_POINT('Ctrl Pts',(17.4154629629629,-2.5,-0.0553703703703334));
#15840=CARTESIAN_POINT('Ctrl Pts',(17.9740277777777,-2.5,0.273888888888916));
#15841=CARTESIAN_POINT('Ctrl Pts',(18.5325925925926,-2.5,0.6031481481482));
#15842=CARTESIAN_POINT('Ctrl Pts',(18.9647453703703,-2.5,1.06469907407408));
#15843=CARTESIAN_POINT('Ctrl Pts',(19.2704861111111,-2.5,1.65854166666668));
#15844=CARTESIAN_POINT('Ctrl Pts',(19.5762268518518,-2.5,2.25238425925923));
#15845=CARTESIAN_POINT('Ctrl Pts',(19.7290972222222,-2.5,2.93736111111114));
#15846=CARTESIAN_POINT('Ctrl Pts',(19.7290972222222,-2.5,3.71347222222225));
#15847=CARTESIAN_POINT('Ctrl Pts',(19.7290972222222,-2.5,4.30143518518522));
#15848=CARTESIAN_POINT('Ctrl Pts',(19.6409027777777,-2.5,4.83354166666667));
#15849=CARTESIAN_POINT('Ctrl Pts',(19.4645138888889,-2.5,5.30979166666667));
#15850=CARTESIAN_POINT('Ctrl Pts',(19.288125,-2.5,5.78604166666667));
#15851=CARTESIAN_POINT('Ctrl Pts',(19.0353009259259,-2.5,6.19761574074079));
#15852=CARTESIAN_POINT('Ctrl Pts',(18.7060416666666,-2.5,6.54451388888893));
#15853=CARTESIAN_POINT('Ctrl Pts',(18.3767824074074,-2.5,6.89141203703706));
#15854=CARTESIAN_POINT('Ctrl Pts',(17.985787037037,-2.5,7.1559953703704));
#15855=CARTESIAN_POINT('Ctrl Pts',(17.5330555555555,-2.5,7.33826388888891));
#15856=CARTESIAN_POINT('Ctrl Pts',(17.080324074074,-2.5,7.52053240740743));
#15857=CARTESIAN_POINT('Ctrl Pts',(16.5776157407407,-2.5,7.61166666666668));
#15858=CARTESIAN_POINT('Ctrl Pts',(16.0249305555555,-2.5,7.61166666666668));
#15859=CARTESIAN_POINT('Ctrl Pts',(15.2840972222222,-2.5,7.61166666666668));
#15860=CARTESIAN_POINT('Ctrl Pts',(14.6343981481481,-2.5,7.44997685185188));
#15861=CARTESIAN_POINT('Ctrl Pts',(14.0758333333333,-2.5,7.12659722222226));
#15862=CARTESIAN_POINT('Ctrl Pts',(13.5172685185185,-2.5,6.80321759259265));
#15863=CARTESIAN_POINT('Ctrl Pts',(13.0851157407407,-2.5,6.35048611111113));
#15864=CARTESIAN_POINT('Ctrl Pts',(12.779375,-2.5,5.76840277777778));
#15865=CARTESIAN_POINT('Ctrl Pts',(12.4736342592592,-2.5,5.18631944444447));
#15866=CARTESIAN_POINT('Ctrl Pts',(12.3207638888889,-2.5,4.50134259259261));
#15867=CARTESIAN_POINT('Ctrl Pts',(12.3207638888889,-2.5,3.71347222222225));
#15868=CARTESIAN_POINT('Ctrl Pts',(12.3207638888889,-2.5,3.1255092592593));
#15869=CARTESIAN_POINT('Ctrl Pts',(12.4089583333333,-2.5,2.59046296296297));
#15870=CARTESIAN_POINT('Ctrl Pts',(12.5853472222222,-2.5,2.10833333333335));
#15871=CARTESIAN_POINT('Ctrl Pts',(12.7617361111111,-2.5,1.62620370370373));
#15872=CARTESIAN_POINT('Ctrl Pts',(13.0116203703703,-2.5,1.21168981481485));
#15873=CARTESIAN_POINT('Ctrl Pts',(13.335,-2.5,0.864791666666687));
#15874=CARTESIAN_POINT('Ctrl Pts',(13.6583796296296,-2.5,0.517893518518555));
#15875=CARTESIAN_POINT('Ctrl Pts',(14.049375,-2.5,0.250370370370394));
#15876=CARTESIAN_POINT('Ctrl Pts',(14.5079861111111,-2.5,0.0622222222222568));
#15877=CARTESIAN_POINT('Ctrl Pts',(14.9665972222222,-2.5,-0.125925925925898));
#15878=CARTESIAN_POINT('Ctrl Pts',(15.4722453703704,-2.5,-0.219999999999967));
#15879=CARTESIAN_POINT('Ctrl Pts',(16.0249305555555,-2.5,-0.219999999999967));
#15880=CARTESIAN_POINT('',(16.0249305555555,-2.48,-0.219999999999967));
#15881=CARTESIAN_POINT('',(16.0249305555555,-2.5,-0.219999999999967));
#15882=CARTESIAN_POINT('Ctrl Pts',(16.0249305555555,-2.48,-0.219999999999967));
#15883=CARTESIAN_POINT('Ctrl Pts',(16.7657638888889,-2.48,-0.219999999999967));
#15884=CARTESIAN_POINT('Ctrl Pts',(17.4154629629629,-2.48,-0.0553703703703334));
#15885=CARTESIAN_POINT('Ctrl Pts',(17.9740277777777,-2.48,0.273888888888916));
#15886=CARTESIAN_POINT('Ctrl Pts',(18.5325925925926,-2.48,0.6031481481482));
#15887=CARTESIAN_POINT('Ctrl Pts',(18.9647453703703,-2.48,1.06469907407408));
#15888=CARTESIAN_POINT('Ctrl Pts',(19.2704861111111,-2.48,1.65854166666668));
#15889=CARTESIAN_POINT('Ctrl Pts',(19.5762268518518,-2.48,2.25238425925923));
#15890=CARTESIAN_POINT('Ctrl Pts',(19.7290972222222,-2.48,2.93736111111114));
#15891=CARTESIAN_POINT('Ctrl Pts',(19.7290972222222,-2.48,3.71347222222225));
#15892=CARTESIAN_POINT('Ctrl Pts',(19.7290972222222,-2.48,4.30143518518522));
#15893=CARTESIAN_POINT('Ctrl Pts',(19.6409027777777,-2.48,4.83354166666667));
#15894=CARTESIAN_POINT('Ctrl Pts',(19.4645138888889,-2.48,5.30979166666667));
#15895=CARTESIAN_POINT('Ctrl Pts',(19.288125,-2.48,5.78604166666667));
#15896=CARTESIAN_POINT('Ctrl Pts',(19.0353009259259,-2.48,6.19761574074079));
#15897=CARTESIAN_POINT('Ctrl Pts',(18.7060416666666,-2.48,6.54451388888893));
#15898=CARTESIAN_POINT('Ctrl Pts',(18.3767824074074,-2.48,6.89141203703706));
#15899=CARTESIAN_POINT('Ctrl Pts',(17.985787037037,-2.48,7.1559953703704));
#15900=CARTESIAN_POINT('Ctrl Pts',(17.5330555555555,-2.48,7.33826388888891));
#15901=CARTESIAN_POINT('Ctrl Pts',(17.080324074074,-2.48,7.52053240740743));
#15902=CARTESIAN_POINT('Ctrl Pts',(16.5776157407407,-2.48,7.61166666666668));
#15903=CARTESIAN_POINT('Ctrl Pts',(16.0249305555555,-2.48,7.61166666666668));
#15904=CARTESIAN_POINT('Ctrl Pts',(15.2840972222222,-2.48,7.61166666666668));
#15905=CARTESIAN_POINT('Ctrl Pts',(14.6343981481481,-2.48,7.44997685185188));
#15906=CARTESIAN_POINT('Ctrl Pts',(14.0758333333333,-2.48,7.12659722222226));
#15907=CARTESIAN_POINT('Ctrl Pts',(13.5172685185185,-2.48,6.80321759259265));
#15908=CARTESIAN_POINT('Ctrl Pts',(13.0851157407407,-2.48,6.35048611111113));
#15909=CARTESIAN_POINT('Ctrl Pts',(12.779375,-2.48,5.76840277777778));
#15910=CARTESIAN_POINT('Ctrl Pts',(12.4736342592592,-2.48,5.18631944444447));
#15911=CARTESIAN_POINT('Ctrl Pts',(12.3207638888889,-2.48,4.50134259259261));
#15912=CARTESIAN_POINT('Ctrl Pts',(12.3207638888889,-2.48,3.71347222222225));
#15913=CARTESIAN_POINT('Ctrl Pts',(12.3207638888889,-2.48,3.1255092592593));
#15914=CARTESIAN_POINT('Ctrl Pts',(12.4089583333333,-2.48,2.59046296296297));
#15915=CARTESIAN_POINT('Ctrl Pts',(12.5853472222222,-2.48,2.10833333333335));
#15916=CARTESIAN_POINT('Ctrl Pts',(12.7617361111111,-2.48,1.62620370370373));
#15917=CARTESIAN_POINT('Ctrl Pts',(13.0116203703703,-2.48,1.21168981481485));
#15918=CARTESIAN_POINT('Ctrl Pts',(13.335,-2.48,0.864791666666687));
#15919=CARTESIAN_POINT('Ctrl Pts',(13.6583796296296,-2.48,0.517893518518555));
#15920=CARTESIAN_POINT('Ctrl Pts',(14.049375,-2.48,0.250370370370394));
#15921=CARTESIAN_POINT('Ctrl Pts',(14.5079861111111,-2.48,0.0622222222222568));
#15922=CARTESIAN_POINT('Ctrl Pts',(14.9665972222222,-2.48,-0.125925925925898));
#15923=CARTESIAN_POINT('Ctrl Pts',(15.4722453703704,-2.48,-0.219999999999967));
#15924=CARTESIAN_POINT('Ctrl Pts',(16.0249305555555,-2.48,-0.219999999999967));
#15925=CARTESIAN_POINT('Ctrl Pts',(16.0602083333333,-2.5,-2.7423611111111));
#15926=CARTESIAN_POINT('Ctrl Pts',(16.0602083333333,-2.48,-2.7423611111111));
#15927=CARTESIAN_POINT('Ctrl Pts',(15.1194675925926,-2.5,-2.7423611111111));
#15928=CARTESIAN_POINT('Ctrl Pts',(15.1194675925926,-2.48,-2.7423611111111));
#15929=CARTESIAN_POINT('Ctrl Pts',(14.2522222222222,-2.5,-2.57773148148145));
#15930=CARTESIAN_POINT('Ctrl Pts',(14.2522222222222,-2.48,-2.57773148148145));
#15931=CARTESIAN_POINT('Ctrl Pts',(13.4584722222222,-2.5,-2.2484722222222));
#15932=CARTESIAN_POINT('Ctrl Pts',(13.4584722222222,-2.48,-2.2484722222222));
#15933=CARTESIAN_POINT('Ctrl Pts',(12.6647222222222,-2.5,-1.91921296296295));
#15934=CARTESIAN_POINT('Ctrl Pts',(12.6647222222222,-2.48,-1.91921296296295));
#15935=CARTESIAN_POINT('Ctrl Pts',(11.9679861111111,-2.5,-1.46060185185183));
#15936=CARTESIAN_POINT('Ctrl Pts',(11.9679861111111,-2.48,-1.46060185185183));
#15937=CARTESIAN_POINT('Ctrl Pts',(11.3682638888889,-2.5,-0.872638888888861));
#15938=CARTESIAN_POINT('Ctrl Pts',(11.3682638888889,-2.48,-0.872638888888861));
#15939=CARTESIAN_POINT('Ctrl Pts',(10.7685416666667,-2.5,-0.284675925925875));
#15940=CARTESIAN_POINT('Ctrl Pts',(10.7685416666667,-2.48,-0.284675925925875));
#15941=CARTESIAN_POINT('Ctrl Pts',(10.3040509259259,-2.5,0.400300925925929));
#15942=CARTESIAN_POINT('Ctrl Pts',(10.3040509259259,-2.48,0.400300925925929));
#15943=CARTESIAN_POINT('Ctrl Pts',(9.97479166666665,-2.5,1.18229166666667));
#15944=CARTESIAN_POINT('Ctrl Pts',(9.97479166666665,-2.48,1.18229166666667));
#15945=CARTESIAN_POINT('Ctrl Pts',(9.64553240740739,-2.5,1.9642824074074));
#15946=CARTESIAN_POINT('Ctrl Pts',(9.64553240740739,-2.48,1.9642824074074));
#15947=CARTESIAN_POINT('Ctrl Pts',(9.48090277777776,-2.5,2.80800925925929));
#15948=CARTESIAN_POINT('Ctrl Pts',(9.48090277777776,-2.48,2.80800925925929));
#15949=CARTESIAN_POINT('Ctrl Pts',(9.48090277777776,-2.5,3.71347222222225));
#15950=CARTESIAN_POINT('Ctrl Pts',(9.48090277777776,-2.48,3.71347222222225));
#15951=CARTESIAN_POINT('Ctrl Pts',(9.48090277777776,-2.5,4.63069444444448));
#15952=CARTESIAN_POINT('Ctrl Pts',(9.48090277777776,-2.48,4.63069444444448));
#15953=CARTESIAN_POINT('Ctrl Pts',(9.64553240740739,-2.5,5.4773611111111));
#15954=CARTESIAN_POINT('Ctrl Pts',(9.64553240740739,-2.48,5.4773611111111));
#15955=CARTESIAN_POINT('Ctrl Pts',(9.97479166666665,-2.5,6.25347222222222));
#15956=CARTESIAN_POINT('Ctrl Pts',(9.97479166666665,-2.48,6.25347222222222));
#15957=CARTESIAN_POINT('Ctrl Pts',(10.3040509259259,-2.5,7.02958333333337));
#15958=CARTESIAN_POINT('Ctrl Pts',(10.3040509259259,-2.48,7.02958333333337));
#15959=CARTESIAN_POINT('Ctrl Pts',(10.7626620370371,-2.5,7.70868055555555));
#15960=CARTESIAN_POINT('Ctrl Pts',(10.7626620370371,-2.48,7.70868055555555));
#15961=CARTESIAN_POINT('Ctrl Pts',(11.350625,-2.5,8.2907638888889));
#15962=CARTESIAN_POINT('Ctrl Pts',(11.350625,-2.48,8.2907638888889));
#15963=CARTESIAN_POINT('Ctrl Pts',(11.9385879629629,-2.5,8.87284722222224));
#15964=CARTESIAN_POINT('Ctrl Pts',(11.9385879629629,-2.48,8.87284722222224));
#15965=CARTESIAN_POINT('Ctrl Pts',(12.6294444444444,-2.5,9.32557870370372));
#15966=CARTESIAN_POINT('Ctrl Pts',(12.6294444444444,-2.48,9.32557870370372));
#15967=CARTESIAN_POINT('Ctrl Pts',(13.4231944444444,-2.5,9.64895833333335));
#15968=CARTESIAN_POINT('Ctrl Pts',(13.4231944444444,-2.48,9.64895833333335));
#15969=CARTESIAN_POINT('Ctrl Pts',(14.2169444444444,-2.5,9.97233796296296));
#15970=CARTESIAN_POINT('Ctrl Pts',(14.2169444444444,-2.48,9.97233796296296));
#15971=CARTESIAN_POINT('Ctrl Pts',(15.0841898148148,-2.5,10.1340277777778));
#15972=CARTESIAN_POINT('Ctrl Pts',(15.0841898148148,-2.48,10.1340277777778));
#15973=CARTESIAN_POINT('Ctrl Pts',(16.0249305555555,-2.5,10.1340277777778));
#15974=CARTESIAN_POINT('Ctrl Pts',(16.0249305555555,-2.48,10.1340277777778));
#15975=CARTESIAN_POINT('Ctrl Pts',(16.953912037037,-2.5,10.1340277777778));
#15976=CARTESIAN_POINT('Ctrl Pts',(16.953912037037,-2.48,10.1340277777778));
#15977=CARTESIAN_POINT('Ctrl Pts',(17.8152777777778,-2.5,9.97233796296298));
#15978=CARTESIAN_POINT('Ctrl Pts',(17.8152777777778,-2.48,9.97233796296298));
#15979=CARTESIAN_POINT('Ctrl Pts',(18.6090277777778,-2.5,9.64895833333335));
#15980=CARTESIAN_POINT('Ctrl Pts',(18.6090277777778,-2.48,9.64895833333335));
#15981=CARTESIAN_POINT('Ctrl Pts',(19.4027777777778,-2.5,9.32557870370374));
#15982=CARTESIAN_POINT('Ctrl Pts',(19.4027777777778,-2.48,9.32557870370374));
#15983=CARTESIAN_POINT('Ctrl Pts',(20.0965740740741,-2.5,8.87284722222224));
#15984=CARTESIAN_POINT('Ctrl Pts',(20.0965740740741,-2.48,8.87284722222224));
#15985=CARTESIAN_POINT('Ctrl Pts',(20.6904166666666,-2.5,8.2907638888889));
#15986=CARTESIAN_POINT('Ctrl Pts',(20.6904166666666,-2.48,8.2907638888889));
#15987=CARTESIAN_POINT('Ctrl Pts',(21.2842592592592,-2.5,7.70868055555557));
#15988=CARTESIAN_POINT('Ctrl Pts',(21.2842592592592,-2.48,7.70868055555557));
#15989=CARTESIAN_POINT('Ctrl Pts',(21.7458101851852,-2.5,7.02664351851853));
#15990=CARTESIAN_POINT('Ctrl Pts',(21.7458101851852,-2.48,7.02664351851853));
#15991=CARTESIAN_POINT('Ctrl Pts',(22.0750694444444,-2.5,6.24465277777778));
#15992=CARTESIAN_POINT('Ctrl Pts',(22.0750694444444,-2.48,6.24465277777778));
#15993=CARTESIAN_POINT('Ctrl Pts',(22.4043287037037,-2.5,5.46266203703706));
#15994=CARTESIAN_POINT('Ctrl Pts',(22.4043287037037,-2.48,5.46266203703706));
#15995=CARTESIAN_POINT('Ctrl Pts',(22.5689583333333,-2.5,4.61305555555558));
#15996=CARTESIAN_POINT('Ctrl Pts',(22.5689583333333,-2.48,4.61305555555558));
#15997=CARTESIAN_POINT('Ctrl Pts',(22.5689583333333,-2.5,3.69583333333336));
#15998=CARTESIAN_POINT('Ctrl Pts',(22.5689583333333,-2.48,3.69583333333336));
#15999=CARTESIAN_POINT('Ctrl Pts',(22.5689583333333,-2.5,2.79037037037039));
#16000=CARTESIAN_POINT('Ctrl Pts',(22.5689583333333,-2.48,2.79037037037039));
#16001=CARTESIAN_POINT('Ctrl Pts',(22.4043287037037,-2.5,1.94664351851856));
#16002=CARTESIAN_POINT('Ctrl Pts',(22.4043287037037,-2.48,1.94664351851856));
#16003=CARTESIAN_POINT('Ctrl Pts',(22.0750694444444,-2.5,1.16465277777779));
#16004=CARTESIAN_POINT('Ctrl Pts',(22.0750694444444,-2.48,1.16465277777779));
#16005=CARTESIAN_POINT('Ctrl Pts',(21.7458101851852,-2.5,0.382662037037047));
#16006=CARTESIAN_POINT('Ctrl Pts',(21.7458101851852,-2.48,0.382662037037047));
#16007=CARTESIAN_POINT('Ctrl Pts',(21.287199074074,-2.5,-0.29937499999992));
#16008=CARTESIAN_POINT('Ctrl Pts',(21.287199074074,-2.48,-0.29937499999992));
#16009=CARTESIAN_POINT('Ctrl Pts',(20.6992361111111,-2.5,-0.881458333333303));
#16010=CARTESIAN_POINT('Ctrl Pts',(20.6992361111111,-2.48,-0.881458333333303));
#16011=CARTESIAN_POINT('Ctrl Pts',(20.1112731481482,-2.5,-1.46354166666665));
#16012=CARTESIAN_POINT('Ctrl Pts',(20.1112731481482,-2.48,-1.46354166666665));
#16013=CARTESIAN_POINT('Ctrl Pts',(19.4204166666667,-2.5,-1.91921296296295));
#16014=CARTESIAN_POINT('Ctrl Pts',(19.4204166666667,-2.48,-1.91921296296295));
#16015=CARTESIAN_POINT('Ctrl Pts',(18.6266666666667,-2.5,-2.2484722222222));
#16016=CARTESIAN_POINT('Ctrl Pts',(18.6266666666667,-2.48,-2.2484722222222));
#16017=CARTESIAN_POINT('Ctrl Pts',(17.8329166666666,-2.5,-2.57773148148145));
#16018=CARTESIAN_POINT('Ctrl Pts',(17.8329166666666,-2.48,-2.57773148148145));
#16019=CARTESIAN_POINT('Ctrl Pts',(16.9774305555555,-2.5,-2.7423611111111));
#16020=CARTESIAN_POINT('Ctrl Pts',(16.9774305555555,-2.48,-2.7423611111111));
#16021=CARTESIAN_POINT('Ctrl Pts',(16.0602083333333,-2.5,-2.7423611111111));
#16022=CARTESIAN_POINT('Ctrl Pts',(16.0602083333333,-2.48,-2.7423611111111));
#16023=CARTESIAN_POINT('',(16.0602083333333,-2.48,-2.7423611111111));
#16024=CARTESIAN_POINT('',(16.0602083333333,-2.5,-2.7423611111111));
#16025=CARTESIAN_POINT('Ctrl Pts',(16.0602083333333,-2.48,-2.7423611111111));
#16026=CARTESIAN_POINT('Ctrl Pts',(15.1194675925926,-2.48,-2.7423611111111));
#16027=CARTESIAN_POINT('Ctrl Pts',(14.2522222222222,-2.48,-2.57773148148145));
#16028=CARTESIAN_POINT('Ctrl Pts',(13.4584722222222,-2.48,-2.2484722222222));
#16029=CARTESIAN_POINT('Ctrl Pts',(12.6647222222222,-2.48,-1.91921296296295));
#16030=CARTESIAN_POINT('Ctrl Pts',(11.9679861111111,-2.48,-1.46060185185183));
#16031=CARTESIAN_POINT('Ctrl Pts',(11.3682638888889,-2.48,-0.872638888888861));
#16032=CARTESIAN_POINT('Ctrl Pts',(10.7685416666667,-2.48,-0.284675925925875));
#16033=CARTESIAN_POINT('Ctrl Pts',(10.3040509259259,-2.48,0.400300925925929));
#16034=CARTESIAN_POINT('Ctrl Pts',(9.97479166666665,-2.48,1.18229166666667));
#16035=CARTESIAN_POINT('Ctrl Pts',(9.64553240740739,-2.48,1.9642824074074));
#16036=CARTESIAN_POINT('Ctrl Pts',(9.48090277777776,-2.48,2.80800925925929));
#16037=CARTESIAN_POINT('Ctrl Pts',(9.48090277777776,-2.48,3.71347222222225));
#16038=CARTESIAN_POINT('Ctrl Pts',(9.48090277777776,-2.48,4.63069444444448));
#16039=CARTESIAN_POINT('Ctrl Pts',(9.64553240740739,-2.48,5.4773611111111));
#16040=CARTESIAN_POINT('Ctrl Pts',(9.97479166666665,-2.48,6.25347222222222));
#16041=CARTESIAN_POINT('Ctrl Pts',(10.3040509259259,-2.48,7.02958333333337));
#16042=CARTESIAN_POINT('Ctrl Pts',(10.7626620370371,-2.48,7.70868055555555));
#16043=CARTESIAN_POINT('Ctrl Pts',(11.350625,-2.48,8.2907638888889));
#16044=CARTESIAN_POINT('Ctrl Pts',(11.9385879629629,-2.48,8.87284722222224));
#16045=CARTESIAN_POINT('Ctrl Pts',(12.6294444444444,-2.48,9.32557870370372));
#16046=CARTESIAN_POINT('Ctrl Pts',(13.4231944444444,-2.48,9.64895833333335));
#16047=CARTESIAN_POINT('Ctrl Pts',(14.2169444444444,-2.48,9.97233796296296));
#16048=CARTESIAN_POINT('Ctrl Pts',(15.0841898148148,-2.48,10.1340277777778));
#16049=CARTESIAN_POINT('Ctrl Pts',(16.0249305555555,-2.48,10.1340277777778));
#16050=CARTESIAN_POINT('Ctrl Pts',(16.953912037037,-2.48,10.1340277777778));
#16051=CARTESIAN_POINT('Ctrl Pts',(17.8152777777778,-2.48,9.97233796296298));
#16052=CARTESIAN_POINT('Ctrl Pts',(18.6090277777778,-2.48,9.64895833333335));
#16053=CARTESIAN_POINT('Ctrl Pts',(19.4027777777778,-2.48,9.32557870370374));
#16054=CARTESIAN_POINT('Ctrl Pts',(20.0965740740741,-2.48,8.87284722222224));
#16055=CARTESIAN_POINT('Ctrl Pts',(20.6904166666666,-2.48,8.2907638888889));
#16056=CARTESIAN_POINT('Ctrl Pts',(21.2842592592592,-2.48,7.70868055555557));
#16057=CARTESIAN_POINT('Ctrl Pts',(21.7458101851852,-2.48,7.02664351851853));
#16058=CARTESIAN_POINT('Ctrl Pts',(22.0750694444444,-2.48,6.24465277777778));
#16059=CARTESIAN_POINT('Ctrl Pts',(22.4043287037037,-2.48,5.46266203703706));
#16060=CARTESIAN_POINT('Ctrl Pts',(22.5689583333333,-2.48,4.61305555555558));
#16061=CARTESIAN_POINT('Ctrl Pts',(22.5689583333333,-2.48,3.69583333333336));
#16062=CARTESIAN_POINT('Ctrl Pts',(22.5689583333333,-2.48,2.79037037037039));
#16063=CARTESIAN_POINT('Ctrl Pts',(22.4043287037037,-2.48,1.94664351851856));
#16064=CARTESIAN_POINT('Ctrl Pts',(22.0750694444444,-2.48,1.16465277777779));
#16065=CARTESIAN_POINT('Ctrl Pts',(21.7458101851852,-2.48,0.382662037037047));
#16066=CARTESIAN_POINT('Ctrl Pts',(21.287199074074,-2.48,-0.29937499999992));
#16067=CARTESIAN_POINT('Ctrl Pts',(20.6992361111111,-2.48,-0.881458333333303));
#16068=CARTESIAN_POINT('Ctrl Pts',(20.1112731481482,-2.48,-1.46354166666665));
#16069=CARTESIAN_POINT('Ctrl Pts',(19.4204166666667,-2.48,-1.91921296296295));
#16070=CARTESIAN_POINT('Ctrl Pts',(18.6266666666667,-2.48,-2.2484722222222));
#16071=CARTESIAN_POINT('Ctrl Pts',(17.8329166666666,-2.48,-2.57773148148145));
#16072=CARTESIAN_POINT('Ctrl Pts',(16.9774305555555,-2.48,-2.7423611111111));
#16073=CARTESIAN_POINT('Ctrl Pts',(16.0602083333333,-2.48,-2.7423611111111));
#16074=CARTESIAN_POINT('Origin',(16.0249305555555,-2.48,3.69583333333335));
#16075=CARTESIAN_POINT('Ctrl Pts',(-29.9067361111111,-2.5,-0.378749999999979));
#16076=CARTESIAN_POINT('Ctrl Pts',(-29.9067361111111,-2.48,-0.378749999999979));
#16077=CARTESIAN_POINT('Ctrl Pts',(-29.3658101851852,-2.5,-0.378749999999979));
#16078=CARTESIAN_POINT('Ctrl Pts',(-29.3658101851852,-2.48,-0.378749999999979));
#16079=CARTESIAN_POINT('Ctrl Pts',(-28.9424768518519,-2.5,-0.219999999999985));
#16080=CARTESIAN_POINT('Ctrl Pts',(-28.9424768518519,-2.48,-0.219999999999985));
#16081=CARTESIAN_POINT('Ctrl Pts',(-28.6367361111111,-2.5,0.0975000000000215));
#16082=CARTESIAN_POINT('Ctrl Pts',(-28.6367361111111,-2.48,0.0975000000000215));
#16083=CARTESIAN_POINT('Ctrl Pts',(-28.3309953703704,-2.5,0.414999999999992));
#16084=CARTESIAN_POINT('Ctrl Pts',(-28.3309953703704,-2.48,0.414999999999992));
#16085=CARTESIAN_POINT('Ctrl Pts',(-28.178125,-2.5,0.803055555555581));
#16086=CARTESIAN_POINT('Ctrl Pts',(-28.178125,-2.48,0.803055555555581));
#16087=CARTESIAN_POINT('Ctrl Pts',(-28.178125,-2.5,1.26166666666668));
#16088=CARTESIAN_POINT('Ctrl Pts',(-28.178125,-2.48,1.26166666666668));
#16089=CARTESIAN_POINT('Ctrl Pts',(-28.178125,-2.5,1.57916666666669));
#16090=CARTESIAN_POINT('Ctrl Pts',(-28.178125,-2.48,1.57916666666669));
#16091=CARTESIAN_POINT('Ctrl Pts',(-28.2486805555556,-2.5,1.86138888888891));
#16092=CARTESIAN_POINT('Ctrl Pts',(-28.2486805555556,-2.48,1.86138888888891));
#16093=CARTESIAN_POINT('Ctrl Pts',(-28.3897916666667,-2.5,2.10833333333335));
#16094=CARTESIAN_POINT('Ctrl Pts',(-28.3897916666667,-2.48,2.10833333333335));
#16095=CARTESIAN_POINT('Ctrl Pts',(-28.5309027777778,-2.5,2.35527777777779));
#16096=CARTESIAN_POINT('Ctrl Pts',(-28.5309027777778,-2.48,2.35527777777779));
#16097=CARTESIAN_POINT('Ctrl Pts',(-28.7278703703704,-2.5,2.54930555555557));
#16098=CARTESIAN_POINT('Ctrl Pts',(-28.7278703703704,-2.48,2.54930555555557));
#16099=CARTESIAN_POINT('Ctrl Pts',(-28.9806944444445,-2.5,2.69041666666668));
#16100=CARTESIAN_POINT('Ctrl Pts',(-28.9806944444445,-2.48,2.69041666666668));
#16101=CARTESIAN_POINT('Ctrl Pts',(-29.2335185185185,-2.5,2.83152777777778));
#16102=CARTESIAN_POINT('Ctrl Pts',(-29.2335185185185,-2.48,2.83152777777778));
#16103=CARTESIAN_POINT('Ctrl Pts',(-29.5421990740741,-2.5,2.90208333333334));
#16104=CARTESIAN_POINT('Ctrl Pts',(-29.5421990740741,-2.48,2.90208333333334));
#16105=CARTESIAN_POINT('Ctrl Pts',(-29.9067361111111,-2.5,2.90208333333334));
#16106=CARTESIAN_POINT('Ctrl Pts',(-29.9067361111111,-2.48,2.90208333333334));
#16107=CARTESIAN_POINT('',(-29.9067361111111,-2.5,-0.378749999999979));
#16108=CARTESIAN_POINT('',(-29.9067361111111,-2.5,2.90208333333334));
#16109=CARTESIAN_POINT('Ctrl Pts',(-29.9067361111111,-2.5,-0.378749999999979));
#16110=CARTESIAN_POINT('Ctrl Pts',(-29.3658101851852,-2.5,-0.378749999999979));
#16111=CARTESIAN_POINT('Ctrl Pts',(-28.9424768518519,-2.5,-0.219999999999985));
#16112=CARTESIAN_POINT('Ctrl Pts',(-28.6367361111111,-2.5,0.0975000000000215));
#16113=CARTESIAN_POINT('Ctrl Pts',(-28.3309953703704,-2.5,0.414999999999992));
#16114=CARTESIAN_POINT('Ctrl Pts',(-28.178125,-2.5,0.803055555555581));
#16115=CARTESIAN_POINT('Ctrl Pts',(-28.178125,-2.5,1.26166666666668));
#16116=CARTESIAN_POINT('Ctrl Pts',(-28.178125,-2.5,1.57916666666669));
#16117=CARTESIAN_POINT('Ctrl Pts',(-28.2486805555556,-2.5,1.86138888888891));
#16118=CARTESIAN_POINT('Ctrl Pts',(-28.3897916666667,-2.5,2.10833333333335));
#16119=CARTESIAN_POINT('Ctrl Pts',(-28.5309027777778,-2.5,2.35527777777779));
#16120=CARTESIAN_POINT('Ctrl Pts',(-28.7278703703704,-2.5,2.54930555555557));
#16121=CARTESIAN_POINT('Ctrl Pts',(-28.9806944444445,-2.5,2.69041666666668));
#16122=CARTESIAN_POINT('Ctrl Pts',(-29.2335185185185,-2.5,2.83152777777778));
#16123=CARTESIAN_POINT('Ctrl Pts',(-29.5421990740741,-2.5,2.90208333333334));
#16124=CARTESIAN_POINT('Ctrl Pts',(-29.9067361111111,-2.5,2.90208333333334));
#16125=CARTESIAN_POINT('',(-29.9067361111111,-2.48,-0.378749999999979));
#16126=CARTESIAN_POINT('',(-29.9067361111111,-2.5,-0.378749999999979));
#16127=CARTESIAN_POINT('',(-29.9067361111111,-2.48,2.90208333333334));
#16128=CARTESIAN_POINT('Ctrl Pts',(-29.9067361111111,-2.48,-0.378749999999979));
#16129=CARTESIAN_POINT('Ctrl Pts',(-29.3658101851852,-2.48,-0.378749999999979));
#16130=CARTESIAN_POINT('Ctrl Pts',(-28.9424768518519,-2.48,-0.219999999999985));
#16131=CARTESIAN_POINT('Ctrl Pts',(-28.6367361111111,-2.48,0.0975000000000215));
#16132=CARTESIAN_POINT('Ctrl Pts',(-28.3309953703704,-2.48,0.414999999999992));
#16133=CARTESIAN_POINT('Ctrl Pts',(-28.178125,-2.48,0.803055555555581));
#16134=CARTESIAN_POINT('Ctrl Pts',(-28.178125,-2.48,1.26166666666668));
#16135=CARTESIAN_POINT('Ctrl Pts',(-28.178125,-2.48,1.57916666666669));
#16136=CARTESIAN_POINT('Ctrl Pts',(-28.2486805555556,-2.48,1.86138888888891));
#16137=CARTESIAN_POINT('Ctrl Pts',(-28.3897916666667,-2.48,2.10833333333335));
#16138=CARTESIAN_POINT('Ctrl Pts',(-28.5309027777778,-2.48,2.35527777777779));
#16139=CARTESIAN_POINT('Ctrl Pts',(-28.7278703703704,-2.48,2.54930555555557));
#16140=CARTESIAN_POINT('Ctrl Pts',(-28.9806944444445,-2.48,2.69041666666668));
#16141=CARTESIAN_POINT('Ctrl Pts',(-29.2335185185185,-2.48,2.83152777777778));
#16142=CARTESIAN_POINT('Ctrl Pts',(-29.5421990740741,-2.48,2.90208333333334));
#16143=CARTESIAN_POINT('Ctrl Pts',(-29.9067361111111,-2.48,2.90208333333334));
#16144=CARTESIAN_POINT('',(-29.9067361111111,-2.5,2.90208333333334));
#16145=CARTESIAN_POINT('Origin',(-32.2174305555556,-2.5,-0.378749999999979));
#16146=CARTESIAN_POINT('',(-32.2174305555556,-2.5,-0.378749999999979));
#16147=CARTESIAN_POINT('',(-16.1087152777778,-2.5,-0.378749999999979));
#16148=CARTESIAN_POINT('',(-32.2174305555556,-2.48,-0.378749999999979));
#16149=CARTESIAN_POINT('',(-32.2174305555556,-2.5,-0.378749999999979));
#16150=CARTESIAN_POINT('',(-29.9067361111111,-2.48,-0.378749999999979));
#16151=CARTESIAN_POINT('Origin',(-32.2174305555556,-2.5,2.90208333333334));
#16152=CARTESIAN_POINT('',(-32.2174305555556,-2.5,2.90208333333334));
#16153=CARTESIAN_POINT('',(-32.2174305555556,-2.5,1.45104166666667));
#16154=CARTESIAN_POINT('',(-32.2174305555556,-2.48,2.90208333333334));
#16155=CARTESIAN_POINT('',(-32.2174305555556,-2.5,2.90208333333334));
#16156=CARTESIAN_POINT('',(-32.2174305555556,-2.48,-0.378749999999979));
#16157=CARTESIAN_POINT('Origin',(-29.9067361111111,-2.5,2.90208333333334));
#16158=CARTESIAN_POINT('',(-14.9533680555556,-2.5,2.90208333333334));
#16159=CARTESIAN_POINT('',(-32.2174305555556,-2.48,2.90208333333334));
#16160=CARTESIAN_POINT('Origin',(-30.1360416666667,-2.5,7.77041666666667));
#16161=CARTESIAN_POINT('',(-30.1360416666667,-2.5,7.77041666666667));
#16162=CARTESIAN_POINT('',(-32.2174305555556,-2.5,7.77041666666667));
#16163=CARTESIAN_POINT('',(-15.0680208333334,-2.5,7.77041666666667));
#16164=CARTESIAN_POINT('',(-30.1360416666667,-2.48,7.77041666666667));
#16165=CARTESIAN_POINT('',(-30.1360416666667,-2.5,7.77041666666667));
#16166=CARTESIAN_POINT('',(-32.2174305555556,-2.48,7.77041666666667));
#16167=CARTESIAN_POINT('',(-32.2174305555556,-2.48,7.77041666666667));
#16168=CARTESIAN_POINT('',(-32.2174305555556,-2.5,7.77041666666667));
#16169=CARTESIAN_POINT('Ctrl Pts',(-30.1360416666667,-2.5,5.00111111111112));
#16170=CARTESIAN_POINT('Ctrl Pts',(-30.1360416666667,-2.48,5.00111111111112));
#16171=CARTESIAN_POINT('Ctrl Pts',(-29.6774305555556,-2.5,5.00111111111112));
#16172=CARTESIAN_POINT('Ctrl Pts',(-29.6774305555556,-2.48,5.00111111111112));
#16173=CARTESIAN_POINT('Ctrl Pts',(-29.3070138888889,-2.5,5.11576388888891));
#16174=CARTESIAN_POINT('Ctrl Pts',(-29.3070138888889,-2.48,5.11576388888891));
#16175=CARTESIAN_POINT('Ctrl Pts',(-29.0247916666667,-2.5,5.34506944444447));
#16176=CARTESIAN_POINT('Ctrl Pts',(-29.0247916666667,-2.48,5.34506944444447));
#16177=CARTESIAN_POINT('Ctrl Pts',(-28.7425694444445,-2.5,5.57437500000002));
#16178=CARTESIAN_POINT('Ctrl Pts',(-28.7425694444445,-2.48,5.57437500000002));
#16179=CARTESIAN_POINT('Ctrl Pts',(-28.6014583333333,-2.5,5.92421296296298));
#16180=CARTESIAN_POINT('Ctrl Pts',(-28.6014583333333,-2.48,5.92421296296298));
#16181=CARTESIAN_POINT('Ctrl Pts',(-28.6014583333333,-2.5,6.39458333333335));
#16182=CARTESIAN_POINT('Ctrl Pts',(-28.6014583333333,-2.48,6.39458333333335));
#16183=CARTESIAN_POINT('Ctrl Pts',(-28.6014583333333,-2.5,6.85319444444445));
#16184=CARTESIAN_POINT('Ctrl Pts',(-28.6014583333333,-2.48,6.85319444444445));
#16185=CARTESIAN_POINT('Ctrl Pts',(-28.7425694444445,-2.5,7.19715277777778));
#16186=CARTESIAN_POINT('Ctrl Pts',(-28.7425694444445,-2.48,7.19715277777778));
#16187=CARTESIAN_POINT('Ctrl Pts',(-29.0247916666667,-2.5,7.42645833333334));
#16188=CARTESIAN_POINT('Ctrl Pts',(-29.0247916666667,-2.48,7.42645833333334));
#16189=CARTESIAN_POINT('Ctrl Pts',(-29.3070138888889,-2.5,7.6557638888889));
#16190=CARTESIAN_POINT('Ctrl Pts',(-29.3070138888889,-2.48,7.6557638888889));
#16191=CARTESIAN_POINT('Ctrl Pts',(-29.6774305555556,-2.5,7.77041666666667));
#16192=CARTESIAN_POINT('Ctrl Pts',(-29.6774305555556,-2.48,7.77041666666667));
#16193=CARTESIAN_POINT('Ctrl Pts',(-30.1360416666667,-2.5,7.77041666666667));
#16194=CARTESIAN_POINT('Ctrl Pts',(-30.1360416666667,-2.48,7.77041666666667));
#16195=CARTESIAN_POINT('',(-30.1360416666667,-2.5,5.00111111111112));
#16196=CARTESIAN_POINT('Ctrl Pts',(-30.1360416666667,-2.5,5.00111111111112));
#16197=CARTESIAN_POINT('Ctrl Pts',(-29.6774305555556,-2.5,5.00111111111112));
#16198=CARTESIAN_POINT('Ctrl Pts',(-29.3070138888889,-2.5,5.11576388888891));
#16199=CARTESIAN_POINT('Ctrl Pts',(-29.0247916666667,-2.5,5.34506944444447));
#16200=CARTESIAN_POINT('Ctrl Pts',(-28.7425694444445,-2.5,5.57437500000002));
#16201=CARTESIAN_POINT('Ctrl Pts',(-28.6014583333333,-2.5,5.92421296296298));
#16202=CARTESIAN_POINT('Ctrl Pts',(-28.6014583333333,-2.5,6.39458333333335));
#16203=CARTESIAN_POINT('Ctrl Pts',(-28.6014583333333,-2.5,6.85319444444445));
#16204=CARTESIAN_POINT('Ctrl Pts',(-28.7425694444445,-2.5,7.19715277777778));
#16205=CARTESIAN_POINT('Ctrl Pts',(-29.0247916666667,-2.5,7.42645833333334));
#16206=CARTESIAN_POINT('Ctrl Pts',(-29.3070138888889,-2.5,7.6557638888889));
#16207=CARTESIAN_POINT('Ctrl Pts',(-29.6774305555556,-2.5,7.77041666666667));
#16208=CARTESIAN_POINT('Ctrl Pts',(-30.1360416666667,-2.5,7.77041666666667));
#16209=CARTESIAN_POINT('',(-30.1360416666667,-2.48,5.00111111111112));
#16210=CARTESIAN_POINT('',(-30.1360416666667,-2.5,5.00111111111112));
#16211=CARTESIAN_POINT('Ctrl Pts',(-30.1360416666667,-2.48,5.00111111111112));
#16212=CARTESIAN_POINT('Ctrl Pts',(-29.6774305555556,-2.48,5.00111111111112));
#16213=CARTESIAN_POINT('Ctrl Pts',(-29.3070138888889,-2.48,5.11576388888891));
#16214=CARTESIAN_POINT('Ctrl Pts',(-29.0247916666667,-2.48,5.34506944444447));
#16215=CARTESIAN_POINT('Ctrl Pts',(-28.7425694444445,-2.48,5.57437500000002));
#16216=CARTESIAN_POINT('Ctrl Pts',(-28.6014583333333,-2.48,5.92421296296298));
#16217=CARTESIAN_POINT('Ctrl Pts',(-28.6014583333333,-2.48,6.39458333333335));
#16218=CARTESIAN_POINT('Ctrl Pts',(-28.6014583333333,-2.48,6.85319444444445));
#16219=CARTESIAN_POINT('Ctrl Pts',(-28.7425694444445,-2.48,7.19715277777778));
#16220=CARTESIAN_POINT('Ctrl Pts',(-29.0247916666667,-2.48,7.42645833333334));
#16221=CARTESIAN_POINT('Ctrl Pts',(-29.3070138888889,-2.48,7.6557638888889));
#16222=CARTESIAN_POINT('Ctrl Pts',(-29.6774305555556,-2.48,7.77041666666667));
#16223=CARTESIAN_POINT('Ctrl Pts',(-30.1360416666667,-2.48,7.77041666666667));
#16224=CARTESIAN_POINT('Origin',(-32.2174305555556,-2.5,5.00111111111112));
#16225=CARTESIAN_POINT('',(-32.2174305555556,-2.5,5.00111111111112));
#16226=CARTESIAN_POINT('',(-16.1087152777778,-2.5,5.00111111111112));
#16227=CARTESIAN_POINT('',(-32.2174305555556,-2.48,5.00111111111112));
#16228=CARTESIAN_POINT('',(-32.2174305555556,-2.5,5.00111111111112));
#16229=CARTESIAN_POINT('',(-30.1360416666667,-2.48,5.00111111111112));
#16230=CARTESIAN_POINT('Origin',(-32.2174305555556,-2.5,7.77041666666667));
#16231=CARTESIAN_POINT('',(-32.2174305555556,-2.5,3.88520833333334));
#16232=CARTESIAN_POINT('',(-32.2174305555556,-2.48,5.00111111111112));
#16233=CARTESIAN_POINT('Ctrl Pts',(-27.3589404375864,-2.5,4.12717119396321));
#16234=CARTESIAN_POINT('Ctrl Pts',(-27.3589404375864,-2.48,4.12717119396321));
#16235=CARTESIAN_POINT('Ctrl Pts',(-26.9361448825862,-2.5,3.92093242977738));
#16236=CARTESIAN_POINT('Ctrl Pts',(-26.9361448825862,-2.48,3.92093242977738));
#16237=CARTESIAN_POINT('Ctrl Pts',(-26.5771462183285,-2.5,3.65956055023535));
#16238=CARTESIAN_POINT('Ctrl Pts',(-26.5771462183285,-2.48,3.65956055023535));
#16239=CARTESIAN_POINT('Ctrl Pts',(-26.2819444444445,-2.5,3.34305555555558));
#16240=CARTESIAN_POINT('Ctrl Pts',(-26.2819444444445,-2.48,3.34305555555558));
#16241=CARTESIAN_POINT('Ctrl Pts',(-25.7116203703704,-2.5,2.7315740740741));
#16242=CARTESIAN_POINT('Ctrl Pts',(-25.7116203703704,-2.48,2.7315740740741));
#16243=CARTESIAN_POINT('Ctrl Pts',(-25.4264583333334,-2.5,1.9789814814815));
#16244=CARTESIAN_POINT('Ctrl Pts',(-25.4264583333334,-2.48,1.9789814814815));
#16245=CARTESIAN_POINT('Ctrl Pts',(-25.4264583333334,-2.5,1.0852777777778));
#16246=CARTESIAN_POINT('Ctrl Pts',(-25.4264583333334,-2.48,1.0852777777778));
#16247=CARTESIAN_POINT('Ctrl Pts',(-25.4264583333334,-2.5,0.403240740740785));
#16248=CARTESIAN_POINT('Ctrl Pts',(-25.4264583333334,-2.48,0.403240740740785));
#16249=CARTESIAN_POINT('Ctrl Pts',(-25.5940277777778,-2.5,-0.211180555555543));
#16250=CARTESIAN_POINT('Ctrl Pts',(-25.5940277777778,-2.48,-0.211180555555543));
#16251=CARTESIAN_POINT('Ctrl Pts',(-25.9291666666667,-2.5,-0.757986111111091));
#16252=CARTESIAN_POINT('Ctrl Pts',(-25.9291666666667,-2.48,-0.757986111111091));
#16253=CARTESIAN_POINT('Ctrl Pts',(-26.2643055555556,-2.5,-1.30479166666664));
#16254=CARTESIAN_POINT('Ctrl Pts',(-26.2643055555556,-2.48,-1.30479166666664));
#16255=CARTESIAN_POINT('Ctrl Pts',(-26.7464351851852,-2.5,-1.73694444444441));
#16256=CARTESIAN_POINT('Ctrl Pts',(-26.7464351851852,-2.48,-1.73694444444441));
#16257=CARTESIAN_POINT('Ctrl Pts',(-27.3755555555556,-2.5,-2.05444444444442));
#16258=CARTESIAN_POINT('Ctrl Pts',(-27.3755555555556,-2.48,-2.05444444444442));
#16259=CARTESIAN_POINT('Ctrl Pts',(-28.0046759259259,-2.5,-2.37194444444443));
#16260=CARTESIAN_POINT('Ctrl Pts',(-28.0046759259259,-2.48,-2.37194444444443));
#16261=CARTESIAN_POINT('Ctrl Pts',(-28.7602083333334,-2.5,-2.53069444444442));
#16262=CARTESIAN_POINT('Ctrl Pts',(-28.7602083333334,-2.48,-2.53069444444442));
#16263=CARTESIAN_POINT('Ctrl Pts',(-29.6421527777778,-2.5,-2.53069444444442));
#16264=CARTESIAN_POINT('Ctrl Pts',(-29.6421527777778,-2.48,-2.53069444444442));
#16265=CARTESIAN_POINT('',(-27.3589387221957,-2.48,4.12717124107241));
#16266=CARTESIAN_POINT('',(-27.3589387221957,-2.5,4.12717124107241));
#16267=CARTESIAN_POINT('',(-29.6421527777778,-2.48,-2.53069444444442));
#16268=CARTESIAN_POINT('Ctrl Pts',(-27.3589390730147,-2.48,4.12717052832779));
#16269=CARTESIAN_POINT('Ctrl Pts',(-26.9361441101412,-2.48,3.92093186739248));
#16270=CARTESIAN_POINT('Ctrl Pts',(-26.5771459007408,-2.48,3.65956020972892));
#16271=CARTESIAN_POINT('Ctrl Pts',(-26.2819444444445,-2.48,3.34305555555558));
#16272=CARTESIAN_POINT('Ctrl Pts',(-25.7116203703704,-2.48,2.7315740740741));
#16273=CARTESIAN_POINT('Ctrl Pts',(-25.4264583333334,-2.48,1.9789814814815));
#16274=CARTESIAN_POINT('Ctrl Pts',(-25.4264583333334,-2.48,1.0852777777778));
#16275=CARTESIAN_POINT('Ctrl Pts',(-25.4264583333334,-2.48,0.403240740740785));
#16276=CARTESIAN_POINT('Ctrl Pts',(-25.5940277777778,-2.48,-0.211180555555543));
#16277=CARTESIAN_POINT('Ctrl Pts',(-25.9291666666667,-2.48,-0.757986111111091));
#16278=CARTESIAN_POINT('Ctrl Pts',(-26.2643055555556,-2.48,-1.30479166666664));
#16279=CARTESIAN_POINT('Ctrl Pts',(-26.7464351851852,-2.48,-1.73694444444441));
#16280=CARTESIAN_POINT('Ctrl Pts',(-27.3755555555556,-2.48,-2.05444444444442));
#16281=CARTESIAN_POINT('Ctrl Pts',(-28.0046759259259,-2.48,-2.37194444444443));
#16282=CARTESIAN_POINT('Ctrl Pts',(-28.7602083333334,-2.48,-2.53069444444442));
#16283=CARTESIAN_POINT('Ctrl Pts',(-29.6421527777778,-2.48,-2.53069444444442));
#16284=CARTESIAN_POINT('',(-29.6421527777778,-2.5,-2.53069444444442));
#16285=CARTESIAN_POINT('Ctrl Pts',(-29.606875,-2.5,9.92236111111113));
#16286=CARTESIAN_POINT('Ctrl Pts',(-29.606875,-2.48,9.92236111111113));
#16287=CARTESIAN_POINT('Ctrl Pts',(-28.8072453703704,-2.5,9.92236111111113));
#16288=CARTESIAN_POINT('Ctrl Pts',(-28.8072453703704,-2.48,9.92236111111113));
#16289=CARTESIAN_POINT('Ctrl Pts',(-28.1281481481481,-2.5,9.77537037037036));
#16290=CARTESIAN_POINT('Ctrl Pts',(-28.1281481481481,-2.48,9.77537037037036));
#16291=CARTESIAN_POINT('Ctrl Pts',(-27.5695833333333,-2.5,9.4813888888889));
#16292=CARTESIAN_POINT('Ctrl Pts',(-27.5695833333333,-2.48,9.4813888888889));
#16293=CARTESIAN_POINT('Ctrl Pts',(-27.0110185185185,-2.5,9.18740740740743));
#16294=CARTESIAN_POINT('Ctrl Pts',(-27.0110185185185,-2.48,9.18740740740743));
#16295=CARTESIAN_POINT('Ctrl Pts',(-26.5847453703704,-2.5,8.79347222222226));
#16296=CARTESIAN_POINT('Ctrl Pts',(-26.5847453703704,-2.48,8.79347222222226));
#16297=CARTESIAN_POINT('Ctrl Pts',(-26.2907638888889,-2.5,8.29958333333334));
#16298=CARTESIAN_POINT('Ctrl Pts',(-26.2907638888889,-2.48,8.29958333333334));
#16299=CARTESIAN_POINT('Ctrl Pts',(-25.9967824074075,-2.5,7.80569444444449));
#16300=CARTESIAN_POINT('Ctrl Pts',(-25.9967824074075,-2.48,7.80569444444449));
#16301=CARTESIAN_POINT('Ctrl Pts',(-25.8497916666667,-2.5,7.25888888888893));
#16302=CARTESIAN_POINT('Ctrl Pts',(-25.8497916666667,-2.48,7.25888888888893));
#16303=CARTESIAN_POINT('Ctrl Pts',(-25.8497916666667,-2.5,6.6591666666667));
#16304=CARTESIAN_POINT('Ctrl Pts',(-25.8497916666667,-2.48,6.6591666666667));
#16305=CARTESIAN_POINT('Ctrl Pts',(-25.8497916666667,-2.5,5.89481481481485));
#16306=CARTESIAN_POINT('Ctrl Pts',(-25.8497916666667,-2.48,5.89481481481485));
#16307=CARTESIAN_POINT('Ctrl Pts',(-26.0967361111111,-2.5,5.24805555555556));
#16308=CARTESIAN_POINT('Ctrl Pts',(-26.0967361111111,-2.48,5.24805555555556));
#16309=CARTESIAN_POINT('Ctrl Pts',(-26.590625,-2.5,4.71888888888889));
#16310=CARTESIAN_POINT('Ctrl Pts',(-26.590625,-2.48,4.71888888888889));
#16311=CARTESIAN_POINT('Ctrl Pts',(-26.8031725673474,-2.5,4.49115935244528));
#16312=CARTESIAN_POINT('Ctrl Pts',(-26.8031725673474,-2.48,4.49115935244528));
#16313=CARTESIAN_POINT('Ctrl Pts',(-27.0592777130833,-2.5,4.29392012087364));
#16314=CARTESIAN_POINT('Ctrl Pts',(-27.0592777130833,-2.48,4.29392012087364));
#16315=CARTESIAN_POINT('Ctrl Pts',(-27.3589404375864,-2.5,4.12717119396321));
#16316=CARTESIAN_POINT('Ctrl Pts',(-27.3589404375864,-2.48,4.12717119396321));
#16317=CARTESIAN_POINT('',(-29.606875,-2.48,9.92236111111113));
#16318=CARTESIAN_POINT('',(-29.606875,-2.5,9.92236111111113));
#16319=CARTESIAN_POINT('Ctrl Pts',(-29.606875,-2.48,9.92236111111113));
#16320=CARTESIAN_POINT('Ctrl Pts',(-28.8072453703704,-2.48,9.92236111111113));
#16321=CARTESIAN_POINT('Ctrl Pts',(-28.1281481481481,-2.48,9.77537037037036));
#16322=CARTESIAN_POINT('Ctrl Pts',(-27.5695833333333,-2.48,9.4813888888889));
#16323=CARTESIAN_POINT('Ctrl Pts',(-27.0110185185185,-2.48,9.18740740740743));
#16324=CARTESIAN_POINT('Ctrl Pts',(-26.5847453703704,-2.48,8.79347222222226));
#16325=CARTESIAN_POINT('Ctrl Pts',(-26.2907638888889,-2.48,8.29958333333334));
#16326=CARTESIAN_POINT('Ctrl Pts',(-25.9967824074075,-2.48,7.80569444444449));
#16327=CARTESIAN_POINT('Ctrl Pts',(-25.8497916666667,-2.48,7.25888888888893));
#16328=CARTESIAN_POINT('Ctrl Pts',(-25.8497916666667,-2.48,6.6591666666667));
#16329=CARTESIAN_POINT('Ctrl Pts',(-25.8497916666667,-2.48,5.89481481481485));
#16330=CARTESIAN_POINT('Ctrl Pts',(-26.0967361111111,-2.48,5.24805555555556));
#16331=CARTESIAN_POINT('Ctrl Pts',(-26.590625,-2.48,4.71888888888889));
#16332=CARTESIAN_POINT('Ctrl Pts',(-26.8031722529355,-2.48,4.49115968931516));
#16333=CARTESIAN_POINT('Ctrl Pts',(-27.0592769553941,-2.48,4.29392070440764));
#16334=CARTESIAN_POINT('Ctrl Pts',(-27.3589391077546,-2.48,4.12717193395558));
#16335=CARTESIAN_POINT('Origin',(-34.9514583333334,-2.5,9.92236111111113));
#16336=CARTESIAN_POINT('',(-34.9514583333334,-2.48,9.92236111111113));
#16337=CARTESIAN_POINT('',(-34.9514583333334,-2.5,9.92236111111113));
#16338=CARTESIAN_POINT('',(-29.606875,-2.48,9.92236111111113));
#16339=CARTESIAN_POINT('Origin',(-34.9514583333334,-2.5,-2.53069444444442));
#16340=CARTESIAN_POINT('',(-34.9514583333334,-2.48,-2.53069444444442));
#16341=CARTESIAN_POINT('',(-34.9514583333334,-2.5,-2.53069444444442));
#16342=CARTESIAN_POINT('',(-34.9514583333334,-2.48,9.92236111111113));
#16343=CARTESIAN_POINT('Origin',(-29.6421527777778,-2.5,-2.53069444444442));
#16344=CARTESIAN_POINT('',(-34.9514583333334,-2.48,-2.53069444444442));
#16345=CARTESIAN_POINT('Origin',(-30.1889583333334,-2.48,3.69583333333336));
#16346=CARTESIAN_POINT('Origin',(0.,-2.5,0.));
#16347=CARTESIAN_POINT('Origin',(0.,-2.5,0.));
#16348=CARTESIAN_POINT('Origin',(0.,-2.5,0.));
#16349=CARTESIAN_POINT('Origin',(0.,-2.5,0.));
#16350=CARTESIAN_POINT('Origin',(66.95,31.6,-20.));
#16351=CARTESIAN_POINT('',(66.95,31.6,-20.));
#16352=CARTESIAN_POINT('Origin',(69.45,31.6,20.));
#16353=CARTESIAN_POINT('',(66.95,31.6,20.));
#16354=CARTESIAN_POINT('Origin',(66.95,31.6,56.5));
#16355=CARTESIAN_POINT('',(66.95,31.6,-56.5));
#16356=CARTESIAN_POINT('Origin',(-66.95,31.6,-20.));
#16357=CARTESIAN_POINT('',(-66.95,31.6,-20.));
#16358=CARTESIAN_POINT('Origin',(-66.95,31.6,-56.5));
#16359=CARTESIAN_POINT('',(-66.95,31.6,-56.5));
#16360=CARTESIAN_POINT('Origin',(66.95,31.6,-56.5));
#16361=CARTESIAN_POINT('Origin',(66.95,31.6,56.5));
#16362=CARTESIAN_POINT('',(66.95,31.6,56.5));
#16363=CARTESIAN_POINT('Origin',(-66.95,31.6,56.5));
#16364=CARTESIAN_POINT('',(-66.95,31.6,56.5));
#16365=CARTESIAN_POINT('Origin',(-66.95,31.6,20.));
#16366=CARTESIAN_POINT('',(-66.95,31.6,20.));
#16367=CARTESIAN_POINT('Origin',(-69.45,31.6,20.));
#16368=CARTESIAN_POINT('Origin',(69.45,0.,59.));
#16369=CARTESIAN_POINT('Origin',(71.95,31.6,-61.5));
#16370=CARTESIAN_POINT('',(69.95,21.6,-61.5));
#16371=CARTESIAN_POINT('',(69.95,31.6,-61.5));
#16372=CARTESIAN_POINT('Origin',(71.95,21.6,-61.5));
#16373=CARTESIAN_POINT('Origin',(71.95,21.6,-61.5));
#16374=CARTESIAN_POINT('Origin',(-71.95,31.6,-61.5));
#16375=CARTESIAN_POINT('',(-73.95,21.6,-61.5));
#16376=CARTESIAN_POINT('',(-73.95,31.6,-61.5));
#16377=CARTESIAN_POINT('Origin',(-71.95,21.6,-61.5));
#16378=CARTESIAN_POINT('Origin',(-71.95,21.6,-61.5));
#16379=CARTESIAN_POINT('Origin',(71.95,31.6,61.5));
#16380=CARTESIAN_POINT('',(69.95,21.6,61.5));
#16381=CARTESIAN_POINT('',(69.95,31.6,61.5));
#16382=CARTESIAN_POINT('Origin',(71.95,21.6,61.5));
#16383=CARTESIAN_POINT('Origin',(71.95,21.6,61.5));
#16384=CARTESIAN_POINT('Origin',(-71.95,31.6,61.5));
#16385=CARTESIAN_POINT('',(-73.95,21.6,61.5));
#16386=CARTESIAN_POINT('',(-73.95,31.6,61.5));
#16387=CARTESIAN_POINT('Origin',(-71.95,21.6,61.5));
#16388=CARTESIAN_POINT('Origin',(-71.95,21.6,61.5));
#16389=CARTESIAN_POINT('Origin',(-71.95,0.,61.5));
#16390=CARTESIAN_POINT('Origin',(0.,-2.5,0.));
#16391=UNCERTAINTY_MEASURE_WITH_UNIT(LENGTH_MEASURE(0.01),#16395,
'DISTANCE_ACCURACY_VALUE',
'Maximum model space distance between geometric entities at asserted c
onnectivities');
#16392=UNCERTAINTY_MEASURE_WITH_UNIT(LENGTH_MEASURE(0.01),#16395,
'DISTANCE_ACCURACY_VALUE',
'Maximum model space distance between geometric entities at asserted c
onnectivities');
#16393=(
GEOMETRIC_REPRESENTATION_CONTEXT(3)
GLOBAL_UNCERTAINTY_ASSIGNED_CONTEXT((#16391))
GLOBAL_UNIT_ASSIGNED_CONTEXT((#16395,#16397,#16398))
REPRESENTATION_CONTEXT('','3D')
);
#16394=(
GEOMETRIC_REPRESENTATION_CONTEXT(3)
GLOBAL_UNCERTAINTY_ASSIGNED_CONTEXT((#16392))
GLOBAL_UNIT_ASSIGNED_CONTEXT((#16395,#16397,#16398))
REPRESENTATION_CONTEXT('','3D')
);
#16395=(
LENGTH_UNIT()
NAMED_UNIT(*)
SI_UNIT(.MILLI.,.METRE.)
);
#16396=(
LENGTH_UNIT()
NAMED_UNIT(*)
SI_UNIT(.CENTI.,.METRE.)
);
#16397=(
NAMED_UNIT(*)
PLANE_ANGLE_UNIT()
SI_UNIT($,.RADIAN.)
);
#16398=(
NAMED_UNIT(*)
SI_UNIT($,.STERADIAN.)
SOLID_ANGLE_UNIT()
);
#16399=SHAPE_DEFINITION_REPRESENTATION(#16400,#16401);
#16400=PRODUCT_DEFINITION_SHAPE('',$,#16403);
#16401=SHAPE_REPRESENTATION('',(#7843),#16393);
#16402=PRODUCT_DEFINITION_CONTEXT('part definition',#16407,'design');
#16403=PRODUCT_DEFINITION('Deckel','Deckel',#16404,#16402);
#16404=PRODUCT_DEFINITION_FORMATION('',$,#16409);
#16405=PRODUCT_RELATED_PRODUCT_CATEGORY('Deckel','Deckel',(#16409));
#16406=APPLICATION_PROTOCOL_DEFINITION('international standard',
'automotive_design',2009,#16407);
#16407=APPLICATION_CONTEXT(
'Core Data for Automotive Mechanical Design Process');
#16408=PRODUCT_CONTEXT('part definition',#16407,'mechanical');
#16409=PRODUCT('Deckel','Deckel',$,(#16408));
#16410=PRESENTATION_STYLE_ASSIGNMENT((#16411));
#16411=SURFACE_STYLE_USAGE(.BOTH.,#16414);
#16412=SURFACE_STYLE_RENDERING_WITH_PROPERTIES($,#16418,(#16413));
#16413=SURFACE_STYLE_TRANSPARENT(0.);
#16414=SURFACE_SIDE_STYLE('',(#16415,#16412));
#16415=SURFACE_STYLE_FILL_AREA(#16416);
#16416=FILL_AREA_STYLE('',(#16417));
#16417=FILL_AREA_STYLE_COLOUR('',#16418);
#16418=COLOUR_RGB('',0.250980392156863,0.250980392156863,0.250980392156863);
ENDSEC;
END-ISO-10303-21;
