$date
	Tue Dec 22 16:48:08 2020
$end
$version
	Icarus Verilog
$end
$timescale
	1ns
$end
$scope module ICARUS_TB $end
$var wire 1 ! out $end
$var reg 1 " clk $end
$var reg 1 # clk_ctr $end
$var reg 16 $ value [15:0] $end
$scope module rc_servo $end
$var wire 1 " CLK $end
$var wire 1 # CLK_CTR $end
$var wire 16 % VALUE [15:0] $end
$var wire 1 & clk_ctr_re $end
$var reg 1 ! OUT $end
$var reg 16 ' ctr [15:0] $end
$var reg 1 ( hri1 $end
$var reg 1 ) hri2 $end
$var reg 16 * value_temp [15:0] $end
$upscope $end
$upscope $end
$enddefinitions $end
#0
$dumpvars
b101 *
x)
1(
b1 '
x&
b101 %
b101 $
1#
1"
1!
$end
#10
0"
#20
0&
b10 '
1)
1"
#30
0"
#40
b11 '
1"
#50
0"
#60
b100 '
1"
#70
0"
#80
b101 '
1"
#90
0"
#100
0!
b110 '
0(
1"
0#
#110
0"
#120
b111 '
0)
1"
#130
0"
#140
b1000 '
1"
#150
0"
#160
b1001 '
1"
#170
0"
#180
b0 '
1"
#190
0"
#200
1&
1!
b1 '
1(
1"
1#
#210
0"
#220
0&
b10 '
1)
1"
#230
0"
#240
b11 '
1"
#250
0"
#260
b100 '
1"
#270
0"
#280
b101 '
1"
#290
0"
#300
0!
b110 '
0(
1"
0#
#310
0"
#320
b111 '
0)
1"
#330
0"
#340
b1000 '
1"
#350
0"
#360
b1001 '
1"
#370
0"
#380
b0 '
1"
#390
0"
#400
1&
1!
b1 '
1(
1"
1#
#410
0"
#420
0&
b10 '
1)
1"
#430
0"
#440
b11 '
1"
#450
0"
#460
b100 '
1"
#470
0"
#480
b101 '
1"
#490
0"
#500
0!
b110 '
0(
1"
0#
#510
0"
#520
b111 '
0)
1"
#530
0"
#540
b1000 '
1"
#550
0"
#560
b1001 '
1"
#570
0"
#580
b0 '
1"
#590
0"
#600
1&
1!
b1 '
1(
1"
1#
#610
0"
#620
0&
b10 '
1)
1"
#630
0"
#640
b11 '
1"
#650
0"
#660
b100 '
1"
#670
0"
#680
b101 '
1"
#690
0"
#700
0!
b110 '
0(
1"
0#
#710
0"
#720
b111 '
0)
1"
#730
0"
#740
b1000 '
1"
#750
0"
#760
b1001 '
1"
#770
0"
#780
b0 '
1"
#790
0"
#800
1&
1!
b1 '
1(
1"
1#
#810
0"
#820
0&
b10 '
1)
1"
#830
0"
#840
b11 '
1"
#850
0"
#860
b100 '
1"
#870
0"
#880
b101 '
1"
#890
0"
#900
0!
b110 '
0(
1"
0#
#910
0"
#920
b111 '
0)
1"
#930
0"
#940
b1000 '
1"
#950
0"
#960
b1001 '
1"
#970
0"
#980
b0 '
1"
#990
0"
#1000
1&
1!
b1 '
1(
1"
1#
#1010
0"
#1020
0&
b10 '
1)
1"
#1030
0"
#1040
b11 '
1"
#1050
0"
#1060
b100 '
1"
#1070
0"
#1080
b101 '
1"
#1090
0"
#1100
0!
b110 '
0(
1"
0#
#1110
0"
#1120
b111 '
0)
1"
#1130
0"
#1140
b1000 '
1"
#1150
0"
#1160
b1001 '
1"
#1170
0"
#1180
b0 '
1"
#1190
0"
#1200
1&
1!
b1 '
1(
1"
1#
#1210
0"
#1220
0&
b10 '
1)
1"
#1230
0"
#1240
b11 '
1"
#1250
0"
#1260
b100 '
1"
#1270
0"
#1280
b101 '
1"
#1290
0"
#1300
0!
b110 '
0(
1"
0#
#1310
0"
#1320
b111 '
0)
1"
#1330
0"
#1340
b1000 '
1"
#1350
0"
#1360
b1001 '
1"
#1370
0"
#1380
b0 '
1"
#1390
0"
#1400
1&
1!
b1 '
1(
1"
1#
#1410
0"
#1420
0&
b10 '
1)
1"
#1430
0"
#1440
b11 '
1"
#1450
0"
#1460
b100 '
1"
#1470
0"
#1480
b101 '
1"
#1490
0"
#1500
0!
b110 '
0(
1"
0#
#1510
0"
#1520
b111 '
0)
1"
#1530
0"
#1540
b1000 '
1"
#1550
0"
#1560
b1001 '
1"
#1570
0"
#1580
b0 '
1"
#1590
0"
#1600
1&
1!
b1 '
1(
1"
1#
#1610
0"
#1620
0&
b10 '
1)
1"
#1630
0"
#1640
b11 '
1"
#1650
0"
#1660
b100 '
1"
#1670
0"
#1680
b101 '
1"
#1690
0"
#1700
0!
b110 '
0(
1"
0#
#1710
0"
#1720
b111 '
0)
1"
#1730
0"
#1740
b1000 '
1"
#1750
0"
#1760
b1001 '
1"
#1770
0"
#1780
b0 '
1"
#1790
0"
#1800
1&
1!
b1 '
1(
1"
1#
#1810
0"
#1820
0&
b10 '
1)
1"
#1830
0"
#1840
b11 '
1"
#1850
0"
#1860
b100 '
1"
#1870
0"
#1880
b101 '
1"
#1890
0"
#1900
0!
b110 '
0(
1"
0#
#1910
0"
#1920
b111 '
0)
1"
#1930
0"
#1940
b1000 '
1"
#1950
0"
#1960
b1001 '
1"
#1970
0"
#1980
b0 '
1"
#1990
0"
#2000
1&
1!
b1 '
1(
1"
1#
#2010
0"
#2020
0&
b10 '
1)
1"
#2030
0"
#2040
b11 '
1"
#2050
0"
#2060
b100 '
1"
#2070
0"
#2080
b101 '
1"
#2090
0"
#2100
0!
b110 '
0(
1"
0#
#2110
0"
#2120
b111 '
0)
1"
#2130
0"
#2140
b1000 '
1"
#2150
0"
#2160
b1001 '
1"
#2170
0"
#2180
b0 '
1"
#2190
0"
#2200
1&
1!
b1 '
1(
1"
1#
#2210
0"
#2220
0&
b10 '
1)
1"
#2230
0"
#2240
b11 '
1"
#2250
0"
#2260
b100 '
1"
#2270
0"
#2280
b101 '
1"
#2290
0"
#2300
0!
b110 '
0(
1"
0#
#2310
0"
#2320
b111 '
0)
1"
#2330
0"
#2340
b1000 '
1"
#2350
0"
#2360
b1001 '
1"
#2370
0"
#2380
b0 '
1"
#2390
0"
#2400
1&
1!
b1 '
1(
1"
1#
#2410
0"
#2420
0&
b10 '
1)
1"
#2430
0"
#2440
b11 '
1"
#2450
0"
#2460
b100 '
1"
#2470
0"
#2480
b101 '
1"
#2490
0"
#2500
0!
b110 '
0(
1"
0#
#2510
0"
#2520
b111 '
0)
1"
#2530
0"
#2540
b1000 '
1"
#2550
0"
#2560
b1001 '
1"
#2570
0"
#2580
b0 '
1"
#2590
0"
#2600
1&
1!
b1 '
1(
1"
1#
#2610
0"
#2620
0&
b10 '
1)
1"
#2630
0"
#2640
b11 '
1"
#2650
0"
#2660
b100 '
1"
#2670
0"
#2680
b101 '
1"
#2690
0"
#2700
0!
b110 '
0(
1"
0#
#2710
0"
#2720
b111 '
0)
1"
#2730
0"
#2740
b1000 '
1"
#2750
0"
#2760
b1001 '
1"
#2770
0"
#2780
b0 '
1"
#2790
0"
#2800
1&
1!
b1 '
1(
1"
1#
#2810
0"
#2820
0&
b10 '
1)
1"
#2830
0"
#2840
b11 '
1"
#2850
0"
#2860
b100 '
1"
#2870
0"
#2880
b101 '
1"
#2890
0"
#2900
0!
b110 '
0(
1"
0#
#2910
0"
#2920
b111 '
0)
1"
#2930
0"
#2940
b1000 '
1"
#2950
0"
#2960
b1001 '
1"
#2970
0"
#2980
b0 '
1"
#2990
0"
#3000
1&
1!
b1 '
1(
1"
1#
#3010
0"
#3020
0&
b10 '
1)
1"
#3030
0"
#3040
b11 '
1"
#3050
0"
#3060
b100 '
1"
#3070
0"
#3080
b101 '
1"
#3090
0"
#3100
0!
b110 '
0(
1"
0#
#3110
0"
#3120
b111 '
0)
1"
#3130
0"
#3140
b1000 '
1"
#3150
0"
#3160
b1001 '
1"
#3170
0"
#3180
b0 '
1"
#3190
0"
#3200
1&
1!
b1 '
1(
1"
1#
#3210
0"
#3220
0&
b10 '
1)
1"
#3230
0"
#3240
b11 '
1"
#3250
0"
#3260
b100 '
1"
#3270
0"
#3280
b101 '
1"
#3290
0"
#3300
0!
b110 '
0(
1"
0#
#3310
0"
#3320
b111 '
0)
1"
#3330
0"
#3340
b1000 '
1"
#3350
0"
#3360
b1001 '
1"
#3370
0"
#3380
b0 '
1"
#3390
0"
#3400
1&
1!
b1 '
1(
1"
1#
#3410
0"
#3420
0&
b10 '
1)
1"
#3430
0"
#3440
b11 '
1"
#3450
0"
#3460
b100 '
1"
#3470
0"
#3480
b101 '
1"
#3490
0"
#3500
0!
b110 '
0(
1"
0#
#3510
0"
#3520
b111 '
0)
1"
#3530
0"
#3540
b1000 '
1"
#3550
0"
#3560
b1001 '
1"
#3570
0"
#3580
b0 '
1"
#3590
0"
#3600
1&
1!
b1 '
1(
1"
1#
#3610
0"
#3620
0&
b10 '
1)
1"
#3630
0"
#3640
b11 '
1"
#3650
0"
#3660
b100 '
1"
#3670
0"
#3680
b101 '
1"
#3690
0"
#3700
0!
b110 '
0(
1"
0#
#3710
0"
#3720
b111 '
0)
1"
#3730
0"
#3740
b1000 '
1"
#3750
0"
#3760
b1001 '
1"
#3770
0"
#3780
b0 '
1"
#3790
0"
#3800
1&
1!
b1 '
1(
1"
1#
#3810
0"
#3820
0&
b10 '
1)
1"
#3830
0"
#3840
b11 '
1"
#3850
0"
#3860
b100 '
1"
#3870
0"
#3880
b101 '
1"
#3890
0"
#3900
0!
b110 '
0(
1"
0#
#3910
0"
#3920
b111 '
0)
1"
#3930
0"
#3940
b1000 '
1"
#3950
0"
#3960
b1001 '
1"
#3970
0"
#3980
b0 '
1"
#3990
0"
#4000
1&
1!
b1 '
1(
1"
1#
#4010
0"
#4020
0&
b10 '
1)
1"
#4030
0"
#4040
b11 '
1"
#4050
0"
#4060
b100 '
1"
#4070
0"
#4080
b101 '
1"
#4090
0"
#4100
0!
b110 '
0(
1"
0#
#4110
0"
#4120
b111 '
0)
1"
#4130
0"
#4140
b1000 '
1"
#4150
0"
#4160
b1001 '
1"
#4170
0"
#4180
b0 '
1"
#4190
0"
#4200
1&
1!
b1 '
1(
1"
1#
#4210
0"
#4220
0&
b10 '
1)
1"
#4230
0"
#4240
b11 '
1"
#4250
0"
#4260
b100 '
1"
#4270
0"
#4280
b101 '
1"
#4290
0"
#4300
0!
b110 '
0(
1"
0#
#4310
0"
#4320
b111 '
0)
1"
#4330
0"
#4340
b1000 '
1"
#4350
0"
#4360
b1001 '
1"
#4370
0"
#4380
b0 '
1"
#4390
0"
#4400
1&
1!
b1 '
1(
1"
1#
#4410
0"
#4420
0&
b10 '
1)
1"
#4430
0"
#4440
b11 '
1"
#4450
0"
#4460
b100 '
1"
#4470
0"
#4480
b101 '
1"
#4490
0"
#4500
0!
b110 '
0(
1"
0#
#4510
0"
#4520
b111 '
0)
1"
#4530
0"
#4540
b1000 '
1"
#4550
0"
#4560
b1001 '
1"
#4570
0"
#4580
b0 '
1"
#4590
0"
#4600
1&
1!
b1 '
1(
1"
1#
#4610
0"
#4620
0&
b10 '
1)
1"
#4630
0"
#4640
b11 '
1"
#4650
0"
#4660
b100 '
1"
#4670
0"
#4680
b101 '
1"
#4690
0"
#4700
0!
b110 '
0(
1"
0#
#4710
0"
#4720
b111 '
0)
1"
#4730
0"
#4740
b1000 '
1"
#4750
0"
#4760
b1001 '
1"
#4770
0"
#4780
b0 '
1"
#4790
0"
#4800
1&
1!
b1 '
1(
1"
1#
#4810
0"
#4820
0&
b10 '
1)
1"
#4830
0"
#4840
b11 '
1"
#4850
0"
#4860
b100 '
1"
#4870
0"
#4880
b101 '
1"
#4890
0"
#4900
0!
b110 '
0(
1"
0#
#4910
0"
#4920
b111 '
0)
1"
#4930
0"
#4940
b1000 '
1"
#4950
0"
#4960
b1001 '
1"
#4970
0"
#4980
b0 '
1"
#4990
0"
#5000
1&
1!
b1 '
1(
1"
1#
#5010
0"
#5020
0&
b10 '
1)
1"
#5030
0"
#5040
b11 '
1"
#5050
0"
#5060
b100 '
1"
#5070
0"
#5080
b101 '
1"
#5090
0"
#5100
0!
b110 '
0(
1"
0#
#5110
0"
#5120
b111 '
0)
1"
#5130
0"
#5140
b1000 '
1"
#5150
0"
#5160
b1001 '
1"
#5170
0"
#5180
b0 '
1"
#5190
0"
#5200
1&
1!
b1 '
1(
1"
1#
#5210
0"
#5220
0&
b10 '
1)
1"
#5230
0"
#5240
b11 '
1"
#5250
0"
#5260
b100 '
1"
#5270
0"
#5280
b101 '
1"
#5290
0"
#5300
0!
b110 '
0(
1"
0#
#5310
0"
#5320
b111 '
0)
1"
#5330
0"
#5340
b1000 '
1"
#5350
0"
#5360
b1001 '
1"
#5370
0"
#5380
b0 '
1"
#5390
0"
#5400
1&
1!
b1 '
1(
1"
1#
#5410
0"
#5420
0&
b10 '
1)
1"
#5430
0"
#5440
b11 '
1"
#5450
0"
#5460
b100 '
1"
#5470
0"
#5480
b101 '
1"
#5490
0"
#5500
0!
b110 '
0(
1"
0#
#5510
0"
#5520
b111 '
0)
1"
#5530
0"
#5540
b1000 '
1"
#5550
0"
#5560
b1001 '
1"
#5570
0"
#5580
b0 '
1"
#5590
0"
#5600
1&
1!
b1 '
1(
1"
1#
#5610
0"
#5620
0&
b10 '
1)
1"
#5630
0"
#5640
b11 '
1"
#5650
0"
#5660
b100 '
1"
#5670
0"
#5680
b101 '
1"
#5690
0"
#5700
0!
b110 '
0(
1"
0#
#5710
0"
#5720
b111 '
0)
1"
#5730
0"
#5740
b1000 '
1"
#5750
0"
#5760
b1001 '
1"
#5770
0"
#5780
b0 '
1"
#5790
0"
#5800
1&
1!
b1 '
1(
1"
1#
#5810
0"
#5820
0&
b10 '
1)
1"
#5830
0"
#5840
b11 '
1"
#5850
0"
#5860
b100 '
1"
#5870
0"
#5880
b101 '
1"
#5890
0"
#5900
0!
b110 '
0(
1"
0#
#5910
0"
#5920
b111 '
0)
1"
#5930
0"
#5940
b1000 '
1"
#5950
0"
#5960
b1001 '
1"
#5970
0"
#5980
b0 '
1"
#5990
0"
#6000
1&
1!
b1 '
1(
1"
1#
#6010
0"
#6020
0&
b10 '
1)
1"
#6030
0"
#6040
b11 '
1"
#6050
0"
#6060
b100 '
1"
#6070
0"
#6080
b101 '
1"
#6090
0"
#6100
0!
b110 '
0(
1"
0#
#6110
0"
#6120
b111 '
0)
1"
#6130
0"
#6140
b1000 '
1"
#6150
0"
#6160
b1001 '
1"
#6170
0"
#6180
b0 '
1"
#6190
0"
#6200
1&
1!
b1 '
1(
1"
1#
#6210
0"
#6220
0&
b10 '
1)
1"
#6230
0"
#6240
b11 '
1"
#6250
0"
#6260
b100 '
1"
#6270
0"
#6280
b101 '
1"
#6290
0"
#6300
0!
b110 '
0(
1"
0#
#6310
0"
#6320
b111 '
0)
1"
#6330
0"
#6340
b1000 '
1"
#6350
0"
#6360
b1001 '
1"
#6370
0"
#6380
b0 '
1"
#6390
0"
#6400
1&
1!
b1 '
1(
1"
1#
#6410
0"
#6420
0&
b10 '
1)
1"
#6430
0"
#6440
b11 '
1"
#6450
0"
#6460
b100 '
1"
#6470
0"
#6480
b101 '
1"
#6490
0"
#6500
0!
b110 '
0(
1"
0#
#6510
0"
#6520
b111 '
0)
1"
#6530
0"
#6540
b1000 '
1"
#6550
0"
#6560
b1001 '
1"
#6570
0"
#6580
b0 '
1"
#6590
0"
#6600
1&
1!
b1 '
1(
1"
1#
#6610
0"
#6620
0&
b10 '
1)
1"
#6630
0"
#6640
b11 '
1"
#6650
0"
#6660
b100 '
1"
#6670
0"
#6680
b101 '
1"
#6690
0"
#6700
0!
b110 '
0(
1"
0#
#6710
0"
#6720
b111 '
0)
1"
#6730
0"
#6740
b1000 '
1"
#6750
0"
#6760
b1001 '
1"
#6770
0"
#6780
b0 '
1"
#6790
0"
#6800
1&
1!
b1 '
1(
1"
1#
#6810
0"
#6820
0&
b10 '
1)
1"
#6830
0"
#6840
b11 '
1"
#6850
0"
#6860
b100 '
1"
#6870
0"
#6880
b101 '
1"
#6890
0"
#6900
0!
b110 '
0(
1"
0#
#6910
0"
#6920
b111 '
0)
1"
#6930
0"
#6940
b1000 '
1"
#6950
0"
#6960
b1001 '
1"
#6970
0"
#6980
b0 '
1"
#6990
0"
#7000
1&
1!
b1 '
1(
1"
1#
#7010
0"
#7020
0&
b10 '
1)
1"
#7030
0"
#7040
b11 '
1"
#7050
0"
#7060
b100 '
1"
#7070
0"
#7080
b101 '
1"
#7090
0"
#7100
0!
b110 '
0(
1"
0#
#7110
0"
#7120
b111 '
0)
1"
#7130
0"
#7140
b1000 '
1"
#7150
0"
#7160
b1001 '
1"
#7170
0"
#7180
b0 '
1"
#7190
0"
#7200
1&
1!
b1 '
1(
1"
1#
#7210
0"
#7220
0&
b10 '
1)
1"
#7230
0"
#7240
b11 '
1"
#7250
0"
#7260
b100 '
1"
#7270
0"
#7280
b101 '
1"
#7290
0"
#7300
0!
b110 '
0(
1"
0#
#7310
0"
#7320
b111 '
0)
1"
#7330
0"
#7340
b1000 '
1"
#7350
0"
#7360
b1001 '
1"
#7370
0"
#7380
b0 '
1"
#7390
0"
#7400
1&
1!
b1 '
1(
1"
1#
#7410
0"
#7420
0&
b10 '
1)
1"
#7430
0"
#7440
b11 '
1"
#7450
0"
#7460
b100 '
1"
#7470
0"
#7480
b101 '
1"
#7490
0"
#7500
0!
b110 '
0(
1"
0#
#7510
0"
#7520
b111 '
0)
1"
#7530
0"
#7540
b1000 '
1"
#7550
0"
#7560
b1001 '
1"
#7570
0"
#7580
b0 '
1"
#7590
0"
#7600
1&
1!
b1 '
1(
1"
1#
#7610
0"
#7620
0&
b10 '
1)
1"
#7630
0"
#7640
b11 '
1"
#7650
0"
#7660
b100 '
1"
#7670
0"
#7680
b101 '
1"
#7690
0"
#7700
0!
b110 '
0(
1"
0#
#7710
0"
#7720
b111 '
0)
1"
#7730
0"
#7740
b1000 '
1"
#7750
0"
#7760
b1001 '
1"
#7770
0"
#7780
b0 '
1"
#7790
0"
#7800
1&
1!
b1 '
1(
1"
1#
#7810
0"
#7820
0&
b10 '
1)
1"
#7830
0"
#7840
b11 '
1"
#7850
0"
#7860
b100 '
1"
#7870
0"
#7880
b101 '
1"
#7890
0"
#7900
0!
b110 '
0(
1"
0#
#7910
0"
#7920
b111 '
0)
1"
#7930
0"
#7940
b1000 '
1"
#7950
0"
#7960
b1001 '
1"
#7970
0"
#7980
b0 '
1"
#7990
0"
#8000
1&
1!
b1 '
1(
1"
1#
#8010
0"
#8020
0&
b10 '
1)
1"
#8030
0"
#8040
b11 '
1"
#8050
0"
#8060
b100 '
1"
#8070
0"
#8080
b101 '
1"
#8090
0"
#8100
0!
b110 '
0(
1"
0#
#8110
0"
#8120
b111 '
0)
1"
#8130
0"
#8140
b1000 '
1"
#8150
0"
#8160
b1001 '
1"
#8170
0"
#8180
b0 '
1"
#8190
0"
#8200
1&
1!
b1 '
1(
1"
1#
#8210
0"
#8220
0&
b10 '
1)
1"
#8230
0"
#8240
b11 '
1"
#8250
0"
#8260
b100 '
1"
#8270
0"
#8280
b101 '
1"
#8290
0"
#8300
0!
b110 '
0(
1"
0#
#8310
0"
#8320
b111 '
0)
1"
#8330
0"
#8340
b1000 '
1"
#8350
0"
#8360
b1001 '
1"
#8370
0"
#8380
b0 '
1"
#8390
0"
#8400
1&
1!
b1 '
1(
1"
1#
#8410
0"
#8420
0&
b10 '
1)
1"
#8430
0"
#8440
b11 '
1"
#8450
0"
#8460
b100 '
1"
#8470
0"
#8480
b101 '
1"
#8490
0"
#8500
0!
b110 '
0(
1"
0#
#8510
0"
#8520
b111 '
0)
1"
#8530
0"
#8540
b1000 '
1"
#8550
0"
#8560
b1001 '
1"
#8570
0"
#8580
b0 '
1"
#8590
0"
#8600
1&
1!
b1 '
1(
1"
1#
#8610
0"
#8620
0&
b10 '
1)
1"
#8630
0"
#8640
b11 '
1"
#8650
0"
#8660
b100 '
1"
#8670
0"
#8680
b101 '
1"
#8690
0"
#8700
0!
b110 '
0(
1"
0#
#8710
0"
#8720
b111 '
0)
1"
#8730
0"
#8740
b1000 '
1"
#8750
0"
#8760
b1001 '
1"
#8770
0"
#8780
b0 '
1"
#8790
0"
#8800
1&
1!
b1 '
1(
1"
1#
#8810
0"
#8820
0&
b10 '
1)
1"
#8830
0"
#8840
b11 '
1"
#8850
0"
#8860
b100 '
1"
#8870
0"
#8880
b101 '
1"
#8890
0"
#8900
0!
b110 '
0(
1"
0#
#8910
0"
#8920
b111 '
0)
1"
#8930
0"
#8940
b1000 '
1"
#8950
0"
#8960
b1001 '
1"
#8970
0"
#8980
b0 '
1"
#8990
0"
#9000
1&
1!
b1 '
1(
1"
1#
#9010
0"
#9020
0&
b10 '
1)
1"
#9030
0"
#9040
b11 '
1"
#9050
0"
#9060
b100 '
1"
#9070
0"
#9080
b101 '
1"
#9090
0"
#9100
0!
b110 '
0(
1"
0#
#9110
0"
#9120
b111 '
0)
1"
#9130
0"
#9140
b1000 '
1"
#9150
0"
#9160
b1001 '
1"
#9170
0"
#9180
b0 '
1"
#9190
0"
#9200
1&
1!
b1 '
1(
1"
1#
#9210
0"
#9220
0&
b10 '
1)
1"
#9230
0"
#9240
b11 '
1"
#9250
0"
#9260
b100 '
1"
#9270
0"
#9280
b101 '
1"
#9290
0"
#9300
0!
b110 '
0(
1"
0#
#9310
0"
#9320
b111 '
0)
1"
#9330
0"
#9340
b1000 '
1"
#9350
0"
#9360
b1001 '
1"
#9370
0"
#9380
b0 '
1"
#9390
0"
#9400
1&
1!
b1 '
1(
1"
1#
#9410
0"
#9420
0&
b10 '
1)
1"
#9430
0"
#9440
b11 '
1"
#9450
0"
#9460
b100 '
1"
#9470
0"
#9480
b101 '
1"
#9490
0"
#9500
0!
b110 '
0(
1"
0#
#9510
0"
#9520
b111 '
0)
1"
#9530
0"
#9540
b1000 '
1"
#9550
0"
#9560
b1001 '
1"
#9570
0"
#9580
b0 '
1"
#9590
0"
#9600
1&
1!
b1 '
1(
1"
1#
#9610
0"
#9620
0&
b10 '
1)
1"
#9630
0"
#9640
b11 '
1"
#9650
0"
#9660
b100 '
1"
#9670
0"
#9680
b101 '
1"
#9690
0"
#9700
0!
b110 '
0(
1"
0#
#9710
0"
#9720
b111 '
0)
1"
#9730
0"
#9740
b1000 '
1"
#9750
0"
#9760
b1001 '
1"
#9770
0"
#9780
b0 '
1"
#9790
0"
#9800
1&
1!
b1 '
1(
1"
1#
#9810
0"
#9820
0&
b10 '
1)
1"
#9830
0"
#9840
b11 '
1"
#9850
0"
#9860
b100 '
1"
#9870
0"
#9880
b101 '
1"
#9890
0"
#9900
0!
b110 '
0(
1"
0#
#9910
0"
#9920
b111 '
0)
1"
#9930
0"
#9940
b1000 '
1"
#9950
0"
#9960
b1001 '
1"
#9970
0"
#9980
b0 '
1"
#9990
0"
#10000
1&
1!
b1 '
1(
1"
1#
#10010
0"
#10020
0&
b10 '
1)
1"
#10030
0"
#10040
b11 '
1"
#10050
0"
#10060
b100 '
1"
#10070
0"
#10080
b101 '
1"
#10090
0"
#10100
0!
b110 '
0(
1"
0#
#10110
0"
#10120
b111 '
0)
1"
#10130
0"
#10140
b1000 '
1"
#10150
0"
#10160
b1001 '
1"
#10170
0"
#10180
b0 '
1"
#10190
0"
#10200
1&
1!
b1 '
1(
1"
1#
#10210
0"
#10220
0&
b10 '
1)
1"
#10230
0"
#10240
b11 '
1"
#10250
0"
#10260
b100 '
1"
#10270
0"
#10280
b101 '
1"
#10290
0"
#10300
0!
b110 '
0(
1"
0#
#10310
0"
#10320
b111 '
0)
1"
#10330
0"
#10340
b1000 '
1"
#10350
0"
#10360
b1001 '
1"
#10370
0"
#10380
b0 '
1"
#10390
0"
#10400
1&
1!
b1 '
1(
1"
1#
#10410
0"
#10420
0&
b10 '
1)
1"
#10430
0"
#10440
b11 '
1"
#10450
0"
#10460
b100 '
1"
#10470
0"
#10480
b101 '
1"
#10490
0"
#10500
0!
b110 '
0(
1"
0#
#10510
0"
#10520
b111 '
0)
1"
#10530
0"
#10540
b1000 '
1"
#10550
0"
#10560
b1001 '
1"
#10570
0"
#10580
b0 '
1"
#10590
0"
#10600
1&
1!
b1 '
1(
1"
1#
#10610
0"
#10620
0&
b10 '
1)
1"
#10630
0"
#10640
b11 '
1"
#10650
0"
#10660
b100 '
1"
#10670
0"
#10680
b101 '
1"
#10690
0"
#10700
0!
b110 '
0(
1"
0#
#10710
0"
#10720
b111 '
0)
1"
#10730
0"
#10740
b1000 '
1"
#10750
0"
#10760
b1001 '
1"
#10770
0"
#10780
b0 '
1"
#10790
0"
#10800
1&
1!
b1 '
1(
1"
1#
#10810
0"
#10820
0&
b10 '
1)
1"
#10830
0"
#10840
b11 '
1"
#10850
0"
#10860
b100 '
1"
#10870
0"
#10880
b101 '
1"
#10890
0"
#10900
0!
b110 '
0(
1"
0#
#10910
0"
#10920
b111 '
0)
1"
#10930
0"
#10940
b1000 '
1"
#10950
0"
#10960
b1001 '
1"
#10970
0"
#10980
b0 '
1"
#10990
0"
#11000
1&
1!
b1 '
1(
1"
1#
#11010
0"
#11020
0&
b10 '
1)
1"
#11030
0"
#11040
b11 '
1"
#11050
0"
#11060
b100 '
1"
#11070
0"
#11080
b101 '
1"
#11090
0"
#11100
0!
b110 '
0(
1"
0#
#11110
0"
#11120
b111 '
0)
1"
#11130
0"
#11140
b1000 '
1"
#11150
0"
#11160
b1001 '
1"
#11170
0"
#11180
b0 '
1"
#11190
0"
#11200
1&
1!
b1 '
1(
1"
1#
#11210
0"
#11220
0&
b10 '
1)
1"
#11230
0"
#11240
b11 '
1"
#11250
0"
#11260
b100 '
1"
#11270
0"
#11280
b101 '
1"
#11290
0"
#11300
0!
b110 '
0(
1"
0#
#11310
0"
#11320
b111 '
0)
1"
#11330
0"
#11340
b1000 '
1"
#11350
0"
#11360
b1001 '
1"
#11370
0"
#11380
b0 '
1"
#11390
0"
#11400
1&
1!
b1 '
1(
1"
1#
#11410
0"
#11420
0&
b10 '
1)
1"
#11430
0"
#11440
b11 '
1"
#11450
0"
#11460
b100 '
1"
#11470
0"
#11480
b101 '
1"
#11490
0"
#11500
0!
b110 '
0(
1"
0#
#11510
0"
#11520
b111 '
0)
1"
#11530
0"
#11540
b1000 '
1"
#11550
0"
#11560
b1001 '
1"
#11570
0"
#11580
b0 '
1"
#11590
0"
#11600
1&
1!
b1 '
1(
1"
1#
#11610
0"
#11620
0&
b10 '
1)
1"
#11630
0"
#11640
b11 '
1"
#11650
0"
#11660
b100 '
1"
#11670
0"
#11680
b101 '
1"
#11690
0"
#11700
0!
b110 '
0(
1"
0#
#11710
0"
#11720
b111 '
0)
1"
#11730
0"
#11740
b1000 '
1"
#11750
0"
#11760
b1001 '
1"
#11770
0"
#11780
b0 '
1"
#11790
0"
#11800
1&
1!
b1 '
1(
1"
1#
#11810
0"
#11820
0&
b10 '
1)
1"
#11830
0"
#11840
b11 '
1"
#11850
0"
#11860
b100 '
1"
#11870
0"
#11880
b101 '
1"
#11890
0"
#11900
0!
b110 '
0(
1"
0#
#11910
0"
#11920
b111 '
0)
1"
#11930
0"
#11940
b1000 '
1"
#11950
0"
#11960
b1001 '
1"
#11970
0"
#11980
b0 '
1"
#11990
0"
#12000
1&
1!
b1 '
1(
1"
1#
#12010
0"
#12020
0&
b10 '
1)
1"
#12030
0"
#12040
b11 '
1"
#12050
0"
#12060
b100 '
1"
#12070
0"
#12080
b101 '
1"
#12090
0"
#12100
0!
b110 '
0(
1"
0#
#12110
0"
#12120
b111 '
0)
1"
#12130
0"
#12140
b1000 '
1"
#12150
0"
#12160
b1001 '
1"
#12170
0"
#12180
b0 '
1"
#12190
0"
#12200
1&
1!
b1 '
1(
1"
1#
#12210
0"
#12220
0&
b10 '
1)
1"
#12230
0"
#12240
b11 '
1"
#12250
0"
#12260
b100 '
1"
#12270
0"
#12280
b101 '
1"
#12290
0"
#12300
0!
b110 '
0(
1"
0#
#12310
0"
#12320
b111 '
0)
1"
#12330
0"
#12340
b1000 '
1"
#12350
0"
#12360
b1001 '
1"
#12370
0"
#12380
b0 '
1"
#12390
0"
#12400
1&
1!
b1 '
1(
1"
1#
#12410
0"
#12420
0&
b10 '
1)
1"
#12430
0"
#12440
b11 '
1"
#12450
0"
#12460
b100 '
1"
#12470
0"
#12480
b101 '
1"
#12490
0"
#12500
0!
b110 '
0(
1"
0#
#12510
0"
#12520
b111 '
0)
1"
#12530
0"
#12540
b1000 '
1"
#12550
0"
#12560
b1001 '
1"
#12570
0"
#12580
b0 '
1"
#12590
0"
#12600
1&
1!
b1 '
1(
1"
1#
#12610
0"
#12620
0&
b10 '
1)
1"
#12630
0"
#12640
b11 '
1"
#12650
0"
#12660
b100 '
1"
#12670
0"
#12680
b101 '
1"
#12690
0"
#12700
0!
b110 '
0(
1"
0#
#12710
0"
#12720
b111 '
0)
1"
#12730
0"
#12740
b1000 '
1"
#12750
0"
#12760
b1001 '
1"
#12770
0"
#12780
b0 '
1"
#12790
0"
#12800
1&
1!
b1 '
1(
1"
1#
#12810
0"
#12820
0&
b10 '
1)
1"
#12830
0"
#12840
b11 '
1"
#12850
0"
#12860
b100 '
1"
#12870
0"
#12880
b101 '
1"
#12890
0"
#12900
0!
b110 '
0(
1"
0#
#12910
0"
#12920
b111 '
0)
1"
#12930
0"
#12940
b1000 '
1"
#12950
0"
#12960
b1001 '
1"
#12970
0"
#12980
b0 '
1"
#12990
0"
#13000
1&
1!
b1 '
1(
1"
1#
#13010
0"
#13020
0&
b10 '
1)
1"
#13030
0"
#13040
b11 '
1"
#13050
0"
#13060
b100 '
1"
#13070
0"
#13080
b101 '
1"
#13090
0"
#13100
0!
b110 '
0(
1"
0#
#13110
0"
#13120
b111 '
0)
1"
#13130
0"
#13140
b1000 '
1"
#13150
0"
#13160
b1001 '
1"
#13170
0"
#13180
b0 '
1"
#13190
0"
#13200
1&
1!
b1 '
1(
1"
1#
#13210
0"
#13220
0&
b10 '
1)
1"
#13230
0"
#13240
b11 '
1"
#13250
0"
#13260
b100 '
1"
#13270
0"
#13280
b101 '
1"
#13290
0"
#13300
0!
b110 '
0(
1"
0#
#13310
0"
#13320
b111 '
0)
1"
#13330
0"
#13340
b1000 '
1"
#13350
0"
#13360
b1001 '
1"
#13370
0"
#13380
b0 '
1"
#13390
0"
#13400
1&
1!
b1 '
1(
1"
1#
#13410
0"
#13420
0&
b10 '
1)
1"
#13430
0"
#13440
b11 '
1"
#13450
0"
#13460
b100 '
1"
#13470
0"
#13480
b101 '
1"
#13490
0"
#13500
0!
b110 '
0(
1"
0#
#13510
0"
#13520
b111 '
0)
1"
#13530
0"
#13540
b1000 '
1"
#13550
0"
#13560
b1001 '
1"
#13570
0"
#13580
b0 '
1"
#13590
0"
#13600
1&
1!
b1 '
1(
1"
1#
#13610
0"
#13620
0&
b10 '
1)
1"
#13630
0"
#13640
b11 '
1"
#13650
0"
#13660
b100 '
1"
#13670
0"
#13680
b101 '
1"
#13690
0"
#13700
0!
b110 '
0(
1"
0#
#13710
0"
#13720
b111 '
0)
1"
#13730
0"
#13740
b1000 '
1"
#13750
0"
#13760
b1001 '
1"
#13770
0"
#13780
b0 '
1"
#13790
0"
#13800
1&
1!
b1 '
1(
1"
1#
#13810
0"
#13820
0&
b10 '
1)
1"
#13830
0"
#13840
b11 '
1"
#13850
0"
#13860
b100 '
1"
#13870
0"
#13880
b101 '
1"
#13890
0"
#13900
0!
b110 '
0(
1"
0#
#13910
0"
#13920
b111 '
0)
1"
#13930
0"
#13940
b1000 '
1"
#13950
0"
#13960
b1001 '
1"
#13970
0"
#13980
b0 '
1"
#13990
0"
#14000
1&
1!
b1 '
1(
1"
1#
#14010
0"
#14020
0&
b10 '
1)
1"
#14030
0"
#14040
b11 '
1"
#14050
0"
#14060
b100 '
1"
#14070
0"
#14080
b101 '
1"
#14090
0"
#14100
0!
b110 '
0(
1"
0#
#14110
0"
#14120
b111 '
0)
1"
#14130
0"
#14140
b1000 '
1"
#14150
0"
#14160
b1001 '
1"
#14170
0"
#14180
b0 '
1"
#14190
0"
#14200
1&
1!
b1 '
1(
1"
1#
#14210
0"
#14220
0&
b10 '
1)
1"
#14230
0"
#14240
b11 '
1"
#14250
0"
#14260
b100 '
1"
#14270
0"
#14280
b101 '
1"
#14290
0"
#14300
0!
b110 '
0(
1"
0#
#14310
0"
#14320
b111 '
0)
1"
#14330
0"
#14340
b1000 '
1"
#14350
0"
#14360
b1001 '
1"
#14370
0"
#14380
b0 '
1"
#14390
0"
#14400
1&
1!
b1 '
1(
1"
1#
#14410
0"
#14420
0&
b10 '
1)
1"
#14430
0"
#14440
b11 '
1"
#14450
0"
#14460
b100 '
1"
#14470
0"
#14480
b101 '
1"
#14490
0"
#14500
0!
b110 '
0(
1"
0#
#14510
0"
#14520
b111 '
0)
1"
#14530
0"
#14540
b1000 '
1"
#14550
0"
#14560
b1001 '
1"
#14570
0"
#14580
b0 '
1"
#14590
0"
#14600
1&
1!
b1 '
1(
1"
1#
#14610
0"
#14620
0&
b10 '
1)
1"
#14630
0"
#14640
b11 '
1"
#14650
0"
#14660
b100 '
1"
#14670
0"
#14680
b101 '
1"
#14690
0"
#14700
0!
b110 '
0(
1"
0#
#14710
0"
#14720
b111 '
0)
1"
#14730
0"
#14740
b1000 '
1"
#14750
0"
#14760
b1001 '
1"
#14770
0"
#14780
b0 '
1"
#14790
0"
#14800
1&
1!
b1 '
1(
1"
1#
#14810
0"
#14820
0&
b10 '
1)
1"
#14830
0"
#14840
b11 '
1"
#14850
0"
#14860
b100 '
1"
#14870
0"
#14880
b101 '
1"
#14890
0"
#14900
0!
b110 '
0(
1"
0#
#14910
0"
#14920
b111 '
0)
1"
#14930
0"
#14940
b1000 '
1"
#14950
0"
#14960
b1001 '
1"
#14970
0"
#14980
b0 '
1"
#14990
0"
#15000
1&
1!
b1 '
1(
1"
1#
#15010
0"
#15020
0&
b10 '
1)
1"
#15030
0"
#15040
b11 '
1"
#15050
0"
#15060
b100 '
1"
#15070
0"
#15080
b101 '
1"
#15090
0"
#15100
0!
b110 '
0(
1"
0#
#15110
0"
#15120
b111 '
0)
1"
#15130
0"
#15140
b1000 '
1"
#15150
0"
#15160
b1001 '
1"
#15170
0"
#15180
b0 '
1"
#15190
0"
#15200
1&
1!
b1 '
1(
1"
1#
#15210
0"
#15220
0&
b10 '
1)
1"
#15230
0"
#15240
b11 '
1"
#15250
0"
#15260
b100 '
1"
#15270
0"
#15280
b101 '
1"
#15290
0"
#15300
0!
b110 '
0(
1"
0#
#15310
0"
#15320
b111 '
0)
1"
#15330
0"
#15340
b1000 '
1"
#15350
0"
#15360
b1001 '
1"
#15370
0"
#15380
b0 '
1"
#15390
0"
#15400
1&
1!
b1 '
1(
1"
1#
#15410
0"
#15420
0&
b10 '
1)
1"
#15430
0"
#15440
b11 '
1"
#15450
0"
#15460
b100 '
1"
#15470
0"
#15480
b101 '
1"
#15490
0"
#15500
0!
b110 '
0(
1"
0#
#15510
0"
#15520
b111 '
0)
1"
#15530
0"
#15540
b1000 '
1"
#15550
0"
#15560
b1001 '
1"
#15570
0"
#15580
b0 '
1"
#15590
0"
#15600
1&
1!
b1 '
1(
1"
1#
#15610
0"
#15620
0&
b10 '
1)
1"
#15630
0"
#15640
b11 '
1"
#15650
0"
#15660
b100 '
1"
#15670
0"
#15680
b101 '
1"
#15690
0"
#15700
0!
b110 '
0(
1"
0#
#15710
0"
#15720
b111 '
0)
1"
#15730
0"
#15740
b1000 '
1"
#15750
0"
#15760
b1001 '
1"
#15770
0"
#15780
b0 '
1"
#15790
0"
#15800
1&
1!
b1 '
1(
1"
1#
#15810
0"
#15820
0&
b10 '
1)
1"
#15830
0"
#15840
b11 '
1"
#15850
0"
#15860
b100 '
1"
#15870
0"
#15880
b101 '
1"
#15890
0"
#15900
0!
b110 '
0(
1"
0#
#15910
0"
#15920
b111 '
0)
1"
#15930
0"
#15940
b1000 '
1"
#15950
0"
#15960
b1001 '
1"
#15970
0"
#15980
b0 '
1"
#15990
0"
#16000
1&
1!
b1 '
1(
1"
1#
#16010
0"
#16020
0&
b10 '
1)
1"
#16030
0"
#16040
b11 '
1"
#16050
0"
#16060
b100 '
1"
#16070
0"
#16080
b101 '
1"
#16090
0"
#16100
0!
b110 '
0(
1"
0#
#16110
0"
#16120
b111 '
0)
1"
#16130
0"
#16140
b1000 '
1"
#16150
0"
#16160
b1001 '
1"
#16170
0"
#16180
b0 '
1"
#16190
0"
#16200
1&
1!
b1 '
1(
1"
1#
#16210
0"
#16220
0&
b10 '
1)
1"
#16230
0"
#16240
b11 '
1"
#16250
0"
#16260
b100 '
1"
#16270
0"
#16280
b101 '
1"
#16290
0"
#16300
0!
b110 '
0(
1"
0#
#16310
0"
#16320
b111 '
0)
1"
#16330
0"
#16340
b1000 '
1"
#16350
0"
#16360
b1001 '
1"
#16370
0"
#16380
b0 '
1"
#16390
0"
#16400
1&
1!
b1 '
1(
1"
1#
#16410
0"
#16420
0&
b10 '
1)
1"
#16430
0"
#16440
b11 '
1"
#16450
0"
#16460
b100 '
1"
#16470
0"
#16480
b101 '
1"
#16490
0"
#16500
0!
b110 '
0(
1"
0#
#16510
0"
#16520
b111 '
0)
1"
#16530
0"
#16540
b1000 '
1"
#16550
0"
#16560
b1001 '
1"
#16570
0"
#16580
b0 '
1"
#16590
0"
#16600
1&
1!
b1 '
1(
1"
1#
#16610
0"
#16620
0&
b10 '
1)
1"
#16630
0"
#16640
b11 '
1"
#16650
0"
#16660
b100 '
1"
#16670
0"
#16680
b101 '
1"
#16690
0"
#16700
0!
b110 '
0(
1"
0#
#16710
0"
#16720
b111 '
0)
1"
#16730
0"
#16740
b1000 '
1"
#16750
0"
#16760
b1001 '
1"
#16770
0"
#16780
b0 '
1"
#16790
0"
#16800
1&
1!
b1 '
1(
1"
1#
#16810
0"
#16820
0&
b10 '
1)
1"
#16830
0"
#16840
b11 '
1"
#16850
0"
#16860
b100 '
1"
#16870
0"
#16880
b101 '
1"
#16890
0"
#16900
0!
b110 '
0(
1"
0#
#16910
0"
#16920
b111 '
0)
1"
#16930
0"
#16940
b1000 '
1"
#16950
0"
#16960
b1001 '
1"
#16970
0"
#16980
b0 '
1"
#16990
0"
#17000
1&
1!
b1 '
1(
1"
1#
#17010
0"
#17020
0&
b10 '
1)
1"
#17030
0"
#17040
b11 '
1"
#17050
0"
#17060
b100 '
1"
#17070
0"
#17080
b101 '
1"
#17090
0"
#17100
0!
b110 '
0(
1"
0#
#17110
0"
#17120
b111 '
0)
1"
#17130
0"
#17140
b1000 '
1"
#17150
0"
#17160
b1001 '
1"
#17170
0"
#17180
b0 '
1"
#17190
0"
#17200
1&
1!
b1 '
1(
1"
1#
#17210
0"
#17220
0&
b10 '
1)
1"
#17230
0"
#17240
b11 '
1"
#17250
0"
#17260
b100 '
1"
#17270
0"
#17280
b101 '
1"
#17290
0"
#17300
0!
b110 '
0(
1"
0#
#17310
0"
#17320
b111 '
0)
1"
#17330
0"
#17340
b1000 '
1"
#17350
0"
#17360
b1001 '
1"
#17370
0"
#17380
b0 '
1"
#17390
0"
#17400
1&
1!
b1 '
1(
1"
1#
#17410
0"
#17420
0&
b10 '
1)
1"
#17430
0"
#17440
b11 '
1"
#17450
0"
#17460
b100 '
1"
#17470
0"
#17480
b101 '
1"
#17490
0"
#17500
0!
b110 '
0(
1"
0#
#17510
0"
#17520
b111 '
0)
1"
#17530
0"
#17540
b1000 '
1"
#17550
0"
#17560
b1001 '
1"
#17570
0"
#17580
b0 '
1"
#17590
0"
#17600
1&
1!
b1 '
1(
1"
1#
#17610
0"
#17620
0&
b10 '
1)
1"
#17630
0"
#17640
b11 '
1"
#17650
0"
#17660
b100 '
1"
#17670
0"
#17680
b101 '
1"
#17690
0"
#17700
0!
b110 '
0(
1"
0#
#17710
0"
#17720
b111 '
0)
1"
#17730
0"
#17740
b1000 '
1"
#17750
0"
#17760
b1001 '
1"
#17770
0"
#17780
b0 '
1"
#17790
0"
#17800
1&
1!
b1 '
1(
1"
1#
#17810
0"
#17820
0&
b10 '
1)
1"
#17830
0"
#17840
b11 '
1"
#17850
0"
#17860
b100 '
1"
#17870
0"
#17880
b101 '
1"
#17890
0"
#17900
0!
b110 '
0(
1"
0#
#17910
0"
#17920
b111 '
0)
1"
#17930
0"
#17940
b1000 '
1"
#17950
0"
#17960
b1001 '
1"
#17970
0"
#17980
b0 '
1"
#17990
0"
#18000
1&
1!
b1 '
1(
1"
1#
#18010
0"
#18020
0&
b10 '
1)
1"
#18030
0"
#18040
b11 '
1"
#18050
0"
#18060
b100 '
1"
#18070
0"
#18080
b101 '
1"
#18090
0"
#18100
0!
b110 '
0(
1"
0#
#18110
0"
#18120
b111 '
0)
1"
#18130
0"
#18140
b1000 '
1"
#18150
0"
#18160
b1001 '
1"
#18170
0"
#18180
b0 '
1"
#18190
0"
#18200
1&
1!
b1 '
1(
1"
1#
#18210
0"
#18220
0&
b10 '
1)
1"
#18230
0"
#18240
b11 '
1"
#18250
0"
#18260
b100 '
1"
#18270
0"
#18280
b101 '
1"
#18290
0"
#18300
0!
b110 '
0(
1"
0#
#18310
0"
#18320
b111 '
0)
1"
#18330
0"
#18340
b1000 '
1"
#18350
0"
#18360
b1001 '
1"
#18370
0"
#18380
b0 '
1"
#18390
0"
#18400
1&
1!
b1 '
1(
1"
1#
#18410
0"
#18420
0&
b10 '
1)
1"
#18430
0"
#18440
b11 '
1"
#18450
0"
#18460
b100 '
1"
#18470
0"
#18480
b101 '
1"
#18490
0"
#18500
0!
b110 '
0(
1"
0#
#18510
0"
#18520
b111 '
0)
1"
#18530
0"
#18540
b1000 '
1"
#18550
0"
#18560
b1001 '
1"
#18570
0"
#18580
b0 '
1"
#18590
0"
#18600
1&
1!
b1 '
1(
1"
1#
#18610
0"
#18620
0&
b10 '
1)
1"
#18630
0"
#18640
b11 '
1"
#18650
0"
#18660
b100 '
1"
#18670
0"
#18680
b101 '
1"
#18690
0"
#18700
0!
b110 '
0(
1"
0#
#18710
0"
#18720
b111 '
0)
1"
#18730
0"
#18740
b1000 '
1"
#18750
0"
#18760
b1001 '
1"
#18770
0"
#18780
b0 '
1"
#18790
0"
#18800
1&
1!
b1 '
1(
1"
1#
#18810
0"
#18820
0&
b10 '
1)
1"
#18830
0"
#18840
b11 '
1"
#18850
0"
#18860
b100 '
1"
#18870
0"
#18880
b101 '
1"
#18890
0"
#18900
0!
b110 '
0(
1"
0#
#18910
0"
#18920
b111 '
0)
1"
#18930
0"
#18940
b1000 '
1"
#18950
0"
#18960
b1001 '
1"
#18970
0"
#18980
b0 '
1"
#18990
0"
#19000
1&
1!
b1 '
1(
1"
1#
#19010
0"
#19020
0&
b10 '
1)
1"
#19030
0"
#19040
b11 '
1"
#19050
0"
#19060
b100 '
1"
#19070
0"
#19080
b101 '
1"
#19090
0"
#19100
0!
b110 '
0(
1"
0#
#19110
0"
#19120
b111 '
0)
1"
#19130
0"
#19140
b1000 '
1"
#19150
0"
#19160
b1001 '
1"
#19170
0"
#19180
b0 '
1"
#19190
0"
#19200
1&
1!
b1 '
1(
1"
1#
#19210
0"
#19220
0&
b10 '
1)
1"
#19230
0"
#19240
b11 '
1"
#19250
0"
#19260
b100 '
1"
#19270
0"
#19280
b101 '
1"
#19290
0"
#19300
0!
b110 '
0(
1"
0#
#19310
0"
#19320
b111 '
0)
1"
#19330
0"
#19340
b1000 '
1"
#19350
0"
#19360
b1001 '
1"
#19370
0"
#19380
b0 '
1"
#19390
0"
#19400
1&
1!
b1 '
1(
1"
1#
#19410
0"
#19420
0&
b10 '
1)
1"
#19430
0"
#19440
b11 '
1"
#19450
0"
#19460
b100 '
1"
#19470
0"
#19480
b101 '
1"
#19490
0"
#19500
0!
b110 '
0(
1"
0#
#19510
0"
#19520
b111 '
0)
1"
#19530
0"
#19540
b1000 '
1"
#19550
0"
#19560
b1001 '
1"
#19570
0"
#19580
b0 '
1"
#19590
0"
#19600
1&
1!
b1 '
1(
1"
1#
#19610
0"
#19620
0&
b10 '
1)
1"
#19630
0"
#19640
b11 '
1"
#19650
0"
#19660
b100 '
1"
#19670
0"
#19680
b101 '
1"
#19690
0"
#19700
0!
b110 '
0(
1"
0#
#19710
0"
#19720
b111 '
0)
1"
#19730
0"
#19740
b1000 '
1"
#19750
0"
#19760
b1001 '
1"
#19770
0"
#19780
b0 '
1"
#19790
0"
#19800
1&
1!
b1 '
1(
1"
1#
#19810
0"
#19820
0&
b10 '
1)
1"
#19830
0"
#19840
b11 '
1"
#19850
0"
#19860
b100 '
1"
#19870
0"
#19880
b101 '
1"
#19890
0"
#19900
0!
b110 '
0(
1"
0#
#19910
0"
#19920
b111 '
0)
1"
#19930
0"
#19940
b1000 '
1"
#19950
0"
#19960
b1001 '
1"
#19970
0"
#19980
b0 '
1"
#19990
0"
#20000
1&
1!
b1 '
1(
1"
1#
#20010
0"
#20020
0&
b10 '
1)
1"
#20030
0"
#20040
b11 '
1"
#20050
0"
#20060
b100 '
1"
#20070
0"
#20080
b101 '
1"
#20090
0"
#20100
0!
b110 '
0(
1"
0#
#20110
0"
#20120
b111 '
0)
1"
#20130
0"
#20140
b1000 '
1"
#20150
0"
#20160
b1001 '
1"
#20170
0"
#20180
b0 '
1"
#20190
0"
#20200
1&
1!
b1 '
1(
1"
1#
#20210
0"
#20220
0&
b10 '
1)
1"
#20230
0"
#20240
b11 '
1"
#20250
0"
#20260
b100 '
1"
#20270
0"
#20280
b101 '
1"
#20290
0"
#20300
0!
b110 '
0(
1"
0#
#20310
0"
#20320
b111 '
0)
1"
#20330
0"
#20340
b1000 '
1"
#20350
0"
#20360
b1001 '
1"
#20370
0"
#20380
b0 '
1"
#20390
0"
#20400
1&
1!
b1 '
1(
1"
1#
#20410
0"
#20420
0&
b10 '
1)
1"
#20430
0"
#20440
b11 '
1"
#20450
0"
#20460
b100 '
1"
#20470
0"
#20480
b101 '
1"
#20490
0"
#20500
0!
b110 '
0(
1"
0#
#20510
0"
#20520
b111 '
0)
1"
#20530
0"
#20540
b1000 '
1"
#20550
0"
#20560
b1001 '
1"
#20570
0"
#20580
b0 '
1"
#20590
0"
#20600
1&
1!
b1 '
1(
1"
1#
#20610
0"
#20620
0&
b10 '
1)
1"
#20630
0"
#20640
b11 '
1"
#20650
0"
#20660
b100 '
1"
#20670
0"
#20680
b101 '
1"
#20690
0"
#20700
0!
b110 '
0(
1"
0#
#20710
0"
#20720
b111 '
0)
1"
#20730
0"
#20740
b1000 '
1"
#20750
0"
#20760
b1001 '
1"
#20770
0"
#20780
b0 '
1"
#20790
0"
#20800
1&
1!
b1 '
1(
1"
1#
#20810
0"
#20820
0&
b10 '
1)
1"
#20830
0"
#20840
b11 '
1"
#20850
0"
#20860
b100 '
1"
#20870
0"
#20880
b101 '
1"
#20890
0"
#20900
0!
b110 '
0(
1"
0#
#20910
0"
#20920
b111 '
0)
1"
#20930
0"
#20940
b1000 '
1"
#20950
0"
#20960
b1001 '
1"
#20970
0"
#20980
b0 '
1"
#20990
0"
#21000
1&
1!
b1 '
1(
1"
1#
#21010
0"
#21020
0&
b10 '
1)
1"
#21030
0"
#21040
b11 '
1"
#21050
0"
#21060
b100 '
1"
#21070
0"
#21080
b101 '
1"
#21090
0"
#21100
0!
b110 '
0(
1"
0#
#21110
0"
#21120
b111 '
0)
1"
#21130
0"
#21140
b1000 '
1"
#21150
0"
#21160
b1001 '
1"
#21170
0"
#21180
b0 '
1"
#21190
0"
#21200
1&
1!
b1 '
1(
1"
1#
#21210
0"
#21220
0&
b10 '
1)
1"
#21230
0"
#21240
b11 '
1"
#21250
0"
#21260
b100 '
1"
#21270
0"
#21280
b101 '
1"
#21290
0"
#21300
0!
b110 '
0(
1"
0#
#21310
0"
#21320
b111 '
0)
1"
#21330
0"
#21340
b1000 '
1"
#21350
0"
#21360
b1001 '
1"
#21370
0"
#21380
b0 '
1"
#21390
0"
#21400
1&
1!
b1 '
1(
1"
1#
#21410
0"
#21420
0&
b10 '
1)
1"
#21430
0"
#21440
b11 '
1"
#21450
0"
#21460
b100 '
1"
#21470
0"
#21480
b101 '
1"
#21490
0"
#21500
0!
b110 '
0(
1"
0#
#21510
0"
#21520
b111 '
0)
1"
#21530
0"
#21540
b1000 '
1"
#21550
0"
#21560
b1001 '
1"
#21570
0"
#21580
b0 '
1"
#21590
0"
#21600
1&
1!
b1 '
1(
1"
1#
#21610
0"
#21620
0&
b10 '
1)
1"
#21630
0"
#21640
b11 '
1"
#21650
0"
#21660
b100 '
1"
#21670
0"
#21680
b101 '
1"
#21690
0"
#21700
0!
b110 '
0(
1"
0#
#21710
0"
#21720
b111 '
0)
1"
#21730
0"
#21740
b1000 '
1"
#21750
0"
#21760
b1001 '
1"
#21770
0"
#21780
b0 '
1"
#21790
0"
#21800
1&
1!
b1 '
1(
1"
1#
#21810
0"
#21820
0&
b10 '
1)
1"
#21830
0"
#21840
b11 '
1"
#21850
0"
#21860
b100 '
1"
#21870
0"
#21880
b101 '
1"
#21890
0"
#21900
0!
b110 '
0(
1"
0#
#21910
0"
#21920
b111 '
0)
1"
#21930
0"
#21940
b1000 '
1"
#21950
0"
#21960
b1001 '
1"
#21970
0"
#21980
b0 '
1"
#21990
0"
#22000
1&
1!
b1 '
1(
1"
1#
#22010
0"
#22020
0&
b10 '
1)
1"
#22030
0"
#22040
b11 '
1"
#22050
0"
#22060
b100 '
1"
#22070
0"
#22080
b101 '
1"
#22090
0"
#22100
0!
b110 '
0(
1"
0#
#22110
0"
#22120
b111 '
0)
1"
#22130
0"
#22140
b1000 '
1"
#22150
0"
#22160
b1001 '
1"
#22170
0"
#22180
b0 '
1"
#22190
0"
#22200
1&
1!
b1 '
1(
1"
1#
#22210
0"
#22220
0&
b10 '
1)
1"
#22230
0"
#22240
b11 '
1"
#22250
0"
#22260
b100 '
1"
#22270
0"
#22280
b101 '
1"
#22290
0"
#22300
0!
b110 '
0(
1"
0#
#22310
0"
#22320
b111 '
0)
1"
#22330
0"
#22340
b1000 '
1"
#22350
0"
#22360
b1001 '
1"
#22370
0"
#22380
b0 '
1"
#22390
0"
#22400
1&
1!
b1 '
1(
1"
1#
#22410
0"
#22420
0&
b10 '
1)
1"
#22430
0"
#22440
b11 '
1"
#22450
0"
#22460
b100 '
1"
#22470
0"
#22480
b101 '
1"
#22490
0"
#22500
0!
b110 '
0(
1"
0#
#22510
0"
#22520
b111 '
0)
1"
#22530
0"
#22540
b1000 '
1"
#22550
0"
#22560
b1001 '
1"
#22570
0"
#22580
b0 '
1"
#22590
0"
#22600
1&
1!
b1 '
1(
1"
1#
#22610
0"
#22620
0&
b10 '
1)
1"
#22630
0"
#22640
b11 '
1"
#22650
0"
#22660
b100 '
1"
#22670
0"
#22680
b101 '
1"
#22690
0"
#22700
0!
b110 '
0(
1"
0#
#22710
0"
#22720
b111 '
0)
1"
#22730
0"
#22740
b1000 '
1"
#22750
0"
#22760
b1001 '
1"
#22770
0"
#22780
b0 '
1"
#22790
0"
#22800
1&
1!
b1 '
1(
1"
1#
#22810
0"
#22820
0&
b10 '
1)
1"
#22830
0"
#22840
b11 '
1"
#22850
0"
#22860
b100 '
1"
#22870
0"
#22880
b101 '
1"
#22890
0"
#22900
0!
b110 '
0(
1"
0#
#22910
0"
#22920
b111 '
0)
1"
#22930
0"
#22940
b1000 '
1"
#22950
0"
#22960
b1001 '
1"
#22970
0"
#22980
b0 '
1"
#22990
0"
#23000
1&
1!
b1 '
1(
1"
1#
#23010
0"
#23020
0&
b10 '
1)
1"
#23030
0"
#23040
b11 '
1"
#23050
0"
#23060
b100 '
1"
#23070
0"
#23080
b101 '
1"
#23090
0"
#23100
0!
b110 '
0(
1"
0#
#23110
0"
#23120
b111 '
0)
1"
#23130
0"
#23140
b1000 '
1"
#23150
0"
#23160
b1001 '
1"
#23170
0"
#23180
b0 '
1"
#23190
0"
#23200
1&
1!
b1 '
1(
1"
1#
#23210
0"
#23220
0&
b10 '
1)
1"
#23230
0"
#23240
b11 '
1"
#23250
0"
#23260
b100 '
1"
#23270
0"
#23280
b101 '
1"
#23290
0"
#23300
0!
b110 '
0(
1"
0#
#23310
0"
#23320
b111 '
0)
1"
#23330
0"
#23340
b1000 '
1"
#23350
0"
#23360
b1001 '
1"
#23370
0"
#23380
b0 '
1"
#23390
0"
#23400
1&
1!
b1 '
1(
1"
1#
#23410
0"
#23420
0&
b10 '
1)
1"
#23430
0"
#23440
b11 '
1"
#23450
0"
#23460
b100 '
1"
#23470
0"
#23480
b101 '
1"
#23490
0"
#23500
0!
b110 '
0(
1"
0#
#23510
0"
#23520
b111 '
0)
1"
#23530
0"
#23540
b1000 '
1"
#23550
0"
#23560
b1001 '
1"
#23570
0"
#23580
b0 '
1"
#23590
0"
#23600
1&
1!
b1 '
1(
1"
1#
#23610
0"
#23620
0&
b10 '
1)
1"
#23630
0"
#23640
b11 '
1"
#23650
0"
#23660
b100 '
1"
#23670
0"
#23680
b101 '
1"
#23690
0"
#23700
0!
b110 '
0(
1"
0#
#23710
0"
#23720
b111 '
0)
1"
#23730
0"
#23740
b1000 '
1"
#23750
0"
#23760
b1001 '
1"
#23770
0"
#23780
b0 '
1"
#23790
0"
#23800
1&
1!
b1 '
1(
1"
1#
#23810
0"
#23820
0&
b10 '
1)
1"
#23830
0"
#23840
b11 '
1"
#23850
0"
#23860
b100 '
1"
#23870
0"
#23880
b101 '
1"
#23890
0"
#23900
0!
b110 '
0(
1"
0#
#23910
0"
#23920
b111 '
0)
1"
#23930
0"
#23940
b1000 '
1"
#23950
0"
#23960
b1001 '
1"
#23970
0"
#23980
b0 '
1"
#23990
0"
#24000
1&
1!
b1 '
1(
1"
1#
#24010
0"
#24020
0&
b10 '
1)
1"
#24030
0"
#24040
b11 '
1"
#24050
0"
#24060
b100 '
1"
#24070
0"
#24080
b101 '
1"
#24090
0"
#24100
0!
b110 '
0(
1"
0#
#24110
0"
#24120
b111 '
0)
1"
#24130
0"
#24140
b1000 '
1"
#24150
0"
#24160
b1001 '
1"
#24170
0"
#24180
b0 '
1"
#24190
0"
#24200
1&
1!
b1 '
1(
1"
1#
#24210
0"
#24220
0&
b10 '
1)
1"
#24230
0"
#24240
b11 '
1"
#24250
0"
#24260
b100 '
1"
#24270
0"
#24280
b101 '
1"
#24290
0"
#24300
0!
b110 '
0(
1"
0#
#24310
0"
#24320
b111 '
0)
1"
#24330
0"
#24340
b1000 '
1"
#24350
0"
#24360
b1001 '
1"
#24370
0"
#24380
b0 '
1"
#24390
0"
#24400
1&
1!
b1 '
1(
1"
1#
#24410
0"
#24420
0&
b10 '
1)
1"
#24430
0"
#24440
b11 '
1"
#24450
0"
#24460
b100 '
1"
#24470
0"
#24480
b101 '
1"
#24490
0"
#24500
0!
b110 '
0(
1"
0#
#24510
0"
#24520
b111 '
0)
1"
#24530
0"
#24540
b1000 '
1"
#24550
0"
#24560
b1001 '
1"
#24570
0"
#24580
b0 '
1"
#24590
0"
#24600
1&
1!
b1 '
1(
1"
1#
#24610
0"
#24620
0&
b10 '
1)
1"
#24630
0"
#24640
b11 '
1"
#24650
0"
#24660
b100 '
1"
#24670
0"
#24680
b101 '
1"
#24690
0"
#24700
0!
b110 '
0(
1"
0#
#24710
0"
#24720
b111 '
0)
1"
#24730
0"
#24740
b1000 '
1"
#24750
0"
#24760
b1001 '
1"
#24770
0"
#24780
b0 '
1"
#24790
0"
#24800
1&
1!
b1 '
1(
1"
1#
#24810
0"
#24820
0&
b10 '
1)
1"
#24830
0"
#24840
b11 '
1"
#24850
0"
#24860
b100 '
1"
#24870
0"
#24880
b101 '
1"
#24890
0"
#24900
0!
b110 '
0(
1"
0#
#24910
0"
#24920
b111 '
0)
1"
#24930
0"
#24940
b1000 '
1"
#24950
0"
#24960
b1001 '
1"
#24970
0"
#24980
b0 '
1"
#24990
0"
#25000
1&
1!
b1 '
1(
1"
1#
#25010
0"
#25020
0&
b10 '
1)
1"
#25030
0"
#25040
b11 '
1"
#25050
0"
#25060
b100 '
1"
#25070
0"
#25080
b101 '
1"
#25090
0"
#25100
0!
b110 '
0(
1"
0#
#25110
0"
#25120
b111 '
0)
1"
#25130
0"
#25140
b1000 '
1"
#25150
0"
#25160
b1001 '
1"
#25170
0"
#25180
b0 '
1"
#25190
0"
#25200
1&
1!
b1 '
1(
1"
1#
#25210
0"
#25220
0&
b10 '
1)
1"
#25230
0"
#25240
b11 '
1"
#25250
0"
#25260
b100 '
1"
#25270
0"
#25280
b101 '
1"
#25290
0"
#25300
0!
b110 '
0(
1"
0#
#25310
0"
#25320
b111 '
0)
1"
#25330
0"
#25340
b1000 '
1"
#25350
0"
#25360
b1001 '
1"
#25370
0"
#25380
b0 '
1"
#25390
0"
#25400
1&
1!
b1 '
1(
1"
1#
#25410
0"
#25420
0&
b10 '
1)
1"
#25430
0"
#25440
b11 '
1"
#25450
0"
#25460
b100 '
1"
#25470
0"
#25480
b101 '
1"
#25490
0"
#25500
0!
b110 '
0(
1"
0#
#25510
0"
#25520
b111 '
0)
1"
#25530
0"
#25540
b1000 '
1"
#25550
0"
#25560
b1001 '
1"
#25570
0"
#25580
b0 '
1"
#25590
0"
#25600
1&
1!
b1 '
1(
1"
1#
#25610
0"
#25620
0&
b10 '
1)
1"
#25630
0"
#25640
b11 '
1"
#25650
0"
#25660
b100 '
1"
#25670
0"
#25680
b101 '
1"
#25690
0"
#25700
0!
b110 '
0(
1"
0#
#25710
0"
#25720
b111 '
0)
1"
#25730
0"
#25740
b1000 '
1"
#25750
0"
#25760
b1001 '
1"
#25770
0"
#25780
b0 '
1"
#25790
0"
#25800
1&
1!
b1 '
1(
1"
1#
#25810
0"
#25820
0&
b10 '
1)
1"
#25830
0"
#25840
b11 '
1"
#25850
0"
#25860
b100 '
1"
#25870
0"
#25880
b101 '
1"
#25890
0"
#25900
0!
b110 '
0(
1"
0#
#25910
0"
#25920
b111 '
0)
1"
#25930
0"
#25940
b1000 '
1"
#25950
0"
#25960
b1001 '
1"
#25970
0"
#25980
b0 '
1"
#25990
0"
#26000
1&
1!
b1 '
1(
1"
1#
#26010
0"
#26020
0&
b10 '
1)
1"
#26030
0"
#26040
b11 '
1"
#26050
0"
#26060
b100 '
1"
#26070
0"
#26080
b101 '
1"
#26090
0"
#26100
0!
b110 '
0(
1"
0#
#26110
0"
#26120
b111 '
0)
1"
#26130
0"
#26140
b1000 '
1"
#26150
0"
#26160
b1001 '
1"
#26170
0"
#26180
b0 '
1"
#26190
0"
#26200
1&
1!
b1 '
1(
1"
1#
#26210
0"
#26220
0&
b10 '
1)
1"
#26230
0"
#26240
b11 '
1"
#26250
0"
#26260
b100 '
1"
#26270
0"
#26280
b101 '
1"
#26290
0"
#26300
0!
b110 '
0(
1"
0#
#26310
0"
#26320
b111 '
0)
1"
#26330
0"
#26340
b1000 '
1"
#26350
0"
#26360
b1001 '
1"
#26370
0"
#26380
b0 '
1"
#26390
0"
#26400
1&
1!
b1 '
1(
1"
1#
#26410
0"
#26420
0&
b10 '
1)
1"
#26430
0"
#26440
b11 '
1"
#26450
0"
#26460
b100 '
1"
#26470
0"
#26480
b101 '
1"
#26490
0"
#26500
0!
b110 '
0(
1"
0#
#26510
0"
#26520
b111 '
0)
1"
#26530
0"
#26540
b1000 '
1"
#26550
0"
#26560
b1001 '
1"
#26570
0"
#26580
b0 '
1"
#26590
0"
#26600
1&
1!
b1 '
1(
1"
1#
#26610
0"
#26620
0&
b10 '
1)
1"
#26630
0"
#26640
b11 '
1"
#26650
0"
#26660
b100 '
1"
#26670
0"
#26680
b101 '
1"
#26690
0"
#26700
0!
b110 '
0(
1"
0#
#26710
0"
#26720
b111 '
0)
1"
#26730
0"
#26740
b1000 '
1"
#26750
0"
#26760
b1001 '
1"
#26770
0"
#26780
b0 '
1"
#26790
0"
#26800
1&
1!
b1 '
1(
1"
1#
#26810
0"
#26820
0&
b10 '
1)
1"
#26830
0"
#26840
b11 '
1"
#26850
0"
#26860
b100 '
1"
#26870
0"
#26880
b101 '
1"
#26890
0"
#26900
0!
b110 '
0(
1"
0#
#26910
0"
#26920
b111 '
0)
1"
#26930
0"
#26940
b1000 '
1"
#26950
0"
#26960
b1001 '
1"
#26970
0"
#26980
b0 '
1"
#26990
0"
#27000
1&
1!
b1 '
1(
1"
1#
#27010
0"
#27020
0&
b10 '
1)
1"
#27030
0"
#27040
b11 '
1"
#27050
0"
#27060
b100 '
1"
#27070
0"
#27080
b101 '
1"
#27090
0"
#27100
0!
b110 '
0(
1"
0#
#27110
0"
#27120
b111 '
0)
1"
#27130
0"
#27140
b1000 '
1"
#27150
0"
#27160
b1001 '
1"
#27170
0"
#27180
b0 '
1"
#27190
0"
#27200
1&
1!
b1 '
1(
1"
1#
#27210
0"
#27220
0&
b10 '
1)
1"
#27230
0"
#27240
b11 '
1"
#27250
0"
#27260
b100 '
1"
#27270
0"
#27280
b101 '
1"
#27290
0"
#27300
0!
b110 '
0(
1"
0#
#27310
0"
#27320
b111 '
0)
1"
#27330
0"
#27340
b1000 '
1"
#27350
0"
#27360
b1001 '
1"
#27370
0"
#27380
b0 '
1"
#27390
0"
#27400
1&
1!
b1 '
1(
1"
1#
#27410
0"
#27420
0&
b10 '
1)
1"
#27430
0"
#27440
b11 '
1"
#27450
0"
#27460
b100 '
1"
#27470
0"
#27480
b101 '
1"
#27490
0"
#27500
0!
b110 '
0(
1"
0#
#27510
0"
#27520
b111 '
0)
1"
#27530
0"
#27540
b1000 '
1"
#27550
0"
#27560
b1001 '
1"
#27570
0"
#27580
b0 '
1"
#27590
0"
#27600
1&
1!
b1 '
1(
1"
1#
#27610
0"
#27620
0&
b10 '
1)
1"
#27630
0"
#27640
b11 '
1"
#27650
0"
#27660
b100 '
1"
#27670
0"
#27680
b101 '
1"
#27690
0"
#27700
0!
b110 '
0(
1"
0#
#27710
0"
#27720
b111 '
0)
1"
#27730
0"
#27740
b1000 '
1"
#27750
0"
#27760
b1001 '
1"
#27770
0"
#27780
b0 '
1"
#27790
0"
#27800
1&
1!
b1 '
1(
1"
1#
#27810
0"
#27820
0&
b10 '
1)
1"
#27830
0"
#27840
b11 '
1"
#27850
0"
#27860
b100 '
1"
#27870
0"
#27880
b101 '
1"
#27890
0"
#27900
0!
b110 '
0(
1"
0#
#27910
0"
#27920
b111 '
0)
1"
#27930
0"
#27940
b1000 '
1"
#27950
0"
#27960
b1001 '
1"
#27970
0"
#27980
b0 '
1"
#27990
0"
#28000
1&
1!
b1 '
1(
1"
1#
#28010
0"
#28020
0&
b10 '
1)
1"
#28030
0"
#28040
b11 '
1"
#28050
0"
#28060
b100 '
1"
#28070
0"
#28080
b101 '
1"
#28090
0"
#28100
0!
b110 '
0(
1"
0#
#28110
0"
#28120
b111 '
0)
1"
#28130
0"
#28140
b1000 '
1"
#28150
0"
#28160
b1001 '
1"
#28170
0"
#28180
b0 '
1"
#28190
0"
#28200
1&
1!
b1 '
1(
1"
1#
#28210
0"
#28220
0&
b10 '
1)
1"
#28230
0"
#28240
b11 '
1"
#28250
0"
#28260
b100 '
1"
#28270
0"
#28280
b101 '
1"
#28290
0"
#28300
0!
b110 '
0(
1"
0#
#28310
0"
#28320
b111 '
0)
1"
#28330
0"
#28340
b1000 '
1"
#28350
0"
#28360
b1001 '
1"
#28370
0"
#28380
b0 '
1"
#28390
0"
#28400
1&
1!
b1 '
1(
1"
1#
#28410
0"
#28420
0&
b10 '
1)
1"
#28430
0"
#28440
b11 '
1"
#28450
0"
#28460
b100 '
1"
#28470
0"
#28480
b101 '
1"
#28490
0"
#28500
0!
b110 '
0(
1"
0#
#28510
0"
#28520
b111 '
0)
1"
#28530
0"
#28540
b1000 '
1"
#28550
0"
#28560
b1001 '
1"
#28570
0"
#28580
b0 '
1"
#28590
0"
#28600
1&
1!
b1 '
1(
1"
1#
#28610
0"
#28620
0&
b10 '
1)
1"
#28630
0"
#28640
b11 '
1"
#28650
0"
#28660
b100 '
1"
#28670
0"
#28680
b101 '
1"
#28690
0"
#28700
0!
b110 '
0(
1"
0#
#28710
0"
#28720
b111 '
0)
1"
#28730
0"
#28740
b1000 '
1"
#28750
0"
#28760
b1001 '
1"
#28770
0"
#28780
b0 '
1"
#28790
0"
#28800
1&
1!
b1 '
1(
1"
1#
#28810
0"
#28820
0&
b10 '
1)
1"
#28830
0"
#28840
b11 '
1"
#28850
0"
#28860
b100 '
1"
#28870
0"
#28880
b101 '
1"
#28890
0"
#28900
0!
b110 '
0(
1"
0#
#28910
0"
#28920
b111 '
0)
1"
#28930
0"
#28940
b1000 '
1"
#28950
0"
#28960
b1001 '
1"
#28970
0"
#28980
b0 '
1"
#28990
0"
#29000
1&
1!
b1 '
1(
1"
1#
#29010
0"
#29020
0&
b10 '
1)
1"
#29030
0"
#29040
b11 '
1"
#29050
0"
#29060
b100 '
1"
#29070
0"
#29080
b101 '
1"
#29090
0"
#29100
0!
b110 '
0(
1"
0#
#29110
0"
#29120
b111 '
0)
1"
#29130
0"
#29140
b1000 '
1"
#29150
0"
#29160
b1001 '
1"
#29170
0"
#29180
b0 '
1"
#29190
0"
#29200
1&
1!
b1 '
1(
1"
1#
#29210
0"
#29220
0&
b10 '
1)
1"
#29230
0"
#29240
b11 '
1"
#29250
0"
#29260
b100 '
1"
#29270
0"
#29280
b101 '
1"
#29290
0"
#29300
0!
b110 '
0(
1"
0#
#29310
0"
#29320
b111 '
0)
1"
#29330
0"
#29340
b1000 '
1"
#29350
0"
#29360
b1001 '
1"
#29370
0"
#29380
b0 '
1"
#29390
0"
#29400
1&
1!
b1 '
1(
1"
1#
#29410
0"
#29420
0&
b10 '
1)
1"
#29430
0"
#29440
b11 '
1"
#29450
0"
#29460
b100 '
1"
#29470
0"
#29480
b101 '
1"
#29490
0"
#29500
0!
b110 '
0(
1"
0#
#29510
0"
#29520
b111 '
0)
1"
#29530
0"
#29540
b1000 '
1"
#29550
0"
#29560
b1001 '
1"
#29570
0"
#29580
b0 '
1"
#29590
0"
#29600
1&
1!
b1 '
1(
1"
1#
#29610
0"
#29620
0&
b10 '
1)
1"
#29630
0"
#29640
b11 '
1"
#29650
0"
#29660
b100 '
1"
#29670
0"
#29680
b101 '
1"
#29690
0"
#29700
0!
b110 '
0(
1"
0#
#29710
0"
#29720
b111 '
0)
1"
#29730
0"
#29740
b1000 '
1"
#29750
0"
#29760
b1001 '
1"
#29770
0"
#29780
b0 '
1"
#29790
0"
#29800
1&
1!
b1 '
1(
1"
1#
#29810
0"
#29820
0&
b10 '
1)
1"
#29830
0"
#29840
b11 '
1"
#29850
0"
#29860
b100 '
1"
#29870
0"
#29880
b101 '
1"
#29890
0"
#29900
0!
b110 '
0(
1"
0#
#29910
0"
#29920
b111 '
0)
1"
#29930
0"
#29940
b1000 '
1"
#29950
0"
#29960
b1001 '
1"
#29970
0"
#29980
b0 '
1"
#29990
0"
#30000
1&
1!
b1 '
1(
1"
1#
#30010
0"
#30020
0&
b10 '
1)
1"
#30030
0"
#30040
b11 '
1"
#30050
0"
#30060
b100 '
1"
#30070
0"
#30080
b101 '
1"
#30090
0"
#30100
0!
b110 '
0(
1"
0#
#30110
0"
#30120
b111 '
0)
1"
#30130
0"
#30140
b1000 '
1"
#30150
0"
#30160
b1001 '
1"
#30170
0"
#30180
b0 '
1"
#30190
0"
#30200
1&
1!
b1 '
1(
1"
1#
#30210
0"
#30220
0&
b10 '
1)
1"
#30230
0"
#30240
b11 '
1"
#30250
0"
#30260
b100 '
1"
#30270
0"
#30280
b101 '
1"
#30290
0"
#30300
0!
b110 '
0(
1"
0#
#30310
0"
#30320
b111 '
0)
1"
#30330
0"
#30340
b1000 '
1"
#30350
0"
#30360
b1001 '
1"
#30370
0"
#30380
b0 '
1"
#30390
0"
#30400
1&
1!
b1 '
1(
1"
1#
#30410
0"
#30420
0&
b10 '
1)
1"
#30430
0"
#30440
b11 '
1"
#30450
0"
#30460
b100 '
1"
#30470
0"
#30480
b101 '
1"
#30490
0"
#30500
0!
b110 '
0(
1"
0#
#30510
0"
#30520
b111 '
0)
1"
#30530
0"
#30540
b1000 '
1"
#30550
0"
#30560
b1001 '
1"
#30570
0"
#30580
b0 '
1"
#30590
0"
#30600
1&
1!
b1 '
1(
1"
1#
#30610
0"
#30620
0&
b10 '
1)
1"
#30630
0"
#30640
b11 '
1"
#30650
0"
#30660
b100 '
1"
#30670
0"
#30680
b101 '
1"
#30690
0"
#30700
0!
b110 '
0(
1"
0#
#30710
0"
#30720
b111 '
0)
1"
#30730
0"
#30740
b1000 '
1"
#30750
0"
#30760
b1001 '
1"
#30770
0"
#30780
b0 '
1"
#30790
0"
#30800
1&
1!
b1 '
1(
1"
1#
#30810
0"
#30820
0&
b10 '
1)
1"
#30830
0"
#30840
b11 '
1"
#30850
0"
#30860
b100 '
1"
#30870
0"
#30880
b101 '
1"
#30890
0"
#30900
0!
b110 '
0(
1"
0#
#30910
0"
#30920
b111 '
0)
1"
#30930
0"
#30940
b1000 '
1"
#30950
0"
#30960
b1001 '
1"
#30970
0"
#30980
b0 '
1"
#30990
0"
#31000
1&
1!
b1 '
1(
1"
1#
#31010
0"
#31020
0&
b10 '
1)
1"
#31030
0"
#31040
b11 '
1"
#31050
0"
#31060
b100 '
1"
#31070
0"
#31080
b101 '
1"
#31090
0"
#31100
0!
b110 '
0(
1"
0#
#31110
0"
#31120
b111 '
0)
1"
#31130
0"
#31140
b1000 '
1"
#31150
0"
#31160
b1001 '
1"
#31170
0"
#31180
b0 '
1"
#31190
0"
#31200
1&
1!
b1 '
1(
1"
1#
#31210
0"
#31220
0&
b10 '
1)
1"
#31230
0"
#31240
b11 '
1"
#31250
0"
#31260
b100 '
1"
#31270
0"
#31280
b101 '
1"
#31290
0"
#31300
0!
b110 '
0(
1"
0#
#31310
0"
#31320
b111 '
0)
1"
#31330
0"
#31340
b1000 '
1"
#31350
0"
#31360
b1001 '
1"
#31370
0"
#31380
b0 '
1"
#31390
0"
#31400
1&
1!
b1 '
1(
1"
1#
#31410
0"
#31420
0&
b10 '
1)
1"
#31430
0"
#31440
b11 '
1"
#31450
0"
#31460
b100 '
1"
#31470
0"
#31480
b101 '
1"
#31490
0"
#31500
0!
b110 '
0(
1"
0#
#31510
0"
#31520
b111 '
0)
1"
#31530
0"
#31540
b1000 '
1"
#31550
0"
#31560
b1001 '
1"
#31570
0"
#31580
b0 '
1"
#31590
0"
#31600
1&
1!
b1 '
1(
1"
1#
#31610
0"
#31620
0&
b10 '
1)
1"
#31630
0"
#31640
b11 '
1"
#31650
0"
#31660
b100 '
1"
#31670
0"
#31680
b101 '
1"
#31690
0"
#31700
0!
b110 '
0(
1"
0#
#31710
0"
#31720
b111 '
0)
1"
#31730
0"
#31740
b1000 '
1"
#31750
0"
#31760
b1001 '
1"
#31770
0"
#31780
b0 '
1"
#31790
0"
#31800
1&
1!
b1 '
1(
1"
1#
#31810
0"
#31820
0&
b10 '
1)
1"
#31830
0"
#31840
b11 '
1"
#31850
0"
#31860
b100 '
1"
#31870
0"
#31880
b101 '
1"
#31890
0"
#31900
0!
b110 '
0(
1"
0#
#31910
0"
#31920
b111 '
0)
1"
#31930
0"
#31940
b1000 '
1"
#31950
0"
#31960
b1001 '
1"
#31970
0"
#31980
b0 '
1"
#31990
0"
#32000
1&
1!
b1 '
1(
1"
1#
#32010
0"
#32020
0&
b10 '
1)
1"
#32030
0"
#32040
b11 '
1"
#32050
0"
#32060
b100 '
1"
#32070
0"
#32080
b101 '
1"
#32090
0"
#32100
0!
b110 '
0(
1"
0#
#32110
0"
#32120
b111 '
0)
1"
#32130
0"
#32140
b1000 '
1"
#32150
0"
#32160
b1001 '
1"
#32170
0"
#32180
b0 '
1"
#32190
0"
#32200
1&
1!
b1 '
1(
1"
1#
#32210
0"
#32220
0&
b10 '
1)
1"
#32230
0"
#32240
b11 '
1"
#32250
0"
#32260
b100 '
1"
#32270
0"
#32280
b101 '
1"
#32290
0"
#32300
0!
b110 '
0(
1"
0#
#32310
0"
#32320
b111 '
0)
1"
#32330
0"
#32340
b1000 '
1"
#32350
0"
#32360
b1001 '
1"
#32370
0"
#32380
b0 '
1"
#32390
0"
#32400
1&
1!
b1 '
1(
1"
1#
#32410
0"
#32420
0&
b10 '
1)
1"
#32430
0"
#32440
b11 '
1"
#32450
0"
#32460
b100 '
1"
#32470
0"
#32480
b101 '
1"
#32490
0"
#32500
0!
b110 '
0(
1"
0#
#32510
0"
#32520
b111 '
0)
1"
#32530
0"
#32540
b1000 '
1"
#32550
0"
#32560
b1001 '
1"
#32570
0"
#32580
b0 '
1"
#32590
0"
#32600
1&
1!
b1 '
1(
1"
1#
#32610
0"
#32620
0&
b10 '
1)
1"
#32630
0"
#32640
b11 '
1"
#32650
0"
#32660
b100 '
1"
#32670
0"
#32680
b101 '
1"
#32690
0"
#32700
0!
b110 '
0(
1"
0#
#32710
0"
#32720
b111 '
0)
1"
#32730
0"
#32740
b1000 '
1"
#32750
0"
#32760
b1001 '
1"
#32770
0"
#32780
b0 '
1"
#32790
0"
#32800
1&
1!
b1 '
1(
1"
1#
#32810
0"
#32820
0&
b10 '
1)
1"
#32830
0"
#32840
b11 '
1"
#32850
0"
#32860
b100 '
1"
#32870
0"
#32880
b101 '
1"
#32890
0"
#32900
0!
b110 '
0(
1"
0#
#32910
0"
#32920
b111 '
0)
1"
#32930
0"
#32940
b1000 '
1"
#32950
0"
#32960
b1001 '
1"
#32970
0"
#32980
b0 '
1"
#32990
0"
#33000
1&
1!
b1 '
1(
1"
1#
#33010
0"
#33020
0&
b10 '
1)
1"
#33030
0"
#33040
b11 '
1"
#33050
0"
#33060
b100 '
1"
#33070
0"
#33080
b101 '
1"
#33090
0"
#33100
0!
b110 '
0(
1"
0#
#33110
0"
#33120
b111 '
0)
1"
#33130
0"
#33140
b1000 '
1"
#33150
0"
#33160
b1001 '
1"
#33170
0"
#33180
b0 '
1"
#33190
0"
#33200
1&
1!
b1 '
1(
1"
1#
#33210
0"
#33220
0&
b10 '
1)
1"
#33230
0"
#33240
b11 '
1"
#33250
0"
#33260
b100 '
1"
#33270
0"
#33280
b101 '
1"
#33290
0"
#33300
0!
b110 '
0(
1"
0#
#33310
0"
#33320
b111 '
0)
1"
#33330
0"
#33340
b1000 '
1"
#33350
0"
#33360
b1001 '
1"
#33370
0"
#33380
b0 '
1"
#33390
0"
#33400
1&
1!
b1 '
1(
1"
1#
#33410
0"
#33420
0&
b10 '
1)
1"
#33430
0"
#33440
b11 '
1"
#33450
0"
#33460
b100 '
1"
#33470
0"
#33480
b101 '
1"
#33490
0"
#33500
0!
b110 '
0(
1"
0#
#33510
0"
#33520
b111 '
0)
1"
#33530
0"
#33540
b1000 '
1"
#33550
0"
#33560
b1001 '
1"
#33570
0"
#33580
b0 '
1"
#33590
0"
#33600
1&
1!
b1 '
1(
1"
1#
#33610
0"
#33620
0&
b10 '
1)
1"
#33630
0"
#33640
b11 '
1"
#33650
0"
#33660
b100 '
1"
#33670
0"
#33680
b101 '
1"
#33690
0"
#33700
0!
b110 '
0(
1"
0#
#33710
0"
#33720
b111 '
0)
1"
#33730
0"
#33740
b1000 '
1"
#33750
0"
#33760
b1001 '
1"
#33770
0"
#33780
b0 '
1"
#33790
0"
#33800
1&
1!
b1 '
1(
1"
1#
#33810
0"
#33820
0&
b10 '
1)
1"
#33830
0"
#33840
b11 '
1"
#33850
0"
#33860
b100 '
1"
#33870
0"
#33880
b101 '
1"
#33890
0"
#33900
0!
b110 '
0(
1"
0#
#33910
0"
#33920
b111 '
0)
1"
#33930
0"
#33940
b1000 '
1"
#33950
0"
#33960
b1001 '
1"
#33970
0"
#33980
b0 '
1"
#33990
0"
#34000
1&
1!
b1 '
1(
1"
1#
#34010
0"
#34020
0&
b10 '
1)
1"
#34030
0"
#34040
b11 '
1"
#34050
0"
#34060
b100 '
1"
#34070
0"
#34080
b101 '
1"
#34090
0"
#34100
0!
b110 '
0(
1"
0#
#34110
0"
#34120
b111 '
0)
1"
#34130
0"
#34140
b1000 '
1"
#34150
0"
#34160
b1001 '
1"
#34170
0"
#34180
b0 '
1"
#34190
0"
#34200
1&
1!
b1 '
1(
1"
1#
#34210
0"
#34220
0&
b10 '
1)
1"
#34230
0"
#34240
b11 '
1"
#34250
0"
#34260
b100 '
1"
#34270
0"
#34280
b101 '
1"
#34290
0"
#34300
0!
b110 '
0(
1"
0#
#34310
0"
#34320
b111 '
0)
1"
#34330
0"
#34340
b1000 '
1"
#34350
0"
#34360
b1001 '
1"
#34370
0"
#34380
b0 '
1"
#34390
0"
#34400
1&
1!
b1 '
1(
1"
1#
#34410
0"
#34420
0&
b10 '
1)
1"
#34430
0"
#34440
b11 '
1"
#34450
0"
#34460
b100 '
1"
#34470
0"
#34480
b101 '
1"
#34490
0"
#34500
0!
b110 '
0(
1"
0#
#34510
0"
#34520
b111 '
0)
1"
#34530
0"
#34540
b1000 '
1"
#34550
0"
#34560
b1001 '
1"
#34570
0"
#34580
b0 '
1"
#34590
0"
#34600
1&
1!
b1 '
1(
1"
1#
#34610
0"
#34620
0&
b10 '
1)
1"
#34630
0"
#34640
b11 '
1"
#34650
0"
#34660
b100 '
1"
#34670
0"
#34680
b101 '
1"
#34690
0"
#34700
0!
b110 '
0(
1"
0#
#34710
0"
#34720
b111 '
0)
1"
#34730
0"
#34740
b1000 '
1"
#34750
0"
#34760
b1001 '
1"
#34770
0"
#34780
b0 '
1"
#34790
0"
#34800
1&
1!
b1 '
1(
1"
1#
#34810
0"
#34820
0&
b10 '
1)
1"
#34830
0"
#34840
b11 '
1"
#34850
0"
#34860
b100 '
1"
#34870
0"
#34880
b101 '
1"
#34890
0"
#34900
0!
b110 '
0(
1"
0#
#34910
0"
#34920
b111 '
0)
1"
#34930
0"
#34940
b1000 '
1"
#34950
0"
#34960
b1001 '
1"
#34970
0"
#34980
b0 '
1"
#34990
0"
#35000
1&
1!
b1 '
1(
1"
1#
#35010
0"
#35020
0&
b10 '
1)
1"
#35030
0"
#35040
b11 '
1"
#35050
0"
#35060
b100 '
1"
#35070
0"
#35080
b101 '
1"
#35090
0"
#35100
0!
b110 '
0(
1"
0#
#35110
0"
#35120
b111 '
0)
1"
#35130
0"
#35140
b1000 '
1"
#35150
0"
#35160
b1001 '
1"
#35170
0"
#35180
b0 '
1"
#35190
0"
#35200
1&
1!
b1 '
1(
1"
1#
#35210
0"
#35220
0&
b10 '
1)
1"
#35230
0"
#35240
b11 '
1"
#35250
0"
#35260
b100 '
1"
#35270
0"
#35280
b101 '
1"
#35290
0"
#35300
0!
b110 '
0(
1"
0#
#35310
0"
#35320
b111 '
0)
1"
#35330
0"
#35340
b1000 '
1"
#35350
0"
#35360
b1001 '
1"
#35370
0"
#35380
b0 '
1"
#35390
0"
#35400
1&
1!
b1 '
1(
1"
1#
#35410
0"
#35420
0&
b10 '
1)
1"
#35430
0"
#35440
b11 '
1"
#35450
0"
#35460
b100 '
1"
#35470
0"
#35480
b101 '
1"
#35490
0"
#35500
0!
b110 '
0(
1"
0#
#35510
0"
#35520
b111 '
0)
1"
#35530
0"
#35540
b1000 '
1"
#35550
0"
#35560
b1001 '
1"
#35570
0"
#35580
b0 '
1"
#35590
0"
#35600
1&
1!
b1 '
1(
1"
1#
#35610
0"
#35620
0&
b10 '
1)
1"
#35630
0"
#35640
b11 '
1"
#35650
0"
#35660
b100 '
1"
#35670
0"
#35680
b101 '
1"
#35690
0"
#35700
0!
b110 '
0(
1"
0#
#35710
0"
#35720
b111 '
0)
1"
#35730
0"
#35740
b1000 '
1"
#35750
0"
#35760
b1001 '
1"
#35770
0"
#35780
b0 '
1"
#35790
0"
#35800
1&
1!
b1 '
1(
1"
1#
#35810
0"
#35820
0&
b10 '
1)
1"
#35830
0"
#35840
b11 '
1"
#35850
0"
#35860
b100 '
1"
#35870
0"
#35880
b101 '
1"
#35890
0"
#35900
0!
b110 '
0(
1"
0#
#35910
0"
#35920
b111 '
0)
1"
#35930
0"
#35940
b1000 '
1"
#35950
0"
#35960
b1001 '
1"
#35970
0"
#35980
b0 '
1"
#35990
0"
#36000
1&
1!
b1 '
1(
1"
1#
#36010
0"
#36020
0&
b10 '
1)
1"
#36030
0"
#36040
b11 '
1"
#36050
0"
#36060
b100 '
1"
#36070
0"
#36080
b101 '
1"
#36090
0"
#36100
0!
b110 '
0(
1"
0#
#36110
0"
#36120
b111 '
0)
1"
#36130
0"
#36140
b1000 '
1"
#36150
0"
#36160
b1001 '
1"
#36170
0"
#36180
b0 '
1"
#36190
0"
#36200
1&
1!
b1 '
1(
1"
1#
#36210
0"
#36220
0&
b10 '
1)
1"
#36230
0"
#36240
b11 '
1"
#36250
0"
#36260
b100 '
1"
#36270
0"
#36280
b101 '
1"
#36290
0"
#36300
0!
b110 '
0(
1"
0#
#36310
0"
#36320
b111 '
0)
1"
#36330
0"
#36340
b1000 '
1"
#36350
0"
#36360
b1001 '
1"
#36370
0"
#36380
b0 '
1"
#36390
0"
#36400
1&
1!
b1 '
1(
1"
1#
#36410
0"
#36420
0&
b10 '
1)
1"
#36430
0"
#36440
b11 '
1"
#36450
0"
#36460
b100 '
1"
#36470
0"
#36480
b101 '
1"
#36490
0"
#36500
0!
b110 '
0(
1"
0#
#36510
0"
#36520
b111 '
0)
1"
#36530
0"
#36540
b1000 '
1"
#36550
0"
#36560
b1001 '
1"
#36570
0"
#36580
b0 '
1"
#36590
0"
#36600
1&
1!
b1 '
1(
1"
1#
#36610
0"
#36620
0&
b10 '
1)
1"
#36630
0"
#36640
b11 '
1"
#36650
0"
#36660
b100 '
1"
#36670
0"
#36680
b101 '
1"
#36690
0"
#36700
0!
b110 '
0(
1"
0#
#36710
0"
#36720
b111 '
0)
1"
#36730
0"
#36740
b1000 '
1"
#36750
0"
#36760
b1001 '
1"
#36770
0"
#36780
b0 '
1"
#36790
0"
#36800
1&
1!
b1 '
1(
1"
1#
#36810
0"
#36820
0&
b10 '
1)
1"
#36830
0"
#36840
b11 '
1"
#36850
0"
#36860
b100 '
1"
#36870
0"
#36880
b101 '
1"
#36890
0"
#36900
0!
b110 '
0(
1"
0#
#36910
0"
#36920
b111 '
0)
1"
#36930
0"
#36940
b1000 '
1"
#36950
0"
#36960
b1001 '
1"
#36970
0"
#36980
b0 '
1"
#36990
0"
#37000
1&
1!
b1 '
1(
1"
1#
#37010
0"
#37020
0&
b10 '
1)
1"
#37030
0"
#37040
b11 '
1"
#37050
0"
#37060
b100 '
1"
#37070
0"
#37080
b101 '
1"
#37090
0"
#37100
0!
b110 '
0(
1"
0#
#37110
0"
#37120
b111 '
0)
1"
#37130
0"
#37140
b1000 '
1"
#37150
0"
#37160
b1001 '
1"
#37170
0"
#37180
b0 '
1"
#37190
0"
#37200
1&
1!
b1 '
1(
1"
1#
#37210
0"
#37220
0&
b10 '
1)
1"
#37230
0"
#37240
b11 '
1"
#37250
0"
#37260
b100 '
1"
#37270
0"
#37280
b101 '
1"
#37290
0"
#37300
0!
b110 '
0(
1"
0#
#37310
0"
#37320
b111 '
0)
1"
#37330
0"
#37340
b1000 '
1"
#37350
0"
#37360
b1001 '
1"
#37370
0"
#37380
b0 '
1"
#37390
0"
#37400
1&
1!
b1 '
1(
1"
1#
#37410
0"
#37420
0&
b10 '
1)
1"
#37430
0"
#37440
b11 '
1"
#37450
0"
#37460
b100 '
1"
#37470
0"
#37480
b101 '
1"
#37490
0"
#37500
0!
b110 '
0(
1"
0#
#37510
0"
#37520
b111 '
0)
1"
#37530
0"
#37540
b1000 '
1"
#37550
0"
#37560
b1001 '
1"
#37570
0"
#37580
b0 '
1"
#37590
0"
#37600
1&
1!
b1 '
1(
1"
1#
#37610
0"
#37620
0&
b10 '
1)
1"
#37630
0"
#37640
b11 '
1"
#37650
0"
#37660
b100 '
1"
#37670
0"
#37680
b101 '
1"
#37690
0"
#37700
0!
b110 '
0(
1"
0#
#37710
0"
#37720
b111 '
0)
1"
#37730
0"
#37740
b1000 '
1"
#37750
0"
#37760
b1001 '
1"
#37770
0"
#37780
b0 '
1"
#37790
0"
#37800
1&
1!
b1 '
1(
1"
1#
#37810
0"
#37820
0&
b10 '
1)
1"
#37830
0"
#37840
b11 '
1"
#37850
0"
#37860
b100 '
1"
#37870
0"
#37880
b101 '
1"
#37890
0"
#37900
0!
b110 '
0(
1"
0#
#37910
0"
#37920
b111 '
0)
1"
#37930
0"
#37940
b1000 '
1"
#37950
0"
#37960
b1001 '
1"
#37970
0"
#37980
b0 '
1"
#37990
0"
#38000
1&
1!
b1 '
1(
1"
1#
#38010
0"
#38020
0&
b10 '
1)
1"
#38030
0"
#38040
b11 '
1"
#38050
0"
#38060
b100 '
1"
#38070
0"
#38080
b101 '
1"
#38090
0"
#38100
0!
b110 '
0(
1"
0#
#38110
0"
#38120
b111 '
0)
1"
#38130
0"
#38140
b1000 '
1"
#38150
0"
#38160
b1001 '
1"
#38170
0"
#38180
b0 '
1"
#38190
0"
#38200
1&
1!
b1 '
1(
1"
1#
#38210
0"
#38220
0&
b10 '
1)
1"
#38230
0"
#38240
b11 '
1"
#38250
0"
#38260
b100 '
1"
#38270
0"
#38280
b101 '
1"
#38290
0"
#38300
0!
b110 '
0(
1"
0#
#38310
0"
#38320
b111 '
0)
1"
#38330
0"
#38340
b1000 '
1"
#38350
0"
#38360
b1001 '
1"
#38370
0"
#38380
b0 '
1"
#38390
0"
#38400
1&
1!
b1 '
1(
1"
1#
#38410
0"
#38420
0&
b10 '
1)
1"
#38430
0"
#38440
b11 '
1"
#38450
0"
#38460
b100 '
1"
#38470
0"
#38480
b101 '
1"
#38490
0"
#38500
0!
b110 '
0(
1"
0#
#38510
0"
#38520
b111 '
0)
1"
#38530
0"
#38540
b1000 '
1"
#38550
0"
#38560
b1001 '
1"
#38570
0"
#38580
b0 '
1"
#38590
0"
#38600
1&
1!
b1 '
1(
1"
1#
#38610
0"
#38620
0&
b10 '
1)
1"
#38630
0"
#38640
b11 '
1"
#38650
0"
#38660
b100 '
1"
#38670
0"
#38680
b101 '
1"
#38690
0"
#38700
0!
b110 '
0(
1"
0#
#38710
0"
#38720
b111 '
0)
1"
#38730
0"
#38740
b1000 '
1"
#38750
0"
#38760
b1001 '
1"
#38770
0"
#38780
b0 '
1"
#38790
0"
#38800
1&
1!
b1 '
1(
1"
1#
#38810
0"
#38820
0&
b10 '
1)
1"
#38830
0"
#38840
b11 '
1"
#38850
0"
#38860
b100 '
1"
#38870
0"
#38880
b101 '
1"
#38890
0"
#38900
0!
b110 '
0(
1"
0#
#38910
0"
#38920
b111 '
0)
1"
#38930
0"
#38940
b1000 '
1"
#38950
0"
#38960
b1001 '
1"
#38970
0"
#38980
b0 '
1"
#38990
0"
#39000
1&
1!
b1 '
1(
1"
1#
#39010
0"
#39020
0&
b10 '
1)
1"
#39030
0"
#39040
b11 '
1"
#39050
0"
#39060
b100 '
1"
#39070
0"
#39080
b101 '
1"
#39090
0"
#39100
0!
b110 '
0(
1"
0#
#39110
0"
#39120
b111 '
0)
1"
#39130
0"
#39140
b1000 '
1"
#39150
0"
#39160
b1001 '
1"
#39170
0"
#39180
b0 '
1"
#39190
0"
#39200
1&
1!
b1 '
1(
1"
1#
#39210
0"
#39220
0&
b10 '
1)
1"
#39230
0"
#39240
b11 '
1"
#39250
0"
#39260
b100 '
1"
#39270
0"
#39280
b101 '
1"
#39290
0"
#39300
0!
b110 '
0(
1"
0#
#39310
0"
#39320
b111 '
0)
1"
#39330
0"
#39340
b1000 '
1"
#39350
0"
#39360
b1001 '
1"
#39370
0"
#39380
b0 '
1"
#39390
0"
#39400
1&
1!
b1 '
1(
1"
1#
#39410
0"
#39420
0&
b10 '
1)
1"
#39430
0"
#39440
b11 '
1"
#39450
0"
#39460
b100 '
1"
#39470
0"
#39480
b101 '
1"
#39490
0"
#39500
0!
b110 '
0(
1"
0#
#39510
0"
#39520
b111 '
0)
1"
#39530
0"
#39540
b1000 '
1"
#39550
0"
#39560
b1001 '
1"
#39570
0"
#39580
b0 '
1"
#39590
0"
#39600
1&
1!
b1 '
1(
1"
1#
#39610
0"
#39620
0&
b10 '
1)
1"
#39630
0"
#39640
b11 '
1"
#39650
0"
#39660
b100 '
1"
#39670
0"
#39680
b101 '
1"
#39690
0"
#39700
0!
b110 '
0(
1"
0#
#39710
0"
#39720
b111 '
0)
1"
#39730
0"
#39740
b1000 '
1"
#39750
0"
#39760
b1001 '
1"
#39770
0"
#39780
b0 '
1"
#39790
0"
#39800
1&
1!
b1 '
1(
1"
1#
#39810
0"
#39820
0&
b10 '
1)
1"
#39830
0"
#39840
b11 '
1"
#39850
0"
#39860
b100 '
1"
#39870
0"
#39880
b101 '
1"
#39890
0"
#39900
0!
b110 '
0(
1"
0#
#39910
0"
#39920
b111 '
0)
1"
#39930
0"
#39940
b1000 '
1"
#39950
0"
#39960
b1001 '
1"
#39970
0"
#39980
b0 '
1"
#39990
0"
#40000
1&
1!
b1 '
1(
1"
1#
#40010
0"
#40020
0&
b10 '
1)
1"
#40030
0"
#40040
b11 '
1"
#40050
0"
#40060
b100 '
1"
#40070
0"
#40080
b101 '
1"
#40090
0"
#40100
0!
b110 '
0(
1"
0#
#40110
0"
#40120
b111 '
0)
1"
#40130
0"
#40140
b1000 '
1"
#40150
0"
#40160
b1001 '
1"
#40170
0"
#40180
b0 '
1"
#40190
0"
#40200
1&
1!
b1 '
1(
1"
1#
#40210
0"
#40220
0&
b10 '
1)
1"
#40230
0"
#40240
b11 '
1"
#40250
0"
#40260
b100 '
1"
#40270
0"
#40280
b101 '
1"
#40290
0"
#40300
0!
b110 '
0(
1"
0#
#40310
0"
#40320
b111 '
0)
1"
#40330
0"
#40340
b1000 '
1"
#40350
0"
#40360
b1001 '
1"
#40370
0"
#40380
b0 '
1"
#40390
0"
#40400
1&
1!
b1 '
1(
1"
1#
#40410
0"
#40420
0&
b10 '
1)
1"
#40430
0"
#40440
b11 '
1"
#40450
0"
#40460
b100 '
1"
#40470
0"
#40480
b101 '
1"
#40490
0"
#40500
0!
b110 '
0(
1"
0#
#40510
0"
#40520
b111 '
0)
1"
#40530
0"
#40540
b1000 '
1"
#40550
0"
#40560
b1001 '
1"
#40570
0"
#40580
b0 '
1"
#40590
0"
#40600
1&
1!
b1 '
1(
1"
1#
#40610
0"
#40620
0&
b10 '
1)
1"
#40630
0"
#40640
b11 '
1"
#40650
0"
#40660
b100 '
1"
#40670
0"
#40680
b101 '
1"
#40690
0"
#40700
0!
b110 '
0(
1"
0#
#40710
0"
#40720
b111 '
0)
1"
#40730
0"
#40740
b1000 '
1"
#40750
0"
#40760
b1001 '
1"
#40770
0"
#40780
b0 '
1"
#40790
0"
#40800
1&
1!
b1 '
1(
1"
1#
#40810
0"
#40820
0&
b10 '
1)
1"
#40830
0"
#40840
b11 '
1"
#40850
0"
#40860
b100 '
1"
#40870
0"
#40880
b101 '
1"
#40890
0"
#40900
0!
b110 '
0(
1"
0#
#40910
0"
#40920
b111 '
0)
1"
#40930
0"
#40940
b1000 '
1"
#40950
0"
#40960
b1001 '
1"
#40970
0"
#40980
b0 '
1"
#40990
0"
#41000
1&
1!
b1 '
1(
1"
1#
#41010
0"
#41020
0&
b10 '
1)
1"
#41030
0"
#41040
b11 '
1"
#41050
0"
#41060
b100 '
1"
#41070
0"
#41080
b101 '
1"
#41090
0"
#41100
0!
b110 '
0(
1"
0#
#41110
0"
#41120
b111 '
0)
1"
#41130
0"
#41140
b1000 '
1"
#41150
0"
#41160
b1001 '
1"
#41170
0"
#41180
b0 '
1"
#41190
0"
#41200
1&
1!
b1 '
1(
1"
1#
#41210
0"
#41220
0&
b10 '
1)
1"
#41230
0"
#41240
b11 '
1"
#41250
0"
#41260
b100 '
1"
#41270
0"
#41280
b101 '
1"
#41290
0"
#41300
0!
b110 '
0(
1"
0#
#41310
0"
#41320
b111 '
0)
1"
#41330
0"
#41340
b1000 '
1"
#41350
0"
#41360
b1001 '
1"
#41370
0"
#41380
b0 '
1"
#41390
0"
#41400
1&
1!
b1 '
1(
1"
1#
#41410
0"
#41420
0&
b10 '
1)
1"
#41430
0"
#41440
b11 '
1"
#41450
0"
#41460
b100 '
1"
#41470
0"
#41480
b101 '
1"
#41490
0"
#41500
0!
b110 '
0(
1"
0#
#41510
0"
#41520
b111 '
0)
1"
#41530
0"
#41540
b1000 '
1"
#41550
0"
#41560
b1001 '
1"
#41570
0"
#41580
b0 '
1"
#41590
0"
#41600
1&
1!
b1 '
1(
1"
1#
#41610
0"
#41620
0&
b10 '
1)
1"
#41630
0"
#41640
b11 '
1"
#41650
0"
#41660
b100 '
1"
#41670
0"
#41680
b101 '
1"
#41690
0"
#41700
0!
b110 '
0(
1"
0#
#41710
0"
#41720
b111 '
0)
1"
#41730
0"
#41740
b1000 '
1"
#41750
0"
#41760
b1001 '
1"
#41770
0"
#41780
b0 '
1"
#41790
0"
#41800
1&
1!
b1 '
1(
1"
1#
#41810
0"
#41820
0&
b10 '
1)
1"
#41830
0"
#41840
b11 '
1"
#41850
0"
#41860
b100 '
1"
#41870
0"
#41880
b101 '
1"
#41890
0"
#41900
0!
b110 '
0(
1"
0#
#41910
0"
#41920
b111 '
0)
1"
#41930
0"
#41940
b1000 '
1"
#41950
0"
#41960
b1001 '
1"
#41970
0"
#41980
b0 '
1"
#41990
0"
#42000
1&
1!
b1 '
1(
1"
1#
#42010
0"
#42020
0&
b10 '
1)
1"
#42030
0"
#42040
b11 '
1"
#42050
0"
#42060
b100 '
1"
#42070
0"
#42080
b101 '
1"
#42090
0"
#42100
0!
b110 '
0(
1"
0#
#42110
0"
#42120
b111 '
0)
1"
#42130
0"
#42140
b1000 '
1"
#42150
0"
#42160
b1001 '
1"
#42170
0"
#42180
b0 '
1"
#42190
0"
#42200
1&
1!
b1 '
1(
1"
1#
#42210
0"
#42220
0&
b10 '
1)
1"
#42230
0"
#42240
b11 '
1"
#42250
0"
#42260
b100 '
1"
#42270
0"
#42280
b101 '
1"
#42290
0"
#42300
0!
b110 '
0(
1"
0#
#42310
0"
#42320
b111 '
0)
1"
#42330
0"
#42340
b1000 '
1"
#42350
0"
#42360
b1001 '
1"
#42370
0"
#42380
b0 '
1"
#42390
0"
#42400
1&
1!
b1 '
1(
1"
1#
#42410
0"
#42420
0&
b10 '
1)
1"
#42430
0"
#42440
b11 '
1"
#42450
0"
#42460
b100 '
1"
#42470
0"
#42480
b101 '
1"
#42490
0"
#42500
0!
b110 '
0(
1"
0#
#42510
0"
#42520
b111 '
0)
1"
#42530
0"
#42540
b1000 '
1"
#42550
0"
#42560
b1001 '
1"
#42570
0"
#42580
b0 '
1"
#42590
0"
#42600
1&
1!
b1 '
1(
1"
1#
#42610
0"
#42620
0&
b10 '
1)
1"
#42630
0"
#42640
b11 '
1"
#42650
0"
#42660
b100 '
1"
#42670
0"
#42680
b101 '
1"
#42690
0"
#42700
0!
b110 '
0(
1"
0#
#42710
0"
#42720
b111 '
0)
1"
#42730
0"
#42740
b1000 '
1"
#42750
0"
#42760
b1001 '
1"
#42770
0"
#42780
b0 '
1"
#42790
0"
#42800
1&
1!
b1 '
1(
1"
1#
#42810
0"
#42820
0&
b10 '
1)
1"
#42830
0"
#42840
b11 '
1"
#42850
0"
#42860
b100 '
1"
#42870
0"
#42880
b101 '
1"
#42890
0"
#42900
0!
b110 '
0(
1"
0#
#42910
0"
#42920
b111 '
0)
1"
#42930
0"
#42940
b1000 '
1"
#42950
0"
#42960
b1001 '
1"
#42970
0"
#42980
b0 '
1"
#42990
0"
#43000
1&
1!
b1 '
1(
1"
1#
#43010
0"
#43020
0&
b10 '
1)
1"
#43030
0"
#43040
b11 '
1"
#43050
0"
#43060
b100 '
1"
#43070
0"
#43080
b101 '
1"
#43090
0"
#43100
0!
b110 '
0(
1"
0#
#43110
0"
#43120
b111 '
0)
1"
#43130
0"
#43140
b1000 '
1"
#43150
0"
#43160
b1001 '
1"
#43170
0"
#43180
b0 '
1"
#43190
0"
#43200
1&
1!
b1 '
1(
1"
1#
#43210
0"
#43220
0&
b10 '
1)
1"
#43230
0"
#43240
b11 '
1"
#43250
0"
#43260
b100 '
1"
#43270
0"
#43280
b101 '
1"
#43290
0"
#43300
0!
b110 '
0(
1"
0#
#43310
0"
#43320
b111 '
0)
1"
#43330
0"
#43340
b1000 '
1"
#43350
0"
#43360
b1001 '
1"
#43370
0"
#43380
b0 '
1"
#43390
0"
#43400
1&
1!
b1 '
1(
1"
1#
#43410
0"
#43420
0&
b10 '
1)
1"
#43430
0"
#43440
b11 '
1"
#43450
0"
#43460
b100 '
1"
#43470
0"
#43480
b101 '
1"
#43490
0"
#43500
0!
b110 '
0(
1"
0#
#43510
0"
#43520
b111 '
0)
1"
#43530
0"
#43540
b1000 '
1"
#43550
0"
#43560
b1001 '
1"
#43570
0"
#43580
b0 '
1"
#43590
0"
#43600
1&
1!
b1 '
1(
1"
1#
#43610
0"
#43620
0&
b10 '
1)
1"
#43630
0"
#43640
b11 '
1"
#43650
0"
#43660
b100 '
1"
#43670
0"
#43680
b101 '
1"
#43690
0"
#43700
0!
b110 '
0(
1"
0#
#43710
0"
#43720
b111 '
0)
1"
#43730
0"
#43740
b1000 '
1"
#43750
0"
#43760
b1001 '
1"
#43770
0"
#43780
b0 '
1"
#43790
0"
#43800
1&
1!
b1 '
1(
1"
1#
#43810
0"
#43820
0&
b10 '
1)
1"
#43830
0"
#43840
b11 '
1"
#43850
0"
#43860
b100 '
1"
#43870
0"
#43880
b101 '
1"
#43890
0"
#43900
0!
b110 '
0(
1"
0#
#43910
0"
#43920
b111 '
0)
1"
#43930
0"
#43940
b1000 '
1"
#43950
0"
#43960
b1001 '
1"
#43970
0"
#43980
b0 '
1"
#43990
0"
#44000
1&
1!
b1 '
1(
1"
1#
#44010
0"
#44020
0&
b10 '
1)
1"
#44030
0"
#44040
b11 '
1"
#44050
0"
#44060
b100 '
1"
#44070
0"
#44080
b101 '
1"
#44090
0"
#44100
0!
b110 '
0(
1"
0#
#44110
0"
#44120
b111 '
0)
1"
#44130
0"
#44140
b1000 '
1"
#44150
0"
#44160
b1001 '
1"
#44170
0"
#44180
b0 '
1"
#44190
0"
#44200
1&
1!
b1 '
1(
1"
1#
#44210
0"
#44220
0&
b10 '
1)
1"
#44230
0"
#44240
b11 '
1"
#44250
0"
#44260
b100 '
1"
#44270
0"
#44280
b101 '
1"
#44290
0"
#44300
0!
b110 '
0(
1"
0#
#44310
0"
#44320
b111 '
0)
1"
#44330
0"
#44340
b1000 '
1"
#44350
0"
#44360
b1001 '
1"
#44370
0"
#44380
b0 '
1"
#44390
0"
#44400
1&
1!
b1 '
1(
1"
1#
#44410
0"
#44420
0&
b10 '
1)
1"
#44430
0"
#44440
b11 '
1"
#44450
0"
#44460
b100 '
1"
#44470
0"
#44480
b101 '
1"
#44490
0"
#44500
0!
b110 '
0(
1"
0#
#44510
0"
#44520
b111 '
0)
1"
#44530
0"
#44540
b1000 '
1"
#44550
0"
#44560
b1001 '
1"
#44570
0"
#44580
b0 '
1"
#44590
0"
#44600
1&
1!
b1 '
1(
1"
1#
#44610
0"
#44620
0&
b10 '
1)
1"
#44630
0"
#44640
b11 '
1"
#44650
0"
#44660
b100 '
1"
#44670
0"
#44680
b101 '
1"
#44690
0"
#44700
0!
b110 '
0(
1"
0#
#44710
0"
#44720
b111 '
0)
1"
#44730
0"
#44740
b1000 '
1"
#44750
0"
#44760
b1001 '
1"
#44770
0"
#44780
b0 '
1"
#44790
0"
#44800
1&
1!
b1 '
1(
1"
1#
#44810
0"
#44820
0&
b10 '
1)
1"
#44830
0"
#44840
b11 '
1"
#44850
0"
#44860
b100 '
1"
#44870
0"
#44880
b101 '
1"
#44890
0"
#44900
0!
b110 '
0(
1"
0#
#44910
0"
#44920
b111 '
0)
1"
#44930
0"
#44940
b1000 '
1"
#44950
0"
#44960
b1001 '
1"
#44970
0"
#44980
b0 '
1"
#44990
0"
#45000
1&
1!
b1 '
1(
1"
1#
#45010
0"
#45020
0&
b10 '
1)
1"
#45030
0"
#45040
b11 '
1"
#45050
0"
#45060
b100 '
1"
#45070
0"
#45080
b101 '
1"
#45090
0"
#45100
0!
b110 '
0(
1"
0#
#45110
0"
#45120
b111 '
0)
1"
#45130
0"
#45140
b1000 '
1"
#45150
0"
#45160
b1001 '
1"
#45170
0"
#45180
b0 '
1"
#45190
0"
#45200
1&
1!
b1 '
1(
1"
1#
#45210
0"
#45220
0&
b10 '
1)
1"
#45230
0"
#45240
b11 '
1"
#45250
0"
#45260
b100 '
1"
#45270
0"
#45280
b101 '
1"
#45290
0"
#45300
0!
b110 '
0(
1"
0#
#45310
0"
#45320
b111 '
0)
1"
#45330
0"
#45340
b1000 '
1"
#45350
0"
#45360
b1001 '
1"
#45370
0"
#45380
b0 '
1"
#45390
0"
#45400
1&
1!
b1 '
1(
1"
1#
#45410
0"
#45420
0&
b10 '
1)
1"
#45430
0"
#45440
b11 '
1"
#45450
0"
#45460
b100 '
1"
#45470
0"
#45480
b101 '
1"
#45490
0"
#45500
0!
b110 '
0(
1"
0#
#45510
0"
#45520
b111 '
0)
1"
#45530
0"
#45540
b1000 '
1"
#45550
0"
#45560
b1001 '
1"
#45570
0"
#45580
b0 '
1"
#45590
0"
#45600
1&
1!
b1 '
1(
1"
1#
#45610
0"
#45620
0&
b10 '
1)
1"
#45630
0"
#45640
b11 '
1"
#45650
0"
#45660
b100 '
1"
#45670
0"
#45680
b101 '
1"
#45690
0"
#45700
0!
b110 '
0(
1"
0#
#45710
0"
#45720
b111 '
0)
1"
#45730
0"
#45740
b1000 '
1"
#45750
0"
#45760
b1001 '
1"
#45770
0"
#45780
b0 '
1"
#45790
0"
#45800
1&
1!
b1 '
1(
1"
1#
#45810
0"
#45820
0&
b10 '
1)
1"
#45830
0"
#45840
b11 '
1"
#45850
0"
#45860
b100 '
1"
#45870
0"
#45880
b101 '
1"
#45890
0"
#45900
0!
b110 '
0(
1"
0#
#45910
0"
#45920
b111 '
0)
1"
#45930
0"
#45940
b1000 '
1"
#45950
0"
#45960
b1001 '
1"
#45970
0"
#45980
b0 '
1"
#45990
0"
#46000
1&
1!
b1 '
1(
1"
1#
#46010
0"
#46020
0&
b10 '
1)
1"
#46030
0"
#46040
b11 '
1"
#46050
0"
#46060
b100 '
1"
#46070
0"
#46080
b101 '
1"
#46090
0"
#46100
0!
b110 '
0(
1"
0#
#46110
0"
#46120
b111 '
0)
1"
#46130
0"
#46140
b1000 '
1"
#46150
0"
#46160
b1001 '
1"
#46170
0"
#46180
b0 '
1"
#46190
0"
#46200
1&
1!
b1 '
1(
1"
1#
#46210
0"
#46220
0&
b10 '
1)
1"
#46230
0"
#46240
b11 '
1"
#46250
0"
#46260
b100 '
1"
#46270
0"
#46280
b101 '
1"
#46290
0"
#46300
0!
b110 '
0(
1"
0#
#46310
0"
#46320
b111 '
0)
1"
#46330
0"
#46340
b1000 '
1"
#46350
0"
#46360
b1001 '
1"
#46370
0"
#46380
b0 '
1"
#46390
0"
#46400
1&
1!
b1 '
1(
1"
1#
#46410
0"
#46420
0&
b10 '
1)
1"
#46430
0"
#46440
b11 '
1"
#46450
0"
#46460
b100 '
1"
#46470
0"
#46480
b101 '
1"
#46490
0"
#46500
0!
b110 '
0(
1"
0#
#46510
0"
#46520
b111 '
0)
1"
#46530
0"
#46540
b1000 '
1"
#46550
0"
#46560
b1001 '
1"
#46570
0"
#46580
b0 '
1"
#46590
0"
#46600
1&
1!
b1 '
1(
1"
1#
#46610
0"
#46620
0&
b10 '
1)
1"
#46630
0"
#46640
b11 '
1"
#46650
0"
#46660
b100 '
1"
#46670
0"
#46680
b101 '
1"
#46690
0"
#46700
0!
b110 '
0(
1"
0#
#46710
0"
#46720
b111 '
0)
1"
#46730
0"
#46740
b1000 '
1"
#46750
0"
#46760
b1001 '
1"
#46770
0"
#46780
b0 '
1"
#46790
0"
#46800
1&
1!
b1 '
1(
1"
1#
#46810
0"
#46820
0&
b10 '
1)
1"
#46830
0"
#46840
b11 '
1"
#46850
0"
#46860
b100 '
1"
#46870
0"
#46880
b101 '
1"
#46890
0"
#46900
0!
b110 '
0(
1"
0#
#46910
0"
#46920
b111 '
0)
1"
#46930
0"
#46940
b1000 '
1"
#46950
0"
#46960
b1001 '
1"
#46970
0"
#46980
b0 '
1"
#46990
0"
#47000
1&
1!
b1 '
1(
1"
1#
#47010
0"
#47020
0&
b10 '
1)
1"
#47030
0"
#47040
b11 '
1"
#47050
0"
#47060
b100 '
1"
#47070
0"
#47080
b101 '
1"
#47090
0"
#47100
0!
b110 '
0(
1"
0#
#47110
0"
#47120
b111 '
0)
1"
#47130
0"
#47140
b1000 '
1"
#47150
0"
#47160
b1001 '
1"
#47170
0"
#47180
b0 '
1"
#47190
0"
#47200
1&
1!
b1 '
1(
1"
1#
#47210
0"
#47220
0&
b10 '
1)
1"
#47230
0"
#47240
b11 '
1"
#47250
0"
#47260
b100 '
1"
#47270
0"
#47280
b101 '
1"
#47290
0"
#47300
0!
b110 '
0(
1"
0#
#47310
0"
#47320
b111 '
0)
1"
#47330
0"
#47340
b1000 '
1"
#47350
0"
#47360
b1001 '
1"
#47370
0"
#47380
b0 '
1"
#47390
0"
#47400
1&
1!
b1 '
1(
1"
1#
#47410
0"
#47420
0&
b10 '
1)
1"
#47430
0"
#47440
b11 '
1"
#47450
0"
#47460
b100 '
1"
#47470
0"
#47480
b101 '
1"
#47490
0"
#47500
0!
b110 '
0(
1"
0#
#47510
0"
#47520
b111 '
0)
1"
#47530
0"
#47540
b1000 '
1"
#47550
0"
#47560
b1001 '
1"
#47570
0"
#47580
b0 '
1"
#47590
0"
#47600
1&
1!
b1 '
1(
1"
1#
#47610
0"
#47620
0&
b10 '
1)
1"
#47630
0"
#47640
b11 '
1"
#47650
0"
#47660
b100 '
1"
#47670
0"
#47680
b101 '
1"
#47690
0"
#47700
0!
b110 '
0(
1"
0#
#47710
0"
#47720
b111 '
0)
1"
#47730
0"
#47740
b1000 '
1"
#47750
0"
#47760
b1001 '
1"
#47770
0"
#47780
b0 '
1"
#47790
0"
#47800
1&
1!
b1 '
1(
1"
1#
#47810
0"
#47820
0&
b10 '
1)
1"
#47830
0"
#47840
b11 '
1"
#47850
0"
#47860
b100 '
1"
#47870
0"
#47880
b101 '
1"
#47890
0"
#47900
0!
b110 '
0(
1"
0#
#47910
0"
#47920
b111 '
0)
1"
#47930
0"
#47940
b1000 '
1"
#47950
0"
#47960
b1001 '
1"
#47970
0"
#47980
b0 '
1"
#47990
0"
#48000
1&
1!
b1 '
1(
1"
1#
#48010
0"
#48020
0&
b10 '
1)
1"
#48030
0"
#48040
b11 '
1"
#48050
0"
#48060
b100 '
1"
#48070
0"
#48080
b101 '
1"
#48090
0"
#48100
0!
b110 '
0(
1"
0#
#48110
0"
#48120
b111 '
0)
1"
#48130
0"
#48140
b1000 '
1"
#48150
0"
#48160
b1001 '
1"
#48170
0"
#48180
b0 '
1"
#48190
0"
#48200
1&
1!
b1 '
1(
1"
1#
#48210
0"
#48220
0&
b10 '
1)
1"
#48230
0"
#48240
b11 '
1"
#48250
0"
#48260
b100 '
1"
#48270
0"
#48280
b101 '
1"
#48290
0"
#48300
0!
b110 '
0(
1"
0#
#48310
0"
#48320
b111 '
0)
1"
#48330
0"
#48340
b1000 '
1"
#48350
0"
#48360
b1001 '
1"
#48370
0"
#48380
b0 '
1"
#48390
0"
#48400
1&
1!
b1 '
1(
1"
1#
#48410
0"
#48420
0&
b10 '
1)
1"
#48430
0"
#48440
b11 '
1"
#48450
0"
#48460
b100 '
1"
#48470
0"
#48480
b101 '
1"
#48490
0"
#48500
0!
b110 '
0(
1"
0#
#48510
0"
#48520
b111 '
0)
1"
#48530
0"
#48540
b1000 '
1"
#48550
0"
#48560
b1001 '
1"
#48570
0"
#48580
b0 '
1"
#48590
0"
#48600
1&
1!
b1 '
1(
1"
1#
#48610
0"
#48620
0&
b10 '
1)
1"
#48630
0"
#48640
b11 '
1"
#48650
0"
#48660
b100 '
1"
#48670
0"
#48680
b101 '
1"
#48690
0"
#48700
0!
b110 '
0(
1"
0#
#48710
0"
#48720
b111 '
0)
1"
#48730
0"
#48740
b1000 '
1"
#48750
0"
#48760
b1001 '
1"
#48770
0"
#48780
b0 '
1"
#48790
0"
#48800
1&
1!
b1 '
1(
1"
1#
#48810
0"
#48820
0&
b10 '
1)
1"
#48830
0"
#48840
b11 '
1"
#48850
0"
#48860
b100 '
1"
#48870
0"
#48880
b101 '
1"
#48890
0"
#48900
0!
b110 '
0(
1"
0#
#48910
0"
#48920
b111 '
0)
1"
#48930
0"
#48940
b1000 '
1"
#48950
0"
#48960
b1001 '
1"
#48970
0"
#48980
b0 '
1"
#48990
0"
#49000
1&
1!
b1 '
1(
1"
1#
#49010
0"
#49020
0&
b10 '
1)
1"
#49030
0"
#49040
b11 '
1"
#49050
0"
#49060
b100 '
1"
#49070
0"
#49080
b101 '
1"
#49090
0"
#49100
0!
b110 '
0(
1"
0#
#49110
0"
#49120
b111 '
0)
1"
#49130
0"
#49140
b1000 '
1"
#49150
0"
#49160
b1001 '
1"
#49170
0"
#49180
b0 '
1"
#49190
0"
#49200
1&
1!
b1 '
1(
1"
1#
#49210
0"
#49220
0&
b10 '
1)
1"
#49230
0"
#49240
b11 '
1"
#49250
0"
#49260
b100 '
1"
#49270
0"
#49280
b101 '
1"
#49290
0"
#49300
0!
b110 '
0(
1"
0#
#49310
0"
#49320
b111 '
0)
1"
#49330
0"
#49340
b1000 '
1"
#49350
0"
#49360
b1001 '
1"
#49370
0"
#49380
b0 '
1"
#49390
0"
#49400
1&
1!
b1 '
1(
1"
1#
#49410
0"
#49420
0&
b10 '
1)
1"
#49430
0"
#49440
b11 '
1"
#49450
0"
#49460
b100 '
1"
#49470
0"
#49480
b101 '
1"
#49490
0"
#49500
0!
b110 '
0(
1"
0#
#49510
0"
#49520
b111 '
0)
1"
#49530
0"
#49540
b1000 '
1"
#49550
0"
#49560
b1001 '
1"
#49570
0"
#49580
b0 '
1"
#49590
0"
#49600
1&
1!
b1 '
1(
1"
1#
#49610
0"
#49620
0&
b10 '
1)
1"
#49630
0"
#49640
b11 '
1"
#49650
0"
#49660
b100 '
1"
#49670
0"
#49680
b101 '
1"
#49690
0"
#49700
0!
b110 '
0(
1"
0#
#49710
0"
#49720
b111 '
0)
1"
#49730
0"
#49740
b1000 '
1"
#49750
0"
#49760
b1001 '
1"
#49770
0"
#49780
b0 '
1"
#49790
0"
#49800
1&
1!
b1 '
1(
1"
1#
#49810
0"
#49820
0&
b10 '
1)
1"
#49830
0"
#49840
b11 '
1"
#49850
0"
#49860
b100 '
1"
#49870
0"
#49880
b101 '
1"
#49890
0"
#49900
0!
b110 '
0(
1"
0#
#49910
0"
#49920
b111 '
0)
1"
#49930
0"
#49940
b1000 '
1"
#49950
0"
#49960
b1001 '
1"
#49970
0"
#49980
b0 '
1"
#49990
0"
#50000
1&
1!
b1 '
1(
1"
1#
#50010
0"
#50020
0&
b10 '
1)
1"
#50030
0"
#50040
b11 '
1"
#50050
0"
#50060
b100 '
1"
#50070
0"
#50080
b101 '
1"
#50090
0"
#50100
0!
b110 '
0(
1"
0#
#50110
0"
#50120
b111 '
0)
1"
#50130
0"
#50140
b1000 '
1"
#50150
0"
#50160
b1001 '
1"
#50170
0"
#50180
b0 '
1"
#50190
0"
#50200
1&
1!
b1 '
1(
1"
1#
#50210
0"
#50220
0&
b10 '
1)
1"
#50230
0"
#50240
b11 '
1"
#50250
0"
#50260
b100 '
1"
#50270
0"
#50280
b101 '
1"
#50290
0"
#50300
0!
b110 '
0(
1"
0#
#50310
0"
#50320
b111 '
0)
1"
#50330
0"
#50340
b1000 '
1"
#50350
0"
#50360
b1001 '
1"
#50370
0"
#50380
b0 '
1"
#50390
0"
#50400
1&
1!
b1 '
1(
1"
1#
#50410
0"
#50420
0&
b10 '
1)
1"
#50430
0"
#50440
b11 '
1"
#50450
0"
#50460
b100 '
1"
#50470
0"
#50480
b101 '
1"
#50490
0"
#50500
0!
b110 '
0(
1"
0#
#50510
0"
#50520
b111 '
0)
1"
#50530
0"
#50540
b1000 '
1"
#50550
0"
#50560
b1001 '
1"
#50570
0"
#50580
b0 '
1"
#50590
0"
#50600
1&
1!
b1 '
1(
1"
1#
#50610
0"
#50620
0&
b10 '
1)
1"
#50630
0"
#50640
b11 '
1"
#50650
0"
#50660
b100 '
1"
#50670
0"
#50680
b101 '
1"
#50690
0"
#50700
0!
b110 '
0(
1"
0#
#50710
0"
#50720
b111 '
0)
1"
#50730
0"
#50740
b1000 '
1"
#50750
0"
#50760
b1001 '
1"
#50770
0"
#50780
b0 '
1"
#50790
0"
#50800
1&
1!
b1 '
1(
1"
1#
#50810
0"
#50820
0&
b10 '
1)
1"
#50830
0"
#50840
b11 '
1"
#50850
0"
#50860
b100 '
1"
#50870
0"
#50880
b101 '
1"
#50890
0"
#50900
0!
b110 '
0(
1"
0#
#50910
0"
#50920
b111 '
0)
1"
#50930
0"
#50940
b1000 '
1"
#50950
0"
#50960
b1001 '
1"
#50970
0"
#50980
b0 '
1"
#50990
0"
#51000
1&
1!
b1 '
1(
1"
1#
#51010
0"
#51020
0&
b10 '
1)
1"
#51030
0"
#51040
b11 '
1"
#51050
0"
#51060
b100 '
1"
#51070
0"
#51080
b101 '
1"
#51090
0"
#51100
0!
b110 '
0(
1"
0#
#51110
0"
#51120
b111 '
0)
1"
#51130
0"
#51140
b1000 '
1"
#51150
0"
#51160
b1001 '
1"
#51170
0"
#51180
b0 '
1"
#51190
0"
#51200
1&
1!
b1 '
1(
1"
1#
#51210
0"
#51220
0&
b10 '
1)
1"
#51230
0"
#51240
b11 '
1"
#51250
0"
#51260
b100 '
1"
#51270
0"
#51280
b101 '
1"
#51290
0"
#51300
0!
b110 '
0(
1"
0#
#51310
0"
#51320
b111 '
0)
1"
#51330
0"
#51340
b1000 '
1"
#51350
0"
#51360
b1001 '
1"
#51370
0"
#51380
b0 '
1"
#51390
0"
#51400
1&
1!
b1 '
1(
1"
1#
#51410
0"
#51420
0&
b10 '
1)
1"
#51430
0"
#51440
b11 '
1"
#51450
0"
#51460
b100 '
1"
#51470
0"
#51480
b101 '
1"
#51490
0"
#51500
0!
b110 '
0(
1"
0#
#51510
0"
#51520
b111 '
0)
1"
#51530
0"
#51540
b1000 '
1"
#51550
0"
#51560
b1001 '
1"
#51570
0"
#51580
b0 '
1"
#51590
0"
#51600
1&
1!
b1 '
1(
1"
1#
#51610
0"
#51620
0&
b10 '
1)
1"
#51630
0"
#51640
b11 '
1"
#51650
0"
#51660
b100 '
1"
#51670
0"
#51680
b101 '
1"
#51690
0"
#51700
0!
b110 '
0(
1"
0#
#51710
0"
#51720
b111 '
0)
1"
#51730
0"
#51740
b1000 '
1"
#51750
0"
#51760
b1001 '
1"
#51770
0"
#51780
b0 '
1"
#51790
0"
#51800
1&
1!
b1 '
1(
1"
1#
#51810
0"
#51820
0&
b10 '
1)
1"
#51830
0"
#51840
b11 '
1"
#51850
0"
#51860
b100 '
1"
#51870
0"
#51880
b101 '
1"
#51890
0"
#51900
0!
b110 '
0(
1"
0#
#51910
0"
#51920
b111 '
0)
1"
#51930
0"
#51940
b1000 '
1"
#51950
0"
#51960
b1001 '
1"
#51970
0"
#51980
b0 '
1"
#51990
0"
#52000
1&
1!
b1 '
1(
1"
1#
#52010
0"
#52020
0&
b10 '
1)
1"
#52030
0"
#52040
b11 '
1"
#52050
0"
#52060
b100 '
1"
#52070
0"
#52080
b101 '
1"
#52090
0"
#52100
0!
b110 '
0(
1"
0#
#52110
0"
#52120
b111 '
0)
1"
#52130
0"
#52140
b1000 '
1"
#52150
0"
#52160
b1001 '
1"
#52170
0"
#52180
b0 '
1"
#52190
0"
#52200
1&
1!
b1 '
1(
1"
1#
#52210
0"
#52220
0&
b10 '
1)
1"
#52230
0"
#52240
b11 '
1"
#52250
0"
#52260
b100 '
1"
#52270
0"
#52280
b101 '
1"
#52290
0"
#52300
0!
b110 '
0(
1"
0#
#52310
0"
#52320
b111 '
0)
1"
#52330
0"
#52340
b1000 '
1"
#52350
0"
#52360
b1001 '
1"
#52370
0"
#52380
b0 '
1"
#52390
0"
#52400
1&
1!
b1 '
1(
1"
1#
#52410
0"
#52420
0&
b10 '
1)
1"
#52430
0"
#52440
b11 '
1"
#52450
0"
#52460
b100 '
1"
#52470
0"
#52480
b101 '
1"
#52490
0"
#52500
0!
b110 '
0(
1"
0#
#52510
0"
#52520
b111 '
0)
1"
#52530
0"
#52540
b1000 '
1"
#52550
0"
#52560
b1001 '
1"
#52570
0"
#52580
b0 '
1"
#52590
0"
#52600
1&
1!
b1 '
1(
1"
1#
#52610
0"
#52620
0&
b10 '
1)
1"
#52630
0"
#52640
b11 '
1"
#52650
0"
#52660
b100 '
1"
#52670
0"
#52680
b101 '
1"
#52690
0"
#52700
0!
b110 '
0(
1"
0#
#52710
0"
#52720
b111 '
0)
1"
#52730
0"
#52740
b1000 '
1"
#52750
0"
#52760
b1001 '
1"
#52770
0"
#52780
b0 '
1"
#52790
0"
#52800
1&
1!
b1 '
1(
1"
1#
#52810
0"
#52820
0&
b10 '
1)
1"
#52830
0"
#52840
b11 '
1"
#52850
0"
#52860
b100 '
1"
#52870
0"
#52880
b101 '
1"
#52890
0"
#52900
0!
b110 '
0(
1"
0#
#52910
0"
#52920
b111 '
0)
1"
#52930
0"
#52940
b1000 '
1"
#52950
0"
#52960
b1001 '
1"
#52970
0"
#52980
b0 '
1"
#52990
0"
#53000
1&
1!
b1 '
1(
1"
1#
#53010
0"
#53020
0&
b10 '
1)
1"
#53030
0"
#53040
b11 '
1"
#53050
0"
#53060
b100 '
1"
#53070
0"
#53080
b101 '
1"
#53090
0"
#53100
0!
b110 '
0(
1"
0#
#53110
0"
#53120
b111 '
0)
1"
#53130
0"
#53140
b1000 '
1"
#53150
0"
#53160
b1001 '
1"
#53170
0"
#53180
b0 '
1"
#53190
0"
#53200
1&
1!
b1 '
1(
1"
1#
#53210
0"
#53220
0&
b10 '
1)
1"
#53230
0"
#53240
b11 '
1"
#53250
0"
#53260
b100 '
1"
#53270
0"
#53280
b101 '
1"
#53290
0"
#53300
0!
b110 '
0(
1"
0#
#53310
0"
#53320
b111 '
0)
1"
#53330
0"
#53340
b1000 '
1"
#53350
0"
#53360
b1001 '
1"
#53370
0"
#53380
b0 '
1"
#53390
0"
#53400
1&
1!
b1 '
1(
1"
1#
#53410
0"
#53420
0&
b10 '
1)
1"
#53430
0"
#53440
b11 '
1"
#53450
0"
#53460
b100 '
1"
#53470
0"
#53480
b101 '
1"
#53490
0"
#53500
0!
b110 '
0(
1"
0#
#53510
0"
#53520
b111 '
0)
1"
#53530
0"
#53540
b1000 '
1"
#53550
0"
#53560
b1001 '
1"
#53570
0"
#53580
b0 '
1"
#53590
0"
#53600
1&
1!
b1 '
1(
1"
1#
#53610
0"
#53620
0&
b10 '
1)
1"
#53630
0"
#53640
b11 '
1"
#53650
0"
#53660
b100 '
1"
#53670
0"
#53680
b101 '
1"
#53690
0"
#53700
0!
b110 '
0(
1"
0#
#53710
0"
#53720
b111 '
0)
1"
#53730
0"
#53740
b1000 '
1"
#53750
0"
#53760
b1001 '
1"
#53770
0"
#53780
b0 '
1"
#53790
0"
#53800
1&
1!
b1 '
1(
1"
1#
#53810
0"
#53820
0&
b10 '
1)
1"
#53830
0"
#53840
b11 '
1"
#53850
0"
#53860
b100 '
1"
#53870
0"
#53880
b101 '
1"
#53890
0"
#53900
0!
b110 '
0(
1"
0#
#53910
0"
#53920
b111 '
0)
1"
#53930
0"
#53940
b1000 '
1"
#53950
0"
#53960
b1001 '
1"
#53970
0"
#53980
b0 '
1"
#53990
0"
#54000
1&
1!
b1 '
1(
1"
1#
#54010
0"
#54020
0&
b10 '
1)
1"
#54030
0"
#54040
b11 '
1"
#54050
0"
#54060
b100 '
1"
#54070
0"
#54080
b101 '
1"
#54090
0"
#54100
0!
b110 '
0(
1"
0#
#54110
0"
#54120
b111 '
0)
1"
#54130
0"
#54140
b1000 '
1"
#54150
0"
#54160
b1001 '
1"
#54170
0"
#54180
b0 '
1"
#54190
0"
#54200
1&
1!
b1 '
1(
1"
1#
#54210
0"
#54220
0&
b10 '
1)
1"
#54230
0"
#54240
b11 '
1"
#54250
0"
#54260
b100 '
1"
#54270
0"
#54280
b101 '
1"
#54290
0"
#54300
0!
b110 '
0(
1"
0#
#54310
0"
#54320
b111 '
0)
1"
#54330
0"
#54340
b1000 '
1"
#54350
0"
#54360
b1001 '
1"
#54370
0"
#54380
b0 '
1"
#54390
0"
#54400
1&
1!
b1 '
1(
1"
1#
#54410
0"
#54420
0&
b10 '
1)
1"
#54430
0"
#54440
b11 '
1"
#54450
0"
#54460
b100 '
1"
#54470
0"
#54480
b101 '
1"
#54490
0"
#54500
0!
b110 '
0(
1"
0#
#54510
0"
#54520
b111 '
0)
1"
#54530
0"
#54540
b1000 '
1"
#54550
0"
#54560
b1001 '
1"
#54570
0"
#54580
b0 '
1"
#54590
0"
#54600
1&
1!
b1 '
1(
1"
1#
#54610
0"
#54620
0&
b10 '
1)
1"
#54630
0"
#54640
b11 '
1"
#54650
0"
#54660
b100 '
1"
#54670
0"
#54680
b101 '
1"
#54690
0"
#54700
0!
b110 '
0(
1"
0#
#54710
0"
#54720
b111 '
0)
1"
#54730
0"
#54740
b1000 '
1"
#54750
0"
#54760
b1001 '
1"
#54770
0"
#54780
b0 '
1"
#54790
0"
#54800
1&
1!
b1 '
1(
1"
1#
#54810
0"
#54820
0&
b10 '
1)
1"
#54830
0"
#54840
b11 '
1"
#54850
0"
#54860
b100 '
1"
#54870
0"
#54880
b101 '
1"
#54890
0"
#54900
0!
b110 '
0(
1"
0#
#54910
0"
#54920
b111 '
0)
1"
#54930
0"
#54940
b1000 '
1"
#54950
0"
#54960
b1001 '
1"
#54970
0"
#54980
b0 '
1"
#54990
0"
#55000
1&
1!
b1 '
1(
1"
1#
#55010
0"
#55020
0&
b10 '
1)
1"
#55030
0"
#55040
b11 '
1"
#55050
0"
#55060
b100 '
1"
#55070
0"
#55080
b101 '
1"
#55090
0"
#55100
0!
b110 '
0(
1"
0#
#55110
0"
#55120
b111 '
0)
1"
#55130
0"
#55140
b1000 '
1"
#55150
0"
#55160
b1001 '
1"
#55170
0"
#55180
b0 '
1"
#55190
0"
#55200
1&
1!
b1 '
1(
1"
1#
#55210
0"
#55220
0&
b10 '
1)
1"
#55230
0"
#55240
b11 '
1"
#55250
0"
#55260
b100 '
1"
#55270
0"
#55280
b101 '
1"
#55290
0"
#55300
0!
b110 '
0(
1"
0#
#55310
0"
#55320
b111 '
0)
1"
#55330
0"
#55340
b1000 '
1"
#55350
0"
#55360
b1001 '
1"
#55370
0"
#55380
b0 '
1"
#55390
0"
#55400
1&
1!
b1 '
1(
1"
1#
#55410
0"
#55420
0&
b10 '
1)
1"
#55430
0"
#55440
b11 '
1"
#55450
0"
#55460
b100 '
1"
#55470
0"
#55480
b101 '
1"
#55490
0"
#55500
0!
b110 '
0(
1"
0#
#55510
0"
#55520
b111 '
0)
1"
#55530
0"
#55540
b1000 '
1"
#55550
0"
#55560
b1001 '
1"
#55570
0"
#55580
b0 '
1"
#55590
0"
#55600
1&
1!
b1 '
1(
1"
1#
#55610
0"
#55620
0&
b10 '
1)
1"
#55630
0"
#55640
b11 '
1"
#55650
0"
#55660
b100 '
1"
#55670
0"
#55680
b101 '
1"
#55690
0"
#55700
0!
b110 '
0(
1"
0#
#55710
0"
#55720
b111 '
0)
1"
#55730
0"
#55740
b1000 '
1"
#55750
0"
#55760
b1001 '
1"
#55770
0"
#55780
b0 '
1"
#55790
0"
#55800
1&
1!
b1 '
1(
1"
1#
#55810
0"
#55820
0&
b10 '
1)
1"
#55830
0"
#55840
b11 '
1"
#55850
0"
#55860
b100 '
1"
#55870
0"
#55880
b101 '
1"
#55890
0"
#55900
0!
b110 '
0(
1"
0#
#55910
0"
#55920
b111 '
0)
1"
#55930
0"
#55940
b1000 '
1"
#55950
0"
#55960
b1001 '
1"
#55970
0"
#55980
b0 '
1"
#55990
0"
#56000
1&
1!
b1 '
1(
1"
1#
#56010
0"
#56020
0&
b10 '
1)
1"
#56030
0"
#56040
b11 '
1"
#56050
0"
#56060
b100 '
1"
#56070
0"
#56080
b101 '
1"
#56090
0"
#56100
0!
b110 '
0(
1"
0#
#56110
0"
#56120
b111 '
0)
1"
#56130
0"
#56140
b1000 '
1"
#56150
0"
#56160
b1001 '
1"
#56170
0"
#56180
b0 '
1"
#56190
0"
#56200
1&
1!
b1 '
1(
1"
1#
#56210
0"
#56220
0&
b10 '
1)
1"
#56230
0"
#56240
b11 '
1"
#56250
0"
#56260
b100 '
1"
#56270
0"
#56280
b101 '
1"
#56290
0"
#56300
0!
b110 '
0(
1"
0#
#56310
0"
#56320
b111 '
0)
1"
#56330
0"
#56340
b1000 '
1"
#56350
0"
#56360
b1001 '
1"
#56370
0"
#56380
b0 '
1"
#56390
0"
#56400
1&
1!
b1 '
1(
1"
1#
#56410
0"
#56420
0&
b10 '
1)
1"
#56430
0"
#56440
b11 '
1"
#56450
0"
#56460
b100 '
1"
#56470
0"
#56480
b101 '
1"
#56490
0"
#56500
0!
b110 '
0(
1"
0#
#56510
0"
#56520
b111 '
0)
1"
#56530
0"
#56540
b1000 '
1"
#56550
0"
#56560
b1001 '
1"
#56570
0"
#56580
b0 '
1"
#56590
0"
#56600
1&
1!
b1 '
1(
1"
1#
#56610
0"
#56620
0&
b10 '
1)
1"
#56630
0"
#56640
b11 '
1"
#56650
0"
#56660
b100 '
1"
#56670
0"
#56680
b101 '
1"
#56690
0"
#56700
0!
b110 '
0(
1"
0#
#56710
0"
#56720
b111 '
0)
1"
#56730
0"
#56740
b1000 '
1"
#56750
0"
#56760
b1001 '
1"
#56770
0"
#56780
b0 '
1"
#56790
0"
#56800
1&
1!
b1 '
1(
1"
1#
#56810
0"
#56820
0&
b10 '
1)
1"
#56830
0"
#56840
b11 '
1"
#56850
0"
#56860
b100 '
1"
#56870
0"
#56880
b101 '
1"
#56890
0"
#56900
0!
b110 '
0(
1"
0#
#56910
0"
#56920
b111 '
0)
1"
#56930
0"
#56940
b1000 '
1"
#56950
0"
#56960
b1001 '
1"
#56970
0"
#56980
b0 '
1"
#56990
0"
#57000
1&
1!
b1 '
1(
1"
1#
#57010
0"
#57020
0&
b10 '
1)
1"
#57030
0"
#57040
b11 '
1"
#57050
0"
#57060
b100 '
1"
#57070
0"
#57080
b101 '
1"
#57090
0"
#57100
0!
b110 '
0(
1"
0#
#57110
0"
#57120
b111 '
0)
1"
#57130
0"
#57140
b1000 '
1"
#57150
0"
#57160
b1001 '
1"
#57170
0"
#57180
b0 '
1"
#57190
0"
#57200
1&
1!
b1 '
1(
1"
1#
#57210
0"
#57220
0&
b10 '
1)
1"
#57230
0"
#57240
b11 '
1"
#57250
0"
#57260
b100 '
1"
#57270
0"
#57280
b101 '
1"
#57290
0"
#57300
0!
b110 '
0(
1"
0#
#57310
0"
#57320
b111 '
0)
1"
#57330
0"
#57340
b1000 '
1"
#57350
0"
#57360
b1001 '
1"
#57370
0"
#57380
b0 '
1"
#57390
0"
#57400
1&
1!
b1 '
1(
1"
1#
#57410
0"
#57420
0&
b10 '
1)
1"
#57430
0"
#57440
b11 '
1"
#57450
0"
#57460
b100 '
1"
#57470
0"
#57480
b101 '
1"
#57490
0"
#57500
0!
b110 '
0(
1"
0#
#57510
0"
#57520
b111 '
0)
1"
#57530
0"
#57540
b1000 '
1"
#57550
0"
#57560
b1001 '
1"
#57570
0"
#57580
b0 '
1"
#57590
0"
#57600
1&
1!
b1 '
1(
1"
1#
#57610
0"
#57620
0&
b10 '
1)
1"
#57630
0"
#57640
b11 '
1"
#57650
0"
#57660
b100 '
1"
#57670
0"
#57680
b101 '
1"
#57690
0"
#57700
0!
b110 '
0(
1"
0#
#57710
0"
#57720
b111 '
0)
1"
#57730
0"
#57740
b1000 '
1"
#57750
0"
#57760
b1001 '
1"
#57770
0"
#57780
b0 '
1"
#57790
0"
#57800
1&
1!
b1 '
1(
1"
1#
#57810
0"
#57820
0&
b10 '
1)
1"
#57830
0"
#57840
b11 '
1"
#57850
0"
#57860
b100 '
1"
#57870
0"
#57880
b101 '
1"
#57890
0"
#57900
0!
b110 '
0(
1"
0#
#57910
0"
#57920
b111 '
0)
1"
#57930
0"
#57940
b1000 '
1"
#57950
0"
#57960
b1001 '
1"
#57970
0"
#57980
b0 '
1"
#57990
0"
#58000
1&
1!
b1 '
1(
1"
1#
#58010
0"
#58020
0&
b10 '
1)
1"
#58030
0"
#58040
b11 '
1"
#58050
0"
#58060
b100 '
1"
#58070
0"
#58080
b101 '
1"
#58090
0"
#58100
0!
b110 '
0(
1"
0#
#58110
0"
#58120
b111 '
0)
1"
#58130
0"
#58140
b1000 '
1"
#58150
0"
#58160
b1001 '
1"
#58170
0"
#58180
b0 '
1"
#58190
0"
#58200
1&
1!
b1 '
1(
1"
1#
#58210
0"
#58220
0&
b10 '
1)
1"
#58230
0"
#58240
b11 '
1"
#58250
0"
#58260
b100 '
1"
#58270
0"
#58280
b101 '
1"
#58290
0"
#58300
0!
b110 '
0(
1"
0#
#58310
0"
#58320
b111 '
0)
1"
#58330
0"
#58340
b1000 '
1"
#58350
0"
#58360
b1001 '
1"
#58370
0"
#58380
b0 '
1"
#58390
0"
#58400
1&
1!
b1 '
1(
1"
1#
#58410
0"
#58420
0&
b10 '
1)
1"
#58430
0"
#58440
b11 '
1"
#58450
0"
#58460
b100 '
1"
#58470
0"
#58480
b101 '
1"
#58490
0"
#58500
0!
b110 '
0(
1"
0#
#58510
0"
#58520
b111 '
0)
1"
#58530
0"
#58540
b1000 '
1"
#58550
0"
#58560
b1001 '
1"
#58570
0"
#58580
b0 '
1"
#58590
0"
#58600
1&
1!
b1 '
1(
1"
1#
#58610
0"
#58620
0&
b10 '
1)
1"
#58630
0"
#58640
b11 '
1"
#58650
0"
#58660
b100 '
1"
#58670
0"
#58680
b101 '
1"
#58690
0"
#58700
0!
b110 '
0(
1"
0#
#58710
0"
#58720
b111 '
0)
1"
#58730
0"
#58740
b1000 '
1"
#58750
0"
#58760
b1001 '
1"
#58770
0"
#58780
b0 '
1"
#58790
0"
#58800
1&
1!
b1 '
1(
1"
1#
#58810
0"
#58820
0&
b10 '
1)
1"
#58830
0"
#58840
b11 '
1"
#58850
0"
#58860
b100 '
1"
#58870
0"
#58880
b101 '
1"
#58890
0"
#58900
0!
b110 '
0(
1"
0#
#58910
0"
#58920
b111 '
0)
1"
#58930
0"
#58940
b1000 '
1"
#58950
0"
#58960
b1001 '
1"
#58970
0"
#58980
b0 '
1"
#58990
0"
#59000
1&
1!
b1 '
1(
1"
1#
#59010
0"
#59020
0&
b10 '
1)
1"
#59030
0"
#59040
b11 '
1"
#59050
0"
#59060
b100 '
1"
#59070
0"
#59080
b101 '
1"
#59090
0"
#59100
0!
b110 '
0(
1"
0#
#59110
0"
#59120
b111 '
0)
1"
#59130
0"
#59140
b1000 '
1"
#59150
0"
#59160
b1001 '
1"
#59170
0"
#59180
b0 '
1"
#59190
0"
#59200
1&
1!
b1 '
1(
1"
1#
#59210
0"
#59220
0&
b10 '
1)
1"
#59230
0"
#59240
b11 '
1"
#59250
0"
#59260
b100 '
1"
#59270
0"
#59280
b101 '
1"
#59290
0"
#59300
0!
b110 '
0(
1"
0#
#59310
0"
#59320
b111 '
0)
1"
#59330
0"
#59340
b1000 '
1"
#59350
0"
#59360
b1001 '
1"
#59370
0"
#59380
b0 '
1"
#59390
0"
#59400
1&
1!
b1 '
1(
1"
1#
#59410
0"
#59420
0&
b10 '
1)
1"
#59430
0"
#59440
b11 '
1"
#59450
0"
#59460
b100 '
1"
#59470
0"
#59480
b101 '
1"
#59490
0"
#59500
0!
b110 '
0(
1"
0#
#59510
0"
#59520
b111 '
0)
1"
#59530
0"
#59540
b1000 '
1"
#59550
0"
#59560
b1001 '
1"
#59570
0"
#59580
b0 '
1"
#59590
0"
#59600
1&
1!
b1 '
1(
1"
1#
#59610
0"
#59620
0&
b10 '
1)
1"
#59630
0"
#59640
b11 '
1"
#59650
0"
#59660
b100 '
1"
#59670
0"
#59680
b101 '
1"
#59690
0"
#59700
0!
b110 '
0(
1"
0#
#59710
0"
#59720
b111 '
0)
1"
#59730
0"
#59740
b1000 '
1"
#59750
0"
#59760
b1001 '
1"
#59770
0"
#59780
b0 '
1"
#59790
0"
#59800
1&
1!
b1 '
1(
1"
1#
#59810
0"
#59820
0&
b10 '
1)
1"
#59830
0"
#59840
b11 '
1"
#59850
0"
#59860
b100 '
1"
#59870
0"
#59880
b101 '
1"
#59890
0"
#59900
0!
b110 '
0(
1"
0#
#59910
0"
#59920
b111 '
0)
1"
#59930
0"
#59940
b1000 '
1"
#59950
0"
#59960
b1001 '
1"
#59970
0"
#59980
b0 '
1"
#59990
0"
#60000
1&
1!
b1 '
1(
1"
1#
#60010
0"
#60020
0&
b10 '
1)
1"
#60030
0"
#60040
b11 '
1"
#60050
0"
#60060
b100 '
1"
#60070
0"
#60080
b101 '
1"
#60090
0"
#60100
0!
b110 '
0(
1"
0#
#60110
0"
#60120
b111 '
0)
1"
#60130
0"
#60140
b1000 '
1"
#60150
0"
#60160
b1001 '
1"
#60170
0"
#60180
b0 '
1"
#60190
0"
#60200
1&
1!
b1 '
1(
1"
1#
#60210
0"
#60220
0&
b10 '
1)
1"
#60230
0"
#60240
b11 '
1"
#60250
0"
#60260
b100 '
1"
#60270
0"
#60280
b101 '
1"
#60290
0"
#60300
0!
b110 '
0(
1"
0#
#60310
0"
#60320
b111 '
0)
1"
#60330
0"
#60340
b1000 '
1"
#60350
0"
#60360
b1001 '
1"
#60370
0"
#60380
b0 '
1"
#60390
0"
#60400
1&
1!
b1 '
1(
1"
1#
#60410
0"
#60420
0&
b10 '
1)
1"
#60430
0"
#60440
b11 '
1"
#60450
0"
#60460
b100 '
1"
#60470
0"
#60480
b101 '
1"
#60490
0"
#60500
0!
b110 '
0(
1"
0#
#60510
0"
#60520
b111 '
0)
1"
#60530
0"
#60540
b1000 '
1"
#60550
0"
#60560
b1001 '
1"
#60570
0"
#60580
b0 '
1"
#60590
0"
#60600
1&
1!
b1 '
1(
1"
1#
#60610
0"
#60620
0&
b10 '
1)
1"
#60630
0"
#60640
b11 '
1"
#60650
0"
#60660
b100 '
1"
#60670
0"
#60680
b101 '
1"
#60690
0"
#60700
0!
b110 '
0(
1"
0#
#60710
0"
#60720
b111 '
0)
1"
#60730
0"
#60740
b1000 '
1"
#60750
0"
#60760
b1001 '
1"
#60770
0"
#60780
b0 '
1"
#60790
0"
#60800
1&
1!
b1 '
1(
1"
1#
#60810
0"
#60820
0&
b10 '
1)
1"
#60830
0"
#60840
b11 '
1"
#60850
0"
#60860
b100 '
1"
#60870
0"
#60880
b101 '
1"
#60890
0"
#60900
0!
b110 '
0(
1"
0#
#60910
0"
#60920
b111 '
0)
1"
#60930
0"
#60940
b1000 '
1"
#60950
0"
#60960
b1001 '
1"
#60970
0"
#60980
b0 '
1"
#60990
0"
#61000
1&
1!
b1 '
1(
1"
1#
#61010
0"
#61020
0&
b10 '
1)
1"
#61030
0"
#61040
b11 '
1"
#61050
0"
#61060
b100 '
1"
#61070
0"
#61080
b101 '
1"
#61090
0"
#61100
0!
b110 '
0(
1"
0#
#61110
0"
#61120
b111 '
0)
1"
#61130
0"
#61140
b1000 '
1"
#61150
0"
#61160
b1001 '
1"
#61170
0"
#61180
b0 '
1"
#61190
0"
#61200
1&
1!
b1 '
1(
1"
1#
#61210
0"
#61220
0&
b10 '
1)
1"
#61230
0"
#61240
b11 '
1"
#61250
0"
#61260
b100 '
1"
#61270
0"
#61280
b101 '
1"
#61290
0"
#61300
0!
b110 '
0(
1"
0#
#61310
0"
#61320
b111 '
0)
1"
#61330
0"
#61340
b1000 '
1"
#61350
0"
#61360
b1001 '
1"
#61370
0"
#61380
b0 '
1"
#61390
0"
#61400
1&
1!
b1 '
1(
1"
1#
#61410
0"
#61420
0&
b10 '
1)
1"
#61430
0"
#61440
b11 '
1"
#61450
0"
#61460
b100 '
1"
#61470
0"
#61480
b101 '
1"
#61490
0"
#61500
0!
b110 '
0(
1"
0#
#61510
0"
#61520
b111 '
0)
1"
#61530
0"
#61540
b1000 '
1"
#61550
0"
#61560
b1001 '
1"
#61570
0"
#61580
b0 '
1"
#61590
0"
#61600
1&
1!
b1 '
1(
1"
1#
#61610
0"
#61620
0&
b10 '
1)
1"
#61630
0"
#61640
b11 '
1"
#61650
0"
#61660
b100 '
1"
#61670
0"
#61680
b101 '
1"
#61690
0"
#61700
0!
b110 '
0(
1"
0#
#61710
0"
#61720
b111 '
0)
1"
#61730
0"
#61740
b1000 '
1"
#61750
0"
#61760
b1001 '
1"
#61770
0"
#61780
b0 '
1"
#61790
0"
#61800
1&
1!
b1 '
1(
1"
1#
#61810
0"
#61820
0&
b10 '
1)
1"
#61830
0"
#61840
b11 '
1"
#61850
0"
#61860
b100 '
1"
#61870
0"
#61880
b101 '
1"
#61890
0"
#61900
0!
b110 '
0(
1"
0#
#61910
0"
#61920
b111 '
0)
1"
#61930
0"
#61940
b1000 '
1"
#61950
0"
#61960
b1001 '
1"
#61970
0"
#61980
b0 '
1"
#61990
0"
#62000
1&
1!
b1 '
1(
1"
1#
#62010
0"
#62020
0&
b10 '
1)
1"
#62030
0"
#62040
b11 '
1"
#62050
0"
#62060
b100 '
1"
#62070
0"
#62080
b101 '
1"
#62090
0"
#62100
0!
b110 '
0(
1"
0#
#62110
0"
#62120
b111 '
0)
1"
#62130
0"
#62140
b1000 '
1"
#62150
0"
#62160
b1001 '
1"
#62170
0"
#62180
b0 '
1"
#62190
0"
#62200
1&
1!
b1 '
1(
1"
1#
#62210
0"
#62220
0&
b10 '
1)
1"
#62230
0"
#62240
b11 '
1"
#62250
0"
#62260
b100 '
1"
#62270
0"
#62280
b101 '
1"
#62290
0"
#62300
0!
b110 '
0(
1"
0#
#62310
0"
#62320
b111 '
0)
1"
#62330
0"
#62340
b1000 '
1"
#62350
0"
#62360
b1001 '
1"
#62370
0"
#62380
b0 '
1"
#62390
0"
#62400
1&
1!
b1 '
1(
1"
1#
#62410
0"
#62420
0&
b10 '
1)
1"
#62430
0"
#62440
b11 '
1"
#62450
0"
#62460
b100 '
1"
#62470
0"
#62480
b101 '
1"
#62490
0"
#62500
0!
b110 '
0(
1"
0#
#62510
0"
#62520
b111 '
0)
1"
#62530
0"
#62540
b1000 '
1"
#62550
0"
#62560
b1001 '
1"
#62570
0"
#62580
b0 '
1"
#62590
0"
#62600
1&
1!
b1 '
1(
1"
1#
#62610
0"
#62620
0&
b10 '
1)
1"
#62630
0"
#62640
b11 '
1"
#62650
0"
#62660
b100 '
1"
#62670
0"
#62680
b101 '
1"
#62690
0"
#62700
0!
b110 '
0(
1"
0#
#62710
0"
#62720
b111 '
0)
1"
#62730
0"
#62740
b1000 '
1"
#62750
0"
#62760
b1001 '
1"
#62770
0"
#62780
b0 '
1"
#62790
0"
#62800
1&
1!
b1 '
1(
1"
1#
#62810
0"
#62820
0&
b10 '
1)
1"
#62830
0"
#62840
b11 '
1"
#62850
0"
#62860
b100 '
1"
#62870
0"
#62880
b101 '
1"
#62890
0"
#62900
0!
b110 '
0(
1"
0#
#62910
0"
#62920
b111 '
0)
1"
#62930
0"
#62940
b1000 '
1"
#62950
0"
#62960
b1001 '
1"
#62970
0"
#62980
b0 '
1"
#62990
0"
#63000
1&
1!
b1 '
1(
1"
1#
#63010
0"
#63020
0&
b10 '
1)
1"
#63030
0"
#63040
b11 '
1"
#63050
0"
#63060
b100 '
1"
#63070
0"
#63080
b101 '
1"
#63090
0"
#63100
0!
b110 '
0(
1"
0#
#63110
0"
#63120
b111 '
0)
1"
#63130
0"
#63140
b1000 '
1"
#63150
0"
#63160
b1001 '
1"
#63170
0"
#63180
b0 '
1"
#63190
0"
#63200
1&
1!
b1 '
1(
1"
1#
#63210
0"
#63220
0&
b10 '
1)
1"
#63230
0"
#63240
b11 '
1"
#63250
0"
#63260
b100 '
1"
#63270
0"
#63280
b101 '
1"
#63290
0"
#63300
0!
b110 '
0(
1"
0#
#63310
0"
#63320
b111 '
0)
1"
#63330
0"
#63340
b1000 '
1"
#63350
0"
#63360
b1001 '
1"
#63370
0"
#63380
b0 '
1"
#63390
0"
#63400
1&
1!
b1 '
1(
1"
1#
#63410
0"
#63420
0&
b10 '
1)
1"
#63430
0"
#63440
b11 '
1"
#63450
0"
#63460
b100 '
1"
#63470
0"
#63480
b101 '
1"
#63490
0"
#63500
0!
b110 '
0(
1"
0#
#63510
0"
#63520
b111 '
0)
1"
#63530
0"
#63540
b1000 '
1"
#63550
0"
#63560
b1001 '
1"
#63570
0"
#63580
b0 '
1"
#63590
0"
#63600
1&
1!
b1 '
1(
1"
1#
#63610
0"
#63620
0&
b10 '
1)
1"
#63630
0"
#63640
b11 '
1"
#63650
0"
#63660
b100 '
1"
#63670
0"
#63680
b101 '
1"
#63690
0"
#63700
0!
b110 '
0(
1"
0#
#63710
0"
#63720
b111 '
0)
1"
#63730
0"
#63740
b1000 '
1"
#63750
0"
#63760
b1001 '
1"
#63770
0"
#63780
b0 '
1"
#63790
0"
#63800
1&
1!
b1 '
1(
1"
1#
#63810
0"
#63820
0&
b10 '
1)
1"
#63830
0"
#63840
b11 '
1"
#63850
0"
#63860
b100 '
1"
#63870
0"
#63880
b101 '
1"
#63890
0"
#63900
0!
b110 '
0(
1"
0#
#63910
0"
#63920
b111 '
0)
1"
#63930
0"
#63940
b1000 '
1"
#63950
0"
#63960
b1001 '
1"
#63970
0"
#63980
b0 '
1"
#63990
0"
#64000
1&
1!
b1 '
1(
1"
1#
#64010
0"
#64020
0&
b10 '
1)
1"
#64030
0"
#64040
b11 '
1"
#64050
0"
#64060
b100 '
1"
#64070
0"
#64080
b101 '
1"
#64090
0"
#64100
0!
b110 '
0(
1"
0#
#64110
0"
#64120
b111 '
0)
1"
#64130
0"
#64140
b1000 '
1"
#64150
0"
#64160
b1001 '
1"
#64170
0"
#64180
b0 '
1"
#64190
0"
#64200
1&
1!
b1 '
1(
1"
1#
#64210
0"
#64220
0&
b10 '
1)
1"
#64230
0"
#64240
b11 '
1"
#64250
0"
#64260
b100 '
1"
#64270
0"
#64280
b101 '
1"
#64290
0"
#64300
0!
b110 '
0(
1"
0#
#64310
0"
#64320
b111 '
0)
1"
#64330
0"
#64340
b1000 '
1"
#64350
0"
#64360
b1001 '
1"
#64370
0"
#64380
b0 '
1"
#64390
0"
#64400
1&
1!
b1 '
1(
1"
1#
#64410
0"
#64420
0&
b10 '
1)
1"
#64430
0"
#64440
b11 '
1"
#64450
0"
#64460
b100 '
1"
#64470
0"
#64480
b101 '
1"
#64490
0"
#64500
0!
b110 '
0(
1"
0#
#64510
0"
#64520
b111 '
0)
1"
#64530
0"
#64540
b1000 '
1"
#64550
0"
#64560
b1001 '
1"
#64570
0"
#64580
b0 '
1"
#64590
0"
#64600
1&
1!
b1 '
1(
1"
1#
#64610
0"
#64620
0&
b10 '
1)
1"
#64630
0"
#64640
b11 '
1"
#64650
0"
#64660
b100 '
1"
#64670
0"
#64680
b101 '
1"
#64690
0"
#64700
0!
b110 '
0(
1"
0#
#64710
0"
#64720
b111 '
0)
1"
#64730
0"
#64740
b1000 '
1"
#64750
0"
#64760
b1001 '
1"
#64770
0"
#64780
b0 '
1"
#64790
0"
#64800
1&
1!
b1 '
1(
1"
1#
#64810
0"
#64820
0&
b10 '
1)
1"
#64830
0"
#64840
b11 '
1"
#64850
0"
#64860
b100 '
1"
#64870
0"
#64880
b101 '
1"
#64890
0"
#64900
0!
b110 '
0(
1"
0#
#64910
0"
#64920
b111 '
0)
1"
#64930
0"
#64940
b1000 '
1"
#64950
0"
#64960
b1001 '
1"
#64970
0"
#64980
b0 '
1"
#64990
0"
#65000
1&
1!
b1 '
1(
1"
1#
#65010
0"
#65020
0&
b10 '
1)
1"
#65030
0"
#65040
b11 '
1"
#65050
0"
#65060
b100 '
1"
#65070
0"
#65080
b101 '
1"
#65090
0"
#65100
0!
b110 '
0(
1"
0#
#65110
0"
#65120
b111 '
0)
1"
#65130
0"
#65140
b1000 '
1"
#65150
0"
#65160
b1001 '
1"
#65170
0"
#65180
b0 '
1"
#65190
0"
#65200
1&
1!
b1 '
1(
1"
1#
#65210
0"
#65220
0&
b10 '
1)
1"
#65230
0"
#65240
b11 '
1"
#65250
0"
#65260
b100 '
1"
#65270
0"
#65280
b101 '
1"
#65290
0"
#65300
0!
b110 '
0(
1"
0#
#65310
0"
#65320
b111 '
0)
1"
#65330
0"
#65340
b1000 '
1"
#65350
0"
#65360
b1001 '
1"
#65370
0"
#65380
b0 '
1"
#65390
0"
#65400
1&
1!
b1 '
1(
1"
1#
#65410
0"
#65420
0&
b10 '
1)
1"
#65430
0"
#65440
b11 '
1"
#65450
0"
#65460
b100 '
1"
#65470
0"
#65480
b101 '
1"
#65490
0"
#65500
0!
b110 '
0(
1"
0#
#65510
0"
#65520
b111 '
0)
1"
#65530
0"
#65540
b1000 '
1"
#65550
0"
#65560
b1001 '
1"
#65570
0"
#65580
b0 '
1"
#65590
0"
#65600
1&
1!
b1 '
1(
1"
1#
#65610
0"
#65620
0&
b10 '
1)
1"
#65630
0"
#65640
b11 '
1"
#65650
0"
#65660
b100 '
1"
#65670
0"
#65680
b101 '
1"
#65690
0"
#65700
0!
b110 '
0(
1"
0#
#65710
0"
#65720
b111 '
0)
1"
#65730
0"
#65740
b1000 '
1"
#65750
0"
#65760
b1001 '
1"
#65770
0"
#65780
b0 '
1"
#65790
0"
#65800
1&
1!
b1 '
1(
1"
1#
#65810
0"
#65820
0&
b10 '
1)
1"
#65830
0"
#65840
b11 '
1"
#65850
0"
#65860
b100 '
1"
#65870
0"
#65880
b101 '
1"
#65890
0"
#65900
0!
b110 '
0(
1"
0#
#65910
0"
#65920
b111 '
0)
1"
#65930
0"
#65940
b1000 '
1"
#65950
0"
#65960
b1001 '
1"
#65970
0"
#65980
b0 '
1"
#65990
0"
#66000
1&
1!
b1 '
1(
1"
1#
#66010
0"
#66020
0&
b10 '
1)
1"
#66030
0"
#66040
b11 '
1"
#66050
0"
#66060
b100 '
1"
#66070
0"
#66080
b101 '
1"
#66090
0"
#66100
0!
b110 '
0(
1"
0#
#66110
0"
#66120
b111 '
0)
1"
#66130
0"
#66140
b1000 '
1"
#66150
0"
#66160
b1001 '
1"
#66170
0"
#66180
b0 '
1"
#66190
0"
#66200
1&
1!
b1 '
1(
1"
1#
#66210
0"
#66220
0&
b10 '
1)
1"
#66230
0"
#66240
b11 '
1"
#66250
0"
#66260
b100 '
1"
#66270
0"
#66280
b101 '
1"
#66290
0"
#66300
0!
b110 '
0(
1"
0#
#66310
0"
#66320
b111 '
0)
1"
#66330
0"
#66340
b1000 '
1"
#66350
0"
#66360
b1001 '
1"
#66370
0"
#66380
b0 '
1"
#66390
0"
#66400
1&
1!
b1 '
1(
1"
1#
#66410
0"
#66420
0&
b10 '
1)
1"
#66430
0"
#66440
b11 '
1"
#66450
0"
#66460
b100 '
1"
#66470
0"
#66480
b101 '
1"
#66490
0"
#66500
0!
b110 '
0(
1"
0#
#66510
0"
#66520
b111 '
0)
1"
#66530
0"
#66540
b1000 '
1"
#66550
0"
#66560
b1001 '
1"
#66570
0"
#66580
b0 '
1"
#66590
0"
#66600
1&
1!
b1 '
1(
1"
1#
#66610
0"
#66620
0&
b10 '
1)
1"
#66630
0"
#66640
b11 '
1"
#66650
0"
#66660
b100 '
1"
#66670
0"
#66680
b101 '
1"
#66690
0"
#66700
0!
b110 '
0(
1"
0#
#66710
0"
#66720
b111 '
0)
1"
#66730
0"
#66740
b1000 '
1"
#66750
0"
#66760
b1001 '
1"
#66770
0"
#66780
b0 '
1"
#66790
0"
#66800
1&
1!
b1 '
1(
1"
1#
#66810
0"
#66820
0&
b10 '
1)
1"
#66830
0"
#66840
b11 '
1"
#66850
0"
#66860
b100 '
1"
#66870
0"
#66880
b101 '
1"
#66890
0"
#66900
0!
b110 '
0(
1"
0#
#66910
0"
#66920
b111 '
0)
1"
#66930
0"
#66940
b1000 '
1"
#66950
0"
#66960
b1001 '
1"
#66970
0"
#66980
b0 '
1"
#66990
0"
#67000
1&
1!
b1 '
1(
1"
1#
#67010
0"
#67020
0&
b10 '
1)
1"
#67030
0"
#67040
b11 '
1"
#67050
0"
#67060
b100 '
1"
#67070
0"
#67080
b101 '
1"
#67090
0"
#67100
0!
b110 '
0(
1"
0#
#67110
0"
#67120
b111 '
0)
1"
#67130
0"
#67140
b1000 '
1"
#67150
0"
#67160
b1001 '
1"
#67170
0"
#67180
b0 '
1"
#67190
0"
#67200
1&
1!
b1 '
1(
1"
1#
#67210
0"
#67220
0&
b10 '
1)
1"
#67230
0"
#67240
b11 '
1"
#67250
0"
#67260
b100 '
1"
#67270
0"
#67280
b101 '
1"
#67290
0"
#67300
0!
b110 '
0(
1"
0#
#67310
0"
#67320
b111 '
0)
1"
#67330
0"
#67340
b1000 '
1"
#67350
0"
#67360
b1001 '
1"
#67370
0"
#67380
b0 '
1"
#67390
0"
#67400
1&
1!
b1 '
1(
1"
1#
#67410
0"
#67420
0&
b10 '
1)
1"
#67430
0"
#67440
b11 '
1"
#67450
0"
#67460
b100 '
1"
#67470
0"
#67480
b101 '
1"
#67490
0"
#67500
0!
b110 '
0(
1"
0#
#67510
0"
#67520
b111 '
0)
1"
#67530
0"
#67540
b1000 '
1"
#67550
0"
#67560
b1001 '
1"
#67570
0"
#67580
b0 '
1"
#67590
0"
#67600
1&
1!
b1 '
1(
1"
1#
#67610
0"
#67620
0&
b10 '
1)
1"
#67630
0"
#67640
b11 '
1"
#67650
0"
#67660
b100 '
1"
#67670
0"
#67680
b101 '
1"
#67690
0"
#67700
0!
b110 '
0(
1"
0#
#67710
0"
#67720
b111 '
0)
1"
#67730
0"
#67740
b1000 '
1"
#67750
0"
#67760
b1001 '
1"
#67770
0"
#67780
b0 '
1"
#67790
0"
#67800
1&
1!
b1 '
1(
1"
1#
#67810
0"
#67820
0&
b10 '
1)
1"
#67830
0"
#67840
b11 '
1"
#67850
0"
#67860
b100 '
1"
#67870
0"
#67880
b101 '
1"
#67890
0"
#67900
0!
b110 '
0(
1"
0#
#67910
0"
#67920
b111 '
0)
1"
#67930
0"
#67940
b1000 '
1"
#67950
0"
#67960
b1001 '
1"
#67970
0"
#67980
b0 '
1"
#67990
0"
#68000
1&
1!
b1 '
1(
1"
1#
#68010
0"
#68020
0&
b10 '
1)
1"
#68030
0"
#68040
b11 '
1"
#68050
0"
#68060
b100 '
1"
#68070
0"
#68080
b101 '
1"
#68090
0"
#68100
0!
b110 '
0(
1"
0#
#68110
0"
#68120
b111 '
0)
1"
#68130
0"
#68140
b1000 '
1"
#68150
0"
#68160
b1001 '
1"
#68170
0"
#68180
b0 '
1"
#68190
0"
#68200
1&
1!
b1 '
1(
1"
1#
#68210
0"
#68220
0&
b10 '
1)
1"
#68230
0"
#68240
b11 '
1"
#68250
0"
#68260
b100 '
1"
#68270
0"
#68280
b101 '
1"
#68290
0"
#68300
0!
b110 '
0(
1"
0#
#68310
0"
#68320
b111 '
0)
1"
#68330
0"
#68340
b1000 '
1"
#68350
0"
#68360
b1001 '
1"
#68370
0"
#68380
b0 '
1"
#68390
0"
#68400
1&
1!
b1 '
1(
1"
1#
#68410
0"
#68420
0&
b10 '
1)
1"
#68430
0"
#68440
b11 '
1"
#68450
0"
#68460
b100 '
1"
#68470
0"
#68480
b101 '
1"
#68490
0"
#68500
0!
b110 '
0(
1"
0#
#68510
0"
#68520
b111 '
0)
1"
#68530
0"
#68540
b1000 '
1"
#68550
0"
#68560
b1001 '
1"
#68570
0"
#68580
b0 '
1"
#68590
0"
#68600
1&
1!
b1 '
1(
1"
1#
#68610
0"
#68620
0&
b10 '
1)
1"
#68630
0"
#68640
b11 '
1"
#68650
0"
#68660
b100 '
1"
#68670
0"
#68680
b101 '
1"
#68690
0"
#68700
0!
b110 '
0(
1"
0#
#68710
0"
#68720
b111 '
0)
1"
#68730
0"
#68740
b1000 '
1"
#68750
0"
#68760
b1001 '
1"
#68770
0"
#68780
b0 '
1"
#68790
0"
#68800
1&
1!
b1 '
1(
1"
1#
#68810
0"
#68820
0&
b10 '
1)
1"
#68830
0"
#68840
b11 '
1"
#68850
0"
#68860
b100 '
1"
#68870
0"
#68880
b101 '
1"
#68890
0"
#68900
0!
b110 '
0(
1"
0#
#68910
0"
#68920
b111 '
0)
1"
#68930
0"
#68940
b1000 '
1"
#68950
0"
#68960
b1001 '
1"
#68970
0"
#68980
b0 '
1"
#68990
0"
#69000
1&
1!
b1 '
1(
1"
1#
#69010
0"
#69020
0&
b10 '
1)
1"
#69030
0"
#69040
b11 '
1"
#69050
0"
#69060
b100 '
1"
#69070
0"
#69080
b101 '
1"
#69090
0"
#69100
0!
b110 '
0(
1"
0#
#69110
0"
#69120
b111 '
0)
1"
#69130
0"
#69140
b1000 '
1"
#69150
0"
#69160
b1001 '
1"
#69170
0"
#69180
b0 '
1"
#69190
0"
#69200
1&
1!
b1 '
1(
1"
1#
#69210
0"
#69220
0&
b10 '
1)
1"
#69230
0"
#69240
b11 '
1"
#69250
0"
#69260
b100 '
1"
#69270
0"
#69280
b101 '
1"
#69290
0"
#69300
0!
b110 '
0(
1"
0#
#69310
0"
#69320
b111 '
0)
1"
#69330
0"
#69340
b1000 '
1"
#69350
0"
#69360
b1001 '
1"
#69370
0"
#69380
b0 '
1"
#69390
0"
#69400
1&
1!
b1 '
1(
1"
1#
#69410
0"
#69420
0&
b10 '
1)
1"
#69430
0"
#69440
b11 '
1"
#69450
0"
#69460
b100 '
1"
#69470
0"
#69480
b101 '
1"
#69490
0"
#69500
0!
b110 '
0(
1"
0#
#69510
0"
#69520
b111 '
0)
1"
#69530
0"
#69540
b1000 '
1"
#69550
0"
#69560
b1001 '
1"
#69570
0"
#69580
b0 '
1"
#69590
0"
#69600
1&
1!
b1 '
1(
1"
1#
#69610
0"
#69620
0&
b10 '
1)
1"
#69630
0"
#69640
b11 '
1"
#69650
0"
#69660
b100 '
1"
#69670
0"
#69680
b101 '
1"
#69690
0"
#69700
0!
b110 '
0(
1"
0#
#69710
0"
#69720
b111 '
0)
1"
#69730
0"
#69740
b1000 '
1"
#69750
0"
#69760
b1001 '
1"
#69770
0"
#69780
b0 '
1"
#69790
0"
#69800
1&
1!
b1 '
1(
1"
1#
#69810
0"
#69820
0&
b10 '
1)
1"
#69830
0"
#69840
b11 '
1"
#69850
0"
#69860
b100 '
1"
#69870
0"
#69880
b101 '
1"
#69890
0"
#69900
0!
b110 '
0(
1"
0#
#69910
0"
#69920
b111 '
0)
1"
#69930
0"
#69940
b1000 '
1"
#69950
0"
#69960
b1001 '
1"
#69970
0"
#69980
b0 '
1"
#69990
0"
#70000
1&
1!
b1 '
1(
1"
1#
#70010
0"
#70020
0&
b10 '
1)
1"
#70030
0"
#70040
b11 '
1"
#70050
0"
#70060
b100 '
1"
#70070
0"
#70080
b101 '
1"
#70090
0"
#70100
0!
b110 '
0(
1"
0#
#70110
0"
#70120
b111 '
0)
1"
#70130
0"
#70140
b1000 '
1"
#70150
0"
#70160
b1001 '
1"
#70170
0"
#70180
b0 '
1"
#70190
0"
#70200
1&
1!
b1 '
1(
1"
1#
#70210
0"
#70220
0&
b10 '
1)
1"
#70230
0"
#70240
b11 '
1"
#70250
0"
#70260
b100 '
1"
#70270
0"
#70280
b101 '
1"
#70290
0"
#70300
0!
b110 '
0(
1"
0#
#70310
0"
#70320
b111 '
0)
1"
#70330
0"
#70340
b1000 '
1"
#70350
0"
#70360
b1001 '
1"
#70370
0"
#70380
b0 '
1"
#70390
0"
#70400
1&
1!
b1 '
1(
1"
1#
#70410
0"
#70420
0&
b10 '
1)
1"
#70430
0"
#70440
b11 '
1"
#70450
0"
#70460
b100 '
1"
#70470
0"
#70480
b101 '
1"
#70490
0"
#70500
0!
b110 '
0(
1"
0#
#70510
0"
#70520
b111 '
0)
1"
#70530
0"
#70540
b1000 '
1"
#70550
0"
#70560
b1001 '
1"
#70570
0"
#70580
b0 '
1"
#70590
0"
#70600
1&
1!
b1 '
1(
1"
1#
#70610
0"
#70620
0&
b10 '
1)
1"
#70630
0"
#70640
b11 '
1"
#70650
0"
#70660
b100 '
1"
#70670
0"
#70680
b101 '
1"
#70690
0"
#70700
0!
b110 '
0(
1"
0#
#70710
0"
#70720
b111 '
0)
1"
#70730
0"
#70740
b1000 '
1"
#70750
0"
#70760
b1001 '
1"
#70770
0"
#70780
b0 '
1"
#70790
0"
#70800
1&
1!
b1 '
1(
1"
1#
#70810
0"
#70820
0&
b10 '
1)
1"
#70830
0"
#70840
b11 '
1"
#70850
0"
#70860
b100 '
1"
#70870
0"
#70880
b101 '
1"
#70890
0"
#70900
0!
b110 '
0(
1"
0#
#70910
0"
#70920
b111 '
0)
1"
#70930
0"
#70940
b1000 '
1"
#70950
0"
#70960
b1001 '
1"
#70970
0"
#70980
b0 '
1"
#70990
0"
#71000
1&
1!
b1 '
1(
1"
1#
#71010
0"
#71020
0&
b10 '
1)
1"
#71030
0"
#71040
b11 '
1"
#71050
0"
#71060
b100 '
1"
#71070
0"
#71080
b101 '
1"
#71090
0"
#71100
0!
b110 '
0(
1"
0#
#71110
0"
#71120
b111 '
0)
1"
#71130
0"
#71140
b1000 '
1"
#71150
0"
#71160
b1001 '
1"
#71170
0"
#71180
b0 '
1"
#71190
0"
#71200
1&
1!
b1 '
1(
1"
1#
#71210
0"
#71220
0&
b10 '
1)
1"
#71230
0"
#71240
b11 '
1"
#71250
0"
#71260
b100 '
1"
#71270
0"
#71280
b101 '
1"
#71290
0"
#71300
0!
b110 '
0(
1"
0#
#71310
0"
#71320
b111 '
0)
1"
#71330
0"
#71340
b1000 '
1"
#71350
0"
#71360
b1001 '
1"
#71370
0"
#71380
b0 '
1"
#71390
0"
#71400
1&
1!
b1 '
1(
1"
1#
#71410
0"
#71420
0&
b10 '
1)
1"
#71430
0"
#71440
b11 '
1"
#71450
0"
#71460
b100 '
1"
#71470
0"
#71480
b101 '
1"
#71490
0"
#71500
0!
b110 '
0(
1"
0#
#71510
0"
#71520
b111 '
0)
1"
#71530
0"
#71540
b1000 '
1"
#71550
0"
#71560
b1001 '
1"
#71570
0"
#71580
b0 '
1"
#71590
0"
#71600
1&
1!
b1 '
1(
1"
1#
#71610
0"
#71620
0&
b10 '
1)
1"
#71630
0"
#71640
b11 '
1"
#71650
0"
#71660
b100 '
1"
#71670
0"
#71680
b101 '
1"
#71690
0"
#71700
0!
b110 '
0(
1"
0#
#71710
0"
#71720
b111 '
0)
1"
#71730
0"
#71740
b1000 '
1"
#71750
0"
#71760
b1001 '
1"
#71770
0"
#71780
b0 '
1"
#71790
0"
#71800
1&
1!
b1 '
1(
1"
1#
#71810
0"
#71820
0&
b10 '
1)
1"
#71830
0"
#71840
b11 '
1"
#71850
0"
#71860
b100 '
1"
#71870
0"
#71880
b101 '
1"
#71890
0"
#71900
0!
b110 '
0(
1"
0#
#71910
0"
#71920
b111 '
0)
1"
#71930
0"
#71940
b1000 '
1"
#71950
0"
#71960
b1001 '
1"
#71970
0"
#71980
b0 '
1"
#71990
0"
#72000
1&
1!
b1 '
1(
1"
1#
#72010
0"
#72020
0&
b10 '
1)
1"
#72030
0"
#72040
b11 '
1"
#72050
0"
#72060
b100 '
1"
#72070
0"
#72080
b101 '
1"
#72090
0"
#72100
0!
b110 '
0(
1"
0#
#72110
0"
#72120
b111 '
0)
1"
#72130
0"
#72140
b1000 '
1"
#72150
0"
#72160
b1001 '
1"
#72170
0"
#72180
b0 '
1"
#72190
0"
#72200
1&
1!
b1 '
1(
1"
1#
#72210
0"
#72220
0&
b10 '
1)
1"
#72230
0"
#72240
b11 '
1"
#72250
0"
#72260
b100 '
1"
#72270
0"
#72280
b101 '
1"
#72290
0"
#72300
0!
b110 '
0(
1"
0#
#72310
0"
#72320
b111 '
0)
1"
#72330
0"
#72340
b1000 '
1"
#72350
0"
#72360
b1001 '
1"
#72370
0"
#72380
b0 '
1"
#72390
0"
#72400
1&
1!
b1 '
1(
1"
1#
#72410
0"
#72420
0&
b10 '
1)
1"
#72430
0"
#72440
b11 '
1"
#72450
0"
#72460
b100 '
1"
#72470
0"
#72480
b101 '
1"
#72490
0"
#72500
0!
b110 '
0(
1"
0#
#72510
0"
#72520
b111 '
0)
1"
#72530
0"
#72540
b1000 '
1"
#72550
0"
#72560
b1001 '
1"
#72570
0"
#72580
b0 '
1"
#72590
0"
#72600
1&
1!
b1 '
1(
1"
1#
#72610
0"
#72620
0&
b10 '
1)
1"
#72630
0"
#72640
b11 '
1"
#72650
0"
#72660
b100 '
1"
#72670
0"
#72680
b101 '
1"
#72690
0"
#72700
0!
b110 '
0(
1"
0#
#72710
0"
#72720
b111 '
0)
1"
#72730
0"
#72740
b1000 '
1"
#72750
0"
#72760
b1001 '
1"
#72770
0"
#72780
b0 '
1"
#72790
0"
#72800
1&
1!
b1 '
1(
1"
1#
#72810
0"
#72820
0&
b10 '
1)
1"
#72830
0"
#72840
b11 '
1"
#72850
0"
#72860
b100 '
1"
#72870
0"
#72880
b101 '
1"
#72890
0"
#72900
0!
b110 '
0(
1"
0#
#72910
0"
#72920
b111 '
0)
1"
#72930
0"
#72940
b1000 '
1"
#72950
0"
#72960
b1001 '
1"
#72970
0"
#72980
b0 '
1"
#72990
0"
#73000
1&
1!
b1 '
1(
1"
1#
#73010
0"
#73020
0&
b10 '
1)
1"
#73030
0"
#73040
b11 '
1"
#73050
0"
#73060
b100 '
1"
#73070
0"
#73080
b101 '
1"
#73090
0"
#73100
0!
b110 '
0(
1"
0#
#73110
0"
#73120
b111 '
0)
1"
#73130
0"
#73140
b1000 '
1"
#73150
0"
#73160
b1001 '
1"
#73170
0"
#73180
b0 '
1"
#73190
0"
#73200
1&
1!
b1 '
1(
1"
1#
#73210
0"
#73220
0&
b10 '
1)
1"
#73230
0"
#73240
b11 '
1"
#73250
0"
#73260
b100 '
1"
#73270
0"
#73280
b101 '
1"
#73290
0"
#73300
0!
b110 '
0(
1"
0#
#73310
0"
#73320
b111 '
0)
1"
#73330
0"
#73340
b1000 '
1"
#73350
0"
#73360
b1001 '
1"
#73370
0"
#73380
b0 '
1"
#73390
0"
#73400
1&
1!
b1 '
1(
1"
1#
#73410
0"
#73420
0&
b10 '
1)
1"
#73430
0"
#73440
b11 '
1"
#73450
0"
#73460
b100 '
1"
#73470
0"
#73480
b101 '
1"
#73490
0"
#73500
0!
b110 '
0(
1"
0#
#73510
0"
#73520
b111 '
0)
1"
#73530
0"
#73540
b1000 '
1"
#73550
0"
#73560
b1001 '
1"
#73570
0"
#73580
b0 '
1"
#73590
0"
#73600
1&
1!
b1 '
1(
1"
1#
#73610
0"
#73620
0&
b10 '
1)
1"
#73630
0"
#73640
b11 '
1"
#73650
0"
#73660
b100 '
1"
#73670
0"
#73680
b101 '
1"
#73690
0"
#73700
0!
b110 '
0(
1"
0#
#73710
0"
#73720
b111 '
0)
1"
#73730
0"
#73740
b1000 '
1"
#73750
0"
#73760
b1001 '
1"
#73770
0"
#73780
b0 '
1"
#73790
0"
#73800
1&
1!
b1 '
1(
1"
1#
#73810
0"
#73820
0&
b10 '
1)
1"
#73830
0"
#73840
b11 '
1"
#73850
0"
#73860
b100 '
1"
#73870
0"
#73880
b101 '
1"
#73890
0"
#73900
0!
b110 '
0(
1"
0#
#73910
0"
#73920
b111 '
0)
1"
#73930
0"
#73940
b1000 '
1"
#73950
0"
#73960
b1001 '
1"
#73970
0"
#73980
b0 '
1"
#73990
0"
#74000
1&
1!
b1 '
1(
1"
1#
#74010
0"
#74020
0&
b10 '
1)
1"
#74030
0"
#74040
b11 '
1"
#74050
0"
#74060
b100 '
1"
#74070
0"
#74080
b101 '
1"
#74090
0"
#74100
0!
b110 '
0(
1"
0#
#74110
0"
#74120
b111 '
0)
1"
#74130
0"
#74140
b1000 '
1"
#74150
0"
#74160
b1001 '
1"
#74170
0"
#74180
b0 '
1"
#74190
0"
#74200
1&
1!
b1 '
1(
1"
1#
#74210
0"
#74220
0&
b10 '
1)
1"
#74230
0"
#74240
b11 '
1"
#74250
0"
#74260
b100 '
1"
#74270
0"
#74280
b101 '
1"
#74290
0"
#74300
0!
b110 '
0(
1"
0#
#74310
0"
#74320
b111 '
0)
1"
#74330
0"
#74340
b1000 '
1"
#74350
0"
#74360
b1001 '
1"
#74370
0"
#74380
b0 '
1"
#74390
0"
#74400
1&
1!
b1 '
1(
1"
1#
#74410
0"
#74420
0&
b10 '
1)
1"
#74430
0"
#74440
b11 '
1"
#74450
0"
#74460
b100 '
1"
#74470
0"
#74480
b101 '
1"
#74490
0"
#74500
0!
b110 '
0(
1"
0#
#74510
0"
#74520
b111 '
0)
1"
#74530
0"
#74540
b1000 '
1"
#74550
0"
#74560
b1001 '
1"
#74570
0"
#74580
b0 '
1"
#74590
0"
#74600
1&
1!
b1 '
1(
1"
1#
#74610
0"
#74620
0&
b10 '
1)
1"
#74630
0"
#74640
b11 '
1"
#74650
0"
#74660
b100 '
1"
#74670
0"
#74680
b101 '
1"
#74690
0"
#74700
0!
b110 '
0(
1"
0#
#74710
0"
#74720
b111 '
0)
1"
#74730
0"
#74740
b1000 '
1"
#74750
0"
#74760
b1001 '
1"
#74770
0"
#74780
b0 '
1"
#74790
0"
#74800
1&
1!
b1 '
1(
1"
1#
#74810
0"
#74820
0&
b10 '
1)
1"
#74830
0"
#74840
b11 '
1"
#74850
0"
#74860
b100 '
1"
#74870
0"
#74880
b101 '
1"
#74890
0"
#74900
0!
b110 '
0(
1"
0#
#74910
0"
#74920
b111 '
0)
1"
#74930
0"
#74940
b1000 '
1"
#74950
0"
#74960
b1001 '
1"
#74970
0"
#74980
b0 '
1"
#74990
0"
#75000
1&
1!
b1 '
1(
1"
1#
#75010
0"
#75020
0&
b10 '
1)
1"
#75030
0"
#75040
b11 '
1"
#75050
0"
#75060
b100 '
1"
#75070
0"
#75080
b101 '
1"
#75090
0"
#75100
0!
b110 '
0(
1"
0#
#75110
0"
#75120
b111 '
0)
1"
#75130
0"
#75140
b1000 '
1"
#75150
0"
#75160
b1001 '
1"
#75170
0"
#75180
b0 '
1"
#75190
0"
#75200
1&
1!
b1 '
1(
1"
1#
#75210
0"
#75220
0&
b10 '
1)
1"
#75230
0"
#75240
b11 '
1"
#75250
0"
#75260
b100 '
1"
#75270
0"
#75280
b101 '
1"
#75290
0"
#75300
0!
b110 '
0(
1"
0#
#75310
0"
#75320
b111 '
0)
1"
#75330
0"
#75340
b1000 '
1"
#75350
0"
#75360
b1001 '
1"
#75370
0"
#75380
b0 '
1"
#75390
0"
#75400
1&
1!
b1 '
1(
1"
1#
#75410
0"
#75420
0&
b10 '
1)
1"
#75430
0"
#75440
b11 '
1"
#75450
0"
#75460
b100 '
1"
#75470
0"
#75480
b101 '
1"
#75490
0"
#75500
0!
b110 '
0(
1"
0#
#75510
0"
#75520
b111 '
0)
1"
#75530
0"
#75540
b1000 '
1"
#75550
0"
#75560
b1001 '
1"
#75570
0"
#75580
b0 '
1"
#75590
0"
#75600
1&
1!
b1 '
1(
1"
1#
#75610
0"
#75620
0&
b10 '
1)
1"
#75630
0"
#75640
b11 '
1"
#75650
0"
#75660
b100 '
1"
#75670
0"
#75680
b101 '
1"
#75690
0"
#75700
0!
b110 '
0(
1"
0#
#75710
0"
#75720
b111 '
0)
1"
#75730
0"
#75740
b1000 '
1"
#75750
0"
#75760
b1001 '
1"
#75770
0"
#75780
b0 '
1"
#75790
0"
#75800
1&
1!
b1 '
1(
1"
1#
#75810
0"
#75820
0&
b10 '
1)
1"
#75830
0"
#75840
b11 '
1"
#75850
0"
#75860
b100 '
1"
#75870
0"
#75880
b101 '
1"
#75890
0"
#75900
0!
b110 '
0(
1"
0#
#75910
0"
#75920
b111 '
0)
1"
#75930
0"
#75940
b1000 '
1"
#75950
0"
#75960
b1001 '
1"
#75970
0"
#75980
b0 '
1"
#75990
0"
#76000
1&
1!
b1 '
1(
1"
1#
#76010
0"
#76020
0&
b10 '
1)
1"
#76030
0"
#76040
b11 '
1"
#76050
0"
#76060
b100 '
1"
#76070
0"
#76080
b101 '
1"
#76090
0"
#76100
0!
b110 '
0(
1"
0#
#76110
0"
#76120
b111 '
0)
1"
#76130
0"
#76140
b1000 '
1"
#76150
0"
#76160
b1001 '
1"
#76170
0"
#76180
b0 '
1"
#76190
0"
#76200
1&
1!
b1 '
1(
1"
1#
#76210
0"
#76220
0&
b10 '
1)
1"
#76230
0"
#76240
b11 '
1"
#76250
0"
#76260
b100 '
1"
#76270
0"
#76280
b101 '
1"
#76290
0"
#76300
0!
b110 '
0(
1"
0#
#76310
0"
#76320
b111 '
0)
1"
#76330
0"
#76340
b1000 '
1"
#76350
0"
#76360
b1001 '
1"
#76370
0"
#76380
b0 '
1"
#76390
0"
#76400
1&
1!
b1 '
1(
1"
1#
#76410
0"
#76420
0&
b10 '
1)
1"
#76430
0"
#76440
b11 '
1"
#76450
0"
#76460
b100 '
1"
#76470
0"
#76480
b101 '
1"
#76490
0"
#76500
0!
b110 '
0(
1"
0#
#76510
0"
#76520
b111 '
0)
1"
#76530
0"
#76540
b1000 '
1"
#76550
0"
#76560
b1001 '
1"
#76570
0"
#76580
b0 '
1"
#76590
0"
#76600
1&
1!
b1 '
1(
1"
1#
#76610
0"
#76620
0&
b10 '
1)
1"
#76630
0"
#76640
b11 '
1"
#76650
0"
#76660
b100 '
1"
#76670
0"
#76680
b101 '
1"
#76690
0"
#76700
0!
b110 '
0(
1"
0#
#76710
0"
#76720
b111 '
0)
1"
#76730
0"
#76740
b1000 '
1"
#76750
0"
#76760
b1001 '
1"
#76770
0"
#76780
b0 '
1"
#76790
0"
#76800
1&
1!
b1 '
1(
1"
1#
#76810
0"
#76820
0&
b10 '
1)
1"
#76830
0"
#76840
b11 '
1"
#76850
0"
#76860
b100 '
1"
#76870
0"
#76880
b101 '
1"
#76890
0"
#76900
0!
b110 '
0(
1"
0#
#76910
0"
#76920
b111 '
0)
1"
#76930
0"
#76940
b1000 '
1"
#76950
0"
#76960
b1001 '
1"
#76970
0"
#76980
b0 '
1"
#76990
0"
#77000
1&
1!
b1 '
1(
1"
1#
#77010
0"
#77020
0&
b10 '
1)
1"
#77030
0"
#77040
b11 '
1"
#77050
0"
#77060
b100 '
1"
#77070
0"
#77080
b101 '
1"
#77090
0"
#77100
0!
b110 '
0(
1"
0#
#77110
0"
#77120
b111 '
0)
1"
#77130
0"
#77140
b1000 '
1"
#77150
0"
#77160
b1001 '
1"
#77170
0"
#77180
b0 '
1"
#77190
0"
#77200
1&
1!
b1 '
1(
1"
1#
#77210
0"
#77220
0&
b10 '
1)
1"
#77230
0"
#77240
b11 '
1"
#77250
0"
#77260
b100 '
1"
#77270
0"
#77280
b101 '
1"
#77290
0"
#77300
0!
b110 '
0(
1"
0#
#77310
0"
#77320
b111 '
0)
1"
#77330
0"
#77340
b1000 '
1"
#77350
0"
#77360
b1001 '
1"
#77370
0"
#77380
b0 '
1"
#77390
0"
#77400
1&
1!
b1 '
1(
1"
1#
#77410
0"
#77420
0&
b10 '
1)
1"
#77430
0"
#77440
b11 '
1"
#77450
0"
#77460
b100 '
1"
#77470
0"
#77480
b101 '
1"
#77490
0"
#77500
0!
b110 '
0(
1"
0#
#77510
0"
#77520
b111 '
0)
1"
#77530
0"
#77540
b1000 '
1"
#77550
0"
#77560
b1001 '
1"
#77570
0"
#77580
b0 '
1"
#77590
0"
#77600
1&
1!
b1 '
1(
1"
1#
#77610
0"
#77620
0&
b10 '
1)
1"
#77630
0"
#77640
b11 '
1"
#77650
0"
#77660
b100 '
1"
#77670
0"
#77680
b101 '
1"
#77690
0"
#77700
0!
b110 '
0(
1"
0#
#77710
0"
#77720
b111 '
0)
1"
#77730
0"
#77740
b1000 '
1"
#77750
0"
#77760
b1001 '
1"
#77770
0"
#77780
b0 '
1"
#77790
0"
#77800
1&
1!
b1 '
1(
1"
1#
#77810
0"
#77820
0&
b10 '
1)
1"
#77830
0"
#77840
b11 '
1"
#77850
0"
#77860
b100 '
1"
#77870
0"
#77880
b101 '
1"
#77890
0"
#77900
0!
b110 '
0(
1"
0#
#77910
0"
#77920
b111 '
0)
1"
#77930
0"
#77940
b1000 '
1"
#77950
0"
#77960
b1001 '
1"
#77970
0"
#77980
b0 '
1"
#77990
0"
#78000
1&
1!
b1 '
1(
1"
1#
#78010
0"
#78020
0&
b10 '
1)
1"
#78030
0"
#78040
b11 '
1"
#78050
0"
#78060
b100 '
1"
#78070
0"
#78080
b101 '
1"
#78090
0"
#78100
0!
b110 '
0(
1"
0#
#78110
0"
#78120
b111 '
0)
1"
#78130
0"
#78140
b1000 '
1"
#78150
0"
#78160
b1001 '
1"
#78170
0"
#78180
b0 '
1"
#78190
0"
#78200
1&
1!
b1 '
1(
1"
1#
#78210
0"
#78220
0&
b10 '
1)
1"
#78230
0"
#78240
b11 '
1"
#78250
0"
#78260
b100 '
1"
#78270
0"
#78280
b101 '
1"
#78290
0"
#78300
0!
b110 '
0(
1"
0#
#78310
0"
#78320
b111 '
0)
1"
#78330
0"
#78340
b1000 '
1"
#78350
0"
#78360
b1001 '
1"
#78370
0"
#78380
b0 '
1"
#78390
0"
#78400
1&
1!
b1 '
1(
1"
1#
#78410
0"
#78420
0&
b10 '
1)
1"
#78430
0"
#78440
b11 '
1"
#78450
0"
#78460
b100 '
1"
#78470
0"
#78480
b101 '
1"
#78490
0"
#78500
0!
b110 '
0(
1"
0#
#78510
0"
#78520
b111 '
0)
1"
#78530
0"
#78540
b1000 '
1"
#78550
0"
#78560
b1001 '
1"
#78570
0"
#78580
b0 '
1"
#78590
0"
#78600
1&
1!
b1 '
1(
1"
1#
#78610
0"
#78620
0&
b10 '
1)
1"
#78630
0"
#78640
b11 '
1"
#78650
0"
#78660
b100 '
1"
#78670
0"
#78680
b101 '
1"
#78690
0"
#78700
0!
b110 '
0(
1"
0#
#78710
0"
#78720
b111 '
0)
1"
#78730
0"
#78740
b1000 '
1"
#78750
0"
#78760
b1001 '
1"
#78770
0"
#78780
b0 '
1"
#78790
0"
#78800
1&
1!
b1 '
1(
1"
1#
#78810
0"
#78820
0&
b10 '
1)
1"
#78830
0"
#78840
b11 '
1"
#78850
0"
#78860
b100 '
1"
#78870
0"
#78880
b101 '
1"
#78890
0"
#78900
0!
b110 '
0(
1"
0#
#78910
0"
#78920
b111 '
0)
1"
#78930
0"
#78940
b1000 '
1"
#78950
0"
#78960
b1001 '
1"
#78970
0"
#78980
b0 '
1"
#78990
0"
#79000
1&
1!
b1 '
1(
1"
1#
#79010
0"
#79020
0&
b10 '
1)
1"
#79030
0"
#79040
b11 '
1"
#79050
0"
#79060
b100 '
1"
#79070
0"
#79080
b101 '
1"
#79090
0"
#79100
0!
b110 '
0(
1"
0#
#79110
0"
#79120
b111 '
0)
1"
#79130
0"
#79140
b1000 '
1"
#79150
0"
#79160
b1001 '
1"
#79170
0"
#79180
b0 '
1"
#79190
0"
#79200
1&
1!
b1 '
1(
1"
1#
#79210
0"
#79220
0&
b10 '
1)
1"
#79230
0"
#79240
b11 '
1"
#79250
0"
#79260
b100 '
1"
#79270
0"
#79280
b101 '
1"
#79290
0"
#79300
0!
b110 '
0(
1"
0#
#79310
0"
#79320
b111 '
0)
1"
#79330
0"
#79340
b1000 '
1"
#79350
0"
#79360
b1001 '
1"
#79370
0"
#79380
b0 '
1"
#79390
0"
#79400
1&
1!
b1 '
1(
1"
1#
#79410
0"
#79420
0&
b10 '
1)
1"
#79430
0"
#79440
b11 '
1"
#79450
0"
#79460
b100 '
1"
#79470
0"
#79480
b101 '
1"
#79490
0"
#79500
0!
b110 '
0(
1"
0#
#79510
0"
#79520
b111 '
0)
1"
#79530
0"
#79540
b1000 '
1"
#79550
0"
#79560
b1001 '
1"
#79570
0"
#79580
b0 '
1"
#79590
0"
#79600
1&
1!
b1 '
1(
1"
1#
#79610
0"
#79620
0&
b10 '
1)
1"
#79630
0"
#79640
b11 '
1"
#79650
0"
#79660
b100 '
1"
#79670
0"
#79680
b101 '
1"
#79690
0"
#79700
0!
b110 '
0(
1"
0#
#79710
0"
#79720
b111 '
0)
1"
#79730
0"
#79740
b1000 '
1"
#79750
0"
#79760
b1001 '
1"
#79770
0"
#79780
b0 '
1"
#79790
0"
#79800
1&
1!
b1 '
1(
1"
1#
#79810
0"
#79820
0&
b10 '
1)
1"
#79830
0"
#79840
b11 '
1"
#79850
0"
#79860
b100 '
1"
#79870
0"
#79880
b101 '
1"
#79890
0"
#79900
0!
b110 '
0(
1"
0#
#79910
0"
#79920
b111 '
0)
1"
#79930
0"
#79940
b1000 '
1"
#79950
0"
#79960
b1001 '
1"
#79970
0"
#79980
b0 '
1"
#79990
0"
#80000
1&
1!
b1 '
1(
1"
1#
#80010
0"
#80020
0&
b10 '
1)
1"
#80030
0"
#80040
b11 '
1"
#80050
0"
#80060
b100 '
1"
#80070
0"
#80080
b101 '
1"
#80090
0"
#80100
0!
b110 '
0(
1"
0#
#80110
0"
#80120
b111 '
0)
1"
#80130
0"
#80140
b1000 '
1"
#80150
0"
#80160
b1001 '
1"
#80170
0"
#80180
b0 '
1"
#80190
0"
#80200
1&
1!
b1 '
1(
1"
1#
#80210
0"
#80220
0&
b10 '
1)
1"
#80230
0"
#80240
b11 '
1"
#80250
0"
#80260
b100 '
1"
#80270
0"
#80280
b101 '
1"
#80290
0"
#80300
0!
b110 '
0(
1"
0#
#80310
0"
#80320
b111 '
0)
1"
#80330
0"
#80340
b1000 '
1"
#80350
0"
#80360
b1001 '
1"
#80370
0"
#80380
b0 '
1"
#80390
0"
#80400
1&
1!
b1 '
1(
1"
1#
#80410
0"
#80420
0&
b10 '
1)
1"
#80430
0"
#80440
b11 '
1"
#80450
0"
#80460
b100 '
1"
#80470
0"
#80480
b101 '
1"
#80490
0"
#80500
0!
b110 '
0(
1"
0#
#80510
0"
#80520
b111 '
0)
1"
#80530
0"
#80540
b1000 '
1"
#80550
0"
#80560
b1001 '
1"
#80570
0"
#80580
b0 '
1"
#80590
0"
#80600
1&
1!
b1 '
1(
1"
1#
#80610
0"
#80620
0&
b10 '
1)
1"
#80630
0"
#80640
b11 '
1"
#80650
0"
#80660
b100 '
1"
#80670
0"
#80680
b101 '
1"
#80690
0"
#80700
0!
b110 '
0(
1"
0#
#80710
0"
#80720
b111 '
0)
1"
#80730
0"
#80740
b1000 '
1"
#80750
0"
#80760
b1001 '
1"
#80770
0"
#80780
b0 '
1"
#80790
0"
#80800
1&
1!
b1 '
1(
1"
1#
#80810
0"
#80820
0&
b10 '
1)
1"
#80830
0"
#80840
b11 '
1"
#80850
0"
#80860
b100 '
1"
#80870
0"
#80880
b101 '
1"
#80890
0"
#80900
0!
b110 '
0(
1"
0#
#80910
0"
#80920
b111 '
0)
1"
#80930
0"
#80940
b1000 '
1"
#80950
0"
#80960
b1001 '
1"
#80970
0"
#80980
b0 '
1"
#80990
0"
#81000
1&
1!
b1 '
1(
1"
1#
#81010
0"
#81020
0&
b10 '
1)
1"
#81030
0"
#81040
b11 '
1"
#81050
0"
#81060
b100 '
1"
#81070
0"
#81080
b101 '
1"
#81090
0"
#81100
0!
b110 '
0(
1"
0#
#81110
0"
#81120
b111 '
0)
1"
#81130
0"
#81140
b1000 '
1"
#81150
0"
#81160
b1001 '
1"
#81170
0"
#81180
b0 '
1"
#81190
0"
#81200
1&
1!
b1 '
1(
1"
1#
#81210
0"
#81220
0&
b10 '
1)
1"
#81230
0"
#81240
b11 '
1"
#81250
0"
#81260
b100 '
1"
#81270
0"
#81280
b101 '
1"
#81290
0"
#81300
0!
b110 '
0(
1"
0#
#81310
0"
#81320
b111 '
0)
1"
#81330
0"
#81340
b1000 '
1"
#81350
0"
#81360
b1001 '
1"
#81370
0"
#81380
b0 '
1"
#81390
0"
#81400
1&
1!
b1 '
1(
1"
1#
#81410
0"
#81420
0&
b10 '
1)
1"
#81430
0"
#81440
b11 '
1"
#81450
0"
#81460
b100 '
1"
#81470
0"
#81480
b101 '
1"
#81490
0"
#81500
0!
b110 '
0(
1"
0#
#81510
0"
#81520
b111 '
0)
1"
#81530
0"
#81540
b1000 '
1"
#81550
0"
#81560
b1001 '
1"
#81570
0"
#81580
b0 '
1"
#81590
0"
#81600
1&
1!
b1 '
1(
1"
1#
#81610
0"
#81620
0&
b10 '
1)
1"
#81630
0"
#81640
b11 '
1"
#81650
0"
#81660
b100 '
1"
#81670
0"
#81680
b101 '
1"
#81690
0"
#81700
0!
b110 '
0(
1"
0#
#81710
0"
#81720
b111 '
0)
1"
#81730
0"
#81740
b1000 '
1"
#81750
0"
#81760
b1001 '
1"
#81770
0"
#81780
b0 '
1"
#81790
0"
#81800
1&
1!
b1 '
1(
1"
1#
#81810
0"
#81820
0&
b10 '
1)
1"
#81830
0"
#81840
b11 '
1"
#81850
0"
#81860
b100 '
1"
#81870
0"
#81880
b101 '
1"
#81890
0"
#81900
0!
b110 '
0(
1"
0#
#81910
0"
#81920
b111 '
0)
1"
#81930
0"
#81940
b1000 '
1"
#81950
0"
#81960
b1001 '
1"
#81970
0"
#81980
b0 '
1"
#81990
0"
#82000
1&
1!
b1 '
1(
1"
1#
#82010
0"
#82020
0&
b10 '
1)
1"
#82030
0"
#82040
b11 '
1"
#82050
0"
#82060
b100 '
1"
#82070
0"
#82080
b101 '
1"
#82090
0"
#82100
0!
b110 '
0(
1"
0#
#82110
0"
#82120
b111 '
0)
1"
#82130
0"
#82140
b1000 '
1"
#82150
0"
#82160
b1001 '
1"
#82170
0"
#82180
b0 '
1"
#82190
0"
#82200
1&
1!
b1 '
1(
1"
1#
#82210
0"
#82220
0&
b10 '
1)
1"
#82230
0"
#82240
b11 '
1"
#82250
0"
#82260
b100 '
1"
#82270
0"
#82280
b101 '
1"
#82290
0"
#82300
0!
b110 '
0(
1"
0#
#82310
0"
#82320
b111 '
0)
1"
#82330
0"
#82340
b1000 '
1"
#82350
0"
#82360
b1001 '
1"
#82370
0"
#82380
b0 '
1"
#82390
0"
#82400
1&
1!
b1 '
1(
1"
1#
#82410
0"
#82420
0&
b10 '
1)
1"
#82430
0"
#82440
b11 '
1"
#82450
0"
#82460
b100 '
1"
#82470
0"
#82480
b101 '
1"
#82490
0"
#82500
0!
b110 '
0(
1"
0#
#82510
0"
#82520
b111 '
0)
1"
#82530
0"
#82540
b1000 '
1"
#82550
0"
#82560
b1001 '
1"
#82570
0"
#82580
b0 '
1"
#82590
0"
#82600
1&
1!
b1 '
1(
1"
1#
#82610
0"
#82620
0&
b10 '
1)
1"
#82630
0"
#82640
b11 '
1"
#82650
0"
#82660
b100 '
1"
#82670
0"
#82680
b101 '
1"
#82690
0"
#82700
0!
b110 '
0(
1"
0#
#82710
0"
#82720
b111 '
0)
1"
#82730
0"
#82740
b1000 '
1"
#82750
0"
#82760
b1001 '
1"
#82770
0"
#82780
b0 '
1"
#82790
0"
#82800
1&
1!
b1 '
1(
1"
1#
#82810
0"
#82820
0&
b10 '
1)
1"
#82830
0"
#82840
b11 '
1"
#82850
0"
#82860
b100 '
1"
#82870
0"
#82880
b101 '
1"
#82890
0"
#82900
0!
b110 '
0(
1"
0#
#82910
0"
#82920
b111 '
0)
1"
#82930
0"
#82940
b1000 '
1"
#82950
0"
#82960
b1001 '
1"
#82970
0"
#82980
b0 '
1"
#82990
0"
#83000
1&
1!
b1 '
1(
1"
1#
#83010
0"
#83020
0&
b10 '
1)
1"
#83030
0"
#83040
b11 '
1"
#83050
0"
#83060
b100 '
1"
#83070
0"
#83080
b101 '
1"
#83090
0"
#83100
0!
b110 '
0(
1"
0#
#83110
0"
#83120
b111 '
0)
1"
#83130
0"
#83140
b1000 '
1"
#83150
0"
#83160
b1001 '
1"
#83170
0"
#83180
b0 '
1"
#83190
0"
#83200
1&
1!
b1 '
1(
1"
1#
#83210
0"
#83220
0&
b10 '
1)
1"
#83230
0"
#83240
b11 '
1"
#83250
0"
#83260
b100 '
1"
#83270
0"
#83280
b101 '
1"
#83290
0"
#83300
0!
b110 '
0(
1"
0#
#83310
0"
#83320
b111 '
0)
1"
#83330
0"
#83340
b1000 '
1"
#83350
0"
#83360
b1001 '
1"
#83370
0"
#83380
b0 '
1"
#83390
0"
#83400
1&
1!
b1 '
1(
1"
1#
#83410
0"
#83420
0&
b10 '
1)
1"
#83430
0"
#83440
b11 '
1"
#83450
0"
#83460
b100 '
1"
#83470
0"
#83480
b101 '
1"
#83490
0"
#83500
0!
b110 '
0(
1"
0#
#83510
0"
#83520
b111 '
0)
1"
#83530
0"
#83540
b1000 '
1"
#83550
0"
#83560
b1001 '
1"
#83570
0"
#83580
b0 '
1"
#83590
0"
#83600
1&
1!
b1 '
1(
1"
1#
#83610
0"
#83620
0&
b10 '
1)
1"
#83630
0"
#83640
b11 '
1"
#83650
0"
#83660
b100 '
1"
#83670
0"
#83680
b101 '
1"
#83690
0"
#83700
0!
b110 '
0(
1"
0#
#83710
0"
#83720
b111 '
0)
1"
#83730
0"
#83740
b1000 '
1"
#83750
0"
#83760
b1001 '
1"
#83770
0"
#83780
b0 '
1"
#83790
0"
#83800
1&
1!
b1 '
1(
1"
1#
#83810
0"
#83820
0&
b10 '
1)
1"
#83830
0"
#83840
b11 '
1"
#83850
0"
#83860
b100 '
1"
#83870
0"
#83880
b101 '
1"
#83890
0"
#83900
0!
b110 '
0(
1"
0#
#83910
0"
#83920
b111 '
0)
1"
#83930
0"
#83940
b1000 '
1"
#83950
0"
#83960
b1001 '
1"
#83970
0"
#83980
b0 '
1"
#83990
0"
#84000
1&
1!
b1 '
1(
1"
1#
#84010
0"
#84020
0&
b10 '
1)
1"
#84030
0"
#84040
b11 '
1"
#84050
0"
#84060
b100 '
1"
#84070
0"
#84080
b101 '
1"
#84090
0"
#84100
0!
b110 '
0(
1"
0#
#84110
0"
#84120
b111 '
0)
1"
#84130
0"
#84140
b1000 '
1"
#84150
0"
#84160
b1001 '
1"
#84170
0"
#84180
b0 '
1"
#84190
0"
#84200
1&
1!
b1 '
1(
1"
1#
#84210
0"
#84220
0&
b10 '
1)
1"
#84230
0"
#84240
b11 '
1"
#84250
0"
#84260
b100 '
1"
#84270
0"
#84280
b101 '
1"
#84290
0"
#84300
0!
b110 '
0(
1"
0#
#84310
0"
#84320
b111 '
0)
1"
#84330
0"
#84340
b1000 '
1"
#84350
0"
#84360
b1001 '
1"
#84370
0"
#84380
b0 '
1"
#84390
0"
#84400
1&
1!
b1 '
1(
1"
1#
#84410
0"
#84420
0&
b10 '
1)
1"
#84430
0"
#84440
b11 '
1"
#84450
0"
#84460
b100 '
1"
#84470
0"
#84480
b101 '
1"
#84490
0"
#84500
0!
b110 '
0(
1"
0#
#84510
0"
#84520
b111 '
0)
1"
#84530
0"
#84540
b1000 '
1"
#84550
0"
#84560
b1001 '
1"
#84570
0"
#84580
b0 '
1"
#84590
0"
#84600
1&
1!
b1 '
1(
1"
1#
#84610
0"
#84620
0&
b10 '
1)
1"
#84630
0"
#84640
b11 '
1"
#84650
0"
#84660
b100 '
1"
#84670
0"
#84680
b101 '
1"
#84690
0"
#84700
0!
b110 '
0(
1"
0#
#84710
0"
#84720
b111 '
0)
1"
#84730
0"
#84740
b1000 '
1"
#84750
0"
#84760
b1001 '
1"
#84770
0"
#84780
b0 '
1"
#84790
0"
#84800
1&
1!
b1 '
1(
1"
1#
#84810
0"
#84820
0&
b10 '
1)
1"
#84830
0"
#84840
b11 '
1"
#84850
0"
#84860
b100 '
1"
#84870
0"
#84880
b101 '
1"
#84890
0"
#84900
0!
b110 '
0(
1"
0#
#84910
0"
#84920
b111 '
0)
1"
#84930
0"
#84940
b1000 '
1"
#84950
0"
#84960
b1001 '
1"
#84970
0"
#84980
b0 '
1"
#84990
0"
#85000
1&
1!
b1 '
1(
1"
1#
#85010
0"
#85020
0&
b10 '
1)
1"
#85030
0"
#85040
b11 '
1"
#85050
0"
#85060
b100 '
1"
#85070
0"
#85080
b101 '
1"
#85090
0"
#85100
0!
b110 '
0(
1"
0#
#85110
0"
#85120
b111 '
0)
1"
#85130
0"
#85140
b1000 '
1"
#85150
0"
#85160
b1001 '
1"
#85170
0"
#85180
b0 '
1"
#85190
0"
#85200
1&
1!
b1 '
1(
1"
1#
#85210
0"
#85220
0&
b10 '
1)
1"
#85230
0"
#85240
b11 '
1"
#85250
0"
#85260
b100 '
1"
#85270
0"
#85280
b101 '
1"
#85290
0"
#85300
0!
b110 '
0(
1"
0#
#85310
0"
#85320
b111 '
0)
1"
#85330
0"
#85340
b1000 '
1"
#85350
0"
#85360
b1001 '
1"
#85370
0"
#85380
b0 '
1"
#85390
0"
#85400
1&
1!
b1 '
1(
1"
1#
#85410
0"
#85420
0&
b10 '
1)
1"
#85430
0"
#85440
b11 '
1"
#85450
0"
#85460
b100 '
1"
#85470
0"
#85480
b101 '
1"
#85490
0"
#85500
0!
b110 '
0(
1"
0#
#85510
0"
#85520
b111 '
0)
1"
#85530
0"
#85540
b1000 '
1"
#85550
0"
#85560
b1001 '
1"
#85570
0"
#85580
b0 '
1"
#85590
0"
#85600
1&
1!
b1 '
1(
1"
1#
#85610
0"
#85620
0&
b10 '
1)
1"
#85630
0"
#85640
b11 '
1"
#85650
0"
#85660
b100 '
1"
#85670
0"
#85680
b101 '
1"
#85690
0"
#85700
0!
b110 '
0(
1"
0#
#85710
0"
#85720
b111 '
0)
1"
#85730
0"
#85740
b1000 '
1"
#85750
0"
#85760
b1001 '
1"
#85770
0"
#85780
b0 '
1"
#85790
0"
#85800
1&
1!
b1 '
1(
1"
1#
#85810
0"
#85820
0&
b10 '
1)
1"
#85830
0"
#85840
b11 '
1"
#85850
0"
#85860
b100 '
1"
#85870
0"
#85880
b101 '
1"
#85890
0"
#85900
0!
b110 '
0(
1"
0#
#85910
0"
#85920
b111 '
0)
1"
#85930
0"
#85940
b1000 '
1"
#85950
0"
#85960
b1001 '
1"
#85970
0"
#85980
b0 '
1"
#85990
0"
#86000
1&
1!
b1 '
1(
1"
1#
#86010
0"
#86020
0&
b10 '
1)
1"
#86030
0"
#86040
b11 '
1"
#86050
0"
#86060
b100 '
1"
#86070
0"
#86080
b101 '
1"
#86090
0"
#86100
0!
b110 '
0(
1"
0#
#86110
0"
#86120
b111 '
0)
1"
#86130
0"
#86140
b1000 '
1"
#86150
0"
#86160
b1001 '
1"
#86170
0"
#86180
b0 '
1"
#86190
0"
#86200
1&
1!
b1 '
1(
1"
1#
#86210
0"
#86220
0&
b10 '
1)
1"
#86230
0"
#86240
b11 '
1"
#86250
0"
#86260
b100 '
1"
#86270
0"
#86280
b101 '
1"
#86290
0"
#86300
0!
b110 '
0(
1"
0#
#86310
0"
#86320
b111 '
0)
1"
#86330
0"
#86340
b1000 '
1"
#86350
0"
#86360
b1001 '
1"
#86370
0"
#86380
b0 '
1"
#86390
0"
#86400
1&
1!
b1 '
1(
1"
1#
#86410
0"
#86420
0&
b10 '
1)
1"
#86430
0"
#86440
b11 '
1"
#86450
0"
#86460
b100 '
1"
#86470
0"
#86480
b101 '
1"
#86490
0"
#86500
0!
b110 '
0(
1"
0#
#86510
0"
#86520
b111 '
0)
1"
#86530
0"
#86540
b1000 '
1"
#86550
0"
#86560
b1001 '
1"
#86570
0"
#86580
b0 '
1"
#86590
0"
#86600
1&
1!
b1 '
1(
1"
1#
#86610
0"
#86620
0&
b10 '
1)
1"
#86630
0"
#86640
b11 '
1"
#86650
0"
#86660
b100 '
1"
#86670
0"
#86680
b101 '
1"
#86690
0"
#86700
0!
b110 '
0(
1"
0#
#86710
0"
#86720
b111 '
0)
1"
#86730
0"
#86740
b1000 '
1"
#86750
0"
#86760
b1001 '
1"
#86770
0"
#86780
b0 '
1"
#86790
0"
#86800
1&
1!
b1 '
1(
1"
1#
#86810
0"
#86820
0&
b10 '
1)
1"
#86830
0"
#86840
b11 '
1"
#86850
0"
#86860
b100 '
1"
#86870
0"
#86880
b101 '
1"
#86890
0"
#86900
0!
b110 '
0(
1"
0#
#86910
0"
#86920
b111 '
0)
1"
#86930
0"
#86940
b1000 '
1"
#86950
0"
#86960
b1001 '
1"
#86970
0"
#86980
b0 '
1"
#86990
0"
#87000
1&
1!
b1 '
1(
1"
1#
#87010
0"
#87020
0&
b10 '
1)
1"
#87030
0"
#87040
b11 '
1"
#87050
0"
#87060
b100 '
1"
#87070
0"
#87080
b101 '
1"
#87090
0"
#87100
0!
b110 '
0(
1"
0#
#87110
0"
#87120
b111 '
0)
1"
#87130
0"
#87140
b1000 '
1"
#87150
0"
#87160
b1001 '
1"
#87170
0"
#87180
b0 '
1"
#87190
0"
#87200
1&
1!
b1 '
1(
1"
1#
#87210
0"
#87220
0&
b10 '
1)
1"
#87230
0"
#87240
b11 '
1"
#87250
0"
#87260
b100 '
1"
#87270
0"
#87280
b101 '
1"
#87290
0"
#87300
0!
b110 '
0(
1"
0#
#87310
0"
#87320
b111 '
0)
1"
#87330
0"
#87340
b1000 '
1"
#87350
0"
#87360
b1001 '
1"
#87370
0"
#87380
b0 '
1"
#87390
0"
#87400
1&
1!
b1 '
1(
1"
1#
#87410
0"
#87420
0&
b10 '
1)
1"
#87430
0"
#87440
b11 '
1"
#87450
0"
#87460
b100 '
1"
#87470
0"
#87480
b101 '
1"
#87490
0"
#87500
0!
b110 '
0(
1"
0#
#87510
0"
#87520
b111 '
0)
1"
#87530
0"
#87540
b1000 '
1"
#87550
0"
#87560
b1001 '
1"
#87570
0"
#87580
b0 '
1"
#87590
0"
#87600
1&
1!
b1 '
1(
1"
1#
#87610
0"
#87620
0&
b10 '
1)
1"
#87630
0"
#87640
b11 '
1"
#87650
0"
#87660
b100 '
1"
#87670
0"
#87680
b101 '
1"
#87690
0"
#87700
0!
b110 '
0(
1"
0#
#87710
0"
#87720
b111 '
0)
1"
#87730
0"
#87740
b1000 '
1"
#87750
0"
#87760
b1001 '
1"
#87770
0"
#87780
b0 '
1"
#87790
0"
#87800
1&
1!
b1 '
1(
1"
1#
#87810
0"
#87820
0&
b10 '
1)
1"
#87830
0"
#87840
b11 '
1"
#87850
0"
#87860
b100 '
1"
#87870
0"
#87880
b101 '
1"
#87890
0"
#87900
0!
b110 '
0(
1"
0#
#87910
0"
#87920
b111 '
0)
1"
#87930
0"
#87940
b1000 '
1"
#87950
0"
#87960
b1001 '
1"
#87970
0"
#87980
b0 '
1"
#87990
0"
#88000
1&
1!
b1 '
1(
1"
1#
#88010
0"
#88020
0&
b10 '
1)
1"
#88030
0"
#88040
b11 '
1"
#88050
0"
#88060
b100 '
1"
#88070
0"
#88080
b101 '
1"
#88090
0"
#88100
0!
b110 '
0(
1"
0#
#88110
0"
#88120
b111 '
0)
1"
#88130
0"
#88140
b1000 '
1"
#88150
0"
#88160
b1001 '
1"
#88170
0"
#88180
b0 '
1"
#88190
0"
#88200
1&
1!
b1 '
1(
1"
1#
#88210
0"
#88220
0&
b10 '
1)
1"
#88230
0"
#88240
b11 '
1"
#88250
0"
#88260
b100 '
1"
#88270
0"
#88280
b101 '
1"
#88290
0"
#88300
0!
b110 '
0(
1"
0#
#88310
0"
#88320
b111 '
0)
1"
#88330
0"
#88340
b1000 '
1"
#88350
0"
#88360
b1001 '
1"
#88370
0"
#88380
b0 '
1"
#88390
0"
#88400
1&
1!
b1 '
1(
1"
1#
#88410
0"
#88420
0&
b10 '
1)
1"
#88430
0"
#88440
b11 '
1"
#88450
0"
#88460
b100 '
1"
#88470
0"
#88480
b101 '
1"
#88490
0"
#88500
0!
b110 '
0(
1"
0#
#88510
0"
#88520
b111 '
0)
1"
#88530
0"
#88540
b1000 '
1"
#88550
0"
#88560
b1001 '
1"
#88570
0"
#88580
b0 '
1"
#88590
0"
#88600
1&
1!
b1 '
1(
1"
1#
#88610
0"
#88620
0&
b10 '
1)
1"
#88630
0"
#88640
b11 '
1"
#88650
0"
#88660
b100 '
1"
#88670
0"
#88680
b101 '
1"
#88690
0"
#88700
0!
b110 '
0(
1"
0#
#88710
0"
#88720
b111 '
0)
1"
#88730
0"
#88740
b1000 '
1"
#88750
0"
#88760
b1001 '
1"
#88770
0"
#88780
b0 '
1"
#88790
0"
#88800
1&
1!
b1 '
1(
1"
1#
#88810
0"
#88820
0&
b10 '
1)
1"
#88830
0"
#88840
b11 '
1"
#88850
0"
#88860
b100 '
1"
#88870
0"
#88880
b101 '
1"
#88890
0"
#88900
0!
b110 '
0(
1"
0#
#88910
0"
#88920
b111 '
0)
1"
#88930
0"
#88940
b1000 '
1"
#88950
0"
#88960
b1001 '
1"
#88970
0"
#88980
b0 '
1"
#88990
0"
#89000
1&
1!
b1 '
1(
1"
1#
#89010
0"
#89020
0&
b10 '
1)
1"
#89030
0"
#89040
b11 '
1"
#89050
0"
#89060
b100 '
1"
#89070
0"
#89080
b101 '
1"
#89090
0"
#89100
0!
b110 '
0(
1"
0#
#89110
0"
#89120
b111 '
0)
1"
#89130
0"
#89140
b1000 '
1"
#89150
0"
#89160
b1001 '
1"
#89170
0"
#89180
b0 '
1"
#89190
0"
#89200
1&
1!
b1 '
1(
1"
1#
#89210
0"
#89220
0&
b10 '
1)
1"
#89230
0"
#89240
b11 '
1"
#89250
0"
#89260
b100 '
1"
#89270
0"
#89280
b101 '
1"
#89290
0"
#89300
0!
b110 '
0(
1"
0#
#89310
0"
#89320
b111 '
0)
1"
#89330
0"
#89340
b1000 '
1"
#89350
0"
#89360
b1001 '
1"
#89370
0"
#89380
b0 '
1"
#89390
0"
#89400
1&
1!
b1 '
1(
1"
1#
#89410
0"
#89420
0&
b10 '
1)
1"
#89430
0"
#89440
b11 '
1"
#89450
0"
#89460
b100 '
1"
#89470
0"
#89480
b101 '
1"
#89490
0"
#89500
0!
b110 '
0(
1"
0#
#89510
0"
#89520
b111 '
0)
1"
#89530
0"
#89540
b1000 '
1"
#89550
0"
#89560
b1001 '
1"
#89570
0"
#89580
b0 '
1"
#89590
0"
#89600
1&
1!
b1 '
1(
1"
1#
#89610
0"
#89620
0&
b10 '
1)
1"
#89630
0"
#89640
b11 '
1"
#89650
0"
#89660
b100 '
1"
#89670
0"
#89680
b101 '
1"
#89690
0"
#89700
0!
b110 '
0(
1"
0#
#89710
0"
#89720
b111 '
0)
1"
#89730
0"
#89740
b1000 '
1"
#89750
0"
#89760
b1001 '
1"
#89770
0"
#89780
b0 '
1"
#89790
0"
#89800
1&
1!
b1 '
1(
1"
1#
#89810
0"
#89820
0&
b10 '
1)
1"
#89830
0"
#89840
b11 '
1"
#89850
0"
#89860
b100 '
1"
#89870
0"
#89880
b101 '
1"
#89890
0"
#89900
0!
b110 '
0(
1"
0#
#89910
0"
#89920
b111 '
0)
1"
#89930
0"
#89940
b1000 '
1"
#89950
0"
#89960
b1001 '
1"
#89970
0"
#89980
b0 '
1"
#89990
0"
#90000
1&
1!
b1 '
1(
1"
1#
#90010
0"
#90020
0&
b10 '
1)
1"
#90030
0"
#90040
b11 '
1"
#90050
0"
#90060
b100 '
1"
#90070
0"
#90080
b101 '
1"
#90090
0"
#90100
0!
b110 '
0(
1"
0#
#90110
0"
#90120
b111 '
0)
1"
#90130
0"
#90140
b1000 '
1"
#90150
0"
#90160
b1001 '
1"
#90170
0"
#90180
b0 '
1"
#90190
0"
#90200
1&
1!
b1 '
1(
1"
1#
#90210
0"
#90220
0&
b10 '
1)
1"
#90230
0"
#90240
b11 '
1"
#90250
0"
#90260
b100 '
1"
#90270
0"
#90280
b101 '
1"
#90290
0"
#90300
0!
b110 '
0(
1"
0#
#90310
0"
#90320
b111 '
0)
1"
#90330
0"
#90340
b1000 '
1"
#90350
0"
#90360
b1001 '
1"
#90370
0"
#90380
b0 '
1"
#90390
0"
#90400
1&
1!
b1 '
1(
1"
1#
#90410
0"
#90420
0&
b10 '
1)
1"
#90430
0"
#90440
b11 '
1"
#90450
0"
#90460
b100 '
1"
#90470
0"
#90480
b101 '
1"
#90490
0"
#90500
0!
b110 '
0(
1"
0#
#90510
0"
#90520
b111 '
0)
1"
#90530
0"
#90540
b1000 '
1"
#90550
0"
#90560
b1001 '
1"
#90570
0"
#90580
b0 '
1"
#90590
0"
#90600
1&
1!
b1 '
1(
1"
1#
#90610
0"
#90620
0&
b10 '
1)
1"
#90630
0"
#90640
b11 '
1"
#90650
0"
#90660
b100 '
1"
#90670
0"
#90680
b101 '
1"
#90690
0"
#90700
0!
b110 '
0(
1"
0#
#90710
0"
#90720
b111 '
0)
1"
#90730
0"
#90740
b1000 '
1"
#90750
0"
#90760
b1001 '
1"
#90770
0"
#90780
b0 '
1"
#90790
0"
#90800
1&
1!
b1 '
1(
1"
1#
#90810
0"
#90820
0&
b10 '
1)
1"
#90830
0"
#90840
b11 '
1"
#90850
0"
#90860
b100 '
1"
#90870
0"
#90880
b101 '
1"
#90890
0"
#90900
0!
b110 '
0(
1"
0#
#90910
0"
#90920
b111 '
0)
1"
#90930
0"
#90940
b1000 '
1"
#90950
0"
#90960
b1001 '
1"
#90970
0"
#90980
b0 '
1"
#90990
0"
#91000
1&
1!
b1 '
1(
1"
1#
#91010
0"
#91020
0&
b10 '
1)
1"
#91030
0"
#91040
b11 '
1"
#91050
0"
#91060
b100 '
1"
#91070
0"
#91080
b101 '
1"
#91090
0"
#91100
0!
b110 '
0(
1"
0#
#91110
0"
#91120
b111 '
0)
1"
#91130
0"
#91140
b1000 '
1"
#91150
0"
#91160
b1001 '
1"
#91170
0"
#91180
b0 '
1"
#91190
0"
#91200
1&
1!
b1 '
1(
1"
1#
#91210
0"
#91220
0&
b10 '
1)
1"
#91230
0"
#91240
b11 '
1"
#91250
0"
#91260
b100 '
1"
#91270
0"
#91280
b101 '
1"
#91290
0"
#91300
0!
b110 '
0(
1"
0#
#91310
0"
#91320
b111 '
0)
1"
#91330
0"
#91340
b1000 '
1"
#91350
0"
#91360
b1001 '
1"
#91370
0"
#91380
b0 '
1"
#91390
0"
#91400
1&
1!
b1 '
1(
1"
1#
#91410
0"
#91420
0&
b10 '
1)
1"
#91430
0"
#91440
b11 '
1"
#91450
0"
#91460
b100 '
1"
#91470
0"
#91480
b101 '
1"
#91490
0"
#91500
0!
b110 '
0(
1"
0#
#91510
0"
#91520
b111 '
0)
1"
#91530
0"
#91540
b1000 '
1"
#91550
0"
#91560
b1001 '
1"
#91570
0"
#91580
b0 '
1"
#91590
0"
#91600
1&
1!
b1 '
1(
1"
1#
#91610
0"
#91620
0&
b10 '
1)
1"
#91630
0"
#91640
b11 '
1"
#91650
0"
#91660
b100 '
1"
#91670
0"
#91680
b101 '
1"
#91690
0"
#91700
0!
b110 '
0(
1"
0#
#91710
0"
#91720
b111 '
0)
1"
#91730
0"
#91740
b1000 '
1"
#91750
0"
#91760
b1001 '
1"
#91770
0"
#91780
b0 '
1"
#91790
0"
#91800
1&
1!
b1 '
1(
1"
1#
#91810
0"
#91820
0&
b10 '
1)
1"
#91830
0"
#91840
b11 '
1"
#91850
0"
#91860
b100 '
1"
#91870
0"
#91880
b101 '
1"
#91890
0"
#91900
0!
b110 '
0(
1"
0#
#91910
0"
#91920
b111 '
0)
1"
#91930
0"
#91940
b1000 '
1"
#91950
0"
#91960
b1001 '
1"
#91970
0"
#91980
b0 '
1"
#91990
0"
#92000
1&
1!
b1 '
1(
1"
1#
#92010
0"
#92020
0&
b10 '
1)
1"
#92030
0"
#92040
b11 '
1"
#92050
0"
#92060
b100 '
1"
#92070
0"
#92080
b101 '
1"
#92090
0"
#92100
0!
b110 '
0(
1"
0#
#92110
0"
#92120
b111 '
0)
1"
#92130
0"
#92140
b1000 '
1"
#92150
0"
#92160
b1001 '
1"
#92170
0"
#92180
b0 '
1"
#92190
0"
#92200
1&
1!
b1 '
1(
1"
1#
#92210
0"
#92220
0&
b10 '
1)
1"
#92230
0"
#92240
b11 '
1"
#92250
0"
#92260
b100 '
1"
#92270
0"
#92280
b101 '
1"
#92290
0"
#92300
0!
b110 '
0(
1"
0#
#92310
0"
#92320
b111 '
0)
1"
#92330
0"
#92340
b1000 '
1"
#92350
0"
#92360
b1001 '
1"
#92370
0"
#92380
b0 '
1"
#92390
0"
#92400
1&
1!
b1 '
1(
1"
1#
#92410
0"
#92420
0&
b10 '
1)
1"
#92430
0"
#92440
b11 '
1"
#92450
0"
#92460
b100 '
1"
#92470
0"
#92480
b101 '
1"
#92490
0"
#92500
0!
b110 '
0(
1"
0#
#92510
0"
#92520
b111 '
0)
1"
#92530
0"
#92540
b1000 '
1"
#92550
0"
#92560
b1001 '
1"
#92570
0"
#92580
b0 '
1"
#92590
0"
#92600
1&
1!
b1 '
1(
1"
1#
#92610
0"
#92620
0&
b10 '
1)
1"
#92630
0"
#92640
b11 '
1"
#92650
0"
#92660
b100 '
1"
#92670
0"
#92680
b101 '
1"
#92690
0"
#92700
0!
b110 '
0(
1"
0#
#92710
0"
#92720
b111 '
0)
1"
#92730
0"
#92740
b1000 '
1"
#92750
0"
#92760
b1001 '
1"
#92770
0"
#92780
b0 '
1"
#92790
0"
#92800
1&
1!
b1 '
1(
1"
1#
#92810
0"
#92820
0&
b10 '
1)
1"
#92830
0"
#92840
b11 '
1"
#92850
0"
#92860
b100 '
1"
#92870
0"
#92880
b101 '
1"
#92890
0"
#92900
0!
b110 '
0(
1"
0#
#92910
0"
#92920
b111 '
0)
1"
#92930
0"
#92940
b1000 '
1"
#92950
0"
#92960
b1001 '
1"
#92970
0"
#92980
b0 '
1"
#92990
0"
#93000
1&
1!
b1 '
1(
1"
1#
#93010
0"
#93020
0&
b10 '
1)
1"
#93030
0"
#93040
b11 '
1"
#93050
0"
#93060
b100 '
1"
#93070
0"
#93080
b101 '
1"
#93090
0"
#93100
0!
b110 '
0(
1"
0#
#93110
0"
#93120
b111 '
0)
1"
#93130
0"
#93140
b1000 '
1"
#93150
0"
#93160
b1001 '
1"
#93170
0"
#93180
b0 '
1"
#93190
0"
#93200
1&
1!
b1 '
1(
1"
1#
#93210
0"
#93220
0&
b10 '
1)
1"
#93230
0"
#93240
b11 '
1"
#93250
0"
#93260
b100 '
1"
#93270
0"
#93280
b101 '
1"
#93290
0"
#93300
0!
b110 '
0(
1"
0#
#93310
0"
#93320
b111 '
0)
1"
#93330
0"
#93340
b1000 '
1"
#93350
0"
#93360
b1001 '
1"
#93370
0"
#93380
b0 '
1"
#93390
0"
#93400
1&
1!
b1 '
1(
1"
1#
#93410
0"
#93420
0&
b10 '
1)
1"
#93430
0"
#93440
b11 '
1"
#93450
0"
#93460
b100 '
1"
#93470
0"
#93480
b101 '
1"
#93490
0"
#93500
0!
b110 '
0(
1"
0#
#93510
0"
#93520
b111 '
0)
1"
#93530
0"
#93540
b1000 '
1"
#93550
0"
#93560
b1001 '
1"
#93570
0"
#93580
b0 '
1"
#93590
0"
#93600
1&
1!
b1 '
1(
1"
1#
#93610
0"
#93620
0&
b10 '
1)
1"
#93630
0"
#93640
b11 '
1"
#93650
0"
#93660
b100 '
1"
#93670
0"
#93680
b101 '
1"
#93690
0"
#93700
0!
b110 '
0(
1"
0#
#93710
0"
#93720
b111 '
0)
1"
#93730
0"
#93740
b1000 '
1"
#93750
0"
#93760
b1001 '
1"
#93770
0"
#93780
b0 '
1"
#93790
0"
#93800
1&
1!
b1 '
1(
1"
1#
#93810
0"
#93820
0&
b10 '
1)
1"
#93830
0"
#93840
b11 '
1"
#93850
0"
#93860
b100 '
1"
#93870
0"
#93880
b101 '
1"
#93890
0"
#93900
0!
b110 '
0(
1"
0#
#93910
0"
#93920
b111 '
0)
1"
#93930
0"
#93940
b1000 '
1"
#93950
0"
#93960
b1001 '
1"
#93970
0"
#93980
b0 '
1"
#93990
0"
#94000
1&
1!
b1 '
1(
1"
1#
#94010
0"
#94020
0&
b10 '
1)
1"
#94030
0"
#94040
b11 '
1"
#94050
0"
#94060
b100 '
1"
#94070
0"
#94080
b101 '
1"
#94090
0"
#94100
0!
b110 '
0(
1"
0#
#94110
0"
#94120
b111 '
0)
1"
#94130
0"
#94140
b1000 '
1"
#94150
0"
#94160
b1001 '
1"
#94170
0"
#94180
b0 '
1"
#94190
0"
#94200
1&
1!
b1 '
1(
1"
1#
#94210
0"
#94220
0&
b10 '
1)
1"
#94230
0"
#94240
b11 '
1"
#94250
0"
#94260
b100 '
1"
#94270
0"
#94280
b101 '
1"
#94290
0"
#94300
0!
b110 '
0(
1"
0#
#94310
0"
#94320
b111 '
0)
1"
#94330
0"
#94340
b1000 '
1"
#94350
0"
#94360
b1001 '
1"
#94370
0"
#94380
b0 '
1"
#94390
0"
#94400
1&
1!
b1 '
1(
1"
1#
#94410
0"
#94420
0&
b10 '
1)
1"
#94430
0"
#94440
b11 '
1"
#94450
0"
#94460
b100 '
1"
#94470
0"
#94480
b101 '
1"
#94490
0"
#94500
0!
b110 '
0(
1"
0#
#94510
0"
#94520
b111 '
0)
1"
#94530
0"
#94540
b1000 '
1"
#94550
0"
#94560
b1001 '
1"
#94570
0"
#94580
b0 '
1"
#94590
0"
#94600
1&
1!
b1 '
1(
1"
1#
#94610
0"
#94620
0&
b10 '
1)
1"
#94630
0"
#94640
b11 '
1"
#94650
0"
#94660
b100 '
1"
#94670
0"
#94680
b101 '
1"
#94690
0"
#94700
0!
b110 '
0(
1"
0#
#94710
0"
#94720
b111 '
0)
1"
#94730
0"
#94740
b1000 '
1"
#94750
0"
#94760
b1001 '
1"
#94770
0"
#94780
b0 '
1"
#94790
0"
#94800
1&
1!
b1 '
1(
1"
1#
#94810
0"
#94820
0&
b10 '
1)
1"
#94830
0"
#94840
b11 '
1"
#94850
0"
#94860
b100 '
1"
#94870
0"
#94880
b101 '
1"
#94890
0"
#94900
0!
b110 '
0(
1"
0#
#94910
0"
#94920
b111 '
0)
1"
#94930
0"
#94940
b1000 '
1"
#94950
0"
#94960
b1001 '
1"
#94970
0"
#94980
b0 '
1"
#94990
0"
#95000
1&
1!
b1 '
1(
1"
1#
#95010
0"
#95020
0&
b10 '
1)
1"
#95030
0"
#95040
b11 '
1"
#95050
0"
#95060
b100 '
1"
#95070
0"
#95080
b101 '
1"
#95090
0"
#95100
0!
b110 '
0(
1"
0#
#95110
0"
#95120
b111 '
0)
1"
#95130
0"
#95140
b1000 '
1"
#95150
0"
#95160
b1001 '
1"
#95170
0"
#95180
b0 '
1"
#95190
0"
#95200
1&
1!
b1 '
1(
1"
1#
#95210
0"
#95220
0&
b10 '
1)
1"
#95230
0"
#95240
b11 '
1"
#95250
0"
#95260
b100 '
1"
#95270
0"
#95280
b101 '
1"
#95290
0"
#95300
0!
b110 '
0(
1"
0#
#95310
0"
#95320
b111 '
0)
1"
#95330
0"
#95340
b1000 '
1"
#95350
0"
#95360
b1001 '
1"
#95370
0"
#95380
b0 '
1"
#95390
0"
#95400
1&
1!
b1 '
1(
1"
1#
#95410
0"
#95420
0&
b10 '
1)
1"
#95430
0"
#95440
b11 '
1"
#95450
0"
#95460
b100 '
1"
#95470
0"
#95480
b101 '
1"
#95490
0"
#95500
0!
b110 '
0(
1"
0#
#95510
0"
#95520
b111 '
0)
1"
#95530
0"
#95540
b1000 '
1"
#95550
0"
#95560
b1001 '
1"
#95570
0"
#95580
b0 '
1"
#95590
0"
#95600
1&
1!
b1 '
1(
1"
1#
#95610
0"
#95620
0&
b10 '
1)
1"
#95630
0"
#95640
b11 '
1"
#95650
0"
#95660
b100 '
1"
#95670
0"
#95680
b101 '
1"
#95690
0"
#95700
0!
b110 '
0(
1"
0#
#95710
0"
#95720
b111 '
0)
1"
#95730
0"
#95740
b1000 '
1"
#95750
0"
#95760
b1001 '
1"
#95770
0"
#95780
b0 '
1"
#95790
0"
#95800
1&
1!
b1 '
1(
1"
1#
#95810
0"
#95820
0&
b10 '
1)
1"
#95830
0"
#95840
b11 '
1"
#95850
0"
#95860
b100 '
1"
#95870
0"
#95880
b101 '
1"
#95890
0"
#95900
0!
b110 '
0(
1"
0#
#95910
0"
#95920
b111 '
0)
1"
#95930
0"
#95940
b1000 '
1"
#95950
0"
#95960
b1001 '
1"
#95970
0"
#95980
b0 '
1"
#95990
0"
#96000
1&
1!
b1 '
1(
1"
1#
#96010
0"
#96020
0&
b10 '
1)
1"
#96030
0"
#96040
b11 '
1"
#96050
0"
#96060
b100 '
1"
#96070
0"
#96080
b101 '
1"
#96090
0"
#96100
0!
b110 '
0(
1"
0#
#96110
0"
#96120
b111 '
0)
1"
#96130
0"
#96140
b1000 '
1"
#96150
0"
#96160
b1001 '
1"
#96170
0"
#96180
b0 '
1"
#96190
0"
#96200
1&
1!
b1 '
1(
1"
1#
#96210
0"
#96220
0&
b10 '
1)
1"
#96230
0"
#96240
b11 '
1"
#96250
0"
#96260
b100 '
1"
#96270
0"
#96280
b101 '
1"
#96290
0"
#96300
0!
b110 '
0(
1"
0#
#96310
0"
#96320
b111 '
0)
1"
#96330
0"
#96340
b1000 '
1"
#96350
0"
#96360
b1001 '
1"
#96370
0"
#96380
b0 '
1"
#96390
0"
#96400
1&
1!
b1 '
1(
1"
1#
#96410
0"
#96420
0&
b10 '
1)
1"
#96430
0"
#96440
b11 '
1"
#96450
0"
#96460
b100 '
1"
#96470
0"
#96480
b101 '
1"
#96490
0"
#96500
0!
b110 '
0(
1"
0#
#96510
0"
#96520
b111 '
0)
1"
#96530
0"
#96540
b1000 '
1"
#96550
0"
#96560
b1001 '
1"
#96570
0"
#96580
b0 '
1"
#96590
0"
#96600
1&
1!
b1 '
1(
1"
1#
#96610
0"
#96620
0&
b10 '
1)
1"
#96630
0"
#96640
b11 '
1"
#96650
0"
#96660
b100 '
1"
#96670
0"
#96680
b101 '
1"
#96690
0"
#96700
0!
b110 '
0(
1"
0#
#96710
0"
#96720
b111 '
0)
1"
#96730
0"
#96740
b1000 '
1"
#96750
0"
#96760
b1001 '
1"
#96770
0"
#96780
b0 '
1"
#96790
0"
#96800
1&
1!
b1 '
1(
1"
1#
#96810
0"
#96820
0&
b10 '
1)
1"
#96830
0"
#96840
b11 '
1"
#96850
0"
#96860
b100 '
1"
#96870
0"
#96880
b101 '
1"
#96890
0"
#96900
0!
b110 '
0(
1"
0#
#96910
0"
#96920
b111 '
0)
1"
#96930
0"
#96940
b1000 '
1"
#96950
0"
#96960
b1001 '
1"
#96970
0"
#96980
b0 '
1"
#96990
0"
#97000
1&
1!
b1 '
1(
1"
1#
#97010
0"
#97020
0&
b10 '
1)
1"
#97030
0"
#97040
b11 '
1"
#97050
0"
#97060
b100 '
1"
#97070
0"
#97080
b101 '
1"
#97090
0"
#97100
0!
b110 '
0(
1"
0#
#97110
0"
#97120
b111 '
0)
1"
#97130
0"
#97140
b1000 '
1"
#97150
0"
#97160
b1001 '
1"
#97170
0"
#97180
b0 '
1"
#97190
0"
#97200
1&
1!
b1 '
1(
1"
1#
#97210
0"
#97220
0&
b10 '
1)
1"
#97230
0"
#97240
b11 '
1"
#97250
0"
#97260
b100 '
1"
#97270
0"
#97280
b101 '
1"
#97290
0"
#97300
0!
b110 '
0(
1"
0#
#97310
0"
#97320
b111 '
0)
1"
#97330
0"
#97340
b1000 '
1"
#97350
0"
#97360
b1001 '
1"
#97370
0"
#97380
b0 '
1"
#97390
0"
#97400
1&
1!
b1 '
1(
1"
1#
#97410
0"
#97420
0&
b10 '
1)
1"
#97430
0"
#97440
b11 '
1"
#97450
0"
#97460
b100 '
1"
#97470
0"
#97480
b101 '
1"
#97490
0"
#97500
0!
b110 '
0(
1"
0#
#97510
0"
#97520
b111 '
0)
1"
#97530
0"
#97540
b1000 '
1"
#97550
0"
#97560
b1001 '
1"
#97570
0"
#97580
b0 '
1"
#97590
0"
#97600
1&
1!
b1 '
1(
1"
1#
#97610
0"
#97620
0&
b10 '
1)
1"
#97630
0"
#97640
b11 '
1"
#97650
0"
#97660
b100 '
1"
#97670
0"
#97680
b101 '
1"
#97690
0"
#97700
0!
b110 '
0(
1"
0#
#97710
0"
#97720
b111 '
0)
1"
#97730
0"
#97740
b1000 '
1"
#97750
0"
#97760
b1001 '
1"
#97770
0"
#97780
b0 '
1"
#97790
0"
#97800
1&
1!
b1 '
1(
1"
1#
#97810
0"
#97820
0&
b10 '
1)
1"
#97830
0"
#97840
b11 '
1"
#97850
0"
#97860
b100 '
1"
#97870
0"
#97880
b101 '
1"
#97890
0"
#97900
0!
b110 '
0(
1"
0#
#97910
0"
#97920
b111 '
0)
1"
#97930
0"
#97940
b1000 '
1"
#97950
0"
#97960
b1001 '
1"
#97970
0"
#97980
b0 '
1"
#97990
0"
#98000
1&
1!
b1 '
1(
1"
1#
#98010
0"
#98020
0&
b10 '
1)
1"
#98030
0"
#98040
b11 '
1"
#98050
0"
#98060
b100 '
1"
#98070
0"
#98080
b101 '
1"
#98090
0"
#98100
0!
b110 '
0(
1"
0#
#98110
0"
#98120
b111 '
0)
1"
#98130
0"
#98140
b1000 '
1"
#98150
0"
#98160
b1001 '
1"
#98170
0"
#98180
b0 '
1"
#98190
0"
#98200
1&
1!
b1 '
1(
1"
1#
#98210
0"
#98220
0&
b10 '
1)
1"
#98230
0"
#98240
b11 '
1"
#98250
0"
#98260
b100 '
1"
#98270
0"
#98280
b101 '
1"
#98290
0"
#98300
0!
b110 '
0(
1"
0#
#98310
0"
#98320
b111 '
0)
1"
#98330
0"
#98340
b1000 '
1"
#98350
0"
#98360
b1001 '
1"
#98370
0"
#98380
b0 '
1"
#98390
0"
#98400
1&
1!
b1 '
1(
1"
1#
#98410
0"
#98420
0&
b10 '
1)
1"
#98430
0"
#98440
b11 '
1"
#98450
0"
#98460
b100 '
1"
#98470
0"
#98480
b101 '
1"
#98490
0"
#98500
0!
b110 '
0(
1"
0#
#98510
0"
#98520
b111 '
0)
1"
#98530
0"
#98540
b1000 '
1"
#98550
0"
#98560
b1001 '
1"
#98570
0"
#98580
b0 '
1"
#98590
0"
#98600
1&
1!
b1 '
1(
1"
1#
#98610
0"
#98620
0&
b10 '
1)
1"
#98630
0"
#98640
b11 '
1"
#98650
0"
#98660
b100 '
1"
#98670
0"
#98680
b101 '
1"
#98690
0"
#98700
0!
b110 '
0(
1"
0#
#98710
0"
#98720
b111 '
0)
1"
#98730
0"
#98740
b1000 '
1"
#98750
0"
#98760
b1001 '
1"
#98770
0"
#98780
b0 '
1"
#98790
0"
#98800
1&
1!
b1 '
1(
1"
1#
#98810
0"
#98820
0&
b10 '
1)
1"
#98830
0"
#98840
b11 '
1"
#98850
0"
#98860
b100 '
1"
#98870
0"
#98880
b101 '
1"
#98890
0"
#98900
0!
b110 '
0(
1"
0#
#98910
0"
#98920
b111 '
0)
1"
#98930
0"
#98940
b1000 '
1"
#98950
0"
#98960
b1001 '
1"
#98970
0"
#98980
b0 '
1"
#98990
0"
#99000
1&
1!
b1 '
1(
1"
1#
#99010
0"
#99020
0&
b10 '
1)
1"
#99030
0"
#99040
b11 '
1"
#99050
0"
#99060
b100 '
1"
#99070
0"
#99080
b101 '
1"
#99090
0"
#99100
0!
b110 '
0(
1"
0#
#99110
0"
#99120
b111 '
0)
1"
#99130
0"
#99140
b1000 '
1"
#99150
0"
#99160
b1001 '
1"
#99170
0"
#99180
b0 '
1"
#99190
0"
#99200
1&
1!
b1 '
1(
1"
1#
#99210
0"
#99220
0&
b10 '
1)
1"
#99230
0"
#99240
b11 '
1"
#99250
0"
#99260
b100 '
1"
#99270
0"
#99280
b101 '
1"
#99290
0"
#99300
0!
b110 '
0(
1"
0#
#99310
0"
#99320
b111 '
0)
1"
#99330
0"
#99340
b1000 '
1"
#99350
0"
#99360
b1001 '
1"
#99370
0"
#99380
b0 '
1"
#99390
0"
#99400
1&
1!
b1 '
1(
1"
1#
#99410
0"
#99420
0&
b10 '
1)
1"
#99430
0"
#99440
b11 '
1"
#99450
0"
#99460
b100 '
1"
#99470
0"
#99480
b101 '
1"
#99490
0"
#99500
0!
b110 '
0(
1"
0#
#99510
0"
#99520
b111 '
0)
1"
#99530
0"
#99540
b1000 '
1"
#99550
0"
#99560
b1001 '
1"
#99570
0"
#99580
b0 '
1"
#99590
0"
#99600
1&
1!
b1 '
1(
1"
1#
#99610
0"
#99620
0&
b10 '
1)
1"
#99630
0"
#99640
b11 '
1"
#99650
0"
#99660
b100 '
1"
#99670
0"
#99680
b101 '
1"
#99690
0"
#99700
0!
b110 '
0(
1"
0#
#99710
0"
#99720
b111 '
0)
1"
#99730
0"
#99740
b1000 '
1"
#99750
0"
#99760
b1001 '
1"
#99770
0"
#99780
b0 '
1"
#99790
0"
#99800
1&
1!
b1 '
1(
1"
1#
#99810
0"
#99820
0&
b10 '
1)
1"
#99830
0"
#99840
b11 '
1"
#99850
0"
#99860
b100 '
1"
#99870
0"
#99880
b101 '
1"
#99890
0"
#99900
0!
b110 '
0(
1"
0#
#99910
0"
#99920
b111 '
0)
1"
#99930
0"
#99940
b1000 '
1"
#99950
0"
#99960
b1001 '
1"
#99970
0"
#99980
b0 '
1"
#99990
0"
#100000
1&
1!
b1 '
1(
1"
1#
#100010
0"
#100020
0&
b10 '
1)
1"
#100030
0"
#100040
b11 '
1"
#100050
0"
#100060
b100 '
1"
#100070
0"
#100080
b101 '
1"
#100090
0"
#100100
0!
b110 '
0(
1"
0#
#100110
0"
#100120
b111 '
0)
1"
#100130
0"
#100140
b1000 '
1"
#100150
0"
#100160
b1001 '
1"
#100170
0"
#100180
b0 '
1"
#100190
0"
#100200
1&
1!
b1 '
1(
1"
1#
#100210
0"
#100220
0&
b10 '
1)
1"
#100230
0"
#100240
b11 '
1"
#100250
0"
#100260
b100 '
1"
#100270
0"
#100280
b101 '
1"
#100290
0"
#100300
0!
b110 '
0(
1"
0#
#100310
0"
#100320
b111 '
0)
1"
#100330
0"
#100340
b1000 '
1"
#100350
0"
#100360
b1001 '
1"
#100370
0"
#100380
b0 '
1"
#100390
0"
#100400
1&
1!
b1 '
1(
1"
1#
#100410
0"
#100420
0&
b10 '
1)
1"
#100430
0"
#100440
b11 '
1"
#100450
0"
#100460
b100 '
1"
#100470
0"
#100480
b101 '
1"
#100490
0"
#100500
0!
b110 '
0(
1"
0#
#100510
0"
#100520
b111 '
0)
1"
#100530
0"
#100540
b1000 '
1"
#100550
0"
#100560
b1001 '
1"
#100570
0"
#100580
b0 '
1"
#100590
0"
#100600
1&
1!
b1 '
1(
1"
1#
#100610
0"
#100620
0&
b10 '
1)
1"
#100630
0"
#100640
b11 '
1"
#100650
0"
#100660
b100 '
1"
#100670
0"
#100680
b101 '
1"
#100690
0"
#100700
0!
b110 '
0(
1"
0#
#100710
0"
#100720
b111 '
0)
1"
#100730
0"
#100740
b1000 '
1"
#100750
0"
#100760
b1001 '
1"
#100770
0"
#100780
b0 '
1"
#100790
0"
#100800
1&
1!
b1 '
1(
1"
1#
#100810
0"
#100820
0&
b10 '
1)
1"
#100830
0"
#100840
b11 '
1"
#100850
0"
#100860
b100 '
1"
#100870
0"
#100880
b101 '
1"
#100890
0"
#100900
0!
b110 '
0(
1"
0#
#100910
0"
#100920
b111 '
0)
1"
#100930
0"
#100940
b1000 '
1"
#100950
0"
#100960
b1001 '
1"
#100970
0"
#100980
b0 '
1"
#100990
0"
#101000
1&
1!
b1 '
1(
1"
1#
#101010
0"
#101020
0&
b10 '
1)
1"
#101030
0"
#101040
b11 '
1"
#101050
0"
#101060
b100 '
1"
#101070
0"
#101080
b101 '
1"
#101090
0"
#101100
0!
b110 '
0(
1"
0#
#101110
0"
#101120
b111 '
0)
1"
#101130
0"
#101140
b1000 '
1"
#101150
0"
#101160
b1001 '
1"
#101170
0"
#101180
b0 '
1"
#101190
0"
#101200
1&
1!
b1 '
1(
1"
1#
#101210
0"
#101220
0&
b10 '
1)
1"
#101230
0"
#101240
b11 '
1"
#101250
0"
#101260
b100 '
1"
#101270
0"
#101280
b101 '
1"
#101290
0"
#101300
0!
b110 '
0(
1"
0#
#101310
0"
#101320
b111 '
0)
1"
#101330
0"
#101340
b1000 '
1"
#101350
0"
#101360
b1001 '
1"
#101370
0"
#101380
b0 '
1"
#101390
0"
#101400
1&
1!
b1 '
1(
1"
1#
#101410
0"
#101420
0&
b10 '
1)
1"
#101430
0"
#101440
b11 '
1"
#101450
0"
#101460
b100 '
1"
#101470
0"
#101480
b101 '
1"
#101490
0"
#101500
0!
b110 '
0(
1"
0#
#101510
0"
#101520
b111 '
0)
1"
#101530
0"
#101540
b1000 '
1"
#101550
0"
#101560
b1001 '
1"
#101570
0"
#101580
b0 '
1"
#101590
0"
#101600
1&
1!
b1 '
1(
1"
1#
#101610
0"
#101620
0&
b10 '
1)
1"
#101630
0"
#101640
b11 '
1"
#101650
0"
#101660
b100 '
1"
#101670
0"
#101680
b101 '
1"
#101690
0"
#101700
0!
b110 '
0(
1"
0#
#101710
0"
#101720
b111 '
0)
1"
#101730
0"
#101740
b1000 '
1"
#101750
0"
#101760
b1001 '
1"
#101770
0"
#101780
b0 '
1"
#101790
0"
#101800
1&
1!
b1 '
1(
1"
1#
#101810
0"
#101820
0&
b10 '
1)
1"
#101830
0"
#101840
b11 '
1"
#101850
0"
#101860
b100 '
1"
#101870
0"
#101880
b101 '
1"
#101890
0"
#101900
0!
b110 '
0(
1"
0#
#101910
0"
#101920
b111 '
0)
1"
#101930
0"
#101940
b1000 '
1"
#101950
0"
#101960
b1001 '
1"
#101970
0"
#101980
b0 '
1"
#101990
0"
#102000
1&
1!
b1 '
1(
1"
1#
#102010
0"
#102020
0&
b10 '
1)
1"
#102030
0"
#102040
b11 '
1"
#102050
0"
#102060
b100 '
1"
#102070
0"
#102080
b101 '
1"
#102090
0"
#102100
0!
b110 '
0(
1"
0#
#102110
0"
#102120
b111 '
0)
1"
#102130
0"
#102140
b1000 '
1"
#102150
0"
#102160
b1001 '
1"
#102170
0"
#102180
b0 '
1"
#102190
0"
#102200
1&
1!
b1 '
1(
1"
1#
#102210
0"
#102220
0&
b10 '
1)
1"
#102230
0"
#102240
b11 '
1"
#102250
0"
#102260
b100 '
1"
#102270
0"
#102280
b101 '
1"
#102290
0"
#102300
0!
b110 '
0(
1"
0#
#102310
0"
#102320
b111 '
0)
1"
#102330
0"
#102340
b1000 '
1"
#102350
0"
#102360
b1001 '
1"
#102370
0"
#102380
b0 '
1"
#102390
0"
#102400
1&
1!
b1 '
1(
1"
1#
#102410
0"
#102420
0&
b10 '
1)
1"
#102430
0"
#102440
b11 '
1"
#102450
0"
#102460
b100 '
1"
#102470
0"
#102480
b101 '
1"
#102490
0"
#102500
0!
b110 '
0(
1"
0#
#102510
0"
#102520
b111 '
0)
1"
#102530
0"
#102540
b1000 '
1"
#102550
0"
#102560
b1001 '
1"
#102570
0"
#102580
b0 '
1"
#102590
0"
#102600
1&
1!
b1 '
1(
1"
1#
#102610
0"
#102620
0&
b10 '
1)
1"
#102630
0"
#102640
b11 '
1"
#102650
0"
#102660
b100 '
1"
#102670
0"
#102680
b101 '
1"
#102690
0"
#102700
0!
b110 '
0(
1"
0#
#102710
0"
#102720
b111 '
0)
1"
#102730
0"
#102740
b1000 '
1"
#102750
0"
#102760
b1001 '
1"
#102770
0"
#102780
b0 '
1"
#102790
0"
#102800
1&
1!
b1 '
1(
1"
1#
#102810
0"
#102820
0&
b10 '
1)
1"
#102830
0"
#102840
b11 '
1"
#102850
0"
#102860
b100 '
1"
#102870
0"
#102880
b101 '
1"
#102890
0"
#102900
0!
b110 '
0(
1"
0#
#102910
0"
#102920
b111 '
0)
1"
#102930
0"
#102940
b1000 '
1"
#102950
0"
#102960
b1001 '
1"
#102970
0"
#102980
b0 '
1"
#102990
0"
#103000
1&
1!
b1 '
1(
1"
1#
#103010
0"
#103020
0&
b10 '
1)
1"
#103030
0"
#103040
b11 '
1"
#103050
0"
#103060
b100 '
1"
#103070
0"
#103080
b101 '
1"
#103090
0"
#103100
0!
b110 '
0(
1"
0#
#103110
0"
#103120
b111 '
0)
1"
#103130
0"
#103140
b1000 '
1"
#103150
0"
#103160
b1001 '
1"
#103170
0"
#103180
b0 '
1"
#103190
0"
#103200
1&
1!
b1 '
1(
1"
1#
#103210
0"
#103220
0&
b10 '
1)
1"
#103230
0"
#103240
b11 '
1"
#103250
0"
#103260
b100 '
1"
#103270
0"
#103280
b101 '
1"
#103290
0"
#103300
0!
b110 '
0(
1"
0#
#103310
0"
#103320
b111 '
0)
1"
#103330
0"
#103340
b1000 '
1"
#103350
0"
#103360
b1001 '
1"
#103370
0"
#103380
b0 '
1"
#103390
0"
#103400
1&
1!
b1 '
1(
1"
1#
#103410
0"
#103420
0&
b10 '
1)
1"
#103430
0"
#103440
b11 '
1"
#103450
0"
#103460
b100 '
1"
#103470
0"
#103480
b101 '
1"
#103490
0"
#103500
0!
b110 '
0(
1"
0#
#103510
0"
#103520
b111 '
0)
1"
#103530
0"
#103540
b1000 '
1"
#103550
0"
#103560
b1001 '
1"
#103570
0"
#103580
b0 '
1"
#103590
0"
#103600
1&
1!
b1 '
1(
1"
1#
#103610
0"
#103620
0&
b10 '
1)
1"
#103630
0"
#103640
b11 '
1"
#103650
0"
#103660
b100 '
1"
#103670
0"
#103680
b101 '
1"
#103690
0"
#103700
0!
b110 '
0(
1"
0#
#103710
0"
#103720
b111 '
0)
1"
#103730
0"
#103740
b1000 '
1"
#103750
0"
#103760
b1001 '
1"
#103770
0"
#103780
b0 '
1"
#103790
0"
#103800
1&
1!
b1 '
1(
1"
1#
#103810
0"
#103820
0&
b10 '
1)
1"
#103830
0"
#103840
b11 '
1"
#103850
0"
#103860
b100 '
1"
#103870
0"
#103880
b101 '
1"
#103890
0"
#103900
0!
b110 '
0(
1"
0#
#103910
0"
#103920
b111 '
0)
1"
#103930
0"
#103940
b1000 '
1"
#103950
0"
#103960
b1001 '
1"
#103970
0"
#103980
b0 '
1"
#103990
0"
#104000
1&
1!
b1 '
1(
1"
1#
#104010
0"
#104020
0&
b10 '
1)
1"
#104030
0"
#104040
b11 '
1"
#104050
0"
#104060
b100 '
1"
#104070
0"
#104080
b101 '
1"
#104090
0"
#104100
0!
b110 '
0(
1"
0#
#104110
0"
#104120
b111 '
0)
1"
#104130
0"
#104140
b1000 '
1"
#104150
0"
#104160
b1001 '
1"
#104170
0"
#104180
b0 '
1"
#104190
0"
#104200
1&
1!
b1 '
1(
1"
1#
#104210
0"
#104220
0&
b10 '
1)
1"
#104230
0"
#104240
b11 '
1"
#104250
0"
#104260
b100 '
1"
#104270
0"
#104280
b101 '
1"
#104290
0"
#104300
0!
b110 '
0(
1"
0#
#104310
0"
#104320
b111 '
0)
1"
#104330
0"
#104340
b1000 '
1"
#104350
0"
#104360
b1001 '
1"
#104370
0"
#104380
b0 '
1"
#104390
0"
#104400
1&
1!
b1 '
1(
1"
1#
#104410
0"
#104420
0&
b10 '
1)
1"
#104430
0"
#104440
b11 '
1"
#104450
0"
#104460
b100 '
1"
#104470
0"
#104480
b101 '
1"
#104490
0"
#104500
0!
b110 '
0(
1"
0#
#104510
0"
#104520
b111 '
0)
1"
#104530
0"
#104540
b1000 '
1"
#104550
0"
#104560
b1001 '
1"
#104570
0"
#104580
b0 '
1"
#104590
0"
#104600
1&
1!
b1 '
1(
1"
1#
#104610
0"
#104620
0&
b10 '
1)
1"
#104630
0"
#104640
b11 '
1"
#104650
0"
#104660
b100 '
1"
#104670
0"
#104680
b101 '
1"
#104690
0"
#104700
0!
b110 '
0(
1"
0#
#104710
0"
#104720
b111 '
0)
1"
#104730
0"
#104740
b1000 '
1"
#104750
0"
#104760
b1001 '
1"
#104770
0"
#104780
b0 '
1"
#104790
0"
#104800
1&
1!
b1 '
1(
1"
1#
#104810
0"
#104820
0&
b10 '
1)
1"
#104830
0"
#104840
b11 '
1"
#104850
0"
#104860
b100 '
1"
#104870
0"
#104880
b101 '
1"
#104890
0"
#104900
0!
b110 '
0(
1"
0#
#104910
0"
#104920
b111 '
0)
1"
#104930
0"
#104940
b1000 '
1"
#104950
0"
#104960
b1001 '
1"
#104970
0"
#104980
b0 '
1"
#104990
0"
#105000
1&
1!
b1 '
1(
1"
1#
#105010
0"
#105020
0&
b10 '
1)
1"
#105030
0"
#105040
b11 '
1"
#105050
0"
#105060
b100 '
1"
#105070
0"
#105080
b101 '
1"
#105090
0"
#105100
0!
b110 '
0(
1"
0#
#105110
0"
#105120
b111 '
0)
1"
#105130
0"
#105140
b1000 '
1"
#105150
0"
#105160
b1001 '
1"
#105170
0"
#105180
b0 '
1"
#105190
0"
#105200
1&
1!
b1 '
1(
1"
1#
#105210
0"
#105220
0&
b10 '
1)
1"
#105230
0"
#105240
b11 '
1"
#105250
0"
#105260
b100 '
1"
#105270
0"
#105280
b101 '
1"
#105290
0"
#105300
0!
b110 '
0(
1"
0#
#105310
0"
#105320
b111 '
0)
1"
#105330
0"
#105340
b1000 '
1"
#105350
0"
#105360
b1001 '
1"
#105370
0"
#105380
b0 '
1"
#105390
0"
#105400
1&
1!
b1 '
1(
1"
1#
#105410
0"
#105420
0&
b10 '
1)
1"
#105430
0"
#105440
b11 '
1"
#105450
0"
#105460
b100 '
1"
#105470
0"
#105480
b101 '
1"
#105490
0"
#105500
0!
b110 '
0(
1"
0#
#105510
0"
#105520
b111 '
0)
1"
#105530
0"
#105540
b1000 '
1"
#105550
0"
#105560
b1001 '
1"
#105570
0"
#105580
b0 '
1"
#105590
0"
#105600
1&
1!
b1 '
1(
1"
1#
#105610
0"
#105620
0&
b10 '
1)
1"
#105630
0"
#105640
b11 '
1"
#105650
0"
#105660
b100 '
1"
#105670
0"
#105680
b101 '
1"
#105690
0"
#105700
0!
b110 '
0(
1"
0#
#105710
0"
#105720
b111 '
0)
1"
#105730
0"
#105740
b1000 '
1"
#105750
0"
#105760
b1001 '
1"
#105770
0"
#105780
b0 '
1"
#105790
0"
#105800
1&
1!
b1 '
1(
1"
1#
#105810
0"
#105820
0&
b10 '
1)
1"
#105830
0"
#105840
b11 '
1"
#105850
0"
#105860
b100 '
1"
#105870
0"
#105880
b101 '
1"
#105890
0"
#105900
0!
b110 '
0(
1"
0#
#105910
0"
#105920
b111 '
0)
1"
#105930
0"
#105940
b1000 '
1"
#105950
0"
#105960
b1001 '
1"
#105970
0"
#105980
b0 '
1"
#105990
0"
#106000
1&
1!
b1 '
1(
1"
1#
#106010
0"
#106020
0&
b10 '
1)
1"
#106030
0"
#106040
b11 '
1"
#106050
0"
#106060
b100 '
1"
#106070
0"
#106080
b101 '
1"
#106090
0"
#106100
0!
b110 '
0(
1"
0#
#106110
0"
#106120
b111 '
0)
1"
#106130
0"
#106140
b1000 '
1"
#106150
0"
#106160
b1001 '
1"
#106170
0"
#106180
b0 '
1"
#106190
0"
#106200
1&
1!
b1 '
1(
1"
1#
#106210
0"
#106220
0&
b10 '
1)
1"
#106230
0"
#106240
b11 '
1"
#106250
0"
#106260
b100 '
1"
#106270
0"
#106280
b101 '
1"
#106290
0"
#106300
0!
b110 '
0(
1"
0#
#106310
0"
#106320
b111 '
0)
1"
#106330
0"
#106340
b1000 '
1"
#106350
0"
#106360
b1001 '
1"
#106370
0"
#106380
b0 '
1"
#106390
0"
#106400
1&
1!
b1 '
1(
1"
1#
#106410
0"
#106420
0&
b10 '
1)
1"
#106430
0"
#106440
b11 '
1"
#106450
0"
#106460
b100 '
1"
#106470
0"
#106480
b101 '
1"
#106490
0"
#106500
0!
b110 '
0(
1"
0#
#106510
0"
#106520
b111 '
0)
1"
#106530
0"
#106540
b1000 '
1"
#106550
0"
#106560
b1001 '
1"
#106570
0"
#106580
b0 '
1"
#106590
0"
#106600
1&
1!
b1 '
1(
1"
1#
#106610
0"
#106620
0&
b10 '
1)
1"
#106630
0"
#106640
b11 '
1"
#106650
0"
#106660
b100 '
1"
#106670
0"
#106680
b101 '
1"
#106690
0"
#106700
0!
b110 '
0(
1"
0#
#106710
0"
#106720
b111 '
0)
1"
#106730
0"
#106740
b1000 '
1"
#106750
0"
#106760
b1001 '
1"
#106770
0"
#106780
b0 '
1"
#106790
0"
#106800
1&
1!
b1 '
1(
1"
1#
#106810
0"
#106820
0&
b10 '
1)
1"
#106830
0"
#106840
b11 '
1"
#106850
0"
#106860
b100 '
1"
#106870
0"
#106880
b101 '
1"
#106890
0"
#106900
0!
b110 '
0(
1"
0#
#106910
0"
#106920
b111 '
0)
1"
#106930
0"
#106940
b1000 '
1"
#106950
0"
#106960
b1001 '
1"
#106970
0"
#106980
b0 '
1"
#106990
0"
#107000
1&
1!
b1 '
1(
1"
1#
#107010
0"
#107020
0&
b10 '
1)
1"
#107030
0"
#107040
b11 '
1"
#107050
0"
#107060
b100 '
1"
#107070
0"
#107080
b101 '
1"
#107090
0"
#107100
0!
b110 '
0(
1"
0#
#107110
0"
#107120
b111 '
0)
1"
#107130
0"
#107140
b1000 '
1"
#107150
0"
#107160
b1001 '
1"
#107170
0"
#107180
b0 '
1"
#107190
0"
#107200
1&
1!
b1 '
1(
1"
1#
#107210
0"
#107220
0&
b10 '
1)
1"
#107230
0"
#107240
b11 '
1"
#107250
0"
#107260
b100 '
1"
#107270
0"
#107280
b101 '
1"
#107290
0"
#107300
0!
b110 '
0(
1"
0#
#107310
0"
#107320
b111 '
0)
1"
#107330
0"
#107340
b1000 '
1"
#107350
0"
#107360
b1001 '
1"
#107370
0"
#107380
b0 '
1"
#107390
0"
#107400
1&
1!
b1 '
1(
1"
1#
#107410
0"
#107420
0&
b10 '
1)
1"
#107430
0"
#107440
b11 '
1"
#107450
0"
#107460
b100 '
1"
#107470
0"
#107480
b101 '
1"
#107490
0"
#107500
0!
b110 '
0(
1"
0#
#107510
0"
#107520
b111 '
0)
1"
#107530
0"
#107540
b1000 '
1"
#107550
0"
#107560
b1001 '
1"
#107570
0"
#107580
b0 '
1"
#107590
0"
#107600
1&
1!
b1 '
1(
1"
1#
#107610
0"
#107620
0&
b10 '
1)
1"
#107630
0"
#107640
b11 '
1"
#107650
0"
#107660
b100 '
1"
#107670
0"
#107680
b101 '
1"
#107690
0"
#107700
0!
b110 '
0(
1"
0#
#107710
0"
#107720
b111 '
0)
1"
#107730
0"
#107740
b1000 '
1"
#107750
0"
#107760
b1001 '
1"
#107770
0"
#107780
b0 '
1"
#107790
0"
#107800
1&
1!
b1 '
1(
1"
1#
#107810
0"
#107820
0&
b10 '
1)
1"
#107830
0"
#107840
b11 '
1"
#107850
0"
#107860
b100 '
1"
#107870
0"
#107880
b101 '
1"
#107890
0"
#107900
0!
b110 '
0(
1"
0#
#107910
0"
#107920
b111 '
0)
1"
#107930
0"
#107940
b1000 '
1"
#107950
0"
#107960
b1001 '
1"
#107970
0"
#107980
b0 '
1"
#107990
0"
#108000
1&
1!
b1 '
1(
1"
1#
#108010
0"
#108020
0&
b10 '
1)
1"
#108030
0"
#108040
b11 '
1"
#108050
0"
#108060
b100 '
1"
#108070
0"
#108080
b101 '
1"
#108090
0"
#108100
0!
b110 '
0(
1"
0#
#108110
0"
#108120
b111 '
0)
1"
#108130
0"
#108140
b1000 '
1"
#108150
0"
#108160
b1001 '
1"
#108170
0"
#108180
b0 '
1"
#108190
0"
#108200
1&
1!
b1 '
1(
1"
1#
#108210
0"
#108220
0&
b10 '
1)
1"
#108230
0"
#108240
b11 '
1"
#108250
0"
#108260
b100 '
1"
#108270
0"
#108280
b101 '
1"
#108290
0"
#108300
0!
b110 '
0(
1"
0#
#108310
0"
#108320
b111 '
0)
1"
#108330
0"
#108340
b1000 '
1"
#108350
0"
#108360
b1001 '
1"
#108370
0"
#108380
b0 '
1"
#108390
0"
#108400
1&
1!
b1 '
1(
1"
1#
#108410
0"
#108420
0&
b10 '
1)
1"
#108430
0"
#108440
b11 '
1"
#108450
0"
#108460
b100 '
1"
#108470
0"
#108480
b101 '
1"
#108490
0"
#108500
0!
b110 '
0(
1"
0#
#108510
0"
#108520
b111 '
0)
1"
#108530
0"
#108540
b1000 '
1"
#108550
0"
#108560
b1001 '
1"
#108570
0"
#108580
b0 '
1"
#108590
0"
#108600
1&
1!
b1 '
1(
1"
1#
#108610
0"
#108620
0&
b10 '
1)
1"
#108630
0"
#108640
b11 '
1"
#108650
0"
#108660
b100 '
1"
#108670
0"
#108680
b101 '
1"
#108690
0"
#108700
0!
b110 '
0(
1"
0#
#108710
0"
#108720
b111 '
0)
1"
#108730
0"
#108740
b1000 '
1"
#108750
0"
#108760
b1001 '
1"
#108770
0"
#108780
b0 '
1"
#108790
0"
#108800
1&
1!
b1 '
1(
1"
1#
#108810
0"
#108820
0&
b10 '
1)
1"
#108830
0"
#108840
b11 '
1"
#108850
0"
#108860
b100 '
1"
#108870
0"
#108880
b101 '
1"
#108890
0"
#108900
0!
b110 '
0(
1"
0#
#108910
0"
#108920
b111 '
0)
1"
#108930
0"
#108940
b1000 '
1"
#108950
0"
#108960
b1001 '
1"
#108970
0"
#108980
b0 '
1"
#108990
0"
#109000
1&
1!
b1 '
1(
1"
1#
#109010
0"
#109020
0&
b10 '
1)
1"
#109030
0"
#109040
b11 '
1"
#109050
0"
#109060
b100 '
1"
#109070
0"
#109080
b101 '
1"
#109090
0"
#109100
0!
b110 '
0(
1"
0#
#109110
0"
#109120
b111 '
0)
1"
#109130
0"
#109140
b1000 '
1"
#109150
0"
#109160
b1001 '
1"
#109170
0"
#109180
b0 '
1"
#109190
0"
#109200
1&
1!
b1 '
1(
1"
1#
#109210
0"
#109220
0&
b10 '
1)
1"
#109230
0"
#109240
b11 '
1"
#109250
0"
#109260
b100 '
1"
#109270
0"
#109280
b101 '
1"
#109290
0"
#109300
0!
b110 '
0(
1"
0#
#109310
0"
#109320
b111 '
0)
1"
#109330
0"
#109340
b1000 '
1"
#109350
0"
#109360
b1001 '
1"
#109370
0"
#109380
b0 '
1"
#109390
0"
#109400
1&
1!
b1 '
1(
1"
1#
#109410
0"
#109420
0&
b10 '
1)
1"
#109430
0"
#109440
b11 '
1"
#109450
0"
#109460
b100 '
1"
#109470
0"
#109480
b101 '
1"
#109490
0"
#109500
0!
b110 '
0(
1"
0#
#109510
0"
#109520
b111 '
0)
1"
#109530
0"
#109540
b1000 '
1"
#109550
0"
#109560
b1001 '
1"
#109570
0"
#109580
b0 '
1"
#109590
0"
#109600
1&
1!
b1 '
1(
1"
1#
#109610
0"
#109620
0&
b10 '
1)
1"
#109630
0"
#109640
b11 '
1"
#109650
0"
#109660
b100 '
1"
#109670
0"
#109680
b101 '
1"
#109690
0"
#109700
0!
b110 '
0(
1"
0#
#109710
0"
#109720
b111 '
0)
1"
#109730
0"
#109740
b1000 '
1"
#109750
0"
#109760
b1001 '
1"
#109770
0"
#109780
b0 '
1"
#109790
0"
#109800
1&
1!
b1 '
1(
1"
1#
#109810
0"
#109820
0&
b10 '
1)
1"
#109830
0"
#109840
b11 '
1"
#109850
0"
#109860
b100 '
1"
#109870
0"
#109880
b101 '
1"
#109890
0"
#109900
0!
b110 '
0(
1"
0#
#109910
0"
#109920
b111 '
0)
1"
#109930
0"
#109940
b1000 '
1"
#109950
0"
#109960
b1001 '
1"
#109970
0"
#109980
b0 '
1"
#109990
0"
#110000
1&
1!
b1 '
1(
1"
1#
#110010
0"
#110020
0&
b10 '
1)
1"
#110030
0"
#110040
b11 '
1"
#110050
0"
#110060
b100 '
1"
#110070
0"
#110080
b101 '
1"
#110090
0"
#110100
0!
b110 '
0(
1"
0#
#110110
0"
#110120
b111 '
0)
1"
#110130
0"
#110140
b1000 '
1"
#110150
0"
#110160
b1001 '
1"
#110170
0"
#110180
b0 '
1"
#110190
0"
#110200
1&
1!
b1 '
1(
1"
1#
#110210
0"
#110220
0&
b10 '
1)
1"
#110230
0"
#110240
b11 '
1"
#110250
0"
#110260
b100 '
1"
#110270
0"
#110280
b101 '
1"
#110290
0"
#110300
0!
b110 '
0(
1"
0#
#110310
0"
#110320
b111 '
0)
1"
#110330
0"
#110340
b1000 '
1"
#110350
0"
#110360
b1001 '
1"
#110370
0"
#110380
b0 '
1"
#110390
0"
#110400
1&
1!
b1 '
1(
1"
1#
#110410
0"
#110420
0&
b10 '
1)
1"
#110430
0"
#110440
b11 '
1"
#110450
0"
#110460
b100 '
1"
#110470
0"
#110480
b101 '
1"
#110490
0"
#110500
0!
b110 '
0(
1"
0#
#110510
0"
#110520
b111 '
0)
1"
#110530
0"
#110540
b1000 '
1"
#110550
0"
#110560
b1001 '
1"
#110570
0"
#110580
b0 '
1"
#110590
0"
#110600
1&
1!
b1 '
1(
1"
1#
#110610
0"
#110620
0&
b10 '
1)
1"
#110630
0"
#110640
b11 '
1"
#110650
0"
#110660
b100 '
1"
#110670
0"
#110680
b101 '
1"
#110690
0"
#110700
0!
b110 '
0(
1"
0#
#110710
0"
#110720
b111 '
0)
1"
#110730
0"
#110740
b1000 '
1"
#110750
0"
#110760
b1001 '
1"
#110770
0"
#110780
b0 '
1"
#110790
0"
#110800
1&
1!
b1 '
1(
1"
1#
#110810
0"
#110820
0&
b10 '
1)
1"
#110830
0"
#110840
b11 '
1"
#110850
0"
#110860
b100 '
1"
#110870
0"
#110880
b101 '
1"
#110890
0"
#110900
0!
b110 '
0(
1"
0#
#110910
0"
#110920
b111 '
0)
1"
#110930
0"
#110940
b1000 '
1"
#110950
0"
#110960
b1001 '
1"
#110970
0"
#110980
b0 '
1"
#110990
0"
#111000
1&
1!
b1 '
1(
1"
1#
#111010
0"
#111020
0&
b10 '
1)
1"
#111030
0"
#111040
b11 '
1"
#111050
0"
#111060
b100 '
1"
#111070
0"
#111080
b101 '
1"
#111090
0"
#111100
0!
b110 '
0(
1"
0#
#111110
0"
#111120
b111 '
0)
1"
#111130
0"
#111140
b1000 '
1"
#111150
0"
#111160
b1001 '
1"
#111170
0"
#111180
b0 '
1"
#111190
0"
#111200
1&
1!
b1 '
1(
1"
1#
#111210
0"
#111220
0&
b10 '
1)
1"
#111230
0"
#111240
b11 '
1"
#111250
0"
#111260
b100 '
1"
#111270
0"
#111280
b101 '
1"
#111290
0"
#111300
0!
b110 '
0(
1"
0#
#111310
0"
#111320
b111 '
0)
1"
#111330
0"
#111340
b1000 '
1"
#111350
0"
#111360
b1001 '
1"
#111370
0"
#111380
b0 '
1"
#111390
0"
#111400
1&
1!
b1 '
1(
1"
1#
#111410
0"
#111420
0&
b10 '
1)
1"
#111430
0"
#111440
b11 '
1"
#111450
0"
#111460
b100 '
1"
#111470
0"
#111480
b101 '
1"
#111490
0"
#111500
0!
b110 '
0(
1"
0#
#111510
0"
#111520
b111 '
0)
1"
#111530
0"
#111540
b1000 '
1"
#111550
0"
#111560
b1001 '
1"
#111570
0"
#111580
b0 '
1"
#111590
0"
#111600
1&
1!
b1 '
1(
1"
1#
#111610
0"
#111620
0&
b10 '
1)
1"
#111630
0"
#111640
b11 '
1"
#111650
0"
#111660
b100 '
1"
#111670
0"
#111680
b101 '
1"
#111690
0"
#111700
0!
b110 '
0(
1"
0#
#111710
0"
#111720
b111 '
0)
1"
#111730
0"
#111740
b1000 '
1"
#111750
0"
#111760
b1001 '
1"
#111770
0"
#111780
b0 '
1"
#111790
0"
#111800
1&
1!
b1 '
1(
1"
1#
#111810
0"
#111820
0&
b10 '
1)
1"
#111830
0"
#111840
b11 '
1"
#111850
0"
#111860
b100 '
1"
#111870
0"
#111880
b101 '
1"
#111890
0"
#111900
0!
b110 '
0(
1"
0#
#111910
0"
#111920
b111 '
0)
1"
#111930
0"
#111940
b1000 '
1"
#111950
0"
#111960
b1001 '
1"
#111970
0"
#111980
b0 '
1"
#111990
0"
#112000
1&
1!
b1 '
1(
1"
1#
#112010
0"
#112020
0&
b10 '
1)
1"
#112030
0"
#112040
b11 '
1"
#112050
0"
#112060
b100 '
1"
#112070
0"
#112080
b101 '
1"
#112090
0"
#112100
0!
b110 '
0(
1"
0#
#112110
0"
#112120
b111 '
0)
1"
#112130
0"
#112140
b1000 '
1"
#112150
0"
#112160
b1001 '
1"
#112170
0"
#112180
b0 '
1"
#112190
0"
#112200
1&
1!
b1 '
1(
1"
1#
#112210
0"
#112220
0&
b10 '
1)
1"
#112230
0"
#112240
b11 '
1"
#112250
0"
#112260
b100 '
1"
#112270
0"
#112280
b101 '
1"
#112290
0"
#112300
0!
b110 '
0(
1"
0#
#112310
0"
#112320
b111 '
0)
1"
#112330
0"
#112340
b1000 '
1"
#112350
0"
#112360
b1001 '
1"
#112370
0"
#112380
b0 '
1"
#112390
0"
#112400
1&
1!
b1 '
1(
1"
1#
#112410
0"
#112420
0&
b10 '
1)
1"
#112430
0"
#112440
b11 '
1"
#112450
0"
#112460
b100 '
1"
#112470
0"
#112480
b101 '
1"
#112490
0"
#112500
0!
b110 '
0(
1"
0#
#112510
0"
#112520
b111 '
0)
1"
#112530
0"
#112540
b1000 '
1"
#112550
0"
#112560
b1001 '
1"
#112570
0"
#112580
b0 '
1"
#112590
0"
#112600
1&
1!
b1 '
1(
1"
1#
#112610
0"
#112620
0&
b10 '
1)
1"
#112630
0"
#112640
b11 '
1"
#112650
0"
#112660
b100 '
1"
#112670
0"
#112680
b101 '
1"
#112690
0"
#112700
0!
b110 '
0(
1"
0#
#112710
0"
#112720
b111 '
0)
1"
#112730
0"
#112740
b1000 '
1"
#112750
0"
#112760
b1001 '
1"
#112770
0"
#112780
b0 '
1"
#112790
0"
#112800
1&
1!
b1 '
1(
1"
1#
#112810
0"
#112820
0&
b10 '
1)
1"
#112830
0"
#112840
b11 '
1"
#112850
0"
#112860
b100 '
1"
#112870
0"
#112880
b101 '
1"
#112890
0"
#112900
0!
b110 '
0(
1"
0#
#112910
0"
#112920
b111 '
0)
1"
#112930
0"
#112940
b1000 '
1"
#112950
0"
#112960
b1001 '
1"
#112970
0"
#112980
b0 '
1"
#112990
0"
#113000
1&
1!
b1 '
1(
1"
1#
#113010
0"
#113020
0&
b10 '
1)
1"
#113030
0"
#113040
b11 '
1"
#113050
0"
#113060
b100 '
1"
#113070
0"
#113080
b101 '
1"
#113090
0"
#113100
0!
b110 '
0(
1"
0#
#113110
0"
#113120
b111 '
0)
1"
#113130
0"
#113140
b1000 '
1"
#113150
0"
#113160
b1001 '
1"
#113170
0"
#113180
b0 '
1"
#113190
0"
#113200
1&
1!
b1 '
1(
1"
1#
#113210
0"
#113220
0&
b10 '
1)
1"
#113230
0"
#113240
b11 '
1"
#113250
0"
#113260
b100 '
1"
#113270
0"
#113280
b101 '
1"
#113290
0"
#113300
0!
b110 '
0(
1"
0#
#113310
0"
#113320
b111 '
0)
1"
#113330
0"
#113340
b1000 '
1"
#113350
0"
#113360
b1001 '
1"
#113370
0"
#113380
b0 '
1"
#113390
0"
#113400
1&
1!
b1 '
1(
1"
1#
#113410
0"
#113420
0&
b10 '
1)
1"
#113430
0"
#113440
b11 '
1"
#113450
0"
#113460
b100 '
1"
#113470
0"
#113480
b101 '
1"
#113490
0"
#113500
0!
b110 '
0(
1"
0#
#113510
0"
#113520
b111 '
0)
1"
#113530
0"
#113540
b1000 '
1"
#113550
0"
#113560
b1001 '
1"
#113570
0"
#113580
b0 '
1"
#113590
0"
#113600
1&
1!
b1 '
1(
1"
1#
#113610
0"
#113620
0&
b10 '
1)
1"
#113630
0"
#113640
b11 '
1"
#113650
0"
#113660
b100 '
1"
#113670
0"
#113680
b101 '
1"
#113690
0"
#113700
0!
b110 '
0(
1"
0#
#113710
0"
#113720
b111 '
0)
1"
#113730
0"
#113740
b1000 '
1"
#113750
0"
#113760
b1001 '
1"
#113770
0"
#113780
b0 '
1"
#113790
0"
#113800
1&
1!
b1 '
1(
1"
1#
#113810
0"
#113820
0&
b10 '
1)
1"
#113830
0"
#113840
b11 '
1"
#113850
0"
#113860
b100 '
1"
#113870
0"
#113880
b101 '
1"
#113890
0"
#113900
0!
b110 '
0(
1"
0#
#113910
0"
#113920
b111 '
0)
1"
#113930
0"
#113940
b1000 '
1"
#113950
0"
#113960
b1001 '
1"
#113970
0"
#113980
b0 '
1"
#113990
0"
#114000
1&
1!
b1 '
1(
1"
1#
#114010
0"
#114020
0&
b10 '
1)
1"
#114030
0"
#114040
b11 '
1"
#114050
0"
#114060
b100 '
1"
#114070
0"
#114080
b101 '
1"
#114090
0"
#114100
0!
b110 '
0(
1"
0#
#114110
0"
#114120
b111 '
0)
1"
#114130
0"
#114140
b1000 '
1"
#114150
0"
#114160
b1001 '
1"
#114170
0"
#114180
b0 '
1"
#114190
0"
#114200
1&
1!
b1 '
1(
1"
1#
#114210
0"
#114220
0&
b10 '
1)
1"
#114230
0"
#114240
b11 '
1"
#114250
0"
#114260
b100 '
1"
#114270
0"
#114280
b101 '
1"
#114290
0"
#114300
0!
b110 '
0(
1"
0#
#114310
0"
#114320
b111 '
0)
1"
#114330
0"
#114340
b1000 '
1"
#114350
0"
#114360
b1001 '
1"
#114370
0"
#114380
b0 '
1"
#114390
0"
#114400
1&
1!
b1 '
1(
1"
1#
#114410
0"
#114420
0&
b10 '
1)
1"
#114430
0"
#114440
b11 '
1"
#114450
0"
#114460
b100 '
1"
#114470
0"
#114480
b101 '
1"
#114490
0"
#114500
0!
b110 '
0(
1"
0#
#114510
0"
#114520
b111 '
0)
1"
#114530
0"
#114540
b1000 '
1"
#114550
0"
#114560
b1001 '
1"
#114570
0"
#114580
b0 '
1"
#114590
0"
#114600
1&
1!
b1 '
1(
1"
1#
#114610
0"
#114620
0&
b10 '
1)
1"
#114630
0"
#114640
b11 '
1"
#114650
0"
#114660
b100 '
1"
#114670
0"
#114680
b101 '
1"
#114690
0"
#114700
0!
b110 '
0(
1"
0#
#114710
0"
#114720
b111 '
0)
1"
#114730
0"
#114740
b1000 '
1"
#114750
0"
#114760
b1001 '
1"
#114770
0"
#114780
b0 '
1"
#114790
0"
#114800
1&
1!
b1 '
1(
1"
1#
#114810
0"
#114820
0&
b10 '
1)
1"
#114830
0"
#114840
b11 '
1"
#114850
0"
#114860
b100 '
1"
#114870
0"
#114880
b101 '
1"
#114890
0"
#114900
0!
b110 '
0(
1"
0#
#114910
0"
#114920
b111 '
0)
1"
#114930
0"
#114940
b1000 '
1"
#114950
0"
#114960
b1001 '
1"
#114970
0"
#114980
b0 '
1"
#114990
0"
#115000
1&
1!
b1 '
1(
1"
1#
#115010
0"
#115020
0&
b10 '
1)
1"
#115030
0"
#115040
b11 '
1"
#115050
0"
#115060
b100 '
1"
#115070
0"
#115080
b101 '
1"
#115090
0"
#115100
0!
b110 '
0(
1"
0#
#115110
0"
#115120
b111 '
0)
1"
#115130
0"
#115140
b1000 '
1"
#115150
0"
#115160
b1001 '
1"
#115170
0"
#115180
b0 '
1"
#115190
0"
#115200
1&
1!
b1 '
1(
1"
1#
#115210
0"
#115220
0&
b10 '
1)
1"
#115230
0"
#115240
b11 '
1"
#115250
0"
#115260
b100 '
1"
#115270
0"
#115280
b101 '
1"
#115290
0"
#115300
0!
b110 '
0(
1"
0#
#115310
0"
#115320
b111 '
0)
1"
#115330
0"
#115340
b1000 '
1"
#115350
0"
#115360
b1001 '
1"
#115370
0"
#115380
b0 '
1"
#115390
0"
#115400
1&
1!
b1 '
1(
1"
1#
#115410
0"
#115420
0&
b10 '
1)
1"
#115430
0"
#115440
b11 '
1"
#115450
0"
#115460
b100 '
1"
#115470
0"
#115480
b101 '
1"
#115490
0"
#115500
0!
b110 '
0(
1"
0#
#115510
0"
#115520
b111 '
0)
1"
#115530
0"
#115540
b1000 '
1"
#115550
0"
#115560
b1001 '
1"
#115570
0"
#115580
b0 '
1"
#115590
0"
#115600
1&
1!
b1 '
1(
1"
1#
#115610
0"
#115620
0&
b10 '
1)
1"
#115630
0"
#115640
b11 '
1"
#115650
0"
#115660
b100 '
1"
#115670
0"
#115680
b101 '
1"
#115690
0"
#115700
0!
b110 '
0(
1"
0#
#115710
0"
#115720
b111 '
0)
1"
#115730
0"
#115740
b1000 '
1"
#115750
0"
#115760
b1001 '
1"
#115770
0"
#115780
b0 '
1"
#115790
0"
#115800
1&
1!
b1 '
1(
1"
1#
#115810
0"
#115820
0&
b10 '
1)
1"
#115830
0"
#115840
b11 '
1"
#115850
0"
#115860
b100 '
1"
#115870
0"
#115880
b101 '
1"
#115890
0"
#115900
0!
b110 '
0(
1"
0#
#115910
0"
#115920
b111 '
0)
1"
#115930
0"
#115940
b1000 '
1"
#115950
0"
#115960
b1001 '
1"
#115970
0"
#115980
b0 '
1"
#115990
0"
#116000
1&
1!
b1 '
1(
1"
1#
#116010
0"
#116020
0&
b10 '
1)
1"
#116030
0"
#116040
b11 '
1"
#116050
0"
#116060
b100 '
1"
#116070
0"
#116080
b101 '
1"
#116090
0"
#116100
0!
b110 '
0(
1"
0#
#116110
0"
#116120
b111 '
0)
1"
#116130
0"
#116140
b1000 '
1"
#116150
0"
#116160
b1001 '
1"
#116170
0"
#116180
b0 '
1"
#116190
0"
#116200
1&
1!
b1 '
1(
1"
1#
#116210
0"
#116220
0&
b10 '
1)
1"
#116230
0"
#116240
b11 '
1"
#116250
0"
#116260
b100 '
1"
#116270
0"
#116280
b101 '
1"
#116290
0"
#116300
0!
b110 '
0(
1"
0#
#116310
0"
#116320
b111 '
0)
1"
#116330
0"
#116340
b1000 '
1"
#116350
0"
#116360
b1001 '
1"
#116370
0"
#116380
b0 '
1"
#116390
0"
#116400
1&
1!
b1 '
1(
1"
1#
#116410
0"
#116420
0&
b10 '
1)
1"
#116430
0"
#116440
b11 '
1"
#116450
0"
#116460
b100 '
1"
#116470
0"
#116480
b101 '
1"
#116490
0"
#116500
0!
b110 '
0(
1"
0#
#116510
0"
#116520
b111 '
0)
1"
#116530
0"
#116540
b1000 '
1"
#116550
0"
#116560
b1001 '
1"
#116570
0"
#116580
b0 '
1"
#116590
0"
#116600
1&
1!
b1 '
1(
1"
1#
#116610
0"
#116620
0&
b10 '
1)
1"
#116630
0"
#116640
b11 '
1"
#116650
0"
#116660
b100 '
1"
#116670
0"
#116680
b101 '
1"
#116690
0"
#116700
0!
b110 '
0(
1"
0#
#116710
0"
#116720
b111 '
0)
1"
#116730
0"
#116740
b1000 '
1"
#116750
0"
#116760
b1001 '
1"
#116770
0"
#116780
b0 '
1"
#116790
0"
#116800
1&
1!
b1 '
1(
1"
1#
#116810
0"
#116820
0&
b10 '
1)
1"
#116830
0"
#116840
b11 '
1"
#116850
0"
#116860
b100 '
1"
#116870
0"
#116880
b101 '
1"
#116890
0"
#116900
0!
b110 '
0(
1"
0#
#116910
0"
#116920
b111 '
0)
1"
#116930
0"
#116940
b1000 '
1"
#116950
0"
#116960
b1001 '
1"
#116970
0"
#116980
b0 '
1"
#116990
0"
#117000
1&
1!
b1 '
1(
1"
1#
#117010
0"
#117020
0&
b10 '
1)
1"
#117030
0"
#117040
b11 '
1"
#117050
0"
#117060
b100 '
1"
#117070
0"
#117080
b101 '
1"
#117090
0"
#117100
0!
b110 '
0(
1"
0#
#117110
0"
#117120
b111 '
0)
1"
#117130
0"
#117140
b1000 '
1"
#117150
0"
#117160
b1001 '
1"
#117170
0"
#117180
b0 '
1"
#117190
0"
#117200
1&
1!
b1 '
1(
1"
1#
#117210
0"
#117220
0&
b10 '
1)
1"
#117230
0"
#117240
b11 '
1"
#117250
0"
#117260
b100 '
1"
#117270
0"
#117280
b101 '
1"
#117290
0"
#117300
0!
b110 '
0(
1"
0#
#117310
0"
#117320
b111 '
0)
1"
#117330
0"
#117340
b1000 '
1"
#117350
0"
#117360
b1001 '
1"
#117370
0"
#117380
b0 '
1"
#117390
0"
#117400
1&
1!
b1 '
1(
1"
1#
#117410
0"
#117420
0&
b10 '
1)
1"
#117430
0"
#117440
b11 '
1"
#117450
0"
#117460
b100 '
1"
#117470
0"
#117480
b101 '
1"
#117490
0"
#117500
0!
b110 '
0(
1"
0#
#117510
0"
#117520
b111 '
0)
1"
#117530
0"
#117540
b1000 '
1"
#117550
0"
#117560
b1001 '
1"
#117570
0"
#117580
b0 '
1"
#117590
0"
#117600
1&
1!
b1 '
1(
1"
1#
#117610
0"
#117620
0&
b10 '
1)
1"
#117630
0"
#117640
b11 '
1"
#117650
0"
#117660
b100 '
1"
#117670
0"
#117680
b101 '
1"
#117690
0"
#117700
0!
b110 '
0(
1"
0#
#117710
0"
#117720
b111 '
0)
1"
#117730
0"
#117740
b1000 '
1"
#117750
0"
#117760
b1001 '
1"
#117770
0"
#117780
b0 '
1"
#117790
0"
#117800
1&
1!
b1 '
1(
1"
1#
#117810
0"
#117820
0&
b10 '
1)
1"
#117830
0"
#117840
b11 '
1"
#117850
0"
#117860
b100 '
1"
#117870
0"
#117880
b101 '
1"
#117890
0"
#117900
0!
b110 '
0(
1"
0#
#117910
0"
#117920
b111 '
0)
1"
#117930
0"
#117940
b1000 '
1"
#117950
0"
#117960
b1001 '
1"
#117970
0"
#117980
b0 '
1"
#117990
0"
#118000
1&
1!
b1 '
1(
1"
1#
#118010
0"
#118020
0&
b10 '
1)
1"
#118030
0"
#118040
b11 '
1"
#118050
0"
#118060
b100 '
1"
#118070
0"
#118080
b101 '
1"
#118090
0"
#118100
0!
b110 '
0(
1"
0#
#118110
0"
#118120
b111 '
0)
1"
#118130
0"
#118140
b1000 '
1"
#118150
0"
#118160
b1001 '
1"
#118170
0"
#118180
b0 '
1"
#118190
0"
#118200
1&
1!
b1 '
1(
1"
1#
#118210
0"
#118220
0&
b10 '
1)
1"
#118230
0"
#118240
b11 '
1"
#118250
0"
#118260
b100 '
1"
#118270
0"
#118280
b101 '
1"
#118290
0"
#118300
0!
b110 '
0(
1"
0#
#118310
0"
#118320
b111 '
0)
1"
#118330
0"
#118340
b1000 '
1"
#118350
0"
#118360
b1001 '
1"
#118370
0"
#118380
b0 '
1"
#118390
0"
#118400
1&
1!
b1 '
1(
1"
1#
#118410
0"
#118420
0&
b10 '
1)
1"
#118430
0"
#118440
b11 '
1"
#118450
0"
#118460
b100 '
1"
#118470
0"
#118480
b101 '
1"
#118490
0"
#118500
0!
b110 '
0(
1"
0#
#118510
0"
#118520
b111 '
0)
1"
#118530
0"
#118540
b1000 '
1"
#118550
0"
#118560
b1001 '
1"
#118570
0"
#118580
b0 '
1"
#118590
0"
#118600
1&
1!
b1 '
1(
1"
1#
#118610
0"
#118620
0&
b10 '
1)
1"
#118630
0"
#118640
b11 '
1"
#118650
0"
#118660
b100 '
1"
#118670
0"
#118680
b101 '
1"
#118690
0"
#118700
0!
b110 '
0(
1"
0#
#118710
0"
#118720
b111 '
0)
1"
#118730
0"
#118740
b1000 '
1"
#118750
0"
#118760
b1001 '
1"
#118770
0"
#118780
b0 '
1"
#118790
0"
#118800
1&
1!
b1 '
1(
1"
1#
#118810
0"
#118820
0&
b10 '
1)
1"
#118830
0"
#118840
b11 '
1"
#118850
0"
#118860
b100 '
1"
#118870
0"
#118880
b101 '
1"
#118890
0"
#118900
0!
b110 '
0(
1"
0#
#118910
0"
#118920
b111 '
0)
1"
#118930
0"
#118940
b1000 '
1"
#118950
0"
#118960
b1001 '
1"
#118970
0"
#118980
b0 '
1"
#118990
0"
#119000
1&
1!
b1 '
1(
1"
1#
#119010
0"
#119020
0&
b10 '
1)
1"
#119030
0"
#119040
b11 '
1"
#119050
0"
#119060
b100 '
1"
#119070
0"
#119080
b101 '
1"
#119090
0"
#119100
0!
b110 '
0(
1"
0#
#119110
0"
#119120
b111 '
0)
1"
#119130
0"
#119140
b1000 '
1"
#119150
0"
#119160
b1001 '
1"
#119170
0"
#119180
b0 '
1"
#119190
0"
#119200
1&
1!
b1 '
1(
1"
1#
#119210
0"
#119220
0&
b10 '
1)
1"
#119230
0"
#119240
b11 '
1"
#119250
0"
#119260
b100 '
1"
#119270
0"
#119280
b101 '
1"
#119290
0"
#119300
0!
b110 '
0(
1"
0#
#119310
0"
#119320
b111 '
0)
1"
#119330
0"
#119340
b1000 '
1"
#119350
0"
#119360
b1001 '
1"
#119370
0"
#119380
b0 '
1"
#119390
0"
#119400
1&
1!
b1 '
1(
1"
1#
#119410
0"
#119420
0&
b10 '
1)
1"
#119430
0"
#119440
b11 '
1"
#119450
0"
#119460
b100 '
1"
#119470
0"
#119480
b101 '
1"
#119490
0"
#119500
0!
b110 '
0(
1"
0#
#119510
0"
#119520
b111 '
0)
1"
#119530
0"
#119540
b1000 '
1"
#119550
0"
#119560
b1001 '
1"
#119570
0"
#119580
b0 '
1"
#119590
0"
#119600
1&
1!
b1 '
1(
1"
1#
#119610
0"
#119620
0&
b10 '
1)
1"
#119630
0"
#119640
b11 '
1"
#119650
0"
#119660
b100 '
1"
#119670
0"
#119680
b101 '
1"
#119690
0"
#119700
0!
b110 '
0(
1"
0#
#119710
0"
#119720
b111 '
0)
1"
#119730
0"
#119740
b1000 '
1"
#119750
0"
#119760
b1001 '
1"
#119770
0"
#119780
b0 '
1"
#119790
0"
#119800
1&
1!
b1 '
1(
1"
1#
#119810
0"
#119820
0&
b10 '
1)
1"
#119830
0"
#119840
b11 '
1"
#119850
0"
#119860
b100 '
1"
#119870
0"
#119880
b101 '
1"
#119890
0"
#119900
0!
b110 '
0(
1"
0#
#119910
0"
#119920
b111 '
0)
1"
#119930
0"
#119940
b1000 '
1"
#119950
0"
#119960
b1001 '
1"
#119970
0"
#119980
b0 '
1"
#119990
0"
#120000
1&
1!
b1 '
1(
1"
1#
#120010
0"
#120020
0&
b10 '
1)
1"
#120030
0"
#120040
b11 '
1"
#120050
0"
#120060
b100 '
1"
#120070
0"
#120080
b101 '
1"
#120090
0"
#120100
0!
b110 '
0(
1"
0#
#120110
0"
#120120
b111 '
0)
1"
#120130
0"
#120140
b1000 '
1"
#120150
0"
#120160
b1001 '
1"
#120170
0"
#120180
b0 '
1"
#120190
0"
#120200
1&
1!
b1 '
1(
1"
1#
#120210
0"
#120220
0&
b10 '
1)
1"
#120230
0"
#120240
b11 '
1"
#120250
0"
#120260
b100 '
1"
#120270
0"
#120280
b101 '
1"
#120290
0"
#120300
0!
b110 '
0(
1"
0#
#120310
0"
#120320
b111 '
0)
1"
#120330
0"
#120340
b1000 '
1"
#120350
0"
#120360
b1001 '
1"
#120370
0"
#120380
b0 '
1"
#120390
0"
#120400
1&
1!
b1 '
1(
1"
1#
#120410
0"
#120420
0&
b10 '
1)
1"
#120430
0"
#120440
b11 '
1"
#120450
0"
#120460
b100 '
1"
#120470
0"
#120480
b101 '
1"
#120490
0"
#120500
0!
b110 '
0(
1"
0#
#120510
0"
#120520
b111 '
0)
1"
#120530
0"
#120540
b1000 '
1"
#120550
0"
#120560
b1001 '
1"
#120570
0"
#120580
b0 '
1"
#120590
0"
#120600
1&
1!
b1 '
1(
1"
1#
#120610
0"
#120620
0&
b10 '
1)
1"
#120630
0"
#120640
b11 '
1"
#120650
0"
#120660
b100 '
1"
#120670
0"
#120680
b101 '
1"
#120690
0"
#120700
0!
b110 '
0(
1"
0#
#120710
0"
#120720
b111 '
0)
1"
#120730
0"
#120740
b1000 '
1"
#120750
0"
#120760
b1001 '
1"
#120770
0"
#120780
b0 '
1"
#120790
0"
#120800
1&
1!
b1 '
1(
1"
1#
#120810
0"
#120820
0&
b10 '
1)
1"
#120830
0"
#120840
b11 '
1"
#120850
0"
#120860
b100 '
1"
#120870
0"
#120880
b101 '
1"
#120890
0"
#120900
0!
b110 '
0(
1"
0#
#120910
0"
#120920
b111 '
0)
1"
#120930
0"
#120940
b1000 '
1"
#120950
0"
#120960
b1001 '
1"
#120970
0"
#120980
b0 '
1"
#120990
0"
#121000
1&
1!
b1 '
1(
1"
1#
#121010
0"
#121020
0&
b10 '
1)
1"
#121030
0"
#121040
b11 '
1"
#121050
0"
#121060
b100 '
1"
#121070
0"
#121080
b101 '
1"
#121090
0"
#121100
0!
b110 '
0(
1"
0#
#121110
0"
#121120
b111 '
0)
1"
#121130
0"
#121140
b1000 '
1"
#121150
0"
#121160
b1001 '
1"
#121170
0"
#121180
b0 '
1"
#121190
0"
#121200
1&
1!
b1 '
1(
1"
1#
#121210
0"
#121220
0&
b10 '
1)
1"
#121230
0"
#121240
b11 '
1"
#121250
0"
#121260
b100 '
1"
#121270
0"
#121280
b101 '
1"
#121290
0"
#121300
0!
b110 '
0(
1"
0#
#121310
0"
#121320
b111 '
0)
1"
#121330
0"
#121340
b1000 '
1"
#121350
0"
#121360
b1001 '
1"
#121370
0"
#121380
b0 '
1"
#121390
0"
#121400
1&
1!
b1 '
1(
1"
1#
#121410
0"
#121420
0&
b10 '
1)
1"
#121430
0"
#121440
b11 '
1"
#121450
0"
#121460
b100 '
1"
#121470
0"
#121480
b101 '
1"
#121490
0"
#121500
0!
b110 '
0(
1"
0#
#121510
0"
#121520
b111 '
0)
1"
#121530
0"
#121540
b1000 '
1"
#121550
0"
#121560
b1001 '
1"
#121570
0"
#121580
b0 '
1"
#121590
0"
#121600
1&
1!
b1 '
1(
1"
1#
#121610
0"
#121620
0&
b10 '
1)
1"
#121630
0"
#121640
b11 '
1"
#121650
0"
#121660
b100 '
1"
#121670
0"
#121680
b101 '
1"
#121690
0"
#121700
0!
b110 '
0(
1"
0#
#121710
0"
#121720
b111 '
0)
1"
#121730
0"
#121740
b1000 '
1"
#121750
0"
#121760
b1001 '
1"
#121770
0"
#121780
b0 '
1"
#121790
0"
#121800
1&
1!
b1 '
1(
1"
1#
#121810
0"
#121820
0&
b10 '
1)
1"
#121830
0"
#121840
b11 '
1"
#121850
0"
#121860
b100 '
1"
#121870
0"
#121880
b101 '
1"
#121890
0"
#121900
0!
b110 '
0(
1"
0#
#121910
0"
#121920
b111 '
0)
1"
#121930
0"
#121940
b1000 '
1"
#121950
0"
#121960
b1001 '
1"
#121970
0"
#121980
b0 '
1"
#121990
0"
#122000
1&
1!
b1 '
1(
1"
1#
#122010
0"
#122020
0&
b10 '
1)
1"
#122030
0"
#122040
b11 '
1"
#122050
0"
#122060
b100 '
1"
#122070
0"
#122080
b101 '
1"
#122090
0"
#122100
0!
b110 '
0(
1"
0#
#122110
0"
#122120
b111 '
0)
1"
#122130
0"
#122140
b1000 '
1"
#122150
0"
#122160
b1001 '
1"
#122170
0"
#122180
b0 '
1"
#122190
0"
#122200
1&
1!
b1 '
1(
1"
1#
#122210
0"
#122220
0&
b10 '
1)
1"
#122230
0"
#122240
b11 '
1"
#122250
0"
#122260
b100 '
1"
#122270
0"
#122280
b101 '
1"
#122290
0"
#122300
0!
b110 '
0(
1"
0#
#122310
0"
#122320
b111 '
0)
1"
#122330
0"
#122340
b1000 '
1"
#122350
0"
#122360
b1001 '
1"
#122370
0"
#122380
b0 '
1"
#122390
0"
#122400
1&
1!
b1 '
1(
1"
1#
#122410
0"
#122420
0&
b10 '
1)
1"
#122430
0"
#122440
b11 '
1"
#122450
0"
#122460
b100 '
1"
#122470
0"
#122480
b101 '
1"
#122490
0"
#122500
0!
b110 '
0(
1"
0#
#122510
0"
#122520
b111 '
0)
1"
#122530
0"
#122540
b1000 '
1"
#122550
0"
#122560
b1001 '
1"
#122570
0"
#122580
b0 '
1"
#122590
0"
#122600
1&
1!
b1 '
1(
1"
1#
#122610
0"
#122620
0&
b10 '
1)
1"
#122630
0"
#122640
b11 '
1"
#122650
0"
#122660
b100 '
1"
#122670
0"
#122680
b101 '
1"
#122690
0"
#122700
0!
b110 '
0(
1"
0#
#122710
0"
#122720
b111 '
0)
1"
#122730
0"
#122740
b1000 '
1"
#122750
0"
#122760
b1001 '
1"
#122770
0"
#122780
b0 '
1"
#122790
0"
#122800
1&
1!
b1 '
1(
1"
1#
#122810
0"
#122820
0&
b10 '
1)
1"
#122830
0"
#122840
b11 '
1"
#122850
0"
#122860
b100 '
1"
#122870
0"
#122880
b101 '
1"
#122890
0"
#122900
0!
b110 '
0(
1"
0#
#122910
0"
#122920
b111 '
0)
1"
#122930
0"
#122940
b1000 '
1"
#122950
0"
#122960
b1001 '
1"
#122970
0"
#122980
b0 '
1"
#122990
0"
#123000
1&
1!
b1 '
1(
1"
1#
#123010
0"
#123020
0&
b10 '
1)
1"
#123030
0"
#123040
b11 '
1"
#123050
0"
#123060
b100 '
1"
#123070
0"
#123080
b101 '
1"
#123090
0"
#123100
0!
b110 '
0(
1"
0#
#123110
0"
#123120
b111 '
0)
1"
#123130
0"
#123140
b1000 '
1"
#123150
0"
#123160
b1001 '
1"
#123170
0"
#123180
b0 '
1"
#123190
0"
#123200
1&
1!
b1 '
1(
1"
1#
#123210
0"
#123220
0&
b10 '
1)
1"
#123230
0"
#123240
b11 '
1"
#123250
0"
#123260
b100 '
1"
#123270
0"
#123280
b101 '
1"
#123290
0"
#123300
0!
b110 '
0(
1"
0#
#123310
0"
#123320
b111 '
0)
1"
#123330
0"
#123340
b1000 '
1"
#123350
0"
#123360
b1001 '
1"
#123370
0"
#123380
b0 '
1"
#123390
0"
#123400
1&
1!
b1 '
1(
1"
1#
#123410
0"
#123420
0&
b10 '
1)
1"
#123430
0"
#123440
b11 '
1"
#123450
0"
#123460
b100 '
1"
#123470
0"
#123480
b101 '
1"
#123490
0"
#123500
0!
b110 '
0(
1"
0#
#123510
0"
#123520
b111 '
0)
1"
#123530
0"
#123540
b1000 '
1"
#123550
0"
#123560
b1001 '
1"
#123570
0"
#123580
b0 '
1"
#123590
0"
#123600
1&
1!
b1 '
1(
1"
1#
#123610
0"
#123620
0&
b10 '
1)
1"
#123630
0"
#123640
b11 '
1"
#123650
0"
#123660
b100 '
1"
#123670
0"
#123680
b101 '
1"
#123690
0"
#123700
0!
b110 '
0(
1"
0#
#123710
0"
#123720
b111 '
0)
1"
#123730
0"
#123740
b1000 '
1"
#123750
0"
#123760
b1001 '
1"
#123770
0"
#123780
b0 '
1"
#123790
0"
#123800
1&
1!
b1 '
1(
1"
1#
#123810
0"
#123820
0&
b10 '
1)
1"
#123830
0"
#123840
b11 '
1"
#123850
0"
#123860
b100 '
1"
#123870
0"
#123880
b101 '
1"
#123890
0"
#123900
0!
b110 '
0(
1"
0#
#123910
0"
#123920
b111 '
0)
1"
#123930
0"
#123940
b1000 '
1"
#123950
0"
#123960
b1001 '
1"
#123970
0"
#123980
b0 '
1"
#123990
0"
#124000
1&
1!
b1 '
1(
1"
1#
#124010
0"
#124020
0&
b10 '
1)
1"
#124030
0"
#124040
b11 '
1"
#124050
0"
#124060
b100 '
1"
#124070
0"
#124080
b101 '
1"
#124090
0"
#124100
0!
b110 '
0(
1"
0#
#124110
0"
#124120
b111 '
0)
1"
#124130
0"
#124140
b1000 '
1"
#124150
0"
#124160
b1001 '
1"
#124170
0"
#124180
b0 '
1"
#124190
0"
#124200
1&
1!
b1 '
1(
1"
1#
#124210
0"
#124220
0&
b10 '
1)
1"
#124230
0"
#124240
b11 '
1"
#124250
0"
#124260
b100 '
1"
#124270
0"
#124280
b101 '
1"
#124290
0"
#124300
0!
b110 '
0(
1"
0#
#124310
0"
#124320
b111 '
0)
1"
#124330
0"
#124340
b1000 '
1"
#124350
0"
#124360
b1001 '
1"
#124370
0"
#124380
b0 '
1"
#124390
0"
#124400
1&
1!
b1 '
1(
1"
1#
#124410
0"
#124420
0&
b10 '
1)
1"
#124430
0"
#124440
b11 '
1"
#124450
0"
#124460
b100 '
1"
#124470
0"
#124480
b101 '
1"
#124490
0"
#124500
0!
b110 '
0(
1"
0#
#124510
0"
#124520
b111 '
0)
1"
#124530
0"
#124540
b1000 '
1"
#124550
0"
#124560
b1001 '
1"
#124570
0"
#124580
b0 '
1"
#124590
0"
#124600
1&
1!
b1 '
1(
1"
1#
#124610
0"
#124620
0&
b10 '
1)
1"
#124630
0"
#124640
b11 '
1"
#124650
0"
#124660
b100 '
1"
#124670
0"
#124680
b101 '
1"
#124690
0"
#124700
0!
b110 '
0(
1"
0#
#124710
0"
#124720
b111 '
0)
1"
#124730
0"
#124740
b1000 '
1"
#124750
0"
#124760
b1001 '
1"
#124770
0"
#124780
b0 '
1"
#124790
0"
#124800
1&
1!
b1 '
1(
1"
1#
#124810
0"
#124820
0&
b10 '
1)
1"
#124830
0"
#124840
b11 '
1"
#124850
0"
#124860
b100 '
1"
#124870
0"
#124880
b101 '
1"
#124890
0"
#124900
0!
b110 '
0(
1"
0#
#124910
0"
#124920
b111 '
0)
1"
#124930
0"
#124940
b1000 '
1"
#124950
0"
#124960
b1001 '
1"
#124970
0"
#124980
b0 '
1"
#124990
0"
#125000
1&
1!
b1 '
1(
1"
1#
#125010
0"
#125020
0&
b10 '
1)
1"
#125030
0"
#125040
b11 '
1"
#125050
0"
#125060
b100 '
1"
#125070
0"
#125080
b101 '
1"
#125090
0"
#125100
0!
b110 '
0(
1"
0#
#125110
0"
#125120
b111 '
0)
1"
#125130
0"
#125140
b1000 '
1"
#125150
0"
#125160
b1001 '
1"
#125170
0"
#125180
b0 '
1"
#125190
0"
#125200
1&
1!
b1 '
1(
1"
1#
#125210
0"
#125220
0&
b10 '
1)
1"
#125230
0"
#125240
b11 '
1"
#125250
0"
#125260
b100 '
1"
#125270
0"
#125280
b101 '
1"
#125290
0"
#125300
0!
b110 '
0(
1"
0#
#125310
0"
#125320
b111 '
0)
1"
#125330
0"
#125340
b1000 '
1"
#125350
0"
#125360
b1001 '
1"
#125370
0"
#125380
b0 '
1"
#125390
0"
#125400
1&
1!
b1 '
1(
1"
1#
#125410
0"
#125420
0&
b10 '
1)
1"
#125430
0"
#125440
b11 '
1"
#125450
0"
#125460
b100 '
1"
#125470
0"
#125480
b101 '
1"
#125490
0"
#125500
0!
b110 '
0(
1"
0#
#125510
0"
#125520
b111 '
0)
1"
#125530
0"
#125540
b1000 '
1"
#125550
0"
#125560
b1001 '
1"
#125570
0"
#125580
b0 '
1"
#125590
0"
#125600
1&
1!
b1 '
1(
1"
1#
#125610
0"
#125620
0&
b10 '
1)
1"
#125630
0"
#125640
b11 '
1"
#125650
0"
#125660
b100 '
1"
#125670
0"
#125680
b101 '
1"
#125690
0"
#125700
0!
b110 '
0(
1"
0#
#125710
0"
#125720
b111 '
0)
1"
#125730
0"
#125740
b1000 '
1"
#125750
0"
#125760
b1001 '
1"
#125770
0"
#125780
b0 '
1"
#125790
0"
#125800
1&
1!
b1 '
1(
1"
1#
#125810
0"
#125820
0&
b10 '
1)
1"
#125830
0"
#125840
b11 '
1"
#125850
0"
#125860
b100 '
1"
#125870
0"
#125880
b101 '
1"
#125890
0"
#125900
0!
b110 '
0(
1"
0#
#125910
0"
#125920
b111 '
0)
1"
#125930
0"
#125940
b1000 '
1"
#125950
0"
#125960
b1001 '
1"
#125970
0"
#125980
b0 '
1"
#125990
0"
#126000
1&
1!
b1 '
1(
1"
1#
#126010
0"
#126020
0&
b10 '
1)
1"
#126030
0"
#126040
b11 '
1"
#126050
0"
#126060
b100 '
1"
#126070
0"
#126080
b101 '
1"
#126090
0"
#126100
0!
b110 '
0(
1"
0#
#126110
0"
#126120
b111 '
0)
1"
#126130
0"
#126140
b1000 '
1"
#126150
0"
#126160
b1001 '
1"
#126170
0"
#126180
b0 '
1"
#126190
0"
#126200
1&
1!
b1 '
1(
1"
1#
#126210
0"
#126220
0&
b10 '
1)
1"
#126230
0"
#126240
b11 '
1"
#126250
0"
#126260
b100 '
1"
#126270
0"
#126280
b101 '
1"
#126290
0"
#126300
0!
b110 '
0(
1"
0#
#126310
0"
#126320
b111 '
0)
1"
#126330
0"
#126340
b1000 '
1"
#126350
0"
#126360
b1001 '
1"
#126370
0"
#126380
b0 '
1"
#126390
0"
#126400
1&
1!
b1 '
1(
1"
1#
#126410
0"
#126420
0&
b10 '
1)
1"
#126430
0"
#126440
b11 '
1"
#126450
0"
#126460
b100 '
1"
#126470
0"
#126480
b101 '
1"
#126490
0"
#126500
0!
b110 '
0(
1"
0#
#126510
0"
#126520
b111 '
0)
1"
#126530
0"
#126540
b1000 '
1"
#126550
0"
#126560
b1001 '
1"
#126570
0"
#126580
b0 '
1"
#126590
0"
#126600
1&
1!
b1 '
1(
1"
1#
#126610
0"
#126620
0&
b10 '
1)
1"
#126630
0"
#126640
b11 '
1"
#126650
0"
#126660
b100 '
1"
#126670
0"
#126680
b101 '
1"
#126690
0"
#126700
0!
b110 '
0(
1"
0#
#126710
0"
#126720
b111 '
0)
1"
#126730
0"
#126740
b1000 '
1"
#126750
0"
#126760
b1001 '
1"
#126770
0"
#126780
b0 '
1"
#126790
0"
#126800
1&
1!
b1 '
1(
1"
1#
#126810
0"
#126820
0&
b10 '
1)
1"
#126830
0"
#126840
b11 '
1"
#126850
0"
#126860
b100 '
1"
#126870
0"
#126880
b101 '
1"
#126890
0"
#126900
0!
b110 '
0(
1"
0#
#126910
0"
#126920
b111 '
0)
1"
#126930
0"
#126940
b1000 '
1"
#126950
0"
#126960
b1001 '
1"
#126970
0"
#126980
b0 '
1"
#126990
0"
#127000
1&
1!
b1 '
1(
1"
1#
#127010
0"
#127020
0&
b10 '
1)
1"
#127030
0"
#127040
b11 '
1"
#127050
0"
#127060
b100 '
1"
#127070
0"
#127080
b101 '
1"
#127090
0"
#127100
0!
b110 '
0(
1"
0#
#127110
0"
#127120
b111 '
0)
1"
#127130
0"
#127140
b1000 '
1"
#127150
0"
#127160
b1001 '
1"
#127170
0"
#127180
b0 '
1"
#127190
0"
#127200
1&
1!
b1 '
1(
1"
1#
#127210
0"
#127220
0&
b10 '
1)
1"
#127230
0"
#127240
b11 '
1"
#127250
0"
#127260
b100 '
1"
#127270
0"
#127280
b101 '
1"
#127290
0"
#127300
0!
b110 '
0(
1"
0#
#127310
0"
#127320
b111 '
0)
1"
#127330
0"
#127340
b1000 '
1"
#127350
0"
#127360
b1001 '
1"
#127370
0"
#127380
b0 '
1"
#127390
0"
#127400
1&
1!
b1 '
1(
1"
1#
#127410
0"
#127420
0&
b10 '
1)
1"
#127430
0"
#127440
b11 '
1"
#127450
0"
#127460
b100 '
1"
#127470
0"
#127480
b101 '
1"
#127490
0"
#127500
0!
b110 '
0(
1"
0#
#127510
0"
#127520
b111 '
0)
1"
#127530
0"
#127540
b1000 '
1"
#127550
0"
#127560
b1001 '
1"
#127570
0"
#127580
b0 '
1"
#127590
0"
#127600
1&
1!
b1 '
1(
1"
1#
#127610
0"
#127620
0&
b10 '
1)
1"
#127630
0"
#127640
b11 '
1"
#127650
0"
#127660
b100 '
1"
#127670
0"
#127680
b101 '
1"
#127690
0"
#127700
0!
b110 '
0(
1"
0#
#127710
0"
#127720
b111 '
0)
1"
#127730
0"
#127740
b1000 '
1"
#127750
0"
#127760
b1001 '
1"
#127770
0"
#127780
b0 '
1"
#127790
0"
#127800
1&
1!
b1 '
1(
1"
1#
#127810
0"
#127820
0&
b10 '
1)
1"
#127830
0"
#127840
b11 '
1"
#127850
0"
#127860
b100 '
1"
#127870
0"
#127880
b101 '
1"
#127890
0"
#127900
0!
b110 '
0(
1"
0#
#127910
0"
#127920
b111 '
0)
1"
#127930
0"
#127940
b1000 '
1"
#127950
0"
#127960
b1001 '
1"
#127970
0"
#127980
b0 '
1"
#127990
0"
#128000
1&
1!
b1 '
1(
1"
1#
#128010
0"
#128020
0&
b10 '
1)
1"
#128030
0"
#128040
b11 '
1"
#128050
0"
#128060
b100 '
1"
#128070
0"
#128080
b101 '
1"
#128090
0"
#128100
0!
b110 '
0(
1"
0#
#128110
0"
#128120
b111 '
0)
1"
#128130
0"
#128140
b1000 '
1"
#128150
0"
#128160
b1001 '
1"
#128170
0"
#128180
b0 '
1"
#128190
0"
#128200
1&
1!
b1 '
1(
1"
1#
#128210
0"
#128220
0&
b10 '
1)
1"
#128230
0"
#128240
b11 '
1"
#128250
0"
#128260
b100 '
1"
#128270
0"
#128280
b101 '
1"
#128290
0"
#128300
0!
b110 '
0(
1"
0#
#128310
0"
#128320
b111 '
0)
1"
#128330
0"
#128340
b1000 '
1"
#128350
0"
#128360
b1001 '
1"
#128370
0"
#128380
b0 '
1"
#128390
0"
#128400
1&
1!
b1 '
1(
1"
1#
#128410
0"
#128420
0&
b10 '
1)
1"
#128430
0"
#128440
b11 '
1"
#128450
0"
#128460
b100 '
1"
#128470
0"
#128480
b101 '
1"
#128490
0"
#128500
0!
b110 '
0(
1"
0#
#128510
0"
#128520
b111 '
0)
1"
#128530
0"
#128540
b1000 '
1"
#128550
0"
#128560
b1001 '
1"
#128570
0"
#128580
b0 '
1"
#128590
0"
#128600
1&
1!
b1 '
1(
1"
1#
#128610
0"
#128620
0&
b10 '
1)
1"
#128630
0"
#128640
b11 '
1"
#128650
0"
#128660
b100 '
1"
#128670
0"
#128680
b101 '
1"
#128690
0"
#128700
0!
b110 '
0(
1"
0#
#128710
0"
#128720
b111 '
0)
1"
#128730
0"
#128740
b1000 '
1"
#128750
0"
#128760
b1001 '
1"
#128770
0"
#128780
b0 '
1"
#128790
0"
#128800
1&
1!
b1 '
1(
1"
1#
#128810
0"
#128820
0&
b10 '
1)
1"
#128830
0"
#128840
b11 '
1"
#128850
0"
#128860
b100 '
1"
#128870
0"
#128880
b101 '
1"
#128890
0"
#128900
0!
b110 '
0(
1"
0#
#128910
0"
#128920
b111 '
0)
1"
#128930
0"
#128940
b1000 '
1"
#128950
0"
#128960
b1001 '
1"
#128970
0"
#128980
b0 '
1"
#128990
0"
#129000
1&
1!
b1 '
1(
1"
1#
#129010
0"
#129020
0&
b10 '
1)
1"
#129030
0"
#129040
b11 '
1"
#129050
0"
#129060
b100 '
1"
#129070
0"
#129080
b101 '
1"
#129090
0"
#129100
0!
b110 '
0(
1"
0#
#129110
0"
#129120
b111 '
0)
1"
#129130
0"
#129140
b1000 '
1"
#129150
0"
#129160
b1001 '
1"
#129170
0"
#129180
b0 '
1"
#129190
0"
#129200
1&
1!
b1 '
1(
1"
1#
#129210
0"
#129220
0&
b10 '
1)
1"
#129230
0"
#129240
b11 '
1"
#129250
0"
#129260
b100 '
1"
#129270
0"
#129280
b101 '
1"
#129290
0"
#129300
0!
b110 '
0(
1"
0#
#129310
0"
#129320
b111 '
0)
1"
#129330
0"
#129340
b1000 '
1"
#129350
0"
#129360
b1001 '
1"
#129370
0"
#129380
b0 '
1"
#129390
0"
#129400
1&
1!
b1 '
1(
1"
1#
#129410
0"
#129420
0&
b10 '
1)
1"
#129430
0"
#129440
b11 '
1"
#129450
0"
#129460
b100 '
1"
#129470
0"
#129480
b101 '
1"
#129490
0"
#129500
0!
b110 '
0(
1"
0#
#129510
0"
#129520
b111 '
0)
1"
#129530
0"
#129540
b1000 '
1"
#129550
0"
#129560
b1001 '
1"
#129570
0"
#129580
b0 '
1"
#129590
0"
#129600
1&
1!
b1 '
1(
1"
1#
#129610
0"
#129620
0&
b10 '
1)
1"
#129630
0"
#129640
b11 '
1"
#129650
0"
#129660
b100 '
1"
#129670
0"
#129680
b101 '
1"
#129690
0"
#129700
0!
b110 '
0(
1"
0#
#129710
0"
#129720
b111 '
0)
1"
#129730
0"
#129740
b1000 '
1"
#129750
0"
#129760
b1001 '
1"
#129770
0"
#129780
b0 '
1"
#129790
0"
#129800
1&
1!
b1 '
1(
1"
1#
#129810
0"
#129820
0&
b10 '
1)
1"
#129830
0"
#129840
b11 '
1"
#129850
0"
#129860
b100 '
1"
#129870
0"
#129880
b101 '
1"
#129890
0"
#129900
0!
b110 '
0(
1"
0#
#129910
0"
#129920
b111 '
0)
1"
#129930
0"
#129940
b1000 '
1"
#129950
0"
#129960
b1001 '
1"
#129970
0"
#129980
b0 '
1"
#129990
0"
#130000
1&
1!
b1 '
1(
1"
1#
#130010
0"
#130020
0&
b10 '
1)
1"
#130030
0"
#130040
b11 '
1"
#130050
0"
#130060
b100 '
1"
#130070
0"
#130080
b101 '
1"
#130090
0"
#130100
0!
b110 '
0(
1"
0#
#130110
0"
#130120
b111 '
0)
1"
#130130
0"
#130140
b1000 '
1"
#130150
0"
#130160
b1001 '
1"
#130170
0"
#130180
b0 '
1"
#130190
0"
#130200
1&
1!
b1 '
1(
1"
1#
#130210
0"
#130220
0&
b10 '
1)
1"
#130230
0"
#130240
b11 '
1"
#130250
0"
#130260
b100 '
1"
#130270
0"
#130280
b101 '
1"
#130290
0"
#130300
0!
b110 '
0(
1"
0#
#130310
0"
#130320
b111 '
0)
1"
#130330
0"
#130340
b1000 '
1"
#130350
0"
#130360
b1001 '
1"
#130370
0"
#130380
b0 '
1"
#130390
0"
#130400
1&
1!
b1 '
1(
1"
1#
#130410
0"
#130420
0&
b10 '
1)
1"
#130430
0"
#130440
b11 '
1"
#130450
0"
#130460
b100 '
1"
#130470
0"
#130480
b101 '
1"
#130490
0"
#130500
0!
b110 '
0(
1"
0#
#130510
0"
#130520
b111 '
0)
1"
#130530
0"
#130540
b1000 '
1"
#130550
0"
#130560
b1001 '
1"
#130570
0"
#130580
b0 '
1"
#130590
0"
#130600
1&
1!
b1 '
1(
1"
1#
#130610
0"
#130620
0&
b10 '
1)
1"
#130630
0"
#130640
b11 '
1"
#130650
0"
#130660
b100 '
1"
#130670
0"
#130680
b101 '
1"
#130690
0"
#130700
0!
b110 '
0(
1"
0#
#130710
0"
#130720
b111 '
0)
1"
#130730
0"
#130740
b1000 '
1"
#130750
0"
#130760
b1001 '
1"
#130770
0"
#130780
b0 '
1"
#130790
0"
#130800
1&
1!
b1 '
1(
1"
1#
#130810
0"
#130820
0&
b10 '
1)
1"
#130830
0"
#130840
b11 '
1"
#130850
0"
#130860
b100 '
1"
#130870
0"
#130880
b101 '
1"
#130890
0"
#130900
0!
b110 '
0(
1"
0#
#130910
0"
#130920
b111 '
0)
1"
#130930
0"
#130940
b1000 '
1"
#130950
0"
#130960
b1001 '
1"
#130970
0"
#130980
b0 '
1"
#130990
0"
#131000
1&
1!
b1 '
1(
1"
1#
#131010
0"
#131020
0&
b10 '
1)
1"
#131030
0"
#131040
b11 '
1"
#131050
0"
#131060
b100 '
1"
#131070
0"
#131080
b101 '
1"
#131090
0"
#131100
0!
b110 '
0(
1"
0#
#131110
0"
#131120
b111 '
0)
1"
#131130
0"
#131140
b1000 '
1"
#131150
0"
#131160
b1001 '
1"
#131170
0"
#131180
b0 '
1"
#131190
0"
#131200
1&
1!
b1 '
1(
1"
1#
#131210
0"
#131220
0&
b10 '
1)
1"
#131230
0"
#131240
b11 '
1"
#131250
0"
#131260
b100 '
1"
#131270
0"
#131280
b101 '
1"
#131290
0"
#131300
0!
b110 '
0(
1"
0#
#131310
0"
#131320
b111 '
0)
1"
#131330
0"
#131340
b1000 '
1"
#131350
0"
#131360
b1001 '
1"
#131370
0"
#131380
b0 '
1"
#131390
0"
#131400
1&
1!
b1 '
1(
1"
1#
#131410
0"
#131420
0&
b10 '
1)
1"
#131430
0"
#131440
b11 '
1"
#131450
0"
#131460
b100 '
1"
#131470
0"
#131480
b101 '
1"
#131490
0"
#131500
0!
b110 '
0(
1"
0#
#131510
0"
#131520
b111 '
0)
1"
#131530
0"
#131540
b1000 '
1"
#131550
0"
#131560
b1001 '
1"
#131570
0"
#131580
b0 '
1"
#131590
0"
#131600
1&
1!
b1 '
1(
1"
1#
#131610
0"
#131620
0&
b10 '
1)
1"
#131630
0"
#131640
b11 '
1"
#131650
0"
#131660
b100 '
1"
#131670
0"
#131680
b101 '
1"
#131690
0"
#131700
0!
b110 '
0(
1"
0#
#131710
0"
#131720
b111 '
0)
1"
#131730
0"
#131740
b1000 '
1"
#131750
0"
#131760
b1001 '
1"
#131770
0"
#131780
b0 '
1"
#131790
0"
#131800
1&
1!
b1 '
1(
1"
1#
#131810
0"
#131820
0&
b10 '
1)
1"
#131830
0"
#131840
b11 '
1"
#131850
0"
#131860
b100 '
1"
#131870
0"
#131880
b101 '
1"
#131890
0"
#131900
0!
b110 '
0(
1"
0#
#131910
0"
#131920
b111 '
0)
1"
#131930
0"
#131940
b1000 '
1"
#131950
0"
#131960
b1001 '
1"
#131970
0"
#131980
b0 '
1"
#131990
0"
#132000
1&
1!
b1 '
1(
1"
1#
#132010
0"
#132020
0&
b10 '
1)
1"
#132030
0"
#132040
b11 '
1"
#132050
0"
#132060
b100 '
1"
#132070
0"
#132080
b101 '
1"
#132090
0"
#132100
0!
b110 '
0(
1"
0#
#132110
0"
#132120
b111 '
0)
1"
#132130
0"
#132140
b1000 '
1"
#132150
0"
#132160
b1001 '
1"
#132170
0"
#132180
b0 '
1"
#132190
0"
#132200
1&
1!
b1 '
1(
1"
1#
#132210
0"
#132220
0&
b10 '
1)
1"
#132230
0"
#132240
b11 '
1"
#132250
0"
#132260
b100 '
1"
#132270
0"
#132280
b101 '
1"
#132290
0"
#132300
0!
b110 '
0(
1"
0#
#132310
0"
#132320
b111 '
0)
1"
#132330
0"
#132340
b1000 '
1"
#132350
0"
#132360
b1001 '
1"
#132370
0"
#132380
b0 '
1"
#132390
0"
#132400
1&
1!
b1 '
1(
1"
1#
#132410
0"
#132420
0&
b10 '
1)
1"
#132430
0"
#132440
b11 '
1"
#132450
0"
#132460
b100 '
1"
#132470
0"
#132480
b101 '
1"
#132490
0"
#132500
0!
b110 '
0(
1"
0#
#132510
0"
#132520
b111 '
0)
1"
#132530
0"
#132540
b1000 '
1"
#132550
0"
#132560
b1001 '
1"
#132570
0"
#132580
b0 '
1"
#132590
0"
#132600
1&
1!
b1 '
1(
1"
1#
#132610
0"
#132620
0&
b10 '
1)
1"
#132630
0"
#132640
b11 '
1"
#132650
0"
#132660
b100 '
1"
#132670
0"
#132680
b101 '
1"
#132690
0"
#132700
0!
b110 '
0(
1"
0#
#132710
0"
#132720
b111 '
0)
1"
#132730
0"
#132740
b1000 '
1"
#132750
0"
#132760
b1001 '
1"
#132770
0"
#132780
b0 '
1"
#132790
0"
#132800
1&
1!
b1 '
1(
1"
1#
#132810
0"
#132820
0&
b10 '
1)
1"
#132830
0"
#132840
b11 '
1"
#132850
0"
#132860
b100 '
1"
#132870
0"
#132880
b101 '
1"
#132890
0"
#132900
0!
b110 '
0(
1"
0#
#132910
0"
#132920
b111 '
0)
1"
#132930
0"
#132940
b1000 '
1"
#132950
0"
#132960
b1001 '
1"
#132970
0"
#132980
b0 '
1"
#132990
0"
#133000
1&
1!
b1 '
1(
1"
1#
#133010
0"
#133020
0&
b10 '
1)
1"
#133030
0"
#133040
b11 '
1"
#133050
0"
#133060
b100 '
1"
#133070
0"
#133080
b101 '
1"
#133090
0"
#133100
0!
b110 '
0(
1"
0#
#133110
0"
#133120
b111 '
0)
1"
#133130
0"
#133140
b1000 '
1"
#133150
0"
#133160
b1001 '
1"
#133170
0"
#133180
b0 '
1"
#133190
0"
#133200
1&
1!
b1 '
1(
1"
1#
#133210
0"
#133220
0&
b10 '
1)
1"
#133230
0"
#133240
b11 '
1"
#133250
0"
#133260
b100 '
1"
#133270
0"
#133280
b101 '
1"
#133290
0"
#133300
0!
b110 '
0(
1"
0#
#133310
0"
#133320
b111 '
0)
1"
#133330
0"
#133340
b1000 '
1"
#133350
0"
#133360
b1001 '
1"
#133370
0"
#133380
b0 '
1"
#133390
0"
#133400
1&
1!
b1 '
1(
1"
1#
#133410
0"
#133420
0&
b10 '
1)
1"
#133430
0"
#133440
b11 '
1"
#133450
0"
#133460
b100 '
1"
#133470
0"
#133480
b101 '
1"
#133490
0"
#133500
0!
b110 '
0(
1"
0#
#133510
0"
#133520
b111 '
0)
1"
#133530
0"
#133540
b1000 '
1"
#133550
0"
#133560
b1001 '
1"
#133570
0"
#133580
b0 '
1"
#133590
0"
#133600
1&
1!
b1 '
1(
1"
1#
#133610
0"
#133620
0&
b10 '
1)
1"
#133630
0"
#133640
b11 '
1"
#133650
0"
#133660
b100 '
1"
#133670
0"
#133680
b101 '
1"
#133690
0"
#133700
0!
b110 '
0(
1"
0#
#133710
0"
#133720
b111 '
0)
1"
#133730
0"
#133740
b1000 '
1"
#133750
0"
#133760
b1001 '
1"
#133770
0"
#133780
b0 '
1"
#133790
0"
#133800
1&
1!
b1 '
1(
1"
1#
#133810
0"
#133820
0&
b10 '
1)
1"
#133830
0"
#133840
b11 '
1"
#133850
0"
#133860
b100 '
1"
#133870
0"
#133880
b101 '
1"
#133890
0"
#133900
0!
b110 '
0(
1"
0#
#133910
0"
#133920
b111 '
0)
1"
#133930
0"
#133940
b1000 '
1"
#133950
0"
#133960
b1001 '
1"
#133970
0"
#133980
b0 '
1"
#133990
0"
#134000
1&
1!
b1 '
1(
1"
1#
#134010
0"
#134020
0&
b10 '
1)
1"
#134030
0"
#134040
b11 '
1"
#134050
0"
#134060
b100 '
1"
#134070
0"
#134080
b101 '
1"
#134090
0"
#134100
0!
b110 '
0(
1"
0#
#134110
0"
#134120
b111 '
0)
1"
#134130
0"
#134140
b1000 '
1"
#134150
0"
#134160
b1001 '
1"
#134170
0"
#134180
b0 '
1"
#134190
0"
#134200
1&
1!
b1 '
1(
1"
1#
#134210
0"
#134220
0&
b10 '
1)
1"
#134230
0"
#134240
b11 '
1"
#134250
0"
#134260
b100 '
1"
#134270
0"
#134280
b101 '
1"
#134290
0"
#134300
0!
b110 '
0(
1"
0#
#134310
0"
#134320
b111 '
0)
1"
#134330
0"
#134340
b1000 '
1"
#134350
0"
#134360
b1001 '
1"
#134370
0"
#134380
b0 '
1"
#134390
0"
#134400
1&
1!
b1 '
1(
1"
1#
#134410
0"
#134420
0&
b10 '
1)
1"
#134430
0"
#134440
b11 '
1"
#134450
0"
#134460
b100 '
1"
#134470
0"
#134480
b101 '
1"
#134490
0"
#134500
0!
b110 '
0(
1"
0#
#134510
0"
#134520
b111 '
0)
1"
#134530
0"
#134540
b1000 '
1"
#134550
0"
#134560
b1001 '
1"
#134570
0"
#134580
b0 '
1"
#134590
0"
#134600
1&
1!
b1 '
1(
1"
1#
#134610
0"
#134620
0&
b10 '
1)
1"
#134630
0"
#134640
b11 '
1"
#134650
0"
#134660
b100 '
1"
#134670
0"
#134680
b101 '
1"
#134690
0"
#134700
0!
b110 '
0(
1"
0#
#134710
0"
#134720
b111 '
0)
1"
#134730
0"
#134740
b1000 '
1"
#134750
0"
#134760
b1001 '
1"
#134770
0"
#134780
b0 '
1"
#134790
0"
#134800
1&
1!
b1 '
1(
1"
1#
#134810
0"
#134820
0&
b10 '
1)
1"
#134830
0"
#134840
b11 '
1"
#134850
0"
#134860
b100 '
1"
#134870
0"
#134880
b101 '
1"
#134890
0"
#134900
0!
b110 '
0(
1"
0#
#134910
0"
#134920
b111 '
0)
1"
#134930
0"
#134940
b1000 '
1"
#134950
0"
#134960
b1001 '
1"
#134970
0"
#134980
b0 '
1"
#134990
0"
#135000
1&
1!
b1 '
1(
1"
1#
#135010
0"
#135020
0&
b10 '
1)
1"
#135030
0"
#135040
b11 '
1"
#135050
0"
#135060
b100 '
1"
#135070
0"
#135080
b101 '
1"
#135090
0"
#135100
0!
b110 '
0(
1"
0#
#135110
0"
#135120
b111 '
0)
1"
#135130
0"
#135140
b1000 '
1"
#135150
0"
#135160
b1001 '
1"
#135170
0"
#135180
b0 '
1"
#135190
0"
#135200
1&
1!
b1 '
1(
1"
1#
#135210
0"
#135220
0&
b10 '
1)
1"
#135230
0"
#135240
b11 '
1"
#135250
0"
#135260
b100 '
1"
#135270
0"
#135280
b101 '
1"
#135290
0"
#135300
0!
b110 '
0(
1"
0#
#135310
0"
#135320
b111 '
0)
1"
#135330
0"
#135340
b1000 '
1"
#135350
0"
#135360
b1001 '
1"
#135370
0"
#135380
b0 '
1"
#135390
0"
#135400
1&
1!
b1 '
1(
1"
1#
#135410
0"
#135420
0&
b10 '
1)
1"
#135430
0"
#135440
b11 '
1"
#135450
0"
#135460
b100 '
1"
#135470
0"
#135480
b101 '
1"
#135490
0"
#135500
0!
b110 '
0(
1"
0#
#135510
0"
#135520
b111 '
0)
1"
#135530
0"
#135540
b1000 '
1"
#135550
0"
#135560
b1001 '
1"
#135570
0"
#135580
b0 '
1"
#135590
0"
#135600
1&
1!
b1 '
1(
1"
1#
#135610
0"
#135620
0&
b10 '
1)
1"
#135630
0"
#135640
b11 '
1"
#135650
0"
#135660
b100 '
1"
#135670
0"
#135680
b101 '
1"
#135690
0"
#135700
0!
b110 '
0(
1"
0#
#135710
0"
#135720
b111 '
0)
1"
#135730
0"
#135740
b1000 '
1"
#135750
0"
#135760
b1001 '
1"
#135770
0"
#135780
b0 '
1"
#135790
0"
#135800
1&
1!
b1 '
1(
1"
1#
#135810
0"
#135820
0&
b10 '
1)
1"
#135830
0"
#135840
b11 '
1"
#135850
0"
#135860
b100 '
1"
#135870
0"
#135880
b101 '
1"
#135890
0"
#135900
0!
b110 '
0(
1"
0#
#135910
0"
#135920
b111 '
0)
1"
#135930
0"
#135940
b1000 '
1"
#135950
0"
#135960
b1001 '
1"
#135970
0"
#135980
b0 '
1"
#135990
0"
#136000
1&
1!
b1 '
1(
1"
1#
#136010
0"
#136020
0&
b10 '
1)
1"
#136030
0"
#136040
b11 '
1"
#136050
0"
#136060
b100 '
1"
#136070
0"
#136080
b101 '
1"
#136090
0"
#136100
0!
b110 '
0(
1"
0#
#136110
0"
#136120
b111 '
0)
1"
#136130
0"
#136140
b1000 '
1"
#136150
0"
#136160
b1001 '
1"
#136170
0"
#136180
b0 '
1"
#136190
0"
#136200
1&
1!
b1 '
1(
1"
1#
#136210
0"
#136220
0&
b10 '
1)
1"
#136230
0"
#136240
b11 '
1"
#136250
0"
#136260
b100 '
1"
#136270
0"
#136280
b101 '
1"
#136290
0"
#136300
0!
b110 '
0(
1"
0#
#136310
0"
#136320
b111 '
0)
1"
#136330
0"
#136340
b1000 '
1"
#136350
0"
#136360
b1001 '
1"
#136370
0"
#136380
b0 '
1"
#136390
0"
#136400
1&
1!
b1 '
1(
1"
1#
#136410
0"
#136420
0&
b10 '
1)
1"
#136430
0"
#136440
b11 '
1"
#136450
0"
#136460
b100 '
1"
#136470
0"
#136480
b101 '
1"
#136490
0"
#136500
0!
b110 '
0(
1"
0#
#136510
0"
#136520
b111 '
0)
1"
#136530
0"
#136540
b1000 '
1"
#136550
0"
#136560
b1001 '
1"
#136570
0"
#136580
b0 '
1"
#136590
0"
#136600
1&
1!
b1 '
1(
1"
1#
#136610
0"
#136620
0&
b10 '
1)
1"
#136630
0"
#136640
b11 '
1"
#136650
0"
#136660
b100 '
1"
#136670
0"
#136680
b101 '
1"
#136690
0"
#136700
0!
b110 '
0(
1"
0#
#136710
0"
#136720
b111 '
0)
1"
#136730
0"
#136740
b1000 '
1"
#136750
0"
#136760
b1001 '
1"
#136770
0"
#136780
b0 '
1"
#136790
0"
#136800
1&
1!
b1 '
1(
1"
1#
#136810
0"
#136820
0&
b10 '
1)
1"
#136830
0"
#136840
b11 '
1"
#136850
0"
#136860
b100 '
1"
#136870
0"
#136880
b101 '
1"
#136890
0"
#136900
0!
b110 '
0(
1"
0#
#136910
0"
#136920
b111 '
0)
1"
#136930
0"
#136940
b1000 '
1"
#136950
0"
#136960
b1001 '
1"
#136970
0"
#136980
b0 '
1"
#136990
0"
#137000
1&
1!
b1 '
1(
1"
1#
#137010
0"
#137020
0&
b10 '
1)
1"
#137030
0"
#137040
b11 '
1"
#137050
0"
#137060
b100 '
1"
#137070
0"
#137080
b101 '
1"
#137090
0"
#137100
0!
b110 '
0(
1"
0#
#137110
0"
#137120
b111 '
0)
1"
#137130
0"
#137140
b1000 '
1"
#137150
0"
#137160
b1001 '
1"
#137170
0"
#137180
b0 '
1"
#137190
0"
#137200
1&
1!
b1 '
1(
1"
1#
#137210
0"
#137220
0&
b10 '
1)
1"
#137230
0"
#137240
b11 '
1"
#137250
0"
#137260
b100 '
1"
#137270
0"
#137280
b101 '
1"
#137290
0"
#137300
0!
b110 '
0(
1"
0#
#137310
0"
#137320
b111 '
0)
1"
#137330
0"
#137340
b1000 '
1"
#137350
0"
#137360
b1001 '
1"
#137370
0"
#137380
b0 '
1"
#137390
0"
#137400
1&
1!
b1 '
1(
1"
1#
#137410
0"
#137420
0&
b10 '
1)
1"
#137430
0"
#137440
b11 '
1"
#137450
0"
#137460
b100 '
1"
#137470
0"
#137480
b101 '
1"
#137490
0"
#137500
0!
b110 '
0(
1"
0#
#137510
0"
#137520
b111 '
0)
1"
#137530
0"
#137540
b1000 '
1"
#137550
0"
#137560
b1001 '
1"
#137570
0"
#137580
b0 '
1"
#137590
0"
#137600
1&
1!
b1 '
1(
1"
1#
#137610
0"
#137620
0&
b10 '
1)
1"
#137630
0"
#137640
b11 '
1"
#137650
0"
#137660
b100 '
1"
#137670
0"
#137680
b101 '
1"
#137690
0"
#137700
0!
b110 '
0(
1"
0#
#137710
0"
#137720
b111 '
0)
1"
#137730
0"
#137740
b1000 '
1"
#137750
0"
#137760
b1001 '
1"
#137770
0"
#137780
b0 '
1"
#137790
0"
#137800
1&
1!
b1 '
1(
1"
1#
#137810
0"
#137820
0&
b10 '
1)
1"
#137830
0"
#137840
b11 '
1"
#137850
0"
#137860
b100 '
1"
#137870
0"
#137880
b101 '
1"
#137890
0"
#137900
0!
b110 '
0(
1"
0#
#137910
0"
#137920
b111 '
0)
1"
#137930
0"
#137940
b1000 '
1"
#137950
0"
#137960
b1001 '
1"
#137970
0"
#137980
b0 '
1"
#137990
0"
#138000
1&
1!
b1 '
1(
1"
1#
#138010
0"
#138020
0&
b10 '
1)
1"
#138030
0"
#138040
b11 '
1"
#138050
0"
#138060
b100 '
1"
#138070
0"
#138080
b101 '
1"
#138090
0"
#138100
0!
b110 '
0(
1"
0#
#138110
0"
#138120
b111 '
0)
1"
#138130
0"
#138140
b1000 '
1"
#138150
0"
#138160
b1001 '
1"
#138170
0"
#138180
b0 '
1"
#138190
0"
#138200
1&
1!
b1 '
1(
1"
1#
#138210
0"
#138220
0&
b10 '
1)
1"
#138230
0"
#138240
b11 '
1"
#138250
0"
#138260
b100 '
1"
#138270
0"
#138280
b101 '
1"
#138290
0"
#138300
0!
b110 '
0(
1"
0#
#138310
0"
#138320
b111 '
0)
1"
#138330
0"
#138340
b1000 '
1"
#138350
0"
#138360
b1001 '
1"
#138370
0"
#138380
b0 '
1"
#138390
0"
#138400
1&
1!
b1 '
1(
1"
1#
#138410
0"
#138420
0&
b10 '
1)
1"
#138430
0"
#138440
b11 '
1"
#138450
0"
#138460
b100 '
1"
#138470
0"
#138480
b101 '
1"
#138490
0"
#138500
0!
b110 '
0(
1"
0#
#138510
0"
#138520
b111 '
0)
1"
#138530
0"
#138540
b1000 '
1"
#138550
0"
#138560
b1001 '
1"
#138570
0"
#138580
b0 '
1"
#138590
0"
#138600
1&
1!
b1 '
1(
1"
1#
#138610
0"
#138620
0&
b10 '
1)
1"
#138630
0"
#138640
b11 '
1"
#138650
0"
#138660
b100 '
1"
#138670
0"
#138680
b101 '
1"
#138690
0"
#138700
0!
b110 '
0(
1"
0#
#138710
0"
#138720
b111 '
0)
1"
#138730
0"
#138740
b1000 '
1"
#138750
0"
#138760
b1001 '
1"
#138770
0"
#138780
b0 '
1"
#138790
0"
#138800
1&
1!
b1 '
1(
1"
1#
#138810
0"
#138820
0&
b10 '
1)
1"
#138830
0"
#138840
b11 '
1"
#138850
0"
#138860
b100 '
1"
#138870
0"
#138880
b101 '
1"
#138890
0"
#138900
0!
b110 '
0(
1"
0#
#138910
0"
#138920
b111 '
0)
1"
#138930
0"
#138940
b1000 '
1"
#138950
0"
#138960
b1001 '
1"
#138970
0"
#138980
b0 '
1"
#138990
0"
#139000
1&
1!
b1 '
1(
1"
1#
#139010
0"
#139020
0&
b10 '
1)
1"
#139030
0"
#139040
b11 '
1"
#139050
0"
#139060
b100 '
1"
#139070
0"
#139080
b101 '
1"
#139090
0"
#139100
0!
b110 '
0(
1"
0#
#139110
0"
#139120
b111 '
0)
1"
#139130
0"
#139140
b1000 '
1"
#139150
0"
#139160
b1001 '
1"
#139170
0"
#139180
b0 '
1"
#139190
0"
#139200
1&
1!
b1 '
1(
1"
1#
#139210
0"
#139220
0&
b10 '
1)
1"
#139230
0"
#139240
b11 '
1"
#139250
0"
#139260
b100 '
1"
#139270
0"
#139280
b101 '
1"
#139290
0"
#139300
0!
b110 '
0(
1"
0#
#139310
0"
#139320
b111 '
0)
1"
#139330
0"
#139340
b1000 '
1"
#139350
0"
#139360
b1001 '
1"
#139370
0"
#139380
b0 '
1"
#139390
0"
#139400
1&
1!
b1 '
1(
1"
1#
#139410
0"
#139420
0&
b10 '
1)
1"
#139430
0"
#139440
b11 '
1"
#139450
0"
#139460
b100 '
1"
#139470
0"
#139480
b101 '
1"
#139490
0"
#139500
0!
b110 '
0(
1"
0#
#139510
0"
#139520
b111 '
0)
1"
#139530
0"
#139540
b1000 '
1"
#139550
0"
#139560
b1001 '
1"
#139570
0"
#139580
b0 '
1"
#139590
0"
#139600
1&
1!
b1 '
1(
1"
1#
#139610
0"
#139620
0&
b10 '
1)
1"
#139630
0"
#139640
b11 '
1"
#139650
0"
#139660
b100 '
1"
#139670
0"
#139680
b101 '
1"
#139690
0"
#139700
0!
b110 '
0(
1"
0#
#139710
0"
#139720
b111 '
0)
1"
#139730
0"
#139740
b1000 '
1"
#139750
0"
#139760
b1001 '
1"
#139770
0"
#139780
b0 '
1"
#139790
0"
#139800
1&
1!
b1 '
1(
1"
1#
#139810
0"
#139820
0&
b10 '
1)
1"
#139830
0"
#139840
b11 '
1"
#139850
0"
#139860
b100 '
1"
#139870
0"
#139880
b101 '
1"
#139890
0"
#139900
0!
b110 '
0(
1"
0#
#139910
0"
#139920
b111 '
0)
1"
#139930
0"
#139940
b1000 '
1"
#139950
0"
#139960
b1001 '
1"
#139970
0"
#139980
b0 '
1"
#139990
0"
#140000
1&
1!
b1 '
1(
1"
1#
#140010
0"
#140020
0&
b10 '
1)
1"
#140030
0"
#140040
b11 '
1"
#140050
0"
#140060
b100 '
1"
#140070
0"
#140080
b101 '
1"
#140090
0"
#140100
0!
b110 '
0(
1"
0#
#140110
0"
#140120
b111 '
0)
1"
#140130
0"
#140140
b1000 '
1"
#140150
0"
#140160
b1001 '
1"
#140170
0"
#140180
b0 '
1"
#140190
0"
#140200
1&
1!
b1 '
1(
1"
1#
#140210
0"
#140220
0&
b10 '
1)
1"
#140230
0"
#140240
b11 '
1"
#140250
0"
#140260
b100 '
1"
#140270
0"
#140280
b101 '
1"
#140290
0"
#140300
0!
b110 '
0(
1"
0#
#140310
0"
#140320
b111 '
0)
1"
#140330
0"
#140340
b1000 '
1"
#140350
0"
#140360
b1001 '
1"
#140370
0"
#140380
b0 '
1"
#140390
0"
#140400
1&
1!
b1 '
1(
1"
1#
#140410
0"
#140420
0&
b10 '
1)
1"
#140430
0"
#140440
b11 '
1"
#140450
0"
#140460
b100 '
1"
#140470
0"
#140480
b101 '
1"
#140490
0"
#140500
0!
b110 '
0(
1"
0#
#140510
0"
#140520
b111 '
0)
1"
#140530
0"
#140540
b1000 '
1"
#140550
0"
#140560
b1001 '
1"
#140570
0"
#140580
b0 '
1"
#140590
0"
#140600
1&
1!
b1 '
1(
1"
1#
#140610
0"
#140620
0&
b10 '
1)
1"
#140630
0"
#140640
b11 '
1"
#140650
0"
#140660
b100 '
1"
#140670
0"
#140680
b101 '
1"
#140690
0"
#140700
0!
b110 '
0(
1"
0#
#140710
0"
#140720
b111 '
0)
1"
#140730
0"
#140740
b1000 '
1"
#140750
0"
#140760
b1001 '
1"
#140770
0"
#140780
b0 '
1"
#140790
0"
#140800
1&
1!
b1 '
1(
1"
1#
#140810
0"
#140820
0&
b10 '
1)
1"
#140830
0"
#140840
b11 '
1"
#140850
0"
#140860
b100 '
1"
#140870
0"
#140880
b101 '
1"
#140890
0"
#140900
0!
b110 '
0(
1"
0#
#140910
0"
#140920
b111 '
0)
1"
#140930
0"
#140940
b1000 '
1"
#140950
0"
#140960
b1001 '
1"
#140970
0"
#140980
b0 '
1"
#140990
0"
#141000
1&
1!
b1 '
1(
1"
1#
#141010
0"
#141020
0&
b10 '
1)
1"
#141030
0"
#141040
b11 '
1"
#141050
0"
#141060
b100 '
1"
#141070
0"
#141080
b101 '
1"
#141090
0"
#141100
0!
b110 '
0(
1"
0#
#141110
0"
#141120
b111 '
0)
1"
#141130
0"
#141140
b1000 '
1"
#141150
0"
#141160
b1001 '
1"
#141170
0"
#141180
b0 '
1"
#141190
0"
#141200
1&
1!
b1 '
1(
1"
1#
#141210
0"
#141220
0&
b10 '
1)
1"
#141230
0"
#141240
b11 '
1"
#141250
0"
#141260
b100 '
1"
#141270
0"
#141280
b101 '
1"
#141290
0"
#141300
0!
b110 '
0(
1"
0#
#141310
0"
#141320
b111 '
0)
1"
#141330
0"
#141340
b1000 '
1"
#141350
0"
#141360
b1001 '
1"
#141370
0"
#141380
b0 '
1"
#141390
0"
#141400
1&
1!
b1 '
1(
1"
1#
#141410
0"
#141420
0&
b10 '
1)
1"
#141430
0"
#141440
b11 '
1"
#141450
0"
#141460
b100 '
1"
#141470
0"
#141480
b101 '
1"
#141490
0"
#141500
0!
b110 '
0(
1"
0#
#141510
0"
#141520
b111 '
0)
1"
#141530
0"
#141540
b1000 '
1"
#141550
0"
#141560
b1001 '
1"
#141570
0"
#141580
b0 '
1"
#141590
0"
#141600
1&
1!
b1 '
1(
1"
1#
#141610
0"
#141620
0&
b10 '
1)
1"
#141630
0"
#141640
b11 '
1"
#141650
0"
#141660
b100 '
1"
#141670
0"
#141680
b101 '
1"
#141690
0"
#141700
0!
b110 '
0(
1"
0#
#141710
0"
#141720
b111 '
0)
1"
#141730
0"
#141740
b1000 '
1"
#141750
0"
#141760
b1001 '
1"
#141770
0"
#141780
b0 '
1"
#141790
0"
#141800
1&
1!
b1 '
1(
1"
1#
#141810
0"
#141820
0&
b10 '
1)
1"
#141830
0"
#141840
b11 '
1"
#141850
0"
#141860
b100 '
1"
#141870
0"
#141880
b101 '
1"
#141890
0"
#141900
0!
b110 '
0(
1"
0#
#141910
0"
#141920
b111 '
0)
1"
#141930
0"
#141940
b1000 '
1"
#141950
0"
#141960
b1001 '
1"
#141970
0"
#141980
b0 '
1"
#141990
0"
#142000
1&
1!
b1 '
1(
1"
1#
#142010
0"
#142020
0&
b10 '
1)
1"
#142030
0"
#142040
b11 '
1"
#142050
0"
#142060
b100 '
1"
#142070
0"
#142080
b101 '
1"
#142090
0"
#142100
0!
b110 '
0(
1"
0#
#142110
0"
#142120
b111 '
0)
1"
#142130
0"
#142140
b1000 '
1"
#142150
0"
#142160
b1001 '
1"
#142170
0"
#142180
b0 '
1"
#142190
0"
#142200
1&
1!
b1 '
1(
1"
1#
#142210
0"
#142220
0&
b10 '
1)
1"
#142230
0"
#142240
b11 '
1"
#142250
0"
#142260
b100 '
1"
#142270
0"
#142280
b101 '
1"
#142290
0"
#142300
0!
b110 '
0(
1"
0#
#142310
0"
#142320
b111 '
0)
1"
#142330
0"
#142340
b1000 '
1"
#142350
0"
#142360
b1001 '
1"
#142370
0"
#142380
b0 '
1"
#142390
0"
#142400
1&
1!
b1 '
1(
1"
1#
#142410
0"
#142420
0&
b10 '
1)
1"
#142430
0"
#142440
b11 '
1"
#142450
0"
#142460
b100 '
1"
#142470
0"
#142480
b101 '
1"
#142490
0"
#142500
0!
b110 '
0(
1"
0#
#142510
0"
#142520
b111 '
0)
1"
#142530
0"
#142540
b1000 '
1"
#142550
0"
#142560
b1001 '
1"
#142570
0"
#142580
b0 '
1"
#142590
0"
#142600
1&
1!
b1 '
1(
1"
1#
#142610
0"
#142620
0&
b10 '
1)
1"
#142630
0"
#142640
b11 '
1"
#142650
0"
#142660
b100 '
1"
#142670
0"
#142680
b101 '
1"
#142690
0"
#142700
0!
b110 '
0(
1"
0#
#142710
0"
#142720
b111 '
0)
1"
#142730
0"
#142740
b1000 '
1"
#142750
0"
#142760
b1001 '
1"
#142770
0"
#142780
b0 '
1"
#142790
0"
#142800
1&
1!
b1 '
1(
1"
1#
#142810
0"
#142820
0&
b10 '
1)
1"
#142830
0"
#142840
b11 '
1"
#142850
0"
#142860
b100 '
1"
#142870
0"
#142880
b101 '
1"
#142890
0"
#142900
0!
b110 '
0(
1"
0#
#142910
0"
#142920
b111 '
0)
1"
#142930
0"
#142940
b1000 '
1"
#142950
0"
#142960
b1001 '
1"
#142970
0"
#142980
b0 '
1"
#142990
0"
#143000
1&
1!
b1 '
1(
1"
1#
#143010
0"
#143020
0&
b10 '
1)
1"
#143030
0"
#143040
b11 '
1"
#143050
0"
#143060
b100 '
1"
#143070
0"
#143080
b101 '
1"
#143090
0"
#143100
0!
b110 '
0(
1"
0#
#143110
0"
#143120
b111 '
0)
1"
#143130
0"
#143140
b1000 '
1"
#143150
0"
#143160
b1001 '
1"
#143170
0"
#143180
b0 '
1"
#143190
0"
#143200
1&
1!
b1 '
1(
1"
1#
#143210
0"
#143220
0&
b10 '
1)
1"
#143230
0"
#143240
b11 '
1"
#143250
0"
#143260
b100 '
1"
#143270
0"
#143280
b101 '
1"
#143290
0"
#143300
0!
b110 '
0(
1"
0#
#143310
0"
#143320
b111 '
0)
1"
#143330
0"
#143340
b1000 '
1"
#143350
0"
#143360
b1001 '
1"
#143370
0"
#143380
b0 '
1"
#143390
0"
#143400
1&
1!
b1 '
1(
1"
1#
#143410
0"
#143420
0&
b10 '
1)
1"
#143430
0"
#143440
b11 '
1"
#143450
0"
#143460
b100 '
1"
#143470
0"
#143480
b101 '
1"
#143490
0"
#143500
0!
b110 '
0(
1"
0#
#143510
0"
#143520
b111 '
0)
1"
#143530
0"
#143540
b1000 '
1"
#143550
0"
#143560
b1001 '
1"
#143570
0"
#143580
b0 '
1"
#143590
0"
#143600
1&
1!
b1 '
1(
1"
1#
#143610
0"
#143620
0&
b10 '
1)
1"
#143630
0"
#143640
b11 '
1"
#143650
0"
#143660
b100 '
1"
#143670
0"
#143680
b101 '
1"
#143690
0"
#143700
0!
b110 '
0(
1"
0#
#143710
0"
#143720
b111 '
0)
1"
#143730
0"
#143740
b1000 '
1"
#143750
0"
#143760
b1001 '
1"
#143770
0"
#143780
b0 '
1"
#143790
0"
#143800
1&
1!
b1 '
1(
1"
1#
#143810
0"
#143820
0&
b10 '
1)
1"
#143830
0"
#143840
b11 '
1"
#143850
0"
#143860
b100 '
1"
#143870
0"
#143880
b101 '
1"
#143890
0"
#143900
0!
b110 '
0(
1"
0#
#143910
0"
#143920
b111 '
0)
1"
#143930
0"
#143940
b1000 '
1"
#143950
0"
#143960
b1001 '
1"
#143970
0"
#143980
b0 '
1"
#143990
0"
#144000
1&
1!
b1 '
1(
1"
1#
#144010
0"
#144020
0&
b10 '
1)
1"
#144030
0"
#144040
b11 '
1"
#144050
0"
#144060
b100 '
1"
#144070
0"
#144080
b101 '
1"
#144090
0"
#144100
0!
b110 '
0(
1"
0#
#144110
0"
#144120
b111 '
0)
1"
#144130
0"
#144140
b1000 '
1"
#144150
0"
#144160
b1001 '
1"
#144170
0"
#144180
b0 '
1"
#144190
0"
#144200
1&
1!
b1 '
1(
1"
1#
#144210
0"
#144220
0&
b10 '
1)
1"
#144230
0"
#144240
b11 '
1"
#144250
0"
#144260
b100 '
1"
#144270
0"
#144280
b101 '
1"
#144290
0"
#144300
0!
b110 '
0(
1"
0#
#144310
0"
#144320
b111 '
0)
1"
#144330
0"
#144340
b1000 '
1"
#144350
0"
#144360
b1001 '
1"
#144370
0"
#144380
b0 '
1"
#144390
0"
#144400
1&
1!
b1 '
1(
1"
1#
#144410
0"
#144420
0&
b10 '
1)
1"
#144430
0"
#144440
b11 '
1"
#144450
0"
#144460
b100 '
1"
#144470
0"
#144480
b101 '
1"
#144490
0"
#144500
0!
b110 '
0(
1"
0#
#144510
0"
#144520
b111 '
0)
1"
#144530
0"
#144540
b1000 '
1"
#144550
0"
#144560
b1001 '
1"
#144570
0"
#144580
b0 '
1"
#144590
0"
#144600
1&
1!
b1 '
1(
1"
1#
#144610
0"
#144620
0&
b10 '
1)
1"
#144630
0"
#144640
b11 '
1"
#144650
0"
#144660
b100 '
1"
#144670
0"
#144680
b101 '
1"
#144690
0"
#144700
0!
b110 '
0(
1"
0#
#144710
0"
#144720
b111 '
0)
1"
#144730
0"
#144740
b1000 '
1"
#144750
0"
#144760
b1001 '
1"
#144770
0"
#144780
b0 '
1"
#144790
0"
#144800
1&
1!
b1 '
1(
1"
1#
#144810
0"
#144820
0&
b10 '
1)
1"
#144830
0"
#144840
b11 '
1"
#144850
0"
#144860
b100 '
1"
#144870
0"
#144880
b101 '
1"
#144890
0"
#144900
0!
b110 '
0(
1"
0#
#144910
0"
#144920
b111 '
0)
1"
#144930
0"
#144940
b1000 '
1"
#144950
0"
#144960
b1001 '
1"
#144970
0"
#144980
b0 '
1"
#144990
0"
#145000
1&
1!
b1 '
1(
1"
1#
#145010
0"
#145020
0&
b10 '
1)
1"
#145030
0"
#145040
b11 '
1"
#145050
0"
#145060
b100 '
1"
#145070
0"
#145080
b101 '
1"
#145090
0"
#145100
0!
b110 '
0(
1"
0#
#145110
0"
#145120
b111 '
0)
1"
#145130
0"
#145140
b1000 '
1"
#145150
0"
#145160
b1001 '
1"
#145170
0"
#145180
b0 '
1"
#145190
0"
#145200
1&
1!
b1 '
1(
1"
1#
#145210
0"
#145220
0&
b10 '
1)
1"
#145230
0"
#145240
b11 '
1"
#145250
0"
#145260
b100 '
1"
#145270
0"
#145280
b101 '
1"
#145290
0"
#145300
0!
b110 '
0(
1"
0#
#145310
0"
#145320
b111 '
0)
1"
#145330
0"
#145340
b1000 '
1"
#145350
0"
#145360
b1001 '
1"
#145370
0"
#145380
b0 '
1"
#145390
0"
#145400
1&
1!
b1 '
1(
1"
1#
#145410
0"
#145420
0&
b10 '
1)
1"
#145430
0"
#145440
b11 '
1"
#145450
0"
#145460
b100 '
1"
#145470
0"
#145480
b101 '
1"
#145490
0"
#145500
0!
b110 '
0(
1"
0#
#145510
0"
#145520
b111 '
0)
1"
#145530
0"
#145540
b1000 '
1"
#145550
0"
#145560
b1001 '
1"
#145570
0"
#145580
b0 '
1"
#145590
0"
#145600
1&
1!
b1 '
1(
1"
1#
#145610
0"
#145620
0&
b10 '
1)
1"
#145630
0"
#145640
b11 '
1"
#145650
0"
#145660
b100 '
1"
#145670
0"
#145680
b101 '
1"
#145690
0"
#145700
0!
b110 '
0(
1"
0#
#145710
0"
#145720
b111 '
0)
1"
#145730
0"
#145740
b1000 '
1"
#145750
0"
#145760
b1001 '
1"
#145770
0"
#145780
b0 '
1"
#145790
0"
#145800
1&
1!
b1 '
1(
1"
1#
#145810
0"
#145820
0&
b10 '
1)
1"
#145830
0"
#145840
b11 '
1"
#145850
0"
#145860
b100 '
1"
#145870
0"
#145880
b101 '
1"
#145890
0"
#145900
0!
b110 '
0(
1"
0#
#145910
0"
#145920
b111 '
0)
1"
#145930
0"
#145940
b1000 '
1"
#145950
0"
#145960
b1001 '
1"
#145970
0"
#145980
b0 '
1"
#145990
0"
#146000
1&
1!
b1 '
1(
1"
1#
#146010
0"
#146020
0&
b10 '
1)
1"
#146030
0"
#146040
b11 '
1"
#146050
0"
#146060
b100 '
1"
#146070
0"
#146080
b101 '
1"
#146090
0"
#146100
0!
b110 '
0(
1"
0#
#146110
0"
#146120
b111 '
0)
1"
#146130
0"
#146140
b1000 '
1"
#146150
0"
#146160
b1001 '
1"
#146170
0"
#146180
b0 '
1"
#146190
0"
#146200
1&
1!
b1 '
1(
1"
1#
#146210
0"
#146220
0&
b10 '
1)
1"
#146230
0"
#146240
b11 '
1"
#146250
0"
#146260
b100 '
1"
#146270
0"
#146280
b101 '
1"
#146290
0"
#146300
0!
b110 '
0(
1"
0#
#146310
0"
#146320
b111 '
0)
1"
#146330
0"
#146340
b1000 '
1"
#146350
0"
#146360
b1001 '
1"
#146370
0"
#146380
b0 '
1"
#146390
0"
#146400
1&
1!
b1 '
1(
1"
1#
#146410
0"
#146420
0&
b10 '
1)
1"
#146430
0"
#146440
b11 '
1"
#146450
0"
#146460
b100 '
1"
#146470
0"
#146480
b101 '
1"
#146490
0"
#146500
0!
b110 '
0(
1"
0#
#146510
0"
#146520
b111 '
0)
1"
#146530
0"
#146540
b1000 '
1"
#146550
0"
#146560
b1001 '
1"
#146570
0"
#146580
b0 '
1"
#146590
0"
#146600
1&
1!
b1 '
1(
1"
1#
#146610
0"
#146620
0&
b10 '
1)
1"
#146630
0"
#146640
b11 '
1"
#146650
0"
#146660
b100 '
1"
#146670
0"
#146680
b101 '
1"
#146690
0"
#146700
0!
b110 '
0(
1"
0#
#146710
0"
#146720
b111 '
0)
1"
#146730
0"
#146740
b1000 '
1"
#146750
0"
#146760
b1001 '
1"
#146770
0"
#146780
b0 '
1"
#146790
0"
#146800
1&
1!
b1 '
1(
1"
1#
#146810
0"
#146820
0&
b10 '
1)
1"
#146830
0"
#146840
b11 '
1"
#146850
0"
#146860
b100 '
1"
#146870
0"
#146880
b101 '
1"
#146890
0"
#146900
0!
b110 '
0(
1"
0#
#146910
0"
#146920
b111 '
0)
1"
#146930
0"
#146940
b1000 '
1"
#146950
0"
#146960
b1001 '
1"
#146970
0"
#146980
b0 '
1"
#146990
0"
#147000
1&
1!
b1 '
1(
1"
1#
#147010
0"
#147020
0&
b10 '
1)
1"
#147030
0"
#147040
b11 '
1"
#147050
0"
#147060
b100 '
1"
#147070
0"
#147080
b101 '
1"
#147090
0"
#147100
0!
b110 '
0(
1"
0#
#147110
0"
#147120
b111 '
0)
1"
#147130
0"
#147140
b1000 '
1"
#147150
0"
#147160
b1001 '
1"
#147170
0"
#147180
b0 '
1"
#147190
0"
#147200
1&
1!
b1 '
1(
1"
1#
#147210
0"
#147220
0&
b10 '
1)
1"
#147230
0"
#147240
b11 '
1"
#147250
0"
#147260
b100 '
1"
#147270
0"
#147280
b101 '
1"
#147290
0"
#147300
0!
b110 '
0(
1"
0#
#147310
0"
#147320
b111 '
0)
1"
#147330
0"
#147340
b1000 '
1"
#147350
0"
#147360
b1001 '
1"
#147370
0"
#147380
b0 '
1"
#147390
0"
#147400
1&
1!
b1 '
1(
1"
1#
#147410
0"
#147420
0&
b10 '
1)
1"
#147430
0"
#147440
b11 '
1"
#147450
0"
#147460
b100 '
1"
#147470
0"
#147480
b101 '
1"
#147490
0"
#147500
0!
b110 '
0(
1"
0#
#147510
0"
#147520
b111 '
0)
1"
#147530
0"
#147540
b1000 '
1"
#147550
0"
#147560
b1001 '
1"
#147570
0"
#147580
b0 '
1"
#147590
0"
#147600
1&
1!
b1 '
1(
1"
1#
#147610
0"
#147620
0&
b10 '
1)
1"
#147630
0"
#147640
b11 '
1"
#147650
0"
#147660
b100 '
1"
#147670
0"
#147680
b101 '
1"
#147690
0"
#147700
0!
b110 '
0(
1"
0#
#147710
0"
#147720
b111 '
0)
1"
#147730
0"
#147740
b1000 '
1"
#147750
0"
#147760
b1001 '
1"
#147770
0"
#147780
b0 '
1"
#147790
0"
#147800
1&
1!
b1 '
1(
1"
1#
#147810
0"
#147820
0&
b10 '
1)
1"
#147830
0"
#147840
b11 '
1"
#147850
0"
#147860
b100 '
1"
#147870
0"
#147880
b101 '
1"
#147890
0"
#147900
0!
b110 '
0(
1"
0#
#147910
0"
#147920
b111 '
0)
1"
#147930
0"
#147940
b1000 '
1"
#147950
0"
#147960
b1001 '
1"
#147970
0"
#147980
b0 '
1"
#147990
0"
#148000
1&
1!
b1 '
1(
1"
1#
#148010
0"
#148020
0&
b10 '
1)
1"
#148030
0"
#148040
b11 '
1"
#148050
0"
#148060
b100 '
1"
#148070
0"
#148080
b101 '
1"
#148090
0"
#148100
0!
b110 '
0(
1"
0#
#148110
0"
#148120
b111 '
0)
1"
#148130
0"
#148140
b1000 '
1"
#148150
0"
#148160
b1001 '
1"
#148170
0"
#148180
b0 '
1"
#148190
0"
#148200
1&
1!
b1 '
1(
1"
1#
#148210
0"
#148220
0&
b10 '
1)
1"
#148230
0"
#148240
b11 '
1"
#148250
0"
#148260
b100 '
1"
#148270
0"
#148280
b101 '
1"
#148290
0"
#148300
0!
b110 '
0(
1"
0#
#148310
0"
#148320
b111 '
0)
1"
#148330
0"
#148340
b1000 '
1"
#148350
0"
#148360
b1001 '
1"
#148370
0"
#148380
b0 '
1"
#148390
0"
#148400
1&
1!
b1 '
1(
1"
1#
#148410
0"
#148420
0&
b10 '
1)
1"
#148430
0"
#148440
b11 '
1"
#148450
0"
#148460
b100 '
1"
#148470
0"
#148480
b101 '
1"
#148490
0"
#148500
0!
b110 '
0(
1"
0#
#148510
0"
#148520
b111 '
0)
1"
#148530
0"
#148540
b1000 '
1"
#148550
0"
#148560
b1001 '
1"
#148570
0"
#148580
b0 '
1"
#148590
0"
#148600
1&
1!
b1 '
1(
1"
1#
#148610
0"
#148620
0&
b10 '
1)
1"
#148630
0"
#148640
b11 '
1"
#148650
0"
#148660
b100 '
1"
#148670
0"
#148680
b101 '
1"
#148690
0"
#148700
0!
b110 '
0(
1"
0#
#148710
0"
#148720
b111 '
0)
1"
#148730
0"
#148740
b1000 '
1"
#148750
0"
#148760
b1001 '
1"
#148770
0"
#148780
b0 '
1"
#148790
0"
#148800
1&
1!
b1 '
1(
1"
1#
#148810
0"
#148820
0&
b10 '
1)
1"
#148830
0"
#148840
b11 '
1"
#148850
0"
#148860
b100 '
1"
#148870
0"
#148880
b101 '
1"
#148890
0"
#148900
0!
b110 '
0(
1"
0#
#148910
0"
#148920
b111 '
0)
1"
#148930
0"
#148940
b1000 '
1"
#148950
0"
#148960
b1001 '
1"
#148970
0"
#148980
b0 '
1"
#148990
0"
#149000
1&
1!
b1 '
1(
1"
1#
#149010
0"
#149020
0&
b10 '
1)
1"
#149030
0"
#149040
b11 '
1"
#149050
0"
#149060
b100 '
1"
#149070
0"
#149080
b101 '
1"
#149090
0"
#149100
0!
b110 '
0(
1"
0#
#149110
0"
#149120
b111 '
0)
1"
#149130
0"
#149140
b1000 '
1"
#149150
0"
#149160
b1001 '
1"
#149170
0"
#149180
b0 '
1"
#149190
0"
#149200
1&
1!
b1 '
1(
1"
1#
#149210
0"
#149220
0&
b10 '
1)
1"
#149230
0"
#149240
b11 '
1"
#149250
0"
#149260
b100 '
1"
#149270
0"
#149280
b101 '
1"
#149290
0"
#149300
0!
b110 '
0(
1"
0#
#149310
0"
#149320
b111 '
0)
1"
#149330
0"
#149340
b1000 '
1"
#149350
0"
#149360
b1001 '
1"
#149370
0"
#149380
b0 '
1"
#149390
0"
#149400
1&
1!
b1 '
1(
1"
1#
#149410
0"
#149420
0&
b10 '
1)
1"
#149430
0"
#149440
b11 '
1"
#149450
0"
#149460
b100 '
1"
#149470
0"
#149480
b101 '
1"
#149490
0"
#149500
0!
b110 '
0(
1"
0#
#149510
0"
#149520
b111 '
0)
1"
#149530
0"
#149540
b1000 '
1"
#149550
0"
#149560
b1001 '
1"
#149570
0"
#149580
b0 '
1"
#149590
0"
#149600
1&
1!
b1 '
1(
1"
1#
#149610
0"
#149620
0&
b10 '
1)
1"
#149630
0"
#149640
b11 '
1"
#149650
0"
#149660
b100 '
1"
#149670
0"
#149680
b101 '
1"
#149690
0"
#149700
0!
b110 '
0(
1"
0#
#149710
0"
#149720
b111 '
0)
1"
#149730
0"
#149740
b1000 '
1"
#149750
0"
#149760
b1001 '
1"
#149770
0"
#149780
b0 '
1"
#149790
0"
#149800
1&
1!
b1 '
1(
1"
1#
#149810
0"
#149820
0&
b10 '
1)
1"
#149830
0"
#149840
b11 '
1"
#149850
0"
#149860
b100 '
1"
#149870
0"
#149880
b101 '
1"
#149890
0"
#149900
0!
b110 '
0(
1"
0#
#149910
0"
#149920
b111 '
0)
1"
#149930
0"
#149940
b1000 '
1"
#149950
0"
#149960
b1001 '
1"
#149970
0"
#149980
b0 '
1"
#149990
0"
#150000
1&
1!
b1 '
1(
1"
1#
#150010
0"
#150020
0&
b10 '
1)
1"
#150030
0"
#150040
b11 '
1"
#150050
0"
#150060
b100 '
1"
#150070
0"
#150080
b101 '
1"
#150090
0"
#150100
0!
b110 '
0(
1"
0#
#150110
0"
#150120
b111 '
0)
1"
#150130
0"
#150140
b1000 '
1"
#150150
0"
#150160
b1001 '
1"
#150170
0"
#150180
b0 '
1"
#150190
0"
#150200
1&
1!
b1 '
1(
1"
1#
#150210
0"
#150220
0&
b10 '
1)
1"
#150230
0"
#150240
b11 '
1"
#150250
0"
#150260
b100 '
1"
#150270
0"
#150280
b101 '
1"
#150290
0"
#150300
0!
b110 '
0(
1"
0#
#150310
0"
#150320
b111 '
0)
1"
#150330
0"
#150340
b1000 '
1"
#150350
0"
#150360
b1001 '
1"
#150370
0"
#150380
b0 '
1"
#150390
0"
#150400
1&
1!
b1 '
1(
1"
1#
#150410
0"
#150420
0&
b10 '
1)
1"
#150430
0"
#150440
b11 '
1"
#150450
0"
#150460
b100 '
1"
#150470
0"
#150480
b101 '
1"
#150490
0"
#150500
0!
b110 '
0(
1"
0#
#150510
0"
#150520
b111 '
0)
1"
#150530
0"
#150540
b1000 '
1"
#150550
0"
#150560
b1001 '
1"
#150570
0"
#150580
b0 '
1"
#150590
0"
#150600
1&
1!
b1 '
1(
1"
1#
#150610
0"
#150620
0&
b10 '
1)
1"
#150630
0"
#150640
b11 '
1"
#150650
0"
#150660
b100 '
1"
#150670
0"
#150680
b101 '
1"
#150690
0"
#150700
0!
b110 '
0(
1"
0#
#150710
0"
#150720
b111 '
0)
1"
#150730
0"
#150740
b1000 '
1"
#150750
0"
#150760
b1001 '
1"
#150770
0"
#150780
b0 '
1"
#150790
0"
#150800
1&
1!
b1 '
1(
1"
1#
#150810
0"
#150820
0&
b10 '
1)
1"
#150830
0"
#150840
b11 '
1"
#150850
0"
#150860
b100 '
1"
#150870
0"
#150880
b101 '
1"
#150890
0"
#150900
0!
b110 '
0(
1"
0#
#150910
0"
#150920
b111 '
0)
1"
#150930
0"
#150940
b1000 '
1"
#150950
0"
#150960
b1001 '
1"
#150970
0"
#150980
b0 '
1"
#150990
0"
#151000
1&
1!
b1 '
1(
1"
1#
#151010
0"
#151020
0&
b10 '
1)
1"
#151030
0"
#151040
b11 '
1"
#151050
0"
#151060
b100 '
1"
#151070
0"
#151080
b101 '
1"
#151090
0"
#151100
0!
b110 '
0(
1"
0#
#151110
0"
#151120
b111 '
0)
1"
#151130
0"
#151140
b1000 '
1"
#151150
0"
#151160
b1001 '
1"
#151170
0"
#151180
b0 '
1"
#151190
0"
#151200
1&
1!
b1 '
1(
1"
1#
#151210
0"
#151220
0&
b10 '
1)
1"
#151230
0"
#151240
b11 '
1"
#151250
0"
#151260
b100 '
1"
#151270
0"
#151280
b101 '
1"
#151290
0"
#151300
0!
b110 '
0(
1"
0#
#151310
0"
#151320
b111 '
0)
1"
#151330
0"
#151340
b1000 '
1"
#151350
0"
#151360
b1001 '
1"
#151370
0"
#151380
b0 '
1"
#151390
0"
#151400
1&
1!
b1 '
1(
1"
1#
#151410
0"
#151420
0&
b10 '
1)
1"
#151430
0"
#151440
b11 '
1"
#151450
0"
#151460
b100 '
1"
#151470
0"
#151480
b101 '
1"
#151490
0"
#151500
0!
b110 '
0(
1"
0#
#151510
0"
#151520
b111 '
0)
1"
#151530
0"
#151540
b1000 '
1"
#151550
0"
#151560
b1001 '
1"
#151570
0"
#151580
b0 '
1"
#151590
0"
#151600
1&
1!
b1 '
1(
1"
1#
#151610
0"
#151620
0&
b10 '
1)
1"
#151630
0"
#151640
b11 '
1"
#151650
0"
#151660
b100 '
1"
#151670
0"
#151680
b101 '
1"
#151690
0"
#151700
0!
b110 '
0(
1"
0#
#151710
0"
#151720
b111 '
0)
1"
#151730
0"
#151740
b1000 '
1"
#151750
0"
#151760
b1001 '
1"
#151770
0"
#151780
b0 '
1"
#151790
0"
#151800
1&
1!
b1 '
1(
1"
1#
#151810
0"
#151820
0&
b10 '
1)
1"
#151830
0"
#151840
b11 '
1"
#151850
0"
#151860
b100 '
1"
#151870
0"
#151880
b101 '
1"
#151890
0"
#151900
0!
b110 '
0(
1"
0#
#151910
0"
#151920
b111 '
0)
1"
#151930
0"
#151940
b1000 '
1"
#151950
0"
#151960
b1001 '
1"
#151970
0"
#151980
b0 '
1"
#151990
0"
#152000
1&
1!
b1 '
1(
1"
1#
#152010
0"
#152020
0&
b10 '
1)
1"
#152030
0"
#152040
b11 '
1"
#152050
0"
#152060
b100 '
1"
#152070
0"
#152080
b101 '
1"
#152090
0"
#152100
0!
b110 '
0(
1"
0#
#152110
0"
#152120
b111 '
0)
1"
#152130
0"
#152140
b1000 '
1"
#152150
0"
#152160
b1001 '
1"
#152170
0"
#152180
b0 '
1"
#152190
0"
#152200
1&
1!
b1 '
1(
1"
1#
#152210
0"
#152220
0&
b10 '
1)
1"
#152230
0"
#152240
b11 '
1"
#152250
0"
#152260
b100 '
1"
#152270
0"
#152280
b101 '
1"
#152290
0"
#152300
0!
b110 '
0(
1"
0#
#152310
0"
#152320
b111 '
0)
1"
#152330
0"
#152340
b1000 '
1"
#152350
0"
#152360
b1001 '
1"
#152370
0"
#152380
b0 '
1"
#152390
0"
#152400
1&
1!
b1 '
1(
1"
1#
#152410
0"
#152420
0&
b10 '
1)
1"
#152430
0"
#152440
b11 '
1"
#152450
0"
#152460
b100 '
1"
#152470
0"
#152480
b101 '
1"
#152490
0"
#152500
0!
b110 '
0(
1"
0#
#152510
0"
#152520
b111 '
0)
1"
#152530
0"
#152540
b1000 '
1"
#152550
0"
#152560
b1001 '
1"
#152570
0"
#152580
b0 '
1"
#152590
0"
#152600
1&
1!
b1 '
1(
1"
1#
#152610
0"
#152620
0&
b10 '
1)
1"
#152630
0"
#152640
b11 '
1"
#152650
0"
#152660
b100 '
1"
#152670
0"
#152680
b101 '
1"
#152690
0"
#152700
0!
b110 '
0(
1"
0#
#152710
0"
#152720
b111 '
0)
1"
#152730
0"
#152740
b1000 '
1"
#152750
0"
#152760
b1001 '
1"
#152770
0"
#152780
b0 '
1"
#152790
0"
#152800
1&
1!
b1 '
1(
1"
1#
#152810
0"
#152820
0&
b10 '
1)
1"
#152830
0"
#152840
b11 '
1"
#152850
0"
#152860
b100 '
1"
#152870
0"
#152880
b101 '
1"
#152890
0"
#152900
0!
b110 '
0(
1"
0#
#152910
0"
#152920
b111 '
0)
1"
#152930
0"
#152940
b1000 '
1"
#152950
0"
#152960
b1001 '
1"
#152970
0"
#152980
b0 '
1"
#152990
0"
#153000
1&
1!
b1 '
1(
1"
1#
#153010
0"
#153020
0&
b10 '
1)
1"
#153030
0"
#153040
b11 '
1"
#153050
0"
#153060
b100 '
1"
#153070
0"
#153080
b101 '
1"
#153090
0"
#153100
0!
b110 '
0(
1"
0#
#153110
0"
#153120
b111 '
0)
1"
#153130
0"
#153140
b1000 '
1"
#153150
0"
#153160
b1001 '
1"
#153170
0"
#153180
b0 '
1"
#153190
0"
#153200
1&
1!
b1 '
1(
1"
1#
#153210
0"
#153220
0&
b10 '
1)
1"
#153230
0"
#153240
b11 '
1"
#153250
0"
#153260
b100 '
1"
#153270
0"
#153280
b101 '
1"
#153290
0"
#153300
0!
b110 '
0(
1"
0#
#153310
0"
#153320
b111 '
0)
1"
#153330
0"
#153340
b1000 '
1"
#153350
0"
#153360
b1001 '
1"
#153370
0"
#153380
b0 '
1"
#153390
0"
#153400
1&
1!
b1 '
1(
1"
1#
#153410
0"
#153420
0&
b10 '
1)
1"
#153430
0"
#153440
b11 '
1"
#153450
0"
#153460
b100 '
1"
#153470
0"
#153480
b101 '
1"
#153490
0"
#153500
0!
b110 '
0(
1"
0#
#153510
0"
#153520
b111 '
0)
1"
#153530
0"
#153540
b1000 '
1"
#153550
0"
#153560
b1001 '
1"
#153570
0"
#153580
b0 '
1"
#153590
0"
#153600
1&
1!
b1 '
1(
1"
1#
#153610
0"
#153620
0&
b10 '
1)
1"
#153630
0"
#153640
b11 '
1"
#153650
0"
#153660
b100 '
1"
#153670
0"
#153680
b101 '
1"
#153690
0"
#153700
0!
b110 '
0(
1"
0#
#153710
0"
#153720
b111 '
0)
1"
#153730
0"
#153740
b1000 '
1"
#153750
0"
#153760
b1001 '
1"
#153770
0"
#153780
b0 '
1"
#153790
0"
#153800
1&
1!
b1 '
1(
1"
1#
#153810
0"
#153820
0&
b10 '
1)
1"
#153830
0"
#153840
b11 '
1"
#153850
0"
#153860
b100 '
1"
#153870
0"
#153880
b101 '
1"
#153890
0"
#153900
0!
b110 '
0(
1"
0#
#153910
0"
#153920
b111 '
0)
1"
#153930
0"
#153940
b1000 '
1"
#153950
0"
#153960
b1001 '
1"
#153970
0"
#153980
b0 '
1"
#153990
0"
#154000
1&
1!
b1 '
1(
1"
1#
#154010
0"
#154020
0&
b10 '
1)
1"
#154030
0"
#154040
b11 '
1"
#154050
0"
#154060
b100 '
1"
#154070
0"
#154080
b101 '
1"
#154090
0"
#154100
0!
b110 '
0(
1"
0#
#154110
0"
#154120
b111 '
0)
1"
#154130
0"
#154140
b1000 '
1"
#154150
0"
#154160
b1001 '
1"
#154170
0"
#154180
b0 '
1"
#154190
0"
#154200
1&
1!
b1 '
1(
1"
1#
#154210
0"
#154220
0&
b10 '
1)
1"
#154230
0"
#154240
b11 '
1"
#154250
0"
#154260
b100 '
1"
#154270
0"
#154280
b101 '
1"
#154290
0"
#154300
0!
b110 '
0(
1"
0#
#154310
0"
#154320
b111 '
0)
1"
#154330
0"
#154340
b1000 '
1"
#154350
0"
#154360
b1001 '
1"
#154370
0"
#154380
b0 '
1"
#154390
0"
#154400
1&
1!
b1 '
1(
1"
1#
#154410
0"
#154420
0&
b10 '
1)
1"
#154430
0"
#154440
b11 '
1"
#154450
0"
#154460
b100 '
1"
#154470
0"
#154480
b101 '
1"
#154490
0"
#154500
0!
b110 '
0(
1"
0#
#154510
0"
#154520
b111 '
0)
1"
#154530
0"
#154540
b1000 '
1"
#154550
0"
#154560
b1001 '
1"
#154570
0"
#154580
b0 '
1"
#154590
0"
#154600
1&
1!
b1 '
1(
1"
1#
#154610
0"
#154620
0&
b10 '
1)
1"
#154630
0"
#154640
b11 '
1"
#154650
0"
#154660
b100 '
1"
#154670
0"
#154680
b101 '
1"
#154690
0"
#154700
0!
b110 '
0(
1"
0#
#154710
0"
#154720
b111 '
0)
1"
#154730
0"
#154740
b1000 '
1"
#154750
0"
#154760
b1001 '
1"
#154770
0"
#154780
b0 '
1"
#154790
0"
#154800
1&
1!
b1 '
1(
1"
1#
#154810
0"
#154820
0&
b10 '
1)
1"
#154830
0"
#154840
b11 '
1"
#154850
0"
#154860
b100 '
1"
#154870
0"
#154880
b101 '
1"
#154890
0"
#154900
0!
b110 '
0(
1"
0#
#154910
0"
#154920
b111 '
0)
1"
#154930
0"
#154940
b1000 '
1"
#154950
0"
#154960
b1001 '
1"
#154970
0"
#154980
b0 '
1"
#154990
0"
#155000
1&
1!
b1 '
1(
1"
1#
#155010
0"
#155020
0&
b10 '
1)
1"
#155030
0"
#155040
b11 '
1"
#155050
0"
#155060
b100 '
1"
#155070
0"
#155080
b101 '
1"
#155090
0"
#155100
0!
b110 '
0(
1"
0#
#155110
0"
#155120
b111 '
0)
1"
#155130
0"
#155140
b1000 '
1"
#155150
0"
#155160
b1001 '
1"
#155170
0"
#155180
b0 '
1"
#155190
0"
#155200
1&
1!
b1 '
1(
1"
1#
#155210
0"
#155220
0&
b10 '
1)
1"
#155230
0"
#155240
b11 '
1"
#155250
0"
#155260
b100 '
1"
#155270
0"
#155280
b101 '
1"
#155290
0"
#155300
0!
b110 '
0(
1"
0#
#155310
0"
#155320
b111 '
0)
1"
#155330
0"
#155340
b1000 '
1"
#155350
0"
#155360
b1001 '
1"
#155370
0"
#155380
b0 '
1"
#155390
0"
#155400
1&
1!
b1 '
1(
1"
1#
#155410
0"
#155420
0&
b10 '
1)
1"
#155430
0"
#155440
b11 '
1"
#155450
0"
#155460
b100 '
1"
#155470
0"
#155480
b101 '
1"
#155490
0"
#155500
0!
b110 '
0(
1"
0#
#155510
0"
#155520
b111 '
0)
1"
#155530
0"
#155540
b1000 '
1"
#155550
0"
#155560
b1001 '
1"
#155570
0"
#155580
b0 '
1"
#155590
0"
#155600
1&
1!
b1 '
1(
1"
1#
#155610
0"
#155620
0&
b10 '
1)
1"
#155630
0"
#155640
b11 '
1"
#155650
0"
#155660
b100 '
1"
#155670
0"
#155680
b101 '
1"
#155690
0"
#155700
0!
b110 '
0(
1"
0#
#155710
0"
#155720
b111 '
0)
1"
#155730
0"
#155740
b1000 '
1"
#155750
0"
#155760
b1001 '
1"
#155770
0"
#155780
b0 '
1"
#155790
0"
#155800
1&
1!
b1 '
1(
1"
1#
#155810
0"
#155820
0&
b10 '
1)
1"
#155830
0"
#155840
b11 '
1"
#155850
0"
#155860
b100 '
1"
#155870
0"
#155880
b101 '
1"
#155890
0"
#155900
0!
b110 '
0(
1"
0#
#155910
0"
#155920
b111 '
0)
1"
#155930
0"
#155940
b1000 '
1"
#155950
0"
#155960
b1001 '
1"
#155970
0"
#155980
b0 '
1"
#155990
0"
#156000
1&
1!
b1 '
1(
1"
1#
#156010
0"
#156020
0&
b10 '
1)
1"
#156030
0"
#156040
b11 '
1"
#156050
0"
#156060
b100 '
1"
#156070
0"
#156080
b101 '
1"
#156090
0"
#156100
0!
b110 '
0(
1"
0#
#156110
0"
#156120
b111 '
0)
1"
#156130
0"
#156140
b1000 '
1"
#156150
0"
#156160
b1001 '
1"
#156170
0"
#156180
b0 '
1"
#156190
0"
#156200
1&
1!
b1 '
1(
1"
1#
#156210
0"
#156220
0&
b10 '
1)
1"
#156230
0"
#156240
b11 '
1"
#156250
0"
#156260
b100 '
1"
#156270
0"
#156280
b101 '
1"
#156290
0"
#156300
0!
b110 '
0(
1"
0#
#156310
0"
#156320
b111 '
0)
1"
#156330
0"
#156340
b1000 '
1"
#156350
0"
#156360
b1001 '
1"
#156370
0"
#156380
b0 '
1"
#156390
0"
#156400
1&
1!
b1 '
1(
1"
1#
#156410
0"
#156420
0&
b10 '
1)
1"
#156430
0"
#156440
b11 '
1"
#156450
0"
#156460
b100 '
1"
#156470
0"
#156480
b101 '
1"
#156490
0"
#156500
0!
b110 '
0(
1"
0#
#156510
0"
#156520
b111 '
0)
1"
#156530
0"
#156540
b1000 '
1"
#156550
0"
#156560
b1001 '
1"
#156570
0"
#156580
b0 '
1"
#156590
0"
#156600
1&
1!
b1 '
1(
1"
1#
#156610
0"
#156620
0&
b10 '
1)
1"
#156630
0"
#156640
b11 '
1"
#156650
0"
#156660
b100 '
1"
#156670
0"
#156680
b101 '
1"
#156690
0"
#156700
0!
b110 '
0(
1"
0#
#156710
0"
#156720
b111 '
0)
1"
#156730
0"
#156740
b1000 '
1"
#156750
0"
#156760
b1001 '
1"
#156770
0"
#156780
b0 '
1"
#156790
0"
#156800
1&
1!
b1 '
1(
1"
1#
#156810
0"
#156820
0&
b10 '
1)
1"
#156830
0"
#156840
b11 '
1"
#156850
0"
#156860
b100 '
1"
#156870
0"
#156880
b101 '
1"
#156890
0"
#156900
0!
b110 '
0(
1"
0#
#156910
0"
#156920
b111 '
0)
1"
#156930
0"
#156940
b1000 '
1"
#156950
0"
#156960
b1001 '
1"
#156970
0"
#156980
b0 '
1"
#156990
0"
#157000
1&
1!
b1 '
1(
1"
1#
#157010
0"
#157020
0&
b10 '
1)
1"
#157030
0"
#157040
b11 '
1"
#157050
0"
#157060
b100 '
1"
#157070
0"
#157080
b101 '
1"
#157090
0"
#157100
0!
b110 '
0(
1"
0#
#157110
0"
#157120
b111 '
0)
1"
#157130
0"
#157140
b1000 '
1"
#157150
0"
#157160
b1001 '
1"
#157170
0"
#157180
b0 '
1"
#157190
0"
#157200
1&
1!
b1 '
1(
1"
1#
#157210
0"
#157220
0&
b10 '
1)
1"
#157230
0"
#157240
b11 '
1"
#157250
0"
#157260
b100 '
1"
#157270
0"
#157280
b101 '
1"
#157290
0"
#157300
0!
b110 '
0(
1"
0#
#157310
0"
#157320
b111 '
0)
1"
#157330
0"
#157340
b1000 '
1"
#157350
0"
#157360
b1001 '
1"
#157370
0"
#157380
b0 '
1"
#157390
0"
#157400
1&
1!
b1 '
1(
1"
1#
#157410
0"
#157420
0&
b10 '
1)
1"
#157430
0"
#157440
b11 '
1"
#157450
0"
#157460
b100 '
1"
#157470
0"
#157480
b101 '
1"
#157490
0"
#157500
0!
b110 '
0(
1"
0#
#157510
0"
#157520
b111 '
0)
1"
#157530
0"
#157540
b1000 '
1"
#157550
0"
#157560
b1001 '
1"
#157570
0"
#157580
b0 '
1"
#157590
0"
#157600
1&
1!
b1 '
1(
1"
1#
#157610
0"
#157620
0&
b10 '
1)
1"
#157630
0"
#157640
b11 '
1"
#157650
0"
#157660
b100 '
1"
#157670
0"
#157680
b101 '
1"
#157690
0"
#157700
0!
b110 '
0(
1"
0#
#157710
0"
#157720
b111 '
0)
1"
#157730
0"
#157740
b1000 '
1"
#157750
0"
#157760
b1001 '
1"
#157770
0"
#157780
b0 '
1"
#157790
0"
#157800
1&
1!
b1 '
1(
1"
1#
#157810
0"
#157820
0&
b10 '
1)
1"
#157830
0"
#157840
b11 '
1"
#157850
0"
#157860
b100 '
1"
#157870
0"
#157880
b101 '
1"
#157890
0"
#157900
0!
b110 '
0(
1"
0#
#157910
0"
#157920
b111 '
0)
1"
#157930
0"
#157940
b1000 '
1"
#157950
0"
#157960
b1001 '
1"
#157970
0"
#157980
b0 '
1"
#157990
0"
#158000
1&
1!
b1 '
1(
1"
1#
#158010
0"
#158020
0&
b10 '
1)
1"
#158030
0"
#158040
b11 '
1"
#158050
0"
#158060
b100 '
1"
#158070
0"
#158080
b101 '
1"
#158090
0"
#158100
0!
b110 '
0(
1"
0#
#158110
0"
#158120
b111 '
0)
1"
#158130
0"
#158140
b1000 '
1"
#158150
0"
#158160
b1001 '
1"
#158170
0"
#158180
b0 '
1"
#158190
0"
#158200
1&
1!
b1 '
1(
1"
1#
#158210
0"
#158220
0&
b10 '
1)
1"
#158230
0"
#158240
b11 '
1"
#158250
0"
#158260
b100 '
1"
#158270
0"
#158280
b101 '
1"
#158290
0"
#158300
0!
b110 '
0(
1"
0#
#158310
0"
#158320
b111 '
0)
1"
#158330
0"
#158340
b1000 '
1"
#158350
0"
#158360
b1001 '
1"
#158370
0"
#158380
b0 '
1"
#158390
0"
#158400
1&
1!
b1 '
1(
1"
1#
#158410
0"
#158420
0&
b10 '
1)
1"
#158430
0"
#158440
b11 '
1"
#158450
0"
#158460
b100 '
1"
#158470
0"
#158480
b101 '
1"
#158490
0"
#158500
0!
b110 '
0(
1"
0#
#158510
0"
#158520
b111 '
0)
1"
#158530
0"
#158540
b1000 '
1"
#158550
0"
#158560
b1001 '
1"
#158570
0"
#158580
b0 '
1"
#158590
0"
#158600
1&
1!
b1 '
1(
1"
1#
#158610
0"
#158620
0&
b10 '
1)
1"
#158630
0"
#158640
b11 '
1"
#158650
0"
#158660
b100 '
1"
#158670
0"
#158680
b101 '
1"
#158690
0"
#158700
0!
b110 '
0(
1"
0#
#158710
0"
#158720
b111 '
0)
1"
#158730
0"
#158740
b1000 '
1"
#158750
0"
#158760
b1001 '
1"
#158770
0"
#158780
b0 '
1"
#158790
0"
#158800
1&
1!
b1 '
1(
1"
1#
#158810
0"
#158820
0&
b10 '
1)
1"
#158830
0"
#158840
b11 '
1"
#158850
0"
#158860
b100 '
1"
#158870
0"
#158880
b101 '
1"
#158890
0"
#158900
0!
b110 '
0(
1"
0#
#158910
0"
#158920
b111 '
0)
1"
#158930
0"
#158940
b1000 '
1"
#158950
0"
#158960
b1001 '
1"
#158970
0"
#158980
b0 '
1"
#158990
0"
#159000
1&
1!
b1 '
1(
1"
1#
#159010
0"
#159020
0&
b10 '
1)
1"
#159030
0"
#159040
b11 '
1"
#159050
0"
#159060
b100 '
1"
#159070
0"
#159080
b101 '
1"
#159090
0"
#159100
0!
b110 '
0(
1"
0#
#159110
0"
#159120
b111 '
0)
1"
#159130
0"
#159140
b1000 '
1"
#159150
0"
#159160
b1001 '
1"
#159170
0"
#159180
b0 '
1"
#159190
0"
#159200
1&
1!
b1 '
1(
1"
1#
#159210
0"
#159220
0&
b10 '
1)
1"
#159230
0"
#159240
b11 '
1"
#159250
0"
#159260
b100 '
1"
#159270
0"
#159280
b101 '
1"
#159290
0"
#159300
0!
b110 '
0(
1"
0#
#159310
0"
#159320
b111 '
0)
1"
#159330
0"
#159340
b1000 '
1"
#159350
0"
#159360
b1001 '
1"
#159370
0"
#159380
b0 '
1"
#159390
0"
#159400
1&
1!
b1 '
1(
1"
1#
#159410
0"
#159420
0&
b10 '
1)
1"
#159430
0"
#159440
b11 '
1"
#159450
0"
#159460
b100 '
1"
#159470
0"
#159480
b101 '
1"
#159490
0"
#159500
0!
b110 '
0(
1"
0#
#159510
0"
#159520
b111 '
0)
1"
#159530
0"
#159540
b1000 '
1"
#159550
0"
#159560
b1001 '
1"
#159570
0"
#159580
b0 '
1"
#159590
0"
#159600
1&
1!
b1 '
1(
1"
1#
#159610
0"
#159620
0&
b10 '
1)
1"
#159630
0"
#159640
b11 '
1"
#159650
0"
#159660
b100 '
1"
#159670
0"
#159680
b101 '
1"
#159690
0"
#159700
0!
b110 '
0(
1"
0#
#159710
0"
#159720
b111 '
0)
1"
#159730
0"
#159740
b1000 '
1"
#159750
0"
#159760
b1001 '
1"
#159770
0"
#159780
b0 '
1"
#159790
0"
#159800
1&
1!
b1 '
1(
1"
1#
#159810
0"
#159820
0&
b10 '
1)
1"
#159830
0"
#159840
b11 '
1"
#159850
0"
#159860
b100 '
1"
#159870
0"
#159880
b101 '
1"
#159890
0"
#159900
0!
b110 '
0(
1"
0#
#159910
0"
#159920
b111 '
0)
1"
#159930
0"
#159940
b1000 '
1"
#159950
0"
#159960
b1001 '
1"
#159970
0"
#159980
b0 '
1"
#159990
0"
#160000
1&
1!
b1 '
1(
1"
1#
#160010
0"
#160020
0&
b10 '
1)
1"
#160030
0"
#160040
b11 '
1"
#160050
0"
#160060
b100 '
1"
#160070
0"
#160080
b101 '
1"
#160090
0"
#160100
0!
b110 '
0(
1"
0#
#160110
0"
#160120
b111 '
0)
1"
#160130
0"
#160140
b1000 '
1"
#160150
0"
#160160
b1001 '
1"
#160170
0"
#160180
b0 '
1"
#160190
0"
#160200
1&
1!
b1 '
1(
1"
1#
#160210
0"
#160220
0&
b10 '
1)
1"
#160230
0"
#160240
b11 '
1"
#160250
0"
#160260
b100 '
1"
#160270
0"
#160280
b101 '
1"
#160290
0"
#160300
0!
b110 '
0(
1"
0#
#160310
0"
#160320
b111 '
0)
1"
#160330
0"
#160340
b1000 '
1"
#160350
0"
#160360
b1001 '
1"
#160370
0"
#160380
b0 '
1"
#160390
0"
#160400
1&
1!
b1 '
1(
1"
1#
#160410
0"
#160420
0&
b10 '
1)
1"
#160430
0"
#160440
b11 '
1"
#160450
0"
#160460
b100 '
1"
#160470
0"
#160480
b101 '
1"
#160490
0"
#160500
0!
b110 '
0(
1"
0#
#160510
0"
#160520
b111 '
0)
1"
#160530
0"
#160540
b1000 '
1"
#160550
0"
#160560
b1001 '
1"
#160570
0"
#160580
b0 '
1"
#160590
0"
#160600
1&
1!
b1 '
1(
1"
1#
#160610
0"
#160620
0&
b10 '
1)
1"
#160630
0"
#160640
b11 '
1"
#160650
0"
#160660
b100 '
1"
#160670
0"
#160680
b101 '
1"
#160690
0"
#160700
0!
b110 '
0(
1"
0#
#160710
0"
#160720
b111 '
0)
1"
#160730
0"
#160740
b1000 '
1"
#160750
0"
#160760
b1001 '
1"
#160770
0"
#160780
b0 '
1"
#160790
0"
#160800
1&
1!
b1 '
1(
1"
1#
#160810
0"
#160820
0&
b10 '
1)
1"
#160830
0"
#160840
b11 '
1"
#160850
0"
#160860
b100 '
1"
#160870
0"
#160880
b101 '
1"
#160890
0"
#160900
0!
b110 '
0(
1"
0#
#160910
0"
#160920
b111 '
0)
1"
#160930
0"
#160940
b1000 '
1"
#160950
0"
#160960
b1001 '
1"
#160970
0"
#160980
b0 '
1"
#160990
0"
#161000
1&
1!
b1 '
1(
1"
1#
#161010
0"
#161020
0&
b10 '
1)
1"
#161030
0"
#161040
b11 '
1"
#161050
0"
#161060
b100 '
1"
#161070
0"
#161080
b101 '
1"
#161090
0"
#161100
0!
b110 '
0(
1"
0#
#161110
0"
#161120
b111 '
0)
1"
#161130
0"
#161140
b1000 '
1"
#161150
0"
#161160
b1001 '
1"
#161170
0"
#161180
b0 '
1"
#161190
0"
#161200
1&
1!
b1 '
1(
1"
1#
#161210
0"
#161220
0&
b10 '
1)
1"
#161230
0"
#161240
b11 '
1"
#161250
0"
#161260
b100 '
1"
#161270
0"
#161280
b101 '
1"
#161290
0"
#161300
0!
b110 '
0(
1"
0#
#161310
0"
#161320
b111 '
0)
1"
#161330
0"
#161340
b1000 '
1"
#161350
0"
#161360
b1001 '
1"
#161370
0"
#161380
b0 '
1"
#161390
0"
#161400
1&
1!
b1 '
1(
1"
1#
#161410
0"
#161420
0&
b10 '
1)
1"
#161430
0"
#161440
b11 '
1"
#161450
0"
#161460
b100 '
1"
#161470
0"
#161480
b101 '
1"
#161490
0"
#161500
0!
b110 '
0(
1"
0#
#161510
0"
#161520
b111 '
0)
1"
#161530
0"
#161540
b1000 '
1"
#161550
0"
#161560
b1001 '
1"
#161570
0"
#161580
b0 '
1"
#161590
0"
#161600
1&
1!
b1 '
1(
1"
1#
#161610
0"
#161620
0&
b10 '
1)
1"
#161630
0"
#161640
b11 '
1"
#161650
0"
#161660
b100 '
1"
#161670
0"
#161680
b101 '
1"
#161690
0"
#161700
0!
b110 '
0(
1"
0#
#161710
0"
#161720
b111 '
0)
1"
#161730
0"
#161740
b1000 '
1"
#161750
0"
#161760
b1001 '
1"
#161770
0"
#161780
b0 '
1"
#161790
0"
#161800
1&
1!
b1 '
1(
1"
1#
#161810
0"
#161820
0&
b10 '
1)
1"
#161830
0"
#161840
b11 '
1"
#161850
0"
#161860
b100 '
1"
#161870
0"
#161880
b101 '
1"
#161890
0"
#161900
0!
b110 '
0(
1"
0#
#161910
0"
#161920
b111 '
0)
1"
#161930
0"
#161940
b1000 '
1"
#161950
0"
#161960
b1001 '
1"
#161970
0"
#161980
b0 '
1"
#161990
0"
#162000
1&
1!
b1 '
1(
1"
1#
#162010
0"
#162020
0&
b10 '
1)
1"
#162030
0"
#162040
b11 '
1"
#162050
0"
#162060
b100 '
1"
#162070
0"
#162080
b101 '
1"
#162090
0"
#162100
0!
b110 '
0(
1"
0#
#162110
0"
#162120
b111 '
0)
1"
#162130
0"
#162140
b1000 '
1"
#162150
0"
#162160
b1001 '
1"
#162170
0"
#162180
b0 '
1"
#162190
0"
#162200
1&
1!
b1 '
1(
1"
1#
#162210
0"
#162220
0&
b10 '
1)
1"
#162230
0"
#162240
b11 '
1"
#162250
0"
#162260
b100 '
1"
#162270
0"
#162280
b101 '
1"
#162290
0"
#162300
0!
b110 '
0(
1"
0#
#162310
0"
#162320
b111 '
0)
1"
#162330
0"
#162340
b1000 '
1"
#162350
0"
#162360
b1001 '
1"
#162370
0"
#162380
b0 '
1"
#162390
0"
#162400
1&
1!
b1 '
1(
1"
1#
#162410
0"
#162420
0&
b10 '
1)
1"
#162430
0"
#162440
b11 '
1"
#162450
0"
#162460
b100 '
1"
#162470
0"
#162480
b101 '
1"
#162490
0"
#162500
0!
b110 '
0(
1"
0#
#162510
0"
#162520
b111 '
0)
1"
#162530
0"
#162540
b1000 '
1"
#162550
0"
#162560
b1001 '
1"
#162570
0"
#162580
b0 '
1"
#162590
0"
#162600
1&
1!
b1 '
1(
1"
1#
#162610
0"
#162620
0&
b10 '
1)
1"
#162630
0"
#162640
b11 '
1"
#162650
0"
#162660
b100 '
1"
#162670
0"
#162680
b101 '
1"
#162690
0"
#162700
0!
b110 '
0(
1"
0#
#162710
0"
#162720
b111 '
0)
1"
#162730
0"
#162740
b1000 '
1"
#162750
0"
#162760
b1001 '
1"
#162770
0"
#162780
b0 '
1"
#162790
0"
#162800
1&
1!
b1 '
1(
1"
1#
#162810
0"
#162820
0&
b10 '
1)
1"
#162830
0"
#162840
b11 '
1"
#162850
0"
#162860
b100 '
1"
#162870
0"
#162880
b101 '
1"
#162890
0"
#162900
0!
b110 '
0(
1"
0#
#162910
0"
#162920
b111 '
0)
1"
#162930
0"
#162940
b1000 '
1"
#162950
0"
#162960
b1001 '
1"
#162970
0"
#162980
b0 '
1"
#162990
0"
#163000
1&
1!
b1 '
1(
1"
1#
#163010
0"
#163020
0&
b10 '
1)
1"
#163030
0"
#163040
b11 '
1"
#163050
0"
#163060
b100 '
1"
#163070
0"
#163080
b101 '
1"
#163090
0"
#163100
0!
b110 '
0(
1"
0#
#163110
0"
#163120
b111 '
0)
1"
#163130
0"
#163140
b1000 '
1"
#163150
0"
#163160
b1001 '
1"
#163170
0"
#163180
b0 '
1"
#163190
0"
#163200
1&
1!
b1 '
1(
1"
1#
#163210
0"
#163220
0&
b10 '
1)
1"
#163230
0"
#163240
b11 '
1"
#163250
0"
#163260
b100 '
1"
#163270
0"
#163280
b101 '
1"
#163290
0"
#163300
0!
b110 '
0(
1"
0#
#163310
0"
#163320
b111 '
0)
1"
#163330
0"
#163340
b1000 '
1"
#163350
0"
#163360
b1001 '
1"
#163370
0"
#163380
b0 '
1"
#163390
0"
#163400
1&
1!
b1 '
1(
1"
1#
#163410
0"
#163420
0&
b10 '
1)
1"
#163430
0"
#163440
b11 '
1"
#163450
0"
#163460
b100 '
1"
#163470
0"
#163480
b101 '
1"
#163490
0"
#163500
0!
b110 '
0(
1"
0#
#163510
0"
#163520
b111 '
0)
1"
#163530
0"
#163540
b1000 '
1"
#163550
0"
#163560
b1001 '
1"
#163570
0"
#163580
b0 '
1"
#163590
0"
#163600
1&
1!
b1 '
1(
1"
1#
#163610
0"
#163620
0&
b10 '
1)
1"
#163630
0"
#163640
b11 '
1"
#163650
0"
#163660
b100 '
1"
#163670
0"
#163680
b101 '
1"
#163690
0"
#163700
0!
b110 '
0(
1"
0#
#163710
0"
#163720
b111 '
0)
1"
#163730
0"
#163740
b1000 '
1"
#163750
0"
#163760
b1001 '
1"
#163770
0"
#163780
b0 '
1"
#163790
0"
#163800
1&
1!
b1 '
1(
1"
1#
#163810
0"
#163820
0&
b10 '
1)
1"
#163830
0"
#163840
b11 '
1"
#163850
0"
#163860
b100 '
1"
#163870
0"
#163880
b101 '
1"
#163890
0"
#163900
0!
b110 '
0(
1"
0#
#163910
0"
#163920
b111 '
0)
1"
#163930
0"
#163940
b1000 '
1"
#163950
0"
#163960
b1001 '
1"
#163970
0"
#163980
b0 '
1"
#163990
0"
#164000
1&
1!
b1 '
1(
1"
1#
#164010
0"
#164020
0&
b10 '
1)
1"
#164030
0"
#164040
b11 '
1"
#164050
0"
#164060
b100 '
1"
#164070
0"
#164080
b101 '
1"
#164090
0"
#164100
0!
b110 '
0(
1"
0#
#164110
0"
#164120
b111 '
0)
1"
#164130
0"
#164140
b1000 '
1"
#164150
0"
#164160
b1001 '
1"
#164170
0"
#164180
b0 '
1"
#164190
0"
#164200
1&
1!
b1 '
1(
1"
1#
#164210
0"
#164220
0&
b10 '
1)
1"
#164230
0"
#164240
b11 '
1"
#164250
0"
#164260
b100 '
1"
#164270
0"
#164280
b101 '
1"
#164290
0"
#164300
0!
b110 '
0(
1"
0#
#164310
0"
#164320
b111 '
0)
1"
#164330
0"
#164340
b1000 '
1"
#164350
0"
#164360
b1001 '
1"
#164370
0"
#164380
b0 '
1"
#164390
0"
#164400
1&
1!
b1 '
1(
1"
1#
#164410
0"
#164420
0&
b10 '
1)
1"
#164430
0"
#164440
b11 '
1"
#164450
0"
#164460
b100 '
1"
#164470
0"
#164480
b101 '
1"
#164490
0"
#164500
0!
b110 '
0(
1"
0#
#164510
0"
#164520
b111 '
0)
1"
#164530
0"
#164540
b1000 '
1"
#164550
0"
#164560
b1001 '
1"
#164570
0"
#164580
b0 '
1"
#164590
0"
#164600
1&
1!
b1 '
1(
1"
1#
#164610
0"
#164620
0&
b10 '
1)
1"
#164630
0"
#164640
b11 '
1"
#164650
0"
#164660
b100 '
1"
#164670
0"
#164680
b101 '
1"
#164690
0"
#164700
0!
b110 '
0(
1"
0#
#164710
0"
#164720
b111 '
0)
1"
#164730
0"
#164740
b1000 '
1"
#164750
0"
#164760
b1001 '
1"
#164770
0"
#164780
b0 '
1"
#164790
0"
#164800
1&
1!
b1 '
1(
1"
1#
#164810
0"
#164820
0&
b10 '
1)
1"
#164830
0"
#164840
b11 '
1"
#164850
0"
#164860
b100 '
1"
#164870
0"
#164880
b101 '
1"
#164890
0"
#164900
0!
b110 '
0(
1"
0#
#164910
0"
#164920
b111 '
0)
1"
#164930
0"
#164940
b1000 '
1"
#164950
0"
#164960
b1001 '
1"
#164970
0"
#164980
b0 '
1"
#164990
0"
#165000
1&
1!
b1 '
1(
1"
1#
#165010
0"
#165020
0&
b10 '
1)
1"
#165030
0"
#165040
b11 '
1"
#165050
0"
#165060
b100 '
1"
#165070
0"
#165080
b101 '
1"
#165090
0"
#165100
0!
b110 '
0(
1"
0#
#165110
0"
#165120
b111 '
0)
1"
#165130
0"
#165140
b1000 '
1"
#165150
0"
#165160
b1001 '
1"
#165170
0"
#165180
b0 '
1"
#165190
0"
#165200
1&
1!
b1 '
1(
1"
1#
#165210
0"
#165220
0&
b10 '
1)
1"
#165230
0"
#165240
b11 '
1"
#165250
0"
#165260
b100 '
1"
#165270
0"
#165280
b101 '
1"
#165290
0"
#165300
0!
b110 '
0(
1"
0#
#165310
0"
#165320
b111 '
0)
1"
#165330
0"
#165340
b1000 '
1"
#165350
0"
#165360
b1001 '
1"
#165370
0"
#165380
b0 '
1"
#165390
0"
#165400
1&
1!
b1 '
1(
1"
1#
#165410
0"
#165420
0&
b10 '
1)
1"
#165430
0"
#165440
b11 '
1"
#165450
0"
#165460
b100 '
1"
#165470
0"
#165480
b101 '
1"
#165490
0"
#165500
0!
b110 '
0(
1"
0#
#165510
0"
#165520
b111 '
0)
1"
#165530
0"
#165540
b1000 '
1"
#165550
0"
#165560
b1001 '
1"
#165570
0"
#165580
b0 '
1"
#165590
0"
#165600
1&
1!
b1 '
1(
1"
1#
#165610
0"
#165620
0&
b10 '
1)
1"
#165630
0"
#165640
b11 '
1"
#165650
0"
#165660
b100 '
1"
#165670
0"
#165680
b101 '
1"
#165690
0"
#165700
0!
b110 '
0(
1"
0#
#165710
0"
#165720
b111 '
0)
1"
#165730
0"
#165740
b1000 '
1"
#165750
0"
#165760
b1001 '
1"
#165770
0"
#165780
b0 '
1"
#165790
0"
#165800
1&
1!
b1 '
1(
1"
1#
#165810
0"
#165820
0&
b10 '
1)
1"
#165830
0"
#165840
b11 '
1"
#165850
0"
#165860
b100 '
1"
#165870
0"
#165880
b101 '
1"
#165890
0"
#165900
0!
b110 '
0(
1"
0#
#165910
0"
#165920
b111 '
0)
1"
#165930
0"
#165940
b1000 '
1"
#165950
0"
#165960
b1001 '
1"
#165970
0"
#165980
b0 '
1"
#165990
0"
#166000
1&
1!
b1 '
1(
1"
1#
#166010
0"
#166020
0&
b10 '
1)
1"
#166030
0"
#166040
b11 '
1"
#166050
0"
#166060
b100 '
1"
#166070
0"
#166080
b101 '
1"
#166090
0"
#166100
0!
b110 '
0(
1"
0#
#166110
0"
#166120
b111 '
0)
1"
#166130
0"
#166140
b1000 '
1"
#166150
0"
#166160
b1001 '
1"
#166170
0"
#166180
b0 '
1"
#166190
0"
#166200
1&
1!
b1 '
1(
1"
1#
#166210
0"
#166220
0&
b10 '
1)
1"
#166230
0"
#166240
b11 '
1"
#166250
0"
#166260
b100 '
1"
#166270
0"
#166280
b101 '
1"
#166290
0"
#166300
0!
b110 '
0(
1"
0#
#166310
0"
#166320
b111 '
0)
1"
#166330
0"
#166340
b1000 '
1"
#166350
0"
#166360
b1001 '
1"
#166370
0"
#166380
b0 '
1"
#166390
0"
#166400
1&
1!
b1 '
1(
1"
1#
#166410
0"
#166420
0&
b10 '
1)
1"
#166430
0"
#166440
b11 '
1"
#166450
0"
#166460
b100 '
1"
#166470
0"
#166480
b101 '
1"
#166490
0"
#166500
0!
b110 '
0(
1"
0#
#166510
0"
#166520
b111 '
0)
1"
#166530
0"
#166540
b1000 '
1"
#166550
0"
#166560
b1001 '
1"
#166570
0"
#166580
b0 '
1"
#166590
0"
#166600
1&
1!
b1 '
1(
1"
1#
#166610
0"
#166620
0&
b10 '
1)
1"
#166630
0"
#166640
b11 '
1"
#166650
0"
#166660
b100 '
1"
#166670
0"
#166680
b101 '
1"
#166690
0"
#166700
0!
b110 '
0(
1"
0#
#166710
0"
#166720
b111 '
0)
1"
#166730
0"
#166740
b1000 '
1"
#166750
0"
#166760
b1001 '
1"
#166770
0"
#166780
b0 '
1"
#166790
0"
#166800
1&
1!
b1 '
1(
1"
1#
#166810
0"
#166820
0&
b10 '
1)
1"
#166830
0"
#166840
b11 '
1"
#166850
0"
#166860
b100 '
1"
#166870
0"
#166880
b101 '
1"
#166890
0"
#166900
0!
b110 '
0(
1"
0#
#166910
0"
#166920
b111 '
0)
1"
#166930
0"
#166940
b1000 '
1"
#166950
0"
#166960
b1001 '
1"
#166970
0"
#166980
b0 '
1"
#166990
0"
#167000
1&
1!
b1 '
1(
1"
1#
#167010
0"
#167020
0&
b10 '
1)
1"
#167030
0"
#167040
b11 '
1"
#167050
0"
#167060
b100 '
1"
#167070
0"
#167080
b101 '
1"
#167090
0"
#167100
0!
b110 '
0(
1"
0#
#167110
0"
#167120
b111 '
0)
1"
#167130
0"
#167140
b1000 '
1"
#167150
0"
#167160
b1001 '
1"
#167170
0"
#167180
b0 '
1"
#167190
0"
#167200
1&
1!
b1 '
1(
1"
1#
#167210
0"
#167220
0&
b10 '
1)
1"
#167230
0"
#167240
b11 '
1"
#167250
0"
#167260
b100 '
1"
#167270
0"
#167280
b101 '
1"
#167290
0"
#167300
0!
b110 '
0(
1"
0#
#167310
0"
#167320
b111 '
0)
1"
#167330
0"
#167340
b1000 '
1"
#167350
0"
#167360
b1001 '
1"
#167370
0"
#167380
b0 '
1"
#167390
0"
#167400
1&
1!
b1 '
1(
1"
1#
#167410
0"
#167420
0&
b10 '
1)
1"
#167430
0"
#167440
b11 '
1"
#167450
0"
#167460
b100 '
1"
#167470
0"
#167480
b101 '
1"
#167490
0"
#167500
0!
b110 '
0(
1"
0#
#167510
0"
#167520
b111 '
0)
1"
#167530
0"
#167540
b1000 '
1"
#167550
0"
#167560
b1001 '
1"
#167570
0"
#167580
b0 '
1"
#167590
0"
#167600
1&
1!
b1 '
1(
1"
1#
#167610
0"
#167620
0&
b10 '
1)
1"
#167630
0"
#167640
b11 '
1"
#167650
0"
#167660
b100 '
1"
#167670
0"
#167680
b101 '
1"
#167690
0"
#167700
0!
b110 '
0(
1"
0#
#167710
0"
#167720
b111 '
0)
1"
#167730
0"
#167740
b1000 '
1"
#167750
0"
#167760
b1001 '
1"
#167770
0"
#167780
b0 '
1"
#167790
0"
#167800
1&
1!
b1 '
1(
1"
1#
#167810
0"
#167820
0&
b10 '
1)
1"
#167830
0"
#167840
b11 '
1"
#167850
0"
#167860
b100 '
1"
#167870
0"
#167880
b101 '
1"
#167890
0"
#167900
0!
b110 '
0(
1"
0#
#167910
0"
#167920
b111 '
0)
1"
#167930
0"
#167940
b1000 '
1"
#167950
0"
#167960
b1001 '
1"
#167970
0"
#167980
b0 '
1"
#167990
0"
#168000
1&
1!
b1 '
1(
1"
1#
#168010
0"
#168020
0&
b10 '
1)
1"
#168030
0"
#168040
b11 '
1"
#168050
0"
#168060
b100 '
1"
#168070
0"
#168080
b101 '
1"
#168090
0"
#168100
0!
b110 '
0(
1"
0#
#168110
0"
#168120
b111 '
0)
1"
#168130
0"
#168140
b1000 '
1"
#168150
0"
#168160
b1001 '
1"
#168170
0"
#168180
b0 '
1"
#168190
0"
#168200
1&
1!
b1 '
1(
1"
1#
#168210
0"
#168220
0&
b10 '
1)
1"
#168230
0"
#168240
b11 '
1"
#168250
0"
#168260
b100 '
1"
#168270
0"
#168280
b101 '
1"
#168290
0"
#168300
0!
b110 '
0(
1"
0#
#168310
0"
#168320
b111 '
0)
1"
#168330
0"
#168340
b1000 '
1"
#168350
0"
#168360
b1001 '
1"
#168370
0"
#168380
b0 '
1"
#168390
0"
#168400
1&
1!
b1 '
1(
1"
1#
#168410
0"
#168420
0&
b10 '
1)
1"
#168430
0"
#168440
b11 '
1"
#168450
0"
#168460
b100 '
1"
#168470
0"
#168480
b101 '
1"
#168490
0"
#168500
0!
b110 '
0(
1"
0#
#168510
0"
#168520
b111 '
0)
1"
#168530
0"
#168540
b1000 '
1"
#168550
0"
#168560
b1001 '
1"
#168570
0"
#168580
b0 '
1"
#168590
0"
#168600
1&
1!
b1 '
1(
1"
1#
#168610
0"
#168620
0&
b10 '
1)
1"
#168630
0"
#168640
b11 '
1"
#168650
0"
#168660
b100 '
1"
#168670
0"
#168680
b101 '
1"
#168690
0"
#168700
0!
b110 '
0(
1"
0#
#168710
0"
#168720
b111 '
0)
1"
#168730
0"
#168740
b1000 '
1"
#168750
0"
#168760
b1001 '
1"
#168770
0"
#168780
b0 '
1"
#168790
0"
#168800
1&
1!
b1 '
1(
1"
1#
#168810
0"
#168820
0&
b10 '
1)
1"
#168830
0"
#168840
b11 '
1"
#168850
0"
#168860
b100 '
1"
#168870
0"
#168880
b101 '
1"
#168890
0"
#168900
0!
b110 '
0(
1"
0#
#168910
0"
#168920
b111 '
0)
1"
#168930
0"
#168940
b1000 '
1"
#168950
0"
#168960
b1001 '
1"
#168970
0"
#168980
b0 '
1"
#168990
0"
#169000
1&
1!
b1 '
1(
1"
1#
#169010
0"
#169020
0&
b10 '
1)
1"
#169030
0"
#169040
b11 '
1"
#169050
0"
#169060
b100 '
1"
#169070
0"
#169080
b101 '
1"
#169090
0"
#169100
0!
b110 '
0(
1"
0#
#169110
0"
#169120
b111 '
0)
1"
#169130
0"
#169140
b1000 '
1"
#169150
0"
#169160
b1001 '
1"
#169170
0"
#169180
b0 '
1"
#169190
0"
#169200
1&
1!
b1 '
1(
1"
1#
#169210
0"
#169220
0&
b10 '
1)
1"
#169230
0"
#169240
b11 '
1"
#169250
0"
#169260
b100 '
1"
#169270
0"
#169280
b101 '
1"
#169290
0"
#169300
0!
b110 '
0(
1"
0#
#169310
0"
#169320
b111 '
0)
1"
#169330
0"
#169340
b1000 '
1"
#169350
0"
#169360
b1001 '
1"
#169370
0"
#169380
b0 '
1"
#169390
0"
#169400
1&
1!
b1 '
1(
1"
1#
#169410
0"
#169420
0&
b10 '
1)
1"
#169430
0"
#169440
b11 '
1"
#169450
0"
#169460
b100 '
1"
#169470
0"
#169480
b101 '
1"
#169490
0"
#169500
0!
b110 '
0(
1"
0#
#169510
0"
#169520
b111 '
0)
1"
#169530
0"
#169540
b1000 '
1"
#169550
0"
#169560
b1001 '
1"
#169570
0"
#169580
b0 '
1"
#169590
0"
#169600
1&
1!
b1 '
1(
1"
1#
#169610
0"
#169620
0&
b10 '
1)
1"
#169630
0"
#169640
b11 '
1"
#169650
0"
#169660
b100 '
1"
#169670
0"
#169680
b101 '
1"
#169690
0"
#169700
0!
b110 '
0(
1"
0#
#169710
0"
#169720
b111 '
0)
1"
#169730
0"
#169740
b1000 '
1"
#169750
0"
#169760
b1001 '
1"
#169770
0"
#169780
b0 '
1"
#169790
0"
#169800
1&
1!
b1 '
1(
1"
1#
#169810
0"
#169820
0&
b10 '
1)
1"
#169830
0"
#169840
b11 '
1"
#169850
0"
#169860
b100 '
1"
#169870
0"
#169880
b101 '
1"
#169890
0"
#169900
0!
b110 '
0(
1"
0#
#169910
0"
#169920
b111 '
0)
1"
#169930
0"
#169940
b1000 '
1"
#169950
0"
#169960
b1001 '
1"
#169970
0"
#169980
b0 '
1"
#169990
0"
#170000
1&
1!
b1 '
1(
1"
1#
#170010
0"
#170020
0&
b10 '
1)
1"
#170030
0"
#170040
b11 '
1"
#170050
0"
#170060
b100 '
1"
#170070
0"
#170080
b101 '
1"
#170090
0"
#170100
0!
b110 '
0(
1"
0#
#170110
0"
#170120
b111 '
0)
1"
#170130
0"
#170140
b1000 '
1"
#170150
0"
#170160
b1001 '
1"
#170170
0"
#170180
b0 '
1"
#170190
0"
#170200
1&
1!
b1 '
1(
1"
1#
#170210
0"
#170220
0&
b10 '
1)
1"
#170230
0"
#170240
b11 '
1"
#170250
0"
#170260
b100 '
1"
#170270
0"
#170280
b101 '
1"
#170290
0"
#170300
0!
b110 '
0(
1"
0#
#170310
0"
#170320
b111 '
0)
1"
#170330
0"
#170340
b1000 '
1"
#170350
0"
#170360
b1001 '
1"
#170370
0"
#170380
b0 '
1"
#170390
0"
#170400
1&
1!
b1 '
1(
1"
1#
#170410
0"
#170420
0&
b10 '
1)
1"
#170430
0"
#170440
b11 '
1"
#170450
0"
#170460
b100 '
1"
#170470
0"
#170480
b101 '
1"
#170490
0"
#170500
0!
b110 '
0(
1"
0#
#170510
0"
#170520
b111 '
0)
1"
#170530
0"
#170540
b1000 '
1"
#170550
0"
#170560
b1001 '
1"
#170570
0"
#170580
b0 '
1"
#170590
0"
#170600
1&
1!
b1 '
1(
1"
1#
#170610
0"
#170620
0&
b10 '
1)
1"
#170630
0"
#170640
b11 '
1"
#170650
0"
#170660
b100 '
1"
#170670
0"
#170680
b101 '
1"
#170690
0"
#170700
0!
b110 '
0(
1"
0#
#170710
0"
#170720
b111 '
0)
1"
#170730
0"
#170740
b1000 '
1"
#170750
0"
#170760
b1001 '
1"
#170770
0"
#170780
b0 '
1"
#170790
0"
#170800
1&
1!
b1 '
1(
1"
1#
#170810
0"
#170820
0&
b10 '
1)
1"
#170830
0"
#170840
b11 '
1"
#170850
0"
#170860
b100 '
1"
#170870
0"
#170880
b101 '
1"
#170890
0"
#170900
0!
b110 '
0(
1"
0#
#170910
0"
#170920
b111 '
0)
1"
#170930
0"
#170940
b1000 '
1"
#170950
0"
#170960
b1001 '
1"
#170970
0"
#170980
b0 '
1"
#170990
0"
#171000
1&
1!
b1 '
1(
1"
1#
#171010
0"
#171020
0&
b10 '
1)
1"
#171030
0"
#171040
b11 '
1"
#171050
0"
#171060
b100 '
1"
#171070
0"
#171080
b101 '
1"
#171090
0"
#171100
0!
b110 '
0(
1"
0#
#171110
0"
#171120
b111 '
0)
1"
#171130
0"
#171140
b1000 '
1"
#171150
0"
#171160
b1001 '
1"
#171170
0"
#171180
b0 '
1"
#171190
0"
#171200
1&
1!
b1 '
1(
1"
1#
#171210
0"
#171220
0&
b10 '
1)
1"
#171230
0"
#171240
b11 '
1"
#171250
0"
#171260
b100 '
1"
#171270
0"
#171280
b101 '
1"
#171290
0"
#171300
0!
b110 '
0(
1"
0#
#171310
0"
#171320
b111 '
0)
1"
#171330
0"
#171340
b1000 '
1"
#171350
0"
#171360
b1001 '
1"
#171370
0"
#171380
b0 '
1"
#171390
0"
#171400
1&
1!
b1 '
1(
1"
1#
#171410
0"
#171420
0&
b10 '
1)
1"
#171430
0"
#171440
b11 '
1"
#171450
0"
#171460
b100 '
1"
#171470
0"
#171480
b101 '
1"
#171490
0"
#171500
0!
b110 '
0(
1"
0#
#171510
0"
#171520
b111 '
0)
1"
#171530
0"
#171540
b1000 '
1"
#171550
0"
#171560
b1001 '
1"
#171570
0"
#171580
b0 '
1"
#171590
0"
#171600
1&
1!
b1 '
1(
1"
1#
#171610
0"
#171620
0&
b10 '
1)
1"
#171630
0"
#171640
b11 '
1"
#171650
0"
#171660
b100 '
1"
#171670
0"
#171680
b101 '
1"
#171690
0"
#171700
0!
b110 '
0(
1"
0#
#171710
0"
#171720
b111 '
0)
1"
#171730
0"
#171740
b1000 '
1"
#171750
0"
#171760
b1001 '
1"
#171770
0"
#171780
b0 '
1"
#171790
0"
#171800
1&
1!
b1 '
1(
1"
1#
#171810
0"
#171820
0&
b10 '
1)
1"
#171830
0"
#171840
b11 '
1"
#171850
0"
#171860
b100 '
1"
#171870
0"
#171880
b101 '
1"
#171890
0"
#171900
0!
b110 '
0(
1"
0#
#171910
0"
#171920
b111 '
0)
1"
#171930
0"
#171940
b1000 '
1"
#171950
0"
#171960
b1001 '
1"
#171970
0"
#171980
b0 '
1"
#171990
0"
#172000
1&
1!
b1 '
1(
1"
1#
#172010
0"
#172020
0&
b10 '
1)
1"
#172030
0"
#172040
b11 '
1"
#172050
0"
#172060
b100 '
1"
#172070
0"
#172080
b101 '
1"
#172090
0"
#172100
0!
b110 '
0(
1"
0#
#172110
0"
#172120
b111 '
0)
1"
#172130
0"
#172140
b1000 '
1"
#172150
0"
#172160
b1001 '
1"
#172170
0"
#172180
b0 '
1"
#172190
0"
#172200
1&
1!
b1 '
1(
1"
1#
#172210
0"
#172220
0&
b10 '
1)
1"
#172230
0"
#172240
b11 '
1"
#172250
0"
#172260
b100 '
1"
#172270
0"
#172280
b101 '
1"
#172290
0"
#172300
0!
b110 '
0(
1"
0#
#172310
0"
#172320
b111 '
0)
1"
#172330
0"
#172340
b1000 '
1"
#172350
0"
#172360
b1001 '
1"
#172370
0"
#172380
b0 '
1"
#172390
0"
#172400
1&
1!
b1 '
1(
1"
1#
#172410
0"
#172420
0&
b10 '
1)
1"
#172430
0"
#172440
b11 '
1"
#172450
0"
#172460
b100 '
1"
#172470
0"
#172480
b101 '
1"
#172490
0"
#172500
0!
b110 '
0(
1"
0#
#172510
0"
#172520
b111 '
0)
1"
#172530
0"
#172540
b1000 '
1"
#172550
0"
#172560
b1001 '
1"
#172570
0"
#172580
b0 '
1"
#172590
0"
#172600
1&
1!
b1 '
1(
1"
1#
#172610
0"
#172620
0&
b10 '
1)
1"
#172630
0"
#172640
b11 '
1"
#172650
0"
#172660
b100 '
1"
#172670
0"
#172680
b101 '
1"
#172690
0"
#172700
0!
b110 '
0(
1"
0#
#172710
0"
#172720
b111 '
0)
1"
#172730
0"
#172740
b1000 '
1"
#172750
0"
#172760
b1001 '
1"
#172770
0"
#172780
b0 '
1"
#172790
0"
#172800
1&
1!
b1 '
1(
1"
1#
#172810
0"
#172820
0&
b10 '
1)
1"
#172830
0"
#172840
b11 '
1"
#172850
0"
#172860
b100 '
1"
#172870
0"
#172880
b101 '
1"
#172890
0"
#172900
0!
b110 '
0(
1"
0#
#172910
0"
#172920
b111 '
0)
1"
#172930
0"
#172940
b1000 '
1"
#172950
0"
#172960
b1001 '
1"
#172970
0"
#172980
b0 '
1"
#172990
0"
#173000
1&
1!
b1 '
1(
1"
1#
#173010
0"
#173020
0&
b10 '
1)
1"
#173030
0"
#173040
b11 '
1"
#173050
0"
#173060
b100 '
1"
#173070
0"
#173080
b101 '
1"
#173090
0"
#173100
0!
b110 '
0(
1"
0#
#173110
0"
#173120
b111 '
0)
1"
#173130
0"
#173140
b1000 '
1"
#173150
0"
#173160
b1001 '
1"
#173170
0"
#173180
b0 '
1"
#173190
0"
#173200
1&
1!
b1 '
1(
1"
1#
#173210
0"
#173220
0&
b10 '
1)
1"
#173230
0"
#173240
b11 '
1"
#173250
0"
#173260
b100 '
1"
#173270
0"
#173280
b101 '
1"
#173290
0"
#173300
0!
b110 '
0(
1"
0#
#173310
0"
#173320
b111 '
0)
1"
#173330
0"
#173340
b1000 '
1"
#173350
0"
#173360
b1001 '
1"
#173370
0"
#173380
b0 '
1"
#173390
0"
#173400
1&
1!
b1 '
1(
1"
1#
#173410
0"
#173420
0&
b10 '
1)
1"
#173430
0"
#173440
b11 '
1"
#173450
0"
#173460
b100 '
1"
#173470
0"
#173480
b101 '
1"
#173490
0"
#173500
0!
b110 '
0(
1"
0#
#173510
0"
#173520
b111 '
0)
1"
#173530
0"
#173540
b1000 '
1"
#173550
0"
#173560
b1001 '
1"
#173570
0"
#173580
b0 '
1"
#173590
0"
#173600
1&
1!
b1 '
1(
1"
1#
#173610
0"
#173620
0&
b10 '
1)
1"
#173630
0"
#173640
b11 '
1"
#173650
0"
#173660
b100 '
1"
#173670
0"
#173680
b101 '
1"
#173690
0"
#173700
0!
b110 '
0(
1"
0#
#173710
0"
#173720
b111 '
0)
1"
#173730
0"
#173740
b1000 '
1"
#173750
0"
#173760
b1001 '
1"
#173770
0"
#173780
b0 '
1"
#173790
0"
#173800
1&
1!
b1 '
1(
1"
1#
#173810
0"
#173820
0&
b10 '
1)
1"
#173830
0"
#173840
b11 '
1"
#173850
0"
#173860
b100 '
1"
#173870
0"
#173880
b101 '
1"
#173890
0"
#173900
0!
b110 '
0(
1"
0#
#173910
0"
#173920
b111 '
0)
1"
#173930
0"
#173940
b1000 '
1"
#173950
0"
#173960
b1001 '
1"
#173970
0"
#173980
b0 '
1"
#173990
0"
#174000
1&
1!
b1 '
1(
1"
1#
#174010
0"
#174020
0&
b10 '
1)
1"
#174030
0"
#174040
b11 '
1"
#174050
0"
#174060
b100 '
1"
#174070
0"
#174080
b101 '
1"
#174090
0"
#174100
0!
b110 '
0(
1"
0#
#174110
0"
#174120
b111 '
0)
1"
#174130
0"
#174140
b1000 '
1"
#174150
0"
#174160
b1001 '
1"
#174170
0"
#174180
b0 '
1"
#174190
0"
#174200
1&
1!
b1 '
1(
1"
1#
#174210
0"
#174220
0&
b10 '
1)
1"
#174230
0"
#174240
b11 '
1"
#174250
0"
#174260
b100 '
1"
#174270
0"
#174280
b101 '
1"
#174290
0"
#174300
0!
b110 '
0(
1"
0#
#174310
0"
#174320
b111 '
0)
1"
#174330
0"
#174340
b1000 '
1"
#174350
0"
#174360
b1001 '
1"
#174370
0"
#174380
b0 '
1"
#174390
0"
#174400
1&
1!
b1 '
1(
1"
1#
#174410
0"
#174420
0&
b10 '
1)
1"
#174430
0"
#174440
b11 '
1"
#174450
0"
#174460
b100 '
1"
#174470
0"
#174480
b101 '
1"
#174490
0"
#174500
0!
b110 '
0(
1"
0#
#174510
0"
#174520
b111 '
0)
1"
#174530
0"
#174540
b1000 '
1"
#174550
0"
#174560
b1001 '
1"
#174570
0"
#174580
b0 '
1"
#174590
0"
#174600
1&
1!
b1 '
1(
1"
1#
#174610
0"
#174620
0&
b10 '
1)
1"
#174630
0"
#174640
b11 '
1"
#174650
0"
#174660
b100 '
1"
#174670
0"
#174680
b101 '
1"
#174690
0"
#174700
0!
b110 '
0(
1"
0#
#174710
0"
#174720
b111 '
0)
1"
#174730
0"
#174740
b1000 '
1"
#174750
0"
#174760
b1001 '
1"
#174770
0"
#174780
b0 '
1"
#174790
0"
#174800
1&
1!
b1 '
1(
1"
1#
#174810
0"
#174820
0&
b10 '
1)
1"
#174830
0"
#174840
b11 '
1"
#174850
0"
#174860
b100 '
1"
#174870
0"
#174880
b101 '
1"
#174890
0"
#174900
0!
b110 '
0(
1"
0#
#174910
0"
#174920
b111 '
0)
1"
#174930
0"
#174940
b1000 '
1"
#174950
0"
#174960
b1001 '
1"
#174970
0"
#174980
b0 '
1"
#174990
0"
#175000
1&
1!
b1 '
1(
1"
1#
#175010
0"
#175020
0&
b10 '
1)
1"
#175030
0"
#175040
b11 '
1"
#175050
0"
#175060
b100 '
1"
#175070
0"
#175080
b101 '
1"
#175090
0"
#175100
0!
b110 '
0(
1"
0#
#175110
0"
#175120
b111 '
0)
1"
#175130
0"
#175140
b1000 '
1"
#175150
0"
#175160
b1001 '
1"
#175170
0"
#175180
b0 '
1"
#175190
0"
#175200
1&
1!
b1 '
1(
1"
1#
#175210
0"
#175220
0&
b10 '
1)
1"
#175230
0"
#175240
b11 '
1"
#175250
0"
#175260
b100 '
1"
#175270
0"
#175280
b101 '
1"
#175290
0"
#175300
0!
b110 '
0(
1"
0#
#175310
0"
#175320
b111 '
0)
1"
#175330
0"
#175340
b1000 '
1"
#175350
0"
#175360
b1001 '
1"
#175370
0"
#175380
b0 '
1"
#175390
0"
#175400
1&
1!
b1 '
1(
1"
1#
#175410
0"
#175420
0&
b10 '
1)
1"
#175430
0"
#175440
b11 '
1"
#175450
0"
#175460
b100 '
1"
#175470
0"
#175480
b101 '
1"
#175490
0"
#175500
0!
b110 '
0(
1"
0#
#175510
0"
#175520
b111 '
0)
1"
#175530
0"
#175540
b1000 '
1"
#175550
0"
#175560
b1001 '
1"
#175570
0"
#175580
b0 '
1"
#175590
0"
#175600
1&
1!
b1 '
1(
1"
1#
#175610
0"
#175620
0&
b10 '
1)
1"
#175630
0"
#175640
b11 '
1"
#175650
0"
#175660
b100 '
1"
#175670
0"
#175680
b101 '
1"
#175690
0"
#175700
0!
b110 '
0(
1"
0#
#175710
0"
#175720
b111 '
0)
1"
#175730
0"
#175740
b1000 '
1"
#175750
0"
#175760
b1001 '
1"
#175770
0"
#175780
b0 '
1"
#175790
0"
#175800
1&
1!
b1 '
1(
1"
1#
#175810
0"
#175820
0&
b10 '
1)
1"
#175830
0"
#175840
b11 '
1"
#175850
0"
#175860
b100 '
1"
#175870
0"
#175880
b101 '
1"
#175890
0"
#175900
0!
b110 '
0(
1"
0#
#175910
0"
#175920
b111 '
0)
1"
#175930
0"
#175940
b1000 '
1"
#175950
0"
#175960
b1001 '
1"
#175970
0"
#175980
b0 '
1"
#175990
0"
#176000
1&
1!
b1 '
1(
1"
1#
#176010
0"
#176020
0&
b10 '
1)
1"
#176030
0"
#176040
b11 '
1"
#176050
0"
#176060
b100 '
1"
#176070
0"
#176080
b101 '
1"
#176090
0"
#176100
0!
b110 '
0(
1"
0#
#176110
0"
#176120
b111 '
0)
1"
#176130
0"
#176140
b1000 '
1"
#176150
0"
#176160
b1001 '
1"
#176170
0"
#176180
b0 '
1"
#176190
0"
#176200
1&
1!
b1 '
1(
1"
1#
#176210
0"
#176220
0&
b10 '
1)
1"
#176230
0"
#176240
b11 '
1"
#176250
0"
#176260
b100 '
1"
#176270
0"
#176280
b101 '
1"
#176290
0"
#176300
0!
b110 '
0(
1"
0#
#176310
0"
#176320
b111 '
0)
1"
#176330
0"
#176340
b1000 '
1"
#176350
0"
#176360
b1001 '
1"
#176370
0"
#176380
b0 '
1"
#176390
0"
#176400
1&
1!
b1 '
1(
1"
1#
#176410
0"
#176420
0&
b10 '
1)
1"
#176430
0"
#176440
b11 '
1"
#176450
0"
#176460
b100 '
1"
#176470
0"
#176480
b101 '
1"
#176490
0"
#176500
0!
b110 '
0(
1"
0#
#176510
0"
#176520
b111 '
0)
1"
#176530
0"
#176540
b1000 '
1"
#176550
0"
#176560
b1001 '
1"
#176570
0"
#176580
b0 '
1"
#176590
0"
#176600
1&
1!
b1 '
1(
1"
1#
#176610
0"
#176620
0&
b10 '
1)
1"
#176630
0"
#176640
b11 '
1"
#176650
0"
#176660
b100 '
1"
#176670
0"
#176680
b101 '
1"
#176690
0"
#176700
0!
b110 '
0(
1"
0#
#176710
0"
#176720
b111 '
0)
1"
#176730
0"
#176740
b1000 '
1"
#176750
0"
#176760
b1001 '
1"
#176770
0"
#176780
b0 '
1"
#176790
0"
#176800
1&
1!
b1 '
1(
1"
1#
#176810
0"
#176820
0&
b10 '
1)
1"
#176830
0"
#176840
b11 '
1"
#176850
0"
#176860
b100 '
1"
#176870
0"
#176880
b101 '
1"
#176890
0"
#176900
0!
b110 '
0(
1"
0#
#176910
0"
#176920
b111 '
0)
1"
#176930
0"
#176940
b1000 '
1"
#176950
0"
#176960
b1001 '
1"
#176970
0"
#176980
b0 '
1"
#176990
0"
#177000
1&
1!
b1 '
1(
1"
1#
#177010
0"
#177020
0&
b10 '
1)
1"
#177030
0"
#177040
b11 '
1"
#177050
0"
#177060
b100 '
1"
#177070
0"
#177080
b101 '
1"
#177090
0"
#177100
0!
b110 '
0(
1"
0#
#177110
0"
#177120
b111 '
0)
1"
#177130
0"
#177140
b1000 '
1"
#177150
0"
#177160
b1001 '
1"
#177170
0"
#177180
b0 '
1"
#177190
0"
#177200
1&
1!
b1 '
1(
1"
1#
#177210
0"
#177220
0&
b10 '
1)
1"
#177230
0"
#177240
b11 '
1"
#177250
0"
#177260
b100 '
1"
#177270
0"
#177280
b101 '
1"
#177290
0"
#177300
0!
b110 '
0(
1"
0#
#177310
0"
#177320
b111 '
0)
1"
#177330
0"
#177340
b1000 '
1"
#177350
0"
#177360
b1001 '
1"
#177370
0"
#177380
b0 '
1"
#177390
0"
#177400
1&
1!
b1 '
1(
1"
1#
#177410
0"
#177420
0&
b10 '
1)
1"
#177430
0"
#177440
b11 '
1"
#177450
0"
#177460
b100 '
1"
#177470
0"
#177480
b101 '
1"
#177490
0"
#177500
0!
b110 '
0(
1"
0#
#177510
0"
#177520
b111 '
0)
1"
#177530
0"
#177540
b1000 '
1"
#177550
0"
#177560
b1001 '
1"
#177570
0"
#177580
b0 '
1"
#177590
0"
#177600
1&
1!
b1 '
1(
1"
1#
#177610
0"
#177620
0&
b10 '
1)
1"
#177630
0"
#177640
b11 '
1"
#177650
0"
#177660
b100 '
1"
#177670
0"
#177680
b101 '
1"
#177690
0"
#177700
0!
b110 '
0(
1"
0#
#177710
0"
#177720
b111 '
0)
1"
#177730
0"
#177740
b1000 '
1"
#177750
0"
#177760
b1001 '
1"
#177770
0"
#177780
b0 '
1"
#177790
0"
#177800
1&
1!
b1 '
1(
1"
1#
#177810
0"
#177820
0&
b10 '
1)
1"
#177830
0"
#177840
b11 '
1"
#177850
0"
#177860
b100 '
1"
#177870
0"
#177880
b101 '
1"
#177890
0"
#177900
0!
b110 '
0(
1"
0#
#177910
0"
#177920
b111 '
0)
1"
#177930
0"
#177940
b1000 '
1"
#177950
0"
#177960
b1001 '
1"
#177970
0"
#177980
b0 '
1"
#177990
0"
#178000
1&
1!
b1 '
1(
1"
1#
#178010
0"
#178020
0&
b10 '
1)
1"
#178030
0"
#178040
b11 '
1"
#178050
0"
#178060
b100 '
1"
#178070
0"
#178080
b101 '
1"
#178090
0"
#178100
0!
b110 '
0(
1"
0#
#178110
0"
#178120
b111 '
0)
1"
#178130
0"
#178140
b1000 '
1"
#178150
0"
#178160
b1001 '
1"
#178170
0"
#178180
b0 '
1"
#178190
0"
#178200
1&
1!
b1 '
1(
1"
1#
#178210
0"
#178220
0&
b10 '
1)
1"
#178230
0"
#178240
b11 '
1"
#178250
0"
#178260
b100 '
1"
#178270
0"
#178280
b101 '
1"
#178290
0"
#178300
0!
b110 '
0(
1"
0#
#178310
0"
#178320
b111 '
0)
1"
#178330
0"
#178340
b1000 '
1"
#178350
0"
#178360
b1001 '
1"
#178370
0"
#178380
b0 '
1"
#178390
0"
#178400
1&
1!
b1 '
1(
1"
1#
#178410
0"
#178420
0&
b10 '
1)
1"
#178430
0"
#178440
b11 '
1"
#178450
0"
#178460
b100 '
1"
#178470
0"
#178480
b101 '
1"
#178490
0"
#178500
0!
b110 '
0(
1"
0#
#178510
0"
#178520
b111 '
0)
1"
#178530
0"
#178540
b1000 '
1"
#178550
0"
#178560
b1001 '
1"
#178570
0"
#178580
b0 '
1"
#178590
0"
#178600
1&
1!
b1 '
1(
1"
1#
#178610
0"
#178620
0&
b10 '
1)
1"
#178630
0"
#178640
b11 '
1"
#178650
0"
#178660
b100 '
1"
#178670
0"
#178680
b101 '
1"
#178690
0"
#178700
0!
b110 '
0(
1"
0#
#178710
0"
#178720
b111 '
0)
1"
#178730
0"
#178740
b1000 '
1"
#178750
0"
#178760
b1001 '
1"
#178770
0"
#178780
b0 '
1"
#178790
0"
#178800
1&
1!
b1 '
1(
1"
1#
#178810
0"
#178820
0&
b10 '
1)
1"
#178830
0"
#178840
b11 '
1"
#178850
0"
#178860
b100 '
1"
#178870
0"
#178880
b101 '
1"
#178890
0"
#178900
0!
b110 '
0(
1"
0#
#178910
0"
#178920
b111 '
0)
1"
#178930
0"
#178940
b1000 '
1"
#178950
0"
#178960
b1001 '
1"
#178970
0"
#178980
b0 '
1"
#178990
0"
#179000
1&
1!
b1 '
1(
1"
1#
#179010
0"
#179020
0&
b10 '
1)
1"
#179030
0"
#179040
b11 '
1"
#179050
0"
#179060
b100 '
1"
#179070
0"
#179080
b101 '
1"
#179090
0"
#179100
0!
b110 '
0(
1"
0#
#179110
0"
#179120
b111 '
0)
1"
#179130
0"
#179140
b1000 '
1"
#179150
0"
#179160
b1001 '
1"
#179170
0"
#179180
b0 '
1"
#179190
0"
#179200
1&
1!
b1 '
1(
1"
1#
#179210
0"
#179220
0&
b10 '
1)
1"
#179230
0"
#179240
b11 '
1"
#179250
0"
#179260
b100 '
1"
#179270
0"
#179280
b101 '
1"
#179290
0"
#179300
0!
b110 '
0(
1"
0#
#179310
0"
#179320
b111 '
0)
1"
#179330
0"
#179340
b1000 '
1"
#179350
0"
#179360
b1001 '
1"
#179370
0"
#179380
b0 '
1"
#179390
0"
#179400
1&
1!
b1 '
1(
1"
1#
#179410
0"
#179420
0&
b10 '
1)
1"
#179430
0"
#179440
b11 '
1"
#179450
0"
#179460
b100 '
1"
#179470
0"
#179480
b101 '
1"
#179490
0"
#179500
0!
b110 '
0(
1"
0#
#179510
0"
#179520
b111 '
0)
1"
#179530
0"
#179540
b1000 '
1"
#179550
0"
#179560
b1001 '
1"
#179570
0"
#179580
b0 '
1"
#179590
0"
#179600
1&
1!
b1 '
1(
1"
1#
#179610
0"
#179620
0&
b10 '
1)
1"
#179630
0"
#179640
b11 '
1"
#179650
0"
#179660
b100 '
1"
#179670
0"
#179680
b101 '
1"
#179690
0"
#179700
0!
b110 '
0(
1"
0#
#179710
0"
#179720
b111 '
0)
1"
#179730
0"
#179740
b1000 '
1"
#179750
0"
#179760
b1001 '
1"
#179770
0"
#179780
b0 '
1"
#179790
0"
#179800
1&
1!
b1 '
1(
1"
1#
#179810
0"
#179820
0&
b10 '
1)
1"
#179830
0"
#179840
b11 '
1"
#179850
0"
#179860
b100 '
1"
#179870
0"
#179880
b101 '
1"
#179890
0"
#179900
0!
b110 '
0(
1"
0#
#179910
0"
#179920
b111 '
0)
1"
#179930
0"
#179940
b1000 '
1"
#179950
0"
#179960
b1001 '
1"
#179970
0"
#179980
b0 '
1"
#179990
0"
#180000
1&
1!
b1 '
1(
1"
1#
#180010
0"
#180020
0&
b10 '
1)
1"
#180030
0"
#180040
b11 '
1"
#180050
0"
#180060
b100 '
1"
#180070
0"
#180080
b101 '
1"
#180090
0"
#180100
0!
b110 '
0(
1"
0#
#180110
0"
#180120
b111 '
0)
1"
#180130
0"
#180140
b1000 '
1"
#180150
0"
#180160
b1001 '
1"
#180170
0"
#180180
b0 '
1"
#180190
0"
#180200
1&
1!
b1 '
1(
1"
1#
#180210
0"
#180220
0&
b10 '
1)
1"
#180230
0"
#180240
b11 '
1"
#180250
0"
#180260
b100 '
1"
#180270
0"
#180280
b101 '
1"
#180290
0"
#180300
0!
b110 '
0(
1"
0#
#180310
0"
#180320
b111 '
0)
1"
#180330
0"
#180340
b1000 '
1"
#180350
0"
#180360
b1001 '
1"
#180370
0"
#180380
b0 '
1"
#180390
0"
#180400
1&
1!
b1 '
1(
1"
1#
#180410
0"
#180420
0&
b10 '
1)
1"
#180430
0"
#180440
b11 '
1"
#180450
0"
#180460
b100 '
1"
#180470
0"
#180480
b101 '
1"
#180490
0"
#180500
0!
b110 '
0(
1"
0#
#180510
0"
#180520
b111 '
0)
1"
#180530
0"
#180540
b1000 '
1"
#180550
0"
#180560
b1001 '
1"
#180570
0"
#180580
b0 '
1"
#180590
0"
#180600
1&
1!
b1 '
1(
1"
1#
#180610
0"
#180620
0&
b10 '
1)
1"
#180630
0"
#180640
b11 '
1"
#180650
0"
#180660
b100 '
1"
#180670
0"
#180680
b101 '
1"
#180690
0"
#180700
0!
b110 '
0(
1"
0#
#180710
0"
#180720
b111 '
0)
1"
#180730
0"
#180740
b1000 '
1"
#180750
0"
#180760
b1001 '
1"
#180770
0"
#180780
b0 '
1"
#180790
0"
#180800
1&
1!
b1 '
1(
1"
1#
#180810
0"
#180820
0&
b10 '
1)
1"
#180830
0"
#180840
b11 '
1"
#180850
0"
#180860
b100 '
1"
#180870
0"
#180880
b101 '
1"
#180890
0"
#180900
0!
b110 '
0(
1"
0#
#180910
0"
#180920
b111 '
0)
1"
#180930
0"
#180940
b1000 '
1"
#180950
0"
#180960
b1001 '
1"
#180970
0"
#180980
b0 '
1"
#180990
0"
#181000
1&
1!
b1 '
1(
1"
1#
#181010
0"
#181020
0&
b10 '
1)
1"
#181030
0"
#181040
b11 '
1"
#181050
0"
#181060
b100 '
1"
#181070
0"
#181080
b101 '
1"
#181090
0"
#181100
0!
b110 '
0(
1"
0#
#181110
0"
#181120
b111 '
0)
1"
#181130
0"
#181140
b1000 '
1"
#181150
0"
#181160
b1001 '
1"
#181170
0"
#181180
b0 '
1"
#181190
0"
#181200
1&
1!
b1 '
1(
1"
1#
#181210
0"
#181220
0&
b10 '
1)
1"
#181230
0"
#181240
b11 '
1"
#181250
0"
#181260
b100 '
1"
#181270
0"
#181280
b101 '
1"
#181290
0"
#181300
0!
b110 '
0(
1"
0#
#181310
0"
#181320
b111 '
0)
1"
#181330
0"
#181340
b1000 '
1"
#181350
0"
#181360
b1001 '
1"
#181370
0"
#181380
b0 '
1"
#181390
0"
#181400
1&
1!
b1 '
1(
1"
1#
#181410
0"
#181420
0&
b10 '
1)
1"
#181430
0"
#181440
b11 '
1"
#181450
0"
#181460
b100 '
1"
#181470
0"
#181480
b101 '
1"
#181490
0"
#181500
0!
b110 '
0(
1"
0#
#181510
0"
#181520
b111 '
0)
1"
#181530
0"
#181540
b1000 '
1"
#181550
0"
#181560
b1001 '
1"
#181570
0"
#181580
b0 '
1"
#181590
0"
#181600
1&
1!
b1 '
1(
1"
1#
#181610
0"
#181620
0&
b10 '
1)
1"
#181630
0"
#181640
b11 '
1"
#181650
0"
#181660
b100 '
1"
#181670
0"
#181680
b101 '
1"
#181690
0"
#181700
0!
b110 '
0(
1"
0#
#181710
0"
#181720
b111 '
0)
1"
#181730
0"
#181740
b1000 '
1"
#181750
0"
#181760
b1001 '
1"
#181770
0"
#181780
b0 '
1"
#181790
0"
#181800
1&
1!
b1 '
1(
1"
1#
#181810
0"
#181820
0&
b10 '
1)
1"
#181830
0"
#181840
b11 '
1"
#181850
0"
#181860
b100 '
1"
#181870
0"
#181880
b101 '
1"
#181890
0"
#181900
0!
b110 '
0(
1"
0#
#181910
0"
#181920
b111 '
0)
1"
#181930
0"
#181940
b1000 '
1"
#181950
0"
#181960
b1001 '
1"
#181970
0"
#181980
b0 '
1"
#181990
0"
#182000
1&
1!
b1 '
1(
1"
1#
#182010
0"
#182020
0&
b10 '
1)
1"
#182030
0"
#182040
b11 '
1"
#182050
0"
#182060
b100 '
1"
#182070
0"
#182080
b101 '
1"
#182090
0"
#182100
0!
b110 '
0(
1"
0#
#182110
0"
#182120
b111 '
0)
1"
#182130
0"
#182140
b1000 '
1"
#182150
0"
#182160
b1001 '
1"
#182170
0"
#182180
b0 '
1"
#182190
0"
#182200
1&
1!
b1 '
1(
1"
1#
#182210
0"
#182220
0&
b10 '
1)
1"
#182230
0"
#182240
b11 '
1"
#182250
0"
#182260
b100 '
1"
#182270
0"
#182280
b101 '
1"
#182290
0"
#182300
0!
b110 '
0(
1"
0#
#182310
0"
#182320
b111 '
0)
1"
#182330
0"
#182340
b1000 '
1"
#182350
0"
#182360
b1001 '
1"
#182370
0"
#182380
b0 '
1"
#182390
0"
#182400
1&
1!
b1 '
1(
1"
1#
#182410
0"
#182420
0&
b10 '
1)
1"
#182430
0"
#182440
b11 '
1"
#182450
0"
#182460
b100 '
1"
#182470
0"
#182480
b101 '
1"
#182490
0"
#182500
0!
b110 '
0(
1"
0#
#182510
0"
#182520
b111 '
0)
1"
#182530
0"
#182540
b1000 '
1"
#182550
0"
#182560
b1001 '
1"
#182570
0"
#182580
b0 '
1"
#182590
0"
#182600
1&
1!
b1 '
1(
1"
1#
#182610
0"
#182620
0&
b10 '
1)
1"
#182630
0"
#182640
b11 '
1"
#182650
0"
#182660
b100 '
1"
#182670
0"
#182680
b101 '
1"
#182690
0"
#182700
0!
b110 '
0(
1"
0#
#182710
0"
#182720
b111 '
0)
1"
#182730
0"
#182740
b1000 '
1"
#182750
0"
#182760
b1001 '
1"
#182770
0"
#182780
b0 '
1"
#182790
0"
#182800
1&
1!
b1 '
1(
1"
1#
#182810
0"
#182820
0&
b10 '
1)
1"
#182830
0"
#182840
b11 '
1"
#182850
0"
#182860
b100 '
1"
#182870
0"
#182880
b101 '
1"
#182890
0"
#182900
0!
b110 '
0(
1"
0#
#182910
0"
#182920
b111 '
0)
1"
#182930
0"
#182940
b1000 '
1"
#182950
0"
#182960
b1001 '
1"
#182970
0"
#182980
b0 '
1"
#182990
0"
#183000
1&
1!
b1 '
1(
1"
1#
#183010
0"
#183020
0&
b10 '
1)
1"
#183030
0"
#183040
b11 '
1"
#183050
0"
#183060
b100 '
1"
#183070
0"
#183080
b101 '
1"
#183090
0"
#183100
0!
b110 '
0(
1"
0#
#183110
0"
#183120
b111 '
0)
1"
#183130
0"
#183140
b1000 '
1"
#183150
0"
#183160
b1001 '
1"
#183170
0"
#183180
b0 '
1"
#183190
0"
#183200
1&
1!
b1 '
1(
1"
1#
#183210
0"
#183220
0&
b10 '
1)
1"
#183230
0"
#183240
b11 '
1"
#183250
0"
#183260
b100 '
1"
#183270
0"
#183280
b101 '
1"
#183290
0"
#183300
0!
b110 '
0(
1"
0#
#183310
0"
#183320
b111 '
0)
1"
#183330
0"
#183340
b1000 '
1"
#183350
0"
#183360
b1001 '
1"
#183370
0"
#183380
b0 '
1"
#183390
0"
#183400
1&
1!
b1 '
1(
1"
1#
#183410
0"
#183420
0&
b10 '
1)
1"
#183430
0"
#183440
b11 '
1"
#183450
0"
#183460
b100 '
1"
#183470
0"
#183480
b101 '
1"
#183490
0"
#183500
0!
b110 '
0(
1"
0#
#183510
0"
#183520
b111 '
0)
1"
#183530
0"
#183540
b1000 '
1"
#183550
0"
#183560
b1001 '
1"
#183570
0"
#183580
b0 '
1"
#183590
0"
#183600
1&
1!
b1 '
1(
1"
1#
#183610
0"
#183620
0&
b10 '
1)
1"
#183630
0"
#183640
b11 '
1"
#183650
0"
#183660
b100 '
1"
#183670
0"
#183680
b101 '
1"
#183690
0"
#183700
0!
b110 '
0(
1"
0#
#183710
0"
#183720
b111 '
0)
1"
#183730
0"
#183740
b1000 '
1"
#183750
0"
#183760
b1001 '
1"
#183770
0"
#183780
b0 '
1"
#183790
0"
#183800
1&
1!
b1 '
1(
1"
1#
#183810
0"
#183820
0&
b10 '
1)
1"
#183830
0"
#183840
b11 '
1"
#183850
0"
#183860
b100 '
1"
#183870
0"
#183880
b101 '
1"
#183890
0"
#183900
0!
b110 '
0(
1"
0#
#183910
0"
#183920
b111 '
0)
1"
#183930
0"
#183940
b1000 '
1"
#183950
0"
#183960
b1001 '
1"
#183970
0"
#183980
b0 '
1"
#183990
0"
#184000
1&
1!
b1 '
1(
1"
1#
#184010
0"
#184020
0&
b10 '
1)
1"
#184030
0"
#184040
b11 '
1"
#184050
0"
#184060
b100 '
1"
#184070
0"
#184080
b101 '
1"
#184090
0"
#184100
0!
b110 '
0(
1"
0#
#184110
0"
#184120
b111 '
0)
1"
#184130
0"
#184140
b1000 '
1"
#184150
0"
#184160
b1001 '
1"
#184170
0"
#184180
b0 '
1"
#184190
0"
#184200
1&
1!
b1 '
1(
1"
1#
#184210
0"
#184220
0&
b10 '
1)
1"
#184230
0"
#184240
b11 '
1"
#184250
0"
#184260
b100 '
1"
#184270
0"
#184280
b101 '
1"
#184290
0"
#184300
0!
b110 '
0(
1"
0#
#184310
0"
#184320
b111 '
0)
1"
#184330
0"
#184340
b1000 '
1"
#184350
0"
#184360
b1001 '
1"
#184370
0"
#184380
b0 '
1"
#184390
0"
#184400
1&
1!
b1 '
1(
1"
1#
#184410
0"
#184420
0&
b10 '
1)
1"
#184430
0"
#184440
b11 '
1"
#184450
0"
#184460
b100 '
1"
#184470
0"
#184480
b101 '
1"
#184490
0"
#184500
0!
b110 '
0(
1"
0#
#184510
0"
#184520
b111 '
0)
1"
#184530
0"
#184540
b1000 '
1"
#184550
0"
#184560
b1001 '
1"
#184570
0"
#184580
b0 '
1"
#184590
0"
#184600
1&
1!
b1 '
1(
1"
1#
#184610
0"
#184620
0&
b10 '
1)
1"
#184630
0"
#184640
b11 '
1"
#184650
0"
#184660
b100 '
1"
#184670
0"
#184680
b101 '
1"
#184690
0"
#184700
0!
b110 '
0(
1"
0#
#184710
0"
#184720
b111 '
0)
1"
#184730
0"
#184740
b1000 '
1"
#184750
0"
#184760
b1001 '
1"
#184770
0"
#184780
b0 '
1"
#184790
0"
#184800
1&
1!
b1 '
1(
1"
1#
#184810
0"
#184820
0&
b10 '
1)
1"
#184830
0"
#184840
b11 '
1"
#184850
0"
#184860
b100 '
1"
#184870
0"
#184880
b101 '
1"
#184890
0"
#184900
0!
b110 '
0(
1"
0#
#184910
0"
#184920
b111 '
0)
1"
#184930
0"
#184940
b1000 '
1"
#184950
0"
#184960
b1001 '
1"
#184970
0"
#184980
b0 '
1"
#184990
0"
#185000
1&
1!
b1 '
1(
1"
1#
#185010
0"
#185020
0&
b10 '
1)
1"
#185030
0"
#185040
b11 '
1"
#185050
0"
#185060
b100 '
1"
#185070
0"
#185080
b101 '
1"
#185090
0"
#185100
0!
b110 '
0(
1"
0#
#185110
0"
#185120
b111 '
0)
1"
#185130
0"
#185140
b1000 '
1"
#185150
0"
#185160
b1001 '
1"
#185170
0"
#185180
b0 '
1"
#185190
0"
#185200
1&
1!
b1 '
1(
1"
1#
#185210
0"
#185220
0&
b10 '
1)
1"
#185230
0"
#185240
b11 '
1"
#185250
0"
#185260
b100 '
1"
#185270
0"
#185280
b101 '
1"
#185290
0"
#185300
0!
b110 '
0(
1"
0#
#185310
0"
#185320
b111 '
0)
1"
#185330
0"
#185340
b1000 '
1"
#185350
0"
#185360
b1001 '
1"
#185370
0"
#185380
b0 '
1"
#185390
0"
#185400
1&
1!
b1 '
1(
1"
1#
#185410
0"
#185420
0&
b10 '
1)
1"
#185430
0"
#185440
b11 '
1"
#185450
0"
#185460
b100 '
1"
#185470
0"
#185480
b101 '
1"
#185490
0"
#185500
0!
b110 '
0(
1"
0#
#185510
0"
#185520
b111 '
0)
1"
#185530
0"
#185540
b1000 '
1"
#185550
0"
#185560
b1001 '
1"
#185570
0"
#185580
b0 '
1"
#185590
0"
#185600
1&
1!
b1 '
1(
1"
1#
#185610
0"
#185620
0&
b10 '
1)
1"
#185630
0"
#185640
b11 '
1"
#185650
0"
#185660
b100 '
1"
#185670
0"
#185680
b101 '
1"
#185690
0"
#185700
0!
b110 '
0(
1"
0#
#185710
0"
#185720
b111 '
0)
1"
#185730
0"
#185740
b1000 '
1"
#185750
0"
#185760
b1001 '
1"
#185770
0"
#185780
b0 '
1"
#185790
0"
#185800
1&
1!
b1 '
1(
1"
1#
#185810
0"
#185820
0&
b10 '
1)
1"
#185830
0"
#185840
b11 '
1"
#185850
0"
#185860
b100 '
1"
#185870
0"
#185880
b101 '
1"
#185890
0"
#185900
0!
b110 '
0(
1"
0#
#185910
0"
#185920
b111 '
0)
1"
#185930
0"
#185940
b1000 '
1"
#185950
0"
#185960
b1001 '
1"
#185970
0"
#185980
b0 '
1"
#185990
0"
#186000
1&
1!
b1 '
1(
1"
1#
#186010
0"
#186020
0&
b10 '
1)
1"
#186030
0"
#186040
b11 '
1"
#186050
0"
#186060
b100 '
1"
#186070
0"
#186080
b101 '
1"
#186090
0"
#186100
0!
b110 '
0(
1"
0#
#186110
0"
#186120
b111 '
0)
1"
#186130
0"
#186140
b1000 '
1"
#186150
0"
#186160
b1001 '
1"
#186170
0"
#186180
b0 '
1"
#186190
0"
#186200
1&
1!
b1 '
1(
1"
1#
#186210
0"
#186220
0&
b10 '
1)
1"
#186230
0"
#186240
b11 '
1"
#186250
0"
#186260
b100 '
1"
#186270
0"
#186280
b101 '
1"
#186290
0"
#186300
0!
b110 '
0(
1"
0#
#186310
0"
#186320
b111 '
0)
1"
#186330
0"
#186340
b1000 '
1"
#186350
0"
#186360
b1001 '
1"
#186370
0"
#186380
b0 '
1"
#186390
0"
#186400
1&
1!
b1 '
1(
1"
1#
#186410
0"
#186420
0&
b10 '
1)
1"
#186430
0"
#186440
b11 '
1"
#186450
0"
#186460
b100 '
1"
#186470
0"
#186480
b101 '
1"
#186490
0"
#186500
0!
b110 '
0(
1"
0#
#186510
0"
#186520
b111 '
0)
1"
#186530
0"
#186540
b1000 '
1"
#186550
0"
#186560
b1001 '
1"
#186570
0"
#186580
b0 '
1"
#186590
0"
#186600
1&
1!
b1 '
1(
1"
1#
#186610
0"
#186620
0&
b10 '
1)
1"
#186630
0"
#186640
b11 '
1"
#186650
0"
#186660
b100 '
1"
#186670
0"
#186680
b101 '
1"
#186690
0"
#186700
0!
b110 '
0(
1"
0#
#186710
0"
#186720
b111 '
0)
1"
#186730
0"
#186740
b1000 '
1"
#186750
0"
#186760
b1001 '
1"
#186770
0"
#186780
b0 '
1"
#186790
0"
#186800
1&
1!
b1 '
1(
1"
1#
#186810
0"
#186820
0&
b10 '
1)
1"
#186830
0"
#186840
b11 '
1"
#186850
0"
#186860
b100 '
1"
#186870
0"
#186880
b101 '
1"
#186890
0"
#186900
0!
b110 '
0(
1"
0#
#186910
0"
#186920
b111 '
0)
1"
#186930
0"
#186940
b1000 '
1"
#186950
0"
#186960
b1001 '
1"
#186970
0"
#186980
b0 '
1"
#186990
0"
#187000
1&
1!
b1 '
1(
1"
1#
#187010
0"
#187020
0&
b10 '
1)
1"
#187030
0"
#187040
b11 '
1"
#187050
0"
#187060
b100 '
1"
#187070
0"
#187080
b101 '
1"
#187090
0"
#187100
0!
b110 '
0(
1"
0#
#187110
0"
#187120
b111 '
0)
1"
#187130
0"
#187140
b1000 '
1"
#187150
0"
#187160
b1001 '
1"
#187170
0"
#187180
b0 '
1"
#187190
0"
#187200
1&
1!
b1 '
1(
1"
1#
#187210
0"
#187220
0&
b10 '
1)
1"
#187230
0"
#187240
b11 '
1"
#187250
0"
#187260
b100 '
1"
#187270
0"
#187280
b101 '
1"
#187290
0"
#187300
0!
b110 '
0(
1"
0#
#187310
0"
#187320
b111 '
0)
1"
#187330
0"
#187340
b1000 '
1"
#187350
0"
#187360
b1001 '
1"
#187370
0"
#187380
b0 '
1"
#187390
0"
#187400
1&
1!
b1 '
1(
1"
1#
#187410
0"
#187420
0&
b10 '
1)
1"
#187430
0"
#187440
b11 '
1"
#187450
0"
#187460
b100 '
1"
#187470
0"
#187480
b101 '
1"
#187490
0"
#187500
0!
b110 '
0(
1"
0#
#187510
0"
#187520
b111 '
0)
1"
#187530
0"
#187540
b1000 '
1"
#187550
0"
#187560
b1001 '
1"
#187570
0"
#187580
b0 '
1"
#187590
0"
#187600
1&
1!
b1 '
1(
1"
1#
#187610
0"
#187620
0&
b10 '
1)
1"
#187630
0"
#187640
b11 '
1"
#187650
0"
#187660
b100 '
1"
#187670
0"
#187680
b101 '
1"
#187690
0"
#187700
0!
b110 '
0(
1"
0#
#187710
0"
#187720
b111 '
0)
1"
#187730
0"
#187740
b1000 '
1"
#187750
0"
#187760
b1001 '
1"
#187770
0"
#187780
b0 '
1"
#187790
0"
#187800
1&
1!
b1 '
1(
1"
1#
#187810
0"
#187820
0&
b10 '
1)
1"
#187830
0"
#187840
b11 '
1"
#187850
0"
#187860
b100 '
1"
#187870
0"
#187880
b101 '
1"
#187890
0"
#187900
0!
b110 '
0(
1"
0#
#187910
0"
#187920
b111 '
0)
1"
#187930
0"
#187940
b1000 '
1"
#187950
0"
#187960
b1001 '
1"
#187970
0"
#187980
b0 '
1"
#187990
0"
#188000
1&
1!
b1 '
1(
1"
1#
#188010
0"
#188020
0&
b10 '
1)
1"
#188030
0"
#188040
b11 '
1"
#188050
0"
#188060
b100 '
1"
#188070
0"
#188080
b101 '
1"
#188090
0"
#188100
0!
b110 '
0(
1"
0#
#188110
0"
#188120
b111 '
0)
1"
#188130
0"
#188140
b1000 '
1"
#188150
0"
#188160
b1001 '
1"
#188170
0"
#188180
b0 '
1"
#188190
0"
#188200
1&
1!
b1 '
1(
1"
1#
#188210
0"
#188220
0&
b10 '
1)
1"
#188230
0"
#188240
b11 '
1"
#188250
0"
#188260
b100 '
1"
#188270
0"
#188280
b101 '
1"
#188290
0"
#188300
0!
b110 '
0(
1"
0#
#188310
0"
#188320
b111 '
0)
1"
#188330
0"
#188340
b1000 '
1"
#188350
0"
#188360
b1001 '
1"
#188370
0"
#188380
b0 '
1"
#188390
0"
#188400
1&
1!
b1 '
1(
1"
1#
#188410
0"
#188420
0&
b10 '
1)
1"
#188430
0"
#188440
b11 '
1"
#188450
0"
#188460
b100 '
1"
#188470
0"
#188480
b101 '
1"
#188490
0"
#188500
0!
b110 '
0(
1"
0#
#188510
0"
#188520
b111 '
0)
1"
#188530
0"
#188540
b1000 '
1"
#188550
0"
#188560
b1001 '
1"
#188570
0"
#188580
b0 '
1"
#188590
0"
#188600
1&
1!
b1 '
1(
1"
1#
#188610
0"
#188620
0&
b10 '
1)
1"
#188630
0"
#188640
b11 '
1"
#188650
0"
#188660
b100 '
1"
#188670
0"
#188680
b101 '
1"
#188690
0"
#188700
0!
b110 '
0(
1"
0#
#188710
0"
#188720
b111 '
0)
1"
#188730
0"
#188740
b1000 '
1"
#188750
0"
#188760
b1001 '
1"
#188770
0"
#188780
b0 '
1"
#188790
0"
#188800
1&
1!
b1 '
1(
1"
1#
#188810
0"
#188820
0&
b10 '
1)
1"
#188830
0"
#188840
b11 '
1"
#188850
0"
#188860
b100 '
1"
#188870
0"
#188880
b101 '
1"
#188890
0"
#188900
0!
b110 '
0(
1"
0#
#188910
0"
#188920
b111 '
0)
1"
#188930
0"
#188940
b1000 '
1"
#188950
0"
#188960
b1001 '
1"
#188970
0"
#188980
b0 '
1"
#188990
0"
#189000
1&
1!
b1 '
1(
1"
1#
#189010
0"
#189020
0&
b10 '
1)
1"
#189030
0"
#189040
b11 '
1"
#189050
0"
#189060
b100 '
1"
#189070
0"
#189080
b101 '
1"
#189090
0"
#189100
0!
b110 '
0(
1"
0#
#189110
0"
#189120
b111 '
0)
1"
#189130
0"
#189140
b1000 '
1"
#189150
0"
#189160
b1001 '
1"
#189170
0"
#189180
b0 '
1"
#189190
0"
#189200
1&
1!
b1 '
1(
1"
1#
#189210
0"
#189220
0&
b10 '
1)
1"
#189230
0"
#189240
b11 '
1"
#189250
0"
#189260
b100 '
1"
#189270
0"
#189280
b101 '
1"
#189290
0"
#189300
0!
b110 '
0(
1"
0#
#189310
0"
#189320
b111 '
0)
1"
#189330
0"
#189340
b1000 '
1"
#189350
0"
#189360
b1001 '
1"
#189370
0"
#189380
b0 '
1"
#189390
0"
#189400
1&
1!
b1 '
1(
1"
1#
#189410
0"
#189420
0&
b10 '
1)
1"
#189430
0"
#189440
b11 '
1"
#189450
0"
#189460
b100 '
1"
#189470
0"
#189480
b101 '
1"
#189490
0"
#189500
0!
b110 '
0(
1"
0#
#189510
0"
#189520
b111 '
0)
1"
#189530
0"
#189540
b1000 '
1"
#189550
0"
#189560
b1001 '
1"
#189570
0"
#189580
b0 '
1"
#189590
0"
#189600
1&
1!
b1 '
1(
1"
1#
#189610
0"
#189620
0&
b10 '
1)
1"
#189630
0"
#189640
b11 '
1"
#189650
0"
#189660
b100 '
1"
#189670
0"
#189680
b101 '
1"
#189690
0"
#189700
0!
b110 '
0(
1"
0#
#189710
0"
#189720
b111 '
0)
1"
#189730
0"
#189740
b1000 '
1"
#189750
0"
#189760
b1001 '
1"
#189770
0"
#189780
b0 '
1"
#189790
0"
#189800
1&
1!
b1 '
1(
1"
1#
#189810
0"
#189820
0&
b10 '
1)
1"
#189830
0"
#189840
b11 '
1"
#189850
0"
#189860
b100 '
1"
#189870
0"
#189880
b101 '
1"
#189890
0"
#189900
0!
b110 '
0(
1"
0#
#189910
0"
#189920
b111 '
0)
1"
#189930
0"
#189940
b1000 '
1"
#189950
0"
#189960
b1001 '
1"
#189970
0"
#189980
b0 '
1"
#189990
0"
#190000
1&
1!
b1 '
1(
1"
1#
#190010
0"
#190020
0&
b10 '
1)
1"
#190030
0"
#190040
b11 '
1"
#190050
0"
#190060
b100 '
1"
#190070
0"
#190080
b101 '
1"
#190090
0"
#190100
0!
b110 '
0(
1"
0#
#190110
0"
#190120
b111 '
0)
1"
#190130
0"
#190140
b1000 '
1"
#190150
0"
#190160
b1001 '
1"
#190170
0"
#190180
b0 '
1"
#190190
0"
#190200
1&
1!
b1 '
1(
1"
1#
#190210
0"
#190220
0&
b10 '
1)
1"
#190230
0"
#190240
b11 '
1"
#190250
0"
#190260
b100 '
1"
#190270
0"
#190280
b101 '
1"
#190290
0"
#190300
0!
b110 '
0(
1"
0#
#190310
0"
#190320
b111 '
0)
1"
#190330
0"
#190340
b1000 '
1"
#190350
0"
#190360
b1001 '
1"
#190370
0"
#190380
b0 '
1"
#190390
0"
#190400
1&
1!
b1 '
1(
1"
1#
#190410
0"
#190420
0&
b10 '
1)
1"
#190430
0"
#190440
b11 '
1"
#190450
0"
#190460
b100 '
1"
#190470
0"
#190480
b101 '
1"
#190490
0"
#190500
0!
b110 '
0(
1"
0#
#190510
0"
#190520
b111 '
0)
1"
#190530
0"
#190540
b1000 '
1"
#190550
0"
#190560
b1001 '
1"
#190570
0"
#190580
b0 '
1"
#190590
0"
#190600
1&
1!
b1 '
1(
1"
1#
#190610
0"
#190620
0&
b10 '
1)
1"
#190630
0"
#190640
b11 '
1"
#190650
0"
#190660
b100 '
1"
#190670
0"
#190680
b101 '
1"
#190690
0"
#190700
0!
b110 '
0(
1"
0#
#190710
0"
#190720
b111 '
0)
1"
#190730
0"
#190740
b1000 '
1"
#190750
0"
#190760
b1001 '
1"
#190770
0"
#190780
b0 '
1"
#190790
0"
#190800
1&
1!
b1 '
1(
1"
1#
#190810
0"
#190820
0&
b10 '
1)
1"
#190830
0"
#190840
b11 '
1"
#190850
0"
#190860
b100 '
1"
#190870
0"
#190880
b101 '
1"
#190890
0"
#190900
0!
b110 '
0(
1"
0#
#190910
0"
#190920
b111 '
0)
1"
#190930
0"
#190940
b1000 '
1"
#190950
0"
#190960
b1001 '
1"
#190970
0"
#190980
b0 '
1"
#190990
0"
#191000
1&
1!
b1 '
1(
1"
1#
#191010
0"
#191020
0&
b10 '
1)
1"
#191030
0"
#191040
b11 '
1"
#191050
0"
#191060
b100 '
1"
#191070
0"
#191080
b101 '
1"
#191090
0"
#191100
0!
b110 '
0(
1"
0#
#191110
0"
#191120
b111 '
0)
1"
#191130
0"
#191140
b1000 '
1"
#191150
0"
#191160
b1001 '
1"
#191170
0"
#191180
b0 '
1"
#191190
0"
#191200
1&
1!
b1 '
1(
1"
1#
#191210
0"
#191220
0&
b10 '
1)
1"
#191230
0"
#191240
b11 '
1"
#191250
0"
#191260
b100 '
1"
#191270
0"
#191280
b101 '
1"
#191290
0"
#191300
0!
b110 '
0(
1"
0#
#191310
0"
#191320
b111 '
0)
1"
#191330
0"
#191340
b1000 '
1"
#191350
0"
#191360
b1001 '
1"
#191370
0"
#191380
b0 '
1"
#191390
0"
#191400
1&
1!
b1 '
1(
1"
1#
#191410
0"
#191420
0&
b10 '
1)
1"
#191430
0"
#191440
b11 '
1"
#191450
0"
#191460
b100 '
1"
#191470
0"
#191480
b101 '
1"
#191490
0"
#191500
0!
b110 '
0(
1"
0#
#191510
0"
#191520
b111 '
0)
1"
#191530
0"
#191540
b1000 '
1"
#191550
0"
#191560
b1001 '
1"
#191570
0"
#191580
b0 '
1"
#191590
0"
#191600
1&
1!
b1 '
1(
1"
1#
#191610
0"
#191620
0&
b10 '
1)
1"
#191630
0"
#191640
b11 '
1"
#191650
0"
#191660
b100 '
1"
#191670
0"
#191680
b101 '
1"
#191690
0"
#191700
0!
b110 '
0(
1"
0#
#191710
0"
#191720
b111 '
0)
1"
#191730
0"
#191740
b1000 '
1"
#191750
0"
#191760
b1001 '
1"
#191770
0"
#191780
b0 '
1"
#191790
0"
#191800
1&
1!
b1 '
1(
1"
1#
#191810
0"
#191820
0&
b10 '
1)
1"
#191830
0"
#191840
b11 '
1"
#191850
0"
#191860
b100 '
1"
#191870
0"
#191880
b101 '
1"
#191890
0"
#191900
0!
b110 '
0(
1"
0#
#191910
0"
#191920
b111 '
0)
1"
#191930
0"
#191940
b1000 '
1"
#191950
0"
#191960
b1001 '
1"
#191970
0"
#191980
b0 '
1"
#191990
0"
#192000
1&
1!
b1 '
1(
1"
1#
#192010
0"
#192020
0&
b10 '
1)
1"
#192030
0"
#192040
b11 '
1"
#192050
0"
#192060
b100 '
1"
#192070
0"
#192080
b101 '
1"
#192090
0"
#192100
0!
b110 '
0(
1"
0#
#192110
0"
#192120
b111 '
0)
1"
#192130
0"
#192140
b1000 '
1"
#192150
0"
#192160
b1001 '
1"
#192170
0"
#192180
b0 '
1"
#192190
0"
#192200
1&
1!
b1 '
1(
1"
1#
#192210
0"
#192220
0&
b10 '
1)
1"
#192230
0"
#192240
b11 '
1"
#192250
0"
#192260
b100 '
1"
#192270
0"
#192280
b101 '
1"
#192290
0"
#192300
0!
b110 '
0(
1"
0#
#192310
0"
#192320
b111 '
0)
1"
#192330
0"
#192340
b1000 '
1"
#192350
0"
#192360
b1001 '
1"
#192370
0"
#192380
b0 '
1"
#192390
0"
#192400
1&
1!
b1 '
1(
1"
1#
#192410
0"
#192420
0&
b10 '
1)
1"
#192430
0"
#192440
b11 '
1"
#192450
0"
#192460
b100 '
1"
#192470
0"
#192480
b101 '
1"
#192490
0"
#192500
0!
b110 '
0(
1"
0#
#192510
0"
#192520
b111 '
0)
1"
#192530
0"
#192540
b1000 '
1"
#192550
0"
#192560
b1001 '
1"
#192570
0"
#192580
b0 '
1"
#192590
0"
#192600
1&
1!
b1 '
1(
1"
1#
#192610
0"
#192620
0&
b10 '
1)
1"
#192630
0"
#192640
b11 '
1"
#192650
0"
#192660
b100 '
1"
#192670
0"
#192680
b101 '
1"
#192690
0"
#192700
0!
b110 '
0(
1"
0#
#192710
0"
#192720
b111 '
0)
1"
#192730
0"
#192740
b1000 '
1"
#192750
0"
#192760
b1001 '
1"
#192770
0"
#192780
b0 '
1"
#192790
0"
#192800
1&
1!
b1 '
1(
1"
1#
#192810
0"
#192820
0&
b10 '
1)
1"
#192830
0"
#192840
b11 '
1"
#192850
0"
#192860
b100 '
1"
#192870
0"
#192880
b101 '
1"
#192890
0"
#192900
0!
b110 '
0(
1"
0#
#192910
0"
#192920
b111 '
0)
1"
#192930
0"
#192940
b1000 '
1"
#192950
0"
#192960
b1001 '
1"
#192970
0"
#192980
b0 '
1"
#192990
0"
#193000
1&
1!
b1 '
1(
1"
1#
#193010
0"
#193020
0&
b10 '
1)
1"
#193030
0"
#193040
b11 '
1"
#193050
0"
#193060
b100 '
1"
#193070
0"
#193080
b101 '
1"
#193090
0"
#193100
0!
b110 '
0(
1"
0#
#193110
0"
#193120
b111 '
0)
1"
#193130
0"
#193140
b1000 '
1"
#193150
0"
#193160
b1001 '
1"
#193170
0"
#193180
b0 '
1"
#193190
0"
#193200
1&
1!
b1 '
1(
1"
1#
#193210
0"
#193220
0&
b10 '
1)
1"
#193230
0"
#193240
b11 '
1"
#193250
0"
#193260
b100 '
1"
#193270
0"
#193280
b101 '
1"
#193290
0"
#193300
0!
b110 '
0(
1"
0#
#193310
0"
#193320
b111 '
0)
1"
#193330
0"
#193340
b1000 '
1"
#193350
0"
#193360
b1001 '
1"
#193370
0"
#193380
b0 '
1"
#193390
0"
#193400
1&
1!
b1 '
1(
1"
1#
#193410
0"
#193420
0&
b10 '
1)
1"
#193430
0"
#193440
b11 '
1"
#193450
0"
#193460
b100 '
1"
#193470
0"
#193480
b101 '
1"
#193490
0"
#193500
0!
b110 '
0(
1"
0#
#193510
0"
#193520
b111 '
0)
1"
#193530
0"
#193540
b1000 '
1"
#193550
0"
#193560
b1001 '
1"
#193570
0"
#193580
b0 '
1"
#193590
0"
#193600
1&
1!
b1 '
1(
1"
1#
#193610
0"
#193620
0&
b10 '
1)
1"
#193630
0"
#193640
b11 '
1"
#193650
0"
#193660
b100 '
1"
#193670
0"
#193680
b101 '
1"
#193690
0"
#193700
0!
b110 '
0(
1"
0#
#193710
0"
#193720
b111 '
0)
1"
#193730
0"
#193740
b1000 '
1"
#193750
0"
#193760
b1001 '
1"
#193770
0"
#193780
b0 '
1"
#193790
0"
#193800
1&
1!
b1 '
1(
1"
1#
#193810
0"
#193820
0&
b10 '
1)
1"
#193830
0"
#193840
b11 '
1"
#193850
0"
#193860
b100 '
1"
#193870
0"
#193880
b101 '
1"
#193890
0"
#193900
0!
b110 '
0(
1"
0#
#193910
0"
#193920
b111 '
0)
1"
#193930
0"
#193940
b1000 '
1"
#193950
0"
#193960
b1001 '
1"
#193970
0"
#193980
b0 '
1"
#193990
0"
#194000
1&
1!
b1 '
1(
1"
1#
#194010
0"
#194020
0&
b10 '
1)
1"
#194030
0"
#194040
b11 '
1"
#194050
0"
#194060
b100 '
1"
#194070
0"
#194080
b101 '
1"
#194090
0"
#194100
0!
b110 '
0(
1"
0#
#194110
0"
#194120
b111 '
0)
1"
#194130
0"
#194140
b1000 '
1"
#194150
0"
#194160
b1001 '
1"
#194170
0"
#194180
b0 '
1"
#194190
0"
#194200
1&
1!
b1 '
1(
1"
1#
#194210
0"
#194220
0&
b10 '
1)
1"
#194230
0"
#194240
b11 '
1"
#194250
0"
#194260
b100 '
1"
#194270
0"
#194280
b101 '
1"
#194290
0"
#194300
0!
b110 '
0(
1"
0#
#194310
0"
#194320
b111 '
0)
1"
#194330
0"
#194340
b1000 '
1"
#194350
0"
#194360
b1001 '
1"
#194370
0"
#194380
b0 '
1"
#194390
0"
#194400
1&
1!
b1 '
1(
1"
1#
#194410
0"
#194420
0&
b10 '
1)
1"
#194430
0"
#194440
b11 '
1"
#194450
0"
#194460
b100 '
1"
#194470
0"
#194480
b101 '
1"
#194490
0"
#194500
0!
b110 '
0(
1"
0#
#194510
0"
#194520
b111 '
0)
1"
#194530
0"
#194540
b1000 '
1"
#194550
0"
#194560
b1001 '
1"
#194570
0"
#194580
b0 '
1"
#194590
0"
#194600
1&
1!
b1 '
1(
1"
1#
#194610
0"
#194620
0&
b10 '
1)
1"
#194630
0"
#194640
b11 '
1"
#194650
0"
#194660
b100 '
1"
#194670
0"
#194680
b101 '
1"
#194690
0"
#194700
0!
b110 '
0(
1"
0#
#194710
0"
#194720
b111 '
0)
1"
#194730
0"
#194740
b1000 '
1"
#194750
0"
#194760
b1001 '
1"
#194770
0"
#194780
b0 '
1"
#194790
0"
#194800
1&
1!
b1 '
1(
1"
1#
#194810
0"
#194820
0&
b10 '
1)
1"
#194830
0"
#194840
b11 '
1"
#194850
0"
#194860
b100 '
1"
#194870
0"
#194880
b101 '
1"
#194890
0"
#194900
0!
b110 '
0(
1"
0#
#194910
0"
#194920
b111 '
0)
1"
#194930
0"
#194940
b1000 '
1"
#194950
0"
#194960
b1001 '
1"
#194970
0"
#194980
b0 '
1"
#194990
0"
#195000
1&
1!
b1 '
1(
1"
1#
#195010
0"
#195020
0&
b10 '
1)
1"
#195030
0"
#195040
b11 '
1"
#195050
0"
#195060
b100 '
1"
#195070
0"
#195080
b101 '
1"
#195090
0"
#195100
0!
b110 '
0(
1"
0#
#195110
0"
#195120
b111 '
0)
1"
#195130
0"
#195140
b1000 '
1"
#195150
0"
#195160
b1001 '
1"
#195170
0"
#195180
b0 '
1"
#195190
0"
#195200
1&
1!
b1 '
1(
1"
1#
#195210
0"
#195220
0&
b10 '
1)
1"
#195230
0"
#195240
b11 '
1"
#195250
0"
#195260
b100 '
1"
#195270
0"
#195280
b101 '
1"
#195290
0"
#195300
0!
b110 '
0(
1"
0#
#195310
0"
#195320
b111 '
0)
1"
#195330
0"
#195340
b1000 '
1"
#195350
0"
#195360
b1001 '
1"
#195370
0"
#195380
b0 '
1"
#195390
0"
#195400
1&
1!
b1 '
1(
1"
1#
#195410
0"
#195420
0&
b10 '
1)
1"
#195430
0"
#195440
b11 '
1"
#195450
0"
#195460
b100 '
1"
#195470
0"
#195480
b101 '
1"
#195490
0"
#195500
0!
b110 '
0(
1"
0#
#195510
0"
#195520
b111 '
0)
1"
#195530
0"
#195540
b1000 '
1"
#195550
0"
#195560
b1001 '
1"
#195570
0"
#195580
b0 '
1"
#195590
0"
#195600
1&
1!
b1 '
1(
1"
1#
#195610
0"
#195620
0&
b10 '
1)
1"
#195630
0"
#195640
b11 '
1"
#195650
0"
#195660
b100 '
1"
#195670
0"
#195680
b101 '
1"
#195690
0"
#195700
0!
b110 '
0(
1"
0#
#195710
0"
#195720
b111 '
0)
1"
#195730
0"
#195740
b1000 '
1"
#195750
0"
#195760
b1001 '
1"
#195770
0"
#195780
b0 '
1"
#195790
0"
#195800
1&
1!
b1 '
1(
1"
1#
#195810
0"
#195820
0&
b10 '
1)
1"
#195830
0"
#195840
b11 '
1"
#195850
0"
#195860
b100 '
1"
#195870
0"
#195880
b101 '
1"
#195890
0"
#195900
0!
b110 '
0(
1"
0#
#195910
0"
#195920
b111 '
0)
1"
#195930
0"
#195940
b1000 '
1"
#195950
0"
#195960
b1001 '
1"
#195970
0"
#195980
b0 '
1"
#195990
0"
#196000
1&
1!
b1 '
1(
1"
1#
#196010
0"
#196020
0&
b10 '
1)
1"
#196030
0"
#196040
b11 '
1"
#196050
0"
#196060
b100 '
1"
#196070
0"
#196080
b101 '
1"
#196090
0"
#196100
0!
b110 '
0(
1"
0#
#196110
0"
#196120
b111 '
0)
1"
#196130
0"
#196140
b1000 '
1"
#196150
0"
#196160
b1001 '
1"
#196170
0"
#196180
b0 '
1"
#196190
0"
#196200
1&
1!
b1 '
1(
1"
1#
#196210
0"
#196220
0&
b10 '
1)
1"
#196230
0"
#196240
b11 '
1"
#196250
0"
#196260
b100 '
1"
#196270
0"
#196280
b101 '
1"
#196290
0"
#196300
0!
b110 '
0(
1"
0#
#196310
0"
#196320
b111 '
0)
1"
#196330
0"
#196340
b1000 '
1"
#196350
0"
#196360
b1001 '
1"
#196370
0"
#196380
b0 '
1"
#196390
0"
#196400
1&
1!
b1 '
1(
1"
1#
#196410
0"
#196420
0&
b10 '
1)
1"
#196430
0"
#196440
b11 '
1"
#196450
0"
#196460
b100 '
1"
#196470
0"
#196480
b101 '
1"
#196490
0"
#196500
0!
b110 '
0(
1"
0#
#196510
0"
#196520
b111 '
0)
1"
#196530
0"
#196540
b1000 '
1"
#196550
0"
#196560
b1001 '
1"
#196570
0"
#196580
b0 '
1"
#196590
0"
#196600
1&
1!
b1 '
1(
1"
1#
#196610
0"
#196620
0&
b10 '
1)
1"
#196630
0"
#196640
b11 '
1"
#196650
0"
#196660
b100 '
1"
#196670
0"
#196680
b101 '
1"
#196690
0"
#196700
0!
b110 '
0(
1"
0#
#196710
0"
#196720
b111 '
0)
1"
#196730
0"
#196740
b1000 '
1"
#196750
0"
#196760
b1001 '
1"
#196770
0"
#196780
b0 '
1"
#196790
0"
#196800
1&
1!
b1 '
1(
1"
1#
#196810
0"
#196820
0&
b10 '
1)
1"
#196830
0"
#196840
b11 '
1"
#196850
0"
#196860
b100 '
1"
#196870
0"
#196880
b101 '
1"
#196890
0"
#196900
0!
b110 '
0(
1"
0#
#196910
0"
#196920
b111 '
0)
1"
#196930
0"
#196940
b1000 '
1"
#196950
0"
#196960
b1001 '
1"
#196970
0"
#196980
b0 '
1"
#196990
0"
#197000
1&
1!
b1 '
1(
1"
1#
#197010
0"
#197020
0&
b10 '
1)
1"
#197030
0"
#197040
b11 '
1"
#197050
0"
#197060
b100 '
1"
#197070
0"
#197080
b101 '
1"
#197090
0"
#197100
0!
b110 '
0(
1"
0#
#197110
0"
#197120
b111 '
0)
1"
#197130
0"
#197140
b1000 '
1"
#197150
0"
#197160
b1001 '
1"
#197170
0"
#197180
b0 '
1"
#197190
0"
#197200
1&
1!
b1 '
1(
1"
1#
#197210
0"
#197220
0&
b10 '
1)
1"
#197230
0"
#197240
b11 '
1"
#197250
0"
#197260
b100 '
1"
#197270
0"
#197280
b101 '
1"
#197290
0"
#197300
0!
b110 '
0(
1"
0#
#197310
0"
#197320
b111 '
0)
1"
#197330
0"
#197340
b1000 '
1"
#197350
0"
#197360
b1001 '
1"
#197370
0"
#197380
b0 '
1"
#197390
0"
#197400
1&
1!
b1 '
1(
1"
1#
#197410
0"
#197420
0&
b10 '
1)
1"
#197430
0"
#197440
b11 '
1"
#197450
0"
#197460
b100 '
1"
#197470
0"
#197480
b101 '
1"
#197490
0"
#197500
0!
b110 '
0(
1"
0#
#197510
0"
#197520
b111 '
0)
1"
#197530
0"
#197540
b1000 '
1"
#197550
0"
#197560
b1001 '
1"
#197570
0"
#197580
b0 '
1"
#197590
0"
#197600
1&
1!
b1 '
1(
1"
1#
#197610
0"
#197620
0&
b10 '
1)
1"
#197630
0"
#197640
b11 '
1"
#197650
0"
#197660
b100 '
1"
#197670
0"
#197680
b101 '
1"
#197690
0"
#197700
0!
b110 '
0(
1"
0#
#197710
0"
#197720
b111 '
0)
1"
#197730
0"
#197740
b1000 '
1"
#197750
0"
#197760
b1001 '
1"
#197770
0"
#197780
b0 '
1"
#197790
0"
#197800
1&
1!
b1 '
1(
1"
1#
#197810
0"
#197820
0&
b10 '
1)
1"
#197830
0"
#197840
b11 '
1"
#197850
0"
#197860
b100 '
1"
#197870
0"
#197880
b101 '
1"
#197890
0"
#197900
0!
b110 '
0(
1"
0#
#197910
0"
#197920
b111 '
0)
1"
#197930
0"
#197940
b1000 '
1"
#197950
0"
#197960
b1001 '
1"
#197970
0"
#197980
b0 '
1"
#197990
0"
#198000
1&
1!
b1 '
1(
1"
1#
#198010
0"
#198020
0&
b10 '
1)
1"
#198030
0"
#198040
b11 '
1"
#198050
0"
#198060
b100 '
1"
#198070
0"
#198080
b101 '
1"
#198090
0"
#198100
0!
b110 '
0(
1"
0#
#198110
0"
#198120
b111 '
0)
1"
#198130
0"
#198140
b1000 '
1"
#198150
0"
#198160
b1001 '
1"
#198170
0"
#198180
b0 '
1"
#198190
0"
#198200
1&
1!
b1 '
1(
1"
1#
#198210
0"
#198220
0&
b10 '
1)
1"
#198230
0"
#198240
b11 '
1"
#198250
0"
#198260
b100 '
1"
#198270
0"
#198280
b101 '
1"
#198290
0"
#198300
0!
b110 '
0(
1"
0#
#198310
0"
#198320
b111 '
0)
1"
#198330
0"
#198340
b1000 '
1"
#198350
0"
#198360
b1001 '
1"
#198370
0"
#198380
b0 '
1"
#198390
0"
#198400
1&
1!
b1 '
1(
1"
1#
#198410
0"
#198420
0&
b10 '
1)
1"
#198430
0"
#198440
b11 '
1"
#198450
0"
#198460
b100 '
1"
#198470
0"
#198480
b101 '
1"
#198490
0"
#198500
0!
b110 '
0(
1"
0#
#198510
0"
#198520
b111 '
0)
1"
#198530
0"
#198540
b1000 '
1"
#198550
0"
#198560
b1001 '
1"
#198570
0"
#198580
b0 '
1"
#198590
0"
#198600
1&
1!
b1 '
1(
1"
1#
#198610
0"
#198620
0&
b10 '
1)
1"
#198630
0"
#198640
b11 '
1"
#198650
0"
#198660
b100 '
1"
#198670
0"
#198680
b101 '
1"
#198690
0"
#198700
0!
b110 '
0(
1"
0#
#198710
0"
#198720
b111 '
0)
1"
#198730
0"
#198740
b1000 '
1"
#198750
0"
#198760
b1001 '
1"
#198770
0"
#198780
b0 '
1"
#198790
0"
#198800
1&
1!
b1 '
1(
1"
1#
#198810
0"
#198820
0&
b10 '
1)
1"
#198830
0"
#198840
b11 '
1"
#198850
0"
#198860
b100 '
1"
#198870
0"
#198880
b101 '
1"
#198890
0"
#198900
0!
b110 '
0(
1"
0#
#198910
0"
#198920
b111 '
0)
1"
#198930
0"
#198940
b1000 '
1"
#198950
0"
#198960
b1001 '
1"
#198970
0"
#198980
b0 '
1"
#198990
0"
#199000
1&
1!
b1 '
1(
1"
1#
#199010
0"
#199020
0&
b10 '
1)
1"
#199030
0"
#199040
b11 '
1"
#199050
0"
#199060
b100 '
1"
#199070
0"
#199080
b101 '
1"
#199090
0"
#199100
0!
b110 '
0(
1"
0#
#199110
0"
#199120
b111 '
0)
1"
#199130
0"
#199140
b1000 '
1"
#199150
0"
#199160
b1001 '
1"
#199170
0"
#199180
b0 '
1"
#199190
0"
#199200
1&
1!
b1 '
1(
1"
1#
#199210
0"
#199220
0&
b10 '
1)
1"
#199230
0"
#199240
b11 '
1"
#199250
0"
#199260
b100 '
1"
#199270
0"
#199280
b101 '
1"
#199290
0"
#199300
0!
b110 '
0(
1"
0#
#199310
0"
#199320
b111 '
0)
1"
#199330
0"
#199340
b1000 '
1"
#199350
0"
#199360
b1001 '
1"
#199370
0"
#199380
b0 '
1"
#199390
0"
#199400
1&
1!
b1 '
1(
1"
1#
#199410
0"
#199420
0&
b10 '
1)
1"
#199430
0"
#199440
b11 '
1"
#199450
0"
#199460
b100 '
1"
#199470
0"
#199480
b101 '
1"
#199490
0"
#199500
0!
b110 '
0(
1"
0#
#199510
0"
#199520
b111 '
0)
1"
#199530
0"
#199540
b1000 '
1"
#199550
0"
#199560
b1001 '
1"
#199570
0"
#199580
b0 '
1"
#199590
0"
#199600
1&
1!
b1 '
1(
1"
1#
#199610
0"
#199620
0&
b10 '
1)
1"
#199630
0"
#199640
b11 '
1"
#199650
0"
#199660
b100 '
1"
#199670
0"
#199680
b101 '
1"
#199690
0"
#199700
0!
b110 '
0(
1"
0#
#199710
0"
#199720
b111 '
0)
1"
#199730
0"
#199740
b1000 '
1"
#199750
0"
#199760
b1001 '
1"
#199770
0"
#199780
b0 '
1"
#199790
0"
#199800
1&
1!
b1 '
1(
1"
1#
#199810
0"
#199820
0&
b10 '
1)
1"
#199830
0"
#199840
b11 '
1"
#199850
0"
#199860
b100 '
1"
#199870
0"
#199880
b101 '
1"
#199890
0"
#199900
0!
b110 '
0(
1"
0#
#199910
0"
#199920
b111 '
0)
1"
#199930
0"
#199940
b1000 '
1"
#199950
0"
#199960
b1001 '
1"
#199970
0"
#199980
b0 '
1"
#199990
0"
#200000
1&
1!
b1 '
1(
1"
1#
#200010
0"
#200020
0&
b10 '
1)
1"
#200030
0"
#200040
b11 '
1"
#200050
0"
#200060
b100 '
1"
#200070
0"
#200080
b101 '
1"
#200090
0"
#200100
0!
b110 '
0(
1"
0#
#200110
0"
#200120
b111 '
0)
1"
#200130
0"
#200140
b1000 '
1"
#200150
0"
#200160
b1001 '
1"
#200170
0"
#200180
b0 '
1"
#200190
0"
#200200
1&
1!
b1 '
1(
1"
1#
#200210
0"
#200220
0&
b10 '
1)
1"
#200230
0"
#200240
b11 '
1"
#200250
0"
#200260
b100 '
1"
#200270
0"
#200280
b101 '
1"
#200290
0"
#200300
0!
b110 '
0(
1"
0#
#200310
0"
#200320
b111 '
0)
1"
#200330
0"
#200340
b1000 '
1"
#200350
0"
#200360
b1001 '
1"
#200370
0"
#200380
b0 '
1"
#200390
0"
#200400
1&
1!
b1 '
1(
1"
1#
#200410
0"
#200420
0&
b10 '
1)
1"
#200430
0"
#200440
b11 '
1"
#200450
0"
#200460
b100 '
1"
#200470
0"
#200480
b101 '
1"
#200490
0"
#200500
0!
b110 '
0(
1"
0#
#200510
0"
#200520
b111 '
0)
1"
#200530
0"
#200540
b1000 '
1"
#200550
0"
#200560
b1001 '
1"
#200570
0"
#200580
b0 '
1"
#200590
0"
#200600
1&
1!
b1 '
1(
1"
1#
#200610
0"
#200620
0&
b10 '
1)
1"
#200630
0"
#200640
b11 '
1"
#200650
0"
#200660
b100 '
1"
#200670
0"
#200680
b101 '
1"
#200690
0"
#200700
0!
b110 '
0(
1"
0#
#200710
0"
#200720
b111 '
0)
1"
#200730
0"
#200740
b1000 '
1"
#200750
0"
#200760
b1001 '
1"
#200770
0"
#200780
b0 '
1"
#200790
0"
#200800
1&
1!
b1 '
1(
1"
1#
#200810
0"
#200820
0&
b10 '
1)
1"
#200830
0"
#200840
b11 '
1"
#200850
0"
#200860
b100 '
1"
#200870
0"
#200880
b101 '
1"
#200890
0"
#200900
0!
b110 '
0(
1"
0#
#200910
0"
#200920
b111 '
0)
1"
#200930
0"
#200940
b1000 '
1"
#200950
0"
#200960
b1001 '
1"
#200970
0"
#200980
b0 '
1"
#200990
0"
#201000
1&
1!
b1 '
1(
1"
1#
#201010
0"
#201020
0&
b10 '
1)
1"
#201030
0"
#201040
b11 '
1"
#201050
0"
#201060
b100 '
1"
#201070
0"
#201080
b101 '
1"
#201090
0"
#201100
0!
b110 '
0(
1"
0#
#201110
0"
#201120
b111 '
0)
1"
#201130
0"
#201140
b1000 '
1"
#201150
0"
#201160
b1001 '
1"
#201170
0"
#201180
b0 '
1"
#201190
0"
#201200
1&
1!
b1 '
1(
1"
1#
#201210
0"
#201220
0&
b10 '
1)
1"
#201230
0"
#201240
b11 '
1"
#201250
0"
#201260
b100 '
1"
#201270
0"
#201280
b101 '
1"
#201290
0"
#201300
0!
b110 '
0(
1"
0#
#201310
0"
#201320
b111 '
0)
1"
#201330
0"
#201340
b1000 '
1"
#201350
0"
#201360
b1001 '
1"
#201370
0"
#201380
b0 '
1"
#201390
0"
#201400
1&
1!
b1 '
1(
1"
1#
#201410
0"
#201420
0&
b10 '
1)
1"
#201430
0"
#201440
b11 '
1"
#201450
0"
#201460
b100 '
1"
#201470
0"
#201480
b101 '
1"
#201490
0"
#201500
0!
b110 '
0(
1"
0#
#201510
0"
#201520
b111 '
0)
1"
#201530
0"
#201540
b1000 '
1"
#201550
0"
#201560
b1001 '
1"
#201570
0"
#201580
b0 '
1"
#201590
0"
#201600
1&
1!
b1 '
1(
1"
1#
#201610
0"
#201620
0&
b10 '
1)
1"
#201630
0"
#201640
b11 '
1"
#201650
0"
#201660
b100 '
1"
#201670
0"
#201680
b101 '
1"
#201690
0"
#201700
0!
b110 '
0(
1"
0#
#201710
0"
#201720
b111 '
0)
1"
#201730
0"
#201740
b1000 '
1"
#201750
0"
#201760
b1001 '
1"
#201770
0"
#201780
b0 '
1"
#201790
0"
#201800
1&
1!
b1 '
1(
1"
1#
#201810
0"
#201820
0&
b10 '
1)
1"
#201830
0"
#201840
b11 '
1"
#201850
0"
#201860
b100 '
1"
#201870
0"
#201880
b101 '
1"
#201890
0"
#201900
0!
b110 '
0(
1"
0#
#201910
0"
#201920
b111 '
0)
1"
#201930
0"
#201940
b1000 '
1"
#201950
0"
#201960
b1001 '
1"
#201970
0"
#201980
b0 '
1"
#201990
0"
#202000
1&
1!
b1 '
1(
1"
1#
#202010
0"
#202020
0&
b10 '
1)
1"
#202030
0"
#202040
b11 '
1"
#202050
0"
#202060
b100 '
1"
#202070
0"
#202080
b101 '
1"
#202090
0"
#202100
0!
b110 '
0(
1"
0#
#202110
0"
#202120
b111 '
0)
1"
#202130
0"
#202140
b1000 '
1"
#202150
0"
#202160
b1001 '
1"
#202170
0"
#202180
b0 '
1"
#202190
0"
#202200
1&
1!
b1 '
1(
1"
1#
#202210
0"
#202220
0&
b10 '
1)
1"
#202230
0"
#202240
b11 '
1"
#202250
0"
#202260
b100 '
1"
#202270
0"
#202280
b101 '
1"
#202290
0"
#202300
0!
b110 '
0(
1"
0#
#202310
0"
#202320
b111 '
0)
1"
#202330
0"
#202340
b1000 '
1"
#202350
0"
#202360
b1001 '
1"
#202370
0"
#202380
b0 '
1"
#202390
0"
#202400
1&
1!
b1 '
1(
1"
1#
#202410
0"
#202420
0&
b10 '
1)
1"
#202430
0"
#202440
b11 '
1"
#202450
0"
#202460
b100 '
1"
#202470
0"
#202480
b101 '
1"
#202490
0"
#202500
0!
b110 '
0(
1"
0#
#202510
0"
#202520
b111 '
0)
1"
#202530
0"
#202540
b1000 '
1"
#202550
0"
#202560
b1001 '
1"
#202570
0"
#202580
b0 '
1"
#202590
0"
#202600
1&
1!
b1 '
1(
1"
1#
#202610
0"
#202620
0&
b10 '
1)
1"
#202630
0"
#202640
b11 '
1"
#202650
0"
#202660
b100 '
1"
#202670
0"
#202680
b101 '
1"
#202690
0"
#202700
0!
b110 '
0(
1"
0#
#202710
0"
#202720
b111 '
0)
1"
#202730
0"
#202740
b1000 '
1"
#202750
0"
#202760
b1001 '
1"
#202770
0"
#202780
b0 '
1"
#202790
0"
#202800
1&
1!
b1 '
1(
1"
1#
#202810
0"
#202820
0&
b10 '
1)
1"
#202830
0"
#202840
b11 '
1"
#202850
0"
#202860
b100 '
1"
#202870
0"
#202880
b101 '
1"
#202890
0"
#202900
0!
b110 '
0(
1"
0#
#202910
0"
#202920
b111 '
0)
1"
#202930
0"
#202940
b1000 '
1"
#202950
0"
#202960
b1001 '
1"
#202970
0"
#202980
b0 '
1"
#202990
0"
#203000
1&
1!
b1 '
1(
1"
1#
#203010
0"
#203020
0&
b10 '
1)
1"
#203030
0"
#203040
b11 '
1"
#203050
0"
#203060
b100 '
1"
#203070
0"
#203080
b101 '
1"
#203090
0"
#203100
0!
b110 '
0(
1"
0#
#203110
0"
#203120
b111 '
0)
1"
#203130
0"
#203140
b1000 '
1"
#203150
0"
#203160
b1001 '
1"
#203170
0"
#203180
b0 '
1"
#203190
0"
#203200
1&
1!
b1 '
1(
1"
1#
#203210
0"
#203220
0&
b10 '
1)
1"
#203230
0"
#203240
b11 '
1"
#203250
0"
#203260
b100 '
1"
#203270
0"
#203280
b101 '
1"
#203290
0"
#203300
0!
b110 '
0(
1"
0#
#203310
0"
#203320
b111 '
0)
1"
#203330
0"
#203340
b1000 '
1"
#203350
0"
#203360
b1001 '
1"
#203370
0"
#203380
b0 '
1"
#203390
0"
#203400
1&
1!
b1 '
1(
1"
1#
#203410
0"
#203420
0&
b10 '
1)
1"
#203430
0"
#203440
b11 '
1"
#203450
0"
#203460
b100 '
1"
#203470
0"
#203480
b101 '
1"
#203490
0"
#203500
0!
b110 '
0(
1"
0#
#203510
0"
#203520
b111 '
0)
1"
#203530
0"
#203540
b1000 '
1"
#203550
0"
#203560
b1001 '
1"
#203570
0"
#203580
b0 '
1"
#203590
0"
#203600
1&
1!
b1 '
1(
1"
1#
#203610
0"
#203620
0&
b10 '
1)
1"
#203630
0"
#203640
b11 '
1"
#203650
0"
#203660
b100 '
1"
#203670
0"
#203680
b101 '
1"
#203690
0"
#203700
0!
b110 '
0(
1"
0#
#203710
0"
#203720
b111 '
0)
1"
#203730
0"
#203740
b1000 '
1"
#203750
0"
#203760
b1001 '
1"
#203770
0"
#203780
b0 '
1"
#203790
0"
#203800
1&
1!
b1 '
1(
1"
1#
#203810
0"
#203820
0&
b10 '
1)
1"
#203830
0"
#203840
b11 '
1"
#203850
0"
#203860
b100 '
1"
#203870
0"
#203880
b101 '
1"
#203890
0"
#203900
0!
b110 '
0(
1"
0#
#203910
0"
#203920
b111 '
0)
1"
#203930
0"
#203940
b1000 '
1"
#203950
0"
#203960
b1001 '
1"
#203970
0"
#203980
b0 '
1"
#203990
0"
#204000
1&
1!
b1 '
1(
1"
1#
#204010
0"
#204020
0&
b10 '
1)
1"
#204030
0"
#204040
b11 '
1"
#204050
0"
#204060
b100 '
1"
#204070
0"
#204080
b101 '
1"
#204090
0"
#204100
0!
b110 '
0(
1"
0#
#204110
0"
#204120
b111 '
0)
1"
#204130
0"
#204140
b1000 '
1"
#204150
0"
#204160
b1001 '
1"
#204170
0"
#204180
b0 '
1"
#204190
0"
#204200
1&
1!
b1 '
1(
1"
1#
#204210
0"
#204220
0&
b10 '
1)
1"
#204230
0"
#204240
b11 '
1"
#204250
0"
#204260
b100 '
1"
#204270
0"
#204280
b101 '
1"
#204290
0"
#204300
0!
b110 '
0(
1"
0#
#204310
0"
#204320
b111 '
0)
1"
#204330
0"
#204340
b1000 '
1"
#204350
0"
#204360
b1001 '
1"
#204370
0"
#204380
b0 '
1"
#204390
0"
#204400
1&
1!
b1 '
1(
1"
1#
#204410
0"
#204420
0&
b10 '
1)
1"
#204430
0"
#204440
b11 '
1"
#204450
0"
#204460
b100 '
1"
#204470
0"
#204480
b101 '
1"
#204490
0"
#204500
0!
b110 '
0(
1"
0#
#204510
0"
#204520
b111 '
0)
1"
#204530
0"
#204540
b1000 '
1"
#204550
0"
#204560
b1001 '
1"
#204570
0"
#204580
b0 '
1"
#204590
0"
#204600
1&
1!
b1 '
1(
1"
1#
#204610
0"
#204620
0&
b10 '
1)
1"
#204630
0"
#204640
b11 '
1"
#204650
0"
#204660
b100 '
1"
#204670
0"
#204680
b101 '
1"
#204690
0"
#204700
0!
b110 '
0(
1"
0#
#204710
0"
#204720
b111 '
0)
1"
#204730
0"
#204740
b1000 '
1"
#204750
0"
#204760
b1001 '
1"
#204770
0"
#204780
b0 '
1"
#204790
0"
#204800
1&
1!
b1 '
1(
1"
1#
#204810
0"
#204820
0&
b10 '
1)
1"
#204830
0"
#204840
b11 '
1"
#204850
0"
#204860
b100 '
1"
#204870
0"
#204880
b101 '
1"
#204890
0"
#204900
0!
b110 '
0(
1"
0#
#204910
0"
#204920
b111 '
0)
1"
#204930
0"
#204940
b1000 '
1"
#204950
0"
#204960
b1001 '
1"
#204970
0"
#204980
b0 '
1"
#204990
0"
#205000
1&
1!
b1 '
1(
1"
1#
#205010
0"
#205020
0&
b10 '
1)
1"
#205030
0"
#205040
b11 '
1"
#205050
0"
#205060
b100 '
1"
#205070
0"
#205080
b101 '
1"
#205090
0"
#205100
0!
b110 '
0(
1"
0#
#205110
0"
#205120
b111 '
0)
1"
#205130
0"
#205140
b1000 '
1"
#205150
0"
#205160
b1001 '
1"
#205170
0"
#205180
b0 '
1"
#205190
0"
#205200
1&
1!
b1 '
1(
1"
1#
#205210
0"
#205220
0&
b10 '
1)
1"
#205230
0"
#205240
b11 '
1"
#205250
0"
#205260
b100 '
1"
#205270
0"
#205280
b101 '
1"
#205290
0"
#205300
0!
b110 '
0(
1"
0#
#205310
0"
#205320
b111 '
0)
1"
#205330
0"
#205340
b1000 '
1"
#205350
0"
#205360
b1001 '
1"
#205370
0"
#205380
b0 '
1"
#205390
0"
#205400
1&
1!
b1 '
1(
1"
1#
#205410
0"
#205420
0&
b10 '
1)
1"
#205430
0"
#205440
b11 '
1"
#205450
0"
#205460
b100 '
1"
#205470
0"
#205480
b101 '
1"
#205490
0"
#205500
0!
b110 '
0(
1"
0#
#205510
0"
#205520
b111 '
0)
1"
#205530
0"
#205540
b1000 '
1"
#205550
0"
#205560
b1001 '
1"
#205570
0"
#205580
b0 '
1"
#205590
0"
#205600
1&
1!
b1 '
1(
1"
1#
#205610
0"
#205620
0&
b10 '
1)
1"
#205630
0"
#205640
b11 '
1"
#205650
0"
#205660
b100 '
1"
#205670
0"
#205680
b101 '
1"
#205690
0"
#205700
0!
b110 '
0(
1"
0#
#205710
0"
#205720
b111 '
0)
1"
#205730
0"
#205740
b1000 '
1"
#205750
0"
#205760
b1001 '
1"
#205770
0"
#205780
b0 '
1"
#205790
0"
#205800
1&
1!
b1 '
1(
1"
1#
#205810
0"
#205820
0&
b10 '
1)
1"
#205830
0"
#205840
b11 '
1"
#205850
0"
#205860
b100 '
1"
#205870
0"
#205880
b101 '
1"
#205890
0"
#205900
0!
b110 '
0(
1"
0#
#205910
0"
#205920
b111 '
0)
1"
#205930
0"
#205940
b1000 '
1"
#205950
0"
#205960
b1001 '
1"
#205970
0"
#205980
b0 '
1"
#205990
0"
#206000
1&
1!
b1 '
1(
1"
1#
#206010
0"
#206020
0&
b10 '
1)
1"
#206030
0"
#206040
b11 '
1"
#206050
0"
#206060
b100 '
1"
#206070
0"
#206080
b101 '
1"
#206090
0"
#206100
0!
b110 '
0(
1"
0#
#206110
0"
#206120
b111 '
0)
1"
#206130
0"
#206140
b1000 '
1"
#206150
0"
#206160
b1001 '
1"
#206170
0"
#206180
b0 '
1"
#206190
0"
#206200
1&
1!
b1 '
1(
1"
1#
#206210
0"
#206220
0&
b10 '
1)
1"
#206230
0"
#206240
b11 '
1"
#206250
0"
#206260
b100 '
1"
#206270
0"
#206280
b101 '
1"
#206290
0"
#206300
0!
b110 '
0(
1"
0#
#206310
0"
#206320
b111 '
0)
1"
#206330
0"
#206340
b1000 '
1"
#206350
0"
#206360
b1001 '
1"
#206370
0"
#206380
b0 '
1"
#206390
0"
#206400
1&
1!
b1 '
1(
1"
1#
#206410
0"
#206420
0&
b10 '
1)
1"
#206430
0"
#206440
b11 '
1"
#206450
0"
#206460
b100 '
1"
#206470
0"
#206480
b101 '
1"
#206490
0"
#206500
0!
b110 '
0(
1"
0#
#206510
0"
#206520
b111 '
0)
1"
#206530
0"
#206540
b1000 '
1"
#206550
0"
#206560
b1001 '
1"
#206570
0"
#206580
b0 '
1"
#206590
0"
#206600
1&
1!
b1 '
1(
1"
1#
#206610
0"
#206620
0&
b10 '
1)
1"
#206630
0"
#206640
b11 '
1"
#206650
0"
#206660
b100 '
1"
#206670
0"
#206680
b101 '
1"
#206690
0"
#206700
0!
b110 '
0(
1"
0#
#206710
0"
#206720
b111 '
0)
1"
#206730
0"
#206740
b1000 '
1"
#206750
0"
#206760
b1001 '
1"
#206770
0"
#206780
b0 '
1"
#206790
0"
#206800
1&
1!
b1 '
1(
1"
1#
#206810
0"
#206820
0&
b10 '
1)
1"
#206830
0"
#206840
b11 '
1"
#206850
0"
#206860
b100 '
1"
#206870
0"
#206880
b101 '
1"
#206890
0"
#206900
0!
b110 '
0(
1"
0#
#206910
0"
#206920
b111 '
0)
1"
#206930
0"
#206940
b1000 '
1"
#206950
0"
#206960
b1001 '
1"
#206970
0"
#206980
b0 '
1"
#206990
0"
#207000
1&
1!
b1 '
1(
1"
1#
#207010
0"
#207020
0&
b10 '
1)
1"
#207030
0"
#207040
b11 '
1"
#207050
0"
#207060
b100 '
1"
#207070
0"
#207080
b101 '
1"
#207090
0"
#207100
0!
b110 '
0(
1"
0#
#207110
0"
#207120
b111 '
0)
1"
#207130
0"
#207140
b1000 '
1"
#207150
0"
#207160
b1001 '
1"
#207170
0"
#207180
b0 '
1"
#207190
0"
#207200
1&
1!
b1 '
1(
1"
1#
#207210
0"
#207220
0&
b10 '
1)
1"
#207230
0"
#207240
b11 '
1"
#207250
0"
#207260
b100 '
1"
#207270
0"
#207280
b101 '
1"
#207290
0"
#207300
0!
b110 '
0(
1"
0#
#207310
0"
#207320
b111 '
0)
1"
#207330
0"
#207340
b1000 '
1"
#207350
0"
#207360
b1001 '
1"
#207370
0"
#207380
b0 '
1"
#207390
0"
#207400
1&
1!
b1 '
1(
1"
1#
#207410
0"
#207420
0&
b10 '
1)
1"
#207430
0"
#207440
b11 '
1"
#207450
0"
#207460
b100 '
1"
#207470
0"
#207480
b101 '
1"
#207490
0"
#207500
0!
b110 '
0(
1"
0#
#207510
0"
#207520
b111 '
0)
1"
#207530
0"
#207540
b1000 '
1"
#207550
0"
#207560
b1001 '
1"
#207570
0"
#207580
b0 '
1"
#207590
0"
#207600
1&
1!
b1 '
1(
1"
1#
#207610
0"
#207620
0&
b10 '
1)
1"
#207630
0"
#207640
b11 '
1"
#207650
0"
#207660
b100 '
1"
#207670
0"
#207680
b101 '
1"
#207690
0"
#207700
0!
b110 '
0(
1"
0#
#207710
0"
#207720
b111 '
0)
1"
#207730
0"
#207740
b1000 '
1"
#207750
0"
#207760
b1001 '
1"
#207770
0"
#207780
b0 '
1"
#207790
0"
#207800
1&
1!
b1 '
1(
1"
1#
#207810
0"
#207820
0&
b10 '
1)
1"
#207830
0"
#207840
b11 '
1"
#207850
0"
#207860
b100 '
1"
#207870
0"
#207880
b101 '
1"
#207890
0"
#207900
0!
b110 '
0(
1"
0#
#207910
0"
#207920
b111 '
0)
1"
#207930
0"
#207940
b1000 '
1"
#207950
0"
#207960
b1001 '
1"
#207970
0"
#207980
b0 '
1"
#207990
0"
#208000
1&
1!
b1 '
1(
1"
1#
#208010
0"
#208020
0&
b10 '
1)
1"
#208030
0"
#208040
b11 '
1"
#208050
0"
#208060
b100 '
1"
#208070
0"
#208080
b101 '
1"
#208090
0"
#208100
0!
b110 '
0(
1"
0#
#208110
0"
#208120
b111 '
0)
1"
#208130
0"
#208140
b1000 '
1"
#208150
0"
#208160
b1001 '
1"
#208170
0"
#208180
b0 '
1"
#208190
0"
#208200
1&
1!
b1 '
1(
1"
1#
#208210
0"
#208220
0&
b10 '
1)
1"
#208230
0"
#208240
b11 '
1"
#208250
0"
#208260
b100 '
1"
#208270
0"
#208280
b101 '
1"
#208290
0"
#208300
0!
b110 '
0(
1"
0#
#208310
0"
#208320
b111 '
0)
1"
#208330
0"
#208340
b1000 '
1"
#208350
0"
#208360
b1001 '
1"
#208370
0"
#208380
b0 '
1"
#208390
0"
#208400
1&
1!
b1 '
1(
1"
1#
#208410
0"
#208420
0&
b10 '
1)
1"
#208430
0"
#208440
b11 '
1"
#208450
0"
#208460
b100 '
1"
#208470
0"
#208480
b101 '
1"
#208490
0"
#208500
0!
b110 '
0(
1"
0#
#208510
0"
#208520
b111 '
0)
1"
#208530
0"
#208540
b1000 '
1"
#208550
0"
#208560
b1001 '
1"
#208570
0"
#208580
b0 '
1"
#208590
0"
#208600
1&
1!
b1 '
1(
1"
1#
#208610
0"
#208620
0&
b10 '
1)
1"
#208630
0"
#208640
b11 '
1"
#208650
0"
#208660
b100 '
1"
#208670
0"
#208680
b101 '
1"
#208690
0"
#208700
0!
b110 '
0(
1"
0#
#208710
0"
#208720
b111 '
0)
1"
#208730
0"
#208740
b1000 '
1"
#208750
0"
#208760
b1001 '
1"
#208770
0"
#208780
b0 '
1"
#208790
0"
#208800
1&
1!
b1 '
1(
1"
1#
#208810
0"
#208820
0&
b10 '
1)
1"
#208830
0"
#208840
b11 '
1"
#208850
0"
#208860
b100 '
1"
#208870
0"
#208880
b101 '
1"
#208890
0"
#208900
0!
b110 '
0(
1"
0#
#208910
0"
#208920
b111 '
0)
1"
#208930
0"
#208940
b1000 '
1"
#208950
0"
#208960
b1001 '
1"
#208970
0"
#208980
b0 '
1"
#208990
0"
#209000
1&
1!
b1 '
1(
1"
1#
#209010
0"
#209020
0&
b10 '
1)
1"
#209030
0"
#209040
b11 '
1"
#209050
0"
#209060
b100 '
1"
#209070
0"
#209080
b101 '
1"
#209090
0"
#209100
0!
b110 '
0(
1"
0#
#209110
0"
#209120
b111 '
0)
1"
#209130
0"
#209140
b1000 '
1"
#209150
0"
#209160
b1001 '
1"
#209170
0"
#209180
b0 '
1"
#209190
0"
#209200
1&
1!
b1 '
1(
1"
1#
#209210
0"
#209220
0&
b10 '
1)
1"
#209230
0"
#209240
b11 '
1"
#209250
0"
#209260
b100 '
1"
#209270
0"
#209280
b101 '
1"
#209290
0"
#209300
0!
b110 '
0(
1"
0#
#209310
0"
#209320
b111 '
0)
1"
#209330
0"
#209340
b1000 '
1"
#209350
0"
#209360
b1001 '
1"
#209370
0"
#209380
b0 '
1"
#209390
0"
#209400
1&
1!
b1 '
1(
1"
1#
#209410
0"
#209420
0&
b10 '
1)
1"
#209430
0"
#209440
b11 '
1"
#209450
0"
#209460
b100 '
1"
#209470
0"
#209480
b101 '
1"
#209490
0"
#209500
0!
b110 '
0(
1"
0#
#209510
0"
#209520
b111 '
0)
1"
#209530
0"
#209540
b1000 '
1"
#209550
0"
#209560
b1001 '
1"
#209570
0"
#209580
b0 '
1"
#209590
0"
#209600
1&
1!
b1 '
1(
1"
1#
#209610
0"
#209620
0&
b10 '
1)
1"
#209630
0"
#209640
b11 '
1"
#209650
0"
#209660
b100 '
1"
#209670
0"
#209680
b101 '
1"
#209690
0"
#209700
0!
b110 '
0(
1"
0#
#209710
0"
#209720
b111 '
0)
1"
#209730
0"
#209740
b1000 '
1"
#209750
0"
#209760
b1001 '
1"
#209770
0"
#209780
b0 '
1"
#209790
0"
#209800
1&
1!
b1 '
1(
1"
1#
#209810
0"
#209820
0&
b10 '
1)
1"
#209830
0"
#209840
b11 '
1"
#209850
0"
#209860
b100 '
1"
#209870
0"
#209880
b101 '
1"
#209890
0"
#209900
0!
b110 '
0(
1"
0#
#209910
0"
#209920
b111 '
0)
1"
#209930
0"
#209940
b1000 '
1"
#209950
0"
#209960
b1001 '
1"
#209970
0"
#209980
b0 '
1"
#209990
0"
#210000
1&
1!
b1 '
1(
1"
1#
#210010
0"
#210020
0&
b10 '
1)
1"
#210030
0"
#210040
b11 '
1"
#210050
0"
#210060
b100 '
1"
#210070
0"
#210080
b101 '
1"
#210090
0"
#210100
0!
b110 '
0(
1"
0#
#210110
0"
#210120
b111 '
0)
1"
#210130
0"
#210140
b1000 '
1"
#210150
0"
#210160
b1001 '
1"
#210170
0"
#210180
b0 '
1"
#210190
0"
#210200
1&
1!
b1 '
1(
1"
1#
#210210
0"
#210220
0&
b10 '
1)
1"
#210230
0"
#210240
b11 '
1"
#210250
0"
#210260
b100 '
1"
#210270
0"
#210280
b101 '
1"
#210290
0"
#210300
0!
b110 '
0(
1"
0#
#210310
0"
#210320
b111 '
0)
1"
#210330
0"
#210340
b1000 '
1"
#210350
0"
#210360
b1001 '
1"
#210370
0"
#210380
b0 '
1"
#210390
0"
#210400
1&
1!
b1 '
1(
1"
1#
#210410
0"
#210420
0&
b10 '
1)
1"
#210430
0"
#210440
b11 '
1"
#210450
0"
#210460
b100 '
1"
#210470
0"
#210480
b101 '
1"
#210490
0"
#210500
0!
b110 '
0(
1"
0#
#210510
0"
#210520
b111 '
0)
1"
#210530
0"
#210540
b1000 '
1"
#210550
0"
#210560
b1001 '
1"
#210570
0"
#210580
b0 '
1"
#210590
0"
#210600
1&
1!
b1 '
1(
1"
1#
#210610
0"
#210620
0&
b10 '
1)
1"
#210630
0"
#210640
b11 '
1"
#210650
0"
#210660
b100 '
1"
#210670
0"
#210680
b101 '
1"
#210690
0"
#210700
0!
b110 '
0(
1"
0#
#210710
0"
#210720
b111 '
0)
1"
#210730
0"
#210740
b1000 '
1"
#210750
0"
#210760
b1001 '
1"
#210770
0"
#210780
b0 '
1"
#210790
0"
#210800
1&
1!
b1 '
1(
1"
1#
#210810
0"
#210820
0&
b10 '
1)
1"
#210830
0"
#210840
b11 '
1"
#210850
0"
#210860
b100 '
1"
#210870
0"
#210880
b101 '
1"
#210890
0"
#210900
0!
b110 '
0(
1"
0#
#210910
0"
#210920
b111 '
0)
1"
#210930
0"
#210940
b1000 '
1"
#210950
0"
#210960
b1001 '
1"
#210970
0"
#210980
b0 '
1"
#210990
0"
#211000
1&
1!
b1 '
1(
1"
1#
#211010
0"
#211020
0&
b10 '
1)
1"
#211030
0"
#211040
b11 '
1"
#211050
0"
#211060
b100 '
1"
#211070
0"
#211080
b101 '
1"
#211090
0"
#211100
0!
b110 '
0(
1"
0#
#211110
0"
#211120
b111 '
0)
1"
#211130
0"
#211140
b1000 '
1"
#211150
0"
#211160
b1001 '
1"
#211170
0"
#211180
b0 '
1"
#211190
0"
#211200
1&
1!
b1 '
1(
1"
1#
#211210
0"
#211220
0&
b10 '
1)
1"
#211230
0"
#211240
b11 '
1"
#211250
0"
#211260
b100 '
1"
#211270
0"
#211280
b101 '
1"
#211290
0"
#211300
0!
b110 '
0(
1"
0#
#211310
0"
#211320
b111 '
0)
1"
#211330
0"
#211340
b1000 '
1"
#211350
0"
#211360
b1001 '
1"
#211370
0"
#211380
b0 '
1"
#211390
0"
#211400
1&
1!
b1 '
1(
1"
1#
#211410
0"
#211420
0&
b10 '
1)
1"
#211430
0"
#211440
b11 '
1"
#211450
0"
#211460
b100 '
1"
#211470
0"
#211480
b101 '
1"
#211490
0"
#211500
0!
b110 '
0(
1"
0#
#211510
0"
#211520
b111 '
0)
1"
#211530
0"
#211540
b1000 '
1"
#211550
0"
#211560
b1001 '
1"
#211570
0"
#211580
b0 '
1"
#211590
0"
#211600
1&
1!
b1 '
1(
1"
1#
#211610
0"
#211620
0&
b10 '
1)
1"
#211630
0"
#211640
b11 '
1"
#211650
0"
#211660
b100 '
1"
#211670
0"
#211680
b101 '
1"
#211690
0"
#211700
0!
b110 '
0(
1"
0#
#211710
0"
#211720
b111 '
0)
1"
#211730
0"
#211740
b1000 '
1"
#211750
0"
#211760
b1001 '
1"
#211770
0"
#211780
b0 '
1"
#211790
0"
#211800
1&
1!
b1 '
1(
1"
1#
#211810
0"
#211820
0&
b10 '
1)
1"
#211830
0"
#211840
b11 '
1"
#211850
0"
#211860
b100 '
1"
#211870
0"
#211880
b101 '
1"
#211890
0"
#211900
0!
b110 '
0(
1"
0#
#211910
0"
#211920
b111 '
0)
1"
#211930
0"
#211940
b1000 '
1"
#211950
0"
#211960
b1001 '
1"
#211970
0"
#211980
b0 '
1"
#211990
0"
#212000
1&
1!
b1 '
1(
1"
1#
#212010
0"
#212020
0&
b10 '
1)
1"
#212030
0"
#212040
b11 '
1"
#212050
0"
#212060
b100 '
1"
#212070
0"
#212080
b101 '
1"
#212090
0"
#212100
0!
b110 '
0(
1"
0#
#212110
0"
#212120
b111 '
0)
1"
#212130
0"
#212140
b1000 '
1"
#212150
0"
#212160
b1001 '
1"
#212170
0"
#212180
b0 '
1"
#212190
0"
#212200
1&
1!
b1 '
1(
1"
1#
#212210
0"
#212220
0&
b10 '
1)
1"
#212230
0"
#212240
b11 '
1"
#212250
0"
#212260
b100 '
1"
#212270
0"
#212280
b101 '
1"
#212290
0"
#212300
0!
b110 '
0(
1"
0#
#212310
0"
#212320
b111 '
0)
1"
#212330
0"
#212340
b1000 '
1"
#212350
0"
#212360
b1001 '
1"
#212370
0"
#212380
b0 '
1"
#212390
0"
#212400
1&
1!
b1 '
1(
1"
1#
#212410
0"
#212420
0&
b10 '
1)
1"
#212430
0"
#212440
b11 '
1"
#212450
0"
#212460
b100 '
1"
#212470
0"
#212480
b101 '
1"
#212490
0"
#212500
0!
b110 '
0(
1"
0#
#212510
0"
#212520
b111 '
0)
1"
#212530
0"
#212540
b1000 '
1"
#212550
0"
#212560
b1001 '
1"
#212570
0"
#212580
b0 '
1"
#212590
0"
#212600
1&
1!
b1 '
1(
1"
1#
#212610
0"
#212620
0&
b10 '
1)
1"
#212630
0"
#212640
b11 '
1"
#212650
0"
#212660
b100 '
1"
#212670
0"
#212680
b101 '
1"
#212690
0"
#212700
0!
b110 '
0(
1"
0#
#212710
0"
#212720
b111 '
0)
1"
#212730
0"
#212740
b1000 '
1"
#212750
0"
#212760
b1001 '
1"
#212770
0"
#212780
b0 '
1"
#212790
0"
#212800
1&
1!
b1 '
1(
1"
1#
#212810
0"
#212820
0&
b10 '
1)
1"
#212830
0"
#212840
b11 '
1"
#212850
0"
#212860
b100 '
1"
#212870
0"
#212880
b101 '
1"
#212890
0"
#212900
0!
b110 '
0(
1"
0#
#212910
0"
#212920
b111 '
0)
1"
#212930
0"
#212940
b1000 '
1"
#212950
0"
#212960
b1001 '
1"
#212970
0"
#212980
b0 '
1"
#212990
0"
#213000
1&
1!
b1 '
1(
1"
1#
#213010
0"
#213020
0&
b10 '
1)
1"
#213030
0"
#213040
b11 '
1"
#213050
0"
#213060
b100 '
1"
#213070
0"
#213080
b101 '
1"
#213090
0"
#213100
0!
b110 '
0(
1"
0#
#213110
0"
#213120
b111 '
0)
1"
#213130
0"
#213140
b1000 '
1"
#213150
0"
#213160
b1001 '
1"
#213170
0"
#213180
b0 '
1"
#213190
0"
#213200
1&
1!
b1 '
1(
1"
1#
#213210
0"
#213220
0&
b10 '
1)
1"
#213230
0"
#213240
b11 '
1"
#213250
0"
#213260
b100 '
1"
#213270
0"
#213280
b101 '
1"
#213290
0"
#213300
0!
b110 '
0(
1"
0#
#213310
0"
#213320
b111 '
0)
1"
#213330
0"
#213340
b1000 '
1"
#213350
0"
#213360
b1001 '
1"
#213370
0"
#213380
b0 '
1"
#213390
0"
#213400
1&
1!
b1 '
1(
1"
1#
#213410
0"
#213420
0&
b10 '
1)
1"
#213430
0"
#213440
b11 '
1"
#213450
0"
#213460
b100 '
1"
#213470
0"
#213480
b101 '
1"
#213490
0"
#213500
0!
b110 '
0(
1"
0#
#213510
0"
#213520
b111 '
0)
1"
#213530
0"
#213540
b1000 '
1"
#213550
0"
#213560
b1001 '
1"
#213570
0"
#213580
b0 '
1"
#213590
0"
#213600
1&
1!
b1 '
1(
1"
1#
#213610
0"
#213620
0&
b10 '
1)
1"
#213630
0"
#213640
b11 '
1"
#213650
0"
#213660
b100 '
1"
#213670
0"
#213680
b101 '
1"
#213690
0"
#213700
0!
b110 '
0(
1"
0#
#213710
0"
#213720
b111 '
0)
1"
#213730
0"
#213740
b1000 '
1"
#213750
0"
#213760
b1001 '
1"
#213770
0"
#213780
b0 '
1"
#213790
0"
#213800
1&
1!
b1 '
1(
1"
1#
#213810
0"
#213820
0&
b10 '
1)
1"
#213830
0"
#213840
b11 '
1"
#213850
0"
#213860
b100 '
1"
#213870
0"
#213880
b101 '
1"
#213890
0"
#213900
0!
b110 '
0(
1"
0#
#213910
0"
#213920
b111 '
0)
1"
#213930
0"
#213940
b1000 '
1"
#213950
0"
#213960
b1001 '
1"
#213970
0"
#213980
b0 '
1"
#213990
0"
#214000
1&
1!
b1 '
1(
1"
1#
#214010
0"
#214020
0&
b10 '
1)
1"
#214030
0"
#214040
b11 '
1"
#214050
0"
#214060
b100 '
1"
#214070
0"
#214080
b101 '
1"
#214090
0"
#214100
0!
b110 '
0(
1"
0#
#214110
0"
#214120
b111 '
0)
1"
#214130
0"
#214140
b1000 '
1"
#214150
0"
#214160
b1001 '
1"
#214170
0"
#214180
b0 '
1"
#214190
0"
#214200
1&
1!
b1 '
1(
1"
1#
#214210
0"
#214220
0&
b10 '
1)
1"
#214230
0"
#214240
b11 '
1"
#214250
0"
#214260
b100 '
1"
#214270
0"
#214280
b101 '
1"
#214290
0"
#214300
0!
b110 '
0(
1"
0#
#214310
0"
#214320
b111 '
0)
1"
#214330
0"
#214340
b1000 '
1"
#214350
0"
#214360
b1001 '
1"
#214370
0"
#214380
b0 '
1"
#214390
0"
#214400
1&
1!
b1 '
1(
1"
1#
#214410
0"
#214420
0&
b10 '
1)
1"
#214430
0"
#214440
b11 '
1"
#214450
0"
#214460
b100 '
1"
#214470
0"
#214480
b101 '
1"
#214490
0"
#214500
0!
b110 '
0(
1"
0#
#214510
0"
#214520
b111 '
0)
1"
#214530
0"
#214540
b1000 '
1"
#214550
0"
#214560
b1001 '
1"
#214570
0"
#214580
b0 '
1"
#214590
0"
#214600
1&
1!
b1 '
1(
1"
1#
#214610
0"
#214620
0&
b10 '
1)
1"
#214630
0"
#214640
b11 '
1"
#214650
0"
#214660
b100 '
1"
#214670
0"
#214680
b101 '
1"
#214690
0"
#214700
0!
b110 '
0(
1"
0#
#214710
0"
#214720
b111 '
0)
1"
#214730
0"
#214740
b1000 '
1"
#214750
0"
#214760
b1001 '
1"
#214770
0"
#214780
b0 '
1"
#214790
0"
#214800
1&
1!
b1 '
1(
1"
1#
#214810
0"
#214820
0&
b10 '
1)
1"
#214830
0"
#214840
b11 '
1"
#214850
0"
#214860
b100 '
1"
#214870
0"
#214880
b101 '
1"
#214890
0"
#214900
0!
b110 '
0(
1"
0#
#214910
0"
#214920
b111 '
0)
1"
#214930
0"
#214940
b1000 '
1"
#214950
0"
#214960
b1001 '
1"
#214970
0"
#214980
b0 '
1"
#214990
0"
#215000
1&
1!
b1 '
1(
1"
1#
#215010
0"
#215020
0&
b10 '
1)
1"
#215030
0"
#215040
b11 '
1"
#215050
0"
#215060
b100 '
1"
#215070
0"
#215080
b101 '
1"
#215090
0"
#215100
0!
b110 '
0(
1"
0#
#215110
0"
#215120
b111 '
0)
1"
#215130
0"
#215140
b1000 '
1"
#215150
0"
#215160
b1001 '
1"
#215170
0"
#215180
b0 '
1"
#215190
0"
#215200
1&
1!
b1 '
1(
1"
1#
#215210
0"
#215220
0&
b10 '
1)
1"
#215230
0"
#215240
b11 '
1"
#215250
0"
#215260
b100 '
1"
#215270
0"
#215280
b101 '
1"
#215290
0"
#215300
0!
b110 '
0(
1"
0#
#215310
0"
#215320
b111 '
0)
1"
#215330
0"
#215340
b1000 '
1"
#215350
0"
#215360
b1001 '
1"
#215370
0"
#215380
b0 '
1"
#215390
0"
#215400
1&
1!
b1 '
1(
1"
1#
#215410
0"
#215420
0&
b10 '
1)
1"
#215430
0"
#215440
b11 '
1"
#215450
0"
#215460
b100 '
1"
#215470
0"
#215480
b101 '
1"
#215490
0"
#215500
0!
b110 '
0(
1"
0#
#215510
0"
#215520
b111 '
0)
1"
#215530
0"
#215540
b1000 '
1"
#215550
0"
#215560
b1001 '
1"
#215570
0"
#215580
b0 '
1"
#215590
0"
#215600
1&
1!
b1 '
1(
1"
1#
#215610
0"
#215620
0&
b10 '
1)
1"
#215630
0"
#215640
b11 '
1"
#215650
0"
#215660
b100 '
1"
#215670
0"
#215680
b101 '
1"
#215690
0"
#215700
0!
b110 '
0(
1"
0#
#215710
0"
#215720
b111 '
0)
1"
#215730
0"
#215740
b1000 '
1"
#215750
0"
#215760
b1001 '
1"
#215770
0"
#215780
b0 '
1"
#215790
0"
#215800
1&
1!
b1 '
1(
1"
1#
#215810
0"
#215820
0&
b10 '
1)
1"
#215830
0"
#215840
b11 '
1"
#215850
0"
#215860
b100 '
1"
#215870
0"
#215880
b101 '
1"
#215890
0"
#215900
0!
b110 '
0(
1"
0#
#215910
0"
#215920
b111 '
0)
1"
#215930
0"
#215940
b1000 '
1"
#215950
0"
#215960
b1001 '
1"
#215970
0"
#215980
b0 '
1"
#215990
0"
#216000
1&
1!
b1 '
1(
1"
1#
#216010
0"
#216020
0&
b10 '
1)
1"
#216030
0"
#216040
b11 '
1"
#216050
0"
#216060
b100 '
1"
#216070
0"
#216080
b101 '
1"
#216090
0"
#216100
0!
b110 '
0(
1"
0#
#216110
0"
#216120
b111 '
0)
1"
#216130
0"
#216140
b1000 '
1"
#216150
0"
#216160
b1001 '
1"
#216170
0"
#216180
b0 '
1"
#216190
0"
#216200
1&
1!
b1 '
1(
1"
1#
#216210
0"
#216220
0&
b10 '
1)
1"
#216230
0"
#216240
b11 '
1"
#216250
0"
#216260
b100 '
1"
#216270
0"
#216280
b101 '
1"
#216290
0"
#216300
0!
b110 '
0(
1"
0#
#216310
0"
#216320
b111 '
0)
1"
#216330
0"
#216340
b1000 '
1"
#216350
0"
#216360
b1001 '
1"
#216370
0"
#216380
b0 '
1"
#216390
0"
#216400
1&
1!
b1 '
1(
1"
1#
#216410
0"
#216420
0&
b10 '
1)
1"
#216430
0"
#216440
b11 '
1"
#216450
0"
#216460
b100 '
1"
#216470
0"
#216480
b101 '
1"
#216490
0"
#216500
0!
b110 '
0(
1"
0#
#216510
0"
#216520
b111 '
0)
1"
#216530
0"
#216540
b1000 '
1"
#216550
0"
#216560
b1001 '
1"
#216570
0"
#216580
b0 '
1"
#216590
0"
#216600
1&
1!
b1 '
1(
1"
1#
#216610
0"
#216620
0&
b10 '
1)
1"
#216630
0"
#216640
b11 '
1"
#216650
0"
#216660
b100 '
1"
#216670
0"
#216680
b101 '
1"
#216690
0"
#216700
0!
b110 '
0(
1"
0#
#216710
0"
#216720
b111 '
0)
1"
#216730
0"
#216740
b1000 '
1"
#216750
0"
#216760
b1001 '
1"
#216770
0"
#216780
b0 '
1"
#216790
0"
#216800
1&
1!
b1 '
1(
1"
1#
#216810
0"
#216820
0&
b10 '
1)
1"
#216830
0"
#216840
b11 '
1"
#216850
0"
#216860
b100 '
1"
#216870
0"
#216880
b101 '
1"
#216890
0"
#216900
0!
b110 '
0(
1"
0#
#216910
0"
#216920
b111 '
0)
1"
#216930
0"
#216940
b1000 '
1"
#216950
0"
#216960
b1001 '
1"
#216970
0"
#216980
b0 '
1"
#216990
0"
#217000
1&
1!
b1 '
1(
1"
1#
#217010
0"
#217020
0&
b10 '
1)
1"
#217030
0"
#217040
b11 '
1"
#217050
0"
#217060
b100 '
1"
#217070
0"
#217080
b101 '
1"
#217090
0"
#217100
0!
b110 '
0(
1"
0#
#217110
0"
#217120
b111 '
0)
1"
#217130
0"
#217140
b1000 '
1"
#217150
0"
#217160
b1001 '
1"
#217170
0"
#217180
b0 '
1"
#217190
0"
#217200
1&
1!
b1 '
1(
1"
1#
#217210
0"
#217220
0&
b10 '
1)
1"
#217230
0"
#217240
b11 '
1"
#217250
0"
#217260
b100 '
1"
#217270
0"
#217280
b101 '
1"
#217290
0"
#217300
0!
b110 '
0(
1"
0#
#217310
0"
#217320
b111 '
0)
1"
#217330
0"
#217340
b1000 '
1"
#217350
0"
#217360
b1001 '
1"
#217370
0"
#217380
b0 '
1"
#217390
0"
#217400
1&
1!
b1 '
1(
1"
1#
#217410
0"
#217420
0&
b10 '
1)
1"
#217430
0"
#217440
b11 '
1"
#217450
0"
#217460
b100 '
1"
#217470
0"
#217480
b101 '
1"
#217490
0"
#217500
0!
b110 '
0(
1"
0#
#217510
0"
#217520
b111 '
0)
1"
#217530
0"
#217540
b1000 '
1"
#217550
0"
#217560
b1001 '
1"
#217570
0"
#217580
b0 '
1"
#217590
0"
#217600
1&
1!
b1 '
1(
1"
1#
#217610
0"
#217620
0&
b10 '
1)
1"
#217630
0"
#217640
b11 '
1"
#217650
0"
#217660
b100 '
1"
#217670
0"
#217680
b101 '
1"
#217690
0"
#217700
0!
b110 '
0(
1"
0#
#217710
0"
#217720
b111 '
0)
1"
#217730
0"
#217740
b1000 '
1"
#217750
0"
#217760
b1001 '
1"
#217770
0"
#217780
b0 '
1"
#217790
0"
#217800
1&
1!
b1 '
1(
1"
1#
#217810
0"
#217820
0&
b10 '
1)
1"
#217830
0"
#217840
b11 '
1"
#217850
0"
#217860
b100 '
1"
#217870
0"
#217880
b101 '
1"
#217890
0"
#217900
0!
b110 '
0(
1"
0#
#217910
0"
#217920
b111 '
0)
1"
#217930
0"
#217940
b1000 '
1"
#217950
0"
#217960
b1001 '
1"
#217970
0"
#217980
b0 '
1"
#217990
0"
#218000
1&
1!
b1 '
1(
1"
1#
#218010
0"
#218020
0&
b10 '
1)
1"
#218030
0"
#218040
b11 '
1"
#218050
0"
#218060
b100 '
1"
#218070
0"
#218080
b101 '
1"
#218090
0"
#218100
0!
b110 '
0(
1"
0#
#218110
0"
#218120
b111 '
0)
1"
#218130
0"
#218140
b1000 '
1"
#218150
0"
#218160
b1001 '
1"
#218170
0"
#218180
b0 '
1"
#218190
0"
#218200
1&
1!
b1 '
1(
1"
1#
#218210
0"
#218220
0&
b10 '
1)
1"
#218230
0"
#218240
b11 '
1"
#218250
0"
#218260
b100 '
1"
#218270
0"
#218280
b101 '
1"
#218290
0"
#218300
0!
b110 '
0(
1"
0#
#218310
0"
#218320
b111 '
0)
1"
#218330
0"
#218340
b1000 '
1"
#218350
0"
#218360
b1001 '
1"
#218370
0"
#218380
b0 '
1"
#218390
0"
#218400
1&
1!
b1 '
1(
1"
1#
#218410
0"
#218420
0&
b10 '
1)
1"
#218430
0"
#218440
b11 '
1"
#218450
0"
#218460
b100 '
1"
#218470
0"
#218480
b101 '
1"
#218490
0"
#218500
0!
b110 '
0(
1"
0#
#218510
0"
#218520
b111 '
0)
1"
#218530
0"
#218540
b1000 '
1"
#218550
0"
#218560
b1001 '
1"
#218570
0"
#218580
b0 '
1"
#218590
0"
#218600
1&
1!
b1 '
1(
1"
1#
#218610
0"
#218620
0&
b10 '
1)
1"
#218630
0"
#218640
b11 '
1"
#218650
0"
#218660
b100 '
1"
#218670
0"
#218680
b101 '
1"
#218690
0"
#218700
0!
b110 '
0(
1"
0#
#218710
0"
#218720
b111 '
0)
1"
#218730
0"
#218740
b1000 '
1"
#218750
0"
#218760
b1001 '
1"
#218770
0"
#218780
b0 '
1"
#218790
0"
#218800
1&
1!
b1 '
1(
1"
1#
#218810
0"
#218820
0&
b10 '
1)
1"
#218830
0"
#218840
b11 '
1"
#218850
0"
#218860
b100 '
1"
#218870
0"
#218880
b101 '
1"
#218890
0"
#218900
0!
b110 '
0(
1"
0#
#218910
0"
#218920
b111 '
0)
1"
#218930
0"
#218940
b1000 '
1"
#218950
0"
#218960
b1001 '
1"
#218970
0"
#218980
b0 '
1"
#218990
0"
#219000
1&
1!
b1 '
1(
1"
1#
#219010
0"
#219020
0&
b10 '
1)
1"
#219030
0"
#219040
b11 '
1"
#219050
0"
#219060
b100 '
1"
#219070
0"
#219080
b101 '
1"
#219090
0"
#219100
0!
b110 '
0(
1"
0#
#219110
0"
#219120
b111 '
0)
1"
#219130
0"
#219140
b1000 '
1"
#219150
0"
#219160
b1001 '
1"
#219170
0"
#219180
b0 '
1"
#219190
0"
#219200
1&
1!
b1 '
1(
1"
1#
#219210
0"
#219220
0&
b10 '
1)
1"
#219230
0"
#219240
b11 '
1"
#219250
0"
#219260
b100 '
1"
#219270
0"
#219280
b101 '
1"
#219290
0"
#219300
0!
b110 '
0(
1"
0#
#219310
0"
#219320
b111 '
0)
1"
#219330
0"
#219340
b1000 '
1"
#219350
0"
#219360
b1001 '
1"
#219370
0"
#219380
b0 '
1"
#219390
0"
#219400
1&
1!
b1 '
1(
1"
1#
#219410
0"
#219420
0&
b10 '
1)
1"
#219430
0"
#219440
b11 '
1"
#219450
0"
#219460
b100 '
1"
#219470
0"
#219480
b101 '
1"
#219490
0"
#219500
0!
b110 '
0(
1"
0#
#219510
0"
#219520
b111 '
0)
1"
#219530
0"
#219540
b1000 '
1"
#219550
0"
#219560
b1001 '
1"
#219570
0"
#219580
b0 '
1"
#219590
0"
#219600
1&
1!
b1 '
1(
1"
1#
#219610
0"
#219620
0&
b10 '
1)
1"
#219630
0"
#219640
b11 '
1"
#219650
0"
#219660
b100 '
1"
#219670
0"
#219680
b101 '
1"
#219690
0"
#219700
0!
b110 '
0(
1"
0#
#219710
0"
#219720
b111 '
0)
1"
#219730
0"
#219740
b1000 '
1"
#219750
0"
#219760
b1001 '
1"
#219770
0"
#219780
b0 '
1"
#219790
0"
#219800
1&
1!
b1 '
1(
1"
1#
#219810
0"
#219820
0&
b10 '
1)
1"
#219830
0"
#219840
b11 '
1"
#219850
0"
#219860
b100 '
1"
#219870
0"
#219880
b101 '
1"
#219890
0"
#219900
0!
b110 '
0(
1"
0#
#219910
0"
#219920
b111 '
0)
1"
#219930
0"
#219940
b1000 '
1"
#219950
0"
#219960
b1001 '
1"
#219970
0"
#219980
b0 '
1"
#219990
0"
#220000
1&
1!
b1 '
1(
1"
1#
#220010
0"
#220020
0&
b10 '
1)
1"
#220030
0"
#220040
b11 '
1"
#220050
0"
#220060
b100 '
1"
#220070
0"
#220080
b101 '
1"
#220090
0"
#220100
0!
b110 '
0(
1"
0#
#220110
0"
#220120
b111 '
0)
1"
#220130
0"
#220140
b1000 '
1"
#220150
0"
#220160
b1001 '
1"
#220170
0"
#220180
b0 '
1"
#220190
0"
#220200
1&
1!
b1 '
1(
1"
1#
#220210
0"
#220220
0&
b10 '
1)
1"
#220230
0"
#220240
b11 '
1"
#220250
0"
#220260
b100 '
1"
#220270
0"
#220280
b101 '
1"
#220290
0"
#220300
0!
b110 '
0(
1"
0#
#220310
0"
#220320
b111 '
0)
1"
#220330
0"
#220340
b1000 '
1"
#220350
0"
#220360
b1001 '
1"
#220370
0"
#220380
b0 '
1"
#220390
0"
#220400
1&
1!
b1 '
1(
1"
1#
#220410
0"
#220420
0&
b10 '
1)
1"
#220430
0"
#220440
b11 '
1"
#220450
0"
#220460
b100 '
1"
#220470
0"
#220480
b101 '
1"
#220490
0"
#220500
0!
b110 '
0(
1"
0#
#220510
0"
#220520
b111 '
0)
1"
#220530
0"
#220540
b1000 '
1"
#220550
0"
#220560
b1001 '
1"
#220570
0"
#220580
b0 '
1"
#220590
0"
#220600
1&
1!
b1 '
1(
1"
1#
#220610
0"
#220620
0&
b10 '
1)
1"
#220630
0"
#220640
b11 '
1"
#220650
0"
#220660
b100 '
1"
#220670
0"
#220680
b101 '
1"
#220690
0"
#220700
0!
b110 '
0(
1"
0#
#220710
0"
#220720
b111 '
0)
1"
#220730
0"
#220740
b1000 '
1"
#220750
0"
#220760
b1001 '
1"
#220770
0"
#220780
b0 '
1"
#220790
0"
#220800
1&
1!
b1 '
1(
1"
1#
#220810
0"
#220820
0&
b10 '
1)
1"
#220830
0"
#220840
b11 '
1"
#220850
0"
#220860
b100 '
1"
#220870
0"
#220880
b101 '
1"
#220890
0"
#220900
0!
b110 '
0(
1"
0#
#220910
0"
#220920
b111 '
0)
1"
#220930
0"
#220940
b1000 '
1"
#220950
0"
#220960
b1001 '
1"
#220970
0"
#220980
b0 '
1"
#220990
0"
#221000
1&
1!
b1 '
1(
1"
1#
#221010
0"
#221020
0&
b10 '
1)
1"
#221030
0"
#221040
b11 '
1"
#221050
0"
#221060
b100 '
1"
#221070
0"
#221080
b101 '
1"
#221090
0"
#221100
0!
b110 '
0(
1"
0#
#221110
0"
#221120
b111 '
0)
1"
#221130
0"
#221140
b1000 '
1"
#221150
0"
#221160
b1001 '
1"
#221170
0"
#221180
b0 '
1"
#221190
0"
#221200
1&
1!
b1 '
1(
1"
1#
#221210
0"
#221220
0&
b10 '
1)
1"
#221230
0"
#221240
b11 '
1"
#221250
0"
#221260
b100 '
1"
#221270
0"
#221280
b101 '
1"
#221290
0"
#221300
0!
b110 '
0(
1"
0#
#221310
0"
#221320
b111 '
0)
1"
#221330
0"
#221340
b1000 '
1"
#221350
0"
#221360
b1001 '
1"
#221370
0"
#221380
b0 '
1"
#221390
0"
#221400
1&
1!
b1 '
1(
1"
1#
#221410
0"
#221420
0&
b10 '
1)
1"
#221430
0"
#221440
b11 '
1"
#221450
0"
#221460
b100 '
1"
#221470
0"
#221480
b101 '
1"
#221490
0"
#221500
0!
b110 '
0(
1"
0#
#221510
0"
#221520
b111 '
0)
1"
#221530
0"
#221540
b1000 '
1"
#221550
0"
#221560
b1001 '
1"
#221570
0"
#221580
b0 '
1"
#221590
0"
#221600
1&
1!
b1 '
1(
1"
1#
#221610
0"
#221620
0&
b10 '
1)
1"
#221630
0"
#221640
b11 '
1"
#221650
0"
#221660
b100 '
1"
#221670
0"
#221680
b101 '
1"
#221690
0"
#221700
0!
b110 '
0(
1"
0#
#221710
0"
#221720
b111 '
0)
1"
#221730
0"
#221740
b1000 '
1"
#221750
0"
#221760
b1001 '
1"
#221770
0"
#221780
b0 '
1"
#221790
0"
#221800
1&
1!
b1 '
1(
1"
1#
#221810
0"
#221820
0&
b10 '
1)
1"
#221830
0"
#221840
b11 '
1"
#221850
0"
#221860
b100 '
1"
#221870
0"
#221880
b101 '
1"
#221890
0"
#221900
0!
b110 '
0(
1"
0#
#221910
0"
#221920
b111 '
0)
1"
#221930
0"
#221940
b1000 '
1"
#221950
0"
#221960
b1001 '
1"
#221970
0"
#221980
b0 '
1"
#221990
0"
#222000
1&
1!
b1 '
1(
1"
1#
#222010
0"
#222020
0&
b10 '
1)
1"
#222030
0"
#222040
b11 '
1"
#222050
0"
#222060
b100 '
1"
#222070
0"
#222080
b101 '
1"
#222090
0"
#222100
0!
b110 '
0(
1"
0#
#222110
0"
#222120
b111 '
0)
1"
#222130
0"
#222140
b1000 '
1"
#222150
0"
#222160
b1001 '
1"
#222170
0"
#222180
b0 '
1"
#222190
0"
#222200
1&
1!
b1 '
1(
1"
1#
#222210
0"
#222220
0&
b10 '
1)
1"
#222230
0"
#222240
b11 '
1"
#222250
0"
#222260
b100 '
1"
#222270
0"
#222280
b101 '
1"
#222290
0"
#222300
0!
b110 '
0(
1"
0#
#222310
0"
#222320
b111 '
0)
1"
#222330
0"
#222340
b1000 '
1"
#222350
0"
#222360
b1001 '
1"
#222370
0"
#222380
b0 '
1"
#222390
0"
#222400
1&
1!
b1 '
1(
1"
1#
#222410
0"
#222420
0&
b10 '
1)
1"
#222430
0"
#222440
b11 '
1"
#222450
0"
#222460
b100 '
1"
#222470
0"
#222480
b101 '
1"
#222490
0"
#222500
0!
b110 '
0(
1"
0#
#222510
0"
#222520
b111 '
0)
1"
#222530
0"
#222540
b1000 '
1"
#222550
0"
#222560
b1001 '
1"
#222570
0"
#222580
b0 '
1"
#222590
0"
#222600
1&
1!
b1 '
1(
1"
1#
#222610
0"
#222620
0&
b10 '
1)
1"
#222630
0"
#222640
b11 '
1"
#222650
0"
#222660
b100 '
1"
#222670
0"
#222680
b101 '
1"
#222690
0"
#222700
0!
b110 '
0(
1"
0#
#222710
0"
#222720
b111 '
0)
1"
#222730
0"
#222740
b1000 '
1"
#222750
0"
#222760
b1001 '
1"
#222770
0"
#222780
b0 '
1"
#222790
0"
#222800
1&
1!
b1 '
1(
1"
1#
#222810
0"
#222820
0&
b10 '
1)
1"
#222830
0"
#222840
b11 '
1"
#222850
0"
#222860
b100 '
1"
#222870
0"
#222880
b101 '
1"
#222890
0"
#222900
0!
b110 '
0(
1"
0#
#222910
0"
#222920
b111 '
0)
1"
#222930
0"
#222940
b1000 '
1"
#222950
0"
#222960
b1001 '
1"
#222970
0"
#222980
b0 '
1"
#222990
0"
#223000
1&
1!
b1 '
1(
1"
1#
#223010
0"
#223020
0&
b10 '
1)
1"
#223030
0"
#223040
b11 '
1"
#223050
0"
#223060
b100 '
1"
#223070
0"
#223080
b101 '
1"
#223090
0"
#223100
0!
b110 '
0(
1"
0#
#223110
0"
#223120
b111 '
0)
1"
#223130
0"
#223140
b1000 '
1"
#223150
0"
#223160
b1001 '
1"
#223170
0"
#223180
b0 '
1"
#223190
0"
#223200
1&
1!
b1 '
1(
1"
1#
#223210
0"
#223220
0&
b10 '
1)
1"
#223230
0"
#223240
b11 '
1"
#223250
0"
#223260
b100 '
1"
#223270
0"
#223280
b101 '
1"
#223290
0"
#223300
0!
b110 '
0(
1"
0#
#223310
0"
#223320
b111 '
0)
1"
#223330
0"
#223340
b1000 '
1"
#223350
0"
#223360
b1001 '
1"
#223370
0"
#223380
b0 '
1"
#223390
0"
#223400
1&
1!
b1 '
1(
1"
1#
#223410
0"
#223420
0&
b10 '
1)
1"
#223430
0"
#223440
b11 '
1"
#223450
0"
#223460
b100 '
1"
#223470
0"
#223480
b101 '
1"
#223490
0"
#223500
0!
b110 '
0(
1"
0#
#223510
0"
#223520
b111 '
0)
1"
#223530
0"
#223540
b1000 '
1"
#223550
0"
#223560
b1001 '
1"
#223570
0"
#223580
b0 '
1"
#223590
0"
#223600
1&
1!
b1 '
1(
1"
1#
#223610
0"
#223620
0&
b10 '
1)
1"
#223630
0"
#223640
b11 '
1"
#223650
0"
#223660
b100 '
1"
#223670
0"
#223680
b101 '
1"
#223690
0"
#223700
0!
b110 '
0(
1"
0#
#223710
0"
#223720
b111 '
0)
1"
#223730
0"
#223740
b1000 '
1"
#223750
0"
#223760
b1001 '
1"
#223770
0"
#223780
b0 '
1"
#223790
0"
#223800
1&
1!
b1 '
1(
1"
1#
#223810
0"
#223820
0&
b10 '
1)
1"
#223830
0"
#223840
b11 '
1"
#223850
0"
#223860
b100 '
1"
#223870
0"
#223880
b101 '
1"
#223890
0"
#223900
0!
b110 '
0(
1"
0#
#223910
0"
#223920
b111 '
0)
1"
#223930
0"
#223940
b1000 '
1"
#223950
0"
#223960
b1001 '
1"
#223970
0"
#223980
b0 '
1"
#223990
0"
#224000
1&
1!
b1 '
1(
1"
1#
#224010
0"
#224020
0&
b10 '
1)
1"
#224030
0"
#224040
b11 '
1"
#224050
0"
#224060
b100 '
1"
#224070
0"
#224080
b101 '
1"
#224090
0"
#224100
0!
b110 '
0(
1"
0#
#224110
0"
#224120
b111 '
0)
1"
#224130
0"
#224140
b1000 '
1"
#224150
0"
#224160
b1001 '
1"
#224170
0"
#224180
b0 '
1"
#224190
0"
#224200
1&
1!
b1 '
1(
1"
1#
#224210
0"
#224220
0&
b10 '
1)
1"
#224230
0"
#224240
b11 '
1"
#224250
0"
#224260
b100 '
1"
#224270
0"
#224280
b101 '
1"
#224290
0"
#224300
0!
b110 '
0(
1"
0#
#224310
0"
#224320
b111 '
0)
1"
#224330
0"
#224340
b1000 '
1"
#224350
0"
#224360
b1001 '
1"
#224370
0"
#224380
b0 '
1"
#224390
0"
#224400
1&
1!
b1 '
1(
1"
1#
#224410
0"
#224420
0&
b10 '
1)
1"
#224430
0"
#224440
b11 '
1"
#224450
0"
#224460
b100 '
1"
#224470
0"
#224480
b101 '
1"
#224490
0"
#224500
0!
b110 '
0(
1"
0#
#224510
0"
#224520
b111 '
0)
1"
#224530
0"
#224540
b1000 '
1"
#224550
0"
#224560
b1001 '
1"
#224570
0"
#224580
b0 '
1"
#224590
0"
#224600
1&
1!
b1 '
1(
1"
1#
#224610
0"
#224620
0&
b10 '
1)
1"
#224630
0"
#224640
b11 '
1"
#224650
0"
#224660
b100 '
1"
#224670
0"
#224680
b101 '
1"
#224690
0"
#224700
0!
b110 '
0(
1"
0#
#224710
0"
#224720
b111 '
0)
1"
#224730
0"
#224740
b1000 '
1"
#224750
0"
#224760
b1001 '
1"
#224770
0"
#224780
b0 '
1"
#224790
0"
#224800
1&
1!
b1 '
1(
1"
1#
#224810
0"
#224820
0&
b10 '
1)
1"
#224830
0"
#224840
b11 '
1"
#224850
0"
#224860
b100 '
1"
#224870
0"
#224880
b101 '
1"
#224890
0"
#224900
0!
b110 '
0(
1"
0#
#224910
0"
#224920
b111 '
0)
1"
#224930
0"
#224940
b1000 '
1"
#224950
0"
#224960
b1001 '
1"
#224970
0"
#224980
b0 '
1"
#224990
0"
#225000
1&
1!
b1 '
1(
1"
1#
#225010
0"
#225020
0&
b10 '
1)
1"
#225030
0"
#225040
b11 '
1"
#225050
0"
#225060
b100 '
1"
#225070
0"
#225080
b101 '
1"
#225090
0"
#225100
0!
b110 '
0(
1"
0#
#225110
0"
#225120
b111 '
0)
1"
#225130
0"
#225140
b1000 '
1"
#225150
0"
#225160
b1001 '
1"
#225170
0"
#225180
b0 '
1"
#225190
0"
#225200
1&
1!
b1 '
1(
1"
1#
#225210
0"
#225220
0&
b10 '
1)
1"
#225230
0"
#225240
b11 '
1"
#225250
0"
#225260
b100 '
1"
#225270
0"
#225280
b101 '
1"
#225290
0"
#225300
0!
b110 '
0(
1"
0#
#225310
0"
#225320
b111 '
0)
1"
#225330
0"
#225340
b1000 '
1"
#225350
0"
#225360
b1001 '
1"
#225370
0"
#225380
b0 '
1"
#225390
0"
#225400
1&
1!
b1 '
1(
1"
1#
#225410
0"
#225420
0&
b10 '
1)
1"
#225430
0"
#225440
b11 '
1"
#225450
0"
#225460
b100 '
1"
#225470
0"
#225480
b101 '
1"
#225490
0"
#225500
0!
b110 '
0(
1"
0#
#225510
0"
#225520
b111 '
0)
1"
#225530
0"
#225540
b1000 '
1"
#225550
0"
#225560
b1001 '
1"
#225570
0"
#225580
b0 '
1"
#225590
0"
#225600
1&
1!
b1 '
1(
1"
1#
#225610
0"
#225620
0&
b10 '
1)
1"
#225630
0"
#225640
b11 '
1"
#225650
0"
#225660
b100 '
1"
#225670
0"
#225680
b101 '
1"
#225690
0"
#225700
0!
b110 '
0(
1"
0#
#225710
0"
#225720
b111 '
0)
1"
#225730
0"
#225740
b1000 '
1"
#225750
0"
#225760
b1001 '
1"
#225770
0"
#225780
b0 '
1"
#225790
0"
#225800
1&
1!
b1 '
1(
1"
1#
#225810
0"
#225820
0&
b10 '
1)
1"
#225830
0"
#225840
b11 '
1"
#225850
0"
#225860
b100 '
1"
#225870
0"
#225880
b101 '
1"
#225890
0"
#225900
0!
b110 '
0(
1"
0#
#225910
0"
#225920
b111 '
0)
1"
#225930
0"
#225940
b1000 '
1"
#225950
0"
#225960
b1001 '
1"
#225970
0"
#225980
b0 '
1"
#225990
0"
#226000
1&
1!
b1 '
1(
1"
1#
#226010
0"
#226020
0&
b10 '
1)
1"
#226030
0"
#226040
b11 '
1"
#226050
0"
#226060
b100 '
1"
#226070
0"
#226080
b101 '
1"
#226090
0"
#226100
0!
b110 '
0(
1"
0#
#226110
0"
#226120
b111 '
0)
1"
#226130
0"
#226140
b1000 '
1"
#226150
0"
#226160
b1001 '
1"
#226170
0"
#226180
b0 '
1"
#226190
0"
#226200
1&
1!
b1 '
1(
1"
1#
#226210
0"
#226220
0&
b10 '
1)
1"
#226230
0"
#226240
b11 '
1"
#226250
0"
#226260
b100 '
1"
#226270
0"
#226280
b101 '
1"
#226290
0"
#226300
0!
b110 '
0(
1"
0#
#226310
0"
#226320
b111 '
0)
1"
#226330
0"
#226340
b1000 '
1"
#226350
0"
#226360
b1001 '
1"
#226370
0"
#226380
b0 '
1"
#226390
0"
#226400
1&
1!
b1 '
1(
1"
1#
#226410
0"
#226420
0&
b10 '
1)
1"
#226430
0"
#226440
b11 '
1"
#226450
0"
#226460
b100 '
1"
#226470
0"
#226480
b101 '
1"
#226490
0"
#226500
0!
b110 '
0(
1"
0#
#226510
0"
#226520
b111 '
0)
1"
#226530
0"
#226540
b1000 '
1"
#226550
0"
#226560
b1001 '
1"
#226570
0"
#226580
b0 '
1"
#226590
0"
#226600
1&
1!
b1 '
1(
1"
1#
#226610
0"
#226620
0&
b10 '
1)
1"
#226630
0"
#226640
b11 '
1"
#226650
0"
#226660
b100 '
1"
#226670
0"
#226680
b101 '
1"
#226690
0"
#226700
0!
b110 '
0(
1"
0#
#226710
0"
#226720
b111 '
0)
1"
#226730
0"
#226740
b1000 '
1"
#226750
0"
#226760
b1001 '
1"
#226770
0"
#226780
b0 '
1"
#226790
0"
#226800
1&
1!
b1 '
1(
1"
1#
#226810
0"
#226820
0&
b10 '
1)
1"
#226830
0"
#226840
b11 '
1"
#226850
0"
#226860
b100 '
1"
#226870
0"
#226880
b101 '
1"
#226890
0"
#226900
0!
b110 '
0(
1"
0#
#226910
0"
#226920
b111 '
0)
1"
#226930
0"
#226940
b1000 '
1"
#226950
0"
#226960
b1001 '
1"
#226970
0"
#226980
b0 '
1"
#226990
0"
#227000
1&
1!
b1 '
1(
1"
1#
#227010
0"
#227020
0&
b10 '
1)
1"
#227030
0"
#227040
b11 '
1"
#227050
0"
#227060
b100 '
1"
#227070
0"
#227080
b101 '
1"
#227090
0"
#227100
0!
b110 '
0(
1"
0#
#227110
0"
#227120
b111 '
0)
1"
#227130
0"
#227140
b1000 '
1"
#227150
0"
#227160
b1001 '
1"
#227170
0"
#227180
b0 '
1"
#227190
0"
#227200
1&
1!
b1 '
1(
1"
1#
#227210
0"
#227220
0&
b10 '
1)
1"
#227230
0"
#227240
b11 '
1"
#227250
0"
#227260
b100 '
1"
#227270
0"
#227280
b101 '
1"
#227290
0"
#227300
0!
b110 '
0(
1"
0#
#227310
0"
#227320
b111 '
0)
1"
#227330
0"
#227340
b1000 '
1"
#227350
0"
#227360
b1001 '
1"
#227370
0"
#227380
b0 '
1"
#227390
0"
#227400
1&
1!
b1 '
1(
1"
1#
#227410
0"
#227420
0&
b10 '
1)
1"
#227430
0"
#227440
b11 '
1"
#227450
0"
#227460
b100 '
1"
#227470
0"
#227480
b101 '
1"
#227490
0"
#227500
0!
b110 '
0(
1"
0#
#227510
0"
#227520
b111 '
0)
1"
#227530
0"
#227540
b1000 '
1"
#227550
0"
#227560
b1001 '
1"
#227570
0"
#227580
b0 '
1"
#227590
0"
#227600
1&
1!
b1 '
1(
1"
1#
#227610
0"
#227620
0&
b10 '
1)
1"
#227630
0"
#227640
b11 '
1"
#227650
0"
#227660
b100 '
1"
#227670
0"
#227680
b101 '
1"
#227690
0"
#227700
0!
b110 '
0(
1"
0#
#227710
0"
#227720
b111 '
0)
1"
#227730
0"
#227740
b1000 '
1"
#227750
0"
#227760
b1001 '
1"
#227770
0"
#227780
b0 '
1"
#227790
0"
#227800
1&
1!
b1 '
1(
1"
1#
#227810
0"
#227820
0&
b10 '
1)
1"
#227830
0"
#227840
b11 '
1"
#227850
0"
#227860
b100 '
1"
#227870
0"
#227880
b101 '
1"
#227890
0"
#227900
0!
b110 '
0(
1"
0#
#227910
0"
#227920
b111 '
0)
1"
#227930
0"
#227940
b1000 '
1"
#227950
0"
#227960
b1001 '
1"
#227970
0"
#227980
b0 '
1"
#227990
0"
#228000
1&
1!
b1 '
1(
1"
1#
#228010
0"
#228020
0&
b10 '
1)
1"
#228030
0"
#228040
b11 '
1"
#228050
0"
#228060
b100 '
1"
#228070
0"
#228080
b101 '
1"
#228090
0"
#228100
0!
b110 '
0(
1"
0#
#228110
0"
#228120
b111 '
0)
1"
#228130
0"
#228140
b1000 '
1"
#228150
0"
#228160
b1001 '
1"
#228170
0"
#228180
b0 '
1"
#228190
0"
#228200
1&
1!
b1 '
1(
1"
1#
#228210
0"
#228220
0&
b10 '
1)
1"
#228230
0"
#228240
b11 '
1"
#228250
0"
#228260
b100 '
1"
#228270
0"
#228280
b101 '
1"
#228290
0"
#228300
0!
b110 '
0(
1"
0#
#228310
0"
#228320
b111 '
0)
1"
#228330
0"
#228340
b1000 '
1"
#228350
0"
#228360
b1001 '
1"
#228370
0"
#228380
b0 '
1"
#228390
0"
#228400
1&
1!
b1 '
1(
1"
1#
#228410
0"
#228420
0&
b10 '
1)
1"
#228430
0"
#228440
b11 '
1"
#228450
0"
#228460
b100 '
1"
#228470
0"
#228480
b101 '
1"
#228490
0"
#228500
0!
b110 '
0(
1"
0#
#228510
0"
#228520
b111 '
0)
1"
#228530
0"
#228540
b1000 '
1"
#228550
0"
#228560
b1001 '
1"
#228570
0"
#228580
b0 '
1"
#228590
0"
#228600
1&
1!
b1 '
1(
1"
1#
#228610
0"
#228620
0&
b10 '
1)
1"
#228630
0"
#228640
b11 '
1"
#228650
0"
#228660
b100 '
1"
#228670
0"
#228680
b101 '
1"
#228690
0"
#228700
0!
b110 '
0(
1"
0#
#228710
0"
#228720
b111 '
0)
1"
#228730
0"
#228740
b1000 '
1"
#228750
0"
#228760
b1001 '
1"
#228770
0"
#228780
b0 '
1"
#228790
0"
#228800
1&
1!
b1 '
1(
1"
1#
#228810
0"
#228820
0&
b10 '
1)
1"
#228830
0"
#228840
b11 '
1"
#228850
0"
#228860
b100 '
1"
#228870
0"
#228880
b101 '
1"
#228890
0"
#228900
0!
b110 '
0(
1"
0#
#228910
0"
#228920
b111 '
0)
1"
#228930
0"
#228940
b1000 '
1"
#228950
0"
#228960
b1001 '
1"
#228970
0"
#228980
b0 '
1"
#228990
0"
#229000
1&
1!
b1 '
1(
1"
1#
#229010
0"
#229020
0&
b10 '
1)
1"
#229030
0"
#229040
b11 '
1"
#229050
0"
#229060
b100 '
1"
#229070
0"
#229080
b101 '
1"
#229090
0"
#229100
0!
b110 '
0(
1"
0#
#229110
0"
#229120
b111 '
0)
1"
#229130
0"
#229140
b1000 '
1"
#229150
0"
#229160
b1001 '
1"
#229170
0"
#229180
b0 '
1"
#229190
0"
#229200
1&
1!
b1 '
1(
1"
1#
#229210
0"
#229220
0&
b10 '
1)
1"
#229230
0"
#229240
b11 '
1"
#229250
0"
#229260
b100 '
1"
#229270
0"
#229280
b101 '
1"
#229290
0"
#229300
0!
b110 '
0(
1"
0#
#229310
0"
#229320
b111 '
0)
1"
#229330
0"
#229340
b1000 '
1"
#229350
0"
#229360
b1001 '
1"
#229370
0"
#229380
b0 '
1"
#229390
0"
#229400
1&
1!
b1 '
1(
1"
1#
#229410
0"
#229420
0&
b10 '
1)
1"
#229430
0"
#229440
b11 '
1"
#229450
0"
#229460
b100 '
1"
#229470
0"
#229480
b101 '
1"
#229490
0"
#229500
0!
b110 '
0(
1"
0#
#229510
0"
#229520
b111 '
0)
1"
#229530
0"
#229540
b1000 '
1"
#229550
0"
#229560
b1001 '
1"
#229570
0"
#229580
b0 '
1"
#229590
0"
#229600
1&
1!
b1 '
1(
1"
1#
#229610
0"
#229620
0&
b10 '
1)
1"
#229630
0"
#229640
b11 '
1"
#229650
0"
#229660
b100 '
1"
#229670
0"
#229680
b101 '
1"
#229690
0"
#229700
0!
b110 '
0(
1"
0#
#229710
0"
#229720
b111 '
0)
1"
#229730
0"
#229740
b1000 '
1"
#229750
0"
#229760
b1001 '
1"
#229770
0"
#229780
b0 '
1"
#229790
0"
#229800
1&
1!
b1 '
1(
1"
1#
#229810
0"
#229820
0&
b10 '
1)
1"
#229830
0"
#229840
b11 '
1"
#229850
0"
#229860
b100 '
1"
#229870
0"
#229880
b101 '
1"
#229890
0"
#229900
0!
b110 '
0(
1"
0#
#229910
0"
#229920
b111 '
0)
1"
#229930
0"
#229940
b1000 '
1"
#229950
0"
#229960
b1001 '
1"
#229970
0"
#229980
b0 '
1"
#229990
0"
#230000
1&
1!
b1 '
1(
1"
1#
#230010
0"
#230020
0&
b10 '
1)
1"
#230030
0"
#230040
b11 '
1"
#230050
0"
#230060
b100 '
1"
#230070
0"
#230080
b101 '
1"
#230090
0"
#230100
0!
b110 '
0(
1"
0#
#230110
0"
#230120
b111 '
0)
1"
#230130
0"
#230140
b1000 '
1"
#230150
0"
#230160
b1001 '
1"
#230170
0"
#230180
b0 '
1"
#230190
0"
#230200
1&
1!
b1 '
1(
1"
1#
#230210
0"
#230220
0&
b10 '
1)
1"
#230230
0"
#230240
b11 '
1"
#230250
0"
#230260
b100 '
1"
#230270
0"
#230280
b101 '
1"
#230290
0"
#230300
0!
b110 '
0(
1"
0#
#230310
0"
#230320
b111 '
0)
1"
#230330
0"
#230340
b1000 '
1"
#230350
0"
#230360
b1001 '
1"
#230370
0"
#230380
b0 '
1"
#230390
0"
#230400
1&
1!
b1 '
1(
1"
1#
#230410
0"
#230420
0&
b10 '
1)
1"
#230430
0"
#230440
b11 '
1"
#230450
0"
#230460
b100 '
1"
#230470
0"
#230480
b101 '
1"
#230490
0"
#230500
0!
b110 '
0(
1"
0#
#230510
0"
#230520
b111 '
0)
1"
#230530
0"
#230540
b1000 '
1"
#230550
0"
#230560
b1001 '
1"
#230570
0"
#230580
b0 '
1"
#230590
0"
#230600
1&
1!
b1 '
1(
1"
1#
#230610
0"
#230620
0&
b10 '
1)
1"
#230630
0"
#230640
b11 '
1"
#230650
0"
#230660
b100 '
1"
#230670
0"
#230680
b101 '
1"
#230690
0"
#230700
0!
b110 '
0(
1"
0#
#230710
0"
#230720
b111 '
0)
1"
#230730
0"
#230740
b1000 '
1"
#230750
0"
#230760
b1001 '
1"
#230770
0"
#230780
b0 '
1"
#230790
0"
#230800
1&
1!
b1 '
1(
1"
1#
#230810
0"
#230820
0&
b10 '
1)
1"
#230830
0"
#230840
b11 '
1"
#230850
0"
#230860
b100 '
1"
#230870
0"
#230880
b101 '
1"
#230890
0"
#230900
0!
b110 '
0(
1"
0#
#230910
0"
#230920
b111 '
0)
1"
#230930
0"
#230940
b1000 '
1"
#230950
0"
#230960
b1001 '
1"
#230970
0"
#230980
b0 '
1"
#230990
0"
#231000
1&
1!
b1 '
1(
1"
1#
#231010
0"
#231020
0&
b10 '
1)
1"
#231030
0"
#231040
b11 '
1"
#231050
0"
#231060
b100 '
1"
#231070
0"
#231080
b101 '
1"
#231090
0"
#231100
0!
b110 '
0(
1"
0#
#231110
0"
#231120
b111 '
0)
1"
#231130
0"
#231140
b1000 '
1"
#231150
0"
#231160
b1001 '
1"
#231170
0"
#231180
b0 '
1"
#231190
0"
#231200
1&
1!
b1 '
1(
1"
1#
#231210
0"
#231220
0&
b10 '
1)
1"
#231230
0"
#231240
b11 '
1"
#231250
0"
#231260
b100 '
1"
#231270
0"
#231280
b101 '
1"
#231290
0"
#231300
0!
b110 '
0(
1"
0#
#231310
0"
#231320
b111 '
0)
1"
#231330
0"
#231340
b1000 '
1"
#231350
0"
#231360
b1001 '
1"
#231370
0"
#231380
b0 '
1"
#231390
0"
#231400
1&
1!
b1 '
1(
1"
1#
#231410
0"
#231420
0&
b10 '
1)
1"
#231430
0"
#231440
b11 '
1"
#231450
0"
#231460
b100 '
1"
#231470
0"
#231480
b101 '
1"
#231490
0"
#231500
0!
b110 '
0(
1"
0#
#231510
0"
#231520
b111 '
0)
1"
#231530
0"
#231540
b1000 '
1"
#231550
0"
#231560
b1001 '
1"
#231570
0"
#231580
b0 '
1"
#231590
0"
#231600
1&
1!
b1 '
1(
1"
1#
#231610
0"
#231620
0&
b10 '
1)
1"
#231630
0"
#231640
b11 '
1"
#231650
0"
#231660
b100 '
1"
#231670
0"
#231680
b101 '
1"
#231690
0"
#231700
0!
b110 '
0(
1"
0#
#231710
0"
#231720
b111 '
0)
1"
#231730
0"
#231740
b1000 '
1"
#231750
0"
#231760
b1001 '
1"
#231770
0"
#231780
b0 '
1"
#231790
0"
#231800
1&
1!
b1 '
1(
1"
1#
#231810
0"
#231820
0&
b10 '
1)
1"
#231830
0"
#231840
b11 '
1"
#231850
0"
#231860
b100 '
1"
#231870
0"
#231880
b101 '
1"
#231890
0"
#231900
0!
b110 '
0(
1"
0#
#231910
0"
#231920
b111 '
0)
1"
#231930
0"
#231940
b1000 '
1"
#231950
0"
#231960
b1001 '
1"
#231970
0"
#231980
b0 '
1"
#231990
0"
#232000
1&
1!
b1 '
1(
1"
1#
#232010
0"
#232020
0&
b10 '
1)
1"
#232030
0"
#232040
b11 '
1"
#232050
0"
#232060
b100 '
1"
#232070
0"
#232080
b101 '
1"
#232090
0"
#232100
0!
b110 '
0(
1"
0#
#232110
0"
#232120
b111 '
0)
1"
#232130
0"
#232140
b1000 '
1"
#232150
0"
#232160
b1001 '
1"
#232170
0"
#232180
b0 '
1"
#232190
0"
#232200
1&
1!
b1 '
1(
1"
1#
#232210
0"
#232220
0&
b10 '
1)
1"
#232230
0"
#232240
b11 '
1"
#232250
0"
#232260
b100 '
1"
#232270
0"
#232280
b101 '
1"
#232290
0"
#232300
0!
b110 '
0(
1"
0#
#232310
0"
#232320
b111 '
0)
1"
#232330
0"
#232340
b1000 '
1"
#232350
0"
#232360
b1001 '
1"
#232370
0"
#232380
b0 '
1"
#232390
0"
#232400
1&
1!
b1 '
1(
1"
1#
#232410
0"
#232420
0&
b10 '
1)
1"
#232430
0"
#232440
b11 '
1"
#232450
0"
#232460
b100 '
1"
#232470
0"
#232480
b101 '
1"
#232490
0"
#232500
0!
b110 '
0(
1"
0#
#232510
0"
#232520
b111 '
0)
1"
#232530
0"
#232540
b1000 '
1"
#232550
0"
#232560
b1001 '
1"
#232570
0"
#232580
b0 '
1"
#232590
0"
#232600
1&
1!
b1 '
1(
1"
1#
#232610
0"
#232620
0&
b10 '
1)
1"
#232630
0"
#232640
b11 '
1"
#232650
0"
#232660
b100 '
1"
#232670
0"
#232680
b101 '
1"
#232690
0"
#232700
0!
b110 '
0(
1"
0#
#232710
0"
#232720
b111 '
0)
1"
#232730
0"
#232740
b1000 '
1"
#232750
0"
#232760
b1001 '
1"
#232770
0"
#232780
b0 '
1"
#232790
0"
#232800
1&
1!
b1 '
1(
1"
1#
#232810
0"
#232820
0&
b10 '
1)
1"
#232830
0"
#232840
b11 '
1"
#232850
0"
#232860
b100 '
1"
#232870
0"
#232880
b101 '
1"
#232890
0"
#232900
0!
b110 '
0(
1"
0#
#232910
0"
#232920
b111 '
0)
1"
#232930
0"
#232940
b1000 '
1"
#232950
0"
#232960
b1001 '
1"
#232970
0"
#232980
b0 '
1"
#232990
0"
#233000
1&
1!
b1 '
1(
1"
1#
#233010
0"
#233020
0&
b10 '
1)
1"
#233030
0"
#233040
b11 '
1"
#233050
0"
#233060
b100 '
1"
#233070
0"
#233080
b101 '
1"
#233090
0"
#233100
0!
b110 '
0(
1"
0#
#233110
0"
#233120
b111 '
0)
1"
#233130
0"
#233140
b1000 '
1"
#233150
0"
#233160
b1001 '
1"
#233170
0"
#233180
b0 '
1"
#233190
0"
#233200
1&
1!
b1 '
1(
1"
1#
#233210
0"
#233220
0&
b10 '
1)
1"
#233230
0"
#233240
b11 '
1"
#233250
0"
#233260
b100 '
1"
#233270
0"
#233280
b101 '
1"
#233290
0"
#233300
0!
b110 '
0(
1"
0#
#233310
0"
#233320
b111 '
0)
1"
#233330
0"
#233340
b1000 '
1"
#233350
0"
#233360
b1001 '
1"
#233370
0"
#233380
b0 '
1"
#233390
0"
#233400
1&
1!
b1 '
1(
1"
1#
#233410
0"
#233420
0&
b10 '
1)
1"
#233430
0"
#233440
b11 '
1"
#233450
0"
#233460
b100 '
1"
#233470
0"
#233480
b101 '
1"
#233490
0"
#233500
0!
b110 '
0(
1"
0#
#233510
0"
#233520
b111 '
0)
1"
#233530
0"
#233540
b1000 '
1"
#233550
0"
#233560
b1001 '
1"
#233570
0"
#233580
b0 '
1"
#233590
0"
#233600
1&
1!
b1 '
1(
1"
1#
#233610
0"
#233620
0&
b10 '
1)
1"
#233630
0"
#233640
b11 '
1"
#233650
0"
#233660
b100 '
1"
#233670
0"
#233680
b101 '
1"
#233690
0"
#233700
0!
b110 '
0(
1"
0#
#233710
0"
#233720
b111 '
0)
1"
#233730
0"
#233740
b1000 '
1"
#233750
0"
#233760
b1001 '
1"
#233770
0"
#233780
b0 '
1"
#233790
0"
#233800
1&
1!
b1 '
1(
1"
1#
#233810
0"
#233820
0&
b10 '
1)
1"
#233830
0"
#233840
b11 '
1"
#233850
0"
#233860
b100 '
1"
#233870
0"
#233880
b101 '
1"
#233890
0"
#233900
0!
b110 '
0(
1"
0#
#233910
0"
#233920
b111 '
0)
1"
#233930
0"
#233940
b1000 '
1"
#233950
0"
#233960
b1001 '
1"
#233970
0"
#233980
b0 '
1"
#233990
0"
#234000
1&
1!
b1 '
1(
1"
1#
#234010
0"
#234020
0&
b10 '
1)
1"
#234030
0"
#234040
b11 '
1"
#234050
0"
#234060
b100 '
1"
#234070
0"
#234080
b101 '
1"
#234090
0"
#234100
0!
b110 '
0(
1"
0#
#234110
0"
#234120
b111 '
0)
1"
#234130
0"
#234140
b1000 '
1"
#234150
0"
#234160
b1001 '
1"
#234170
0"
#234180
b0 '
1"
#234190
0"
#234200
1&
1!
b1 '
1(
1"
1#
#234210
0"
#234220
0&
b10 '
1)
1"
#234230
0"
#234240
b11 '
1"
#234250
0"
#234260
b100 '
1"
#234270
0"
#234280
b101 '
1"
#234290
0"
#234300
0!
b110 '
0(
1"
0#
#234310
0"
#234320
b111 '
0)
1"
#234330
0"
#234340
b1000 '
1"
#234350
0"
#234360
b1001 '
1"
#234370
0"
#234380
b0 '
1"
#234390
0"
#234400
1&
1!
b1 '
1(
1"
1#
#234410
0"
#234420
0&
b10 '
1)
1"
#234430
0"
#234440
b11 '
1"
#234450
0"
#234460
b100 '
1"
#234470
0"
#234480
b101 '
1"
#234490
0"
#234500
0!
b110 '
0(
1"
0#
#234510
0"
#234520
b111 '
0)
1"
#234530
0"
#234540
b1000 '
1"
#234550
0"
#234560
b1001 '
1"
#234570
0"
#234580
b0 '
1"
#234590
0"
#234600
1&
1!
b1 '
1(
1"
1#
#234610
0"
#234620
0&
b10 '
1)
1"
#234630
0"
#234640
b11 '
1"
#234650
0"
#234660
b100 '
1"
#234670
0"
#234680
b101 '
1"
#234690
0"
#234700
0!
b110 '
0(
1"
0#
#234710
0"
#234720
b111 '
0)
1"
#234730
0"
#234740
b1000 '
1"
#234750
0"
#234760
b1001 '
1"
#234770
0"
#234780
b0 '
1"
#234790
0"
#234800
1&
1!
b1 '
1(
1"
1#
#234810
0"
#234820
0&
b10 '
1)
1"
#234830
0"
#234840
b11 '
1"
#234850
0"
#234860
b100 '
1"
#234870
0"
#234880
b101 '
1"
#234890
0"
#234900
0!
b110 '
0(
1"
0#
#234910
0"
#234920
b111 '
0)
1"
#234930
0"
#234940
b1000 '
1"
#234950
0"
#234960
b1001 '
1"
#234970
0"
#234980
b0 '
1"
#234990
0"
#235000
1&
1!
b1 '
1(
1"
1#
#235010
0"
#235020
0&
b10 '
1)
1"
#235030
0"
#235040
b11 '
1"
#235050
0"
#235060
b100 '
1"
#235070
0"
#235080
b101 '
1"
#235090
0"
#235100
0!
b110 '
0(
1"
0#
#235110
0"
#235120
b111 '
0)
1"
#235130
0"
#235140
b1000 '
1"
#235150
0"
#235160
b1001 '
1"
#235170
0"
#235180
b0 '
1"
#235190
0"
#235200
1&
1!
b1 '
1(
1"
1#
#235210
0"
#235220
0&
b10 '
1)
1"
#235230
0"
#235240
b11 '
1"
#235250
0"
#235260
b100 '
1"
#235270
0"
#235280
b101 '
1"
#235290
0"
#235300
0!
b110 '
0(
1"
0#
#235310
0"
#235320
b111 '
0)
1"
#235330
0"
#235340
b1000 '
1"
#235350
0"
#235360
b1001 '
1"
#235370
0"
#235380
b0 '
1"
#235390
0"
#235400
1&
1!
b1 '
1(
1"
1#
#235410
0"
#235420
0&
b10 '
1)
1"
#235430
0"
#235440
b11 '
1"
#235450
0"
#235460
b100 '
1"
#235470
0"
#235480
b101 '
1"
#235490
0"
#235500
0!
b110 '
0(
1"
0#
#235510
0"
#235520
b111 '
0)
1"
#235530
0"
#235540
b1000 '
1"
#235550
0"
#235560
b1001 '
1"
#235570
0"
#235580
b0 '
1"
#235590
0"
#235600
1&
1!
b1 '
1(
1"
1#
#235610
0"
#235620
0&
b10 '
1)
1"
#235630
0"
#235640
b11 '
1"
#235650
0"
#235660
b100 '
1"
#235670
0"
#235680
b101 '
1"
#235690
0"
#235700
0!
b110 '
0(
1"
0#
#235710
0"
#235720
b111 '
0)
1"
#235730
0"
#235740
b1000 '
1"
#235750
0"
#235760
b1001 '
1"
#235770
0"
#235780
b0 '
1"
#235790
0"
#235800
1&
1!
b1 '
1(
1"
1#
#235810
0"
#235820
0&
b10 '
1)
1"
#235830
0"
#235840
b11 '
1"
#235850
0"
#235860
b100 '
1"
#235870
0"
#235880
b101 '
1"
#235890
0"
#235900
0!
b110 '
0(
1"
0#
#235910
0"
#235920
b111 '
0)
1"
#235930
0"
#235940
b1000 '
1"
#235950
0"
#235960
b1001 '
1"
#235970
0"
#235980
b0 '
1"
#235990
0"
#236000
1&
1!
b1 '
1(
1"
1#
#236010
0"
#236020
0&
b10 '
1)
1"
#236030
0"
#236040
b11 '
1"
#236050
0"
#236060
b100 '
1"
#236070
0"
#236080
b101 '
1"
#236090
0"
#236100
0!
b110 '
0(
1"
0#
#236110
0"
#236120
b111 '
0)
1"
#236130
0"
#236140
b1000 '
1"
#236150
0"
#236160
b1001 '
1"
#236170
0"
#236180
b0 '
1"
#236190
0"
#236200
1&
1!
b1 '
1(
1"
1#
#236210
0"
#236220
0&
b10 '
1)
1"
#236230
0"
#236240
b11 '
1"
#236250
0"
#236260
b100 '
1"
#236270
0"
#236280
b101 '
1"
#236290
0"
#236300
0!
b110 '
0(
1"
0#
#236310
0"
#236320
b111 '
0)
1"
#236330
0"
#236340
b1000 '
1"
#236350
0"
#236360
b1001 '
1"
#236370
0"
#236380
b0 '
1"
#236390
0"
#236400
1&
1!
b1 '
1(
1"
1#
#236410
0"
#236420
0&
b10 '
1)
1"
#236430
0"
#236440
b11 '
1"
#236450
0"
#236460
b100 '
1"
#236470
0"
#236480
b101 '
1"
#236490
0"
#236500
0!
b110 '
0(
1"
0#
#236510
0"
#236520
b111 '
0)
1"
#236530
0"
#236540
b1000 '
1"
#236550
0"
#236560
b1001 '
1"
#236570
0"
#236580
b0 '
1"
#236590
0"
#236600
1&
1!
b1 '
1(
1"
1#
#236610
0"
#236620
0&
b10 '
1)
1"
#236630
0"
#236640
b11 '
1"
#236650
0"
#236660
b100 '
1"
#236670
0"
#236680
b101 '
1"
#236690
0"
#236700
0!
b110 '
0(
1"
0#
#236710
0"
#236720
b111 '
0)
1"
#236730
0"
#236740
b1000 '
1"
#236750
0"
#236760
b1001 '
1"
#236770
0"
#236780
b0 '
1"
#236790
0"
#236800
1&
1!
b1 '
1(
1"
1#
#236810
0"
#236820
0&
b10 '
1)
1"
#236830
0"
#236840
b11 '
1"
#236850
0"
#236860
b100 '
1"
#236870
0"
#236880
b101 '
1"
#236890
0"
#236900
0!
b110 '
0(
1"
0#
#236910
0"
#236920
b111 '
0)
1"
#236930
0"
#236940
b1000 '
1"
#236950
0"
#236960
b1001 '
1"
#236970
0"
#236980
b0 '
1"
#236990
0"
#237000
1&
1!
b1 '
1(
1"
1#
#237010
0"
#237020
0&
b10 '
1)
1"
#237030
0"
#237040
b11 '
1"
#237050
0"
#237060
b100 '
1"
#237070
0"
#237080
b101 '
1"
#237090
0"
#237100
0!
b110 '
0(
1"
0#
#237110
0"
#237120
b111 '
0)
1"
#237130
0"
#237140
b1000 '
1"
#237150
0"
#237160
b1001 '
1"
#237170
0"
#237180
b0 '
1"
#237190
0"
#237200
1&
1!
b1 '
1(
1"
1#
#237210
0"
#237220
0&
b10 '
1)
1"
#237230
0"
#237240
b11 '
1"
#237250
0"
#237260
b100 '
1"
#237270
0"
#237280
b101 '
1"
#237290
0"
#237300
0!
b110 '
0(
1"
0#
#237310
0"
#237320
b111 '
0)
1"
#237330
0"
#237340
b1000 '
1"
#237350
0"
#237360
b1001 '
1"
#237370
0"
#237380
b0 '
1"
#237390
0"
#237400
1&
1!
b1 '
1(
1"
1#
#237410
0"
#237420
0&
b10 '
1)
1"
#237430
0"
#237440
b11 '
1"
#237450
0"
#237460
b100 '
1"
#237470
0"
#237480
b101 '
1"
#237490
0"
#237500
0!
b110 '
0(
1"
0#
#237510
0"
#237520
b111 '
0)
1"
#237530
0"
#237540
b1000 '
1"
#237550
0"
#237560
b1001 '
1"
#237570
0"
#237580
b0 '
1"
#237590
0"
#237600
1&
1!
b1 '
1(
1"
1#
#237610
0"
#237620
0&
b10 '
1)
1"
#237630
0"
#237640
b11 '
1"
#237650
0"
#237660
b100 '
1"
#237670
0"
#237680
b101 '
1"
#237690
0"
#237700
0!
b110 '
0(
1"
0#
#237710
0"
#237720
b111 '
0)
1"
#237730
0"
#237740
b1000 '
1"
#237750
0"
#237760
b1001 '
1"
#237770
0"
#237780
b0 '
1"
#237790
0"
#237800
1&
1!
b1 '
1(
1"
1#
#237810
0"
#237820
0&
b10 '
1)
1"
#237830
0"
#237840
b11 '
1"
#237850
0"
#237860
b100 '
1"
#237870
0"
#237880
b101 '
1"
#237890
0"
#237900
0!
b110 '
0(
1"
0#
#237910
0"
#237920
b111 '
0)
1"
#237930
0"
#237940
b1000 '
1"
#237950
0"
#237960
b1001 '
1"
#237970
0"
#237980
b0 '
1"
#237990
0"
#238000
1&
1!
b1 '
1(
1"
1#
#238010
0"
#238020
0&
b10 '
1)
1"
#238030
0"
#238040
b11 '
1"
#238050
0"
#238060
b100 '
1"
#238070
0"
#238080
b101 '
1"
#238090
0"
#238100
0!
b110 '
0(
1"
0#
#238110
0"
#238120
b111 '
0)
1"
#238130
0"
#238140
b1000 '
1"
#238150
0"
#238160
b1001 '
1"
#238170
0"
#238180
b0 '
1"
#238190
0"
#238200
1&
1!
b1 '
1(
1"
1#
#238210
0"
#238220
0&
b10 '
1)
1"
#238230
0"
#238240
b11 '
1"
#238250
0"
#238260
b100 '
1"
#238270
0"
#238280
b101 '
1"
#238290
0"
#238300
0!
b110 '
0(
1"
0#
#238310
0"
#238320
b111 '
0)
1"
#238330
0"
#238340
b1000 '
1"
#238350
0"
#238360
b1001 '
1"
#238370
0"
#238380
b0 '
1"
#238390
0"
#238400
1&
1!
b1 '
1(
1"
1#
#238410
0"
#238420
0&
b10 '
1)
1"
#238430
0"
#238440
b11 '
1"
#238450
0"
#238460
b100 '
1"
#238470
0"
#238480
b101 '
1"
#238490
0"
#238500
0!
b110 '
0(
1"
0#
#238510
0"
#238520
b111 '
0)
1"
#238530
0"
#238540
b1000 '
1"
#238550
0"
#238560
b1001 '
1"
#238570
0"
#238580
b0 '
1"
#238590
0"
#238600
1&
1!
b1 '
1(
1"
1#
#238610
0"
#238620
0&
b10 '
1)
1"
#238630
0"
#238640
b11 '
1"
#238650
0"
#238660
b100 '
1"
#238670
0"
#238680
b101 '
1"
#238690
0"
#238700
0!
b110 '
0(
1"
0#
#238710
0"
#238720
b111 '
0)
1"
#238730
0"
#238740
b1000 '
1"
#238750
0"
#238760
b1001 '
1"
#238770
0"
#238780
b0 '
1"
#238790
0"
#238800
1&
1!
b1 '
1(
1"
1#
#238810
0"
#238820
0&
b10 '
1)
1"
#238830
0"
#238840
b11 '
1"
#238850
0"
#238860
b100 '
1"
#238870
0"
#238880
b101 '
1"
#238890
0"
#238900
0!
b110 '
0(
1"
0#
#238910
0"
#238920
b111 '
0)
1"
#238930
0"
#238940
b1000 '
1"
#238950
0"
#238960
b1001 '
1"
#238970
0"
#238980
b0 '
1"
#238990
0"
#239000
1&
1!
b1 '
1(
1"
1#
#239010
0"
#239020
0&
b10 '
1)
1"
#239030
0"
#239040
b11 '
1"
#239050
0"
#239060
b100 '
1"
#239070
0"
#239080
b101 '
1"
#239090
0"
#239100
0!
b110 '
0(
1"
0#
#239110
0"
#239120
b111 '
0)
1"
#239130
0"
#239140
b1000 '
1"
#239150
0"
#239160
b1001 '
1"
#239170
0"
#239180
b0 '
1"
#239190
0"
#239200
1&
1!
b1 '
1(
1"
1#
#239210
0"
#239220
0&
b10 '
1)
1"
#239230
0"
#239240
b11 '
1"
#239250
0"
#239260
b100 '
1"
#239270
0"
#239280
b101 '
1"
#239290
0"
#239300
0!
b110 '
0(
1"
0#
#239310
0"
#239320
b111 '
0)
1"
#239330
0"
#239340
b1000 '
1"
#239350
0"
#239360
b1001 '
1"
#239370
0"
#239380
b0 '
1"
#239390
0"
#239400
1&
1!
b1 '
1(
1"
1#
#239410
0"
#239420
0&
b10 '
1)
1"
#239430
0"
#239440
b11 '
1"
#239450
0"
#239460
b100 '
1"
#239470
0"
#239480
b101 '
1"
#239490
0"
#239500
0!
b110 '
0(
1"
0#
#239510
0"
#239520
b111 '
0)
1"
#239530
0"
#239540
b1000 '
1"
#239550
0"
#239560
b1001 '
1"
#239570
0"
#239580
b0 '
1"
#239590
0"
#239600
1&
1!
b1 '
1(
1"
1#
#239610
0"
#239620
0&
b10 '
1)
1"
#239630
0"
#239640
b11 '
1"
#239650
0"
#239660
b100 '
1"
#239670
0"
#239680
b101 '
1"
#239690
0"
#239700
0!
b110 '
0(
1"
0#
#239710
0"
#239720
b111 '
0)
1"
#239730
0"
#239740
b1000 '
1"
#239750
0"
#239760
b1001 '
1"
#239770
0"
#239780
b0 '
1"
#239790
0"
#239800
1&
1!
b1 '
1(
1"
1#
#239810
0"
#239820
0&
b10 '
1)
1"
#239830
0"
#239840
b11 '
1"
#239850
0"
#239860
b100 '
1"
#239870
0"
#239880
b101 '
1"
#239890
0"
#239900
0!
b110 '
0(
1"
0#
#239910
0"
#239920
b111 '
0)
1"
#239930
0"
#239940
b1000 '
1"
#239950
0"
#239960
b1001 '
1"
#239970
0"
#239980
b0 '
1"
#239990
0"
#240000
1&
1!
b1 '
1(
1"
1#
#240010
0"
#240020
0&
b10 '
1)
1"
#240030
0"
#240040
b11 '
1"
#240050
0"
#240060
b100 '
1"
#240070
0"
#240080
b101 '
1"
#240090
0"
#240100
0!
b110 '
0(
1"
0#
#240110
0"
#240120
b111 '
0)
1"
#240130
0"
#240140
b1000 '
1"
#240150
0"
#240160
b1001 '
1"
#240170
0"
#240180
b0 '
1"
#240190
0"
#240200
1&
1!
b1 '
1(
1"
1#
#240210
0"
#240220
0&
b10 '
1)
1"
#240230
0"
#240240
b11 '
1"
#240250
0"
#240260
b100 '
1"
#240270
0"
#240280
b101 '
1"
#240290
0"
#240300
0!
b110 '
0(
1"
0#
#240310
0"
#240320
b111 '
0)
1"
#240330
0"
#240340
b1000 '
1"
#240350
0"
#240360
b1001 '
1"
#240370
0"
#240380
b0 '
1"
#240390
0"
#240400
1&
1!
b1 '
1(
1"
1#
#240410
0"
#240420
0&
b10 '
1)
1"
#240430
0"
#240440
b11 '
1"
#240450
0"
#240460
b100 '
1"
#240470
0"
#240480
b101 '
1"
#240490
0"
#240500
0!
b110 '
0(
1"
0#
#240510
0"
#240520
b111 '
0)
1"
#240530
0"
#240540
b1000 '
1"
#240550
0"
#240560
b1001 '
1"
#240570
0"
#240580
b0 '
1"
#240590
0"
#240600
1&
1!
b1 '
1(
1"
1#
#240610
0"
#240620
0&
b10 '
1)
1"
#240630
0"
#240640
b11 '
1"
#240650
0"
#240660
b100 '
1"
#240670
0"
#240680
b101 '
1"
#240690
0"
#240700
0!
b110 '
0(
1"
0#
#240710
0"
#240720
b111 '
0)
1"
#240730
0"
#240740
b1000 '
1"
#240750
0"
#240760
b1001 '
1"
#240770
0"
#240780
b0 '
1"
#240790
0"
#240800
1&
1!
b1 '
1(
1"
1#
#240810
0"
#240820
0&
b10 '
1)
1"
#240830
0"
#240840
b11 '
1"
#240850
0"
#240860
b100 '
1"
#240870
0"
#240880
b101 '
1"
#240890
0"
#240900
0!
b110 '
0(
1"
0#
#240910
0"
#240920
b111 '
0)
1"
#240930
0"
#240940
b1000 '
1"
#240950
0"
#240960
b1001 '
1"
#240970
0"
#240980
b0 '
1"
#240990
0"
#241000
1&
1!
b1 '
1(
1"
1#
#241010
0"
#241020
0&
b10 '
1)
1"
#241030
0"
#241040
b11 '
1"
#241050
0"
#241060
b100 '
1"
#241070
0"
#241080
b101 '
1"
#241090
0"
#241100
0!
b110 '
0(
1"
0#
#241110
0"
#241120
b111 '
0)
1"
#241130
0"
#241140
b1000 '
1"
#241150
0"
#241160
b1001 '
1"
#241170
0"
#241180
b0 '
1"
#241190
0"
#241200
1&
1!
b1 '
1(
1"
1#
#241210
0"
#241220
0&
b10 '
1)
1"
#241230
0"
#241240
b11 '
1"
#241250
0"
#241260
b100 '
1"
#241270
0"
#241280
b101 '
1"
#241290
0"
#241300
0!
b110 '
0(
1"
0#
#241310
0"
#241320
b111 '
0)
1"
#241330
0"
#241340
b1000 '
1"
#241350
0"
#241360
b1001 '
1"
#241370
0"
#241380
b0 '
1"
#241390
0"
#241400
1&
1!
b1 '
1(
1"
1#
#241410
0"
#241420
0&
b10 '
1)
1"
#241430
0"
#241440
b11 '
1"
#241450
0"
#241460
b100 '
1"
#241470
0"
#241480
b101 '
1"
#241490
0"
#241500
0!
b110 '
0(
1"
0#
#241510
0"
#241520
b111 '
0)
1"
#241530
0"
#241540
b1000 '
1"
#241550
0"
#241560
b1001 '
1"
#241570
0"
#241580
b0 '
1"
#241590
0"
#241600
1&
1!
b1 '
1(
1"
1#
#241610
0"
#241620
0&
b10 '
1)
1"
#241630
0"
#241640
b11 '
1"
#241650
0"
#241660
b100 '
1"
#241670
0"
#241680
b101 '
1"
#241690
0"
#241700
0!
b110 '
0(
1"
0#
#241710
0"
#241720
b111 '
0)
1"
#241730
0"
#241740
b1000 '
1"
#241750
0"
#241760
b1001 '
1"
#241770
0"
#241780
b0 '
1"
#241790
0"
#241800
1&
1!
b1 '
1(
1"
1#
#241810
0"
#241820
0&
b10 '
1)
1"
#241830
0"
#241840
b11 '
1"
#241850
0"
#241860
b100 '
1"
#241870
0"
#241880
b101 '
1"
#241890
0"
#241900
0!
b110 '
0(
1"
0#
#241910
0"
#241920
b111 '
0)
1"
#241930
0"
#241940
b1000 '
1"
#241950
0"
#241960
b1001 '
1"
#241970
0"
#241980
b0 '
1"
#241990
0"
#242000
1&
1!
b1 '
1(
1"
1#
#242010
0"
#242020
0&
b10 '
1)
1"
#242030
0"
#242040
b11 '
1"
#242050
0"
#242060
b100 '
1"
#242070
0"
#242080
b101 '
1"
#242090
0"
#242100
0!
b110 '
0(
1"
0#
#242110
0"
#242120
b111 '
0)
1"
#242130
0"
#242140
b1000 '
1"
#242150
0"
#242160
b1001 '
1"
#242170
0"
#242180
b0 '
1"
#242190
0"
#242200
1&
1!
b1 '
1(
1"
1#
#242210
0"
#242220
0&
b10 '
1)
1"
#242230
0"
#242240
b11 '
1"
#242250
0"
#242260
b100 '
1"
#242270
0"
#242280
b101 '
1"
#242290
0"
#242300
0!
b110 '
0(
1"
0#
#242310
0"
#242320
b111 '
0)
1"
#242330
0"
#242340
b1000 '
1"
#242350
0"
#242360
b1001 '
1"
#242370
0"
#242380
b0 '
1"
#242390
0"
#242400
1&
1!
b1 '
1(
1"
1#
#242410
0"
#242420
0&
b10 '
1)
1"
#242430
0"
#242440
b11 '
1"
#242450
0"
#242460
b100 '
1"
#242470
0"
#242480
b101 '
1"
#242490
0"
#242500
0!
b110 '
0(
1"
0#
#242510
0"
#242520
b111 '
0)
1"
#242530
0"
#242540
b1000 '
1"
#242550
0"
#242560
b1001 '
1"
#242570
0"
#242580
b0 '
1"
#242590
0"
#242600
1&
1!
b1 '
1(
1"
1#
#242610
0"
#242620
0&
b10 '
1)
1"
#242630
0"
#242640
b11 '
1"
#242650
0"
#242660
b100 '
1"
#242670
0"
#242680
b101 '
1"
#242690
0"
#242700
0!
b110 '
0(
1"
0#
#242710
0"
#242720
b111 '
0)
1"
#242730
0"
#242740
b1000 '
1"
#242750
0"
#242760
b1001 '
1"
#242770
0"
#242780
b0 '
1"
#242790
0"
#242800
1&
1!
b1 '
1(
1"
1#
#242810
0"
#242820
0&
b10 '
1)
1"
#242830
0"
#242840
b11 '
1"
#242850
0"
#242860
b100 '
1"
#242870
0"
#242880
b101 '
1"
#242890
0"
#242900
0!
b110 '
0(
1"
0#
#242910
0"
#242920
b111 '
0)
1"
#242930
0"
#242940
b1000 '
1"
#242950
0"
#242960
b1001 '
1"
#242970
0"
#242980
b0 '
1"
#242990
0"
#243000
1&
1!
b1 '
1(
1"
1#
#243010
0"
#243020
0&
b10 '
1)
1"
#243030
0"
#243040
b11 '
1"
#243050
0"
#243060
b100 '
1"
#243070
0"
#243080
b101 '
1"
#243090
0"
#243100
0!
b110 '
0(
1"
0#
#243110
0"
#243120
b111 '
0)
1"
#243130
0"
#243140
b1000 '
1"
#243150
0"
#243160
b1001 '
1"
#243170
0"
#243180
b0 '
1"
#243190
0"
#243200
1&
1!
b1 '
1(
1"
1#
#243210
0"
#243220
0&
b10 '
1)
1"
#243230
0"
#243240
b11 '
1"
#243250
0"
#243260
b100 '
1"
#243270
0"
#243280
b101 '
1"
#243290
0"
#243300
0!
b110 '
0(
1"
0#
#243310
0"
#243320
b111 '
0)
1"
#243330
0"
#243340
b1000 '
1"
#243350
0"
#243360
b1001 '
1"
#243370
0"
#243380
b0 '
1"
#243390
0"
#243400
1&
1!
b1 '
1(
1"
1#
#243410
0"
#243420
0&
b10 '
1)
1"
#243430
0"
#243440
b11 '
1"
#243450
0"
#243460
b100 '
1"
#243470
0"
#243480
b101 '
1"
#243490
0"
#243500
0!
b110 '
0(
1"
0#
#243510
0"
#243520
b111 '
0)
1"
#243530
0"
#243540
b1000 '
1"
#243550
0"
#243560
b1001 '
1"
#243570
0"
#243580
b0 '
1"
#243590
0"
#243600
1&
1!
b1 '
1(
1"
1#
#243610
0"
#243620
0&
b10 '
1)
1"
#243630
0"
#243640
b11 '
1"
#243650
0"
#243660
b100 '
1"
#243670
0"
#243680
b101 '
1"
#243690
0"
#243700
0!
b110 '
0(
1"
0#
#243710
0"
#243720
b111 '
0)
1"
#243730
0"
#243740
b1000 '
1"
#243750
0"
#243760
b1001 '
1"
#243770
0"
#243780
b0 '
1"
#243790
0"
#243800
1&
1!
b1 '
1(
1"
1#
#243810
0"
#243820
0&
b10 '
1)
1"
#243830
0"
#243840
b11 '
1"
#243850
0"
#243860
b100 '
1"
#243870
0"
#243880
b101 '
1"
#243890
0"
#243900
0!
b110 '
0(
1"
0#
#243910
0"
#243920
b111 '
0)
1"
#243930
0"
#243940
b1000 '
1"
#243950
0"
#243960
b1001 '
1"
#243970
0"
#243980
b0 '
1"
#243990
0"
#244000
1&
1!
b1 '
1(
1"
1#
#244010
0"
#244020
0&
b10 '
1)
1"
#244030
0"
#244040
b11 '
1"
#244050
0"
#244060
b100 '
1"
#244070
0"
#244080
b101 '
1"
#244090
0"
#244100
0!
b110 '
0(
1"
0#
#244110
0"
#244120
b111 '
0)
1"
#244130
0"
#244140
b1000 '
1"
#244150
0"
#244160
b1001 '
1"
#244170
0"
#244180
b0 '
1"
#244190
0"
#244200
1&
1!
b1 '
1(
1"
1#
#244210
0"
#244220
0&
b10 '
1)
1"
#244230
0"
#244240
b11 '
1"
#244250
0"
#244260
b100 '
1"
#244270
0"
#244280
b101 '
1"
#244290
0"
#244300
0!
b110 '
0(
1"
0#
#244310
0"
#244320
b111 '
0)
1"
#244330
0"
#244340
b1000 '
1"
#244350
0"
#244360
b1001 '
1"
#244370
0"
#244380
b0 '
1"
#244390
0"
#244400
1&
1!
b1 '
1(
1"
1#
#244410
0"
#244420
0&
b10 '
1)
1"
#244430
0"
#244440
b11 '
1"
#244450
0"
#244460
b100 '
1"
#244470
0"
#244480
b101 '
1"
#244490
0"
#244500
0!
b110 '
0(
1"
0#
#244510
0"
#244520
b111 '
0)
1"
#244530
0"
#244540
b1000 '
1"
#244550
0"
#244560
b1001 '
1"
#244570
0"
#244580
b0 '
1"
#244590
0"
#244600
1&
1!
b1 '
1(
1"
1#
#244610
0"
#244620
0&
b10 '
1)
1"
#244630
0"
#244640
b11 '
1"
#244650
0"
#244660
b100 '
1"
#244670
0"
#244680
b101 '
1"
#244690
0"
#244700
0!
b110 '
0(
1"
0#
#244710
0"
#244720
b111 '
0)
1"
#244730
0"
#244740
b1000 '
1"
#244750
0"
#244760
b1001 '
1"
#244770
0"
#244780
b0 '
1"
#244790
0"
#244800
1&
1!
b1 '
1(
1"
1#
#244810
0"
#244820
0&
b10 '
1)
1"
#244830
0"
#244840
b11 '
1"
#244850
0"
#244860
b100 '
1"
#244870
0"
#244880
b101 '
1"
#244890
0"
#244900
0!
b110 '
0(
1"
0#
#244910
0"
#244920
b111 '
0)
1"
#244930
0"
#244940
b1000 '
1"
#244950
0"
#244960
b1001 '
1"
#244970
0"
#244980
b0 '
1"
#244990
0"
#245000
1&
1!
b1 '
1(
1"
1#
#245010
0"
#245020
0&
b10 '
1)
1"
#245030
0"
#245040
b11 '
1"
#245050
0"
#245060
b100 '
1"
#245070
0"
#245080
b101 '
1"
#245090
0"
#245100
0!
b110 '
0(
1"
0#
#245110
0"
#245120
b111 '
0)
1"
#245130
0"
#245140
b1000 '
1"
#245150
0"
#245160
b1001 '
1"
#245170
0"
#245180
b0 '
1"
#245190
0"
#245200
1&
1!
b1 '
1(
1"
1#
#245210
0"
#245220
0&
b10 '
1)
1"
#245230
0"
#245240
b11 '
1"
#245250
0"
#245260
b100 '
1"
#245270
0"
#245280
b101 '
1"
#245290
0"
#245300
0!
b110 '
0(
1"
0#
#245310
0"
#245320
b111 '
0)
1"
#245330
0"
#245340
b1000 '
1"
#245350
0"
#245360
b1001 '
1"
#245370
0"
#245380
b0 '
1"
#245390
0"
#245400
1&
1!
b1 '
1(
1"
1#
#245410
0"
#245420
0&
b10 '
1)
1"
#245430
0"
#245440
b11 '
1"
#245450
0"
#245460
b100 '
1"
#245470
0"
#245480
b101 '
1"
#245490
0"
#245500
0!
b110 '
0(
1"
0#
#245510
0"
#245520
b111 '
0)
1"
#245530
0"
#245540
b1000 '
1"
#245550
0"
#245560
b1001 '
1"
#245570
0"
#245580
b0 '
1"
#245590
0"
#245600
1&
1!
b1 '
1(
1"
1#
#245610
0"
#245620
0&
b10 '
1)
1"
#245630
0"
#245640
b11 '
1"
#245650
0"
#245660
b100 '
1"
#245670
0"
#245680
b101 '
1"
#245690
0"
#245700
0!
b110 '
0(
1"
0#
#245710
0"
#245720
b111 '
0)
1"
#245730
0"
#245740
b1000 '
1"
#245750
0"
#245760
b1001 '
1"
#245770
0"
#245780
b0 '
1"
#245790
0"
#245800
1&
1!
b1 '
1(
1"
1#
#245810
0"
#245820
0&
b10 '
1)
1"
#245830
0"
#245840
b11 '
1"
#245850
0"
#245860
b100 '
1"
#245870
0"
#245880
b101 '
1"
#245890
0"
#245900
0!
b110 '
0(
1"
0#
#245910
0"
#245920
b111 '
0)
1"
#245930
0"
#245940
b1000 '
1"
#245950
0"
#245960
b1001 '
1"
#245970
0"
#245980
b0 '
1"
#245990
0"
#246000
1&
1!
b1 '
1(
1"
1#
#246010
0"
#246020
0&
b10 '
1)
1"
#246030
0"
#246040
b11 '
1"
#246050
0"
#246060
b100 '
1"
#246070
0"
#246080
b101 '
1"
#246090
0"
#246100
0!
b110 '
0(
1"
0#
#246110
0"
#246120
b111 '
0)
1"
#246130
0"
#246140
b1000 '
1"
#246150
0"
#246160
b1001 '
1"
#246170
0"
#246180
b0 '
1"
#246190
0"
#246200
1&
1!
b1 '
1(
1"
1#
#246210
0"
#246220
0&
b10 '
1)
1"
#246230
0"
#246240
b11 '
1"
#246250
0"
#246260
b100 '
1"
#246270
0"
#246280
b101 '
1"
#246290
0"
#246300
0!
b110 '
0(
1"
0#
#246310
0"
#246320
b111 '
0)
1"
#246330
0"
#246340
b1000 '
1"
#246350
0"
#246360
b1001 '
1"
#246370
0"
#246380
b0 '
1"
#246390
0"
#246400
1&
1!
b1 '
1(
1"
1#
#246410
0"
#246420
0&
b10 '
1)
1"
#246430
0"
#246440
b11 '
1"
#246450
0"
#246460
b100 '
1"
#246470
0"
#246480
b101 '
1"
#246490
0"
#246500
0!
b110 '
0(
1"
0#
#246510
0"
#246520
b111 '
0)
1"
#246530
0"
#246540
b1000 '
1"
#246550
0"
#246560
b1001 '
1"
#246570
0"
#246580
b0 '
1"
#246590
0"
#246600
1&
1!
b1 '
1(
1"
1#
#246610
0"
#246620
0&
b10 '
1)
1"
#246630
0"
#246640
b11 '
1"
#246650
0"
#246660
b100 '
1"
#246670
0"
#246680
b101 '
1"
#246690
0"
#246700
0!
b110 '
0(
1"
0#
#246710
0"
#246720
b111 '
0)
1"
#246730
0"
#246740
b1000 '
1"
#246750
0"
#246760
b1001 '
1"
#246770
0"
#246780
b0 '
1"
#246790
0"
#246800
1&
1!
b1 '
1(
1"
1#
#246810
0"
#246820
0&
b10 '
1)
1"
#246830
0"
#246840
b11 '
1"
#246850
0"
#246860
b100 '
1"
#246870
0"
#246880
b101 '
1"
#246890
0"
#246900
0!
b110 '
0(
1"
0#
#246910
0"
#246920
b111 '
0)
1"
#246930
0"
#246940
b1000 '
1"
#246950
0"
#246960
b1001 '
1"
#246970
0"
#246980
b0 '
1"
#246990
0"
#247000
1&
1!
b1 '
1(
1"
1#
#247010
0"
#247020
0&
b10 '
1)
1"
#247030
0"
#247040
b11 '
1"
#247050
0"
#247060
b100 '
1"
#247070
0"
#247080
b101 '
1"
#247090
0"
#247100
0!
b110 '
0(
1"
0#
#247110
0"
#247120
b111 '
0)
1"
#247130
0"
#247140
b1000 '
1"
#247150
0"
#247160
b1001 '
1"
#247170
0"
#247180
b0 '
1"
#247190
0"
#247200
1&
1!
b1 '
1(
1"
1#
#247210
0"
#247220
0&
b10 '
1)
1"
#247230
0"
#247240
b11 '
1"
#247250
0"
#247260
b100 '
1"
#247270
0"
#247280
b101 '
1"
#247290
0"
#247300
0!
b110 '
0(
1"
0#
#247310
0"
#247320
b111 '
0)
1"
#247330
0"
#247340
b1000 '
1"
#247350
0"
#247360
b1001 '
1"
#247370
0"
#247380
b0 '
1"
#247390
0"
#247400
1&
1!
b1 '
1(
1"
1#
#247410
0"
#247420
0&
b10 '
1)
1"
#247430
0"
#247440
b11 '
1"
#247450
0"
#247460
b100 '
1"
#247470
0"
#247480
b101 '
1"
#247490
0"
#247500
0!
b110 '
0(
1"
0#
#247510
0"
#247520
b111 '
0)
1"
#247530
0"
#247540
b1000 '
1"
#247550
0"
#247560
b1001 '
1"
#247570
0"
#247580
b0 '
1"
#247590
0"
#247600
1&
1!
b1 '
1(
1"
1#
#247610
0"
#247620
0&
b10 '
1)
1"
#247630
0"
#247640
b11 '
1"
#247650
0"
#247660
b100 '
1"
#247670
0"
#247680
b101 '
1"
#247690
0"
#247700
0!
b110 '
0(
1"
0#
#247710
0"
#247720
b111 '
0)
1"
#247730
0"
#247740
b1000 '
1"
#247750
0"
#247760
b1001 '
1"
#247770
0"
#247780
b0 '
1"
#247790
0"
#247800
1&
1!
b1 '
1(
1"
1#
#247810
0"
#247820
0&
b10 '
1)
1"
#247830
0"
#247840
b11 '
1"
#247850
0"
#247860
b100 '
1"
#247870
0"
#247880
b101 '
1"
#247890
0"
#247900
0!
b110 '
0(
1"
0#
#247910
0"
#247920
b111 '
0)
1"
#247930
0"
#247940
b1000 '
1"
#247950
0"
#247960
b1001 '
1"
#247970
0"
#247980
b0 '
1"
#247990
0"
#248000
1&
1!
b1 '
1(
1"
1#
#248010
0"
#248020
0&
b10 '
1)
1"
#248030
0"
#248040
b11 '
1"
#248050
0"
#248060
b100 '
1"
#248070
0"
#248080
b101 '
1"
#248090
0"
#248100
0!
b110 '
0(
1"
0#
#248110
0"
#248120
b111 '
0)
1"
#248130
0"
#248140
b1000 '
1"
#248150
0"
#248160
b1001 '
1"
#248170
0"
#248180
b0 '
1"
#248190
0"
#248200
1&
1!
b1 '
1(
1"
1#
#248210
0"
#248220
0&
b10 '
1)
1"
#248230
0"
#248240
b11 '
1"
#248250
0"
#248260
b100 '
1"
#248270
0"
#248280
b101 '
1"
#248290
0"
#248300
0!
b110 '
0(
1"
0#
#248310
0"
#248320
b111 '
0)
1"
#248330
0"
#248340
b1000 '
1"
#248350
0"
#248360
b1001 '
1"
#248370
0"
#248380
b0 '
1"
#248390
0"
#248400
1&
1!
b1 '
1(
1"
1#
#248410
0"
#248420
0&
b10 '
1)
1"
#248430
0"
#248440
b11 '
1"
#248450
0"
#248460
b100 '
1"
#248470
0"
#248480
b101 '
1"
#248490
0"
#248500
0!
b110 '
0(
1"
0#
#248510
0"
#248520
b111 '
0)
1"
#248530
0"
#248540
b1000 '
1"
#248550
0"
#248560
b1001 '
1"
#248570
0"
#248580
b0 '
1"
#248590
0"
#248600
1&
1!
b1 '
1(
1"
1#
#248610
0"
#248620
0&
b10 '
1)
1"
#248630
0"
#248640
b11 '
1"
#248650
0"
#248660
b100 '
1"
#248670
0"
#248680
b101 '
1"
#248690
0"
#248700
0!
b110 '
0(
1"
0#
#248710
0"
#248720
b111 '
0)
1"
#248730
0"
#248740
b1000 '
1"
#248750
0"
#248760
b1001 '
1"
#248770
0"
#248780
b0 '
1"
#248790
0"
#248800
1&
1!
b1 '
1(
1"
1#
#248810
0"
#248820
0&
b10 '
1)
1"
#248830
0"
#248840
b11 '
1"
#248850
0"
#248860
b100 '
1"
#248870
0"
#248880
b101 '
1"
#248890
0"
#248900
0!
b110 '
0(
1"
0#
#248910
0"
#248920
b111 '
0)
1"
#248930
0"
#248940
b1000 '
1"
#248950
0"
#248960
b1001 '
1"
#248970
0"
#248980
b0 '
1"
#248990
0"
#249000
1&
1!
b1 '
1(
1"
1#
#249010
0"
#249020
0&
b10 '
1)
1"
#249030
0"
#249040
b11 '
1"
#249050
0"
#249060
b100 '
1"
#249070
0"
#249080
b101 '
1"
#249090
0"
#249100
0!
b110 '
0(
1"
0#
#249110
0"
#249120
b111 '
0)
1"
#249130
0"
#249140
b1000 '
1"
#249150
0"
#249160
b1001 '
1"
#249170
0"
#249180
b0 '
1"
#249190
0"
#249200
1&
1!
b1 '
1(
1"
1#
#249210
0"
#249220
0&
b10 '
1)
1"
#249230
0"
#249240
b11 '
1"
#249250
0"
#249260
b100 '
1"
#249270
0"
#249280
b101 '
1"
#249290
0"
#249300
0!
b110 '
0(
1"
0#
#249310
0"
#249320
b111 '
0)
1"
#249330
0"
#249340
b1000 '
1"
#249350
0"
#249360
b1001 '
1"
#249370
0"
#249380
b0 '
1"
#249390
0"
#249400
1&
1!
b1 '
1(
1"
1#
#249410
0"
#249420
0&
b10 '
1)
1"
#249430
0"
#249440
b11 '
1"
#249450
0"
#249460
b100 '
1"
#249470
0"
#249480
b101 '
1"
#249490
0"
#249500
0!
b110 '
0(
1"
0#
#249510
0"
#249520
b111 '
0)
1"
#249530
0"
#249540
b1000 '
1"
#249550
0"
#249560
b1001 '
1"
#249570
0"
#249580
b0 '
1"
#249590
0"
#249600
1&
1!
b1 '
1(
1"
1#
#249610
0"
#249620
0&
b10 '
1)
1"
#249630
0"
#249640
b11 '
1"
#249650
0"
#249660
b100 '
1"
#249670
0"
#249680
b101 '
1"
#249690
0"
#249700
0!
b110 '
0(
1"
0#
#249710
0"
#249720
b111 '
0)
1"
#249730
0"
#249740
b1000 '
1"
#249750
0"
#249760
b1001 '
1"
#249770
0"
#249780
b0 '
1"
#249790
0"
#249800
1&
1!
b1 '
1(
1"
1#
#249810
0"
#249820
0&
b10 '
1)
1"
#249830
0"
#249840
b11 '
1"
#249850
0"
#249860
b100 '
1"
#249870
0"
#249880
b101 '
1"
#249890
0"
#249900
0!
b110 '
0(
1"
0#
#249910
0"
#249920
b111 '
0)
1"
#249930
0"
#249940
b1000 '
1"
#249950
0"
#249960
b1001 '
1"
#249970
0"
#249980
b0 '
1"
#249990
0"
#250000
1&
1!
b1 '
1(
1"
1#
#250010
0"
#250020
0&
b10 '
1)
1"
#250030
0"
#250040
b11 '
1"
#250050
0"
#250060
b100 '
1"
#250070
0"
#250080
b101 '
1"
#250090
0"
#250100
0!
b110 '
0(
1"
0#
#250110
0"
#250120
b111 '
0)
1"
#250130
0"
#250140
b1000 '
1"
#250150
0"
#250160
b1001 '
1"
#250170
0"
#250180
b0 '
1"
#250190
0"
#250200
1&
1!
b1 '
1(
1"
1#
#250210
0"
#250220
0&
b10 '
1)
1"
#250230
0"
#250240
b11 '
1"
#250250
0"
#250260
b100 '
1"
#250270
0"
#250280
b101 '
1"
#250290
0"
#250300
0!
b110 '
0(
1"
0#
#250310
0"
#250320
b111 '
0)
1"
#250330
0"
#250340
b1000 '
1"
#250350
0"
#250360
b1001 '
1"
#250370
0"
#250380
b0 '
1"
#250390
0"
#250400
1&
1!
b1 '
1(
1"
1#
#250410
0"
#250420
0&
b10 '
1)
1"
#250430
0"
#250440
b11 '
1"
#250450
0"
#250460
b100 '
1"
#250470
0"
#250480
b101 '
1"
#250490
0"
#250500
0!
b110 '
0(
1"
0#
#250510
0"
#250520
b111 '
0)
1"
#250530
0"
#250540
b1000 '
1"
#250550
0"
#250560
b1001 '
1"
#250570
0"
#250580
b0 '
1"
#250590
0"
#250600
1&
1!
b1 '
1(
1"
1#
#250610
0"
#250620
0&
b10 '
1)
1"
#250630
0"
#250640
b11 '
1"
#250650
0"
#250660
b100 '
1"
#250670
0"
#250680
b101 '
1"
#250690
0"
#250700
0!
b110 '
0(
1"
0#
#250710
0"
#250720
b111 '
0)
1"
#250730
0"
#250740
b1000 '
1"
#250750
0"
#250760
b1001 '
1"
#250770
0"
#250780
b0 '
1"
#250790
0"
#250800
1&
1!
b1 '
1(
1"
1#
#250810
0"
#250820
0&
b10 '
1)
1"
#250830
0"
#250840
b11 '
1"
#250850
0"
#250860
b100 '
1"
#250870
0"
#250880
b101 '
1"
#250890
0"
#250900
0!
b110 '
0(
1"
0#
#250910
0"
#250920
b111 '
0)
1"
#250930
0"
#250940
b1000 '
1"
#250950
0"
#250960
b1001 '
1"
#250970
0"
#250980
b0 '
1"
#250990
0"
#251000
1&
1!
b1 '
1(
1"
1#
#251010
0"
#251020
0&
b10 '
1)
1"
#251030
0"
#251040
b11 '
1"
#251050
0"
#251060
b100 '
1"
#251070
0"
#251080
b101 '
1"
#251090
0"
#251100
0!
b110 '
0(
1"
0#
#251110
0"
#251120
b111 '
0)
1"
#251130
0"
#251140
b1000 '
1"
#251150
0"
#251160
b1001 '
1"
#251170
0"
#251180
b0 '
1"
#251190
0"
#251200
1&
1!
b1 '
1(
1"
1#
#251210
0"
#251220
0&
b10 '
1)
1"
#251230
0"
#251240
b11 '
1"
#251250
0"
#251260
b100 '
1"
#251270
0"
#251280
b101 '
1"
#251290
0"
#251300
0!
b110 '
0(
1"
0#
#251310
0"
#251320
b111 '
0)
1"
#251330
0"
#251340
b1000 '
1"
#251350
0"
#251360
b1001 '
1"
#251370
0"
#251380
b0 '
1"
#251390
0"
#251400
1&
1!
b1 '
1(
1"
1#
#251410
0"
#251420
0&
b10 '
1)
1"
#251430
0"
#251440
b11 '
1"
#251450
0"
#251460
b100 '
1"
#251470
0"
#251480
b101 '
1"
#251490
0"
#251500
0!
b110 '
0(
1"
0#
#251510
0"
#251520
b111 '
0)
1"
#251530
0"
#251540
b1000 '
1"
#251550
0"
#251560
b1001 '
1"
#251570
0"
#251580
b0 '
1"
#251590
0"
#251600
1&
1!
b1 '
1(
1"
1#
#251610
0"
#251620
0&
b10 '
1)
1"
#251630
0"
#251640
b11 '
1"
#251650
0"
#251660
b100 '
1"
#251670
0"
#251680
b101 '
1"
#251690
0"
#251700
0!
b110 '
0(
1"
0#
#251710
0"
#251720
b111 '
0)
1"
#251730
0"
#251740
b1000 '
1"
#251750
0"
#251760
b1001 '
1"
#251770
0"
#251780
b0 '
1"
#251790
0"
#251800
1&
1!
b1 '
1(
1"
1#
#251810
0"
#251820
0&
b10 '
1)
1"
#251830
0"
#251840
b11 '
1"
#251850
0"
#251860
b100 '
1"
#251870
0"
#251880
b101 '
1"
#251890
0"
#251900
0!
b110 '
0(
1"
0#
#251910
0"
#251920
b111 '
0)
1"
#251930
0"
#251940
b1000 '
1"
#251950
0"
#251960
b1001 '
1"
#251970
0"
#251980
b0 '
1"
#251990
0"
#252000
1&
1!
b1 '
1(
1"
1#
#252010
0"
#252020
0&
b10 '
1)
1"
#252030
0"
#252040
b11 '
1"
#252050
0"
#252060
b100 '
1"
#252070
0"
#252080
b101 '
1"
#252090
0"
#252100
0!
b110 '
0(
1"
0#
#252110
0"
#252120
b111 '
0)
1"
#252130
0"
#252140
b1000 '
1"
#252150
0"
#252160
b1001 '
1"
#252170
0"
#252180
b0 '
1"
#252190
0"
#252200
1&
1!
b1 '
1(
1"
1#
#252210
0"
#252220
0&
b10 '
1)
1"
#252230
0"
#252240
b11 '
1"
#252250
0"
#252260
b100 '
1"
#252270
0"
#252280
b101 '
1"
#252290
0"
#252300
0!
b110 '
0(
1"
0#
#252310
0"
#252320
b111 '
0)
1"
#252330
0"
#252340
b1000 '
1"
#252350
0"
#252360
b1001 '
1"
#252370
0"
#252380
b0 '
1"
#252390
0"
#252400
1&
1!
b1 '
1(
1"
1#
#252410
0"
#252420
0&
b10 '
1)
1"
#252430
0"
#252440
b11 '
1"
#252450
0"
#252460
b100 '
1"
#252470
0"
#252480
b101 '
1"
#252490
0"
#252500
0!
b110 '
0(
1"
0#
#252510
0"
#252520
b111 '
0)
1"
#252530
0"
#252540
b1000 '
1"
#252550
0"
#252560
b1001 '
1"
#252570
0"
#252580
b0 '
1"
#252590
0"
#252600
1&
1!
b1 '
1(
1"
1#
#252610
0"
#252620
0&
b10 '
1)
1"
#252630
0"
#252640
b11 '
1"
#252650
0"
#252660
b100 '
1"
#252670
0"
#252680
b101 '
1"
#252690
0"
#252700
0!
b110 '
0(
1"
0#
#252710
0"
#252720
b111 '
0)
1"
#252730
0"
#252740
b1000 '
1"
#252750
0"
#252760
b1001 '
1"
#252770
0"
#252780
b0 '
1"
#252790
0"
#252800
1&
1!
b1 '
1(
1"
1#
#252810
0"
#252820
0&
b10 '
1)
1"
#252830
0"
#252840
b11 '
1"
#252850
0"
#252860
b100 '
1"
#252870
0"
#252880
b101 '
1"
#252890
0"
#252900
0!
b110 '
0(
1"
0#
#252910
0"
#252920
b111 '
0)
1"
#252930
0"
#252940
b1000 '
1"
#252950
0"
#252960
b1001 '
1"
#252970
0"
#252980
b0 '
1"
#252990
0"
#253000
1&
1!
b1 '
1(
1"
1#
#253010
0"
#253020
0&
b10 '
1)
1"
#253030
0"
#253040
b11 '
1"
#253050
0"
#253060
b100 '
1"
#253070
0"
#253080
b101 '
1"
#253090
0"
#253100
0!
b110 '
0(
1"
0#
#253110
0"
#253120
b111 '
0)
1"
#253130
0"
#253140
b1000 '
1"
#253150
0"
#253160
b1001 '
1"
#253170
0"
#253180
b0 '
1"
#253190
0"
#253200
1&
1!
b1 '
1(
1"
1#
#253210
0"
#253220
0&
b10 '
1)
1"
#253230
0"
#253240
b11 '
1"
#253250
0"
#253260
b100 '
1"
#253270
0"
#253280
b101 '
1"
#253290
0"
#253300
0!
b110 '
0(
1"
0#
#253310
0"
#253320
b111 '
0)
1"
#253330
0"
#253340
b1000 '
1"
#253350
0"
#253360
b1001 '
1"
#253370
0"
#253380
b0 '
1"
#253390
0"
#253400
1&
1!
b1 '
1(
1"
1#
#253410
0"
#253420
0&
b10 '
1)
1"
#253430
0"
#253440
b11 '
1"
#253450
0"
#253460
b100 '
1"
#253470
0"
#253480
b101 '
1"
#253490
0"
#253500
0!
b110 '
0(
1"
0#
#253510
0"
#253520
b111 '
0)
1"
#253530
0"
#253540
b1000 '
1"
#253550
0"
#253560
b1001 '
1"
#253570
0"
#253580
b0 '
1"
#253590
0"
#253600
1&
1!
b1 '
1(
1"
1#
#253610
0"
#253620
0&
b10 '
1)
1"
#253630
0"
#253640
b11 '
1"
#253650
0"
#253660
b100 '
1"
#253670
0"
#253680
b101 '
1"
#253690
0"
#253700
0!
b110 '
0(
1"
0#
#253710
0"
#253720
b111 '
0)
1"
#253730
0"
#253740
b1000 '
1"
#253750
0"
#253760
b1001 '
1"
#253770
0"
#253780
b0 '
1"
#253790
0"
#253800
1&
1!
b1 '
1(
1"
1#
#253810
0"
#253820
0&
b10 '
1)
1"
#253830
0"
#253840
b11 '
1"
#253850
0"
#253860
b100 '
1"
#253870
0"
#253880
b101 '
1"
#253890
0"
#253900
0!
b110 '
0(
1"
0#
#253910
0"
#253920
b111 '
0)
1"
#253930
0"
#253940
b1000 '
1"
#253950
0"
#253960
b1001 '
1"
#253970
0"
#253980
b0 '
1"
#253990
0"
#254000
1&
1!
b1 '
1(
1"
1#
#254010
0"
#254020
0&
b10 '
1)
1"
#254030
0"
#254040
b11 '
1"
#254050
0"
#254060
b100 '
1"
#254070
0"
#254080
b101 '
1"
#254090
0"
#254100
0!
b110 '
0(
1"
0#
#254110
0"
#254120
b111 '
0)
1"
#254130
0"
#254140
b1000 '
1"
#254150
0"
#254160
b1001 '
1"
#254170
0"
#254180
b0 '
1"
#254190
0"
#254200
1&
1!
b1 '
1(
1"
1#
#254210
0"
#254220
0&
b10 '
1)
1"
#254230
0"
#254240
b11 '
1"
#254250
0"
#254260
b100 '
1"
#254270
0"
#254280
b101 '
1"
#254290
0"
#254300
0!
b110 '
0(
1"
0#
#254310
0"
#254320
b111 '
0)
1"
#254330
0"
#254340
b1000 '
1"
#254350
0"
#254360
b1001 '
1"
#254370
0"
#254380
b0 '
1"
#254390
0"
#254400
1&
1!
b1 '
1(
1"
1#
#254410
0"
#254420
0&
b10 '
1)
1"
#254430
0"
#254440
b11 '
1"
#254450
0"
#254460
b100 '
1"
#254470
0"
#254480
b101 '
1"
#254490
0"
#254500
0!
b110 '
0(
1"
0#
#254510
0"
#254520
b111 '
0)
1"
#254530
0"
#254540
b1000 '
1"
#254550
0"
#254560
b1001 '
1"
#254570
0"
#254580
b0 '
1"
#254590
0"
#254600
1&
1!
b1 '
1(
1"
1#
#254610
0"
#254620
0&
b10 '
1)
1"
#254630
0"
#254640
b11 '
1"
#254650
0"
#254660
b100 '
1"
#254670
0"
#254680
b101 '
1"
#254690
0"
#254700
0!
b110 '
0(
1"
0#
#254710
0"
#254720
b111 '
0)
1"
#254730
0"
#254740
b1000 '
1"
#254750
0"
#254760
b1001 '
1"
#254770
0"
#254780
b0 '
1"
#254790
0"
#254800
1&
1!
b1 '
1(
1"
1#
#254810
0"
#254820
0&
b10 '
1)
1"
#254830
0"
#254840
b11 '
1"
#254850
0"
#254860
b100 '
1"
#254870
0"
#254880
b101 '
1"
#254890
0"
#254900
0!
b110 '
0(
1"
0#
#254910
0"
#254920
b111 '
0)
1"
#254930
0"
#254940
b1000 '
1"
#254950
0"
#254960
b1001 '
1"
#254970
0"
#254980
b0 '
1"
#254990
0"
#255000
1&
1!
b1 '
1(
1"
1#
#255010
0"
#255020
0&
b10 '
1)
1"
#255030
0"
#255040
b11 '
1"
#255050
0"
#255060
b100 '
1"
#255070
0"
#255080
b101 '
1"
#255090
0"
#255100
0!
b110 '
0(
1"
0#
#255110
0"
#255120
b111 '
0)
1"
#255130
0"
#255140
b1000 '
1"
#255150
0"
#255160
b1001 '
1"
#255170
0"
#255180
b0 '
1"
#255190
0"
#255200
1&
1!
b1 '
1(
1"
1#
#255210
0"
#255220
0&
b10 '
1)
1"
#255230
0"
#255240
b11 '
1"
#255250
0"
#255260
b100 '
1"
#255270
0"
#255280
b101 '
1"
#255290
0"
#255300
0!
b110 '
0(
1"
0#
#255310
0"
#255320
b111 '
0)
1"
#255330
0"
#255340
b1000 '
1"
#255350
0"
#255360
b1001 '
1"
#255370
0"
#255380
b0 '
1"
#255390
0"
#255400
1&
1!
b1 '
1(
1"
1#
#255410
0"
#255420
0&
b10 '
1)
1"
#255430
0"
#255440
b11 '
1"
#255450
0"
#255460
b100 '
1"
#255470
0"
#255480
b101 '
1"
#255490
0"
#255500
0!
b110 '
0(
1"
0#
#255510
0"
#255520
b111 '
0)
1"
#255530
0"
#255540
b1000 '
1"
#255550
0"
#255560
b1001 '
1"
#255570
0"
#255580
b0 '
1"
#255590
0"
#255600
1&
1!
b1 '
1(
1"
1#
#255610
0"
#255620
0&
b10 '
1)
1"
#255630
0"
#255640
b11 '
1"
#255650
0"
#255660
b100 '
1"
#255670
0"
#255680
b101 '
1"
#255690
0"
#255700
0!
b110 '
0(
1"
0#
#255710
0"
#255720
b111 '
0)
1"
#255730
0"
#255740
b1000 '
1"
#255750
0"
#255760
b1001 '
1"
#255770
0"
#255780
b0 '
1"
#255790
0"
#255800
1&
1!
b1 '
1(
1"
1#
#255810
0"
#255820
0&
b10 '
1)
1"
#255830
0"
#255840
b11 '
1"
#255850
0"
#255860
b100 '
1"
#255870
0"
#255880
b101 '
1"
#255890
0"
#255900
0!
b110 '
0(
1"
0#
#255910
0"
#255920
b111 '
0)
1"
#255930
0"
#255940
b1000 '
1"
#255950
0"
#255960
b1001 '
1"
#255970
0"
#255980
b0 '
1"
#255990
0"
#256000
1&
1!
b1 '
1(
1"
1#
#256010
0"
#256020
0&
b10 '
1)
1"
#256030
0"
#256040
b11 '
1"
#256050
0"
#256060
b100 '
1"
#256070
0"
#256080
b101 '
1"
#256090
0"
#256100
0!
b110 '
0(
1"
0#
#256110
0"
#256120
b111 '
0)
1"
#256130
0"
#256140
b1000 '
1"
#256150
0"
#256160
b1001 '
1"
#256170
0"
#256180
b0 '
1"
#256190
0"
#256200
1&
1!
b1 '
1(
1"
1#
#256210
0"
#256220
0&
b10 '
1)
1"
#256230
0"
#256240
b11 '
1"
#256250
0"
#256260
b100 '
1"
#256270
0"
#256280
b101 '
1"
#256290
0"
#256300
0!
b110 '
0(
1"
0#
#256310
0"
#256320
b111 '
0)
1"
#256330
0"
#256340
b1000 '
1"
#256350
0"
#256360
b1001 '
1"
#256370
0"
#256380
b0 '
1"
#256390
0"
#256400
1&
1!
b1 '
1(
1"
1#
#256410
0"
#256420
0&
b10 '
1)
1"
#256430
0"
#256440
b11 '
1"
#256450
0"
#256460
b100 '
1"
#256470
0"
#256480
b101 '
1"
#256490
0"
#256500
0!
b110 '
0(
1"
0#
#256510
0"
#256520
b111 '
0)
1"
#256530
0"
#256540
b1000 '
1"
#256550
0"
#256560
b1001 '
1"
#256570
0"
#256580
b0 '
1"
#256590
0"
#256600
1&
1!
b1 '
1(
1"
1#
#256610
0"
#256620
0&
b10 '
1)
1"
#256630
0"
#256640
b11 '
1"
#256650
0"
#256660
b100 '
1"
#256670
0"
#256680
b101 '
1"
#256690
0"
#256700
0!
b110 '
0(
1"
0#
#256710
0"
#256720
b111 '
0)
1"
#256730
0"
#256740
b1000 '
1"
#256750
0"
#256760
b1001 '
1"
#256770
0"
#256780
b0 '
1"
#256790
0"
#256800
1&
1!
b1 '
1(
1"
1#
#256810
0"
#256820
0&
b10 '
1)
1"
#256830
0"
#256840
b11 '
1"
#256850
0"
#256860
b100 '
1"
#256870
0"
#256880
b101 '
1"
#256890
0"
#256900
0!
b110 '
0(
1"
0#
#256910
0"
#256920
b111 '
0)
1"
#256930
0"
#256940
b1000 '
1"
#256950
0"
#256960
b1001 '
1"
#256970
0"
#256980
b0 '
1"
#256990
0"
#257000
1&
1!
b1 '
1(
1"
1#
#257010
0"
#257020
0&
b10 '
1)
1"
#257030
0"
#257040
b11 '
1"
#257050
0"
#257060
b100 '
1"
#257070
0"
#257080
b101 '
1"
#257090
0"
#257100
0!
b110 '
0(
1"
0#
#257110
0"
#257120
b111 '
0)
1"
#257130
0"
#257140
b1000 '
1"
#257150
0"
#257160
b1001 '
1"
#257170
0"
#257180
b0 '
1"
#257190
0"
#257200
1&
1!
b1 '
1(
1"
1#
#257210
0"
#257220
0&
b10 '
1)
1"
#257230
0"
#257240
b11 '
1"
#257250
0"
#257260
b100 '
1"
#257270
0"
#257280
b101 '
1"
#257290
0"
#257300
0!
b110 '
0(
1"
0#
#257310
0"
#257320
b111 '
0)
1"
#257330
0"
#257340
b1000 '
1"
#257350
0"
#257360
b1001 '
1"
#257370
0"
#257380
b0 '
1"
#257390
0"
#257400
1&
1!
b1 '
1(
1"
1#
#257410
0"
#257420
0&
b10 '
1)
1"
#257430
0"
#257440
b11 '
1"
#257450
0"
#257460
b100 '
1"
#257470
0"
#257480
b101 '
1"
#257490
0"
#257500
0!
b110 '
0(
1"
0#
#257510
0"
#257520
b111 '
0)
1"
#257530
0"
#257540
b1000 '
1"
#257550
0"
#257560
b1001 '
1"
#257570
0"
#257580
b0 '
1"
#257590
0"
#257600
1&
1!
b1 '
1(
1"
1#
#257610
0"
#257620
0&
b10 '
1)
1"
#257630
0"
#257640
b11 '
1"
#257650
0"
#257660
b100 '
1"
#257670
0"
#257680
b101 '
1"
#257690
0"
#257700
0!
b110 '
0(
1"
0#
#257710
0"
#257720
b111 '
0)
1"
#257730
0"
#257740
b1000 '
1"
#257750
0"
#257760
b1001 '
1"
#257770
0"
#257780
b0 '
1"
#257790
0"
#257800
1&
1!
b1 '
1(
1"
1#
#257810
0"
#257820
0&
b10 '
1)
1"
#257830
0"
#257840
b11 '
1"
#257850
0"
#257860
b100 '
1"
#257870
0"
#257880
b101 '
1"
#257890
0"
#257900
0!
b110 '
0(
1"
0#
#257910
0"
#257920
b111 '
0)
1"
#257930
0"
#257940
b1000 '
1"
#257950
0"
#257960
b1001 '
1"
#257970
0"
#257980
b0 '
1"
#257990
0"
#258000
1&
1!
b1 '
1(
1"
1#
#258010
0"
#258020
0&
b10 '
1)
1"
#258030
0"
#258040
b11 '
1"
#258050
0"
#258060
b100 '
1"
#258070
0"
#258080
b101 '
1"
#258090
0"
#258100
0!
b110 '
0(
1"
0#
#258110
0"
#258120
b111 '
0)
1"
#258130
0"
#258140
b1000 '
1"
#258150
0"
#258160
b1001 '
1"
#258170
0"
#258180
b0 '
1"
#258190
0"
#258200
1&
1!
b1 '
1(
1"
1#
#258210
0"
#258220
0&
b10 '
1)
1"
#258230
0"
#258240
b11 '
1"
#258250
0"
#258260
b100 '
1"
#258270
0"
#258280
b101 '
1"
#258290
0"
#258300
0!
b110 '
0(
1"
0#
#258310
0"
#258320
b111 '
0)
1"
#258330
0"
#258340
b1000 '
1"
#258350
0"
#258360
b1001 '
1"
#258370
0"
#258380
b0 '
1"
#258390
0"
#258400
1&
1!
b1 '
1(
1"
1#
#258410
0"
#258420
0&
b10 '
1)
1"
#258430
0"
#258440
b11 '
1"
#258450
0"
#258460
b100 '
1"
#258470
0"
#258480
b101 '
1"
#258490
0"
#258500
0!
b110 '
0(
1"
0#
#258510
0"
#258520
b111 '
0)
1"
#258530
0"
#258540
b1000 '
1"
#258550
0"
#258560
b1001 '
1"
#258570
0"
#258580
b0 '
1"
#258590
0"
#258600
1&
1!
b1 '
1(
1"
1#
#258610
0"
#258620
0&
b10 '
1)
1"
#258630
0"
#258640
b11 '
1"
#258650
0"
#258660
b100 '
1"
#258670
0"
#258680
b101 '
1"
#258690
0"
#258700
0!
b110 '
0(
1"
0#
#258710
0"
#258720
b111 '
0)
1"
#258730
0"
#258740
b1000 '
1"
#258750
0"
#258760
b1001 '
1"
#258770
0"
#258780
b0 '
1"
#258790
0"
#258800
1&
1!
b1 '
1(
1"
1#
#258810
0"
#258820
0&
b10 '
1)
1"
#258830
0"
#258840
b11 '
1"
#258850
0"
#258860
b100 '
1"
#258870
0"
#258880
b101 '
1"
#258890
0"
#258900
0!
b110 '
0(
1"
0#
#258910
0"
#258920
b111 '
0)
1"
#258930
0"
#258940
b1000 '
1"
#258950
0"
#258960
b1001 '
1"
#258970
0"
#258980
b0 '
1"
#258990
0"
#259000
1&
1!
b1 '
1(
1"
1#
#259010
0"
#259020
0&
b10 '
1)
1"
#259030
0"
#259040
b11 '
1"
#259050
0"
#259060
b100 '
1"
#259070
0"
#259080
b101 '
1"
#259090
0"
#259100
0!
b110 '
0(
1"
0#
#259110
0"
#259120
b111 '
0)
1"
#259130
0"
#259140
b1000 '
1"
#259150
0"
#259160
b1001 '
1"
#259170
0"
#259180
b0 '
1"
#259190
0"
#259200
1&
1!
b1 '
1(
1"
1#
#259210
0"
#259220
0&
b10 '
1)
1"
#259230
0"
#259240
b11 '
1"
#259250
0"
#259260
b100 '
1"
#259270
0"
#259280
b101 '
1"
#259290
0"
#259300
0!
b110 '
0(
1"
0#
#259310
0"
#259320
b111 '
0)
1"
#259330
0"
#259340
b1000 '
1"
#259350
0"
#259360
b1001 '
1"
#259370
0"
#259380
b0 '
1"
#259390
0"
#259400
1&
1!
b1 '
1(
1"
1#
#259410
0"
#259420
0&
b10 '
1)
1"
#259430
0"
#259440
b11 '
1"
#259450
0"
#259460
b100 '
1"
#259470
0"
#259480
b101 '
1"
#259490
0"
#259500
0!
b110 '
0(
1"
0#
#259510
0"
#259520
b111 '
0)
1"
#259530
0"
#259540
b1000 '
1"
#259550
0"
#259560
b1001 '
1"
#259570
0"
#259580
b0 '
1"
#259590
0"
#259600
1&
1!
b1 '
1(
1"
1#
#259610
0"
#259620
0&
b10 '
1)
1"
#259630
0"
#259640
b11 '
1"
#259650
0"
#259660
b100 '
1"
#259670
0"
#259680
b101 '
1"
#259690
0"
#259700
0!
b110 '
0(
1"
0#
#259710
0"
#259720
b111 '
0)
1"
#259730
0"
#259740
b1000 '
1"
#259750
0"
#259760
b1001 '
1"
#259770
0"
#259780
b0 '
1"
#259790
0"
#259800
1&
1!
b1 '
1(
1"
1#
#259810
0"
#259820
0&
b10 '
1)
1"
#259830
0"
#259840
b11 '
1"
#259850
0"
#259860
b100 '
1"
#259870
0"
#259880
b101 '
1"
#259890
0"
#259900
0!
b110 '
0(
1"
0#
#259910
0"
#259920
b111 '
0)
1"
#259930
0"
#259940
b1000 '
1"
#259950
0"
#259960
b1001 '
1"
#259970
0"
#259980
b0 '
1"
#259990
0"
#260000
1&
1!
b1 '
1(
1"
1#
#260010
0"
#260020
0&
b10 '
1)
1"
#260030
0"
#260040
b11 '
1"
#260050
0"
#260060
b100 '
1"
#260070
0"
#260080
b101 '
1"
#260090
0"
#260100
0!
b110 '
0(
1"
0#
#260110
0"
#260120
b111 '
0)
1"
#260130
0"
#260140
b1000 '
1"
#260150
0"
#260160
b1001 '
1"
#260170
0"
#260180
b0 '
1"
#260190
0"
#260200
1&
1!
b1 '
1(
1"
1#
#260210
0"
#260220
0&
b10 '
1)
1"
#260230
0"
#260240
b11 '
1"
#260250
0"
#260260
b100 '
1"
#260270
0"
#260280
b101 '
1"
#260290
0"
#260300
0!
b110 '
0(
1"
0#
#260310
0"
#260320
b111 '
0)
1"
#260330
0"
#260340
b1000 '
1"
#260350
0"
#260360
b1001 '
1"
#260370
0"
#260380
b0 '
1"
#260390
0"
#260400
1&
1!
b1 '
1(
1"
1#
#260410
0"
#260420
0&
b10 '
1)
1"
#260430
0"
#260440
b11 '
1"
#260450
0"
#260460
b100 '
1"
#260470
0"
#260480
b101 '
1"
#260490
0"
#260500
0!
b110 '
0(
1"
0#
#260510
0"
#260520
b111 '
0)
1"
#260530
0"
#260540
b1000 '
1"
#260550
0"
#260560
b1001 '
1"
#260570
0"
#260580
b0 '
1"
#260590
0"
#260600
1&
1!
b1 '
1(
1"
1#
#260610
0"
#260620
0&
b10 '
1)
1"
#260630
0"
#260640
b11 '
1"
#260650
0"
#260660
b100 '
1"
#260670
0"
#260680
b101 '
1"
#260690
0"
#260700
0!
b110 '
0(
1"
0#
#260710
0"
#260720
b111 '
0)
1"
#260730
0"
#260740
b1000 '
1"
#260750
0"
#260760
b1001 '
1"
#260770
0"
#260780
b0 '
1"
#260790
0"
#260800
1&
1!
b1 '
1(
1"
1#
#260810
0"
#260820
0&
b10 '
1)
1"
#260830
0"
#260840
b11 '
1"
#260850
0"
#260860
b100 '
1"
#260870
0"
#260880
b101 '
1"
#260890
0"
#260900
0!
b110 '
0(
1"
0#
#260910
0"
#260920
b111 '
0)
1"
#260930
0"
#260940
b1000 '
1"
#260950
0"
#260960
b1001 '
1"
#260970
0"
#260980
b0 '
1"
#260990
0"
#261000
1&
1!
b1 '
1(
1"
1#
#261010
0"
#261020
0&
b10 '
1)
1"
#261030
0"
#261040
b11 '
1"
#261050
0"
#261060
b100 '
1"
#261070
0"
#261080
b101 '
1"
#261090
0"
#261100
0!
b110 '
0(
1"
0#
#261110
0"
#261120
b111 '
0)
1"
#261130
0"
#261140
b1000 '
1"
#261150
0"
#261160
b1001 '
1"
#261170
0"
#261180
b0 '
1"
#261190
0"
#261200
1&
1!
b1 '
1(
1"
1#
#261210
0"
#261220
0&
b10 '
1)
1"
#261230
0"
#261240
b11 '
1"
#261250
0"
#261260
b100 '
1"
#261270
0"
#261280
b101 '
1"
#261290
0"
#261300
0!
b110 '
0(
1"
0#
#261310
0"
#261320
b111 '
0)
1"
#261330
0"
#261340
b1000 '
1"
#261350
0"
#261360
b1001 '
1"
#261370
0"
#261380
b0 '
1"
#261390
0"
#261400
1&
1!
b1 '
1(
1"
1#
#261410
0"
#261420
0&
b10 '
1)
1"
#261430
0"
#261440
b11 '
1"
#261450
0"
#261460
b100 '
1"
#261470
0"
#261480
b101 '
1"
#261490
0"
#261500
0!
b110 '
0(
1"
0#
#261510
0"
#261520
b111 '
0)
1"
#261530
0"
#261540
b1000 '
1"
#261550
0"
#261560
b1001 '
1"
#261570
0"
#261580
b0 '
1"
#261590
0"
#261600
1&
1!
b1 '
1(
1"
1#
#261610
0"
#261620
0&
b10 '
1)
1"
#261630
0"
#261640
b11 '
1"
#261650
0"
#261660
b100 '
1"
#261670
0"
#261680
b101 '
1"
#261690
0"
#261700
0!
b110 '
0(
1"
0#
#261710
0"
#261720
b111 '
0)
1"
#261730
0"
#261740
b1000 '
1"
#261750
0"
#261760
b1001 '
1"
#261770
0"
#261780
b0 '
1"
#261790
0"
#261800
1&
1!
b1 '
1(
1"
1#
#261810
0"
#261820
0&
b10 '
1)
1"
#261830
0"
#261840
b11 '
1"
#261850
0"
#261860
b100 '
1"
#261870
0"
#261880
b101 '
1"
#261890
0"
#261900
0!
b110 '
0(
1"
0#
#261910
0"
#261920
b111 '
0)
1"
#261930
0"
#261940
b1000 '
1"
#261950
0"
#261960
b1001 '
1"
#261970
0"
#261980
b0 '
1"
#261990
0"
#262000
1&
1!
b1 '
1(
1"
1#
#262010
0"
#262020
0&
b10 '
1)
1"
#262030
0"
#262040
b11 '
1"
#262050
0"
#262060
b100 '
1"
#262070
0"
#262080
b101 '
1"
#262090
0"
#262100
0!
b110 '
0(
1"
0#
#262110
0"
#262120
b111 '
0)
1"
#262130
0"
#262140
b1000 '
1"
#262150
0"
#262160
b1001 '
1"
#262170
0"
#262180
b0 '
1"
#262190
0"
#262200
1&
1!
b1 '
1(
1"
1#
#262210
0"
#262220
0&
b10 '
1)
1"
#262230
0"
#262240
b11 '
1"
#262250
0"
#262260
b100 '
1"
#262270
0"
#262280
b101 '
1"
#262290
0"
#262300
0!
b110 '
0(
1"
0#
#262310
0"
#262320
b111 '
0)
1"
#262330
0"
#262340
b1000 '
1"
#262350
0"
#262360
b1001 '
1"
#262370
0"
#262380
b0 '
1"
#262390
0"
#262400
1&
1!
b1 '
1(
1"
1#
#262410
0"
#262420
0&
b10 '
1)
1"
#262430
0"
#262440
b11 '
1"
#262450
0"
#262460
b100 '
1"
#262470
0"
#262480
b101 '
1"
#262490
0"
#262500
0!
b110 '
0(
1"
0#
#262510
0"
#262520
b111 '
0)
1"
#262530
0"
#262540
b1000 '
1"
#262550
0"
#262560
b1001 '
1"
#262570
0"
#262580
b0 '
1"
#262590
0"
#262600
1&
1!
b1 '
1(
1"
1#
#262610
0"
#262620
0&
b10 '
1)
1"
#262630
0"
#262640
b11 '
1"
#262650
0"
#262660
b100 '
1"
#262670
0"
#262680
b101 '
1"
#262690
0"
#262700
0!
b110 '
0(
1"
0#
#262710
0"
#262720
b111 '
0)
1"
#262730
0"
#262740
b1000 '
1"
#262750
0"
#262760
b1001 '
1"
#262770
0"
#262780
b0 '
1"
#262790
0"
#262800
1&
1!
b1 '
1(
1"
1#
#262810
0"
#262820
0&
b10 '
1)
1"
#262830
0"
#262840
b11 '
1"
#262850
0"
#262860
b100 '
1"
#262870
0"
#262880
b101 '
1"
#262890
0"
#262900
0!
b110 '
0(
1"
0#
#262910
0"
#262920
b111 '
0)
1"
#262930
0"
#262940
b1000 '
1"
#262950
0"
#262960
b1001 '
1"
#262970
0"
#262980
b0 '
1"
#262990
0"
#263000
1&
1!
b1 '
1(
1"
1#
#263010
0"
#263020
0&
b10 '
1)
1"
#263030
0"
#263040
b11 '
1"
#263050
0"
#263060
b100 '
1"
#263070
0"
#263080
b101 '
1"
#263090
0"
#263100
0!
b110 '
0(
1"
0#
#263110
0"
#263120
b111 '
0)
1"
#263130
0"
#263140
b1000 '
1"
#263150
0"
#263160
b1001 '
1"
#263170
0"
#263180
b0 '
1"
#263190
0"
#263200
1&
1!
b1 '
1(
1"
1#
#263210
0"
#263220
0&
b10 '
1)
1"
#263230
0"
#263240
b11 '
1"
#263250
0"
#263260
b100 '
1"
#263270
0"
#263280
b101 '
1"
#263290
0"
#263300
0!
b110 '
0(
1"
0#
#263310
0"
#263320
b111 '
0)
1"
#263330
0"
#263340
b1000 '
1"
#263350
0"
#263360
b1001 '
1"
#263370
0"
#263380
b0 '
1"
#263390
0"
#263400
1&
1!
b1 '
1(
1"
1#
#263410
0"
#263420
0&
b10 '
1)
1"
#263430
0"
#263440
b11 '
1"
#263450
0"
#263460
b100 '
1"
#263470
0"
#263480
b101 '
1"
#263490
0"
#263500
0!
b110 '
0(
1"
0#
#263510
0"
#263520
b111 '
0)
1"
#263530
0"
#263540
b1000 '
1"
#263550
0"
#263560
b1001 '
1"
#263570
0"
#263580
b0 '
1"
#263590
0"
#263600
1&
1!
b1 '
1(
1"
1#
#263610
0"
#263620
0&
b10 '
1)
1"
#263630
0"
#263640
b11 '
1"
#263650
0"
#263660
b100 '
1"
#263670
0"
#263680
b101 '
1"
#263690
0"
#263700
0!
b110 '
0(
1"
0#
#263710
0"
#263720
b111 '
0)
1"
#263730
0"
#263740
b1000 '
1"
#263750
0"
#263760
b1001 '
1"
#263770
0"
#263780
b0 '
1"
#263790
0"
#263800
1&
1!
b1 '
1(
1"
1#
#263810
0"
#263820
0&
b10 '
1)
1"
#263830
0"
#263840
b11 '
1"
#263850
0"
#263860
b100 '
1"
#263870
0"
#263880
b101 '
1"
#263890
0"
#263900
0!
b110 '
0(
1"
0#
#263910
0"
#263920
b111 '
0)
1"
#263930
0"
#263940
b1000 '
1"
#263950
0"
#263960
b1001 '
1"
#263970
0"
#263980
b0 '
1"
#263990
0"
#264000
1&
1!
b1 '
1(
1"
1#
#264010
0"
#264020
0&
b10 '
1)
1"
#264030
0"
#264040
b11 '
1"
#264050
0"
#264060
b100 '
1"
#264070
0"
#264080
b101 '
1"
#264090
0"
#264100
0!
b110 '
0(
1"
0#
#264110
0"
#264120
b111 '
0)
1"
#264130
0"
#264140
b1000 '
1"
#264150
0"
#264160
b1001 '
1"
#264170
0"
#264180
b0 '
1"
#264190
0"
#264200
1&
1!
b1 '
1(
1"
1#
#264210
0"
#264220
0&
b10 '
1)
1"
#264230
0"
#264240
b11 '
1"
#264250
0"
#264260
b100 '
1"
#264270
0"
#264280
b101 '
1"
#264290
0"
#264300
0!
b110 '
0(
1"
0#
#264310
0"
#264320
b111 '
0)
1"
#264330
0"
#264340
b1000 '
1"
#264350
0"
#264360
b1001 '
1"
#264370
0"
#264380
b0 '
1"
#264390
0"
#264400
1&
1!
b1 '
1(
1"
1#
#264410
0"
#264420
0&
b10 '
1)
1"
#264430
0"
#264440
b11 '
1"
#264450
0"
#264460
b100 '
1"
#264470
0"
#264480
b101 '
1"
#264490
0"
#264500
0!
b110 '
0(
1"
0#
#264510
0"
#264520
b111 '
0)
1"
#264530
0"
#264540
b1000 '
1"
#264550
0"
#264560
b1001 '
1"
#264570
0"
#264580
b0 '
1"
#264590
0"
#264600
1&
1!
b1 '
1(
1"
1#
#264610
0"
#264620
0&
b10 '
1)
1"
#264630
0"
#264640
b11 '
1"
#264650
0"
#264660
b100 '
1"
#264670
0"
#264680
b101 '
1"
#264690
0"
#264700
0!
b110 '
0(
1"
0#
#264710
0"
#264720
b111 '
0)
1"
#264730
0"
#264740
b1000 '
1"
#264750
0"
#264760
b1001 '
1"
#264770
0"
#264780
b0 '
1"
#264790
0"
#264800
1&
1!
b1 '
1(
1"
1#
#264810
0"
#264820
0&
b10 '
1)
1"
#264830
0"
#264840
b11 '
1"
#264850
0"
#264860
b100 '
1"
#264870
0"
#264880
b101 '
1"
#264890
0"
#264900
0!
b110 '
0(
1"
0#
#264910
0"
#264920
b111 '
0)
1"
#264930
0"
#264940
b1000 '
1"
#264950
0"
#264960
b1001 '
1"
#264970
0"
#264980
b0 '
1"
#264990
0"
#265000
1&
1!
b1 '
1(
1"
1#
#265010
0"
#265020
0&
b10 '
1)
1"
#265030
0"
#265040
b11 '
1"
#265050
0"
#265060
b100 '
1"
#265070
0"
#265080
b101 '
1"
#265090
0"
#265100
0!
b110 '
0(
1"
0#
#265110
0"
#265120
b111 '
0)
1"
#265130
0"
#265140
b1000 '
1"
#265150
0"
#265160
b1001 '
1"
#265170
0"
#265180
b0 '
1"
#265190
0"
#265200
1&
1!
b1 '
1(
1"
1#
#265210
0"
#265220
0&
b10 '
1)
1"
#265230
0"
#265240
b11 '
1"
#265250
0"
#265260
b100 '
1"
#265270
0"
#265280
b101 '
1"
#265290
0"
#265300
0!
b110 '
0(
1"
0#
#265310
0"
#265320
b111 '
0)
1"
#265330
0"
#265340
b1000 '
1"
#265350
0"
#265360
b1001 '
1"
#265370
0"
#265380
b0 '
1"
#265390
0"
#265400
1&
1!
b1 '
1(
1"
1#
#265410
0"
#265420
0&
b10 '
1)
1"
#265430
0"
#265440
b11 '
1"
#265450
0"
#265460
b100 '
1"
#265470
0"
#265480
b101 '
1"
#265490
0"
#265500
0!
b110 '
0(
1"
0#
#265510
0"
#265520
b111 '
0)
1"
#265530
0"
#265540
b1000 '
1"
#265550
0"
#265560
b1001 '
1"
#265570
0"
#265580
b0 '
1"
#265590
0"
#265600
1&
1!
b1 '
1(
1"
1#
#265610
0"
#265620
0&
b10 '
1)
1"
#265630
0"
#265640
b11 '
1"
#265650
0"
#265660
b100 '
1"
#265670
0"
#265680
b101 '
1"
#265690
0"
#265700
0!
b110 '
0(
1"
0#
#265710
0"
#265720
b111 '
0)
1"
#265730
0"
#265740
b1000 '
1"
#265750
0"
#265760
b1001 '
1"
#265770
0"
#265780
b0 '
1"
#265790
0"
#265800
1&
1!
b1 '
1(
1"
1#
#265810
0"
#265820
0&
b10 '
1)
1"
#265830
0"
#265840
b11 '
1"
#265850
0"
#265860
b100 '
1"
#265870
0"
#265880
b101 '
1"
#265890
0"
#265900
0!
b110 '
0(
1"
0#
#265910
0"
#265920
b111 '
0)
1"
#265930
0"
#265940
b1000 '
1"
#265950
0"
#265960
b1001 '
1"
#265970
0"
#265980
b0 '
1"
#265990
0"
#266000
1&
1!
b1 '
1(
1"
1#
#266010
0"
#266020
0&
b10 '
1)
1"
#266030
0"
#266040
b11 '
1"
#266050
0"
#266060
b100 '
1"
#266070
0"
#266080
b101 '
1"
#266090
0"
#266100
0!
b110 '
0(
1"
0#
#266110
0"
#266120
b111 '
0)
1"
#266130
0"
#266140
b1000 '
1"
#266150
0"
#266160
b1001 '
1"
#266170
0"
#266180
b0 '
1"
#266190
0"
#266200
1&
1!
b1 '
1(
1"
1#
#266210
0"
#266220
0&
b10 '
1)
1"
#266230
0"
#266240
b11 '
1"
#266250
0"
#266260
b100 '
1"
#266270
0"
#266280
b101 '
1"
#266290
0"
#266300
0!
b110 '
0(
1"
0#
#266310
0"
#266320
b111 '
0)
1"
#266330
0"
#266340
b1000 '
1"
#266350
0"
#266360
b1001 '
1"
#266370
0"
#266380
b0 '
1"
#266390
0"
#266400
1&
1!
b1 '
1(
1"
1#
#266410
0"
#266420
0&
b10 '
1)
1"
#266430
0"
#266440
b11 '
1"
#266450
0"
#266460
b100 '
1"
#266470
0"
#266480
b101 '
1"
#266490
0"
#266500
0!
b110 '
0(
1"
0#
#266510
0"
#266520
b111 '
0)
1"
#266530
0"
#266540
b1000 '
1"
#266550
0"
#266560
b1001 '
1"
#266570
0"
#266580
b0 '
1"
#266590
0"
#266600
1&
1!
b1 '
1(
1"
1#
#266610
0"
#266620
0&
b10 '
1)
1"
#266630
0"
#266640
b11 '
1"
#266650
0"
#266660
b100 '
1"
#266670
0"
#266680
b101 '
1"
#266690
0"
#266700
0!
b110 '
0(
1"
0#
#266710
0"
#266720
b111 '
0)
1"
#266730
0"
#266740
b1000 '
1"
#266750
0"
#266760
b1001 '
1"
#266770
0"
#266780
b0 '
1"
#266790
0"
#266800
1&
1!
b1 '
1(
1"
1#
#266810
0"
#266820
0&
b10 '
1)
1"
#266830
0"
#266840
b11 '
1"
#266850
0"
#266860
b100 '
1"
#266870
0"
#266880
b101 '
1"
#266890
0"
#266900
0!
b110 '
0(
1"
0#
#266910
0"
#266920
b111 '
0)
1"
#266930
0"
#266940
b1000 '
1"
#266950
0"
#266960
b1001 '
1"
#266970
0"
#266980
b0 '
1"
#266990
0"
#267000
1&
1!
b1 '
1(
1"
1#
#267010
0"
#267020
0&
b10 '
1)
1"
#267030
0"
#267040
b11 '
1"
#267050
0"
#267060
b100 '
1"
#267070
0"
#267080
b101 '
1"
#267090
0"
#267100
0!
b110 '
0(
1"
0#
#267110
0"
#267120
b111 '
0)
1"
#267130
0"
#267140
b1000 '
1"
#267150
0"
#267160
b1001 '
1"
#267170
0"
#267180
b0 '
1"
#267190
0"
#267200
1&
1!
b1 '
1(
1"
1#
#267210
0"
#267220
0&
b10 '
1)
1"
#267230
0"
#267240
b11 '
1"
#267250
0"
#267260
b100 '
1"
#267270
0"
#267280
b101 '
1"
#267290
0"
#267300
0!
b110 '
0(
1"
0#
#267310
0"
#267320
b111 '
0)
1"
#267330
0"
#267340
b1000 '
1"
#267350
0"
#267360
b1001 '
1"
#267370
0"
#267380
b0 '
1"
#267390
0"
#267400
1&
1!
b1 '
1(
1"
1#
#267410
0"
#267420
0&
b10 '
1)
1"
#267430
0"
#267440
b11 '
1"
#267450
0"
#267460
b100 '
1"
#267470
0"
#267480
b101 '
1"
#267490
0"
#267500
0!
b110 '
0(
1"
0#
#267510
0"
#267520
b111 '
0)
1"
#267530
0"
#267540
b1000 '
1"
#267550
0"
#267560
b1001 '
1"
#267570
0"
#267580
b0 '
1"
#267590
0"
#267600
1&
1!
b1 '
1(
1"
1#
#267610
0"
#267620
0&
b10 '
1)
1"
#267630
0"
#267640
b11 '
1"
#267650
0"
#267660
b100 '
1"
#267670
0"
#267680
b101 '
1"
#267690
0"
#267700
0!
b110 '
0(
1"
0#
#267710
0"
#267720
b111 '
0)
1"
#267730
0"
#267740
b1000 '
1"
#267750
0"
#267760
b1001 '
1"
#267770
0"
#267780
b0 '
1"
#267790
0"
#267800
1&
1!
b1 '
1(
1"
1#
#267810
0"
#267820
0&
b10 '
1)
1"
#267830
0"
#267840
b11 '
1"
#267850
0"
#267860
b100 '
1"
#267870
0"
#267880
b101 '
1"
#267890
0"
#267900
0!
b110 '
0(
1"
0#
#267910
0"
#267920
b111 '
0)
1"
#267930
0"
#267940
b1000 '
1"
#267950
0"
#267960
b1001 '
1"
#267970
0"
#267980
b0 '
1"
#267990
0"
#268000
1&
1!
b1 '
1(
1"
1#
#268010
0"
#268020
0&
b10 '
1)
1"
#268030
0"
#268040
b11 '
1"
#268050
0"
#268060
b100 '
1"
#268070
0"
#268080
b101 '
1"
#268090
0"
#268100
0!
b110 '
0(
1"
0#
#268110
0"
#268120
b111 '
0)
1"
#268130
0"
#268140
b1000 '
1"
#268150
0"
#268160
b1001 '
1"
#268170
0"
#268180
b0 '
1"
#268190
0"
#268200
1&
1!
b1 '
1(
1"
1#
#268210
0"
#268220
0&
b10 '
1)
1"
#268230
0"
#268240
b11 '
1"
#268250
0"
#268260
b100 '
1"
#268270
0"
#268280
b101 '
1"
#268290
0"
#268300
0!
b110 '
0(
1"
0#
#268310
0"
#268320
b111 '
0)
1"
#268330
0"
#268340
b1000 '
1"
#268350
0"
#268360
b1001 '
1"
#268370
0"
#268380
b0 '
1"
#268390
0"
#268400
1&
1!
b1 '
1(
1"
1#
#268410
0"
#268420
0&
b10 '
1)
1"
#268430
0"
#268440
b11 '
1"
#268450
0"
#268460
b100 '
1"
#268470
0"
#268480
b101 '
1"
#268490
0"
#268500
0!
b110 '
0(
1"
0#
#268510
0"
#268520
b111 '
0)
1"
#268530
0"
#268540
b1000 '
1"
#268550
0"
#268560
b1001 '
1"
#268570
0"
#268580
b0 '
1"
#268590
0"
#268600
1&
1!
b1 '
1(
1"
1#
#268610
0"
#268620
0&
b10 '
1)
1"
#268630
0"
#268640
b11 '
1"
#268650
0"
#268660
b100 '
1"
#268670
0"
#268680
b101 '
1"
#268690
0"
#268700
0!
b110 '
0(
1"
0#
#268710
0"
#268720
b111 '
0)
1"
#268730
0"
#268740
b1000 '
1"
#268750
0"
#268760
b1001 '
1"
#268770
0"
#268780
b0 '
1"
#268790
0"
#268800
1&
1!
b1 '
1(
1"
1#
#268810
0"
#268820
0&
b10 '
1)
1"
#268830
0"
#268840
b11 '
1"
#268850
0"
#268860
b100 '
1"
#268870
0"
#268880
b101 '
1"
#268890
0"
#268900
0!
b110 '
0(
1"
0#
#268910
0"
#268920
b111 '
0)
1"
#268930
0"
#268940
b1000 '
1"
#268950
0"
#268960
b1001 '
1"
#268970
0"
#268980
b0 '
1"
#268990
0"
#269000
1&
1!
b1 '
1(
1"
1#
#269010
0"
#269020
0&
b10 '
1)
1"
#269030
0"
#269040
b11 '
1"
#269050
0"
#269060
b100 '
1"
#269070
0"
#269080
b101 '
1"
#269090
0"
#269100
0!
b110 '
0(
1"
0#
#269110
0"
#269120
b111 '
0)
1"
#269130
0"
#269140
b1000 '
1"
#269150
0"
#269160
b1001 '
1"
#269170
0"
#269180
b0 '
1"
#269190
0"
#269200
1&
1!
b1 '
1(
1"
1#
#269210
0"
#269220
0&
b10 '
1)
1"
#269230
0"
#269240
b11 '
1"
#269250
0"
#269260
b100 '
1"
#269270
0"
#269280
b101 '
1"
#269290
0"
#269300
0!
b110 '
0(
1"
0#
#269310
0"
#269320
b111 '
0)
1"
#269330
0"
#269340
b1000 '
1"
#269350
0"
#269360
b1001 '
1"
#269370
0"
#269380
b0 '
1"
#269390
0"
#269400
1&
1!
b1 '
1(
1"
1#
#269410
0"
#269420
0&
b10 '
1)
1"
#269430
0"
#269440
b11 '
1"
#269450
0"
#269460
b100 '
1"
#269470
0"
#269480
b101 '
1"
#269490
0"
#269500
0!
b110 '
0(
1"
0#
#269510
0"
#269520
b111 '
0)
1"
#269530
0"
#269540
b1000 '
1"
#269550
0"
#269560
b1001 '
1"
#269570
0"
#269580
b0 '
1"
#269590
0"
#269600
1&
1!
b1 '
1(
1"
1#
#269610
0"
#269620
0&
b10 '
1)
1"
#269630
0"
#269640
b11 '
1"
#269650
0"
#269660
b100 '
1"
#269670
0"
#269680
b101 '
1"
#269690
0"
#269700
0!
b110 '
0(
1"
0#
#269710
0"
#269720
b111 '
0)
1"
#269730
0"
#269740
b1000 '
1"
#269750
0"
#269760
b1001 '
1"
#269770
0"
#269780
b0 '
1"
#269790
0"
#269800
1&
1!
b1 '
1(
1"
1#
#269810
0"
#269820
0&
b10 '
1)
1"
#269830
0"
#269840
b11 '
1"
#269850
0"
#269860
b100 '
1"
#269870
0"
#269880
b101 '
1"
#269890
0"
#269900
0!
b110 '
0(
1"
0#
#269910
0"
#269920
b111 '
0)
1"
#269930
0"
#269940
b1000 '
1"
#269950
0"
#269960
b1001 '
1"
#269970
0"
#269980
b0 '
1"
#269990
0"
#270000
1&
1!
b1 '
1(
1"
1#
#270010
0"
#270020
0&
b10 '
1)
1"
#270030
0"
#270040
b11 '
1"
#270050
0"
#270060
b100 '
1"
#270070
0"
#270080
b101 '
1"
#270090
0"
#270100
0!
b110 '
0(
1"
0#
#270110
0"
#270120
b111 '
0)
1"
#270130
0"
#270140
b1000 '
1"
#270150
0"
#270160
b1001 '
1"
#270170
0"
#270180
b0 '
1"
#270190
0"
#270200
1&
1!
b1 '
1(
1"
1#
#270210
0"
#270220
0&
b10 '
1)
1"
#270230
0"
#270240
b11 '
1"
#270250
0"
#270260
b100 '
1"
#270270
0"
#270280
b101 '
1"
#270290
0"
#270300
0!
b110 '
0(
1"
0#
#270310
0"
#270320
b111 '
0)
1"
#270330
0"
#270340
b1000 '
1"
#270350
0"
#270360
b1001 '
1"
#270370
0"
#270380
b0 '
1"
#270390
0"
#270400
1&
1!
b1 '
1(
1"
1#
#270410
0"
#270420
0&
b10 '
1)
1"
#270430
0"
#270440
b11 '
1"
#270450
0"
#270460
b100 '
1"
#270470
0"
#270480
b101 '
1"
#270490
0"
#270500
0!
b110 '
0(
1"
0#
#270510
0"
#270520
b111 '
0)
1"
#270530
0"
#270540
b1000 '
1"
#270550
0"
#270560
b1001 '
1"
#270570
0"
#270580
b0 '
1"
#270590
0"
#270600
1&
1!
b1 '
1(
1"
1#
#270610
0"
#270620
0&
b10 '
1)
1"
#270630
0"
#270640
b11 '
1"
#270650
0"
#270660
b100 '
1"
#270670
0"
#270680
b101 '
1"
#270690
0"
#270700
0!
b110 '
0(
1"
0#
#270710
0"
#270720
b111 '
0)
1"
#270730
0"
#270740
b1000 '
1"
#270750
0"
#270760
b1001 '
1"
#270770
0"
#270780
b0 '
1"
#270790
0"
#270800
1&
1!
b1 '
1(
1"
1#
#270810
0"
#270820
0&
b10 '
1)
1"
#270830
0"
#270840
b11 '
1"
#270850
0"
#270860
b100 '
1"
#270870
0"
#270880
b101 '
1"
#270890
0"
#270900
0!
b110 '
0(
1"
0#
#270910
0"
#270920
b111 '
0)
1"
#270930
0"
#270940
b1000 '
1"
#270950
0"
#270960
b1001 '
1"
#270970
0"
#270980
b0 '
1"
#270990
0"
#271000
1&
1!
b1 '
1(
1"
1#
#271010
0"
#271020
0&
b10 '
1)
1"
#271030
0"
#271040
b11 '
1"
#271050
0"
#271060
b100 '
1"
#271070
0"
#271080
b101 '
1"
#271090
0"
#271100
0!
b110 '
0(
1"
0#
#271110
0"
#271120
b111 '
0)
1"
#271130
0"
#271140
b1000 '
1"
#271150
0"
#271160
b1001 '
1"
#271170
0"
#271180
b0 '
1"
#271190
0"
#271200
1&
1!
b1 '
1(
1"
1#
#271210
0"
#271220
0&
b10 '
1)
1"
#271230
0"
#271240
b11 '
1"
#271250
0"
#271260
b100 '
1"
#271270
0"
#271280
b101 '
1"
#271290
0"
#271300
0!
b110 '
0(
1"
0#
#271310
0"
#271320
b111 '
0)
1"
#271330
0"
#271340
b1000 '
1"
#271350
0"
#271360
b1001 '
1"
#271370
0"
#271380
b0 '
1"
#271390
0"
#271400
1&
1!
b1 '
1(
1"
1#
#271410
0"
#271420
0&
b10 '
1)
1"
#271430
0"
#271440
b11 '
1"
#271450
0"
#271460
b100 '
1"
#271470
0"
#271480
b101 '
1"
#271490
0"
#271500
0!
b110 '
0(
1"
0#
#271510
0"
#271520
b111 '
0)
1"
#271530
0"
#271540
b1000 '
1"
#271550
0"
#271560
b1001 '
1"
#271570
0"
#271580
b0 '
1"
#271590
0"
#271600
1&
1!
b1 '
1(
1"
1#
#271610
0"
#271620
0&
b10 '
1)
1"
#271630
0"
#271640
b11 '
1"
#271650
0"
#271660
b100 '
1"
#271670
0"
#271680
b101 '
1"
#271690
0"
#271700
0!
b110 '
0(
1"
0#
#271710
0"
#271720
b111 '
0)
1"
#271730
0"
#271740
b1000 '
1"
#271750
0"
#271760
b1001 '
1"
#271770
0"
#271780
b0 '
1"
#271790
0"
#271800
1&
1!
b1 '
1(
1"
1#
#271810
0"
#271820
0&
b10 '
1)
1"
#271830
0"
#271840
b11 '
1"
#271850
0"
#271860
b100 '
1"
#271870
0"
#271880
b101 '
1"
#271890
0"
#271900
0!
b110 '
0(
1"
0#
#271910
0"
#271920
b111 '
0)
1"
#271930
0"
#271940
b1000 '
1"
#271950
0"
#271960
b1001 '
1"
#271970
0"
#271980
b0 '
1"
#271990
0"
#272000
1&
1!
b1 '
1(
1"
1#
#272010
0"
#272020
0&
b10 '
1)
1"
#272030
0"
#272040
b11 '
1"
#272050
0"
#272060
b100 '
1"
#272070
0"
#272080
b101 '
1"
#272090
0"
#272100
0!
b110 '
0(
1"
0#
#272110
0"
#272120
b111 '
0)
1"
#272130
0"
#272140
b1000 '
1"
#272150
0"
#272160
b1001 '
1"
#272170
0"
#272180
b0 '
1"
#272190
0"
#272200
1&
1!
b1 '
1(
1"
1#
#272210
0"
#272220
0&
b10 '
1)
1"
#272230
0"
#272240
b11 '
1"
#272250
0"
#272260
b100 '
1"
#272270
0"
#272280
b101 '
1"
#272290
0"
#272300
0!
b110 '
0(
1"
0#
#272310
0"
#272320
b111 '
0)
1"
#272330
0"
#272340
b1000 '
1"
#272350
0"
#272360
b1001 '
1"
#272370
0"
#272380
b0 '
1"
#272390
0"
#272400
1&
1!
b1 '
1(
1"
1#
#272410
0"
#272420
0&
b10 '
1)
1"
#272430
0"
#272440
b11 '
1"
#272450
0"
#272460
b100 '
1"
#272470
0"
#272480
b101 '
1"
#272490
0"
#272500
0!
b110 '
0(
1"
0#
#272510
0"
#272520
b111 '
0)
1"
#272530
0"
#272540
b1000 '
1"
#272550
0"
#272560
b1001 '
1"
#272570
0"
#272580
b0 '
1"
#272590
0"
#272600
1&
1!
b1 '
1(
1"
1#
#272610
0"
#272620
0&
b10 '
1)
1"
#272630
0"
#272640
b11 '
1"
#272650
0"
#272660
b100 '
1"
#272670
0"
#272680
b101 '
1"
#272690
0"
#272700
0!
b110 '
0(
1"
0#
#272710
0"
#272720
b111 '
0)
1"
#272730
0"
#272740
b1000 '
1"
#272750
0"
#272760
b1001 '
1"
#272770
0"
#272780
b0 '
1"
#272790
0"
#272800
1&
1!
b1 '
1(
1"
1#
#272810
0"
#272820
0&
b10 '
1)
1"
#272830
0"
#272840
b11 '
1"
#272850
0"
#272860
b100 '
1"
#272870
0"
#272880
b101 '
1"
#272890
0"
#272900
0!
b110 '
0(
1"
0#
#272910
0"
#272920
b111 '
0)
1"
#272930
0"
#272940
b1000 '
1"
#272950
0"
#272960
b1001 '
1"
#272970
0"
#272980
b0 '
1"
#272990
0"
#273000
1&
1!
b1 '
1(
1"
1#
#273010
0"
#273020
0&
b10 '
1)
1"
#273030
0"
#273040
b11 '
1"
#273050
0"
#273060
b100 '
1"
#273070
0"
#273080
b101 '
1"
#273090
0"
#273100
0!
b110 '
0(
1"
0#
#273110
0"
#273120
b111 '
0)
1"
#273130
0"
#273140
b1000 '
1"
#273150
0"
#273160
b1001 '
1"
#273170
0"
#273180
b0 '
1"
#273190
0"
#273200
1&
1!
b1 '
1(
1"
1#
#273210
0"
#273220
0&
b10 '
1)
1"
#273230
0"
#273240
b11 '
1"
#273250
0"
#273260
b100 '
1"
#273270
0"
#273280
b101 '
1"
#273290
0"
#273300
0!
b110 '
0(
1"
0#
#273310
0"
#273320
b111 '
0)
1"
#273330
0"
#273340
b1000 '
1"
#273350
0"
#273360
b1001 '
1"
#273370
0"
#273380
b0 '
1"
#273390
0"
#273400
1&
1!
b1 '
1(
1"
1#
#273410
0"
#273420
0&
b10 '
1)
1"
#273430
0"
#273440
b11 '
1"
#273450
0"
#273460
b100 '
1"
#273470
0"
#273480
b101 '
1"
#273490
0"
#273500
0!
b110 '
0(
1"
0#
#273510
0"
#273520
b111 '
0)
1"
#273530
0"
#273540
b1000 '
1"
#273550
0"
#273560
b1001 '
1"
#273570
0"
#273580
b0 '
1"
#273590
0"
#273600
1&
1!
b1 '
1(
1"
1#
#273610
0"
#273620
0&
b10 '
1)
1"
#273630
0"
#273640
b11 '
1"
#273650
0"
#273660
b100 '
1"
#273670
0"
#273680
b101 '
1"
#273690
0"
#273700
0!
b110 '
0(
1"
0#
#273710
0"
#273720
b111 '
0)
1"
#273730
0"
#273740
b1000 '
1"
#273750
0"
#273760
b1001 '
1"
#273770
0"
#273780
b0 '
1"
#273790
0"
#273800
1&
1!
b1 '
1(
1"
1#
#273810
0"
#273820
0&
b10 '
1)
1"
#273830
0"
#273840
b11 '
1"
#273850
0"
#273860
b100 '
1"
#273870
0"
#273880
b101 '
1"
#273890
0"
#273900
0!
b110 '
0(
1"
0#
#273910
0"
#273920
b111 '
0)
1"
#273930
0"
#273940
b1000 '
1"
#273950
0"
#273960
b1001 '
1"
#273970
0"
#273980
b0 '
1"
#273990
0"
#274000
1&
1!
b1 '
1(
1"
1#
#274010
0"
#274020
0&
b10 '
1)
1"
#274030
0"
#274040
b11 '
1"
#274050
0"
#274060
b100 '
1"
#274070
0"
#274080
b101 '
1"
#274090
0"
#274100
0!
b110 '
0(
1"
0#
#274110
0"
#274120
b111 '
0)
1"
#274130
0"
#274140
b1000 '
1"
#274150
0"
#274160
b1001 '
1"
#274170
0"
#274180
b0 '
1"
#274190
0"
#274200
1&
1!
b1 '
1(
1"
1#
#274210
0"
#274220
0&
b10 '
1)
1"
#274230
0"
#274240
b11 '
1"
#274250
0"
#274260
b100 '
1"
#274270
0"
#274280
b101 '
1"
#274290
0"
#274300
0!
b110 '
0(
1"
0#
#274310
0"
#274320
b111 '
0)
1"
#274330
0"
#274340
b1000 '
1"
#274350
0"
#274360
b1001 '
1"
#274370
0"
#274380
b0 '
1"
#274390
0"
#274400
1&
1!
b1 '
1(
1"
1#
#274410
0"
#274420
0&
b10 '
1)
1"
#274430
0"
#274440
b11 '
1"
#274450
0"
#274460
b100 '
1"
#274470
0"
#274480
b101 '
1"
#274490
0"
#274500
0!
b110 '
0(
1"
0#
#274510
0"
#274520
b111 '
0)
1"
#274530
0"
#274540
b1000 '
1"
#274550
0"
#274560
b1001 '
1"
#274570
0"
#274580
b0 '
1"
#274590
0"
#274600
1&
1!
b1 '
1(
1"
1#
#274610
0"
#274620
0&
b10 '
1)
1"
#274630
0"
#274640
b11 '
1"
#274650
0"
#274660
b100 '
1"
#274670
0"
#274680
b101 '
1"
#274690
0"
#274700
0!
b110 '
0(
1"
0#
#274710
0"
#274720
b111 '
0)
1"
#274730
0"
#274740
b1000 '
1"
#274750
0"
#274760
b1001 '
1"
#274770
0"
#274780
b0 '
1"
#274790
0"
#274800
1&
1!
b1 '
1(
1"
1#
#274810
0"
#274820
0&
b10 '
1)
1"
#274830
0"
#274840
b11 '
1"
#274850
0"
#274860
b100 '
1"
#274870
0"
#274880
b101 '
1"
#274890
0"
#274900
0!
b110 '
0(
1"
0#
#274910
0"
#274920
b111 '
0)
1"
#274930
0"
#274940
b1000 '
1"
#274950
0"
#274960
b1001 '
1"
#274970
0"
#274980
b0 '
1"
#274990
0"
#275000
1&
1!
b1 '
1(
1"
1#
#275010
0"
#275020
0&
b10 '
1)
1"
#275030
0"
#275040
b11 '
1"
#275050
0"
#275060
b100 '
1"
#275070
0"
#275080
b101 '
1"
#275090
0"
#275100
0!
b110 '
0(
1"
0#
#275110
0"
#275120
b111 '
0)
1"
#275130
0"
#275140
b1000 '
1"
#275150
0"
#275160
b1001 '
1"
#275170
0"
#275180
b0 '
1"
#275190
0"
#275200
1&
1!
b1 '
1(
1"
1#
#275210
0"
#275220
0&
b10 '
1)
1"
#275230
0"
#275240
b11 '
1"
#275250
0"
#275260
b100 '
1"
#275270
0"
#275280
b101 '
1"
#275290
0"
#275300
0!
b110 '
0(
1"
0#
#275310
0"
#275320
b111 '
0)
1"
#275330
0"
#275340
b1000 '
1"
#275350
0"
#275360
b1001 '
1"
#275370
0"
#275380
b0 '
1"
#275390
0"
#275400
1&
1!
b1 '
1(
1"
1#
#275410
0"
#275420
0&
b10 '
1)
1"
#275430
0"
#275440
b11 '
1"
#275450
0"
#275460
b100 '
1"
#275470
0"
#275480
b101 '
1"
#275490
0"
#275500
0!
b110 '
0(
1"
0#
#275510
0"
#275520
b111 '
0)
1"
#275530
0"
#275540
b1000 '
1"
#275550
0"
#275560
b1001 '
1"
#275570
0"
#275580
b0 '
1"
#275590
0"
#275600
1&
1!
b1 '
1(
1"
1#
#275610
0"
#275620
0&
b10 '
1)
1"
#275630
0"
#275640
b11 '
1"
#275650
0"
#275660
b100 '
1"
#275670
0"
#275680
b101 '
1"
#275690
0"
#275700
0!
b110 '
0(
1"
0#
#275710
0"
#275720
b111 '
0)
1"
#275730
0"
#275740
b1000 '
1"
#275750
0"
#275760
b1001 '
1"
#275770
0"
#275780
b0 '
1"
#275790
0"
#275800
1&
1!
b1 '
1(
1"
1#
#275810
0"
#275820
0&
b10 '
1)
1"
#275830
0"
#275840
b11 '
1"
#275850
0"
#275860
b100 '
1"
#275870
0"
#275880
b101 '
1"
#275890
0"
#275900
0!
b110 '
0(
1"
0#
#275910
0"
#275920
b111 '
0)
1"
#275930
0"
#275940
b1000 '
1"
#275950
0"
#275960
b1001 '
1"
#275970
0"
#275980
b0 '
1"
#275990
0"
#276000
1&
1!
b1 '
1(
1"
1#
#276010
0"
#276020
0&
b10 '
1)
1"
#276030
0"
#276040
b11 '
1"
#276050
0"
#276060
b100 '
1"
#276070
0"
#276080
b101 '
1"
#276090
0"
#276100
0!
b110 '
0(
1"
0#
#276110
0"
#276120
b111 '
0)
1"
#276130
0"
#276140
b1000 '
1"
#276150
0"
#276160
b1001 '
1"
#276170
0"
#276180
b0 '
1"
#276190
0"
#276200
1&
1!
b1 '
1(
1"
1#
#276210
0"
#276220
0&
b10 '
1)
1"
#276230
0"
#276240
b11 '
1"
#276250
0"
#276260
b100 '
1"
#276270
0"
#276280
b101 '
1"
#276290
0"
#276300
0!
b110 '
0(
1"
0#
#276310
0"
#276320
b111 '
0)
1"
#276330
0"
#276340
b1000 '
1"
#276350
0"
#276360
b1001 '
1"
#276370
0"
#276380
b0 '
1"
#276390
0"
#276400
1&
1!
b1 '
1(
1"
1#
#276410
0"
#276420
0&
b10 '
1)
1"
#276430
0"
#276440
b11 '
1"
#276450
0"
#276460
b100 '
1"
#276470
0"
#276480
b101 '
1"
#276490
0"
#276500
0!
b110 '
0(
1"
0#
#276510
0"
#276520
b111 '
0)
1"
#276530
0"
#276540
b1000 '
1"
#276550
0"
#276560
b1001 '
1"
#276570
0"
#276580
b0 '
1"
#276590
0"
#276600
1&
1!
b1 '
1(
1"
1#
#276610
0"
#276620
0&
b10 '
1)
1"
#276630
0"
#276640
b11 '
1"
#276650
0"
#276660
b100 '
1"
#276670
0"
#276680
b101 '
1"
#276690
0"
#276700
0!
b110 '
0(
1"
0#
#276710
0"
#276720
b111 '
0)
1"
#276730
0"
#276740
b1000 '
1"
#276750
0"
#276760
b1001 '
1"
#276770
0"
#276780
b0 '
1"
#276790
0"
#276800
1&
1!
b1 '
1(
1"
1#
#276810
0"
#276820
0&
b10 '
1)
1"
#276830
0"
#276840
b11 '
1"
#276850
0"
#276860
b100 '
1"
#276870
0"
#276880
b101 '
1"
#276890
0"
#276900
0!
b110 '
0(
1"
0#
#276910
0"
#276920
b111 '
0)
1"
#276930
0"
#276940
b1000 '
1"
#276950
0"
#276960
b1001 '
1"
#276970
0"
#276980
b0 '
1"
#276990
0"
#277000
1&
1!
b1 '
1(
1"
1#
#277010
0"
#277020
0&
b10 '
1)
1"
#277030
0"
#277040
b11 '
1"
#277050
0"
#277060
b100 '
1"
#277070
0"
#277080
b101 '
1"
#277090
0"
#277100
0!
b110 '
0(
1"
0#
#277110
0"
#277120
b111 '
0)
1"
#277130
0"
#277140
b1000 '
1"
#277150
0"
#277160
b1001 '
1"
#277170
0"
#277180
b0 '
1"
#277190
0"
#277200
1&
1!
b1 '
1(
1"
1#
#277210
0"
#277220
0&
b10 '
1)
1"
#277230
0"
#277240
b11 '
1"
#277250
0"
#277260
b100 '
1"
#277270
0"
#277280
b101 '
1"
#277290
0"
#277300
0!
b110 '
0(
1"
0#
#277310
0"
#277320
b111 '
0)
1"
#277330
0"
#277340
b1000 '
1"
#277350
0"
#277360
b1001 '
1"
#277370
0"
#277380
b0 '
1"
#277390
0"
#277400
1&
1!
b1 '
1(
1"
1#
#277410
0"
#277420
0&
b10 '
1)
1"
#277430
0"
#277440
b11 '
1"
#277450
0"
#277460
b100 '
1"
#277470
0"
#277480
b101 '
1"
#277490
0"
#277500
0!
b110 '
0(
1"
0#
#277510
0"
#277520
b111 '
0)
1"
#277530
0"
#277540
b1000 '
1"
#277550
0"
#277560
b1001 '
1"
#277570
0"
#277580
b0 '
1"
#277590
0"
#277600
1&
1!
b1 '
1(
1"
1#
#277610
0"
#277620
0&
b10 '
1)
1"
#277630
0"
#277640
b11 '
1"
#277650
0"
#277660
b100 '
1"
#277670
0"
#277680
b101 '
1"
#277690
0"
#277700
0!
b110 '
0(
1"
0#
#277710
0"
#277720
b111 '
0)
1"
#277730
0"
#277740
b1000 '
1"
#277750
0"
#277760
b1001 '
1"
#277770
0"
#277780
b0 '
1"
#277790
0"
#277800
1&
1!
b1 '
1(
1"
1#
#277810
0"
#277820
0&
b10 '
1)
1"
#277830
0"
#277840
b11 '
1"
#277850
0"
#277860
b100 '
1"
#277870
0"
#277880
b101 '
1"
#277890
0"
#277900
0!
b110 '
0(
1"
0#
#277910
0"
#277920
b111 '
0)
1"
#277930
0"
#277940
b1000 '
1"
#277950
0"
#277960
b1001 '
1"
#277970
0"
#277980
b0 '
1"
#277990
0"
#278000
1&
1!
b1 '
1(
1"
1#
#278010
0"
#278020
0&
b10 '
1)
1"
#278030
0"
#278040
b11 '
1"
#278050
0"
#278060
b100 '
1"
#278070
0"
#278080
b101 '
1"
#278090
0"
#278100
0!
b110 '
0(
1"
0#
#278110
0"
#278120
b111 '
0)
1"
#278130
0"
#278140
b1000 '
1"
#278150
0"
#278160
b1001 '
1"
#278170
0"
#278180
b0 '
1"
#278190
0"
#278200
1&
1!
b1 '
1(
1"
1#
#278210
0"
#278220
0&
b10 '
1)
1"
#278230
0"
#278240
b11 '
1"
#278250
0"
#278260
b100 '
1"
#278270
0"
#278280
b101 '
1"
#278290
0"
#278300
0!
b110 '
0(
1"
0#
#278310
0"
#278320
b111 '
0)
1"
#278330
0"
#278340
b1000 '
1"
#278350
0"
#278360
b1001 '
1"
#278370
0"
#278380
b0 '
1"
#278390
0"
#278400
1&
1!
b1 '
1(
1"
1#
#278410
0"
#278420
0&
b10 '
1)
1"
#278430
0"
#278440
b11 '
1"
#278450
0"
#278460
b100 '
1"
#278470
0"
#278480
b101 '
1"
#278490
0"
#278500
0!
b110 '
0(
1"
0#
#278510
0"
#278520
b111 '
0)
1"
#278530
0"
#278540
b1000 '
1"
#278550
0"
#278560
b1001 '
1"
#278570
0"
#278580
b0 '
1"
#278590
0"
#278600
1&
1!
b1 '
1(
1"
1#
#278610
0"
#278620
0&
b10 '
1)
1"
#278630
0"
#278640
b11 '
1"
#278650
0"
#278660
b100 '
1"
#278670
0"
#278680
b101 '
1"
#278690
0"
#278700
0!
b110 '
0(
1"
0#
#278710
0"
#278720
b111 '
0)
1"
#278730
0"
#278740
b1000 '
1"
#278750
0"
#278760
b1001 '
1"
#278770
0"
#278780
b0 '
1"
#278790
0"
#278800
1&
1!
b1 '
1(
1"
1#
#278810
0"
#278820
0&
b10 '
1)
1"
#278830
0"
#278840
b11 '
1"
#278850
0"
#278860
b100 '
1"
#278870
0"
#278880
b101 '
1"
#278890
0"
#278900
0!
b110 '
0(
1"
0#
#278910
0"
#278920
b111 '
0)
1"
#278930
0"
#278940
b1000 '
1"
#278950
0"
#278960
b1001 '
1"
#278970
0"
#278980
b0 '
1"
#278990
0"
#279000
1&
1!
b1 '
1(
1"
1#
#279010
0"
#279020
0&
b10 '
1)
1"
#279030
0"
#279040
b11 '
1"
#279050
0"
#279060
b100 '
1"
#279070
0"
#279080
b101 '
1"
#279090
0"
#279100
0!
b110 '
0(
1"
0#
#279110
0"
#279120
b111 '
0)
1"
#279130
0"
#279140
b1000 '
1"
#279150
0"
#279160
b1001 '
1"
#279170
0"
#279180
b0 '
1"
#279190
0"
#279200
1&
1!
b1 '
1(
1"
1#
#279210
0"
#279220
0&
b10 '
1)
1"
#279230
0"
#279240
b11 '
1"
#279250
0"
#279260
b100 '
1"
#279270
0"
#279280
b101 '
1"
#279290
0"
#279300
0!
b110 '
0(
1"
0#
#279310
0"
#279320
b111 '
0)
1"
#279330
0"
#279340
b1000 '
1"
#279350
0"
#279360
b1001 '
1"
#279370
0"
#279380
b0 '
1"
#279390
0"
#279400
1&
1!
b1 '
1(
1"
1#
#279410
0"
#279420
0&
b10 '
1)
1"
#279430
0"
#279440
b11 '
1"
#279450
0"
#279460
b100 '
1"
#279470
0"
#279480
b101 '
1"
#279490
0"
#279500
0!
b110 '
0(
1"
0#
#279510
0"
#279520
b111 '
0)
1"
#279530
0"
#279540
b1000 '
1"
#279550
0"
#279560
b1001 '
1"
#279570
0"
#279580
b0 '
1"
#279590
0"
#279600
1&
1!
b1 '
1(
1"
1#
#279610
0"
#279620
0&
b10 '
1)
1"
#279630
0"
#279640
b11 '
1"
#279650
0"
#279660
b100 '
1"
#279670
0"
#279680
b101 '
1"
#279690
0"
#279700
0!
b110 '
0(
1"
0#
#279710
0"
#279720
b111 '
0)
1"
#279730
0"
#279740
b1000 '
1"
#279750
0"
#279760
b1001 '
1"
#279770
0"
#279780
b0 '
1"
#279790
0"
#279800
1&
1!
b1 '
1(
1"
1#
#279810
0"
#279820
0&
b10 '
1)
1"
#279830
0"
#279840
b11 '
1"
#279850
0"
#279860
b100 '
1"
#279870
0"
#279880
b101 '
1"
#279890
0"
#279900
0!
b110 '
0(
1"
0#
#279910
0"
#279920
b111 '
0)
1"
#279930
0"
#279940
b1000 '
1"
#279950
0"
#279960
b1001 '
1"
#279970
0"
#279980
b0 '
1"
#279990
0"
#280000
1&
1!
b1 '
1(
1"
1#
#280010
0"
#280020
0&
b10 '
1)
1"
#280030
0"
#280040
b11 '
1"
#280050
0"
#280060
b100 '
1"
#280070
0"
#280080
b101 '
1"
#280090
0"
#280100
0!
b110 '
0(
1"
0#
#280110
0"
#280120
b111 '
0)
1"
#280130
0"
#280140
b1000 '
1"
#280150
0"
#280160
b1001 '
1"
#280170
0"
#280180
b0 '
1"
#280190
0"
#280200
1&
1!
b1 '
1(
1"
1#
#280210
0"
#280220
0&
b10 '
1)
1"
#280230
0"
#280240
b11 '
1"
#280250
0"
#280260
b100 '
1"
#280270
0"
#280280
b101 '
1"
#280290
0"
#280300
0!
b110 '
0(
1"
0#
#280310
0"
#280320
b111 '
0)
1"
#280330
0"
#280340
b1000 '
1"
#280350
0"
#280360
b1001 '
1"
#280370
0"
#280380
b0 '
1"
#280390
0"
#280400
1&
1!
b1 '
1(
1"
1#
#280410
0"
#280420
0&
b10 '
1)
1"
#280430
0"
#280440
b11 '
1"
#280450
0"
#280460
b100 '
1"
#280470
0"
#280480
b101 '
1"
#280490
0"
#280500
0!
b110 '
0(
1"
0#
#280510
0"
#280520
b111 '
0)
1"
#280530
0"
#280540
b1000 '
1"
#280550
0"
#280560
b1001 '
1"
#280570
0"
#280580
b0 '
1"
#280590
0"
#280600
1&
1!
b1 '
1(
1"
1#
#280610
0"
#280620
0&
b10 '
1)
1"
#280630
0"
#280640
b11 '
1"
#280650
0"
#280660
b100 '
1"
#280670
0"
#280680
b101 '
1"
#280690
0"
#280700
0!
b110 '
0(
1"
0#
#280710
0"
#280720
b111 '
0)
1"
#280730
0"
#280740
b1000 '
1"
#280750
0"
#280760
b1001 '
1"
#280770
0"
#280780
b0 '
1"
#280790
0"
#280800
1&
1!
b1 '
1(
1"
1#
#280810
0"
#280820
0&
b10 '
1)
1"
#280830
0"
#280840
b11 '
1"
#280850
0"
#280860
b100 '
1"
#280870
0"
#280880
b101 '
1"
#280890
0"
#280900
0!
b110 '
0(
1"
0#
#280910
0"
#280920
b111 '
0)
1"
#280930
0"
#280940
b1000 '
1"
#280950
0"
#280960
b1001 '
1"
#280970
0"
#280980
b0 '
1"
#280990
0"
#281000
1&
1!
b1 '
1(
1"
1#
#281010
0"
#281020
0&
b10 '
1)
1"
#281030
0"
#281040
b11 '
1"
#281050
0"
#281060
b100 '
1"
#281070
0"
#281080
b101 '
1"
#281090
0"
#281100
0!
b110 '
0(
1"
0#
#281110
0"
#281120
b111 '
0)
1"
#281130
0"
#281140
b1000 '
1"
#281150
0"
#281160
b1001 '
1"
#281170
0"
#281180
b0 '
1"
#281190
0"
#281200
1&
1!
b1 '
1(
1"
1#
#281210
0"
#281220
0&
b10 '
1)
1"
#281230
0"
#281240
b11 '
1"
#281250
0"
#281260
b100 '
1"
#281270
0"
#281280
b101 '
1"
#281290
0"
#281300
0!
b110 '
0(
1"
0#
#281310
0"
#281320
b111 '
0)
1"
#281330
0"
#281340
b1000 '
1"
#281350
0"
#281360
b1001 '
1"
#281370
0"
#281380
b0 '
1"
#281390
0"
#281400
1&
1!
b1 '
1(
1"
1#
#281410
0"
#281420
0&
b10 '
1)
1"
#281430
0"
#281440
b11 '
1"
#281450
0"
#281460
b100 '
1"
#281470
0"
#281480
b101 '
1"
#281490
0"
#281500
0!
b110 '
0(
1"
0#
#281510
0"
#281520
b111 '
0)
1"
#281530
0"
#281540
b1000 '
1"
#281550
0"
#281560
b1001 '
1"
#281570
0"
#281580
b0 '
1"
#281590
0"
#281600
1&
1!
b1 '
1(
1"
1#
#281610
0"
#281620
0&
b10 '
1)
1"
#281630
0"
#281640
b11 '
1"
#281650
0"
#281660
b100 '
1"
#281670
0"
#281680
b101 '
1"
#281690
0"
#281700
0!
b110 '
0(
1"
0#
#281710
0"
#281720
b111 '
0)
1"
#281730
0"
#281740
b1000 '
1"
#281750
0"
#281760
b1001 '
1"
#281770
0"
#281780
b0 '
1"
#281790
0"
#281800
1&
1!
b1 '
1(
1"
1#
#281810
0"
#281820
0&
b10 '
1)
1"
#281830
0"
#281840
b11 '
1"
#281850
0"
#281860
b100 '
1"
#281870
0"
#281880
b101 '
1"
#281890
0"
#281900
0!
b110 '
0(
1"
0#
#281910
0"
#281920
b111 '
0)
1"
#281930
0"
#281940
b1000 '
1"
#281950
0"
#281960
b1001 '
1"
#281970
0"
#281980
b0 '
1"
#281990
0"
#282000
1&
1!
b1 '
1(
1"
1#
#282010
0"
#282020
0&
b10 '
1)
1"
#282030
0"
#282040
b11 '
1"
#282050
0"
#282060
b100 '
1"
#282070
0"
#282080
b101 '
1"
#282090
0"
#282100
0!
b110 '
0(
1"
0#
#282110
0"
#282120
b111 '
0)
1"
#282130
0"
#282140
b1000 '
1"
#282150
0"
#282160
b1001 '
1"
#282170
0"
#282180
b0 '
1"
#282190
0"
#282200
1&
1!
b1 '
1(
1"
1#
#282210
0"
#282220
0&
b10 '
1)
1"
#282230
0"
#282240
b11 '
1"
#282250
0"
#282260
b100 '
1"
#282270
0"
#282280
b101 '
1"
#282290
0"
#282300
0!
b110 '
0(
1"
0#
#282310
0"
#282320
b111 '
0)
1"
#282330
0"
#282340
b1000 '
1"
#282350
0"
#282360
b1001 '
1"
#282370
0"
#282380
b0 '
1"
#282390
0"
#282400
1&
1!
b1 '
1(
1"
1#
#282410
0"
#282420
0&
b10 '
1)
1"
#282430
0"
#282440
b11 '
1"
#282450
0"
#282460
b100 '
1"
#282470
0"
#282480
b101 '
1"
#282490
0"
#282500
0!
b110 '
0(
1"
0#
#282510
0"
#282520
b111 '
0)
1"
#282530
0"
#282540
b1000 '
1"
#282550
0"
#282560
b1001 '
1"
#282570
0"
#282580
b0 '
1"
#282590
0"
#282600
1&
1!
b1 '
1(
1"
1#
#282610
0"
#282620
0&
b10 '
1)
1"
#282630
0"
#282640
b11 '
1"
#282650
0"
#282660
b100 '
1"
#282670
0"
#282680
b101 '
1"
#282690
0"
#282700
0!
b110 '
0(
1"
0#
#282710
0"
#282720
b111 '
0)
1"
#282730
0"
#282740
b1000 '
1"
#282750
0"
#282760
b1001 '
1"
#282770
0"
#282780
b0 '
1"
#282790
0"
#282800
1&
1!
b1 '
1(
1"
1#
#282810
0"
#282820
0&
b10 '
1)
1"
#282830
0"
#282840
b11 '
1"
#282850
0"
#282860
b100 '
1"
#282870
0"
#282880
b101 '
1"
#282890
0"
#282900
0!
b110 '
0(
1"
0#
#282910
0"
#282920
b111 '
0)
1"
#282930
0"
#282940
b1000 '
1"
#282950
0"
#282960
b1001 '
1"
#282970
0"
#282980
b0 '
1"
#282990
0"
#283000
1&
1!
b1 '
1(
1"
1#
#283010
0"
#283020
0&
b10 '
1)
1"
#283030
0"
#283040
b11 '
1"
#283050
0"
#283060
b100 '
1"
#283070
0"
#283080
b101 '
1"
#283090
0"
#283100
0!
b110 '
0(
1"
0#
#283110
0"
#283120
b111 '
0)
1"
#283130
0"
#283140
b1000 '
1"
#283150
0"
#283160
b1001 '
1"
#283170
0"
#283180
b0 '
1"
#283190
0"
#283200
1&
1!
b1 '
1(
1"
1#
#283210
0"
#283220
0&
b10 '
1)
1"
#283230
0"
#283240
b11 '
1"
#283250
0"
#283260
b100 '
1"
#283270
0"
#283280
b101 '
1"
#283290
0"
#283300
0!
b110 '
0(
1"
0#
#283310
0"
#283320
b111 '
0)
1"
#283330
0"
#283340
b1000 '
1"
#283350
0"
#283360
b1001 '
1"
#283370
0"
#283380
b0 '
1"
#283390
0"
#283400
1&
1!
b1 '
1(
1"
1#
#283410
0"
#283420
0&
b10 '
1)
1"
#283430
0"
#283440
b11 '
1"
#283450
0"
#283460
b100 '
1"
#283470
0"
#283480
b101 '
1"
#283490
0"
#283500
0!
b110 '
0(
1"
0#
#283510
0"
#283520
b111 '
0)
1"
#283530
0"
#283540
b1000 '
1"
#283550
0"
#283560
b1001 '
1"
#283570
0"
#283580
b0 '
1"
#283590
0"
#283600
1&
1!
b1 '
1(
1"
1#
#283610
0"
#283620
0&
b10 '
1)
1"
#283630
0"
#283640
b11 '
1"
#283650
0"
#283660
b100 '
1"
#283670
0"
#283680
b101 '
1"
#283690
0"
#283700
0!
b110 '
0(
1"
0#
#283710
0"
#283720
b111 '
0)
1"
#283730
0"
#283740
b1000 '
1"
#283750
0"
#283760
b1001 '
1"
#283770
0"
#283780
b0 '
1"
#283790
0"
#283800
1&
1!
b1 '
1(
1"
1#
#283810
0"
#283820
0&
b10 '
1)
1"
#283830
0"
#283840
b11 '
1"
#283850
0"
#283860
b100 '
1"
#283870
0"
#283880
b101 '
1"
#283890
0"
#283900
0!
b110 '
0(
1"
0#
#283910
0"
#283920
b111 '
0)
1"
#283930
0"
#283940
b1000 '
1"
#283950
0"
#283960
b1001 '
1"
#283970
0"
#283980
b0 '
1"
#283990
0"
#284000
1&
1!
b1 '
1(
1"
1#
#284010
0"
#284020
0&
b10 '
1)
1"
#284030
0"
#284040
b11 '
1"
#284050
0"
#284060
b100 '
1"
#284070
0"
#284080
b101 '
1"
#284090
0"
#284100
0!
b110 '
0(
1"
0#
#284110
0"
#284120
b111 '
0)
1"
#284130
0"
#284140
b1000 '
1"
#284150
0"
#284160
b1001 '
1"
#284170
0"
#284180
b0 '
1"
#284190
0"
#284200
1&
1!
b1 '
1(
1"
1#
#284210
0"
#284220
0&
b10 '
1)
1"
#284230
0"
#284240
b11 '
1"
#284250
0"
#284260
b100 '
1"
#284270
0"
#284280
b101 '
1"
#284290
0"
#284300
0!
b110 '
0(
1"
0#
#284310
0"
#284320
b111 '
0)
1"
#284330
0"
#284340
b1000 '
1"
#284350
0"
#284360
b1001 '
1"
#284370
0"
#284380
b0 '
1"
#284390
0"
#284400
1&
1!
b1 '
1(
1"
1#
#284410
0"
#284420
0&
b10 '
1)
1"
#284430
0"
#284440
b11 '
1"
#284450
0"
#284460
b100 '
1"
#284470
0"
#284480
b101 '
1"
#284490
0"
#284500
0!
b110 '
0(
1"
0#
#284510
0"
#284520
b111 '
0)
1"
#284530
0"
#284540
b1000 '
1"
#284550
0"
#284560
b1001 '
1"
#284570
0"
#284580
b0 '
1"
#284590
0"
#284600
1&
1!
b1 '
1(
1"
1#
#284610
0"
#284620
0&
b10 '
1)
1"
#284630
0"
#284640
b11 '
1"
#284650
0"
#284660
b100 '
1"
#284670
0"
#284680
b101 '
1"
#284690
0"
#284700
0!
b110 '
0(
1"
0#
#284710
0"
#284720
b111 '
0)
1"
#284730
0"
#284740
b1000 '
1"
#284750
0"
#284760
b1001 '
1"
#284770
0"
#284780
b0 '
1"
#284790
0"
#284800
1&
1!
b1 '
1(
1"
1#
#284810
0"
#284820
0&
b10 '
1)
1"
#284830
0"
#284840
b11 '
1"
#284850
0"
#284860
b100 '
1"
#284870
0"
#284880
b101 '
1"
#284890
0"
#284900
0!
b110 '
0(
1"
0#
#284910
0"
#284920
b111 '
0)
1"
#284930
0"
#284940
b1000 '
1"
#284950
0"
#284960
b1001 '
1"
#284970
0"
#284980
b0 '
1"
#284990
0"
#285000
1&
1!
b1 '
1(
1"
1#
#285010
0"
#285020
0&
b10 '
1)
1"
#285030
0"
#285040
b11 '
1"
#285050
0"
#285060
b100 '
1"
#285070
0"
#285080
b101 '
1"
#285090
0"
#285100
0!
b110 '
0(
1"
0#
#285110
0"
#285120
b111 '
0)
1"
#285130
0"
#285140
b1000 '
1"
#285150
0"
#285160
b1001 '
1"
#285170
0"
#285180
b0 '
1"
#285190
0"
#285200
1&
1!
b1 '
1(
1"
1#
#285210
0"
#285220
0&
b10 '
1)
1"
#285230
0"
#285240
b11 '
1"
#285250
0"
#285260
b100 '
1"
#285270
0"
#285280
b101 '
1"
#285290
0"
#285300
0!
b110 '
0(
1"
0#
#285310
0"
#285320
b111 '
0)
1"
#285330
0"
#285340
b1000 '
1"
#285350
0"
#285360
b1001 '
1"
#285370
0"
#285380
b0 '
1"
#285390
0"
#285400
1&
1!
b1 '
1(
1"
1#
#285410
0"
#285420
0&
b10 '
1)
1"
#285430
0"
#285440
b11 '
1"
#285450
0"
#285460
b100 '
1"
#285470
0"
#285480
b101 '
1"
#285490
0"
#285500
0!
b110 '
0(
1"
0#
#285510
0"
#285520
b111 '
0)
1"
#285530
0"
#285540
b1000 '
1"
#285550
0"
#285560
b1001 '
1"
#285570
0"
#285580
b0 '
1"
#285590
0"
#285600
1&
1!
b1 '
1(
1"
1#
#285610
0"
#285620
0&
b10 '
1)
1"
#285630
0"
#285640
b11 '
1"
#285650
0"
#285660
b100 '
1"
#285670
0"
#285680
b101 '
1"
#285690
0"
#285700
0!
b110 '
0(
1"
0#
#285710
0"
#285720
b111 '
0)
1"
#285730
0"
#285740
b1000 '
1"
#285750
0"
#285760
b1001 '
1"
#285770
0"
#285780
b0 '
1"
#285790
0"
#285800
1&
1!
b1 '
1(
1"
1#
#285810
0"
#285820
0&
b10 '
1)
1"
#285830
0"
#285840
b11 '
1"
#285850
0"
#285860
b100 '
1"
#285870
0"
#285880
b101 '
1"
#285890
0"
#285900
0!
b110 '
0(
1"
0#
#285910
0"
#285920
b111 '
0)
1"
#285930
0"
#285940
b1000 '
1"
#285950
0"
#285960
b1001 '
1"
#285970
0"
#285980
b0 '
1"
#285990
0"
#286000
1&
1!
b1 '
1(
1"
1#
#286010
0"
#286020
0&
b10 '
1)
1"
#286030
0"
#286040
b11 '
1"
#286050
0"
#286060
b100 '
1"
#286070
0"
#286080
b101 '
1"
#286090
0"
#286100
0!
b110 '
0(
1"
0#
#286110
0"
#286120
b111 '
0)
1"
#286130
0"
#286140
b1000 '
1"
#286150
0"
#286160
b1001 '
1"
#286170
0"
#286180
b0 '
1"
#286190
0"
#286200
1&
1!
b1 '
1(
1"
1#
#286210
0"
#286220
0&
b10 '
1)
1"
#286230
0"
#286240
b11 '
1"
#286250
0"
#286260
b100 '
1"
#286270
0"
#286280
b101 '
1"
#286290
0"
#286300
0!
b110 '
0(
1"
0#
#286310
0"
#286320
b111 '
0)
1"
#286330
0"
#286340
b1000 '
1"
#286350
0"
#286360
b1001 '
1"
#286370
0"
#286380
b0 '
1"
#286390
0"
#286400
1&
1!
b1 '
1(
1"
1#
#286410
0"
#286420
0&
b10 '
1)
1"
#286430
0"
#286440
b11 '
1"
#286450
0"
#286460
b100 '
1"
#286470
0"
#286480
b101 '
1"
#286490
0"
#286500
0!
b110 '
0(
1"
0#
#286510
0"
#286520
b111 '
0)
1"
#286530
0"
#286540
b1000 '
1"
#286550
0"
#286560
b1001 '
1"
#286570
0"
#286580
b0 '
1"
#286590
0"
#286600
1&
1!
b1 '
1(
1"
1#
#286610
0"
#286620
0&
b10 '
1)
1"
#286630
0"
#286640
b11 '
1"
#286650
0"
#286660
b100 '
1"
#286670
0"
#286680
b101 '
1"
#286690
0"
#286700
0!
b110 '
0(
1"
0#
#286710
0"
#286720
b111 '
0)
1"
#286730
0"
#286740
b1000 '
1"
#286750
0"
#286760
b1001 '
1"
#286770
0"
#286780
b0 '
1"
#286790
0"
#286800
1&
1!
b1 '
1(
1"
1#
#286810
0"
#286820
0&
b10 '
1)
1"
#286830
0"
#286840
b11 '
1"
#286850
0"
#286860
b100 '
1"
#286870
0"
#286880
b101 '
1"
#286890
0"
#286900
0!
b110 '
0(
1"
0#
#286910
0"
#286920
b111 '
0)
1"
#286930
0"
#286940
b1000 '
1"
#286950
0"
#286960
b1001 '
1"
#286970
0"
#286980
b0 '
1"
#286990
0"
#287000
1&
1!
b1 '
1(
1"
1#
#287010
0"
#287020
0&
b10 '
1)
1"
#287030
0"
#287040
b11 '
1"
#287050
0"
#287060
b100 '
1"
#287070
0"
#287080
b101 '
1"
#287090
0"
#287100
0!
b110 '
0(
1"
0#
#287110
0"
#287120
b111 '
0)
1"
#287130
0"
#287140
b1000 '
1"
#287150
0"
#287160
b1001 '
1"
#287170
0"
#287180
b0 '
1"
#287190
0"
#287200
1&
1!
b1 '
1(
1"
1#
#287210
0"
#287220
0&
b10 '
1)
1"
#287230
0"
#287240
b11 '
1"
#287250
0"
#287260
b100 '
1"
#287270
0"
#287280
b101 '
1"
#287290
0"
#287300
0!
b110 '
0(
1"
0#
#287310
0"
#287320
b111 '
0)
1"
#287330
0"
#287340
b1000 '
1"
#287350
0"
#287360
b1001 '
1"
#287370
0"
#287380
b0 '
1"
#287390
0"
#287400
1&
1!
b1 '
1(
1"
1#
#287410
0"
#287420
0&
b10 '
1)
1"
#287430
0"
#287440
b11 '
1"
#287450
0"
#287460
b100 '
1"
#287470
0"
#287480
b101 '
1"
#287490
0"
#287500
0!
b110 '
0(
1"
0#
#287510
0"
#287520
b111 '
0)
1"
#287530
0"
#287540
b1000 '
1"
#287550
0"
#287560
b1001 '
1"
#287570
0"
#287580
b0 '
1"
#287590
0"
#287600
1&
1!
b1 '
1(
1"
1#
#287610
0"
#287620
0&
b10 '
1)
1"
#287630
0"
#287640
b11 '
1"
#287650
0"
#287660
b100 '
1"
#287670
0"
#287680
b101 '
1"
#287690
0"
#287700
0!
b110 '
0(
1"
0#
#287710
0"
#287720
b111 '
0)
1"
#287730
0"
#287740
b1000 '
1"
#287750
0"
#287760
b1001 '
1"
#287770
0"
#287780
b0 '
1"
#287790
0"
#287800
1&
1!
b1 '
1(
1"
1#
#287810
0"
#287820
0&
b10 '
1)
1"
#287830
0"
#287840
b11 '
1"
#287850
0"
#287860
b100 '
1"
#287870
0"
#287880
b101 '
1"
#287890
0"
#287900
0!
b110 '
0(
1"
0#
#287910
0"
#287920
b111 '
0)
1"
#287930
0"
#287940
b1000 '
1"
#287950
0"
#287960
b1001 '
1"
#287970
0"
#287980
b0 '
1"
#287990
0"
#288000
1&
1!
b1 '
1(
1"
1#
#288010
0"
#288020
0&
b10 '
1)
1"
#288030
0"
#288040
b11 '
1"
#288050
0"
#288060
b100 '
1"
#288070
0"
#288080
b101 '
1"
#288090
0"
#288100
0!
b110 '
0(
1"
0#
#288110
0"
#288120
b111 '
0)
1"
#288130
0"
#288140
b1000 '
1"
#288150
0"
#288160
b1001 '
1"
#288170
0"
#288180
b0 '
1"
#288190
0"
#288200
1&
1!
b1 '
1(
1"
1#
#288210
0"
#288220
0&
b10 '
1)
1"
#288230
0"
#288240
b11 '
1"
#288250
0"
#288260
b100 '
1"
#288270
0"
#288280
b101 '
1"
#288290
0"
#288300
0!
b110 '
0(
1"
0#
#288310
0"
#288320
b111 '
0)
1"
#288330
0"
#288340
b1000 '
1"
#288350
0"
#288360
b1001 '
1"
#288370
0"
#288380
b0 '
1"
#288390
0"
#288400
1&
1!
b1 '
1(
1"
1#
#288410
0"
#288420
0&
b10 '
1)
1"
#288430
0"
#288440
b11 '
1"
#288450
0"
#288460
b100 '
1"
#288470
0"
#288480
b101 '
1"
#288490
0"
#288500
0!
b110 '
0(
1"
0#
#288510
0"
#288520
b111 '
0)
1"
#288530
0"
#288540
b1000 '
1"
#288550
0"
#288560
b1001 '
1"
#288570
0"
#288580
b0 '
1"
#288590
0"
#288600
1&
1!
b1 '
1(
1"
1#
#288610
0"
#288620
0&
b10 '
1)
1"
#288630
0"
#288640
b11 '
1"
#288650
0"
#288660
b100 '
1"
#288670
0"
#288680
b101 '
1"
#288690
0"
#288700
0!
b110 '
0(
1"
0#
#288710
0"
#288720
b111 '
0)
1"
#288730
0"
#288740
b1000 '
1"
#288750
0"
#288760
b1001 '
1"
#288770
0"
#288780
b0 '
1"
#288790
0"
#288800
1&
1!
b1 '
1(
1"
1#
#288810
0"
#288820
0&
b10 '
1)
1"
#288830
0"
#288840
b11 '
1"
#288850
0"
#288860
b100 '
1"
#288870
0"
#288880
b101 '
1"
#288890
0"
#288900
0!
b110 '
0(
1"
0#
#288910
0"
#288920
b111 '
0)
1"
#288930
0"
#288940
b1000 '
1"
#288950
0"
#288960
b1001 '
1"
#288970
0"
#288980
b0 '
1"
#288990
0"
#289000
1&
1!
b1 '
1(
1"
1#
#289010
0"
#289020
0&
b10 '
1)
1"
#289030
0"
#289040
b11 '
1"
#289050
0"
#289060
b100 '
1"
#289070
0"
#289080
b101 '
1"
#289090
0"
#289100
0!
b110 '
0(
1"
0#
#289110
0"
#289120
b111 '
0)
1"
#289130
0"
#289140
b1000 '
1"
#289150
0"
#289160
b1001 '
1"
#289170
0"
#289180
b0 '
1"
#289190
0"
#289200
1&
1!
b1 '
1(
1"
1#
#289210
0"
#289220
0&
b10 '
1)
1"
#289230
0"
#289240
b11 '
1"
#289250
0"
#289260
b100 '
1"
#289270
0"
#289280
b101 '
1"
#289290
0"
#289300
0!
b110 '
0(
1"
0#
#289310
0"
#289320
b111 '
0)
1"
#289330
0"
#289340
b1000 '
1"
#289350
0"
#289360
b1001 '
1"
#289370
0"
#289380
b0 '
1"
#289390
0"
#289400
1&
1!
b1 '
1(
1"
1#
#289410
0"
#289420
0&
b10 '
1)
1"
#289430
0"
#289440
b11 '
1"
#289450
0"
#289460
b100 '
1"
#289470
0"
#289480
b101 '
1"
#289490
0"
#289500
0!
b110 '
0(
1"
0#
#289510
0"
#289520
b111 '
0)
1"
#289530
0"
#289540
b1000 '
1"
#289550
0"
#289560
b1001 '
1"
#289570
0"
#289580
b0 '
1"
#289590
0"
#289600
1&
1!
b1 '
1(
1"
1#
#289610
0"
#289620
0&
b10 '
1)
1"
#289630
0"
#289640
b11 '
1"
#289650
0"
#289660
b100 '
1"
#289670
0"
#289680
b101 '
1"
#289690
0"
#289700
0!
b110 '
0(
1"
0#
#289710
0"
#289720
b111 '
0)
1"
#289730
0"
#289740
b1000 '
1"
#289750
0"
#289760
b1001 '
1"
#289770
0"
#289780
b0 '
1"
#289790
0"
#289800
1&
1!
b1 '
1(
1"
1#
#289810
0"
#289820
0&
b10 '
1)
1"
#289830
0"
#289840
b11 '
1"
#289850
0"
#289860
b100 '
1"
#289870
0"
#289880
b101 '
1"
#289890
0"
#289900
0!
b110 '
0(
1"
0#
#289910
0"
#289920
b111 '
0)
1"
#289930
0"
#289940
b1000 '
1"
#289950
0"
#289960
b1001 '
1"
#289970
0"
#289980
b0 '
1"
#289990
0"
#290000
1&
1!
b1 '
1(
1"
1#
#290010
0"
#290020
0&
b10 '
1)
1"
#290030
0"
#290040
b11 '
1"
#290050
0"
#290060
b100 '
1"
#290070
0"
#290080
b101 '
1"
#290090
0"
#290100
0!
b110 '
0(
1"
0#
#290110
0"
#290120
b111 '
0)
1"
#290130
0"
#290140
b1000 '
1"
#290150
0"
#290160
b1001 '
1"
#290170
0"
#290180
b0 '
1"
#290190
0"
#290200
1&
1!
b1 '
1(
1"
1#
#290210
0"
#290220
0&
b10 '
1)
1"
#290230
0"
#290240
b11 '
1"
#290250
0"
#290260
b100 '
1"
#290270
0"
#290280
b101 '
1"
#290290
0"
#290300
0!
b110 '
0(
1"
0#
#290310
0"
#290320
b111 '
0)
1"
#290330
0"
#290340
b1000 '
1"
#290350
0"
#290360
b1001 '
1"
#290370
0"
#290380
b0 '
1"
#290390
0"
#290400
1&
1!
b1 '
1(
1"
1#
#290410
0"
#290420
0&
b10 '
1)
1"
#290430
0"
#290440
b11 '
1"
#290450
0"
#290460
b100 '
1"
#290470
0"
#290480
b101 '
1"
#290490
0"
#290500
0!
b110 '
0(
1"
0#
#290510
0"
#290520
b111 '
0)
1"
#290530
0"
#290540
b1000 '
1"
#290550
0"
#290560
b1001 '
1"
#290570
0"
#290580
b0 '
1"
#290590
0"
#290600
1&
1!
b1 '
1(
1"
1#
#290610
0"
#290620
0&
b10 '
1)
1"
#290630
0"
#290640
b11 '
1"
#290650
0"
#290660
b100 '
1"
#290670
0"
#290680
b101 '
1"
#290690
0"
#290700
0!
b110 '
0(
1"
0#
#290710
0"
#290720
b111 '
0)
1"
#290730
0"
#290740
b1000 '
1"
#290750
0"
#290760
b1001 '
1"
#290770
0"
#290780
b0 '
1"
#290790
0"
#290800
1&
1!
b1 '
1(
1"
1#
#290810
0"
#290820
0&
b10 '
1)
1"
#290830
0"
#290840
b11 '
1"
#290850
0"
#290860
b100 '
1"
#290870
0"
#290880
b101 '
1"
#290890
0"
#290900
0!
b110 '
0(
1"
0#
#290910
0"
#290920
b111 '
0)
1"
#290930
0"
#290940
b1000 '
1"
#290950
0"
#290960
b1001 '
1"
#290970
0"
#290980
b0 '
1"
#290990
0"
#291000
1&
1!
b1 '
1(
1"
1#
#291010
0"
#291020
0&
b10 '
1)
1"
#291030
0"
#291040
b11 '
1"
#291050
0"
#291060
b100 '
1"
#291070
0"
#291080
b101 '
1"
#291090
0"
#291100
0!
b110 '
0(
1"
0#
#291110
0"
#291120
b111 '
0)
1"
#291130
0"
#291140
b1000 '
1"
#291150
0"
#291160
b1001 '
1"
#291170
0"
#291180
b0 '
1"
#291190
0"
#291200
1&
1!
b1 '
1(
1"
1#
#291210
0"
#291220
0&
b10 '
1)
1"
#291230
0"
#291240
b11 '
1"
#291250
0"
#291260
b100 '
1"
#291270
0"
#291280
b101 '
1"
#291290
0"
#291300
0!
b110 '
0(
1"
0#
#291310
0"
#291320
b111 '
0)
1"
#291330
0"
#291340
b1000 '
1"
#291350
0"
#291360
b1001 '
1"
#291370
0"
#291380
b0 '
1"
#291390
0"
#291400
1&
1!
b1 '
1(
1"
1#
#291410
0"
#291420
0&
b10 '
1)
1"
#291430
0"
#291440
b11 '
1"
#291450
0"
#291460
b100 '
1"
#291470
0"
#291480
b101 '
1"
#291490
0"
#291500
0!
b110 '
0(
1"
0#
#291510
0"
#291520
b111 '
0)
1"
#291530
0"
#291540
b1000 '
1"
#291550
0"
#291560
b1001 '
1"
#291570
0"
#291580
b0 '
1"
#291590
0"
#291600
1&
1!
b1 '
1(
1"
1#
#291610
0"
#291620
0&
b10 '
1)
1"
#291630
0"
#291640
b11 '
1"
#291650
0"
#291660
b100 '
1"
#291670
0"
#291680
b101 '
1"
#291690
0"
#291700
0!
b110 '
0(
1"
0#
#291710
0"
#291720
b111 '
0)
1"
#291730
0"
#291740
b1000 '
1"
#291750
0"
#291760
b1001 '
1"
#291770
0"
#291780
b0 '
1"
#291790
0"
#291800
1&
1!
b1 '
1(
1"
1#
#291810
0"
#291820
0&
b10 '
1)
1"
#291830
0"
#291840
b11 '
1"
#291850
0"
#291860
b100 '
1"
#291870
0"
#291880
b101 '
1"
#291890
0"
#291900
0!
b110 '
0(
1"
0#
#291910
0"
#291920
b111 '
0)
1"
#291930
0"
#291940
b1000 '
1"
#291950
0"
#291960
b1001 '
1"
#291970
0"
#291980
b0 '
1"
#291990
0"
#292000
1&
1!
b1 '
1(
1"
1#
#292010
0"
#292020
0&
b10 '
1)
1"
#292030
0"
#292040
b11 '
1"
#292050
0"
#292060
b100 '
1"
#292070
0"
#292080
b101 '
1"
#292090
0"
#292100
0!
b110 '
0(
1"
0#
#292110
0"
#292120
b111 '
0)
1"
#292130
0"
#292140
b1000 '
1"
#292150
0"
#292160
b1001 '
1"
#292170
0"
#292180
b0 '
1"
#292190
0"
#292200
1&
1!
b1 '
1(
1"
1#
#292210
0"
#292220
0&
b10 '
1)
1"
#292230
0"
#292240
b11 '
1"
#292250
0"
#292260
b100 '
1"
#292270
0"
#292280
b101 '
1"
#292290
0"
#292300
0!
b110 '
0(
1"
0#
#292310
0"
#292320
b111 '
0)
1"
#292330
0"
#292340
b1000 '
1"
#292350
0"
#292360
b1001 '
1"
#292370
0"
#292380
b0 '
1"
#292390
0"
#292400
1&
1!
b1 '
1(
1"
1#
#292410
0"
#292420
0&
b10 '
1)
1"
#292430
0"
#292440
b11 '
1"
#292450
0"
#292460
b100 '
1"
#292470
0"
#292480
b101 '
1"
#292490
0"
#292500
0!
b110 '
0(
1"
0#
#292510
0"
#292520
b111 '
0)
1"
#292530
0"
#292540
b1000 '
1"
#292550
0"
#292560
b1001 '
1"
#292570
0"
#292580
b0 '
1"
#292590
0"
#292600
1&
1!
b1 '
1(
1"
1#
#292610
0"
#292620
0&
b10 '
1)
1"
#292630
0"
#292640
b11 '
1"
#292650
0"
#292660
b100 '
1"
#292670
0"
#292680
b101 '
1"
#292690
0"
#292700
0!
b110 '
0(
1"
0#
#292710
0"
#292720
b111 '
0)
1"
#292730
0"
#292740
b1000 '
1"
#292750
0"
#292760
b1001 '
1"
#292770
0"
#292780
b0 '
1"
#292790
0"
#292800
1&
1!
b1 '
1(
1"
1#
#292810
0"
#292820
0&
b10 '
1)
1"
#292830
0"
#292840
b11 '
1"
#292850
0"
#292860
b100 '
1"
#292870
0"
#292880
b101 '
1"
#292890
0"
#292900
0!
b110 '
0(
1"
0#
#292910
0"
#292920
b111 '
0)
1"
#292930
0"
#292940
b1000 '
1"
#292950
0"
#292960
b1001 '
1"
#292970
0"
#292980
b0 '
1"
#292990
0"
#293000
1&
1!
b1 '
1(
1"
1#
#293010
0"
#293020
0&
b10 '
1)
1"
#293030
0"
#293040
b11 '
1"
#293050
0"
#293060
b100 '
1"
#293070
0"
#293080
b101 '
1"
#293090
0"
#293100
0!
b110 '
0(
1"
0#
#293110
0"
#293120
b111 '
0)
1"
#293130
0"
#293140
b1000 '
1"
#293150
0"
#293160
b1001 '
1"
#293170
0"
#293180
b0 '
1"
#293190
0"
#293200
1&
1!
b1 '
1(
1"
1#
#293210
0"
#293220
0&
b10 '
1)
1"
#293230
0"
#293240
b11 '
1"
#293250
0"
#293260
b100 '
1"
#293270
0"
#293280
b101 '
1"
#293290
0"
#293300
0!
b110 '
0(
1"
0#
#293310
0"
#293320
b111 '
0)
1"
#293330
0"
#293340
b1000 '
1"
#293350
0"
#293360
b1001 '
1"
#293370
0"
#293380
b0 '
1"
#293390
0"
#293400
1&
1!
b1 '
1(
1"
1#
#293410
0"
#293420
0&
b10 '
1)
1"
#293430
0"
#293440
b11 '
1"
#293450
0"
#293460
b100 '
1"
#293470
0"
#293480
b101 '
1"
#293490
0"
#293500
0!
b110 '
0(
1"
0#
#293510
0"
#293520
b111 '
0)
1"
#293530
0"
#293540
b1000 '
1"
#293550
0"
#293560
b1001 '
1"
#293570
0"
#293580
b0 '
1"
#293590
0"
#293600
1&
1!
b1 '
1(
1"
1#
#293610
0"
#293620
0&
b10 '
1)
1"
#293630
0"
#293640
b11 '
1"
#293650
0"
#293660
b100 '
1"
#293670
0"
#293680
b101 '
1"
#293690
0"
#293700
0!
b110 '
0(
1"
0#
#293710
0"
#293720
b111 '
0)
1"
#293730
0"
#293740
b1000 '
1"
#293750
0"
#293760
b1001 '
1"
#293770
0"
#293780
b0 '
1"
#293790
0"
#293800
1&
1!
b1 '
1(
1"
1#
#293810
0"
#293820
0&
b10 '
1)
1"
#293830
0"
#293840
b11 '
1"
#293850
0"
#293860
b100 '
1"
#293870
0"
#293880
b101 '
1"
#293890
0"
#293900
0!
b110 '
0(
1"
0#
#293910
0"
#293920
b111 '
0)
1"
#293930
0"
#293940
b1000 '
1"
#293950
0"
#293960
b1001 '
1"
#293970
0"
#293980
b0 '
1"
#293990
0"
#294000
1&
1!
b1 '
1(
1"
1#
#294010
0"
#294020
0&
b10 '
1)
1"
#294030
0"
#294040
b11 '
1"
#294050
0"
#294060
b100 '
1"
#294070
0"
#294080
b101 '
1"
#294090
0"
#294100
0!
b110 '
0(
1"
0#
#294110
0"
#294120
b111 '
0)
1"
#294130
0"
#294140
b1000 '
1"
#294150
0"
#294160
b1001 '
1"
#294170
0"
#294180
b0 '
1"
#294190
0"
#294200
1&
1!
b1 '
1(
1"
1#
#294210
0"
#294220
0&
b10 '
1)
1"
#294230
0"
#294240
b11 '
1"
#294250
0"
#294260
b100 '
1"
#294270
0"
#294280
b101 '
1"
#294290
0"
#294300
0!
b110 '
0(
1"
0#
#294310
0"
#294320
b111 '
0)
1"
#294330
0"
#294340
b1000 '
1"
#294350
0"
#294360
b1001 '
1"
#294370
0"
#294380
b0 '
1"
#294390
0"
#294400
1&
1!
b1 '
1(
1"
1#
#294410
0"
#294420
0&
b10 '
1)
1"
#294430
0"
#294440
b11 '
1"
#294450
0"
#294460
b100 '
1"
#294470
0"
#294480
b101 '
1"
#294490
0"
#294500
0!
b110 '
0(
1"
0#
#294510
0"
#294520
b111 '
0)
1"
#294530
0"
#294540
b1000 '
1"
#294550
0"
#294560
b1001 '
1"
#294570
0"
#294580
b0 '
1"
#294590
0"
#294600
1&
1!
b1 '
1(
1"
1#
#294610
0"
#294620
0&
b10 '
1)
1"
#294630
0"
#294640
b11 '
1"
#294650
0"
#294660
b100 '
1"
#294670
0"
#294680
b101 '
1"
#294690
0"
#294700
0!
b110 '
0(
1"
0#
#294710
0"
#294720
b111 '
0)
1"
#294730
0"
#294740
b1000 '
1"
#294750
0"
#294760
b1001 '
1"
#294770
0"
#294780
b0 '
1"
#294790
0"
#294800
1&
1!
b1 '
1(
1"
1#
#294810
0"
#294820
0&
b10 '
1)
1"
#294830
0"
#294840
b11 '
1"
#294850
0"
#294860
b100 '
1"
#294870
0"
#294880
b101 '
1"
#294890
0"
#294900
0!
b110 '
0(
1"
0#
#294910
0"
#294920
b111 '
0)
1"
#294930
0"
#294940
b1000 '
1"
#294950
0"
#294960
b1001 '
1"
#294970
0"
#294980
b0 '
1"
#294990
0"
#295000
1&
1!
b1 '
1(
1"
1#
#295010
0"
#295020
0&
b10 '
1)
1"
#295030
0"
#295040
b11 '
1"
#295050
0"
#295060
b100 '
1"
#295070
0"
#295080
b101 '
1"
#295090
0"
#295100
0!
b110 '
0(
1"
0#
#295110
0"
#295120
b111 '
0)
1"
#295130
0"
#295140
b1000 '
1"
#295150
0"
#295160
b1001 '
1"
#295170
0"
#295180
b0 '
1"
#295190
0"
#295200
1&
1!
b1 '
1(
1"
1#
#295210
0"
#295220
0&
b10 '
1)
1"
#295230
0"
#295240
b11 '
1"
#295250
0"
#295260
b100 '
1"
#295270
0"
#295280
b101 '
1"
#295290
0"
#295300
0!
b110 '
0(
1"
0#
#295310
0"
#295320
b111 '
0)
1"
#295330
0"
#295340
b1000 '
1"
#295350
0"
#295360
b1001 '
1"
#295370
0"
#295380
b0 '
1"
#295390
0"
#295400
1&
1!
b1 '
1(
1"
1#
#295410
0"
#295420
0&
b10 '
1)
1"
#295430
0"
#295440
b11 '
1"
#295450
0"
#295460
b100 '
1"
#295470
0"
#295480
b101 '
1"
#295490
0"
#295500
0!
b110 '
0(
1"
0#
#295510
0"
#295520
b111 '
0)
1"
#295530
0"
#295540
b1000 '
1"
#295550
0"
#295560
b1001 '
1"
#295570
0"
#295580
b0 '
1"
#295590
0"
#295600
1&
1!
b1 '
1(
1"
1#
#295610
0"
#295620
0&
b10 '
1)
1"
#295630
0"
#295640
b11 '
1"
#295650
0"
#295660
b100 '
1"
#295670
0"
#295680
b101 '
1"
#295690
0"
#295700
0!
b110 '
0(
1"
0#
#295710
0"
#295720
b111 '
0)
1"
#295730
0"
#295740
b1000 '
1"
#295750
0"
#295760
b1001 '
1"
#295770
0"
#295780
b0 '
1"
#295790
0"
#295800
1&
1!
b1 '
1(
1"
1#
#295810
0"
#295820
0&
b10 '
1)
1"
#295830
0"
#295840
b11 '
1"
#295850
0"
#295860
b100 '
1"
#295870
0"
#295880
b101 '
1"
#295890
0"
#295900
0!
b110 '
0(
1"
0#
#295910
0"
#295920
b111 '
0)
1"
#295930
0"
#295940
b1000 '
1"
#295950
0"
#295960
b1001 '
1"
#295970
0"
#295980
b0 '
1"
#295990
0"
#296000
1&
1!
b1 '
1(
1"
1#
#296010
0"
#296020
0&
b10 '
1)
1"
#296030
0"
#296040
b11 '
1"
#296050
0"
#296060
b100 '
1"
#296070
0"
#296080
b101 '
1"
#296090
0"
#296100
0!
b110 '
0(
1"
0#
#296110
0"
#296120
b111 '
0)
1"
#296130
0"
#296140
b1000 '
1"
#296150
0"
#296160
b1001 '
1"
#296170
0"
#296180
b0 '
1"
#296190
0"
#296200
1&
1!
b1 '
1(
1"
1#
#296210
0"
#296220
0&
b10 '
1)
1"
#296230
0"
#296240
b11 '
1"
#296250
0"
#296260
b100 '
1"
#296270
0"
#296280
b101 '
1"
#296290
0"
#296300
0!
b110 '
0(
1"
0#
#296310
0"
#296320
b111 '
0)
1"
#296330
0"
#296340
b1000 '
1"
#296350
0"
#296360
b1001 '
1"
#296370
0"
#296380
b0 '
1"
#296390
0"
#296400
1&
1!
b1 '
1(
1"
1#
#296410
0"
#296420
0&
b10 '
1)
1"
#296430
0"
#296440
b11 '
1"
#296450
0"
#296460
b100 '
1"
#296470
0"
#296480
b101 '
1"
#296490
0"
#296500
0!
b110 '
0(
1"
0#
#296510
0"
#296520
b111 '
0)
1"
#296530
0"
#296540
b1000 '
1"
#296550
0"
#296560
b1001 '
1"
#296570
0"
#296580
b0 '
1"
#296590
0"
#296600
1&
1!
b1 '
1(
1"
1#
#296610
0"
#296620
0&
b10 '
1)
1"
#296630
0"
#296640
b11 '
1"
#296650
0"
#296660
b100 '
1"
#296670
0"
#296680
b101 '
1"
#296690
0"
#296700
0!
b110 '
0(
1"
0#
#296710
0"
#296720
b111 '
0)
1"
#296730
0"
#296740
b1000 '
1"
#296750
0"
#296760
b1001 '
1"
#296770
0"
#296780
b0 '
1"
#296790
0"
#296800
1&
1!
b1 '
1(
1"
1#
#296810
0"
#296820
0&
b10 '
1)
1"
#296830
0"
#296840
b11 '
1"
#296850
0"
#296860
b100 '
1"
#296870
0"
#296880
b101 '
1"
#296890
0"
#296900
0!
b110 '
0(
1"
0#
#296910
0"
#296920
b111 '
0)
1"
#296930
0"
#296940
b1000 '
1"
#296950
0"
#296960
b1001 '
1"
#296970
0"
#296980
b0 '
1"
#296990
0"
#297000
1&
1!
b1 '
1(
1"
1#
#297010
0"
#297020
0&
b10 '
1)
1"
#297030
0"
#297040
b11 '
1"
#297050
0"
#297060
b100 '
1"
#297070
0"
#297080
b101 '
1"
#297090
0"
#297100
0!
b110 '
0(
1"
0#
#297110
0"
#297120
b111 '
0)
1"
#297130
0"
#297140
b1000 '
1"
#297150
0"
#297160
b1001 '
1"
#297170
0"
#297180
b0 '
1"
#297190
0"
#297200
1&
1!
b1 '
1(
1"
1#
#297210
0"
#297220
0&
b10 '
1)
1"
#297230
0"
#297240
b11 '
1"
#297250
0"
#297260
b100 '
1"
#297270
0"
#297280
b101 '
1"
#297290
0"
#297300
0!
b110 '
0(
1"
0#
#297310
0"
#297320
b111 '
0)
1"
#297330
0"
#297340
b1000 '
1"
#297350
0"
#297360
b1001 '
1"
#297370
0"
#297380
b0 '
1"
#297390
0"
#297400
1&
1!
b1 '
1(
1"
1#
#297410
0"
#297420
0&
b10 '
1)
1"
#297430
0"
#297440
b11 '
1"
#297450
0"
#297460
b100 '
1"
#297470
0"
#297480
b101 '
1"
#297490
0"
#297500
0!
b110 '
0(
1"
0#
#297510
0"
#297520
b111 '
0)
1"
#297530
0"
#297540
b1000 '
1"
#297550
0"
#297560
b1001 '
1"
#297570
0"
#297580
b0 '
1"
#297590
0"
#297600
1&
1!
b1 '
1(
1"
1#
#297610
0"
#297620
0&
b10 '
1)
1"
#297630
0"
#297640
b11 '
1"
#297650
0"
#297660
b100 '
1"
#297670
0"
#297680
b101 '
1"
#297690
0"
#297700
0!
b110 '
0(
1"
0#
#297710
0"
#297720
b111 '
0)
1"
#297730
0"
#297740
b1000 '
1"
#297750
0"
#297760
b1001 '
1"
#297770
0"
#297780
b0 '
1"
#297790
0"
#297800
1&
1!
b1 '
1(
1"
1#
#297810
0"
#297820
0&
b10 '
1)
1"
#297830
0"
#297840
b11 '
1"
#297850
0"
#297860
b100 '
1"
#297870
0"
#297880
b101 '
1"
#297890
0"
#297900
0!
b110 '
0(
1"
0#
#297910
0"
#297920
b111 '
0)
1"
#297930
0"
#297940
b1000 '
1"
#297950
0"
#297960
b1001 '
1"
#297970
0"
#297980
b0 '
1"
#297990
0"
#298000
1&
1!
b1 '
1(
1"
1#
#298010
0"
#298020
0&
b10 '
1)
1"
#298030
0"
#298040
b11 '
1"
#298050
0"
#298060
b100 '
1"
#298070
0"
#298080
b101 '
1"
#298090
0"
#298100
0!
b110 '
0(
1"
0#
#298110
0"
#298120
b111 '
0)
1"
#298130
0"
#298140
b1000 '
1"
#298150
0"
#298160
b1001 '
1"
#298170
0"
#298180
b0 '
1"
#298190
0"
#298200
1&
1!
b1 '
1(
1"
1#
#298210
0"
#298220
0&
b10 '
1)
1"
#298230
0"
#298240
b11 '
1"
#298250
0"
#298260
b100 '
1"
#298270
0"
#298280
b101 '
1"
#298290
0"
#298300
0!
b110 '
0(
1"
0#
#298310
0"
#298320
b111 '
0)
1"
#298330
0"
#298340
b1000 '
1"
#298350
0"
#298360
b1001 '
1"
#298370
0"
#298380
b0 '
1"
#298390
0"
#298400
1&
1!
b1 '
1(
1"
1#
#298410
0"
#298420
0&
b10 '
1)
1"
#298430
0"
#298440
b11 '
1"
#298450
0"
#298460
b100 '
1"
#298470
0"
#298480
b101 '
1"
#298490
0"
#298500
0!
b110 '
0(
1"
0#
#298510
0"
#298520
b111 '
0)
1"
#298530
0"
#298540
b1000 '
1"
#298550
0"
#298560
b1001 '
1"
#298570
0"
#298580
b0 '
1"
#298590
0"
#298600
1&
1!
b1 '
1(
1"
1#
#298610
0"
#298620
0&
b10 '
1)
1"
#298630
0"
#298640
b11 '
1"
#298650
0"
#298660
b100 '
1"
#298670
0"
#298680
b101 '
1"
#298690
0"
#298700
0!
b110 '
0(
1"
0#
#298710
0"
#298720
b111 '
0)
1"
#298730
0"
#298740
b1000 '
1"
#298750
0"
#298760
b1001 '
1"
#298770
0"
#298780
b0 '
1"
#298790
0"
#298800
1&
1!
b1 '
1(
1"
1#
#298810
0"
#298820
0&
b10 '
1)
1"
#298830
0"
#298840
b11 '
1"
#298850
0"
#298860
b100 '
1"
#298870
0"
#298880
b101 '
1"
#298890
0"
#298900
0!
b110 '
0(
1"
0#
#298910
0"
#298920
b111 '
0)
1"
#298930
0"
#298940
b1000 '
1"
#298950
0"
#298960
b1001 '
1"
#298970
0"
#298980
b0 '
1"
#298990
0"
#299000
1&
1!
b1 '
1(
1"
1#
#299010
0"
#299020
0&
b10 '
1)
1"
#299030
0"
#299040
b11 '
1"
#299050
0"
#299060
b100 '
1"
#299070
0"
#299080
b101 '
1"
#299090
0"
#299100
0!
b110 '
0(
1"
0#
#299110
0"
#299120
b111 '
0)
1"
#299130
0"
#299140
b1000 '
1"
#299150
0"
#299160
b1001 '
1"
#299170
0"
#299180
b0 '
1"
#299190
0"
#299200
1&
1!
b1 '
1(
1"
1#
#299210
0"
#299220
0&
b10 '
1)
1"
#299230
0"
#299240
b11 '
1"
#299250
0"
#299260
b100 '
1"
#299270
0"
#299280
b101 '
1"
#299290
0"
#299300
0!
b110 '
0(
1"
0#
#299310
0"
#299320
b111 '
0)
1"
#299330
0"
#299340
b1000 '
1"
#299350
0"
#299360
b1001 '
1"
#299370
0"
#299380
b0 '
1"
#299390
0"
#299400
1&
1!
b1 '
1(
1"
1#
#299410
0"
#299420
0&
b10 '
1)
1"
#299430
0"
#299440
b11 '
1"
#299450
0"
#299460
b100 '
1"
#299470
0"
#299480
b101 '
1"
#299490
0"
#299500
0!
b110 '
0(
1"
0#
#299510
0"
#299520
b111 '
0)
1"
#299530
0"
#299540
b1000 '
1"
#299550
0"
#299560
b1001 '
1"
#299570
0"
#299580
b0 '
1"
#299590
0"
#299600
1&
1!
b1 '
1(
1"
1#
#299610
0"
#299620
0&
b10 '
1)
1"
#299630
0"
#299640
b11 '
1"
#299650
0"
#299660
b100 '
1"
#299670
0"
#299680
b101 '
1"
#299690
0"
#299700
0!
b110 '
0(
1"
0#
#299710
0"
#299720
b111 '
0)
1"
#299730
0"
#299740
b1000 '
1"
#299750
0"
#299760
b1001 '
1"
#299770
0"
#299780
b0 '
1"
#299790
0"
#299800
1&
1!
b1 '
1(
1"
1#
#299810
0"
#299820
0&
b10 '
1)
1"
#299830
0"
#299840
b11 '
1"
#299850
0"
#299860
b100 '
1"
#299870
0"
#299880
b101 '
1"
#299890
0"
#299900
0!
b110 '
0(
1"
0#
#299910
0"
#299920
b111 '
0)
1"
#299930
0"
#299940
b1000 '
1"
#299950
0"
#299960
b1001 '
1"
#299970
0"
#299980
b0 '
1"
#299990
0"
#300000
1&
1!
b1 '
1(
1"
1#
#300010
0"
#300020
0&
b10 '
1)
1"
#300030
0"
#300040
b11 '
1"
#300050
0"
#300060
b100 '
1"
#300070
0"
#300080
b101 '
1"
#300090
0"
#300100
0!
b110 '
0(
1"
0#
#300110
0"
#300120
b111 '
0)
1"
#300130
0"
#300140
b1000 '
1"
#300150
0"
#300160
b1001 '
1"
#300170
0"
#300180
b0 '
1"
#300190
0"
#300200
1&
1!
b1 '
1(
1"
1#
#300210
0"
#300220
0&
b10 '
1)
1"
#300230
0"
#300240
b11 '
1"
#300250
0"
#300260
b100 '
1"
#300270
0"
#300280
b101 '
1"
#300290
0"
#300300
0!
b110 '
0(
1"
0#
#300310
0"
#300320
b111 '
0)
1"
#300330
0"
#300340
b1000 '
1"
#300350
0"
#300360
b1001 '
1"
#300370
0"
#300380
b0 '
1"
#300390
0"
#300400
1&
1!
b1 '
1(
1"
1#
#300410
0"
#300420
0&
b10 '
1)
1"
#300430
0"
#300440
b11 '
1"
#300450
0"
#300460
b100 '
1"
#300470
0"
#300480
b101 '
1"
#300490
0"
#300500
0!
b110 '
0(
1"
0#
#300510
0"
#300520
b111 '
0)
1"
#300530
0"
#300540
b1000 '
1"
#300550
0"
#300560
b1001 '
1"
#300570
0"
#300580
b0 '
1"
#300590
0"
#300600
1&
1!
b1 '
1(
1"
1#
#300610
0"
#300620
0&
b10 '
1)
1"
#300630
0"
#300640
b11 '
1"
#300650
0"
#300660
b100 '
1"
#300670
0"
#300680
b101 '
1"
#300690
0"
#300700
0!
b110 '
0(
1"
0#
#300710
0"
#300720
b111 '
0)
1"
#300730
0"
#300740
b1000 '
1"
#300750
0"
#300760
b1001 '
1"
#300770
0"
#300780
b0 '
1"
#300790
0"
#300800
1&
1!
b1 '
1(
1"
1#
#300810
0"
#300820
0&
b10 '
1)
1"
#300830
0"
#300840
b11 '
1"
#300850
0"
#300860
b100 '
1"
#300870
0"
#300880
b101 '
1"
#300890
0"
#300900
0!
b110 '
0(
1"
0#
#300910
0"
#300920
b111 '
0)
1"
#300930
0"
#300940
b1000 '
1"
#300950
0"
#300960
b1001 '
1"
#300970
0"
#300980
b0 '
1"
#300990
0"
#301000
1&
1!
b1 '
1(
1"
1#
#301010
0"
#301020
0&
b10 '
1)
1"
#301030
0"
#301040
b11 '
1"
#301050
0"
#301060
b100 '
1"
#301070
0"
#301080
b101 '
1"
#301090
0"
#301100
0!
b110 '
0(
1"
0#
#301110
0"
#301120
b111 '
0)
1"
#301130
0"
#301140
b1000 '
1"
#301150
0"
#301160
b1001 '
1"
#301170
0"
#301180
b0 '
1"
#301190
0"
#301200
1&
1!
b1 '
1(
1"
1#
#301210
0"
#301220
0&
b10 '
1)
1"
#301230
0"
#301240
b11 '
1"
#301250
0"
#301260
b100 '
1"
#301270
0"
#301280
b101 '
1"
#301290
0"
#301300
0!
b110 '
0(
1"
0#
#301310
0"
#301320
b111 '
0)
1"
#301330
0"
#301340
b1000 '
1"
#301350
0"
#301360
b1001 '
1"
#301370
0"
#301380
b0 '
1"
#301390
0"
#301400
1&
1!
b1 '
1(
1"
1#
#301410
0"
#301420
0&
b10 '
1)
1"
#301430
0"
#301440
b11 '
1"
#301450
0"
#301460
b100 '
1"
#301470
0"
#301480
b101 '
1"
#301490
0"
#301500
0!
b110 '
0(
1"
0#
#301510
0"
#301520
b111 '
0)
1"
#301530
0"
#301540
b1000 '
1"
#301550
0"
#301560
b1001 '
1"
#301570
0"
#301580
b0 '
1"
#301590
0"
#301600
1&
1!
b1 '
1(
1"
1#
#301610
0"
#301620
0&
b10 '
1)
1"
#301630
0"
#301640
b11 '
1"
#301650
0"
#301660
b100 '
1"
#301670
0"
#301680
b101 '
1"
#301690
0"
#301700
0!
b110 '
0(
1"
0#
#301710
0"
#301720
b111 '
0)
1"
#301730
0"
#301740
b1000 '
1"
#301750
0"
#301760
b1001 '
1"
#301770
0"
#301780
b0 '
1"
#301790
0"
#301800
1&
1!
b1 '
1(
1"
1#
#301810
0"
#301820
0&
b10 '
1)
1"
#301830
0"
#301840
b11 '
1"
#301850
0"
#301860
b100 '
1"
#301870
0"
#301880
b101 '
1"
#301890
0"
#301900
0!
b110 '
0(
1"
0#
#301910
0"
#301920
b111 '
0)
1"
#301930
0"
#301940
b1000 '
1"
#301950
0"
#301960
b1001 '
1"
#301970
0"
#301980
b0 '
1"
#301990
0"
#302000
1&
1!
b1 '
1(
1"
1#
#302010
0"
#302020
0&
b10 '
1)
1"
#302030
0"
#302040
b11 '
1"
#302050
0"
#302060
b100 '
1"
#302070
0"
#302080
b101 '
1"
#302090
0"
#302100
0!
b110 '
0(
1"
0#
#302110
0"
#302120
b111 '
0)
1"
#302130
0"
#302140
b1000 '
1"
#302150
0"
#302160
b1001 '
1"
#302170
0"
#302180
b0 '
1"
#302190
0"
#302200
1&
1!
b1 '
1(
1"
1#
#302210
0"
#302220
0&
b10 '
1)
1"
#302230
0"
#302240
b11 '
1"
#302250
0"
#302260
b100 '
1"
#302270
0"
#302280
b101 '
1"
#302290
0"
#302300
0!
b110 '
0(
1"
0#
#302310
0"
#302320
b111 '
0)
1"
#302330
0"
#302340
b1000 '
1"
#302350
0"
#302360
b1001 '
1"
#302370
0"
#302380
b0 '
1"
#302390
0"
#302400
1&
1!
b1 '
1(
1"
1#
#302410
0"
#302420
0&
b10 '
1)
1"
#302430
0"
#302440
b11 '
1"
#302450
0"
#302460
b100 '
1"
#302470
0"
#302480
b101 '
1"
#302490
0"
#302500
0!
b110 '
0(
1"
0#
#302510
0"
#302520
b111 '
0)
1"
#302530
0"
#302540
b1000 '
1"
#302550
0"
#302560
b1001 '
1"
#302570
0"
#302580
b0 '
1"
#302590
0"
#302600
1&
1!
b1 '
1(
1"
1#
#302610
0"
#302620
0&
b10 '
1)
1"
#302630
0"
#302640
b11 '
1"
#302650
0"
#302660
b100 '
1"
#302670
0"
#302680
b101 '
1"
#302690
0"
#302700
0!
b110 '
0(
1"
0#
#302710
0"
#302720
b111 '
0)
1"
#302730
0"
#302740
b1000 '
1"
#302750
0"
#302760
b1001 '
1"
#302770
0"
#302780
b0 '
1"
#302790
0"
#302800
1&
1!
b1 '
1(
1"
1#
#302810
0"
#302820
0&
b10 '
1)
1"
#302830
0"
#302840
b11 '
1"
#302850
0"
#302860
b100 '
1"
#302870
0"
#302880
b101 '
1"
#302890
0"
#302900
0!
b110 '
0(
1"
0#
#302910
0"
#302920
b111 '
0)
1"
#302930
0"
#302940
b1000 '
1"
#302950
0"
#302960
b1001 '
1"
#302970
0"
#302980
b0 '
1"
#302990
0"
#303000
1&
1!
b1 '
1(
1"
1#
#303010
0"
#303020
0&
b10 '
1)
1"
#303030
0"
#303040
b11 '
1"
#303050
0"
#303060
b100 '
1"
#303070
0"
#303080
b101 '
1"
#303090
0"
#303100
0!
b110 '
0(
1"
0#
#303110
0"
#303120
b111 '
0)
1"
#303130
0"
#303140
b1000 '
1"
#303150
0"
#303160
b1001 '
1"
#303170
0"
#303180
b0 '
1"
#303190
0"
#303200
1&
1!
b1 '
1(
1"
1#
#303210
0"
#303220
0&
b10 '
1)
1"
#303230
0"
#303240
b11 '
1"
#303250
0"
#303260
b100 '
1"
#303270
0"
#303280
b101 '
1"
#303290
0"
#303300
0!
b110 '
0(
1"
0#
#303310
0"
#303320
b111 '
0)
1"
#303330
0"
#303340
b1000 '
1"
#303350
0"
#303360
b1001 '
1"
#303370
0"
#303380
b0 '
1"
#303390
0"
#303400
1&
1!
b1 '
1(
1"
1#
#303410
0"
#303420
0&
b10 '
1)
1"
#303430
0"
#303440
b11 '
1"
#303450
0"
#303460
b100 '
1"
#303470
0"
#303480
b101 '
1"
#303490
0"
#303500
0!
b110 '
0(
1"
0#
#303510
0"
#303520
b111 '
0)
1"
#303530
0"
#303540
b1000 '
1"
#303550
0"
#303560
b1001 '
1"
#303570
0"
#303580
b0 '
1"
#303590
0"
#303600
1&
1!
b1 '
1(
1"
1#
#303610
0"
#303620
0&
b10 '
1)
1"
#303630
0"
#303640
b11 '
1"
#303650
0"
#303660
b100 '
1"
#303670
0"
#303680
b101 '
1"
#303690
0"
#303700
0!
b110 '
0(
1"
0#
#303710
0"
#303720
b111 '
0)
1"
#303730
0"
#303740
b1000 '
1"
#303750
0"
#303760
b1001 '
1"
#303770
0"
#303780
b0 '
1"
#303790
0"
#303800
1&
1!
b1 '
1(
1"
1#
#303810
0"
#303820
0&
b10 '
1)
1"
#303830
0"
#303840
b11 '
1"
#303850
0"
#303860
b100 '
1"
#303870
0"
#303880
b101 '
1"
#303890
0"
#303900
0!
b110 '
0(
1"
0#
#303910
0"
#303920
b111 '
0)
1"
#303930
0"
#303940
b1000 '
1"
#303950
0"
#303960
b1001 '
1"
#303970
0"
#303980
b0 '
1"
#303990
0"
#304000
1&
1!
b1 '
1(
1"
1#
#304010
0"
#304020
0&
b10 '
1)
1"
#304030
0"
#304040
b11 '
1"
#304050
0"
#304060
b100 '
1"
#304070
0"
#304080
b101 '
1"
#304090
0"
#304100
0!
b110 '
0(
1"
0#
#304110
0"
#304120
b111 '
0)
1"
#304130
0"
#304140
b1000 '
1"
#304150
0"
#304160
b1001 '
1"
#304170
0"
#304180
b0 '
1"
#304190
0"
#304200
1&
1!
b1 '
1(
1"
1#
#304210
0"
#304220
0&
b10 '
1)
1"
#304230
0"
#304240
b11 '
1"
#304250
0"
#304260
b100 '
1"
#304270
0"
#304280
b101 '
1"
#304290
0"
#304300
0!
b110 '
0(
1"
0#
#304310
0"
#304320
b111 '
0)
1"
#304330
0"
#304340
b1000 '
1"
#304350
0"
#304360
b1001 '
1"
#304370
0"
#304380
b0 '
1"
#304390
0"
#304400
1&
1!
b1 '
1(
1"
1#
#304410
0"
#304420
0&
b10 '
1)
1"
#304430
0"
#304440
b11 '
1"
#304450
0"
#304460
b100 '
1"
#304470
0"
#304480
b101 '
1"
#304490
0"
#304500
0!
b110 '
0(
1"
0#
#304510
0"
#304520
b111 '
0)
1"
#304530
0"
#304540
b1000 '
1"
#304550
0"
#304560
b1001 '
1"
#304570
0"
#304580
b0 '
1"
#304590
0"
#304600
1&
1!
b1 '
1(
1"
1#
#304610
0"
#304620
0&
b10 '
1)
1"
#304630
0"
#304640
b11 '
1"
#304650
0"
#304660
b100 '
1"
#304670
0"
#304680
b101 '
1"
#304690
0"
#304700
0!
b110 '
0(
1"
0#
#304710
0"
#304720
b111 '
0)
1"
#304730
0"
#304740
b1000 '
1"
#304750
0"
#304760
b1001 '
1"
#304770
0"
#304780
b0 '
1"
#304790
0"
#304800
1&
1!
b1 '
1(
1"
1#
#304810
0"
#304820
0&
b10 '
1)
1"
#304830
0"
#304840
b11 '
1"
#304850
0"
#304860
b100 '
1"
#304870
0"
#304880
b101 '
1"
#304890
0"
#304900
0!
b110 '
0(
1"
0#
#304910
0"
#304920
b111 '
0)
1"
#304930
0"
#304940
b1000 '
1"
#304950
0"
#304960
b1001 '
1"
#304970
0"
#304980
b0 '
1"
#304990
0"
#305000
1&
1!
b1 '
1(
1"
1#
#305010
0"
#305020
0&
b10 '
1)
1"
#305030
0"
#305040
b11 '
1"
#305050
0"
#305060
b100 '
1"
#305070
0"
#305080
b101 '
1"
#305090
0"
#305100
0!
b110 '
0(
1"
0#
#305110
0"
#305120
b111 '
0)
1"
#305130
0"
#305140
b1000 '
1"
#305150
0"
#305160
b1001 '
1"
#305170
0"
#305180
b0 '
1"
#305190
0"
#305200
1&
1!
b1 '
1(
1"
1#
#305210
0"
#305220
0&
b10 '
1)
1"
#305230
0"
#305240
b11 '
1"
#305250
0"
#305260
b100 '
1"
#305270
0"
#305280
b101 '
1"
#305290
0"
#305300
0!
b110 '
0(
1"
0#
#305310
0"
#305320
b111 '
0)
1"
#305330
0"
#305340
b1000 '
1"
#305350
0"
#305360
b1001 '
1"
#305370
0"
#305380
b0 '
1"
#305390
0"
#305400
1&
1!
b1 '
1(
1"
1#
#305410
0"
#305420
0&
b10 '
1)
1"
#305430
0"
#305440
b11 '
1"
#305450
0"
#305460
b100 '
1"
#305470
0"
#305480
b101 '
1"
#305490
0"
#305500
0!
b110 '
0(
1"
0#
#305510
0"
#305520
b111 '
0)
1"
#305530
0"
#305540
b1000 '
1"
#305550
0"
#305560
b1001 '
1"
#305570
0"
#305580
b0 '
1"
#305590
0"
#305600
1&
1!
b1 '
1(
1"
1#
#305610
0"
#305620
0&
b10 '
1)
1"
#305630
0"
#305640
b11 '
1"
#305650
0"
#305660
b100 '
1"
#305670
0"
#305680
b101 '
1"
#305690
0"
#305700
0!
b110 '
0(
1"
0#
#305710
0"
#305720
b111 '
0)
1"
#305730
0"
#305740
b1000 '
1"
#305750
0"
#305760
b1001 '
1"
#305770
0"
#305780
b0 '
1"
#305790
0"
#305800
1&
1!
b1 '
1(
1"
1#
#305810
0"
#305820
0&
b10 '
1)
1"
#305830
0"
#305840
b11 '
1"
#305850
0"
#305860
b100 '
1"
#305870
0"
#305880
b101 '
1"
#305890
0"
#305900
0!
b110 '
0(
1"
0#
#305910
0"
#305920
b111 '
0)
1"
#305930
0"
#305940
b1000 '
1"
#305950
0"
#305960
b1001 '
1"
#305970
0"
#305980
b0 '
1"
#305990
0"
#306000
1&
1!
b1 '
1(
1"
1#
#306010
0"
#306020
0&
b10 '
1)
1"
#306030
0"
#306040
b11 '
1"
#306050
0"
#306060
b100 '
1"
#306070
0"
#306080
b101 '
1"
#306090
0"
#306100
0!
b110 '
0(
1"
0#
#306110
0"
#306120
b111 '
0)
1"
#306130
0"
#306140
b1000 '
1"
#306150
0"
#306160
b1001 '
1"
#306170
0"
#306180
b0 '
1"
#306190
0"
#306200
1&
1!
b1 '
1(
1"
1#
#306210
0"
#306220
0&
b10 '
1)
1"
#306230
0"
#306240
b11 '
1"
#306250
0"
#306260
b100 '
1"
#306270
0"
#306280
b101 '
1"
#306290
0"
#306300
0!
b110 '
0(
1"
0#
#306310
0"
#306320
b111 '
0)
1"
#306330
0"
#306340
b1000 '
1"
#306350
0"
#306360
b1001 '
1"
#306370
0"
#306380
b0 '
1"
#306390
0"
#306400
1&
1!
b1 '
1(
1"
1#
#306410
0"
#306420
0&
b10 '
1)
1"
#306430
0"
#306440
b11 '
1"
#306450
0"
#306460
b100 '
1"
#306470
0"
#306480
b101 '
1"
#306490
0"
#306500
0!
b110 '
0(
1"
0#
#306510
0"
#306520
b111 '
0)
1"
#306530
0"
#306540
b1000 '
1"
#306550
0"
#306560
b1001 '
1"
#306570
0"
#306580
b0 '
1"
#306590
0"
#306600
1&
1!
b1 '
1(
1"
1#
#306610
0"
#306620
0&
b10 '
1)
1"
#306630
0"
#306640
b11 '
1"
#306650
0"
#306660
b100 '
1"
#306670
0"
#306680
b101 '
1"
#306690
0"
#306700
0!
b110 '
0(
1"
0#
#306710
0"
#306720
b111 '
0)
1"
#306730
0"
#306740
b1000 '
1"
#306750
0"
#306760
b1001 '
1"
#306770
0"
#306780
b0 '
1"
#306790
0"
#306800
1&
1!
b1 '
1(
1"
1#
#306810
0"
#306820
0&
b10 '
1)
1"
#306830
0"
#306840
b11 '
1"
#306850
0"
#306860
b100 '
1"
#306870
0"
#306880
b101 '
1"
#306890
0"
#306900
0!
b110 '
0(
1"
0#
#306910
0"
#306920
b111 '
0)
1"
#306930
0"
#306940
b1000 '
1"
#306950
0"
#306960
b1001 '
1"
#306970
0"
#306980
b0 '
1"
#306990
0"
#307000
1&
1!
b1 '
1(
1"
1#
#307010
0"
#307020
0&
b10 '
1)
1"
#307030
0"
#307040
b11 '
1"
#307050
0"
#307060
b100 '
1"
#307070
0"
#307080
b101 '
1"
#307090
0"
#307100
0!
b110 '
0(
1"
0#
#307110
0"
#307120
b111 '
0)
1"
#307130
0"
#307140
b1000 '
1"
#307150
0"
#307160
b1001 '
1"
#307170
0"
#307180
b0 '
1"
#307190
0"
#307200
1&
1!
b1 '
1(
1"
1#
#307210
0"
#307220
0&
b10 '
1)
1"
#307230
0"
#307240
b11 '
1"
#307250
0"
#307260
b100 '
1"
#307270
0"
#307280
b101 '
1"
#307290
0"
#307300
0!
b110 '
0(
1"
0#
#307310
0"
#307320
b111 '
0)
1"
#307330
0"
#307340
b1000 '
1"
#307350
0"
#307360
b1001 '
1"
#307370
0"
#307380
b0 '
1"
#307390
0"
#307400
1&
1!
b1 '
1(
1"
1#
#307410
0"
#307420
0&
b10 '
1)
1"
#307430
0"
#307440
b11 '
1"
#307450
0"
#307460
b100 '
1"
#307470
0"
#307480
b101 '
1"
#307490
0"
#307500
0!
b110 '
0(
1"
0#
#307510
0"
#307520
b111 '
0)
1"
#307530
0"
#307540
b1000 '
1"
#307550
0"
#307560
b1001 '
1"
#307570
0"
#307580
b0 '
1"
#307590
0"
#307600
1&
1!
b1 '
1(
1"
1#
#307610
0"
#307620
0&
b10 '
1)
1"
#307630
0"
#307640
b11 '
1"
#307650
0"
#307660
b100 '
1"
#307670
0"
#307680
b101 '
1"
#307690
0"
#307700
0!
b110 '
0(
1"
0#
#307710
0"
#307720
b111 '
0)
1"
#307730
0"
#307740
b1000 '
1"
#307750
0"
#307760
b1001 '
1"
#307770
0"
#307780
b0 '
1"
#307790
0"
#307800
1&
1!
b1 '
1(
1"
1#
#307810
0"
#307820
0&
b10 '
1)
1"
#307830
0"
#307840
b11 '
1"
#307850
0"
#307860
b100 '
1"
#307870
0"
#307880
b101 '
1"
#307890
0"
#307900
0!
b110 '
0(
1"
0#
#307910
0"
#307920
b111 '
0)
1"
#307930
0"
#307940
b1000 '
1"
#307950
0"
#307960
b1001 '
1"
#307970
0"
#307980
b0 '
1"
#307990
0"
#308000
1&
1!
b1 '
1(
1"
1#
#308010
0"
#308020
0&
b10 '
1)
1"
#308030
0"
#308040
b11 '
1"
#308050
0"
#308060
b100 '
1"
#308070
0"
#308080
b101 '
1"
#308090
0"
#308100
0!
b110 '
0(
1"
0#
#308110
0"
#308120
b111 '
0)
1"
#308130
0"
#308140
b1000 '
1"
#308150
0"
#308160
b1001 '
1"
#308170
0"
#308180
b0 '
1"
#308190
0"
#308200
1&
1!
b1 '
1(
1"
1#
#308210
0"
#308220
0&
b10 '
1)
1"
#308230
0"
#308240
b11 '
1"
#308250
0"
#308260
b100 '
1"
#308270
0"
#308280
b101 '
1"
#308290
0"
#308300
0!
b110 '
0(
1"
0#
#308310
0"
#308320
b111 '
0)
1"
#308330
0"
#308340
b1000 '
1"
#308350
0"
#308360
b1001 '
1"
#308370
0"
#308380
b0 '
1"
#308390
0"
#308400
1&
1!
b1 '
1(
1"
1#
#308410
0"
#308420
0&
b10 '
1)
1"
#308430
0"
#308440
b11 '
1"
#308450
0"
#308460
b100 '
1"
#308470
0"
#308480
b101 '
1"
#308490
0"
#308500
0!
b110 '
0(
1"
0#
#308510
0"
#308520
b111 '
0)
1"
#308530
0"
#308540
b1000 '
1"
#308550
0"
#308560
b1001 '
1"
#308570
0"
#308580
b0 '
1"
#308590
0"
#308600
1&
1!
b1 '
1(
1"
1#
#308610
0"
#308620
0&
b10 '
1)
1"
#308630
0"
#308640
b11 '
1"
#308650
0"
#308660
b100 '
1"
#308670
0"
#308680
b101 '
1"
#308690
0"
#308700
0!
b110 '
0(
1"
0#
#308710
0"
#308720
b111 '
0)
1"
#308730
0"
#308740
b1000 '
1"
#308750
0"
#308760
b1001 '
1"
#308770
0"
#308780
b0 '
1"
#308790
0"
#308800
1&
1!
b1 '
1(
1"
1#
#308810
0"
#308820
0&
b10 '
1)
1"
#308830
0"
#308840
b11 '
1"
#308850
0"
#308860
b100 '
1"
#308870
0"
#308880
b101 '
1"
#308890
0"
#308900
0!
b110 '
0(
1"
0#
#308910
0"
#308920
b111 '
0)
1"
#308930
0"
#308940
b1000 '
1"
#308950
0"
#308960
b1001 '
1"
#308970
0"
#308980
b0 '
1"
#308990
0"
#309000
1&
1!
b1 '
1(
1"
1#
#309010
0"
#309020
0&
b10 '
1)
1"
#309030
0"
#309040
b11 '
1"
#309050
0"
#309060
b100 '
1"
#309070
0"
#309080
b101 '
1"
#309090
0"
#309100
0!
b110 '
0(
1"
0#
#309110
0"
#309120
b111 '
0)
1"
#309130
0"
#309140
b1000 '
1"
#309150
0"
#309160
b1001 '
1"
#309170
0"
#309180
b0 '
1"
#309190
0"
#309200
1&
1!
b1 '
1(
1"
1#
#309210
0"
#309220
0&
b10 '
1)
1"
#309230
0"
#309240
b11 '
1"
#309250
0"
#309260
b100 '
1"
#309270
0"
#309280
b101 '
1"
#309290
0"
#309300
0!
b110 '
0(
1"
0#
#309310
0"
#309320
b111 '
0)
1"
#309330
0"
#309340
b1000 '
1"
#309350
0"
#309360
b1001 '
1"
#309370
0"
#309380
b0 '
1"
#309390
0"
#309400
1&
1!
b1 '
1(
1"
1#
#309410
0"
#309420
0&
b10 '
1)
1"
#309430
0"
#309440
b11 '
1"
#309450
0"
#309460
b100 '
1"
#309470
0"
#309480
b101 '
1"
#309490
0"
#309500
0!
b110 '
0(
1"
0#
#309510
0"
#309520
b111 '
0)
1"
#309530
0"
#309540
b1000 '
1"
#309550
0"
#309560
b1001 '
1"
#309570
0"
#309580
b0 '
1"
#309590
0"
#309600
1&
1!
b1 '
1(
1"
1#
#309610
0"
#309620
0&
b10 '
1)
1"
#309630
0"
#309640
b11 '
1"
#309650
0"
#309660
b100 '
1"
#309670
0"
#309680
b101 '
1"
#309690
0"
#309700
0!
b110 '
0(
1"
0#
#309710
0"
#309720
b111 '
0)
1"
#309730
0"
#309740
b1000 '
1"
#309750
0"
#309760
b1001 '
1"
#309770
0"
#309780
b0 '
1"
#309790
0"
#309800
1&
1!
b1 '
1(
1"
1#
#309810
0"
#309820
0&
b10 '
1)
1"
#309830
0"
#309840
b11 '
1"
#309850
0"
#309860
b100 '
1"
#309870
0"
#309880
b101 '
1"
#309890
0"
#309900
0!
b110 '
0(
1"
0#
#309910
0"
#309920
b111 '
0)
1"
#309930
0"
#309940
b1000 '
1"
#309950
0"
#309960
b1001 '
1"
#309970
0"
#309980
b0 '
1"
#309990
0"
#310000
1&
1!
b1 '
1(
1"
1#
#310010
0"
#310020
0&
b10 '
1)
1"
#310030
0"
#310040
b11 '
1"
#310050
0"
#310060
b100 '
1"
#310070
0"
#310080
b101 '
1"
#310090
0"
#310100
0!
b110 '
0(
1"
0#
#310110
0"
#310120
b111 '
0)
1"
#310130
0"
#310140
b1000 '
1"
#310150
0"
#310160
b1001 '
1"
#310170
0"
#310180
b0 '
1"
#310190
0"
#310200
1&
1!
b1 '
1(
1"
1#
#310210
0"
#310220
0&
b10 '
1)
1"
#310230
0"
#310240
b11 '
1"
#310250
0"
#310260
b100 '
1"
#310270
0"
#310280
b101 '
1"
#310290
0"
#310300
0!
b110 '
0(
1"
0#
#310310
0"
#310320
b111 '
0)
1"
#310330
0"
#310340
b1000 '
1"
#310350
0"
#310360
b1001 '
1"
#310370
0"
#310380
b0 '
1"
#310390
0"
#310400
1&
1!
b1 '
1(
1"
1#
#310410
0"
#310420
0&
b10 '
1)
1"
#310430
0"
#310440
b11 '
1"
#310450
0"
#310460
b100 '
1"
#310470
0"
#310480
b101 '
1"
#310490
0"
#310500
0!
b110 '
0(
1"
0#
#310510
0"
#310520
b111 '
0)
1"
#310530
0"
#310540
b1000 '
1"
#310550
0"
#310560
b1001 '
1"
#310570
0"
#310580
b0 '
1"
#310590
0"
#310600
1&
1!
b1 '
1(
1"
1#
#310610
0"
#310620
0&
b10 '
1)
1"
#310630
0"
#310640
b11 '
1"
#310650
0"
#310660
b100 '
1"
#310670
0"
#310680
b101 '
1"
#310690
0"
#310700
0!
b110 '
0(
1"
0#
#310710
0"
#310720
b111 '
0)
1"
#310730
0"
#310740
b1000 '
1"
#310750
0"
#310760
b1001 '
1"
#310770
0"
#310780
b0 '
1"
#310790
0"
#310800
1&
1!
b1 '
1(
1"
1#
#310810
0"
#310820
0&
b10 '
1)
1"
#310830
0"
#310840
b11 '
1"
#310850
0"
#310860
b100 '
1"
#310870
0"
#310880
b101 '
1"
#310890
0"
#310900
0!
b110 '
0(
1"
0#
#310910
0"
#310920
b111 '
0)
1"
#310930
0"
#310940
b1000 '
1"
#310950
0"
#310960
b1001 '
1"
#310970
0"
#310980
b0 '
1"
#310990
0"
#311000
1&
1!
b1 '
1(
1"
1#
#311010
0"
#311020
0&
b10 '
1)
1"
#311030
0"
#311040
b11 '
1"
#311050
0"
#311060
b100 '
1"
#311070
0"
#311080
b101 '
1"
#311090
0"
#311100
0!
b110 '
0(
1"
0#
#311110
0"
#311120
b111 '
0)
1"
#311130
0"
#311140
b1000 '
1"
#311150
0"
#311160
b1001 '
1"
#311170
0"
#311180
b0 '
1"
#311190
0"
#311200
1&
1!
b1 '
1(
1"
1#
#311210
0"
#311220
0&
b10 '
1)
1"
#311230
0"
#311240
b11 '
1"
#311250
0"
#311260
b100 '
1"
#311270
0"
#311280
b101 '
1"
#311290
0"
#311300
0!
b110 '
0(
1"
0#
#311310
0"
#311320
b111 '
0)
1"
#311330
0"
#311340
b1000 '
1"
#311350
0"
#311360
b1001 '
1"
#311370
0"
#311380
b0 '
1"
#311390
0"
#311400
1&
1!
b1 '
1(
1"
1#
#311410
0"
#311420
0&
b10 '
1)
1"
#311430
0"
#311440
b11 '
1"
#311450
0"
#311460
b100 '
1"
#311470
0"
#311480
b101 '
1"
#311490
0"
#311500
0!
b110 '
0(
1"
0#
#311510
0"
#311520
b111 '
0)
1"
#311530
0"
#311540
b1000 '
1"
#311550
0"
#311560
b1001 '
1"
#311570
0"
#311580
b0 '
1"
#311590
0"
#311600
1&
1!
b1 '
1(
1"
1#
#311610
0"
#311620
0&
b10 '
1)
1"
#311630
0"
#311640
b11 '
1"
#311650
0"
#311660
b100 '
1"
#311670
0"
#311680
b101 '
1"
#311690
0"
#311700
0!
b110 '
0(
1"
0#
#311710
0"
#311720
b111 '
0)
1"
#311730
0"
#311740
b1000 '
1"
#311750
0"
#311760
b1001 '
1"
#311770
0"
#311780
b0 '
1"
#311790
0"
#311800
1&
1!
b1 '
1(
1"
1#
#311810
0"
#311820
0&
b10 '
1)
1"
#311830
0"
#311840
b11 '
1"
#311850
0"
#311860
b100 '
1"
#311870
0"
#311880
b101 '
1"
#311890
0"
#311900
0!
b110 '
0(
1"
0#
#311910
0"
#311920
b111 '
0)
1"
#311930
0"
#311940
b1000 '
1"
#311950
0"
#311960
b1001 '
1"
#311970
0"
#311980
b0 '
1"
#311990
0"
#312000
1&
1!
b1 '
1(
1"
1#
#312010
0"
#312020
0&
b10 '
1)
1"
#312030
0"
#312040
b11 '
1"
#312050
0"
#312060
b100 '
1"
#312070
0"
#312080
b101 '
1"
#312090
0"
#312100
0!
b110 '
0(
1"
0#
#312110
0"
#312120
b111 '
0)
1"
#312130
0"
#312140
b1000 '
1"
#312150
0"
#312160
b1001 '
1"
#312170
0"
#312180
b0 '
1"
#312190
0"
#312200
1&
1!
b1 '
1(
1"
1#
#312210
0"
#312220
0&
b10 '
1)
1"
#312230
0"
#312240
b11 '
1"
#312250
0"
#312260
b100 '
1"
#312270
0"
#312280
b101 '
1"
#312290
0"
#312300
0!
b110 '
0(
1"
0#
#312310
0"
#312320
b111 '
0)
1"
#312330
0"
#312340
b1000 '
1"
#312350
0"
#312360
b1001 '
1"
#312370
0"
#312380
b0 '
1"
#312390
0"
#312400
1&
1!
b1 '
1(
1"
1#
#312410
0"
#312420
0&
b10 '
1)
1"
#312430
0"
#312440
b11 '
1"
#312450
0"
#312460
b100 '
1"
#312470
0"
#312480
b101 '
1"
#312490
0"
#312500
0!
b110 '
0(
1"
0#
#312510
0"
#312520
b111 '
0)
1"
#312530
0"
#312540
b1000 '
1"
#312550
0"
#312560
b1001 '
1"
#312570
0"
#312580
b0 '
1"
#312590
0"
#312600
1&
1!
b1 '
1(
1"
1#
#312610
0"
#312620
0&
b10 '
1)
1"
#312630
0"
#312640
b11 '
1"
#312650
0"
#312660
b100 '
1"
#312670
0"
#312680
b101 '
1"
#312690
0"
#312700
0!
b110 '
0(
1"
0#
#312710
0"
#312720
b111 '
0)
1"
#312730
0"
#312740
b1000 '
1"
#312750
0"
#312760
b1001 '
1"
#312770
0"
#312780
b0 '
1"
#312790
0"
#312800
1&
1!
b1 '
1(
1"
1#
#312810
0"
#312820
0&
b10 '
1)
1"
#312830
0"
#312840
b11 '
1"
#312850
0"
#312860
b100 '
1"
#312870
0"
#312880
b101 '
1"
#312890
0"
#312900
0!
b110 '
0(
1"
0#
#312910
0"
#312920
b111 '
0)
1"
#312930
0"
#312940
b1000 '
1"
#312950
0"
#312960
b1001 '
1"
#312970
0"
#312980
b0 '
1"
#312990
0"
#313000
1&
1!
b1 '
1(
1"
1#
#313010
0"
#313020
0&
b10 '
1)
1"
#313030
0"
#313040
b11 '
1"
#313050
0"
#313060
b100 '
1"
#313070
0"
#313080
b101 '
1"
#313090
0"
#313100
0!
b110 '
0(
1"
0#
#313110
0"
#313120
b111 '
0)
1"
#313130
0"
#313140
b1000 '
1"
#313150
0"
#313160
b1001 '
1"
#313170
0"
#313180
b0 '
1"
#313190
0"
#313200
1&
1!
b1 '
1(
1"
1#
#313210
0"
#313220
0&
b10 '
1)
1"
#313230
0"
#313240
b11 '
1"
#313250
0"
#313260
b100 '
1"
#313270
0"
#313280
b101 '
1"
#313290
0"
#313300
0!
b110 '
0(
1"
0#
#313310
0"
#313320
b111 '
0)
1"
#313330
0"
#313340
b1000 '
1"
#313350
0"
#313360
b1001 '
1"
#313370
0"
#313380
b0 '
1"
#313390
0"
#313400
1&
1!
b1 '
1(
1"
1#
#313410
0"
#313420
0&
b10 '
1)
1"
#313430
0"
#313440
b11 '
1"
#313450
0"
#313460
b100 '
1"
#313470
0"
#313480
b101 '
1"
#313490
0"
#313500
0!
b110 '
0(
1"
0#
#313510
0"
#313520
b111 '
0)
1"
#313530
0"
#313540
b1000 '
1"
#313550
0"
#313560
b1001 '
1"
#313570
0"
#313580
b0 '
1"
#313590
0"
#313600
1&
1!
b1 '
1(
1"
1#
#313610
0"
#313620
0&
b10 '
1)
1"
#313630
0"
#313640
b11 '
1"
#313650
0"
#313660
b100 '
1"
#313670
0"
#313680
b101 '
1"
#313690
0"
#313700
0!
b110 '
0(
1"
0#
#313710
0"
#313720
b111 '
0)
1"
#313730
0"
#313740
b1000 '
1"
#313750
0"
#313760
b1001 '
1"
#313770
0"
#313780
b0 '
1"
#313790
0"
#313800
1&
1!
b1 '
1(
1"
1#
#313810
0"
#313820
0&
b10 '
1)
1"
#313830
0"
#313840
b11 '
1"
#313850
0"
#313860
b100 '
1"
#313870
0"
#313880
b101 '
1"
#313890
0"
#313900
0!
b110 '
0(
1"
0#
#313910
0"
#313920
b111 '
0)
1"
#313930
0"
#313940
b1000 '
1"
#313950
0"
#313960
b1001 '
1"
#313970
0"
#313980
b0 '
1"
#313990
0"
#314000
1&
1!
b1 '
1(
1"
1#
#314010
0"
#314020
0&
b10 '
1)
1"
#314030
0"
#314040
b11 '
1"
#314050
0"
#314060
b100 '
1"
#314070
0"
#314080
b101 '
1"
#314090
0"
#314100
0!
b110 '
0(
1"
0#
#314110
0"
#314120
b111 '
0)
1"
#314130
0"
#314140
b1000 '
1"
#314150
0"
#314160
b1001 '
1"
#314170
0"
#314180
b0 '
1"
#314190
0"
#314200
1&
1!
b1 '
1(
1"
1#
#314210
0"
#314220
0&
b10 '
1)
1"
#314230
0"
#314240
b11 '
1"
#314250
0"
#314260
b100 '
1"
#314270
0"
#314280
b101 '
1"
#314290
0"
#314300
0!
b110 '
0(
1"
0#
#314310
0"
#314320
b111 '
0)
1"
#314330
0"
#314340
b1000 '
1"
#314350
0"
#314360
b1001 '
1"
#314370
0"
#314380
b0 '
1"
#314390
0"
#314400
1&
1!
b1 '
1(
1"
1#
#314410
0"
#314420
0&
b10 '
1)
1"
#314430
0"
#314440
b11 '
1"
#314450
0"
#314460
b100 '
1"
#314470
0"
#314480
b101 '
1"
#314490
0"
#314500
0!
b110 '
0(
1"
0#
#314510
0"
#314520
b111 '
0)
1"
#314530
0"
#314540
b1000 '
1"
#314550
0"
#314560
b1001 '
1"
#314570
0"
#314580
b0 '
1"
#314590
0"
#314600
1&
1!
b1 '
1(
1"
1#
#314610
0"
#314620
0&
b10 '
1)
1"
#314630
0"
#314640
b11 '
1"
#314650
0"
#314660
b100 '
1"
#314670
0"
#314680
b101 '
1"
#314690
0"
#314700
0!
b110 '
0(
1"
0#
#314710
0"
#314720
b111 '
0)
1"
#314730
0"
#314740
b1000 '
1"
#314750
0"
#314760
b1001 '
1"
#314770
0"
#314780
b0 '
1"
#314790
0"
#314800
1&
1!
b1 '
1(
1"
1#
#314810
0"
#314820
0&
b10 '
1)
1"
#314830
0"
#314840
b11 '
1"
#314850
0"
#314860
b100 '
1"
#314870
0"
#314880
b101 '
1"
#314890
0"
#314900
0!
b110 '
0(
1"
0#
#314910
0"
#314920
b111 '
0)
1"
#314930
0"
#314940
b1000 '
1"
#314950
0"
#314960
b1001 '
1"
#314970
0"
#314980
b0 '
1"
#314990
0"
#315000
1&
1!
b1 '
1(
1"
1#
#315010
0"
#315020
0&
b10 '
1)
1"
#315030
0"
#315040
b11 '
1"
#315050
0"
#315060
b100 '
1"
#315070
0"
#315080
b101 '
1"
#315090
0"
#315100
0!
b110 '
0(
1"
0#
#315110
0"
#315120
b111 '
0)
1"
#315130
0"
#315140
b1000 '
1"
#315150
0"
#315160
b1001 '
1"
#315170
0"
#315180
b0 '
1"
#315190
0"
#315200
1&
1!
b1 '
1(
1"
1#
#315210
0"
#315220
0&
b10 '
1)
1"
#315230
0"
#315240
b11 '
1"
#315250
0"
#315260
b100 '
1"
#315270
0"
#315280
b101 '
1"
#315290
0"
#315300
0!
b110 '
0(
1"
0#
#315310
0"
#315320
b111 '
0)
1"
#315330
0"
#315340
b1000 '
1"
#315350
0"
#315360
b1001 '
1"
#315370
0"
#315380
b0 '
1"
#315390
0"
#315400
1&
1!
b1 '
1(
1"
1#
#315410
0"
#315420
0&
b10 '
1)
1"
#315430
0"
#315440
b11 '
1"
#315450
0"
#315460
b100 '
1"
#315470
0"
#315480
b101 '
1"
#315490
0"
#315500
0!
b110 '
0(
1"
0#
#315510
0"
#315520
b111 '
0)
1"
#315530
0"
#315540
b1000 '
1"
#315550
0"
#315560
b1001 '
1"
#315570
0"
#315580
b0 '
1"
#315590
0"
#315600
1&
1!
b1 '
1(
1"
1#
#315610
0"
#315620
0&
b10 '
1)
1"
#315630
0"
#315640
b11 '
1"
#315650
0"
#315660
b100 '
1"
#315670
0"
#315680
b101 '
1"
#315690
0"
#315700
0!
b110 '
0(
1"
0#
#315710
0"
#315720
b111 '
0)
1"
#315730
0"
#315740
b1000 '
1"
#315750
0"
#315760
b1001 '
1"
#315770
0"
#315780
b0 '
1"
#315790
0"
#315800
1&
1!
b1 '
1(
1"
1#
#315810
0"
#315820
0&
b10 '
1)
1"
#315830
0"
#315840
b11 '
1"
#315850
0"
#315860
b100 '
1"
#315870
0"
#315880
b101 '
1"
#315890
0"
#315900
0!
b110 '
0(
1"
0#
#315910
0"
#315920
b111 '
0)
1"
#315930
0"
#315940
b1000 '
1"
#315950
0"
#315960
b1001 '
1"
#315970
0"
#315980
b0 '
1"
#315990
0"
#316000
1&
1!
b1 '
1(
1"
1#
#316010
0"
#316020
0&
b10 '
1)
1"
#316030
0"
#316040
b11 '
1"
#316050
0"
#316060
b100 '
1"
#316070
0"
#316080
b101 '
1"
#316090
0"
#316100
0!
b110 '
0(
1"
0#
#316110
0"
#316120
b111 '
0)
1"
#316130
0"
#316140
b1000 '
1"
#316150
0"
#316160
b1001 '
1"
#316170
0"
#316180
b0 '
1"
#316190
0"
#316200
1&
1!
b1 '
1(
1"
1#
#316210
0"
#316220
0&
b10 '
1)
1"
#316230
0"
#316240
b11 '
1"
#316250
0"
#316260
b100 '
1"
#316270
0"
#316280
b101 '
1"
#316290
0"
#316300
0!
b110 '
0(
1"
0#
#316310
0"
#316320
b111 '
0)
1"
#316330
0"
#316340
b1000 '
1"
#316350
0"
#316360
b1001 '
1"
#316370
0"
#316380
b0 '
1"
#316390
0"
#316400
1&
1!
b1 '
1(
1"
1#
#316410
0"
#316420
0&
b10 '
1)
1"
#316430
0"
#316440
b11 '
1"
#316450
0"
#316460
b100 '
1"
#316470
0"
#316480
b101 '
1"
#316490
0"
#316500
0!
b110 '
0(
1"
0#
#316510
0"
#316520
b111 '
0)
1"
#316530
0"
#316540
b1000 '
1"
#316550
0"
#316560
b1001 '
1"
#316570
0"
#316580
b0 '
1"
#316590
0"
#316600
1&
1!
b1 '
1(
1"
1#
#316610
0"
#316620
0&
b10 '
1)
1"
#316630
0"
#316640
b11 '
1"
#316650
0"
#316660
b100 '
1"
#316670
0"
#316680
b101 '
1"
#316690
0"
#316700
0!
b110 '
0(
1"
0#
#316710
0"
#316720
b111 '
0)
1"
#316730
0"
#316740
b1000 '
1"
#316750
0"
#316760
b1001 '
1"
#316770
0"
#316780
b0 '
1"
#316790
0"
#316800
1&
1!
b1 '
1(
1"
1#
#316810
0"
#316820
0&
b10 '
1)
1"
#316830
0"
#316840
b11 '
1"
#316850
0"
#316860
b100 '
1"
#316870
0"
#316880
b101 '
1"
#316890
0"
#316900
0!
b110 '
0(
1"
0#
#316910
0"
#316920
b111 '
0)
1"
#316930
0"
#316940
b1000 '
1"
#316950
0"
#316960
b1001 '
1"
#316970
0"
#316980
b0 '
1"
#316990
0"
#317000
1&
1!
b1 '
1(
1"
1#
#317010
0"
#317020
0&
b10 '
1)
1"
#317030
0"
#317040
b11 '
1"
#317050
0"
#317060
b100 '
1"
#317070
0"
#317080
b101 '
1"
#317090
0"
#317100
0!
b110 '
0(
1"
0#
#317110
0"
#317120
b111 '
0)
1"
#317130
0"
#317140
b1000 '
1"
#317150
0"
#317160
b1001 '
1"
#317170
0"
#317180
b0 '
1"
#317190
0"
#317200
1&
1!
b1 '
1(
1"
1#
#317210
0"
#317220
0&
b10 '
1)
1"
#317230
0"
#317240
b11 '
1"
#317250
0"
#317260
b100 '
1"
#317270
0"
#317280
b101 '
1"
#317290
0"
#317300
0!
b110 '
0(
1"
0#
#317310
0"
#317320
b111 '
0)
1"
#317330
0"
#317340
b1000 '
1"
#317350
0"
#317360
b1001 '
1"
#317370
0"
#317380
b0 '
1"
#317390
0"
#317400
1&
1!
b1 '
1(
1"
1#
#317410
0"
#317420
0&
b10 '
1)
1"
#317430
0"
#317440
b11 '
1"
#317450
0"
#317460
b100 '
1"
#317470
0"
#317480
b101 '
1"
#317490
0"
#317500
0!
b110 '
0(
1"
0#
#317510
0"
#317520
b111 '
0)
1"
#317530
0"
#317540
b1000 '
1"
#317550
0"
#317560
b1001 '
1"
#317570
0"
#317580
b0 '
1"
#317590
0"
#317600
1&
1!
b1 '
1(
1"
1#
#317610
0"
#317620
0&
b10 '
1)
1"
#317630
0"
#317640
b11 '
1"
#317650
0"
#317660
b100 '
1"
#317670
0"
#317680
b101 '
1"
#317690
0"
#317700
0!
b110 '
0(
1"
0#
#317710
0"
#317720
b111 '
0)
1"
#317730
0"
#317740
b1000 '
1"
#317750
0"
#317760
b1001 '
1"
#317770
0"
#317780
b0 '
1"
#317790
0"
#317800
1&
1!
b1 '
1(
1"
1#
#317810
0"
#317820
0&
b10 '
1)
1"
#317830
0"
#317840
b11 '
1"
#317850
0"
#317860
b100 '
1"
#317870
0"
#317880
b101 '
1"
#317890
0"
#317900
0!
b110 '
0(
1"
0#
#317910
0"
#317920
b111 '
0)
1"
#317930
0"
#317940
b1000 '
1"
#317950
0"
#317960
b1001 '
1"
#317970
0"
#317980
b0 '
1"
#317990
0"
#318000
1&
1!
b1 '
1(
1"
1#
#318010
0"
#318020
0&
b10 '
1)
1"
#318030
0"
#318040
b11 '
1"
#318050
0"
#318060
b100 '
1"
#318070
0"
#318080
b101 '
1"
#318090
0"
#318100
0!
b110 '
0(
1"
0#
#318110
0"
#318120
b111 '
0)
1"
#318130
0"
#318140
b1000 '
1"
#318150
0"
#318160
b1001 '
1"
#318170
0"
#318180
b0 '
1"
#318190
0"
#318200
1&
1!
b1 '
1(
1"
1#
#318210
0"
#318220
0&
b10 '
1)
1"
#318230
0"
#318240
b11 '
1"
#318250
0"
#318260
b100 '
1"
#318270
0"
#318280
b101 '
1"
#318290
0"
#318300
0!
b110 '
0(
1"
0#
#318310
0"
#318320
b111 '
0)
1"
#318330
0"
#318340
b1000 '
1"
#318350
0"
#318360
b1001 '
1"
#318370
0"
#318380
b0 '
1"
#318390
0"
#318400
1&
1!
b1 '
1(
1"
1#
#318410
0"
#318420
0&
b10 '
1)
1"
#318430
0"
#318440
b11 '
1"
#318450
0"
#318460
b100 '
1"
#318470
0"
#318480
b101 '
1"
#318490
0"
#318500
0!
b110 '
0(
1"
0#
#318510
0"
#318520
b111 '
0)
1"
#318530
0"
#318540
b1000 '
1"
#318550
0"
#318560
b1001 '
1"
#318570
0"
#318580
b0 '
1"
#318590
0"
#318600
1&
1!
b1 '
1(
1"
1#
#318610
0"
#318620
0&
b10 '
1)
1"
#318630
0"
#318640
b11 '
1"
#318650
0"
#318660
b100 '
1"
#318670
0"
#318680
b101 '
1"
#318690
0"
#318700
0!
b110 '
0(
1"
0#
#318710
0"
#318720
b111 '
0)
1"
#318730
0"
#318740
b1000 '
1"
#318750
0"
#318760
b1001 '
1"
#318770
0"
#318780
b0 '
1"
#318790
0"
#318800
1&
1!
b1 '
1(
1"
1#
#318810
0"
#318820
0&
b10 '
1)
1"
#318830
0"
#318840
b11 '
1"
#318850
0"
#318860
b100 '
1"
#318870
0"
#318880
b101 '
1"
#318890
0"
#318900
0!
b110 '
0(
1"
0#
#318910
0"
#318920
b111 '
0)
1"
#318930
0"
#318940
b1000 '
1"
#318950
0"
#318960
b1001 '
1"
#318970
0"
#318980
b0 '
1"
#318990
0"
#319000
1&
1!
b1 '
1(
1"
1#
#319010
0"
#319020
0&
b10 '
1)
1"
#319030
0"
#319040
b11 '
1"
#319050
0"
#319060
b100 '
1"
#319070
0"
#319080
b101 '
1"
#319090
0"
#319100
0!
b110 '
0(
1"
0#
#319110
0"
#319120
b111 '
0)
1"
#319130
0"
#319140
b1000 '
1"
#319150
0"
#319160
b1001 '
1"
#319170
0"
#319180
b0 '
1"
#319190
0"
#319200
1&
1!
b1 '
1(
1"
1#
#319210
0"
#319220
0&
b10 '
1)
1"
#319230
0"
#319240
b11 '
1"
#319250
0"
#319260
b100 '
1"
#319270
0"
#319280
b101 '
1"
#319290
0"
#319300
0!
b110 '
0(
1"
0#
#319310
0"
#319320
b111 '
0)
1"
#319330
0"
#319340
b1000 '
1"
#319350
0"
#319360
b1001 '
1"
#319370
0"
#319380
b0 '
1"
#319390
0"
#319400
1&
1!
b1 '
1(
1"
1#
#319410
0"
#319420
0&
b10 '
1)
1"
#319430
0"
#319440
b11 '
1"
#319450
0"
#319460
b100 '
1"
#319470
0"
#319480
b101 '
1"
#319490
0"
#319500
0!
b110 '
0(
1"
0#
#319510
0"
#319520
b111 '
0)
1"
#319530
0"
#319540
b1000 '
1"
#319550
0"
#319560
b1001 '
1"
#319570
0"
#319580
b0 '
1"
#319590
0"
#319600
1&
1!
b1 '
1(
1"
1#
#319610
0"
#319620
0&
b10 '
1)
1"
#319630
0"
#319640
b11 '
1"
#319650
0"
#319660
b100 '
1"
#319670
0"
#319680
b101 '
1"
#319690
0"
#319700
0!
b110 '
0(
1"
0#
#319710
0"
#319720
b111 '
0)
1"
#319730
0"
#319740
b1000 '
1"
#319750
0"
#319760
b1001 '
1"
#319770
0"
#319780
b0 '
1"
#319790
0"
#319800
1&
1!
b1 '
1(
1"
1#
#319810
0"
#319820
0&
b10 '
1)
1"
#319830
0"
#319840
b11 '
1"
#319850
0"
#319860
b100 '
1"
#319870
0"
#319880
b101 '
1"
#319890
0"
#319900
0!
b110 '
0(
1"
0#
#319910
0"
#319920
b111 '
0)
1"
#319930
0"
#319940
b1000 '
1"
#319950
0"
#319960
b1001 '
1"
#319970
0"
#319980
b0 '
1"
#319990
0"
#320000
1&
1!
b1 '
1(
1"
1#
#320010
0"
#320020
0&
b10 '
1)
1"
#320030
0"
#320040
b11 '
1"
#320050
0"
#320060
b100 '
1"
#320070
0"
#320080
b101 '
1"
#320090
0"
#320100
0!
b110 '
0(
1"
0#
#320110
0"
#320120
b111 '
0)
1"
#320130
0"
#320140
b1000 '
1"
#320150
0"
#320160
b1001 '
1"
#320170
0"
#320180
b0 '
1"
#320190
0"
#320200
1&
1!
b1 '
1(
1"
1#
#320210
0"
#320220
0&
b10 '
1)
1"
#320230
0"
#320240
b11 '
1"
#320250
0"
#320260
b100 '
1"
#320270
0"
#320280
b101 '
1"
#320290
0"
#320300
0!
b110 '
0(
1"
0#
#320310
0"
#320320
b111 '
0)
1"
#320330
0"
#320340
b1000 '
1"
#320350
0"
#320360
b1001 '
1"
#320370
0"
#320380
b0 '
1"
#320390
0"
#320400
1&
1!
b1 '
1(
1"
1#
#320410
0"
#320420
0&
b10 '
1)
1"
#320430
0"
#320440
b11 '
1"
#320450
0"
#320460
b100 '
1"
#320470
0"
#320480
b101 '
1"
#320490
0"
#320500
0!
b110 '
0(
1"
0#
#320510
0"
#320520
b111 '
0)
1"
#320530
0"
#320540
b1000 '
1"
#320550
0"
#320560
b1001 '
1"
#320570
0"
#320580
b0 '
1"
#320590
0"
#320600
1&
1!
b1 '
1(
1"
1#
#320610
0"
#320620
0&
b10 '
1)
1"
#320630
0"
#320640
b11 '
1"
#320650
0"
#320660
b100 '
1"
#320670
0"
#320680
b101 '
1"
#320690
0"
#320700
0!
b110 '
0(
1"
0#
#320710
0"
#320720
b111 '
0)
1"
#320730
0"
#320740
b1000 '
1"
#320750
0"
#320760
b1001 '
1"
#320770
0"
#320780
b0 '
1"
#320790
0"
#320800
1&
1!
b1 '
1(
1"
1#
#320810
0"
#320820
0&
b10 '
1)
1"
#320830
0"
#320840
b11 '
1"
#320850
0"
#320860
b100 '
1"
#320870
0"
#320880
b101 '
1"
#320890
0"
#320900
0!
b110 '
0(
1"
0#
#320910
0"
#320920
b111 '
0)
1"
#320930
0"
#320940
b1000 '
1"
#320950
0"
#320960
b1001 '
1"
#320970
0"
#320980
b0 '
1"
#320990
0"
#321000
1&
1!
b1 '
1(
1"
1#
#321010
0"
#321020
0&
b10 '
1)
1"
#321030
0"
#321040
b11 '
1"
#321050
0"
#321060
b100 '
1"
#321070
0"
#321080
b101 '
1"
#321090
0"
#321100
0!
b110 '
0(
1"
0#
#321110
0"
#321120
b111 '
0)
1"
#321130
0"
#321140
b1000 '
1"
#321150
0"
#321160
b1001 '
1"
#321170
0"
#321180
b0 '
1"
#321190
0"
#321200
1&
1!
b1 '
1(
1"
1#
#321210
0"
#321220
0&
b10 '
1)
1"
#321230
0"
#321240
b11 '
1"
#321250
0"
#321260
b100 '
1"
#321270
0"
#321280
b101 '
1"
#321290
0"
#321300
0!
b110 '
0(
1"
0#
#321310
0"
#321320
b111 '
0)
1"
#321330
0"
#321340
b1000 '
1"
#321350
0"
#321360
b1001 '
1"
#321370
0"
#321380
b0 '
1"
#321390
0"
#321400
1&
1!
b1 '
1(
1"
1#
#321410
0"
#321420
0&
b10 '
1)
1"
#321430
0"
#321440
b11 '
1"
#321450
0"
#321460
b100 '
1"
#321470
0"
#321480
b101 '
1"
#321490
0"
#321500
0!
b110 '
0(
1"
0#
#321510
0"
#321520
b111 '
0)
1"
#321530
0"
#321540
b1000 '
1"
#321550
0"
#321560
b1001 '
1"
#321570
0"
#321580
b0 '
1"
#321590
0"
#321600
1&
1!
b1 '
1(
1"
1#
#321610
0"
#321620
0&
b10 '
1)
1"
#321630
0"
#321640
b11 '
1"
#321650
0"
#321660
b100 '
1"
#321670
0"
#321680
b101 '
1"
#321690
0"
#321700
0!
b110 '
0(
1"
0#
#321710
0"
#321720
b111 '
0)
1"
#321730
0"
#321740
b1000 '
1"
#321750
0"
#321760
b1001 '
1"
#321770
0"
#321780
b0 '
1"
#321790
0"
#321800
1&
1!
b1 '
1(
1"
1#
#321810
0"
#321820
0&
b10 '
1)
1"
#321830
0"
#321840
b11 '
1"
#321850
0"
#321860
b100 '
1"
#321870
0"
#321880
b101 '
1"
#321890
0"
#321900
0!
b110 '
0(
1"
0#
#321910
0"
#321920
b111 '
0)
1"
#321930
0"
#321940
b1000 '
1"
#321950
0"
#321960
b1001 '
1"
#321970
0"
#321980
b0 '
1"
#321990
0"
#322000
1&
1!
b1 '
1(
1"
1#
#322010
0"
#322020
0&
b10 '
1)
1"
#322030
0"
#322040
b11 '
1"
#322050
0"
#322060
b100 '
1"
#322070
0"
#322080
b101 '
1"
#322090
0"
#322100
0!
b110 '
0(
1"
0#
#322110
0"
#322120
b111 '
0)
1"
#322130
0"
#322140
b1000 '
1"
#322150
0"
#322160
b1001 '
1"
#322170
0"
#322180
b0 '
1"
#322190
0"
#322200
1&
1!
b1 '
1(
1"
1#
#322210
0"
#322220
0&
b10 '
1)
1"
#322230
0"
#322240
b11 '
1"
#322250
0"
#322260
b100 '
1"
#322270
0"
#322280
b101 '
1"
#322290
0"
#322300
0!
b110 '
0(
1"
0#
#322310
0"
#322320
b111 '
0)
1"
#322330
0"
#322340
b1000 '
1"
#322350
0"
#322360
b1001 '
1"
#322370
0"
#322380
b0 '
1"
#322390
0"
#322400
1&
1!
b1 '
1(
1"
1#
#322410
0"
#322420
0&
b10 '
1)
1"
#322430
0"
#322440
b11 '
1"
#322450
0"
#322460
b100 '
1"
#322470
0"
#322480
b101 '
1"
#322490
0"
#322500
0!
b110 '
0(
1"
0#
#322510
0"
#322520
b111 '
0)
1"
#322530
0"
#322540
b1000 '
1"
#322550
0"
#322560
b1001 '
1"
#322570
0"
#322580
b0 '
1"
#322590
0"
#322600
1&
1!
b1 '
1(
1"
1#
#322610
0"
#322620
0&
b10 '
1)
1"
#322630
0"
#322640
b11 '
1"
#322650
0"
#322660
b100 '
1"
#322670
0"
#322680
b101 '
1"
#322690
0"
#322700
0!
b110 '
0(
1"
0#
#322710
0"
#322720
b111 '
0)
1"
#322730
0"
#322740
b1000 '
1"
#322750
0"
#322760
b1001 '
1"
#322770
0"
#322780
b0 '
1"
#322790
0"
#322800
1&
1!
b1 '
1(
1"
1#
#322810
0"
#322820
0&
b10 '
1)
1"
#322830
0"
#322840
b11 '
1"
#322850
0"
#322860
b100 '
1"
#322870
0"
#322880
b101 '
1"
#322890
0"
#322900
0!
b110 '
0(
1"
0#
#322910
0"
#322920
b111 '
0)
1"
#322930
0"
#322940
b1000 '
1"
#322950
0"
#322960
b1001 '
1"
#322970
0"
#322980
b0 '
1"
#322990
0"
#323000
1&
1!
b1 '
1(
1"
1#
#323010
0"
#323020
0&
b10 '
1)
1"
#323030
0"
#323040
b11 '
1"
#323050
0"
#323060
b100 '
1"
#323070
0"
#323080
b101 '
1"
#323090
0"
#323100
0!
b110 '
0(
1"
0#
#323110
0"
#323120
b111 '
0)
1"
#323130
0"
#323140
b1000 '
1"
#323150
0"
#323160
b1001 '
1"
#323170
0"
#323180
b0 '
1"
#323190
0"
#323200
1&
1!
b1 '
1(
1"
1#
#323210
0"
#323220
0&
b10 '
1)
1"
#323230
0"
#323240
b11 '
1"
#323250
0"
#323260
b100 '
1"
#323270
0"
#323280
b101 '
1"
#323290
0"
#323300
0!
b110 '
0(
1"
0#
#323310
0"
#323320
b111 '
0)
1"
#323330
0"
#323340
b1000 '
1"
#323350
0"
#323360
b1001 '
1"
#323370
0"
#323380
b0 '
1"
#323390
0"
#323400
1&
1!
b1 '
1(
1"
1#
#323410
0"
#323420
0&
b10 '
1)
1"
#323430
0"
#323440
b11 '
1"
#323450
0"
#323460
b100 '
1"
#323470
0"
#323480
b101 '
1"
#323490
0"
#323500
0!
b110 '
0(
1"
0#
#323510
0"
#323520
b111 '
0)
1"
#323530
0"
#323540
b1000 '
1"
#323550
0"
#323560
b1001 '
1"
#323570
0"
#323580
b0 '
1"
#323590
0"
#323600
1&
1!
b1 '
1(
1"
1#
#323610
0"
#323620
0&
b10 '
1)
1"
#323630
0"
#323640
b11 '
1"
#323650
0"
#323660
b100 '
1"
#323670
0"
#323680
b101 '
1"
#323690
0"
#323700
0!
b110 '
0(
1"
0#
#323710
0"
#323720
b111 '
0)
1"
#323730
0"
#323740
b1000 '
1"
#323750
0"
#323760
b1001 '
1"
#323770
0"
#323780
b0 '
1"
#323790
0"
#323800
1&
1!
b1 '
1(
1"
1#
#323810
0"
#323820
0&
b10 '
1)
1"
#323830
0"
#323840
b11 '
1"
#323850
0"
#323860
b100 '
1"
#323870
0"
#323880
b101 '
1"
#323890
0"
#323900
0!
b110 '
0(
1"
0#
#323910
0"
#323920
b111 '
0)
1"
#323930
0"
#323940
b1000 '
1"
#323950
0"
#323960
b1001 '
1"
#323970
0"
#323980
b0 '
1"
#323990
0"
#324000
1&
1!
b1 '
1(
1"
1#
#324010
0"
#324020
0&
b10 '
1)
1"
#324030
0"
#324040
b11 '
1"
#324050
0"
#324060
b100 '
1"
#324070
0"
#324080
b101 '
1"
#324090
0"
#324100
0!
b110 '
0(
1"
0#
#324110
0"
#324120
b111 '
0)
1"
#324130
0"
#324140
b1000 '
1"
#324150
0"
#324160
b1001 '
1"
#324170
0"
#324180
b0 '
1"
#324190
0"
#324200
1&
1!
b1 '
1(
1"
1#
#324210
0"
#324220
0&
b10 '
1)
1"
#324230
0"
#324240
b11 '
1"
#324250
0"
#324260
b100 '
1"
#324270
0"
#324280
b101 '
1"
#324290
0"
#324300
0!
b110 '
0(
1"
0#
#324310
0"
#324320
b111 '
0)
1"
#324330
0"
#324340
b1000 '
1"
#324350
0"
#324360
b1001 '
1"
#324370
0"
#324380
b0 '
1"
#324390
0"
#324400
1&
1!
b1 '
1(
1"
1#
#324410
0"
#324420
0&
b10 '
1)
1"
#324430
0"
#324440
b11 '
1"
#324450
0"
#324460
b100 '
1"
#324470
0"
#324480
b101 '
1"
#324490
0"
#324500
0!
b110 '
0(
1"
0#
#324510
0"
#324520
b111 '
0)
1"
#324530
0"
#324540
b1000 '
1"
#324550
0"
#324560
b1001 '
1"
#324570
0"
#324580
b0 '
1"
#324590
0"
#324600
1&
1!
b1 '
1(
1"
1#
#324610
0"
#324620
0&
b10 '
1)
1"
#324630
0"
#324640
b11 '
1"
#324650
0"
#324660
b100 '
1"
#324670
0"
#324680
b101 '
1"
#324690
0"
#324700
0!
b110 '
0(
1"
0#
#324710
0"
#324720
b111 '
0)
1"
#324730
0"
#324740
b1000 '
1"
#324750
0"
#324760
b1001 '
1"
#324770
0"
#324780
b0 '
1"
#324790
0"
#324800
1&
1!
b1 '
1(
1"
1#
#324810
0"
#324820
0&
b10 '
1)
1"
#324830
0"
#324840
b11 '
1"
#324850
0"
#324860
b100 '
1"
#324870
0"
#324880
b101 '
1"
#324890
0"
#324900
0!
b110 '
0(
1"
0#
#324910
0"
#324920
b111 '
0)
1"
#324930
0"
#324940
b1000 '
1"
#324950
0"
#324960
b1001 '
1"
#324970
0"
#324980
b0 '
1"
#324990
0"
#325000
1&
1!
b1 '
1(
1"
1#
#325010
0"
#325020
0&
b10 '
1)
1"
#325030
0"
#325040
b11 '
1"
#325050
0"
#325060
b100 '
1"
#325070
0"
#325080
b101 '
1"
#325090
0"
#325100
0!
b110 '
0(
1"
0#
#325110
0"
#325120
b111 '
0)
1"
#325130
0"
#325140
b1000 '
1"
#325150
0"
#325160
b1001 '
1"
#325170
0"
#325180
b0 '
1"
#325190
0"
#325200
1&
1!
b1 '
1(
1"
1#
#325210
0"
#325220
0&
b10 '
1)
1"
#325230
0"
#325240
b11 '
1"
#325250
0"
#325260
b100 '
1"
#325270
0"
#325280
b101 '
1"
#325290
0"
#325300
0!
b110 '
0(
1"
0#
#325310
0"
#325320
b111 '
0)
1"
#325330
0"
#325340
b1000 '
1"
#325350
0"
#325360
b1001 '
1"
#325370
0"
#325380
b0 '
1"
#325390
0"
#325400
1&
1!
b1 '
1(
1"
1#
#325410
0"
#325420
0&
b10 '
1)
1"
#325430
0"
#325440
b11 '
1"
#325450
0"
#325460
b100 '
1"
#325470
0"
#325480
b101 '
1"
#325490
0"
#325500
0!
b110 '
0(
1"
0#
#325510
0"
#325520
b111 '
0)
1"
#325530
0"
#325540
b1000 '
1"
#325550
0"
#325560
b1001 '
1"
#325570
0"
#325580
b0 '
1"
#325590
0"
#325600
1&
1!
b1 '
1(
1"
1#
#325610
0"
#325620
0&
b10 '
1)
1"
#325630
0"
#325640
b11 '
1"
#325650
0"
#325660
b100 '
1"
#325670
0"
#325680
b101 '
1"
#325690
0"
#325700
0!
b110 '
0(
1"
0#
#325710
0"
#325720
b111 '
0)
1"
#325730
0"
#325740
b1000 '
1"
#325750
0"
#325760
b1001 '
1"
#325770
0"
#325780
b0 '
1"
#325790
0"
#325800
1&
1!
b1 '
1(
1"
1#
#325810
0"
#325820
0&
b10 '
1)
1"
#325830
0"
#325840
b11 '
1"
#325850
0"
#325860
b100 '
1"
#325870
0"
#325880
b101 '
1"
#325890
0"
#325900
0!
b110 '
0(
1"
0#
#325910
0"
#325920
b111 '
0)
1"
#325930
0"
#325940
b1000 '
1"
#325950
0"
#325960
b1001 '
1"
#325970
0"
#325980
b0 '
1"
#325990
0"
#326000
1&
1!
b1 '
1(
1"
1#
#326010
0"
#326020
0&
b10 '
1)
1"
#326030
0"
#326040
b11 '
1"
#326050
0"
#326060
b100 '
1"
#326070
0"
#326080
b101 '
1"
#326090
0"
#326100
0!
b110 '
0(
1"
0#
#326110
0"
#326120
b111 '
0)
1"
#326130
0"
#326140
b1000 '
1"
#326150
0"
#326160
b1001 '
1"
#326170
0"
#326180
b0 '
1"
#326190
0"
#326200
1&
1!
b1 '
1(
1"
1#
#326210
0"
#326220
0&
b10 '
1)
1"
#326230
0"
#326240
b11 '
1"
#326250
0"
#326260
b100 '
1"
#326270
0"
#326280
b101 '
1"
#326290
0"
#326300
0!
b110 '
0(
1"
0#
#326310
0"
#326320
b111 '
0)
1"
#326330
0"
#326340
b1000 '
1"
#326350
0"
#326360
b1001 '
1"
#326370
0"
#326380
b0 '
1"
#326390
0"
#326400
1&
1!
b1 '
1(
1"
1#
#326410
0"
#326420
0&
b10 '
1)
1"
#326430
0"
#326440
b11 '
1"
#326450
0"
#326460
b100 '
1"
#326470
0"
#326480
b101 '
1"
#326490
0"
#326500
0!
b110 '
0(
1"
0#
#326510
0"
#326520
b111 '
0)
1"
#326530
0"
#326540
b1000 '
1"
#326550
0"
#326560
b1001 '
1"
#326570
0"
#326580
b0 '
1"
#326590
0"
#326600
1&
1!
b1 '
1(
1"
1#
#326610
0"
#326620
0&
b10 '
1)
1"
#326630
0"
#326640
b11 '
1"
#326650
0"
#326660
b100 '
1"
#326670
0"
#326680
b101 '
1"
#326690
0"
#326700
0!
b110 '
0(
1"
0#
#326710
0"
#326720
b111 '
0)
1"
#326730
0"
#326740
b1000 '
1"
#326750
0"
#326760
b1001 '
1"
#326770
0"
#326780
b0 '
1"
#326790
0"
#326800
1&
1!
b1 '
1(
1"
1#
#326810
0"
#326820
0&
b10 '
1)
1"
#326830
0"
#326840
b11 '
1"
#326850
0"
#326860
b100 '
1"
#326870
0"
#326880
b101 '
1"
#326890
0"
#326900
0!
b110 '
0(
1"
0#
#326910
0"
#326920
b111 '
0)
1"
#326930
0"
#326940
b1000 '
1"
#326950
0"
#326960
b1001 '
1"
#326970
0"
#326980
b0 '
1"
#326990
0"
#327000
1&
1!
b1 '
1(
1"
1#
#327010
0"
#327020
0&
b10 '
1)
1"
#327030
0"
#327040
b11 '
1"
#327050
0"
#327060
b100 '
1"
#327070
0"
#327080
b101 '
1"
#327090
0"
#327100
0!
b110 '
0(
1"
0#
#327110
0"
#327120
b111 '
0)
1"
#327130
0"
#327140
b1000 '
1"
#327150
0"
#327160
b1001 '
1"
#327170
0"
#327180
b0 '
1"
#327190
0"
#327200
1&
1!
b1 '
1(
1"
1#
#327210
0"
#327220
0&
b10 '
1)
1"
#327230
0"
#327240
b11 '
1"
#327250
0"
#327260
b100 '
1"
#327270
0"
#327280
b101 '
1"
#327290
0"
#327300
0!
b110 '
0(
1"
0#
#327310
0"
#327320
b111 '
0)
1"
#327330
0"
#327340
b1000 '
1"
#327350
0"
#327360
b1001 '
1"
#327370
0"
#327380
b0 '
1"
#327390
0"
#327400
1&
1!
b1 '
1(
1"
1#
#327410
0"
#327420
0&
b10 '
1)
1"
#327430
0"
#327440
b11 '
1"
#327450
0"
#327460
b100 '
1"
#327470
0"
#327480
b101 '
1"
#327490
0"
#327500
0!
b110 '
0(
1"
0#
#327510
0"
#327520
b111 '
0)
1"
#327530
0"
#327540
b1000 '
1"
#327550
0"
#327560
b1001 '
1"
#327570
0"
#327580
b0 '
1"
#327590
0"
#327600
1&
1!
b1 '
1(
1"
1#
#327610
0"
#327620
0&
b10 '
1)
1"
#327630
0"
#327640
b11 '
1"
#327650
0"
#327660
b100 '
1"
#327670
0"
#327680
b101 '
1"
